frequency_ghz,port1_rl_db,port2_rl_db,port3_rl_db,port4_rl_db
2.000000000000000000e+00,9.109449916037904771e+00,9.079007425054012259e+00,9.820474110036458981e+00,1.013217510608065908e+01
2.000299930572509766e+00,9.077873480152284458e+00,9.043437913477527346e+00,9.778694401147413728e+00,1.009235889885914439e+01
2.000600099563598633e+00,9.046472796713548092e+00,9.008128521401436828e+00,9.737256112409053088e+00,1.005280664804597279e+01
2.000900030136108398e+00,9.015248261787775164e+00,8.973077398472087296e+00,9.696154120210131566e+00,1.001351417347676964e+01
2.001199960708618164e+00,8.984199490478683714e+00,8.938278168174509375e+00,9.655387155723568426e+00,9.974480755822140665e+00
2.001499891281127930e+00,8.953320817318905611e+00,8.903736234328516019e+00,9.614944061852744639e+00,9.935703891181473679e+00
2.001800060272216797e+00,8.922621104045539653e+00,8.869444027680355447e+00,9.574831468675826684e+00,9.897182485690397158e+00
2.002099990844726562e+00,8.892088733547488744e+00,8.835398139271795515e+00,9.535036959723338867e+00,9.858915246599313065e+00
2.002399921417236328e+00,8.861729279667216019e+00,8.801596894043301589e+00,9.495561142068206451e+00,9.820899942881114342e+00
2.002700090408325195e+00,8.831544514896302545e+00,8.768040929151233343e+00,9.456398654738073617e+00,9.783132149605428651e+00
2.003000020980834961e+00,8.801524792404295638e+00,8.734727680299235075e+00,9.417549808138774736e+00,9.745612682941132476e+00
2.003299951553344727e+00,8.771675823838533503e+00,8.701652569425533557e+00,9.379009038851629398e+00,9.708338275377981219e+00
2.003599882125854492e+00,8.741994887755025090e+00,8.668815506152133921e+00,9.340770755513339907e+00,9.671308884493829083e+00
2.003900051116943359e+00,8.712479381903472486e+00,8.636210854432903261e+00,9.302830456862864139e+00,9.634520156362594179e+00
2.004199981689453125e+00,8.683131976303036126e+00,8.603840881467853308e+00,9.265191001862602249e+00,9.597975095977828275e+00
2.004499912261962891e+00,8.653951917248246417e+00,8.571701857212643105e+00,9.227844389282761739e+00,9.561666128766857398e+00
2.004800081253051758e+00,8.624933106727210586e+00,8.539789603525941075e+00,9.190788571283198038e+00,9.525591255136566460e+00
2.005100011825561523e+00,8.596079913769047565e+00,8.508105646773051589e+00,9.154020202447716414e+00,9.489753959766110469e+00
2.005399942398071289e+00,8.567389108227771999e+00,8.476645527938908131e+00,9.117535891881802357e+00,9.454147636097903984e+00
2.005700111389160156e+00,8.538860195024623678e+00,8.445407591515310841e+00,9.081332762793698166e+00,9.418772600127006456e+00
2.006000041961669922e+00,8.510495876304585039e+00,8.414390580205315828e+00,9.045409197026470949e+00,9.383628389040952200e+00
2.006299972534179688e+00,8.482287901895201543e+00,8.383588440082828441e+00,9.009760339030538745e+00,9.348712676809052269e+00
2.006599903106689453e+00,8.454240790704847797e+00,8.353009114784297751e+00,8.974386243608988067e+00,9.314021087191459713e+00
2.006900072097778320e+00,8.426352442814966537e+00,8.322638623523850754e+00,8.939276221270395340e+00,9.279553952483928114e+00
2.007200002670288086e+00,8.398621565659549759e+00,8.292481234502233178e+00,8.904437196189059378e+00,9.245307346281357752e+00
2.007499933242797852e+00,8.371048379329611322e+00,8.262537239038303838e+00,8.869859233751443028e+00,9.211284100933687213e+00
2.007800102233886719e+00,8.343631333167184749e+00,8.232801435330411977e+00,8.835542509128261557e+00,9.177479682231615143e+00
2.008100032806396484e+00,8.316370107438650905e+00,8.203271955182138697e+00,8.801485246564912046e+00,9.143891068559049984e+00
2.008399963378906250e+00,8.289262509309144988e+00,8.173946341117829917e+00,8.767683700381972756e+00,9.110518941003309834e+00
2.008699893951416016e+00,8.262310952937241382e+00,8.144825305998535825e+00,8.734132038728631642e+00,9.077360690505432927e+00
2.009000062942504883e+00,8.235509067847498699e+00,8.115904834237994692e+00,8.700832507794693527e+00,9.044415248731569434e+00
2.009299993515014648e+00,8.208861976278189587e+00,8.087183549824743523e+00,8.667778284519947363e+00,9.011677934672801982e+00
2.009599924087524414e+00,8.182363099526103412e+00,8.058660678002045330e+00,8.634969565300337990e+00,8.979152378632257125e+00
2.009900093078613281e+00,8.156017243165893049e+00,8.030333697055251463e+00,8.602401998416389972e+00,8.946834293827910400e+00
2.010200023651123047e+00,8.129820710495437197e+00,8.002202749506997392e+00,8.570075026922532757e+00,8.914720987812911446e+00
2.010499954223632812e+00,8.103773168176127584e+00,7.974262063043520143e+00,8.537985853606267383e+00,8.882812954933260841e+00
2.010799884796142578e+00,8.077874814218693800e+00,7.946512427346727137e+00,8.506132579139771721e+00,8.851106094002455293e+00
2.011100053787231445e+00,8.052122386468623105e+00,7.918952955790979686e+00,8.474508449068105520e+00,8.819602659214243801e+00
2.011399984359741211e+00,8.026514708866493208e+00,7.891579681351564624e+00,8.443116253017100448e+00,8.788295978021057664e+00
2.011699914932250977e+00,8.001055696908457193e+00,7.864394320462571919e+00,8.411949349642432239e+00,8.757191395053782301e+00
2.012000083923339844e+00,7.975740856047971228e+00,7.837391633247003497e+00,8.381010388666844335e+00,8.726281068952562947e+00
2.012300014495849609e+00,7.950568014881471690e+00,7.810572856845600320e+00,8.350293127017682338e+00,8.695564174712647088e+00
2.012599945068359375e+00,7.925539226280264415e+00,7.783935537868089227e+00,8.319795001765879050e+00,8.665044475182730466e+00
2.012900114059448242e+00,7.900654337581107356e+00,7.757477134924593898e+00,8.289516906824601961e+00,8.634716587210288452e+00
2.013200044631958008e+00,7.875910124431405812e+00,7.731195318570085462e+00,8.259454049644418205e+00,8.604577706063459175e+00
2.013499975204467773e+00,7.851305992290715352e+00,7.705091634629752662e+00,8.229605400999544074e+00,8.574629466856357851e+00
2.013799905776977539e+00,7.826843277661276410e+00,7.679160284577904783e+00,8.199968807190243680e+00,8.544865600470890499e+00
2.014100074768066406e+00,7.802519023189261382e+00,7.653404130452088339e+00,8.170541435080533432e+00,8.515292100182156432e+00
2.014400005340576172e+00,7.778334562903096661e+00,7.627820391096551411e+00,8.141323120369836630e+00,8.485902094317596678e+00
2.014699935913085938e+00,7.754287866907101368e+00,7.602405315216414827e+00,8.112309461871470617e+00,8.456697111452074367e+00
2.015000104904174805e+00,7.730376995164739640e+00,7.577160731358654644e+00,8.083498994267856119e+00,8.427672793479890956e+00
2.015300035476684570e+00,7.706601318400028156e+00,7.552081407923970424e+00,8.054889727138618838e+00,8.398831427393858462e+00
2.015599966049194336e+00,7.682963573861862905e+00,7.527171113042290251e+00,8.026479327719899359e+00,8.370169454168159717e+00
2.015899896621704102e+00,7.659458496687876483e+00,7.502423351857424372e+00,7.998267102617786506e+00,8.341682244088634235e+00
2.016200065612792969e+00,7.636089510315736462e+00,7.477838992306066856e+00,7.970252550905825295e+00,8.313376088409448528e+00
2.016499996185302734e+00,7.612851230787565981e+00,7.453415468776285024e+00,7.942430664268117724e+00,8.285241953689689964e+00
2.016799926757812500e+00,7.589745089751805729e+00,7.429154203259383138e+00,7.914799504239734773e+00,8.257282999941587320e+00
2.017100095748901367e+00,7.566772270901836350e+00,7.405050285921193520e+00,7.887358170572065674e+00,8.229498156449487567e+00
2.017400026321411133e+00,7.543930746004918753e+00,7.381104012842381934e+00,7.860106536827836443e+00,8.201886294809504818e+00
2.017699956893920898e+00,7.521218922320588973e+00,7.357316323905880751e+00,7.833039236251440940e+00,8.174442097976999833e+00
2.017999887466430664e+00,7.498636688331098199e+00,7.333680318357557404e+00,7.806158229823084937e+00,8.147169505971218584e+00
2.018300056457519531e+00,7.476184013118462701e+00,7.310200579747418992e+00,7.779458405782785135e+00,8.120063352083574770e+00
2.018599987030029297e+00,7.453858043072062678e+00,7.286869170844251897e+00,7.752941731778431489e+00,8.093123720943939503e+00
2.018899917602539062e+00,7.431658047862185867e+00,7.263693409996728079e+00,7.726601988250322961e+00,8.066350067997875684e+00
2.019200086593627930e+00,7.409586493967358578e+00,7.240664458637988687e+00,7.700442361875655450e+00,8.039739870968890756e+00
2.019500017166137695e+00,7.387638890001673175e+00,7.217786205506499186e+00,7.674455777299118431e+00,8.013294422872066392e+00
2.019799947738647461e+00,7.365819484074070722e+00,7.195053865363185253e+00,7.648646813786209364e+00,7.987010703974770642e+00
2.020100116729736328e+00,7.344121009428681290e+00,7.172466574030630149e+00,7.623006944579168831e+00,7.960886522953977362e+00
2.020400047302246094e+00,7.322547237028448563e+00,7.150024802357086706e+00,7.597540582906765039e+00,7.934923261052225563e+00
2.020699977874755859e+00,7.301099318336865096e+00,7.127725783695495920e+00,7.572242718560212360e+00,7.909118144389701399e+00
2.020999908447265625e+00,7.279768959776651727e+00,7.105571531912041827e+00,7.547112629513942572e+00,7.883469290986502287e+00
2.021300077438354492e+00,7.258561452966871386e+00,7.083555527604080027e+00,7.522149285301106048e+00,7.857978202099168641e+00
2.021600008010864258e+00,7.237474792115263789e+00,7.061680215905586699e+00,7.497352060711436117e+00,7.832640537521778690e+00
2.021899938583374023e+00,7.216507472917373711e+00,7.039944129064249267e+00,7.472714472036017241e+00,7.807456452353655152e+00
2.022200107574462891e+00,7.195661209803319025e+00,7.018345301752245469e+00,7.448241164784366930e+00,7.782427316881435075e+00
2.022500038146972656e+00,7.174932269213055491e+00,6.996882629978601109e+00,7.423927585343620628e+00,7.757549642933319944e+00
2.022799968719482422e+00,7.154322268559456077e+00,6.975554911869074282e+00,7.399775462694336170e+00,7.732819806221998604e+00
2.023099899291992188e+00,7.133828749644869127e+00,6.954363706158092739e+00,7.375777213834745716e+00,7.708241835747889681e+00
2.023400068283081055e+00,7.113451233184889588e+00,6.933304070483842452e+00,7.351937650835006721e+00,7.683812650678907730e+00
2.023699998855590820e+00,7.093190343757191485e+00,6.912375652203693654e+00,7.328248459640697376e+00,7.659529707620931660e+00
2.023999929428100586e+00,7.073043310979069354e+00,6.891579423663404036e+00,7.304715996803350819e+00,7.635394329844077177e+00
2.024300098419189453e+00,7.053012319420361997e+00,6.870911270264086212e+00,7.281334691155167071e+00,7.611403925863112541e+00
2.024600028991699219e+00,7.033095621313069756e+00,6.850372405213001059e+00,7.258103868466356801e+00,7.587557195760973094e+00
2.024899959564208984e+00,7.013289459637137568e+00,6.829962100294423522e+00,7.235023880107346095e+00,7.563853718791053282e+00
2.025199890136718750e+00,6.993597958029356576e+00,6.809677003511832361e+00,7.212089535844273591e+00,7.540293874186555279e+00
2.025500059127807617e+00,6.974018136055379458e+00,6.789517535579293828e+00,7.189301326181674057e+00,7.516874859606152981e+00
2.025799989700317383e+00,6.954547297725508059e+00,6.769485058093809293e+00,7.166658955988350677e+00,7.493598335056422144e+00
2.026099920272827148e+00,6.935189847808187480e+00,6.749574373671340943e+00,7.144160650174953275e+00,7.470455405105365543e+00
2.026400089263916016e+00,6.915939596253957156e+00,6.729784361074541366e+00,7.121805905019828131e+00,7.447455424880278230e+00
2.026700019836425781e+00,6.896800301761657259e+00,6.710118831506363790e+00,7.099593217765651332e+00,7.424591906894607796e+00
2.026999950408935547e+00,6.877767008828598705e+00,6.690571648552779749e+00,7.077519373315263707e+00,7.401863961928779823e+00
2.027299880981445312e+00,6.858844782525377326e+00,6.671146226691701209e+00,7.055586271406212084e+00,7.379273553979769140e+00
2.027600049972534180e+00,6.840026877445173348e+00,6.651838151569227975e+00,7.033789168779325252e+00,7.356818461320404623e+00
2.027899980545043945e+00,6.821317528249334572e+00,6.632646129326738915e+00,7.012129446332644456e+00,7.334493580829734682e+00
2.028199911117553711e+00,6.802712928213281884e+00,6.613573715337484060e+00,6.990605367569409978e+00,7.312304213731729341e+00
2.028500080108642578e+00,6.784213369502817059e+00,6.594615405816208309e+00,6.969215634072547516e+00,7.290244987342408223e+00
2.028800010681152344e+00,6.765817247408875801e+00,6.575771014528577041e+00,6.947959111322859371e+00,7.268317722048488250e+00
2.029099941253662109e+00,6.747526883114149499e+00,6.557042365401178685e+00,6.926832093466583018e+00,7.246519930690706879e+00
2.029400110244750977e+00,6.729339659839297383e+00,6.538425741842031513e+00,6.905841377550774318e+00,7.224852681530195220e+00
2.029700040817260742e+00,6.711253943958319645e+00,6.519920185192194850e+00,6.884977816945351492e+00,7.203313319530205483e+00
2.029999971389770508e+00,6.693273005613711746e+00,6.501528056562577262e+00,6.864242652557011937e+00,7.181900522018349164e+00
2.030299901962280273e+00,6.675391961998816015e+00,6.483244010564433779e+00,6.843634679661593445e+00,7.160613908904673863e+00
2.030600070953369141e+00,6.657610418502403427e+00,6.465069703005404733e+00,6.823157805025528155e+00,7.139455247112861613e+00
2.030900001525878906e+00,6.639930082175009574e+00,6.447004057946912781e+00,6.802802923511475974e+00,7.118420421718193225e+00
2.031199932098388672e+00,6.622348921004041600e+00,6.429045910411833376e+00,6.782573319577609894e+00,7.097509469536685600e+00
2.031500101089477539e+00,6.604865892946863326e+00,6.411195057984865109e+00,6.762467476167700831e+00,7.076722171830321706e+00
2.031800031661987305e+00,6.587481740543826625e+00,6.393450463527571515e+00,6.742485178439791227e+00,7.056054740026604044e+00
2.032099962234497070e+00,6.570196129659445106e+00,6.375811494127702872e+00,6.722622234477699799e+00,7.035509080280036187e+00
2.032399892807006836e+00,6.553007754820710851e+00,6.358275772106382284e+00,6.702882454496716491e+00,7.015087306000519440e+00
2.032700061798095703e+00,6.535914387302923956e+00,6.340843799695953464e+00,6.683262099125604649e+00,6.994784755624809058e+00
2.032999992370605469e+00,6.518918099922695220e+00,6.323513286107454334e+00,6.663758665136557013e+00,6.974600583392254194e+00
2.033299922943115234e+00,6.502015162755292010e+00,6.306285037876634192e+00,6.644374306745310932e+00,6.954533269352095814e+00
2.033600091934204102e+00,6.485207942745393694e+00,6.289157482060538484e+00,6.625106120828771594e+00,6.934583842509557172e+00
2.033900022506713867e+00,6.468497411311306955e+00,6.272134244475347842e+00,6.605954314727268795e+00,6.914752689761746396e+00
2.034199953079223633e+00,6.451877593461007088e+00,6.255205851797072114e+00,6.586918508170676034e+00,6.895036114359738733e+00
2.034499883651733398e+00,6.435351485187851495e+00,6.238376171560272354e+00,6.567995698457883336e+00,6.875435910590653954e+00
2.034800052642822266e+00,6.418918719466720546e+00,6.221646770962489192e+00,6.549185862224396359e+00,6.855949070756465424e+00
2.035099983215332031e+00,6.402575731821419147e+00,6.205013045892261658e+00,6.530490182053512171e+00,6.836575871317802644e+00
2.035399913787841797e+00,6.386326006059874771e+00,6.188476458733461527e+00,6.511903915834757584e+00,6.817316215458314232e+00
2.035700082778930664e+00,6.370164438126741935e+00,6.172035243767780344e+00,6.493427790156419910e+00,6.798167065066767378e+00
2.036000013351440430e+00,6.354094871576453585e+00,6.155689535943690061e+00,6.475063351995810734e+00,6.779130028713403533e+00
2.036299943923950195e+00,6.338113435361113268e+00,6.139438298506422420e+00,6.456805938901090336e+00,6.760205786276348938e+00
2.036600112915039062e+00,6.322222132691197594e+00,6.123278748625896384e+00,6.438658336249552860e+00,6.741389689666174689e+00
2.036900043487548828e+00,6.306420722042159532e+00,6.107213646944921415e+00,6.420617938204985720e+00,6.722682247856298865e+00
2.037199974060058594e+00,6.290704250888468074e+00,6.091240840175940363e+00,6.402684186103332564e+00,6.704084866391381681e+00
2.037499904632568359e+00,6.275075197916264003e+00,6.075356941745914341e+00,6.384855119640011623e+00,6.685594879901781695e+00
2.037800073623657227e+00,6.259534272290540713e+00,6.059566654763978377e+00,6.367130177108686340e+00,6.667209654443942313e+00
2.038100004196166992e+00,6.244079045370019010e+00,6.043863907316959327e+00,6.349508071404562415e+00,6.648932256097550564e+00
2.038399934768676758e+00,6.228709275456654204e+00,6.028253822075770429e+00,6.331993727630202073e+00,6.630760121204285262e+00
2.038700103759765625e+00,6.213425872515313308e+00,6.012730611274780479e+00,6.314579192713805078e+00,6.612695033052217397e+00
2.039000034332275391e+00,6.198225191267034084e+00,5.997294999692527107e+00,6.297265775561342593e+00,6.594735116909209438e+00
2.039299964904785156e+00,6.183108692939629947e+00,5.981947263923965252e+00,6.280054716243894219e+00,6.576875420641130177e+00
2.039599895477294922e+00,6.168075972160527165e+00,5.966687617041825931e+00,6.262943043880663474e+00,6.559118785663290652e+00
2.039900064468383789e+00,6.153128174421961916e+00,5.951510531305544305e+00,6.245932427866955905e+00,6.541465398364464612e+00
2.040199995040893555e+00,6.138260550086044987e+00,5.936423631200669071e+00,6.229018212958798983e+00,6.523913353553223438e+00
2.040499925613403320e+00,6.123475632903888410e+00,5.921417119135123031e+00,6.212203621450786528e+00,6.506461974848875229e+00
2.040800094604492188e+00,6.108771612275798901e+00,5.906496958468720138e+00,6.195486935933086414e+00,6.489111965246285862e+00
2.041100025177001953e+00,6.094148357812604999e+00,5.891659762281413748e+00,6.178864974099283813e+00,6.471860845354713732e+00
2.041399955749511719e+00,6.079606235946283022e+00,5.876905880439106333e+00,6.162340200524712763e+00,6.454709421434894345e+00
2.041699886322021484e+00,6.065143613252979016e+00,5.862233501010499559e+00,6.145910026008888138e+00,6.437654887667834558e+00
2.042000055313110352e+00,6.050759976394823880e+00,5.847643373845406778e+00,6.129573999720986599e+00,6.420699170311613635e+00
2.042299985885620117e+00,6.036454151299777138e+00,5.833135590168376794e+00,6.113333722728154562e+00,6.403840601519110720e+00
2.042599916458129883e+00,6.022229070960221975e+00,5.818706201019469226e+00,6.097185358112325204e+00,6.387077677173376600e+00
2.042900085449218750e+00,6.008080346605200184e+00,5.804360397157365625e+00,6.081128054208265965e+00,6.370410897219303870e+00
2.043200016021728516e+00,5.994009513846392245e+00,5.790089457691252051e+00,6.065165012364558628e+00,6.353839892589974170e+00
2.043499946594238281e+00,5.980014812328169782e+00,5.775901272720288304e+00,6.049291671568758133e+00,6.337362993247354304e+00
2.043800115585327148e+00,5.966096909458310726e+00,5.761788791513991370e+00,6.033509632075891638e+00,6.320978452993127661e+00
2.044100046157836914e+00,5.952255318313424581e+00,5.747754618028104723e+00,6.017818993126290650e+00,6.304689143018903152e+00
2.044399976730346680e+00,5.938489284155320291e+00,5.733798210763703551e+00,6.002215229084869819e+00,6.288492351254571844e+00
2.044699907302856445e+00,5.924796364482547872e+00,5.719918389256880786e+00,5.986702800269229741e+00,6.272386244043541836e+00
2.045000076293945312e+00,5.911179253766222885e+00,5.706113901910189412e+00,5.971275254159021273e+00,6.256373470252324154e+00
2.045300006866455078e+00,5.897636464646851095e+00,5.692386755157249567e+00,5.955937654558244532e+00,6.240451887810831266e+00
2.045599937438964844e+00,5.884166426925632187e+00,5.678732722694418200e+00,5.940685472791914279e+00,6.224618910283352236e+00
2.045900106430053711e+00,5.870769998654412625e+00,5.665154318022316282e+00,5.925521602804208143e+00,6.208876039631623378e+00
2.046200037002563477e+00,5.857445363619694589e+00,5.651650012306300930e+00,5.910441428291145272e+00,6.193225374920150017e+00
2.046499967575073242e+00,5.844192978152688234e+00,5.638218165454393471e+00,5.895447780070401933e+00,6.177659311421836108e+00
2.046799898147583008e+00,5.831011585194137758e+00,5.624860285847617547e+00,5.880538280011392338e+00,6.162182987467779149e+00
2.047100067138671875e+00,5.817902017338978382e+00,5.611574546310624356e+00,5.865710098666752970e+00,6.146793807247068031e+00
2.047399997711181641e+00,5.804864364102687802e+00,5.598361104288675172e+00,5.850968640200734150e+00,6.131491225275139456e+00
2.047699928283691406e+00,5.791895009224439228e+00,5.585219077461820447e+00,5.836309568373948764e+00,6.116274851250463662e+00
2.048000097274780273e+00,5.778995479106941779e+00,5.572147777446057049e+00,5.821732712927780717e+00,6.101146759323514246e+00
2.048300027847290039e+00,5.766167580959031369e+00,5.559145651740401206e+00,5.807237452117211873e+00,6.086101519379151448e+00
2.048599958419799805e+00,5.753405942987523503e+00,5.546216421440054667e+00,5.792822655366716589e+00,6.071142056961711830e+00
2.048899888992309570e+00,5.740715725702333572e+00,5.533355657971465114e+00,5.778489295290932581e+00,6.056264885073630921e+00
2.049200057983398438e+00,5.728090234543044446e+00,5.520561917857179424e+00,5.764235727458460801e+00,6.041475277069005223e+00
2.049499988555908203e+00,5.715533142538536282e+00,5.507839481346316290e+00,5.750060113642704529e+00,6.026764756647517984e+00
2.049799919128417969e+00,5.703043623272792573e+00,5.495183947322540341e+00,5.735967313785618416e+00,6.012138165704172366e+00
2.050100088119506836e+00,5.690623218751490242e+00,5.482596879914696686e+00,5.721949970535407104e+00,5.997594791756228005e+00
2.050400018692016602e+00,5.678267441629634149e+00,5.470077356139142921e+00,5.708010576344380027e+00,5.983131368791339000e+00
2.050699949264526367e+00,5.665976172675540212e+00,5.457623403828528730e+00,5.694149870476446829e+00,5.968748846835797650e+00
2.051000118255615234e+00,5.653750962373404576e+00,5.445236736591784421e+00,5.680365528894647298e+00,5.954448285679728059e+00
2.051300048828125000e+00,5.641591667111032216e+00,5.432916351695322277e+00,5.666659346547220366e+00,5.940226689115409187e+00
2.051599979400634766e+00,5.629497191828850333e+00,5.420660753812440724e+00,5.653027269870806393e+00,5.926085336711494733e+00
2.051899909973144531e+00,5.617466900164047594e+00,5.408469586415121100e+00,5.639470378803562056e+00,5.912021545342062367e+00
2.052200078964233398e+00,5.605500089230258887e+00,5.396344075662371509e+00,5.625990848173632486e+00,5.898036265380136811e+00
2.052500009536743164e+00,5.593597125259313962e+00,5.384283659210034045e+00,5.612584049582559409e+00,5.884130413893275957e+00
2.052799940109252930e+00,5.581756969877553765e+00,5.372286008501232502e+00,5.599252292978308176e+00,5.870299590671996803e+00
2.053100109100341797e+00,5.569979937841877948e+00,5.360352613232866048e+00,5.585993339382213208e+00,5.856547458467296075e+00
2.053400039672851562e+00,5.558263418501844022e+00,5.348481323737320992e+00,5.572807121175098466e+00,5.842871545596274530e+00
2.053699970245361328e+00,5.546610175213526617e+00,5.336672258938188307e+00,5.559694114713459534e+00,5.829271583856873384e+00
2.053999900817871094e+00,5.535017878673271774e+00,5.324927152942128039e+00,5.546654900406427835e+00,5.815746508557618100e+00
2.054300069808959961e+00,5.523486695149347980e+00,5.313243262094248465e+00,5.533684838655603677e+00,5.802298168356339936e+00
2.054600000381469727e+00,5.512017684631659975e+00,5.301619120399791996e+00,5.520786610092626390e+00,5.788921377108299460e+00
2.054899930953979492e+00,5.500606387675013309e+00,5.290056776286713003e+00,5.507961308043273441e+00,5.775621355261274736e+00
2.055200099945068359e+00,5.489257120691371838e+00,5.278555980511630885e+00,5.495204181967901391e+00,5.762393397166340137e+00
2.055500030517578125e+00,5.477967015603669054e+00,5.267115195626956847e+00,5.482516739190432808e+00,5.749238098004061825e+00
2.055799961090087891e+00,5.466735383122429681e+00,5.255736573524876221e+00,5.469901471762053546e+00,5.736155727534479887e+00
2.056099891662597656e+00,5.455563838423904244e+00,5.244413777725435821e+00,5.457353423950042526e+00,5.723145913929474027e+00
2.056400060653686523e+00,5.444449358556515683e+00,5.233152344533227307e+00,5.444873765276724065e+00,5.710209367268403113e+00
2.056699991226196289e+00,5.433393370605558381e+00,5.221950294384915203e+00,5.432463559588764923e+00,5.697341943042517620e+00
2.056999921798706055e+00,5.422396054342791594e+00,5.210805699808283009e+00,5.420119582549906667e+00,5.684544922610514917e+00
2.057300090789794922e+00,5.411455194162585691e+00,5.199718444618305568e+00,5.407844787359690208e+00,5.671819345342478336e+00
2.057600021362304688e+00,5.400571663199817074e+00,5.188690790103040129e+00,5.395634609970571205e+00,5.659162610769977064e+00
2.057899951934814453e+00,5.389745697984293038e+00,5.177717819348680806e+00,5.383492293783344707e+00,5.646576148146166929e+00
2.058199882507324219e+00,5.378974737570479725e+00,5.166804288824505598e+00,5.371415690039963664e+00,5.634059364671296422e+00
2.058500051498413086e+00,5.368260720031496014e+00,5.155949153843072175e+00,5.359406121645910126e+00,5.621609594340367444e+00
2.058799982070922852e+00,5.357601194702890091e+00,5.145146685415914689e+00,5.347459523506682189e+00,5.609228289210871132e+00
2.059099912643432617e+00,5.346997856787205627e+00,5.134402374992258267e+00,5.335579870129231850e+00,5.596915838852303260e+00
2.059400081634521484e+00,5.336450162931846819e+00,5.123712820058329065e+00,5.323764868790351379e+00,5.584671025143058465e+00
2.059700012207031250e+00,5.325957278148122143e+00,5.113078703549844839e+00,5.312012906458151384e+00,5.572492001966483421e+00
2.059999942779541016e+00,5.315517686056418611e+00,5.102501798873708694e+00,5.300325522523108290e+00,5.560377798349258605e+00
2.060300111770629883e+00,5.305131998683108030e+00,5.091976661054817832e+00,5.288699422743920131e+00,5.548331361811183804e+00
2.060600042343139648e+00,5.294798671918348631e+00,5.081507216303232433e+00,5.277138733008577276e+00,5.536350236670223524e+00
2.060899972915649414e+00,5.284522220584532803e+00,5.071092407098147348e+00,5.265639388920931196e+00,5.524435402846164855e+00
2.061199903488159180e+00,5.274295806378887619e+00,5.060731674653470513e+00,5.254202102553568565e+00,5.512583148976696990e+00
2.061500072479248047e+00,5.264123848325825250e+00,5.050422381628418833e+00,5.242826669348726654e+00,5.500796656927374073e+00
2.061800003051757812e+00,5.254002768091961428e+00,5.040167402814288877e+00,5.231513385494048762e+00,5.489073996908709674e+00
2.062099933624267578e+00,5.243934694591563250e+00,5.029966978935018318e+00,5.220261323605472015e+00,5.477413890858683132e+00
2.062400102615356445e+00,5.233917292654874487e+00,5.019817644705112158e+00,5.209069501022752569e+00,5.465817928280277016e+00
2.062700033187866211e+00,5.223953612369554911e+00,5.009719587425509602e+00,5.197939057478157210e+00,5.454282542780025445e+00
2.062999963760375977e+00,5.214039500723265164e+00,4.999674444061465550e+00,5.186867048722234586e+00,5.442812331760836564e+00
2.063299894332885742e+00,5.204176091935671877e+00,4.989680961731050246e+00,5.175855898388459053e+00,5.431403408063263605e+00
2.063600063323974609e+00,5.194363701671633748e+00,4.979740541250629704e+00,5.164902781512978436e+00,5.420053865586193176e+00
2.063899993896484375e+00,5.184601599881232481e+00,4.969848711340137726e+00,5.154009433880703206e+00,5.408767607214407747e+00
2.064199924468994141e+00,5.174889055322689835e+00,4.960009323422250205e+00,5.143172813348169115e+00,5.397540398555024765e+00
2.064500093460083008e+00,5.165227478213560985e+00,4.950220494024002882e+00,5.132397611651162705e+00,5.386375752400709871e+00
2.064800024032592773e+00,5.155614838074670914e+00,4.940481291921710927e+00,5.121678451588792313e+00,5.375270250159075225e+00
2.065099954605102539e+00,5.146049846804972461e+00,4.930791863216803961e+00,5.111016030969270929e+00,5.364223551153211034e+00
2.065399885177612305e+00,5.136533788866377570e+00,4.921152946301688758e+00,5.100412632951865533e+00,5.353237067740042043e+00
2.065700054168701172e+00,5.127068078518586702e+00,4.911562459649659651e+00,5.089864324609988167e+00,5.342307822224280578e+00
2.065999984741210938e+00,5.117649329177305084e+00,4.902023132333211741e+00,5.079374200877076362e+00,5.331438480234861998e+00
2.066299915313720703e+00,5.108278507552808989e+00,4.892531871613749139e+00,5.068938777758712710e+00,5.320627331894072221e+00
2.066600084304809570e+00,5.098955339988263447e+00,4.883087501318806645e+00,5.058560004626484030e+00,5.309873986507099630e+00
2.066900014877319336e+00,5.089680321835933441e+00,4.873692010500801253e+00,5.048237167829285887e+00,5.299177294503053304e+00
2.067199945449829102e+00,5.080451707807183581e+00,4.864345254853832401e+00,5.037968518374139393e+00,5.288537435320602498e+00
2.067500114440917969e+00,5.071270987162805000e+00,4.855047590503311916e+00,5.027755582136098411e+00,5.277954699111218950e+00
2.067800045013427734e+00,5.062135980337058250e+00,4.845796799690139878e+00,5.017596557363422249e+00,5.267429122256582552e+00
2.068099975585937500e+00,5.053046957955563911e+00,4.836591857170601472e+00,5.007491982857525059e+00,5.256958268816629420e+00
2.068399906158447266e+00,5.044004958728189436e+00,4.827436258419737669e+00,4.997440839927290490e+00,5.246543224710253916e+00
2.068700075149536133e+00,5.035008521446955321e+00,4.818326491630574360e+00,4.987442993779808376e+00,5.236184736800510997e+00
2.069000005722045898e+00,5.026057918353334486e+00,4.809262188848808073e+00,4.977500463714392254e+00,5.225879589518762636e+00
2.069299936294555664e+00,5.017152693316827339e+00,4.800245993180110915e+00,4.967609130690417096e+00,5.215629203167847727e+00
2.069600105285644531e+00,5.008292573693901240e+00,4.791274568643971499e+00,4.957770103104025772e+00,5.205434169474207451e+00
2.069900035858154297e+00,4.999476033386476281e+00,4.782350051779845401e+00,4.947984064057479259e+00,5.195292061470217604e+00
2.070199966430664062e+00,4.990705334772592039e+00,4.773471091852164783e+00,4.938250953487525408e+00,5.185204645643563204e+00
2.070499897003173828e+00,4.981979673035390022e+00,4.764637463331112599e+00,4.928568624993251213e+00,5.175168575869308007e+00
2.070800065994262695e+00,4.973296478751283445e+00,4.755848684063680665e+00,4.918937219105384173e+00,5.165186147083523416e+00
2.071099996566772461e+00,4.964657209893756473e+00,4.747104320838561264e+00,4.909357463917888964e+00,5.155257340595972515e+00
2.071399927139282227e+00,4.956063303725494862e+00,4.738405426394681541e+00,4.899829590920596445e+00,5.145381318197420839e+00
2.071700096130371094e+00,4.947511817658723388e+00,4.729750356171281922e+00,4.890350188670179676e+00,5.135555761628999960e+00
2.072000026702880859e+00,4.939004733735167463e+00,4.721139756788793385e+00,4.880921647970176913e+00,5.125781526381936182e+00
2.072299957275390625e+00,4.930537627823627034e+00,4.712574064986548628e+00,4.871543379345398606e+00,5.116059493312543616e+00
2.072599887847900391e+00,4.922113892599960572e+00,4.704050709330090285e+00,4.862214549326452584e+00,5.106387906885039740e+00
2.072900056838989258e+00,4.913734617351236622e+00,4.695570528671675348e+00,4.852935784441298139e+00,5.096766726688298554e+00
2.073199987411499023e+00,4.905396564449008068e+00,4.687136169938421304e+00,4.843704935658096566e+00,5.087196594092812774e+00
2.073499917984008789e+00,4.897100553986889260e+00,4.678743722641441671e+00,4.834523408730792227e+00,5.077677944331352222e+00
2.073800086975097656e+00,4.888845615757436924e+00,4.670393761955743628e+00,4.825391622458362839e+00,5.068206488632135631e+00
2.074100017547607422e+00,4.880633612893138462e+00,4.662085819341371007e+00,4.816306114957712659e+00,5.058786392818200639e+00
2.074399948120117188e+00,4.872462116652108044e+00,4.653821943357250746e+00,4.807269600980277779e+00,5.049413243648453786e+00
2.074700117111206055e+00,4.864331856924291486e+00,4.645599533217827926e+00,4.798280415763847451e+00,5.040091328550191818e+00
2.075000047683715820e+00,4.856242665735503117e+00,4.637418026630061085e+00,4.789338792320033455e+00,5.030816103999046440e+00
2.075299978256225586e+00,4.848195064866278159e+00,4.629280234335233501e+00,4.780443224405542146e+00,5.021589098676169982e+00
2.075599908828735352e+00,4.840186780162651914e+00,4.621183301726933479e+00,4.771595339415217296e+00,5.012411449944844222e+00
2.075900077819824219e+00,4.832218837405649836e+00,4.613127875394093635e+00,4.762793629787412719e+00,5.003280597266726026e+00
2.076200008392333984e+00,4.824291448779179703e+00,4.605113385369123513e+00,4.754039943937803159e+00,4.994198227403187751e+00
2.076499938964843750e+00,4.816403572563933366e+00,4.597139924726789673e+00,4.745329479177339493e+00,4.985162817539209534e+00
2.076800107955932617e+00,4.808557047340944912e+00,4.589207017327298743e+00,4.736666128427926559e+00,4.976172422534720141e+00
2.077100038528442383e+00,4.800749236693516941e+00,4.581315463227741525e+00,4.728048563097623003e+00,4.967230779092806081e+00
2.077399969100952148e+00,4.792979425681471284e+00,4.573463770423947139e+00,4.719475423562994543e+00,4.958334381302826444e+00
2.077699899673461914e+00,4.785250027518325844e+00,4.565652745455715866e+00,4.710949354333118677e+00,4.949482587121244670e+00
2.078000068664550781e+00,4.777558330590802704e+00,4.557880445896645760e+00,4.702465659048506552e+00,4.940678490182908611e+00
2.078299999237060547e+00,4.769906413099869624e+00,4.550148687493224209e+00,4.694026849025218162e+00,4.931918994226236919e+00
2.078599929809570312e+00,4.762291728662628287e+00,4.542456392930625420e+00,4.685632835672821628e+00,4.923204956811018107e+00
2.078900098800659180e+00,4.754718325236973797e+00,4.534803838546271670e+00,4.677282659566118994e+00,4.914535842783316788e+00
2.079200029373168945e+00,4.747181179054859257e+00,4.527191756163828629e+00,4.668975137929692210e+00,4.905912474869285944e+00
2.079499959945678711e+00,4.739681798013018366e+00,4.519617288159781587e+00,4.660712388661292671e+00,4.897331567650359929e+00
2.079799890518188477e+00,4.732220135598891986e+00,4.512081395953134511e+00,4.652491697094200518e+00,4.888795224798248462e+00
2.080100059509277344e+00,4.724796361525049448e+00,4.504583307495127364e+00,4.644313976359501162e+00,4.880304836873723850e+00
2.080399990081787109e+00,4.717410452302422286e+00,4.497124694258856969e+00,4.636180968758910836e+00,4.871855123130027110e+00
2.080699920654296875e+00,4.710062040575119902e+00,4.489705108225590102e+00,4.628088318560539705e+00,4.863449967311858302e+00
2.081000089645385742e+00,4.702749953221308843e+00,4.482323552770470343e+00,4.620037841730075812e+00,4.855087883930444548e+00
2.081300020217895508e+00,4.695476041915171095e+00,4.474979568796301876e+00,4.612030067029223801e+00,4.846769832294267388e+00
2.081599950790405273e+00,4.688237974957872645e+00,4.467672343851621264e+00,4.604062671832193310e+00,4.838492689589683593e+00
2.081899881362915039e+00,4.681036562769528508e+00,4.460401913109347305e+00,4.596138341346998502e+00,4.830258259575666457e+00
2.082200050354003906e+00,4.673870103256802189e+00,4.453172387512198682e+00,4.588254714910245724e+00,4.822066746156231432e+00
2.082499980926513672e+00,4.666741790591538042e+00,4.445975895102399988e+00,4.580413175578353702e+00,4.813916070014061077e+00
2.082799911499023438e+00,4.659649032365326349e+00,4.438819758322012810e+00,4.572611158607462478e+00,4.805807854074557461e+00
2.083100080490112305e+00,4.652592480544389453e+00,4.431698700664679080e+00,4.564850000199110802e+00,4.797740722197306518e+00
2.083400011062622070e+00,4.645570053595823090e+00,4.424614409279701732e+00,4.557129056050861493e+00,4.789714809807296803e+00
2.083699941635131836e+00,4.638584690910104058e+00,4.417566581707982110e+00,4.549446798709290363e+00,4.781729807090768780e+00
2.084000110626220703e+00,4.631635181773880561e+00,4.410554683760961048e+00,4.541805936715125114e+00,4.773786172737955802e+00
2.084300041198730469e+00,4.624720245965102450e+00,4.403579517766036844e+00,4.534204349729312078e+00,4.765882168809977948e+00
2.084599971771240234e+00,4.617839724748598940e+00,4.396640395565495574e+00,4.526642298024571964e+00,4.758018230944559335e+00
2.084899902343750000e+00,4.610995399182725052e+00,4.389736066332902809e+00,4.519118946414224958e+00,4.750194642853633020e+00
2.085200071334838867e+00,4.604184657822441906e+00,4.382868242323148422e+00,4.511635507354016639e+00,4.742411372354932375e+00
2.085500001907348633e+00,4.597409714570761530e+00,4.376035348555418203e+00,4.504188978835614421e+00,4.734666137115667972e+00
2.085799932479858398e+00,4.590668046271143332e+00,4.369237622232222229e+00,4.496781839436684969e+00,4.726961505200878655e+00
2.086100101470947266e+00,4.583961376503018492e+00,4.362476206427107428e+00,4.489413819353393897e+00,4.719295742732369625e+00
2.086400032043457031e+00,4.577289620356682853e+00,4.355747956742152205e+00,4.482082489118600854e+00,4.711669134957795713e+00
2.086699962615966797e+00,4.570649973357221896e+00,4.349055714852687160e+00,4.474790450308811174e+00,4.704080971154919411e+00
2.086999893188476562e+00,4.564045960131725366e+00,4.342398052551747156e+00,4.467534202824919198e+00,4.696530712918807637e+00
2.087300062179565430e+00,4.557474454566659894e+00,4.335773437695657151e+00,4.460316378974304108e+00,4.689020027087899223e+00
2.087599992752075195e+00,4.550938149467559590e+00,4.329184027241644195e+00,4.453134870905312681e+00,4.681547833375518941e+00
2.087899923324584961e+00,4.544433417412768961e+00,4.322629080223284959e+00,4.445991472982169235e+00,4.674112113953998282e+00
2.088200092315673828e+00,4.537963651019749634e+00,4.316107261972444320e+00,4.438885462132892812e+00,4.666715201672031021e+00
2.088500022888183594e+00,4.531526217659820333e+00,4.309620240167262750e+00,4.431813604499398984e+00,4.659354108700774155e+00
2.088799953460693359e+00,4.525120356898410634e+00,4.303166105921298445e+00,4.424779087874031624e+00,4.652032067439975549e+00
2.089099884033203125e+00,4.518751089136779697e+00,4.296745389119889680e+00,4.417782011060077174e+00,4.644746082518875774e+00
2.089400053024291992e+00,4.512411884155701713e+00,4.290357529145657267e+00,4.410820350641685650e+00,4.637497679558021169e+00
2.089699983596801758e+00,4.506104070507538140e+00,4.284003300278531157e+00,4.403893348280274900e+00,4.630284527333768274e+00
2.089999914169311523e+00,4.499831489216450819e+00,4.277682191931749145e+00,4.397003482552034548e+00,4.623109247657223975e+00
2.090300083160400391e+00,4.493589611170719422e+00,4.271393095190157752e+00,4.390147432151532136e+00,4.615969777078744229e+00
2.090600013732910156e+00,4.487380045080959334e+00,4.265136726621640229e+00,4.383326719894450108e+00,4.608866438318736769e+00
2.090899944305419922e+00,4.481203091897381974e+00,4.258913811994254672e+00,4.376540948445775570e+00,4.601798404995661507e+00
2.091200113296508789e+00,4.475057742012728212e+00,4.252722110914045395e+00,4.369790982408008340e+00,4.594767346549604170e+00
2.091500043869018555e+00,4.468943876845062668e+00,4.246564054252922382e+00,4.363074653341845632e+00,4.587770818631798697e+00
2.091799974441528320e+00,4.462862629219300104e+00,4.240436793400176541e+00,4.356392882398921529e+00,4.580809754316665483e+00
2.092099905014038086e+00,4.456811545867739532e+00,4.234342924400442243e+00,4.349744770204969413e+00,4.573884004716418872e+00
2.092400074005126953e+00,4.450792932515227562e+00,4.228278723825570573e+00,4.343132271498270747e+00,4.566994384274940977e+00
2.092700004577636719e+00,4.444806779189871548e+00,4.222246932128258301e+00,4.336551559601577566e+00,4.560137745866096104e+00
2.092999935150146484e+00,4.438850407197812764e+00,4.216246067052433766e+00,4.330005384460379858e+00,4.553317136961294587e+00
2.093300104141235352e+00,4.432924069144380752e+00,4.210277167202471027e+00,4.323492697878386970e+00,4.546530247775304900e+00
2.093600034713745117e+00,4.427028717039175554e+00,4.204340377597276301e+00,4.317012122577698285e+00,4.539778153532987304e+00
2.093899965286254883e+00,4.421165442104006083e+00,4.198431570252935785e+00,4.310565584292712416e+00,4.533060550451578408e+00
2.094199895858764648e+00,4.415332678820363732e+00,4.192556398800123318e+00,4.304150416818412594e+00,4.526374861567402874e+00
2.094500064849853516e+00,4.409531186308884187e+00,4.186711685542567452e+00,4.297768604845835227e+00,4.519724671634815394e+00
2.094799995422363281e+00,4.403757448106902395e+00,4.180895725989549838e+00,4.291420767325536012e+00,4.513108377686372741e+00
2.095099925994873047e+00,4.398016349226233856e+00,4.175110799760443747e+00,4.285105370792932078e+00,4.506524579653762075e+00
2.095400094985961914e+00,4.392304637885323437e+00,4.169357332447859221e+00,4.278820584769931656e+00,4.499974674257446239e+00
2.095700025558471680e+00,4.386622713477407842e+00,4.163632822375583409e+00,4.272568195798271518e+00,4.493458164044829672e+00
2.095999956130981445e+00,4.380971412005468579e+00,4.157938859006761412e+00,4.266346199793674465e+00,4.486973740838619662e+00
2.096299886703491211e+00,4.375349567250760074e+00,4.152274891567623527e+00,4.260157204671408238e+00,4.480522560606093663e+00
2.096600055694580078e+00,4.369757642016940835e+00,4.146639062893362038e+00,4.253998305761695242e+00,4.474104354229185176e+00
2.096899986267089844e+00,4.364194637557191392e+00,4.141034793309073869e+00,4.247872465718360857e+00,4.467717841881634122e+00
2.097199916839599609e+00,4.358662162151953012e+00,4.135458411260936273e+00,4.241777434855692697e+00,4.461364401756565456e+00
2.097500085830688477e+00,4.353158776431425458e+00,4.129910841908316144e+00,4.235711634985269924e+00,4.455042044355896458e+00
2.097800016403198242e+00,4.347684195225978598e+00,4.124393008963872731e+00,4.229677954453846311e+00,4.448752534340413511e+00
2.098099946975708008e+00,4.342238301177814286e+00,4.118904602024892725e+00,4.223675015977536695e+00,4.442495724621038811e+00
2.098400115966796875e+00,4.336821916444820957e+00,4.113444691758867400e+00,4.217702282228950494e+00,4.436268818094005972e+00
2.098700046539306641e+00,4.331433761012024597e+00,4.108013462657862824e+00,4.211758977453023967e+00,4.430076128263846336e+00
2.098999977111816406e+00,4.326076077436625589e+00,4.102611498020941383e+00,4.205847120003483930e+00,4.423912381587450149e+00
2.099299907684326172e+00,4.320745432010418163e+00,4.097236616454480007e+00,4.199965142063285306e+00,4.417781349312331685e+00
2.099600076675415039e+00,4.315443578280214965e+00,4.091890329463079290e+00,4.194111376018167192e+00,4.411681013295038589e+00
2.099900007247924805e+00,4.310172747287960071e+00,4.086573226681413651e+00,4.188288487749178834e+00,4.405612127187369609e+00
2.100199937820434570e+00,4.304927043728881131e+00,4.081283232403610128e+00,4.182493296124043525e+00,4.399573077283437605e+00
2.100500106811523438e+00,4.299710254694007361e+00,4.076021078484209248e+00,4.176729510285794866e+00,4.393565225158270415e+00
2.100800037384033203e+00,4.294523470516818264e+00,4.070785215194993256e+00,4.170994433792367673e+00,4.387589260656382883e+00
2.101099967956542969e+00,4.289362497749254821e+00,4.065579787702753300e+00,4.165286859224738514e+00,4.381641739509741562e+00
2.101399898529052734e+00,4.284229945415654939e+00,4.060399855588588736e+00,4.159609629049167090e+00,4.375725353376760829e+00
2.101700067520141602e+00,4.279125831363023380e+00,4.055248813297134269e+00,4.153961045049585188e+00,4.369839819468067432e+00
2.101999998092651367e+00,4.274048048894917073e+00,4.050123517622468583e+00,4.148340767206724955e+00,4.363982266214880390e+00
2.102299928665161133e+00,4.268998757864781446e+00,4.045026608829359382e+00,4.142746435373721781e+00,4.358156495865514124e+00
2.102600097656250000e+00,4.263977493914424599e+00,4.039954965446405311e+00,4.137183758191505412e+00,4.352359825324912279e+00
2.102900028228759766e+00,4.258984202664949592e+00,4.034910865713415618e+00,4.131647163443528115e+00,4.346594741433836617e+00
2.103199958801269531e+00,4.254016304684316019e+00,4.029893445662812823e+00,4.126140444583105804e+00,4.340856292167795338e+00
2.103499889373779297e+00,4.249076950731225821e+00,4.024903506743554793e+00,4.120659047760954152e+00,4.335148711140974775e+00
2.103800058364868164e+00,4.244164192266027591e+00,4.019939528053406264e+00,4.115206555981966829e+00,4.329469519844818315e+00
2.104099988937377930e+00,4.239278916985554702e+00,4.015000687073036367e+00,4.109781548632545523e+00,4.323821144799111948e+00
2.104399919509887695e+00,4.234420903372831724e+00,4.010089062681389649e+00,4.104382476647210787e+00,4.318201114988187150e+00
2.104700088500976562e+00,4.229588138806814612e+00,4.005204150801428220e+00,4.099012230135890889e+00,4.312609040351530254e+00
2.105000019073486328e+00,4.224782854065553650e+00,4.000342993285447513e+00,4.093669331201396311e+00,4.307046240548528360e+00
2.105299949645996094e+00,4.220004327614353734e+00,3.995509380463186933e+00,4.088351187341719317e+00,4.301512621643829526e+00
2.105600118637084961e+00,4.215251436705326427e+00,3.990701008063100019e+00,4.083061613928119726e+00,4.296007666923420842e+00
2.105900049209594727e+00,4.210526683995611918e+00,3.985917323260757428e+00,4.077799114307691042e+00,4.290529546939138683e+00
2.106199979782104492e+00,4.205827865351097650e+00,3.981159332578263488e+00,4.072561467933114798e+00,4.285082420172202866e+00
2.106499910354614258e+00,4.201152922456441452e+00,3.976428087757120977e+00,4.067351395849426510e+00,4.279661167904396990e+00
2.106800079345703125e+00,4.196505554232437873e+00,3.971720957532445695e+00,4.062166940445051999e+00,4.274269926736303127e+00
2.107100009918212891e+00,4.191884894796777949e+00,3.967039245720948237e+00,4.057008280912574705e+00,4.268904190411962674e+00
2.107399940490722656e+00,4.187290186753555687e+00,3.962381813740802894e+00,4.051876766499216131e+00,4.263566557470658935e+00
2.107700109481811523e+00,4.182720357369124287e+00,3.957749537321384015e+00,4.046770214797278165e+00,4.258258431062516891e+00
2.108000040054321289e+00,4.178176559346759689e+00,3.953141371530557002e+00,4.041688950998572949e+00,4.252976704803010044e+00
2.108299970626831055e+00,4.173658061720173507e+00,3.948559222881262265e+00,4.036634466514504638e+00,4.247722740940702124e+00
2.108599901199340820e+00,4.169166724701681481e+00,3.944000213007641253e+00,4.031604764485382297e+00,4.242496615105374680e+00
2.108900070190429688e+00,4.164698039300437138e+00,3.939465638338716325e+00,4.026600893358849298e+00,4.237297082442065488e+00
2.109200000762939453e+00,4.160256395085714765e+00,3.934955815734038520e+00,4.021622154543700312e+00,4.232125323605167466e+00
2.109499931335449219e+00,4.155840205732567405e+00,3.930470609352886058e+00,4.016668057272668513e+00,4.226981103293764086e+00
2.109800100326538086e+00,4.151448161662906422e+00,3.926007375339742644e+00,4.011738973318411894e+00,4.221862359914203111e+00
2.110100030899047852e+00,4.147080746774907567e+00,3.921570540748352762e+00,4.006835506933065005e+00,4.216771411041067452e+00
2.110399961471557617e+00,4.142741025671608845e+00,3.917155656308414891e+00,4.001957052769872014e+00,4.211708150950452811e+00
2.110699892044067383e+00,4.138424310703799236e+00,3.912764583418917308e+00,3.997101849915472016e+00,4.206669492060443716e+00
2.111000061035156250e+00,4.134132135482166959e+00,3.908397490423869414e+00,3.992271359241311934e+00,4.201659173021162985e+00
2.111299991607666016e+00,4.129864797858702197e+00,3.904053840445402823e+00,3.987465520031846289e+00,4.196675441438073584e+00
2.111599922180175781e+00,4.125621968578075283e+00,3.899734145832129073e+00,3.982684728602963187e+00,4.191716599451710934e+00
2.111900091171264648e+00,4.121403573098470829e+00,3.895436337545346461e+00,3.977927904833728157e+00,4.186785033347640628e+00
2.112200021743774414e+00,4.117209914002378568e+00,3.891161885161913414e+00,3.973194198246546627e+00,4.181879344344680227e+00
2.112499952316284180e+00,4.113040810547739845e+00,3.886910606938255519e+00,3.968484439839314870e+00,4.176998906284530300e+00
2.112799882888793945e+00,4.108895950675799824e+00,3.882683538009737312e+00,3.963798687183635927e+00,4.172146651616738922e+00
2.113100051879882812e+00,4.104774470721929802e+00,3.878477038902343299e+00,3.959136643219390628e+00,4.167318371694966217e+00
2.113399982452392578e+00,4.100676689284435739e+00,3.874295190218997043e+00,3.954498626056997423e+00,4.162515789138621081e+00
2.113699913024902344e+00,4.096605079394591620e+00,3.870134553182111858e+00,3.949884353778725821e+00,4.157739211547855973e+00
2.114000082015991211e+00,4.092555497989069480e+00,3.865996541716162582e+00,3.945293167783235244e+00,4.152988138700912657e+00
2.114300012588500977e+00,4.088529852246931107e+00,3.861880680701050839e+00,3.940725212052813564e+00,4.148262229498222098e+00
2.114599943161010742e+00,4.084528381066163227e+00,3.857786916110010900e+00,3.936179982514107056e+00,4.143563046526563376e+00
2.114900112152099609e+00,4.080550757000969142e+00,3.853716149087816234e+00,3.931657607141962885e+00,4.138888426805941378e+00
2.115200042724609375e+00,4.076595062613186826e+00,3.849667812196799765e+00,3.927159336040053628e+00,4.134238976245797836e+00
2.115499973297119141e+00,4.072663085042915299e+00,3.845640178131352727e+00,3.922682829445313324e+00,4.129615073711882189e+00
2.115799903869628906e+00,4.068755627666511110e+00,3.841635167465909717e+00,3.918229541658276194e+00,4.125014532723366933e+00
2.116100072860717773e+00,4.064871166274553360e+00,3.837651105110220229e+00,3.913799848932416836e+00,4.120440848430634517e+00
2.116400003433227539e+00,4.061009350571152865e+00,3.833688762508908887e+00,3.909391085229393603e+00,4.115891009158947789e+00
2.116699934005737305e+00,4.057170422982270708e+00,3.829748514295082007e+00,3.905005569687010514e+00,4.111365300853750071e+00
2.117000102996826172e+00,4.053355557570654355e+00,3.825829067550233553e+00,3.900642690149148883e+00,4.106864706569489876e+00
2.117300033569335938e+00,4.049562638955237936e+00,3.821931525292132203e+00,3.896301654271088655e+00,4.102389504120010244e+00
2.117599964141845703e+00,4.045792507986058162e+00,3.818054541516752831e+00,3.891983331931220924e+00,4.097938708968723809e+00
2.117899894714355469e+00,4.042045558734287170e+00,3.814198408554722697e+00,3.887686830520237891e+00,4.093511963150066713e+00
2.118200063705444336e+00,4.038320692819707070e+00,3.810363360001364441e+00,3.883411860585246345e+00,4.089108686240965795e+00
2.118499994277954102e+00,4.034619314714183780e+00,3.806549841222808261e+00,3.879158618584328533e+00,4.084730120277505705e+00
2.118799924850463867e+00,4.030939662025913250e+00,3.802758132378794453e+00,3.874927962890511335e+00,4.080376199425265860e+00
2.119100093841552734e+00,4.027281785365564915e+00,3.798985065826090857e+00,3.870718685448137464e+00,4.076045679869181093e+00
2.119400024414062500e+00,4.023646895805149448e+00,3.795233710671819694e+00,3.866531387247980067e+00,4.071739943560450214e+00
2.119699954986572266e+00,4.020034415026883856e+00,3.791503003761985013e+00,3.862366412379185210e+00,4.067456498652333607e+00
2.119999885559082031e+00,4.016443832515671275e+00,3.787792202233149830e+00,3.858220458236021333e+00,4.063199273854054994e+00
2.120300054550170898e+00,4.012876247660876139e+00,3.784102635079403143e+00,3.854097479406397575e+00,4.058963824769820761e+00
2.120599985122680664e+00,4.009329740958490262e+00,3.780432616198798890e+00,3.849996220315197615e+00,4.054751921653640068e+00
2.120899915695190430e+00,4.005804426358930748e+00,3.776783276084758612e+00,3.845915657845666580e+00,4.050564729595922842e+00
2.121200084686279297e+00,4.002301438875617734e+00,3.773153709467523598e+00,3.841855139706855216e+00,4.046400298989630606e+00
2.121500015258789062e+00,3.998820064374948302e+00,3.769542806114853484e+00,3.837816909508952712e+00,4.042260811247306407e+00
2.121799945831298828e+00,3.995360630553060233e+00,3.765953380559423191e+00,3.833797969934589212e+00,4.038142585234219872e+00
2.122100114822387695e+00,3.991921952814767582e+00,3.762384095256250394e+00,3.829800954958029191e+00,4.034048044902603714e+00
2.122400045394897461e+00,3.988506573545631539e+00,3.758832798349249771e+00,3.825825428053672539e+00,4.029976623122993651e+00
2.122699975967407227e+00,3.985110693548601368e+00,3.755302648840865842e+00,3.821870358281305613e+00,4.025928021392768841e+00
2.122999906539916992e+00,3.981736495100131279e+00,3.751792868375085188e+00,3.817934682715551364e+00,4.021902843909669123e+00
2.123300075531005859e+00,3.978383816145148799e+00,3.748300085750764676e+00,3.814021377838744620e+00,4.017900119752406241e+00
2.123600006103515625e+00,3.975052411191565938e+00,3.744828174894659689e+00,3.810126485328932944e+00,4.013920439672635787e+00
2.123899936676025391e+00,3.971740884619074929e+00,3.741375523427778571e+00,3.806254323811184559e+00,4.009964083023999315e+00
2.124200105667114258e+00,3.968452010909802485e+00,3.737941043219647597e+00,3.802399647851447018e+00,4.006029834997645978e+00
2.124500036239624023e+00,3.965183436866505762e+00,3.734526931615586243e+00,3.798567790403884814e+00,4.002118906978783919e+00
2.124799966812133789e+00,3.961935470459567732e+00,3.731131045571491889e+00,3.794754582583878211e+00,3.998229006582249667e+00
2.125099897384643555e+00,3.958708685541569405e+00,3.727755188288918831e+00,3.790961727927998126e+00,3.994363122143965938e+00
2.125400066375732422e+00,3.955501993527987370e+00,3.724397505554018384e+00,3.787188646292505734e+00,3.990518765873746876e+00
2.125699996948242188e+00,3.952315217023610217e+00,3.721058376108684840e+00,3.783435142802867190e+00,3.986697264551375852e+00
2.125999927520751953e+00,3.949150056308244672e+00,3.717738613992968677e+00,3.779702818248748653e+00,3.982897793907097750e+00
2.126300096511840820e+00,3.946005966767430984e+00,3.714437700272820830e+00,3.775990160339149249e+00,3.979120436291369245e+00
2.126600027084350586e+00,3.942881141485668373e+00,3.711153888752232177e+00,3.772295437616127955e+00,3.975362820135590614e+00
2.126899957656860352e+00,3.939776126813091750e+00,3.707889803695230135e+00,3.768620765697130892e+00,3.971631441708852961e+00
2.127199888229370117e+00,3.936692429753350986e+00,3.704644990715775243e+00,3.764966742382175546e+00,3.967919273168753591e+00
2.127500057220458984e+00,3.933628110081425433e+00,3.701416693735870567e+00,3.761331556687574462e+00,3.964228760662602991e+00
2.127799987792968750e+00,3.930583256523130675e+00,3.698208182998903304e+00,3.757715910342982468e+00,3.960560756997411058e+00
2.128099918365478516e+00,3.927559015131605324e+00,3.695016233376724912e+00,3.754120213273522300e+00,3.956914775278768115e+00
2.128400087356567383e+00,3.924555478291332555e+00,3.691843527283475979e+00,3.750543282771186426e+00,3.953289647011446029e+00
2.128700017929077148e+00,3.921572148435978900e+00,3.688689109588474402e+00,3.746985076656492719e+00,3.949686604878643426e+00
2.128999948501586914e+00,3.918606881395292341e+00,3.685551699058957187e+00,3.743446955862157033e+00,3.946103514197340623e+00
2.129300117492675781e+00,3.915661246230127901e+00,3.682432918942221356e+00,3.739927231245665507e+00,3.942544267092877863e+00
2.129600048065185547e+00,3.912735446801389738e+00,3.679331842756389914e+00,3.736426389378728619e+00,3.939005539286005053e+00
2.129899978637695312e+00,3.909828049993062660e+00,3.676249430515689198e+00,3.732944851279858423e+00,3.935486844002625162e+00
2.130199909210205078e+00,3.906943062718899906e+00,3.673182969952357713e+00,3.729482577557076795e+00,3.931989708364479696e+00
2.130500078201293945e+00,3.904076215250250392e+00,3.670134643489518567e+00,3.726038307892421297e+00,3.928514059531491132e+00
2.130800008773803711e+00,3.901227180872291367e+00,3.667103764911920916e+00,3.722614549022071451e+00,3.925060022757622225e+00
2.131099939346313477e+00,3.898399360390067514e+00,3.664091217742802442e+00,3.719208228416949868e+00,3.921625228147157749e+00
2.131400108337402344e+00,3.895589557260946023e+00,3.661095142237779321e+00,3.715818905455093635e+00,3.918212313262606550e+00
2.131700038909912109e+00,3.892798192411775382e+00,3.658117565217086753e+00,3.712449702719451405e+00,3.914820243923029963e+00
2.131999969482421875e+00,3.890027135501239908e+00,3.655156890428936656e+00,3.709099330040423581e+00,3.911450087789021701e+00
2.132299900054931641e+00,3.887274475603249790e+00,3.652212558708009205e+00,3.705766089412883435e+00,3.908098870039650841e+00
2.132600069046020508e+00,3.884541472543760143e+00,3.649287056017127551e+00,3.702452770927502357e+00,3.904767874366727565e+00
2.132899999618530273e+00,3.881824781721761042e+00,3.646376315777193788e+00,3.699156800429836522e+00,3.901459721037627393e+00
2.133199930191040039e+00,3.879129750707303703e+00,3.643484116563772801e+00,3.695880035470314073e+00,3.898170555417713068e+00
2.133500099182128906e+00,3.876452416038447257e+00,3.640609716512472893e+00,3.692620822522286073e+00,3.894901527745178615e+00
2.133800029754638672e+00,3.873792535410728988e+00,3.637750748398026701e+00,3.689379041082973654e+00,3.891652621201316276e+00
2.134099960327148438e+00,3.871151220753867861e+00,3.634909401060109513e+00,3.686156162110930445e+00,3.888424621894324584e+00
2.134399890899658203e+00,3.868530667594802797e+00,3.632084556496136152e+00,3.682950502827186057e+00,3.885216737569400003e+00
2.134700059890747070e+00,3.865927277751696423e+00,3.629276386588932368e+00,3.679763792808350864e+00,3.882030010739834669e+00
2.134999990463256836e+00,3.863341148193739194e+00,3.626484521739439693e+00,3.676595234873309970e+00,3.878861417780498755e+00
2.135299921035766602e+00,3.860773252413536749e+00,3.623710158509366064e+00,3.673442506997587564e+00,3.875712864668853896e+00
2.135600090026855469e+00,3.858224361983197515e+00,3.620951681142443590e+00,3.670310908604870193e+00,3.872586587891380550e+00
2.135900020599365234e+00,3.855693226874051138e+00,3.618209630914654529e+00,3.667194124523503351e+00,3.869476925200068251e+00
2.136199951171875000e+00,3.853181640871424563e+00,3.615485018006247664e+00,3.664096170776327543e+00,3.866389749981709034e+00
2.136499881744384766e+00,3.850685305226980937e+00,3.612776708002542136e+00,3.661016387054092380e+00,3.863321222299818558e+00
2.136800050735473633e+00,3.848208351375521641e+00,3.610083876496895883e+00,3.657952523074809559e+00,3.860271722349829737e+00
2.137099981307983398e+00,3.845749428617585952e+00,3.607407708566694016e+00,3.654907923533590619e+00,3.857242764018294245e+00
2.137399911880493164e+00,3.843308034641772952e+00,3.604747918403070628e+00,3.651880250046489085e+00,3.854232240024924483e+00
2.137700080871582031e+00,3.840884552679541653e+00,3.602104578036727567e+00,3.648869888181739185e+00,3.851241794827666709e+00
2.138000011444091797e+00,3.838478131793951142e+00,3.599476455260592012e+00,3.645876030883209218e+00,3.848269847148201972e+00
2.138299942016601562e+00,3.836089743295875820e+00,3.596864850438038275e+00,3.642900820047861199e+00,3.845317917085368187e+00
2.138600111007690430e+00,3.833719384108702055e+00,3.594270048648450455e+00,3.639941939251097214e+00,3.842385545866189744e+00
2.138900041580200195e+00,3.831365457030356581e+00,3.591690011860193543e+00,3.637001171508518649e+00,3.839471738204140117e+00
2.139199972152709961e+00,3.829029532479428344e+00,3.589126745362516413e+00,3.634075942897412315e+00,3.836577929738489878e+00
2.139499902725219727e+00,3.826710543361071526e+00,3.586578720990699409e+00,3.631168784604155153e+00,3.833702609906080916e+00
2.139800071716308594e+00,3.824408931867555594e+00,3.584046990914156350e+00,3.628278518485863025e+00,3.830846133927390706e+00
2.140100002288818359e+00,3.822125078500650197e+00,3.581531333628691804e+00,3.625405740943852706e+00,3.828008384848972767e+00
2.140399932861328125e+00,3.819858194039102983e+00,3.579030286541902584e+00,3.622548714758646149e+00,3.825188785047737738e+00
2.140700101852416992e+00,3.817607107866507921e+00,3.576546666684919273e+00,3.619709195130638157e+00,3.822389137134936110e+00
2.141000032424926758e+00,3.815374978068006850e+00,3.574077186576570142e+00,3.616887687188106160e+00,3.819608951670710351e+00
2.141299962997436523e+00,3.813158854657565211e+00,3.571623582092507299e+00,3.614081676371951435e+00,3.816845807115383682e+00
2.141599893569946289e+00,3.810959384129586791e+00,3.569185983620219549e+00,3.611292231415681009e+00,3.814102524827243101e+00
2.141900062561035156e+00,3.808777236117342646e+00,3.566763402905197111e+00,3.608520199623352021e+00,3.811376881445376341e+00
2.142199993133544922e+00,3.806611639459664520e+00,3.564356244318505063e+00,3.605764231829200916e+00,3.808668742150391306e+00
2.142499923706054688e+00,3.804463415060436837e+00,3.561965140297199017e+00,3.603024777897061437e+00,3.805980939892190662e+00
2.142800092697143555e+00,3.802331635219173389e+00,3.559589634011929959e+00,3.600301539584096489e+00,3.803310152575839709e+00
2.143100023269653320e+00,3.800215855072110571e+00,3.557227874004738055e+00,3.597595489149570280e+00,3.800657622897464893e+00
2.143399953842163086e+00,3.798118560707855806e+00,3.554882179117416108e+00,3.594905708384848353e+00,3.798023980856189752e+00
2.143699884414672852e+00,3.796034667418404673e+00,3.552551827354450076e+00,3.592233294205306571e+00,3.795407914456885745e+00
2.144000053405761719e+00,3.793970174766224446e+00,3.550237553537910706e+00,3.589576347554521263e+00,3.792809816345035667e+00
2.144299983978271484e+00,3.791921094610006371e+00,3.547937261994677627e+00,3.586934402929026433e+00,3.790230131126775426e+00
2.144599914550781250e+00,3.789887761404573840e+00,3.545652614785982593e+00,3.584310544429340162e+00,3.787669203236430082e+00
2.144900083541870117e+00,3.787870882978594977e+00,3.543383636299108463e+00,3.581701450281169929e+00,3.785124965539266029e+00
2.145200014114379883e+00,3.785871610551611699e+00,3.541127976783189357e+00,3.579109779062787933e+00,3.782598190911877545e+00
2.145499944686889648e+00,3.783887378640748977e+00,3.538888862916384603e+00,3.576533703108260465e+00,3.780090243749728351e+00
2.145800113677978516e+00,3.781920270785970040e+00,3.536664130485537960e+00,3.573972774833957367e+00,3.777599126693844678e+00
2.146100044250488281e+00,3.779968799057177975e+00,3.534454247100669910e+00,3.571429501109806282e+00,3.775125785235151188e+00
2.146399974822998047e+00,3.778034375601782013e+00,3.532259357544431655e+00,3.568900629683295911e+00,3.772671339719995576e+00
2.146699905395507812e+00,3.776113903370463820e+00,3.530079543410634013e+00,3.566387590774902083e+00,3.770231149574201801e+00
2.147000074386596680e+00,3.774210159839796574e+00,3.527913579932683064e+00,3.563891932940266294e+00,3.767811569066256805e+00
2.147300004959106445e+00,3.772322895021335221e+00,3.525764642335535992e+00,3.561410895109871966e+00,3.765408080391923207e+00
2.147599935531616211e+00,3.770451719677501590e+00,3.523628575929080409e+00,3.558946172912465400e+00,3.763021244747926541e+00
2.147900104522705078e+00,3.768596070661403008e+00,3.521507739001151105e+00,3.556496348803633190e+00,3.760653619990854235e+00
2.148200035095214844e+00,3.766755614576031252e+00,3.519400125440896865e+00,3.554063779629145881e+00,3.758302454520705993e+00
2.148499965667724609e+00,3.764931028808302216e+00,3.517309742452452870e+00,3.551645282894460465e+00,3.755967987201956682e+00
2.148799896240234375e+00,3.763123275560915637e+00,3.515232156600978097e+00,3.549242066187523026e+00,3.753650060692619750e+00
2.149100065231323242e+00,3.761330715793111512e+00,3.513169479684456586e+00,3.546854812017698144e+00,3.751350491870213855e+00
2.149399995803833008e+00,3.759553340639048002e+00,3.511121223641129774e+00,3.544483440666298613e+00,3.749067405130986241e+00
2.149699926376342773e+00,3.757791486705493345e+00,3.509089245908498356e+00,3.542127907949991439e+00,3.746800812869702568e+00
2.150000095367431641e+00,3.756046527519916634e+00,3.507068951642069443e+00,3.539786602540295313e+00,3.744551998886143540e+00
2.150300025939941406e+00,3.754315629121982134e+00,3.505065143457728905e+00,3.537460571489805972e+00,3.742318296950868373e+00
2.150599956512451172e+00,3.752600662889094441e+00,3.503074398246841525e+00,3.535151416724595652e+00,3.740101874625248346e+00
2.150899887084960938e+00,3.750900027202935139e+00,3.501099430800164392e+00,3.532856843366869004e+00,3.737902464447322881e+00
2.151200056076049805e+00,3.749216493894961921e+00,3.499138170636424849e+00,3.530576354432445996e+00,3.735719384727969050e+00
2.151499986648559570e+00,3.747547035761371603e+00,3.497191055671338145e+00,3.528311226714598181e+00,3.733553494942634110e+00
2.151799917221069336e+00,3.745895116807887337e+00,3.495257701597821232e+00,3.526063353847320059e+00,3.731404034112010937e+00
2.152100086212158203e+00,3.744256958206858776e+00,3.493337659833279041e+00,3.523827379782093594e+00,3.729269795295595991e+00
2.152400016784667969e+00,3.742633314693411428e+00,3.491434647848495221e+00,3.521607806500523630e+00,3.727153639347071223e+00
2.152699947357177734e+00,3.741025928652576660e+00,3.489544316867071672e+00,3.519403727221360967e+00,3.725052858995320015e+00
2.153000116348266602e+00,3.739433147598334894e+00,3.487667722719033137e+00,3.517213060032555738e+00,3.722968095962708723e+00
2.153300046920776367e+00,3.737855959080131907e+00,3.485806277287961219e+00,3.515038927580689698e+00,3.720899686682997309e+00
2.153599977493286133e+00,3.736292934229441531e+00,3.483958155632938425e+00,3.512879571053970196e+00,3.718848579360757078e+00
2.153899908065795898e+00,3.734745921075386388e+00,3.482123575115849246e+00,3.510732445876354468e+00,3.716812967044540006e+00
2.154200077056884766e+00,3.733213925651161613e+00,3.480304124025423551e+00,3.508601756362049962e+00,3.714793470112010887e+00
2.154500007629394531e+00,3.731696361913754423e+00,3.478498249616852167e+00,3.506486819908150920e+00,3.712789444893621393e+00
2.154799938201904297e+00,3.730194515251144871e+00,3.476706790530800895e+00,3.504385121508659662e+00,3.710801481482780773e+00
2.155100107192993164e+00,3.728706433706450607e+00,3.474928048563085348e+00,3.502298279497699784e+00,3.708829101690458430e+00
2.155400037765502930e+00,3.727234913895745461e+00,3.473164997383624719e+00,3.500225447100191012e+00,3.706873976259572157e+00
2.155699968338012695e+00,3.725777370605271699e+00,3.471414133534096447e+00,3.498167367256134419e+00,3.704932688347214231e+00
2.155999898910522461e+00,3.724334149328878851e+00,3.469678903521181468e+00,3.496123612820025706e+00,3.703009844198711598e+00
2.156300067901611328e+00,3.722907648899041355e+00,3.467956078268071174e+00,3.494094830394358198e+00,3.701100399706189314e+00
2.156599998474121094e+00,3.721493463011666503e+00,3.466247084619754837e+00,3.492080281003782538e+00,3.699206840207953206e+00
2.156899929046630859e+00,3.720095078970735880e+00,3.464552291235072801e+00,3.490079674748848948e+00,3.697329203504015283e+00
2.157200098037719727e+00,3.718710906399864680e+00,3.462871449064044427e+00,3.488093165097563286e+00,3.695466875974342091e+00
2.157500028610229492e+00,3.717342427372866354e+00,3.461204894853119107e+00,3.486122735285423602e+00,3.693622519911579083e+00
2.157799959182739258e+00,3.715988974233348507e+00,3.459551320629838500e+00,3.484163095038594449e+00,3.691790064434052887e+00
2.158099889755249023e+00,3.714649765825139838e+00,3.457909815356346783e+00,3.482219822253453945e+00,3.689974462494016283e+00
2.158400058746337891e+00,3.713323479201021016e+00,3.456282723265978074e+00,3.480289360595817172e+00,3.688174362985731758e+00
2.158699989318847656e+00,3.712013681615736083e+00,3.454670886071836478e+00,3.478373028314040827e+00,3.686388967501867509e+00
2.158999919891357422e+00,3.710718526632901249e+00,3.453071190269004553e+00,3.476471223639326258e+00,3.684620616296291118e+00
2.159300088882446289e+00,3.709437458509702967e+00,3.451486654447433189e+00,3.474584552678165572e+00,3.682865601794044874e+00
2.159600019454956055e+00,3.708170430762753877e+00,3.449914236422993330e+00,3.472710303819708688e+00,3.681126081326087096e+00
2.159899950027465820e+00,3.706918496493516013e+00,3.448354331789811322e+00,3.470849857782759784e+00,3.679402529338522410e+00
2.160200119018554688e+00,3.705679954474077498e+00,3.446809112566539213e+00,3.469003128222913013e+00,3.677693176932097963e+00
2.160500049591064453e+00,3.704458310641200569e+00,3.445278848912328051e+00,3.467170063855858686e+00,3.675999065893060358e+00
2.160799980163574219e+00,3.703249058569875629e+00,3.443759293274999855e+00,3.465351234308384765e+00,3.674319649356475814e+00
2.161099910736083984e+00,3.702054370809160222e+00,3.442254898443415811e+00,3.463546302240521069e+00,3.672655566990465470e+00
2.161400079727172852e+00,3.700875050225011620e+00,3.440763285923234882e+00,3.461752639679346544e+00,3.671005739626831854e+00
2.161700010299682617e+00,3.699708957967262180e+00,3.439285875847308382e+00,3.459974469318089163e+00,3.669372282713800448e+00
2.161999940872192383e+00,3.698557939545148443e+00,3.437819918183063983e+00,3.458209643522378585e+00,3.667752652694245441e+00
2.162300109863281250e+00,3.697420909199969241e+00,3.436368184635907763e+00,3.456458529488697362e+00,3.666147586936982616e+00
2.162600040435791016e+00,3.696297794142935800e+00,3.434929509255178814e+00,3.454719461936285541e+00,3.664557793653847817e+00
2.162899971008300781e+00,3.695190737178101870e+00,3.433504382926428455e+00,3.452993817682322941e+00,3.662983285320378535e+00
2.163199901580810547e+00,3.694096631770680261e+00,3.432091922344295387e+00,3.451283976770092465e+00,3.661422307049909008e+00
2.163500070571899414e+00,3.693016191979582530e+00,3.430694013366345274e+00,3.449585346349457460e+00,3.659876160004626122e+00
2.163800001144409180e+00,3.691951524739585100e+00,3.429307584901741368e+00,3.447900123785680560e+00,3.658345231006551401e+00
2.164099931716918945e+00,3.690900073371455647e+00,3.427935346398046867e+00,3.446227460609178728e+00,3.656827441779213483e+00
2.164400100708007812e+00,3.689863409895401958e+00,3.426575667953350113e+00,3.444568410464290409e+00,3.655325919234377885e+00
2.164700031280517578e+00,3.688840520797209255e+00,3.425229336624513898e+00,3.442922569505431518e+00,3.653837585154746659e+00
2.164999961853027344e+00,3.687832516950602546e+00,3.423895972733731696e+00,3.441289690024527559e+00,3.652363932055376239e+00
2.165299892425537109e+00,3.686837822336288539e+00,3.422575804025982382e+00,3.439669824331867964e+00,3.650906173127630439e+00
2.165600061416625977e+00,3.685858221526331135e+00,3.421267799013597788e+00,3.438062737963607951e+00,3.649460470528512079e+00
2.165899991989135742e+00,3.684892140206393663e+00,3.419972924142023807e+00,3.436468994994589909e+00,3.648029813348498518e+00
2.166199922561645508e+00,3.683940265402394942e+00,3.418691643465825436e+00,3.434886809209692249e+00,3.646613913405063467e+00
2.166500091552734375e+00,3.683002226532638090e+00,3.417422787971870601e+00,3.433319311262002849e+00,3.645211939024300296e+00
2.166800022125244141e+00,3.682079224056253430e+00,3.416167133205214146e+00,3.431762359708907084e+00,3.643825851891761669e+00
2.167099952697753906e+00,3.681169493693340122e+00,3.414924157280181838e+00,3.430220115452188523e+00,3.642451277412666055e+00
2.167399883270263672e+00,3.680273736203062640e+00,3.413693849816011650e+00,3.428688115908884892e+00,3.641092389012130059e+00
2.167700052261352539e+00,3.679393931537545903e+00,3.412476484779962682e+00,3.427169455538106035e+00,3.639747345043726767e+00
2.167999982833862305e+00,3.678525917222667641e+00,3.411271506362649308e+00,3.425664457632543680e+00,3.638415928055161785e+00
2.168299913406372070e+00,3.677673348879699322e+00,3.410079081531578016e+00,3.424172199559341934e+00,3.637099144651138705e+00
2.168600082397460938e+00,3.676833828320049680e+00,3.408900844323192736e+00,3.422690946827231073e+00,3.635796769220728031e+00
2.168900012969970703e+00,3.676009618301456783e+00,3.407733365299786321e+00,3.421223594746654051e+00,3.634508237252354945e+00
2.169199943542480469e+00,3.675196781841724381e+00,3.406578966217882254e+00,3.419767143129272657e+00,3.633233242114486394e+00
2.169500112533569336e+00,3.674400942656033120e+00,3.405437806621587349e+00,3.418323633841762188e+00,3.631973260681584215e+00
2.169800043106079102e+00,3.673617462194082250e+00,3.404308628539575832e+00,3.416892569951915704e+00,3.630725351434958004e+00
2.170099973678588867e+00,3.672849329810593311e+00,3.403193380386098532e+00,3.415472844422946075e+00,3.629493057585770899e+00
2.170399904251098633e+00,3.672093876221935727e+00,3.402088249157185107e+00,3.414066184333747422e+00,3.628272901594900901e+00
2.170700073242187500e+00,3.671353935085837517e+00,3.400997125408639299e+00,3.412671764616454606e+00,3.627068882469796307e+00
2.171000003814697266e+00,3.670627202043022397e+00,3.399917998356281501e+00,3.411288299954318148e+00,3.625877028617922715e+00
2.171299934387207031e+00,3.669914059174166354e+00,3.398851979635190812e+00,3.409917739948059356e+00,3.624699971617568739e+00
2.171600103378295898e+00,3.669215080913977189e+00,3.397796889830640321e+00,3.408559033015948536e+00,3.623537538063406949e+00
2.171900033950805664e+00,3.668529957759423255e+00,3.396755646766073777e+00,3.407212918096719889e+00,3.622386516908782994e+00
2.172199964523315430e+00,3.667858899687775232e+00,3.395725318871789078e+00,3.405877532410090947e+00,3.621250680070482009e+00
2.172499895095825195e+00,3.667203012763366576e+00,3.394708336668035731e+00,3.404554754156502661e+00,3.620128815757840179e+00
2.172800064086914062e+00,3.666558518581321202e+00,3.393703180639812800e+00,3.403243739286453184e+00,3.619020011478922161e+00
2.173099994659423828e+00,3.665930181333678650e+00,3.392711042446065584e+00,3.401943904317475287e+00,3.617924716451939027e+00
2.173399925231933594e+00,3.665314466654421288e+00,3.391729708639568575e+00,3.400656217494161027e+00,3.616843331123964056e+00
2.173700094223022461e+00,3.664714031829850782e+00,3.390760437043280451e+00,3.399379175034682898e+00,3.615775449737936853e+00
2.174000024795532227e+00,3.664127210880295138e+00,3.389804895168945009e+00,3.398114639962068306e+00,3.614722031635184685e+00
2.174299955368041992e+00,3.663552987937850780e+00,3.388860371615551870e+00,3.396862842474653199e+00,3.613680602521152530e+00
2.174599885940551758e+00,3.662994879930135284e+00,3.387928247661156522e+00,3.395621703506926714e+00,3.612654179090290629e+00
2.174900054931640625e+00,3.662448878402914776e+00,3.387007694484784892e+00,3.394390035139421613e+00,3.611642098469615370e+00
2.175199985504150391e+00,3.661917626866305397e+00,3.386099512433691672e+00,3.393171599269185101e+00,3.610642783391621258e+00
2.175499916076660156e+00,3.661399584979335042e+00,3.385202969520593630e+00,3.391964667907219066e+00,3.609656909881342912e+00
2.175800085067749023e+00,3.660896507171043979e+00,3.384318959495175250e+00,3.390768737640389219e+00,3.608684180830150190e+00
2.176100015640258789e+00,3.660405309977084798e+00,3.383445080644962299e+00,3.389585659625431457e+00,3.607724997595518346e+00
2.176399946212768555e+00,3.659930213045723413e+00,3.382586180083277494e+00,3.388412023362347814e+00,3.606780368024040229e+00
2.176700115203857422e+00,3.659468980740657962e+00,3.381736714514121722e+00,3.387250524683493857e+00,3.605847835446004623e+00
2.177000045776367188e+00,3.659020305893597058e+00,3.380898507134414643e+00,3.386099933750438939e+00,3.604930399052153511e+00
2.177299976348876953e+00,3.658586146180515364e+00,3.380073265750672018e+00,3.384960273419317378e+00,3.604026388244252477e+00
2.177599906921386719e+00,3.658166294819671371e+00,3.379259534624234007e+00,3.383831938275632112e+00,3.603135061450740029e+00
2.177900075912475586e+00,3.657757748101825968e+00,3.378457772944332138e+00,3.382714878951324611e+00,3.602257415300559984e+00
2.178200006484985352e+00,3.657365806909234518e+00,3.377665840336165903e+00,3.381608772508621907e+00,3.601393592443289382e+00
2.178499937057495117e+00,3.656987105233114654e+00,3.376887448604786623e+00,3.380512969939389212e+00,3.600543798013160490e+00
2.178800106048583984e+00,3.656623070851794388e+00,3.376119746490409135e+00,3.379429273190928562e+00,3.599706589204781260e+00
2.179100036621093750e+00,3.656273028443304707e+00,3.375363232426083826e+00,3.378355425935467338e+00,3.598882724521792476e+00
2.179399967193603516e+00,3.655933993067667753e+00,3.374618788981877504e+00,3.377292213671746701e+00,3.598072875374509483e+00
2.179699897766113281e+00,3.655612016736640602e+00,3.373885096206464596e+00,3.376242182715508910e+00,3.597276391570273901e+00
2.180000066757202148e+00,3.655302074030213344e+00,3.373163939686707469e+00,3.375200748699081377e+00,3.596493684352167097e+00
2.180299997329711914e+00,3.655006568519107990e+00,3.372454184630897522e+00,3.374171119152693521e+00,3.595724026322908440e+00
2.180599927902221680e+00,3.654725749179378091e+00,3.371754927982673511e+00,3.373151012698439644e+00,3.594968353382714366e+00
2.180900096893310547e+00,3.654457648342761988e+00,3.371065934262192254e+00,3.372143581859674555e+00,3.594225585877146578e+00
2.181200027465820312e+00,3.654202904937278618e+00,3.370389485714304634e+00,3.371144223930380601e+00,3.593495342494148481e+00
2.181499958038330078e+00,3.653963420633656423e+00,3.369723720555000135e+00,3.370157884188761166e+00,3.592781225544677159e+00
2.181799888610839844e+00,3.653738314024364442e+00,3.369070011788084074e+00,3.369181563500672993e+00,3.592077927076224864e+00
2.182100057601928711e+00,3.653524483861324335e+00,3.368426438259862099e+00,3.368215479930268152e+00,3.591390870539358904e+00
2.182399988174438477e+00,3.653326120702787172e+00,3.367794092205946388e+00,3.367259921187149452e+00,3.590713630184205751e+00
2.182699918746948242e+00,3.653140329164590305e+00,3.367173095587686404e+00,3.366314700792665704e+00,3.590052463150627204e+00
2.183000087738037109e+00,3.652969502841600491e+00,3.366562341279605963e+00,3.365379611966312634e+00,3.589405211669063789e+00
2.183300018310546875e+00,3.652812407666301109e+00,3.365960577811742738e+00,3.364455762129094918e+00,3.588769975474872975e+00
2.183599948883056641e+00,3.652668662311863823e+00,3.365372060383044595e+00,3.363542555543244106e+00,3.588148843257485510e+00
2.183900117874145508e+00,3.652538720696835828e+00,3.364795480146185902e+00,3.362638577305204102e+00,3.587540593906654696e+00
2.184200048446655273e+00,3.652422210755496668e+00,3.364229537943295600e+00,3.361745227722430229e+00,3.586947735760819267e+00
2.184499979019165039e+00,3.652320542088001165e+00,3.363672054989513160e+00,3.360862172806812431e+00,3.586367702708499472e+00
2.184799909591674805e+00,3.652231759970581582e+00,3.363124931889772018e+00,3.359989921524915157e+00,3.585799938659100405e+00
2.185100078582763672e+00,3.652156373408706358e+00,3.362591364946169836e+00,3.359127426612582568e+00,3.585245940381410534e+00
2.185400009155273438e+00,3.652096303602228922e+00,3.362066199806767575e+00,3.358275899673400566e+00,3.584706614859871188e+00
2.185699939727783203e+00,3.652048902999656566e+00,3.361553032657611961e+00,3.357434220950122672e+00,3.584179860796234074e+00
2.186000108718872070e+00,3.652016807105016305e+00,3.361049051398159015e+00,3.356601754695321738e+00,3.583667866353898113e+00
2.186300039291381836e+00,3.651995585520396048e+00,3.360556027519447930e+00,3.355780317371670929e+00,3.583168587920533277e+00
2.186599969863891602e+00,3.651990350513041328e+00,3.360073858951434289e+00,3.354967993472310006e+00,3.582683706345326069e+00
2.186899900436401367e+00,3.651997236604355823e+00,3.359601440507504311e+00,3.354165830717508623e+00,3.582212483276672188e+00
2.187200069427490234e+00,3.652018673433544471e+00,3.359139541991812195e+00,3.353375956871742503e+00,3.581753460396761568e+00
2.187500000000000000e+00,3.652054621103988374e+00,3.358686989302564818e+00,3.352592702818391057e+00,3.581308950600792684e+00
2.187799930572509766e+00,3.652103477437048440e+00,3.358246602479129539e+00,3.351822327665190393e+00,3.580878693971149662e+00
2.188100099563598633e+00,3.652164911928622359e+00,3.357814399207229350e+00,3.351061193995571230e+00,3.580459771467292995e+00
2.188400030136108398e+00,3.652241681124097639e+00,3.357392458588610129e+00,3.350310229094827008e+00,3.580057783571896302e+00
2.188699960708618164e+00,3.652331548139608586e+00,3.356981263055491382e+00,3.349568430891451509e+00,3.579667261543948431e+00
2.188999891281127930e+00,3.652434175683686668e+00,3.356580810482594934e+00,3.348836694951291548e+00,3.579291833101598375e+00
2.189300060272216797e+00,3.652551793979339489e+00,3.356189425918836733e+00,3.348115165735113141e+00,3.578930196988752588e+00
2.189599990844726562e+00,3.652683413570035231e+00,3.355808544624027778e+00,3.347403783155007417e+00,3.578580581714492670e+00
2.189899921417236328e+00,3.652826437380501723e+00,3.355436806494076940e+00,3.346700815164742160e+00,3.578246521623514198e+00
2.190200090408325195e+00,3.652984218317210097e+00,3.355075594122240545e+00,3.346008605041830286e+00,3.577925881015226572e+00
2.190500020980834961e+00,3.653155838975668424e+00,3.354724087734417992e+00,3.345327537944205343e+00,3.577617919792421386e+00
2.190799951553344727e+00,3.653338787447684588e+00,3.354382061663917725e+00,3.344654191151707145e+00,3.577324924813137130e+00
2.191099882125854492e+00,3.653538383726320671e+00,3.354050311920424576e+00,3.343991520135302764e+00,3.577044550604895790e+00
2.191400051116943359e+00,3.653749808279109779e+00,3.353726414062598415e+00,3.343339804935643311e+00,3.576779362512948701e+00
2.191699981689453125e+00,3.653976531003932493e+00,3.353412889494263194e+00,3.342696204790786219e+00,3.576528207750035993e+00
2.191999912261962891e+00,3.654214093626011017e+00,3.353109635690492585e+00,3.342062044786309194e+00,3.576291951553451920e+00
2.192300081253051758e+00,3.654467032433416307e+00,3.352816000588719980e+00,3.341437828389258513e+00,3.576067949040862892e+00
2.192600011825561523e+00,3.654732844090751165e+00,3.352531066667166826e+00,3.340825065977326869e+00,3.575857088898573011e+00
2.192899942398071289e+00,3.655011689253119922e+00,3.352255371646125859e+00,3.340221062897925197e+00,3.575662277494334074e+00
2.193200111389160156e+00,3.655303735150244204e+00,3.351988467195885057e+00,3.339626271468357999e+00,3.575480580224226212e+00
2.193500041961669922e+00,3.655609919482845083e+00,3.351732226954639238e+00,3.339041970134312809e+00,3.575312794249981163e+00
2.193799972534179688e+00,3.655929131341717042e+00,3.351485675078081705e+00,3.338466272942417490e+00,3.575158957662737613e+00
2.194099903106689453e+00,3.656262504362750576e+00,3.351247601625074957e+00,3.337901854253110479e+00,3.575021095377150182e+00
2.194400072097778320e+00,3.656608265241283462e+00,3.351017156770344396e+00,3.337344386566097221e+00,3.574895104866528950e+00
2.194700002670288086e+00,3.656967298889910900e+00,3.350797328168661604e+00,3.336799359738628734e+00,3.574785056180660003e+00
2.194999933242797852e+00,3.657339532257039671e+00,3.350586526666327281e+00,3.336262907738095862e+00,3.574687391564086880e+00
2.195300102233886719e+00,3.657725669584465766e+00,3.350383240014556119e+00,3.335735663639610049e+00,3.574604718731027031e+00
2.195600032806396484e+00,3.658124870008792939e+00,3.350190124571002848e+00,3.335217831809705658e+00,3.574535665718008293e+00
2.195899963378906250e+00,3.658536785721300255e+00,3.350004854955091371e+00,3.334711009183335406e+00,3.574482810708456970e+00
2.196199893951416016e+00,3.658961885157835603e+00,3.349830803299266968e+00,3.334213827817975595e+00,3.574442741174655325e+00
2.196500062942504883e+00,3.659401030756055384e+00,3.349664352139749113e+00,3.333725505390393806e+00,3.574417237492095278e+00
2.196799993515014648e+00,3.659852997558032506e+00,3.349505548671181110e+00,3.333247516377229935e+00,3.574406800416082497e+00
2.197099924087524414e+00,3.660317770026925821e+00,3.349356751437721602e+00,3.332778114068568609e+00,3.574409154827138835e+00
2.197400093078613281e+00,3.660795181639136864e+00,3.349214799112840701e+00,3.332319864251938490e+00,3.574427254662124298e+00
2.197700023651123047e+00,3.661286122623046868e+00,3.349082544627723923e+00,3.331869716087263456e+00,3.574459597925556231e+00
2.197999954223632812e+00,3.661789723517325790e+00,3.348959208007373345e+00,3.331429527518399158e+00,3.574505769222986018e+00
2.198299884796142578e+00,3.662306509676623190e+00,3.348842837002465433e+00,3.330998696104962686e+00,3.574566788533353634e+00
2.198600053787231445e+00,3.662834897530931499e+00,3.348736631720725221e+00,3.330578190449227982e+00,3.574641851250219826e+00
2.198899984359741211e+00,3.663378480758705980e+00,3.348638343186300936e+00,3.330168013011158834e+00,3.574731936662877807e+00
2.199199914932250977e+00,3.663933106331624945e+00,3.348547046658282511e+00,3.329767502344568975e+00,3.574836891429432839e+00
2.199500083923339844e+00,3.664502073970206109e+00,3.348466230908471619e+00,3.329375952690357465e+00,3.574955985086578636e+00
2.199800014495849609e+00,3.665082513282617249e+00,3.348392505875207092e+00,3.328992776881714466e+00,3.575089365630856886e+00
2.200099945068359375e+00,3.665677207512794133e+00,3.348326754746470790e+00,3.328620730575775344e+00,3.575238893713437616e+00
2.200400114059448242e+00,3.666282250292533629e+00,3.348268772510603064e+00,3.328259038317981755e+00,3.575401751955087803e+00
2.200700044631958008e+00,3.666901788452642919e+00,3.348219204447179909e+00,3.327906674754474103e+00,3.575579975614584072e+00
2.200999975204467773e+00,3.667534262927674593e+00,3.348176803263709811e+00,3.327564775637086303e+00,3.575772190267594741e+00
2.201299905776977539e+00,3.668178804939019599e+00,3.348143606771897041e+00,3.327231045749025728e+00,3.575980282315755154e+00
2.201600074768066406e+00,3.668833950735564287e+00,3.348118033986110298e+00,3.326908376776820830e+00,3.576202530222092335e+00
2.201900005340576172e+00,3.669504759370244784e+00,3.348101042763893087e+00,3.326593524013818914e+00,3.576439004656784881e+00
2.202199935913085938e+00,3.670185999400249699e+00,3.348091116007883006e+00,3.326290347580536544e+00,3.576691256607049674e+00
2.202500104904174805e+00,3.670880673852068288e+00,3.348089321267835317e+00,3.325995952569371639e+00,3.576959442300377656e+00
2.202800035476684570e+00,3.671586809990727396e+00,3.348094886735335063e+00,3.325712991576717847e+00,3.577240517503188943e+00
2.203099966049194336e+00,3.672305425286879643e+00,3.348107460759750964e+00,3.325438785773316752e+00,3.577538408179041785e+00
2.203399896621704102e+00,3.673037325422754407e+00,3.348129226583885121e+00,3.325175033058483720e+00,3.577849196134721854e+00
2.203700065612792969e+00,3.673781343923362641e+00,3.348157630271247243e+00,3.324920090736955824e+00,3.578174684118049065e+00
2.203999996185302734e+00,3.674536910271663182e+00,3.348192775017370781e+00,3.324677206999324675e+00,3.578517185739896078e+00
2.204299926757812500e+00,3.675304933280846953e+00,3.348236940339628820e+00,3.324442627179160059e+00,3.578874307606168870e+00
2.204600095748901367e+00,3.676084739028321557e+00,3.348287107957463871e+00,3.324218240655556933e+00,3.579246618530843804e+00
2.204900026321411133e+00,3.676876645371037089e+00,3.348346519984962022e+00,3.324002997004942284e+00,3.579634716080497991e+00
2.205199956893920898e+00,3.677681265906943331e+00,3.348411371104376588e+00,3.323799772062689950e+00,3.580036093033197808e+00
2.205499887466430664e+00,3.678496447168693617e+00,3.348485106627819619e+00,3.323604919624965959e+00,3.580454554359766561e+00
2.205800056457519531e+00,3.679323691409477348e+00,3.348566283750050943e+00,3.323421510805660617e+00,3.580887467598776297e+00
2.206099987030029297e+00,3.680163117472393886e+00,3.348652746780107492e+00,3.323247331396844473e+00,3.581334667020967366e+00
2.206399917602539062e+00,3.681015143779059251e+00,3.348747345676153397e+00,3.323084037073878783e+00,3.581799085804499683e+00
2.206700086593627930e+00,3.681878607971491579e+00,3.348850573114158902e+00,3.322929656974627832e+00,3.582277312792424340e+00
2.207000017166137695e+00,3.682752335625342877e+00,3.348958801756409365e+00,3.322787230412760806e+00,3.582770437785456341e+00
2.207299947738647461e+00,3.683639522731712024e+00,3.349074915378217998e+00,3.322654309184893240e+00,3.583279253100287498e+00
2.207600116729736328e+00,3.684536619716079819e+00,3.349198818049111459e+00,3.322532161234950099e+00,3.583804076182544041e+00
2.207900047302246094e+00,3.685447021717696892e+00,3.349328517964871299e+00,3.322418680292562598e+00,3.584344518083021569e+00
2.208199977874755859e+00,3.686366694154176393e+00,3.349466211552502237e+00,3.322317874476601318e+00,3.584900103555916040e+00
2.208499908447265625e+00,3.687299702882331331e+00,3.349609907831070821e+00,3.322226600761942095e+00,3.585470061026061916e+00
2.208800077438354492e+00,3.688243504330591005e+00,3.349760753000372571e+00,3.322144757712741203e+00,3.586056660180518385e+00
2.209100008010864258e+00,3.689196548837693879e+00,3.349919045900280778e+00,3.322074816907266026e+00,3.586658350183529631e+00
2.209399938583374023e+00,3.690162892647052661e+00,3.350084218424881577e+00,3.322015070035663875e+00,3.587275637416564855e+00
2.209700107574462891e+00,3.691139318604931496e+00,3.350255040085639457e+00,3.321965975976726160e+00,3.587908332155366864e+00
2.210000038146972656e+00,3.692127414193774992e+00,3.350432753174806155e+00,3.321927657352434338e+00,3.588556551062100919e+00
2.210299968719482422e+00,3.693127101474846796e+00,3.350618793439927412e+00,3.321899725088345079e+00,3.589220019299950160e+00
2.210599899291992188e+00,3.694137912418557157e+00,3.350809835914204449e+00,3.321881786812224568e+00,3.589899626456234394e+00
2.210900068283081055e+00,3.695157699174289601e+00,3.351008645117182994e+00,3.321875359666051519e+00,3.590594116856218321e+00
2.211199998855590820e+00,3.696187861290685994e+00,3.351213229938308835e+00,3.321880175871333662e+00,3.591305077406636403e+00
2.211499929428100586e+00,3.697231111032941442e+00,3.351425402794276920e+00,3.321895555400040667e+00,3.592031935189651470e+00
2.211800098419189453e+00,3.698282993908255989e+00,3.351642695452406784e+00,3.321921398301037609e+00,3.592773629650729106e+00
2.212100028991699219e+00,3.699346208028975624e+00,3.351867115130803931e+00,3.321957813669849546e+00,3.593529591212083929e+00
2.212399959564208984e+00,3.700420990390631104e+00,3.352098468134959042e+00,3.322008395431642391e+00,3.594304632053131776e+00
2.212699890136718750e+00,3.701504677908006080e+00,3.352336289813868220e+00,3.322066323126029008e+00,3.595093584019064981e+00
2.213000059127807617e+00,3.702599080909823037e+00,3.352580870987719841e+00,3.322137274716594479e+00,3.595898714511485128e+00
2.213299989700317383e+00,3.703703529996215771e+00,3.352831456375432673e+00,3.322219641751307240e+00,3.596718670242688987e+00
2.213599920272827148e+00,3.704819246250754095e+00,3.353087568362673299e+00,3.322312382942695486e+00,3.597553673690864429e+00
2.213900089263916016e+00,3.705944231560172497e+00,3.353351878019433130e+00,3.322415868102125636e+00,3.598406962553692967e+00
2.214200019836425781e+00,3.707079535373573709e+00,3.353621490221239121e+00,3.322532571015557767e+00,3.599274501256257697e+00
2.214499950408935547e+00,3.708224005069951090e+00,3.353898788412954968e+00,3.322658313435362665e+00,3.600158604001939544e+00
2.214799880981445312e+00,3.709379549337713300e+00,3.354180768267180479e+00,3.322797220862163226e+00,3.601056410491453974e+00
2.215100049972534180e+00,3.710543714480432520e+00,3.354469397136240261e+00,3.322947442443879407e+00,3.601972778164964417e+00
2.215399980545043945e+00,3.711717259620483933e+00,3.354764722111178710e+00,3.323109356685777893e+00,3.602903381086235424e+00
2.215699911117553711e+00,3.712902063859465862e+00,3.355066926977166908e+00,3.323282489490348990e+00,3.603851167599103178e+00
2.216000080108642578e+00,3.714095660663272458e+00,3.355374133767561329e+00,3.323467073695828056e+00,3.604813275987713173e+00
2.216300010681152344e+00,3.715298446076352068e+00,3.355687365258473775e+00,3.323663633416721996e+00,3.605791589034603284e+00
2.216599941253662109e+00,3.716510807111585546e+00,3.356009534353074919e+00,3.323872120944622477e+00,3.606784998604454451e+00
2.216900110244750977e+00,3.717733256907558737e+00,3.356334338881729273e+00,3.324094282836754122e+00,3.607794417470758574e+00
2.217200040817260742e+00,3.718962571254982752e+00,3.356667798308634598e+00,3.324326290213960533e+00,3.608820680317826657e+00
2.217499971389770508e+00,3.720203465092890127e+00,3.357005967279657277e+00,3.324571067324790796e+00,3.609863334878337326e+00
2.217799901962280273e+00,3.721452174024600268e+00,3.357353363565430904e+00,3.324827728460728160e+00,3.610921431876317200e+00
2.218100070953369141e+00,3.722710314676962895e+00,3.357703718632350842e+00,3.325096542645733066e+00,3.611994735567936043e+00
2.218400001525878906e+00,3.723976517055997526e+00,3.358061892798423376e+00,3.325378082356786003e+00,3.613082981582543152e+00
2.218699932098388672e+00,3.725252925166854912e+00,3.358426790377420534e+00,3.325670130765634891e+00,3.614188551149362105e+00
2.219000101089477539e+00,3.726536902252986394e+00,3.358796865187745784e+00,3.325977132571295680e+00,3.615309004222901024e+00
2.219300031661987305e+00,3.727830317632490065e+00,3.359171925122915958e+00,3.326295336448594320e+00,3.616445073921070286e+00
2.219599962234497070e+00,3.729130920295547824e+00,3.359555439456293868e+00,3.326625130131303010e+00,3.617597899866710875e+00
2.219899892807006836e+00,3.730440765932501179e+00,3.359944304362656009e+00,3.326970256562295170e+00,3.618765880961407611e+00
2.220200061798095703e+00,3.731759404014677983e+00,3.360339355742884671e+00,3.327326505193126227e+00,3.619950725003801661e+00
2.220499992370605469e+00,3.733085146159970780e+00,3.360741224675435568e+00,3.327695138504464190e+00,3.621149166309250766e+00
2.220799922943115234e+00,3.734420012991549243e+00,3.361149173914571797e+00,3.328076831708024930e+00,3.622364562642352404e+00
2.221100091934204102e+00,3.735762866614536382e+00,3.361562756550401154e+00,3.328470776548397403e+00,3.623595721206891440e+00
2.221400022506713867e+00,3.737112948899445009e+00,3.361981550482729730e+00,3.328878499398268964e+00,3.624842720297165144e+00
2.221699953079223633e+00,3.738471674066285111e+00,3.362409042678326632e+00,3.329298768798429009e+00,3.626105339770222091e+00
2.221999883651733398e+00,3.739837845989550491e+00,3.362842463295673934e+00,3.329733121797973094e+00,3.627383604965297437e+00
2.222300052642822266e+00,3.741211498598539631e+00,3.363281168728946557e+00,3.330179774957940708e+00,3.628676593428857622e+00
2.222599983215332031e+00,3.742593102266198013e+00,3.363726442791086679e+00,3.330639937083920366e+00,3.629985951271234690e+00
2.222899913787841797e+00,3.743981538413220900e+00,3.364177845674047873e+00,3.331113779826659460e+00,3.631311184275860970e+00
2.223200082778930664e+00,3.745379063676229414e+00,3.364636778337223966e+00,3.331600666659370713e+00,3.632653372918829504e+00
2.223500013351440430e+00,3.746783064318253142e+00,3.365101113025745327e+00,3.332101251900507322e+00,3.634009790340741120e+00
2.223799943923950195e+00,3.748193176292579309e+00,3.365571560021058506e+00,3.332614428940543494e+00,3.635380403642037184e+00
2.224100112915039062e+00,3.749611193079920302e+00,3.366047853809639445e+00,3.333142861582778504e+00,3.636768038494589739e+00
2.224400043487548828e+00,3.751036408218067386e+00,3.366531710799923083e+00,3.333684339779533268e+00,3.638171662319712674e+00
2.224699974060058594e+00,3.752469671573199328e+00,3.367023041524405791e+00,3.334238773186797733e+00,3.639589295482789755e+00
2.224999904632568359e+00,3.753907909674978338e+00,3.367519044591093635e+00,3.334807945626932835e+00,3.641023445362732591e+00
2.225300073623657227e+00,3.755352609360449900e+00,3.368023315062499634e+00,3.335392328524840355e+00,3.642472505010725392e+00
2.225600004196166992e+00,3.756804982770476808e+00,3.368532547087350615e+00,3.335989801175221814e+00,3.643937345783669457e+00
2.225899934768676758e+00,3.758263710454942785e+00,3.369048699647568590e+00,3.336600397486826353e+00,3.645415324692215187e+00
2.226200103759765625e+00,3.759727948952992893e+00,3.369572336287900871e+00,3.337226087186071943e+00,3.646910928866483381e+00
2.226500034332275391e+00,3.761201048585506967e+00,3.370101716921312107e+00,3.337866169511918280e+00,3.648421842514299573e+00
2.226799964904785156e+00,3.762678962420508810e+00,3.370638740486829210e+00,3.338520139380585228e+00,3.649946531472628042e+00
2.227099895477294922e+00,3.764161840016052807e+00,3.371182234371175035e+00,3.339187809557557340e+00,3.651486648985402539e+00
2.227400064468383789e+00,3.765652306450476772e+00,3.371730011226228285e+00,3.339871755318184476e+00,3.653043078483786399e+00
2.227699995040893555e+00,3.767148805847057247e+00,3.372287539331011885e+00,3.340568968600194921e+00,3.654613546075791586e+00
2.227999925613403320e+00,3.768650487409137995e+00,3.372851170110958030e+00,3.341282623966296050e+00,3.656199517484606254e+00
2.228300094604492188e+00,3.770157906532345393e+00,3.373420729097673210e+00,3.342009534966515094e+00,3.657800104530883889e+00
2.228600025177001953e+00,3.771671963031871133e+00,3.374000277053640140e+00,3.342752276544160406e+00,3.659416130478638784e+00
2.228899955749511719e+00,3.773190471882335473e+00,3.374584909253644405e+00,3.343508856194906009e+00,3.661047400555284881e+00
2.229199886322021484e+00,3.774714250658652848e+00,3.375175583209666375e+00,3.344281137169125451e+00,3.662690132800919152e+00
2.229500055313110352e+00,3.776244117391709398e+00,3.375774719979225402e+00,3.345068750017011094e+00,3.664350787272975474e+00
2.229799985885620117e+00,3.777781015387326136e+00,3.376380225442363603e+00,3.345870717475214473e+00,3.666026788454532337e+00
2.230099916458129883e+00,3.779320795256194021e+00,3.376994158808292568e+00,3.346688498077329932e+00,3.667715747616839383e+00
2.230400085449218750e+00,3.780866117374153568e+00,3.377614509021021227e+00,3.347521442558156757e+00,3.669418733084563566e+00
2.230700016021728516e+00,3.782417100317986502e+00,3.378242166430982518e+00,3.348370296278677660e+00,3.671137264685603974e+00
2.230999946594238281e+00,3.783971795325886678e+00,3.378877639735042404e+00,3.349234592645470965e+00,3.672869130002514915e+00
2.231300115585327148e+00,3.785532431349395210e+00,3.379520114951397147e+00,3.350114919434758587e+00,3.674616261432892106e+00
2.231600046157836914e+00,3.787098396583137294e+00,3.380170628995454507e+00,3.351009762351649712e+00,3.676377498209379535e+00
2.231899976730346680e+00,3.788667026661847181e+00,3.380829410000054658e+00,3.351921566864928703e+00,3.678153351196945309e+00
2.232199907302856445e+00,3.790241526873403100e+00,3.381494192839315627e+00,3.352848333989634000e+00,3.679942365428661599e+00
2.232500076293945312e+00,3.791822637194851353e+00,3.382167528078489305e+00,3.353790831137942074e+00,3.681746053499697080e+00
2.232800006866455078e+00,3.793404425771238486e+00,3.382849186860388269e+00,3.354749810725645709e+00,3.683563808893331348e+00
2.233099937438964844e+00,3.794991467488421755e+00,3.383537947904376342e+00,3.355725119979335425e+00,3.685394757573527080e+00
2.233400106430053711e+00,3.796585734178425486e+00,3.384233949289320087e+00,3.356716051743773743e+00,3.687241044915663846e+00
2.233700037002563477e+00,3.798180343615541688e+00,3.384940027604492752e+00,3.357722544026551681e+00,3.689099944110352247e+00
2.233999967575073242e+00,3.799780725824660088e+00,3.385654139218419179e+00,3.358747541656925684e+00,3.690972916110540680e+00
2.234299898147583008e+00,3.801384885479137665e+00,3.386374539558982377e+00,3.359786947197143547e+00,3.692859629766608975e+00
2.234600067138671875e+00,3.802992677337408978e+00,3.387104793263463698e+00,3.360843692339422262e+00,3.694759797032805437e+00
2.234899997711181641e+00,3.804605177682174322e+00,3.387842274950178645e+00,3.361916815149397664e+00,3.696673324159615248e+00
2.235199928283691406e+00,3.806219819478657396e+00,3.388589801217753106e+00,3.363006365862458935e+00,3.698598595756660945e+00
2.235500097274780273e+00,3.807840269059587612e+00,3.389345276492456982e+00,3.364112859663771715e+00,3.700538082420209207e+00
2.235800027847290039e+00,3.809461762460197409e+00,3.390108603818106747e+00,3.365236270682339548e+00,3.702491720326317015e+00
2.236099958419799805e+00,3.811088547453243436e+00,3.390880278814735860e+00,3.366376395348624317e+00,3.704457797875995606e+00
2.236399888992309570e+00,3.812718473664270746e+00,3.391663005476060810e+00,3.367532707848659879e+00,3.706435880958187656e+00
2.236700057983398438e+00,3.814350980028360372e+00,3.392453091250331454e+00,3.368706313087303172e+00,3.708427849550845146e+00
2.236999988555908203e+00,3.815987146696074195e+00,3.393251875828109387e+00,3.369898464403323857e+00,3.710433185875607887e+00
2.237299919128417969e+00,3.817627853196580823e+00,3.394060450743143331e+00,3.371105834733000961e+00,3.712449530785810747e+00
2.237600088119506836e+00,3.819269267831875148e+00,3.394878749601397239e+00,3.372331883634906546e+00,3.714479311918330140e+00
2.237900018692016602e+00,3.820915792597582517e+00,3.395706039263814535e+00,3.373573766693506837e+00,3.716521374045039128e+00
2.238199949264526367e+00,3.822564130442510866e+00,3.396541425083360544e+00,3.374833392669298160e+00,3.718575355901849733e+00
2.238500118255615234e+00,3.824215613370375966e+00,3.397387923871817428e+00,3.376111388856666728e+00,3.720641416331283757e+00
2.238800048828125000e+00,3.825870404582703443e+00,3.398243062589995755e+00,3.377404692285026933e+00,3.722721252031527150e+00
2.239099979400634766e+00,3.827527526400322788e+00,3.399109121421230562e+00,3.378717315661441845e+00,3.724812512094396233e+00
2.239399909973144531e+00,3.829186771370239661e+00,3.399984972782250203e+00,3.380047749782407074e+00,3.726913259765296083e+00
2.239700078964233398e+00,3.830849378212206169e+00,3.400868867223148406e+00,3.381395750260512756e+00,3.729028294452933601e+00
2.240000009536743164e+00,3.832513929784817641e+00,3.401765122742884451e+00,3.382760032947335738e+00,3.731153906565414680e+00
2.240299940109252930e+00,3.834182109551490747e+00,3.402670069956768906e+00,3.384143638895638517e+00,3.733290390909025369e+00
2.240600109100341797e+00,3.835851597974953009e+00,3.403585148317789244e+00,3.385543919391384549e+00,3.735438604940843899e+00
2.240900039672851562e+00,3.837524223626848752e+00,3.404512552975635931e+00,3.386962118045840242e+00,3.737599702504960320e+00
2.241199970245361328e+00,3.839198639397243262e+00,3.405448819749548939e+00,3.388398380047572989e+00,3.739769873368566699e+00
2.241499900817871094e+00,3.840876398308127548e+00,3.406395140168738234e+00,3.389854116340933921e+00,3.741952178805634244e+00
2.241800069808959961e+00,3.842555495974355306e+00,3.407354185200794472e+00,3.391326442465076418e+00,3.744145027780394930e+00
2.242100000381469727e+00,3.844236849160695080e+00,3.408322966696008649e+00,3.392816948915156949e+00,3.746349071720806556e+00
2.242399930953979492e+00,3.845920416731252178e+00,3.409303242089368524e+00,3.394327524743266267e+00,3.748563652271905244e+00
2.242700099945068359e+00,3.847606663908996083e+00,3.410293392537508517e+00,3.395854347958692010e+00,3.750787577696529596e+00
2.243000030517578125e+00,3.849293850070072853e+00,3.411296104862385103e+00,3.397400362260192264e+00,3.753023867351474863e+00
2.243299961090087891e+00,3.850982221939625916e+00,3.412311073233162961e+00,3.398963909401111927e+00,3.755267933372339773e+00
2.243599891662597656e+00,3.852674964585302675e+00,3.413336259877693291e+00,3.400545720834180052e+00,3.757524421278592985e+00
2.243900060653686523e+00,3.854368739675672728e+00,3.414373868022801961e+00,3.402146786932563671e+00,3.759789880056448652e+00
2.244199991226196289e+00,3.856064124988844988e+00,3.415421922336038030e+00,3.403766592673236335e+00,3.762066120536973202e+00
2.244499921798706055e+00,3.857761954820706496e+00,3.416481375136732890e+00,3.405403675274270903e+00,3.764349004099559082e+00
2.244800090789794922e+00,3.859459996844436080e+00,3.417556045369924522e+00,3.407060282204577462e+00,3.766645004760976967e+00
2.245100021362304688e+00,3.861160514228866525e+00,3.418640502370737355e+00,3.408734739085796495e+00,3.768948134714188214e+00
2.245399951934814453e+00,3.862864403075654263e+00,3.419737538470673410e+00,3.410429061224562020e+00,3.771261037077973555e+00
2.245699882507324219e+00,3.864568834564086064e+00,3.420848759137689932e+00,3.412139223831073487e+00,3.773583791128423126e+00
2.246000051498413086e+00,3.866274099278536269e+00,3.421971005984739023e+00,3.413871592361066298e+00,3.775913143293565088e+00
2.246299982070922852e+00,3.867982647775594529e+00,3.423105961594410385e+00,3.415621099716079634e+00,3.778255267008567397e+00
2.246599912643432617e+00,3.869691609422478251e+00,3.424254778867164450e+00,3.417388159925470070e+00,3.780602559496536230e+00
2.246900081634521484e+00,3.871401529684810328e+00,3.425416942635026274e+00,3.419175972203425840e+00,3.782959525423389202e+00
2.247200012207031250e+00,3.873114737838816435e+00,3.426590982006308295e+00,3.420980736179326520e+00,3.785325065273801304e+00
2.247499942779541016e+00,3.874827887984684249e+00,3.427778664537034281e+00,3.422806190126356896e+00,3.787698103392512117e+00
2.247800111770629883e+00,3.876543552717351293e+00,3.428979488285167854e+00,3.424649607147399522e+00,3.790079381864757124e+00
2.248100042343139648e+00,3.878261023572335819e+00,3.430194107267845016e+00,3.426511946484258608e+00,3.792469636936828259e+00
2.248399972915649414e+00,3.879981031482868659e+00,3.431423188953100389e+00,3.428394209541581361e+00,3.794865439463652734e+00
2.248699903488159180e+00,3.881700946038254330e+00,3.432666493319847412e+00,3.430293539619793997e+00,3.797270086700359037e+00
2.249000072479248047e+00,3.883423928310816731e+00,3.433922736605419246e+00,3.432213907640992989e+00,3.799681382625104131e+00
2.249300003051757812e+00,3.885146435204620108e+00,3.435194810032311974e+00,3.434151760407602616e+00,3.802102493548911610e+00
2.249599933624267578e+00,3.886871911380652911e+00,3.436479965420791594e+00,3.436108505453494555e+00,3.804528046187683366e+00
2.249900102615356445e+00,3.888598416722231832e+00,3.437780262708604706e+00,3.438084845816398172e+00,3.806960103309704468e+00
2.250200033187866211e+00,3.890327122497029944e+00,3.439094823587971028e+00,3.440080299679823650e+00,3.809400626163638837e+00
2.250499963760375977e+00,3.892056919406622129e+00,3.440424571855755786e+00,3.442093053735276076e+00,3.811846806051052639e+00
2.250799894332885742e+00,3.893789347592937045e+00,3.441769018478940012e+00,3.444127059827843951e+00,3.814300168339406660e+00
2.251100063323974609e+00,3.895520750803258103e+00,3.443128213403736648e+00,3.446179834881255566e+00,3.816759719971745124e+00
2.251399993896484375e+00,3.897257449835350940e+00,3.444503789485768408e+00,3.448249766578452835e+00,3.819224691424092377e+00
2.251699924468994141e+00,3.898993411975148149e+00,3.445894520687084572e+00,3.450340259352280725e+00,3.821695277185912953e+00
2.252000093460083008e+00,3.900731547187655135e+00,3.447300779277093774e+00,3.452449332122092152e+00,3.824172679943158126e+00
2.252300024032592773e+00,3.902470121781893564e+00,3.448722168080550876e+00,3.454577724679894768e+00,3.826654570588454707e+00
2.252599954605102539e+00,3.904211799606779998e+00,3.450160717768805618e+00,3.456724176693384720e+00,3.829142509046213227e+00
2.252899885177612305e+00,3.905955329039043189e+00,3.451614366801219802e+00,3.458889313885797900e+00,3.831636809540312605e+00
2.253200054168701172e+00,3.907700590567319665e+00,3.453085470000025303e+00,3.461075183716198378e+00,3.834134303670250876e+00
2.253499984741210938e+00,3.909449032865491169e+00,3.454572845603298692e+00,3.463280443947367893e+00,3.836637217227512942e+00
2.253799915313720703e+00,3.911197015625081264e+00,3.456075881220326718e+00,3.465503787901797583e+00,3.839144993358391211e+00
2.254100084304809570e+00,3.912948207824160640e+00,3.457595713008683180e+00,3.467743972115080897e+00,3.841657131060065566e+00
2.254400014877319336e+00,3.914701883386181969e+00,3.459131792217879919e+00,3.470004736737598350e+00,3.844174327281070891e+00
2.254699945449829102e+00,3.916455209921565483e+00,3.460686831802391339e+00,3.472284750242649043e+00,3.846694328551349074e+00
2.255000114440917969e+00,3.918212667253339720e+00,3.462258169389304641e+00,3.474582491480229240e+00,3.849220180183765105e+00
2.255300045013427734e+00,3.919971383986785796e+00,3.463846757508623142e+00,3.476899842914592753e+00,3.851749127181598453e+00
2.255599975585937500e+00,3.921732637194070836e+00,3.465453121463610842e+00,3.479236232297823861e+00,3.854281137195009865e+00
2.255899906158447266e+00,3.923496803290407176e+00,3.467077581449220069e+00,3.481590244557408287e+00,3.856818035842297654e+00
2.256200075149536133e+00,3.925262335812232273e+00,3.468720158451494395e+00,3.483963995056145180e+00,3.859356671424818419e+00
2.256500005722045898e+00,3.927030435663321661e+00,3.470379953841244980e+00,3.486355964982139621e+00,3.861899385097436355e+00
2.256799936294555664e+00,3.928799627997406674e+00,3.472059199559700549e+00,3.488767117717178401e+00,3.864443739278364820e+00
2.257100105285644531e+00,3.930573696408706130e+00,3.473755939862441355e+00,3.491195878860278601e+00,3.866992978253617874e+00
2.257400035858154297e+00,3.932349865592517535e+00,3.475470726360240015e+00,3.493643357568919861e+00,3.869544845832697977e+00
2.257699966430664062e+00,3.934128931289219366e+00,3.477204440431539645e+00,3.496109132801970887e+00,3.872098396365594830e+00
2.257999897003173828e+00,3.935907343835755690e+00,3.478957629474748625e+00,3.498593659903188158e+00,3.874653577026423878e+00
2.258300065994262695e+00,3.937691824958072573e+00,3.480729896260099210e+00,3.501097563064464957e+00,3.877212926958167216e+00
2.258599996566772461e+00,3.939478446723152949e+00,3.482520848525208379e+00,3.503618333187125344e+00,3.879773426290445748e+00
2.258899927139282227e+00,3.941269322764413108e+00,3.484331604624229861e+00,3.506158372946963642e+00,3.882335033046602213e+00
2.259200096130371094e+00,3.943062112763749738e+00,3.486162699021191358e+00,3.508716635562385111e+00,3.884898319365085229e+00
2.259500026702880859e+00,3.944858844710190215e+00,3.488012451158726268e+00,3.511291239207904091e+00,3.887464027472979922e+00
2.259799957275390625e+00,3.946658346917477633e+00,3.489881332853627782e+00,3.513886074608858934e+00,3.890029119008838521e+00
2.260099887847900391e+00,3.948460834806851949e+00,3.491771240974293811e+00,3.516498780252197864e+00,3.892598029584438013e+00
2.260400056838989258e+00,3.950265854252783537e+00,3.493681897923446300e+00,3.519127510277566540e+00,3.895165463890968294e+00
2.260699987411499023e+00,3.952076464496256492e+00,3.495612229898425127e+00,3.521776918097883957e+00,3.897734597910836207e+00
2.260999917984008789e+00,3.953889294007340016e+00,3.497562533897432324e+00,3.524441340140667567e+00,3.900307584469742572e+00
2.261300086975097656e+00,3.955706787286106252e+00,3.499532635050164764e+00,3.527124963899049170e+00,3.902876588253936241e+00
2.261600017547607422e+00,3.957528695309188826e+00,3.501524481424678648e+00,3.529826378052799640e+00,3.905447532580471837e+00
2.261899948120117188e+00,3.959353885620684466e+00,3.503537888672786593e+00,3.532544452288255865e+00,3.908018015919256349e+00
2.262200117111206055e+00,3.961182386100464026e+00,3.505573405577242951e+00,3.535279426444912332e+00,3.910590332715257134e+00
2.262500047683715820e+00,3.963017093289022963e+00,3.507627589706181492e+00,3.538032284231657165e+00,3.913160200961194768e+00
2.262799978256225586e+00,3.964853686598086568e+00,3.509704956756847682e+00,3.540804036207732430e+00,3.915730822831176017e+00
2.263099908828735352e+00,3.966697525526345913e+00,3.511804180573013134e+00,3.543590705950511399e+00,3.918301318976494585e+00
2.263400077819824219e+00,3.968545491283345328e+00,3.513922794787111670e+00,3.546396188277707751e+00,3.920871224492135987e+00
2.263700008392333984e+00,3.970397644447607899e+00,3.516065859669508242e+00,3.549217456926381686e+00,3.923439648035350835e+00
2.263999938964843750e+00,3.972254941538020390e+00,3.518228680400468988e+00,3.552056203177764715e+00,3.926008237158227221e+00
2.264300107955932617e+00,3.974116618736007300e+00,3.520416545398728392e+00,3.554912056466477566e+00,3.928574956621866843e+00
2.264600038528442383e+00,3.975985532284320723e+00,3.522624467683346250e+00,3.557783300074674582e+00,3.931139599227115866e+00
2.264899969100952148e+00,3.977858443412039868e+00,3.524855790962271307e+00,3.560672154404882495e+00,3.933703386061579987e+00
2.265199899673461914e+00,3.979735861943348496e+00,3.527109068769664901e+00,3.563577951308413816e+00,3.936266980257890680e+00
2.265500068664550781e+00,3.981619656291771392e+00,3.529386022891655816e+00,3.566498062727376350e+00,3.938828351419317197e+00
2.265799999237060547e+00,3.983510514883219056e+00,3.531685736302118350e+00,3.569435752752274205e+00,3.941388420240889534e+00
2.266099929809570312e+00,3.985405468627012393e+00,3.534007818445097815e+00,3.572388925798497095e+00,3.943945607218548588e+00
2.266400098800659180e+00,3.987307614406971901e+00,3.536352949151104319e+00,3.575359203873755831e+00,3.946500444957469433e+00
2.266700029373168945e+00,3.989216538174571891e+00,3.538722497756497276e+00,3.578343529033669590e+00,3.949053212044152161e+00
2.266999959945678711e+00,3.991129723880577185e+00,3.541114216546624505e+00,3.581344992869056831e+00,3.951604371533270488e+00
2.267299890518188477e+00,3.993052121640596308e+00,3.543530190511580358e+00,3.584361602042873240e+00,3.954152932955177668e+00
2.267600059509277344e+00,3.994979872572816948e+00,3.545971180387545996e+00,3.587394391117840975e+00,3.956697152433847897e+00
2.267899990081787109e+00,3.996916155139548010e+00,3.548433974508271582e+00,3.590442520946615979e+00,3.959241140515509016e+00
2.268199920654296875e+00,3.998858364347977368e+00,3.550921084743400957e+00,3.593502650032327495e+00,3.961781779371477796e+00
2.268500089645385742e+00,4.000807563821998869e+00,3.553432736756276800e+00,3.596581067576099411e+00,3.964318406126453809e+00
2.268800020217895508e+00,4.002764405784581037e+00,3.555968966826039246e+00,3.599674423114491262e+00,3.966853384337667876e+00
2.269099950790405273e+00,4.004728875884977946e+00,3.558529926784360420e+00,3.602781682733777302e+00,3.969383420134897200e+00
2.269399881362915039e+00,4.006702842202825465e+00,3.561113384419872574e+00,3.605903537247272972e+00,3.971910073692232590e+00
2.269700050354003906e+00,4.008683035251278781e+00,3.563724070532994670e+00,3.609038364957173783e+00,3.974434248114377954e+00
2.269999980926513672e+00,4.010671663601387493e+00,3.566358770925643906e+00,3.612190065972152198e+00,3.976955990103551830e+00
2.270299911499023438e+00,4.012668955095222145e+00,3.569017236809505889e+00,3.615355169426819781e+00,3.979471798134780691e+00
2.270600080490112305e+00,4.014674303656609489e+00,3.571700932904859904e+00,3.618533646567004158e+00,3.981985597580519620e+00
2.270900011062622070e+00,4.016689152696855558e+00,3.574410198190143717e+00,3.621726401723939226e+00,3.984495563422725706e+00
2.271199941635131836e+00,4.018713596382475828e+00,3.577144668160210816e+00,3.624933593507639884e+00,3.987000670627058874e+00
2.271500110626220703e+00,4.020747048467016249e+00,3.579904262277501026e+00,3.628151330855539314e+00,3.989500407859393860e+00
2.271800041198730469e+00,4.022788055377469085e+00,3.582688449605527126e+00,3.631385710546132017e+00,3.991997958618012543e+00
2.272099971771240234e+00,4.024841065479403568e+00,3.585499309002122104e+00,3.634631516435149923e+00,3.994490996694732399e+00
2.272399902343750000e+00,4.026902981083582134e+00,3.588335613667453128e+00,3.637890302867786030e+00,3.996978823821007332e+00
2.272700071334838867e+00,4.028975420678985842e+00,3.591196712816602687e+00,3.641163010669657751e+00,3.999462978696834536e+00
2.273000001907348633e+00,4.031056917618032642e+00,3.594084315623842674e+00,3.644448260597271005e+00,4.001942572773807605e+00
2.273299932479858398e+00,4.033149259261026742e+00,3.596997272636349052e+00,3.647744128438006328e+00,4.004417351696485383e+00
2.273600101470947266e+00,4.035251678176630996e+00,3.599937355406051420e+00,3.651054400153066481e+00,4.006887687295984435e+00
2.273900032043457031e+00,4.037365444389230618e+00,3.602903597998482255e+00,3.654375124686128906e+00,4.009353524268833624e+00
2.274199962615966797e+00,4.039490852375479335e+00,3.605895625260772341e+00,3.657710016065443881e+00,4.011813472206270603e+00
2.274499893188476562e+00,4.041626630219581351e+00,3.608913073877452860e+00,3.661056104210716367e+00,4.014270423277611854e+00
2.274800062179565430e+00,4.043774360847856464e+00,3.611957785236644902e+00,3.664413206060577188e+00,4.016720151590774890e+00
2.275099992752075195e+00,4.045933868025041846e+00,3.615030652152881885e+00,3.667782150203786173e+00,4.019166651906809662e+00
2.275399923324584961e+00,4.048105658068348767e+00,3.618126756720318582e+00,3.671160906480302799e+00,4.021606675815045051e+00
2.275700092315673828e+00,4.050287951926605068e+00,3.621251176494278301e+00,3.674552298656825311e+00,4.024043944761523051e+00
2.276000022888183594e+00,4.052483766675595511e+00,3.624400832241855941e+00,3.677954218608220138e+00,4.026472989733155927e+00
2.276299953460693359e+00,4.054692208754159921e+00,3.627579285812384313e+00,3.681368037314682873e+00,4.028900576553015256e+00
2.276599884033203125e+00,4.056912390098236010e+00,3.630782891314127347e+00,3.684789480201186684e+00,4.031319759346885689e+00
2.276900053024291992e+00,4.059146716251170517e+00,3.634014425020461569e+00,3.688222432877475310e+00,4.033734772765400045e+00
2.277199983596801758e+00,4.061393639718350101e+00,3.637272789229026415e+00,3.691667177354471807e+00,4.036144532470476776e+00
2.277499914169311523e+00,4.063654845402661309e+00,3.640558721795863928e+00,3.695120563164204786e+00,4.038551326465161573e+00
2.277800083160400391e+00,4.065928853178031765e+00,3.643869340292083869e+00,3.698583759808858673e+00,4.040949925177938162e+00
2.278100013732910156e+00,4.068217215331496384e+00,3.647208909884534833e+00,3.702055782745390378e+00,4.043343947536598648e+00
2.278399944305419922e+00,4.070520123501126797e+00,3.650574320658661609e+00,3.705537670233906677e+00,4.045732559934297257e+00
2.278700113296508789e+00,4.072834950996084835e+00,3.653968428988481953e+00,3.709029670156298586e+00,4.048116076991901124e+00
2.279000043869018555e+00,4.075168180187459299e+00,3.657389023420242857e+00,3.712529173754056000e+00,4.050493384503859318e+00
2.279299974441528320e+00,4.077512913250574300e+00,3.660836143489955674e+00,3.716037490148762501e+00,4.052865053843729193e+00
2.279599905014038086e+00,4.079874918875910694e+00,3.664311771770691895e+00,3.719554451908993364e+00,4.055231409792644293e+00
2.279900074005126953e+00,4.082250038923985080e+00,3.667813767499763955e+00,3.723081076429663572e+00,4.057594668353596390e+00
2.280200004577636719e+00,4.084642182565819901e+00,3.671343635358550017e+00,3.726614556494369790e+00,4.059951759878072330e+00
2.280499935150146484e+00,4.087048936537266641e+00,3.674901220355411002e+00,3.730156327087599255e+00,4.062302139859522043e+00
2.280800104141235352e+00,4.089472630209421311e+00,3.678486628717700935e+00,3.733705891421132961e+00,4.064648025413724497e+00
2.281100034713745117e+00,4.091911844312413393e+00,3.682098629413827595e+00,3.737262105687478631e+00,4.066987609387767932e+00
2.281399965286254883e+00,4.094366997206082992e+00,3.685736496897058512e+00,3.740826880852427649e+00,4.069322866480690415e+00
2.281699895858764648e+00,4.096840050190062144e+00,3.689404551623684636e+00,3.744398145973544256e+00,4.071653203283029931e+00
2.282000064849853516e+00,4.099330249024392359e+00,3.693097254745562719e+00,3.747976834777415611e+00,4.073978910596763647e+00
2.282299995422363281e+00,4.101835260022094864e+00,3.696820384841689844e+00,3.751561741908872705e+00,4.076298211790810200e+00
2.282599925994873047e+00,4.104359290005302974e+00,3.700567910279284778e+00,3.755154290800928329e+00,4.078610891374835568e+00
2.282900094985961914e+00,4.106899709851965952e+00,3.704345927012241191e+00,3.758750693976532276e+00,4.080919281594637127e+00
2.283200025558471680e+00,4.109460085665669560e+00,3.708149877715023468e+00,3.762356697195900601e+00,4.083224835941360098e+00
2.283499956130981445e+00,4.112034826605447613e+00,3.711982207406078871e+00,3.765967045706500649e+00,4.085523268310647715e+00
2.283799886703491211e+00,4.114629625371353683e+00,3.715839562009437991e+00,3.769582048333370849e+00,4.087817325393388934e+00
2.284100055694580078e+00,4.117245445970952211e+00,3.719726718230981000e+00,3.773202405649462854e+00,4.090106674977247891e+00
2.284399986267089844e+00,4.119876730779937546e+00,3.723641096565986075e+00,3.776829104646036939e+00,4.092390561819272854e+00
2.284699916839599609e+00,4.122526262972840527e+00,3.727582511832422618e+00,3.780460698036955058e+00,4.094670011262952158e+00
2.285000085830688477e+00,4.125195337947046070e+00,3.731552118428211440e+00,3.784096776304710641e+00,4.096945500784475058e+00
2.285300016403198242e+00,4.127885451105431258e+00,3.735547356443132294e+00,3.787738367257041272e+00,4.099216404671514269e+00
2.285599946975708008e+00,4.130594613221424183e+00,3.739571214004861588e+00,3.791385062610374668e+00,4.101481911884315323e+00
2.285900115966796875e+00,4.133321552556667555e+00,3.743620423971259825e+00,3.795034911619402429e+00,4.103744231667462827e+00
2.286200046539306641e+00,4.136068739340308831e+00,3.747700181008619236e+00,3.798689396710157151e+00,4.106000011612348288e+00
2.286499977111816406e+00,4.138836718823480254e+00,3.751804827899818395e+00,3.802347202236808776e+00,4.108253378400040567e+00
2.286799907684326172e+00,4.141626383734505978e+00,3.755936485823618831e+00,3.806010355046919980e+00,4.110502436757968781e+00
2.287100076675415039e+00,4.144435705733286568e+00,3.760095189642548519e+00,3.809675163780299911e+00,4.112746772688010033e+00
2.287400007247924805e+00,4.147263674311341575e+00,3.764283143940186704e+00,3.813345117006615048e+00,4.114988725795234004e+00
2.287699937820434570e+00,4.150115497305048251e+00,3.768496291333753412e+00,3.817016176210652034e+00,4.117224294435233745e+00
2.288000106811523438e+00,4.152986792488333911e+00,3.772737616270370076e+00,3.820690806427335495e+00,4.119458962781149758e+00
2.288300037384033203e+00,4.155879146029020532e+00,3.777004803561608171e+00,3.824369320324878530e+00,4.121687936170538968e+00
2.288599967956542969e+00,4.158794175386277381e+00,3.781298063401246079e+00,3.828049791304459326e+00,4.123913888023883700e+00
2.288899898529052734e+00,4.161729769689337388e+00,3.785618449888783044e+00,3.831733024433086054e+00,4.126136532405882740e+00
2.289200067520141602e+00,4.164686812170549146e+00,3.789968137065382603e+00,3.835418097158648898e+00,4.128357029649585286e+00
2.289499998092651367e+00,4.167668186186851642e+00,3.794340897226063269e+00,3.839105957190617424e+00,4.130573312488805549e+00
2.289799928665161133e+00,4.170669425212951253e+00,3.798740583361051470e+00,3.842794134690405539e+00,4.132786951409944010e+00
2.290100097656250000e+00,4.173694139836187311e+00,3.803167964449997829e+00,3.846484884303400076e+00,4.134997508197397309e+00
2.290400028228759766e+00,4.176742155625236208e+00,3.807622309917835235e+00,3.850178230553185088e+00,4.137205712909405086e+00
2.290699958801269531e+00,4.179811814397565328e+00,3.812101965262172598e+00,3.853871542679379036e+00,4.139412405531416539e+00
2.290999889373779297e+00,4.182905366451334928e+00,3.816607723123286444e+00,3.857567854294222442e+00,4.141615495230730914e+00
2.291300058364868164e+00,4.186021740370887478e+00,3.821140208379812275e+00,3.861262850385445144e+00,4.143816648715038298e+00
2.291599988937377930e+00,4.189160362833256102e+00,3.825698746705532560e+00,3.864961754750842360e+00,4.146015644219088969e+00
2.291899919509887695e+00,4.192325312807062332e+00,3.830281669506898190e+00,3.868658284060457309e+00,4.148212831782574384e+00
2.292200088500976562e+00,4.195511664790966933e+00,3.834892924179653217e+00,3.872356892801149364e+00,4.150408388152518668e+00
2.292500019073486328e+00,4.198720603330004408e+00,3.839528998126489512e+00,3.876056151640298708e+00,4.152602185888477848e+00
2.292799949645996094e+00,4.201955721704218938e+00,3.844188576886206299e+00,3.879754482505224367e+00,4.154795541122430436e+00
2.293100118637084961e+00,4.205214267305609432e+00,3.848874716545967356e+00,3.883454563220472444e+00,4.156987536644024317e+00
2.293400049209594727e+00,4.208497956908463067e+00,3.853585948090211932e+00,3.887153303906805579e+00,4.159177740348529717e+00
2.293699979782104492e+00,4.211804049672693395e+00,3.858324316769461859e+00,3.890853195420414856e+00,4.161367656846438834e+00
2.293999910354614258e+00,4.215134764870218653e+00,3.863085561882255270e+00,3.894552668754931446e+00,4.163555668980736257e+00
2.294300079345703125e+00,4.218490567193157403e+00,3.867872691478244640e+00,3.898251937559582547e+00,4.165747306916543380e+00
2.294600009918212891e+00,4.221871333057333864e+00,3.872685373409672671e+00,3.901949369567642822e+00,4.167934851828391629e+00
2.294899940490722656e+00,4.225278104302694793e+00,3.877522180932145623e+00,3.905646460135371534e+00,4.170124244926932455e+00
2.295200109481811523e+00,4.228708299903930268e+00,3.882382376998022799e+00,3.909344510119008298e+00,4.172311926188459807e+00
2.295500040054321289e+00,4.232163797180738207e+00,3.887268566925237145e+00,3.913040168308364208e+00,4.174501525738781638e+00
2.295799970626831055e+00,4.235645424785559499e+00,3.892179589046053323e+00,3.916734977319451083e+00,4.176691093218590112e+00
2.296099901199340820e+00,4.239151383683408270e+00,3.897113298232023126e+00,3.920429401322585328e+00,4.178882000640831151e+00
2.296400070190429688e+00,4.242683715940739120e+00,3.902071888745543227e+00,3.924121689115742662e+00,4.181073115302122112e+00
2.296700000762939453e+00,4.246240123604179573e+00,3.907053091966624869e+00,3.927813138117073333e+00,4.183266548523635109e+00
2.296999931335449219e+00,4.249823919451389820e+00,3.912058916803074382e+00,3.931503911526969652e+00,4.185461087241653999e+00
2.297300100326538086e+00,4.253433107279632530e+00,3.917087854048025619e+00,3.935192260386597418e+00,4.187656803620159351e+00
2.297600030899047852e+00,4.257067779989836431e+00,3.922140691039019966e+00,3.938878923219090389e+00,4.189853867910656504e+00
2.297899961471557617e+00,4.260728267122489754e+00,3.927216414246869292e+00,3.942565325091412554e+00,4.192053509164185066e+00
2.298199892044067383e+00,4.264414099569189709e+00,3.932316006086594484e+00,3.946248460377505651e+00,4.194255055609247052e+00
2.298500061035156250e+00,4.268126527402694492e+00,3.937438024895485444e+00,3.949930656246101623e+00,4.196460066060057947e+00
2.298799991607666016e+00,4.271866526133335284e+00,3.942583215986819489e+00,3.953610237469477262e+00,4.198667265740839483e+00
2.299099922180175781e+00,4.275630927958665950e+00,3.947750855711761986e+00,3.957288092149510383e+00,4.200877570830128249e+00
2.299400091171264648e+00,4.279421249038372288e+00,3.952940336259453957e+00,3.960964792087882547e+00,4.203090954862400253e+00
2.299700021743774414e+00,4.283238503544527731e+00,3.958152952663053448e+00,3.964639393418875724e+00,4.205307600865553219e+00
2.299999952316284180e+00,4.287081825717925732e+00,3.963386518792552771e+00,3.968310726624090901e+00,4.207528149885895630e+00
