frequency,S11_re,S11_im,S12_re,S12_im,S13_re,S13_im,S14_re,S14_im,S21_re,S21_im,S22_re,S22_im,S23_re,S23_im,S24_re,S24_im,S31_re,S31_im,S32_re,S32_im,S33_re,S33_im,S34_re,S34_im,S41_re,S41_im,S42_re,S42_im,S43_re,S43_im,S44_re,S44_im
7.90000009536743,0.439434051513672,0.532209098339081,-0.0659499913454056,-0.0765030384063721,-0.276461154222488,0.269114792346954,-0.065951906144619,-0.0765013471245766,-0.0659499987959862,-0.0765030458569527,0.43943327665329,0.532208442687988,-0.0659518912434578,-0.0765013322234154,-0.276461452245712,0.269115626811981,-0.276461124420166,0.269114792346954,-0.065951906144619,-0.076501339673996,0.439430385828018,0.532212138175964,-0.0659537836909294,-0.0764996856451035,-0.0659518986940384,-0.076501339673996,-0.276461452245712,0.269115597009659,-0.0659537836909294,-0.0764996856451035,0.439429700374603,0.532211303710938
7.90059995651245,0.439470082521439,0.532039284706116,-0.065917007625103,-0.0764903575181961,-0.276337236166,0.26928037405014,-0.0659189224243164,-0.0764886736869812,-0.0659170523285866,-0.0764903277158737,0.439469426870346,0.532038569450378,-0.0659189149737358,-0.07648865878582,-0.276337653398514,0.2692811191082,-0.276337206363678,0.269280344247818,-0.0659189149737358,-0.0764886662364006,0.439466387033463,0.532042324542999,-0.0659207850694656,-0.0764869973063469,-0.0659189149737358,-0.0764886662364006,-0.276337623596191,0.269281089305878,-0.0659207850694656,-0.0764869973063469,0.439465701580048,0.532041490077972
7.90119981765747,0.439505964517593,0.531869411468506,-0.0658840760588646,-0.0764776542782784,-0.276213318109512,0.269445925951004,-0.065885953605175,-0.0764760002493858,-0.0658840835094452,-0.0764776542782784,0.439505189657211,0.531868696212769,-0.0658859387040138,-0.0764759853482246,-0.276213645935059,0.269446730613708,-0.276213318109512,0.269445925951004,-0.0658859834074974,-0.0764759629964828,0.43950229883194,0.531872391700745,-0.0658878535032272,-0.0764743015170097,-0.0658859461545944,-0.0764759927988052,-0.276213616132736,0.269446730613708,-0.0658878535032272,-0.0764743015170097,0.439501613378525,0.531871616840363
7.90180015563965,0.439541608095169,0.531699478626251,-0.0658510848879814,-0.076465018093586,-0.2760891020298,0.269611567258835,-0.0658530071377754,-0.0764633342623711,-0.065851129591465,-0.0764649957418442,0.439540982246399,0.531698703765869,-0.0658529922366142,-0.0764633119106293,-0.276089578866959,0.269612312316895,-0.2760891020298,0.269611567258835,-0.0658529996871948,-0.0764633268117905,0.439538031816483,0.53170245885849,-0.0658549070358276,-0.076461635529995,-0.0658529996871948,-0.0764633268117905,-0.276089549064636,0.269612282514572,-0.0658548697829247,-0.0764616653323174,0.439537346363068,0.531701624393463
7.90240001678467,0.439577221870422,0.531529426574707,-0.0658181607723236,-0.0764523595571518,-0.275964826345444,0.269777238368988,-0.0658200681209564,-0.0764506757259369,-0.0658181682229042,-0.0764523670077324,0.43957644701004,0.53152871131897,-0.0658200606703758,-0.0764506608247757,-0.275965243577957,0.269777923822403,-0.275964826345444,0.269777238368988,-0.0658200606703758,-0.0764506682753563,0.439573556184769,0.531532406806946,-0.0658219307661057,-0.0764490067958832,-0.0658200308680534,-0.0764506980776787,-0.275965243577957,0.269777923822403,-0.0658219307661057,-0.0764490067958832,0.439572900533676,0.531531691551208
7.90299987792969,0.439612478017807,0.531359374523163,-0.0657852217555046,-0.0764397457242012,-0.275840431451797,0.269942849874496,-0.0657871216535568,-0.0764380544424057,-0.0657852217555046,-0.0764397457242012,0.439611852169037,0.531358659267426,-0.0657871067523956,-0.0764380395412445,-0.275840878486633,0.269943624734879,-0.275840431451797,0.269942849874496,-0.0657871216535568,-0.0764380544424057,0.43960890173912,0.531362414360046,-0.0657889842987061,-0.076436385512352,-0.0657871216535568,-0.0764380544424057,-0.275840848684311,0.269943594932556,-0.0657889842987061,-0.076436385512352,0.43960827589035,0.531361639499664
7.90360021591187,0.439647853374481,0.531189262866974,-0.0657522827386856,-0.0764271318912506,-0.275716006755829,0.270108431577682,-0.065754197537899,-0.0764254406094551,-0.0657522901892662,-0.0764271393418312,0.439647048711777,0.531188488006592,-0.0657541900873184,-0.0764254331588745,-0.275716304779053,0.270109266042709,-0.275715976953506,0.270108431577682,-0.0657541900873184,-0.0764254406094551,0.439644187688828,0.531192243099213,-0.0657560527324677,-0.076423779129982,-0.0657541900873184,-0.0764254406094551,-0.27571627497673,0.270109236240387,-0.0657560527324677,-0.076423779129982,0.439643502235413,0.531191408634186
7.90420007705688,0.439682841300964,0.53101909160614,-0.0657193809747696,-0.0764145255088806,-0.275591313838959,0.270274132490158,-0.0657212510704994,-0.0764128714799881,-0.0657193884253502,-0.0764145329594612,0.439682185649872,0.531018316745758,-0.0657212361693382,-0.0764128565788269,-0.275591641664505,0.270274937152863,-0.275591313838959,0.270274132490158,-0.0657212436199188,-0.0764128640294075,0.439679175615311,0.531022012233734,-0.0657231509685516,-0.0764111652970314,-0.0657212436199188,-0.0764128640294075,-0.275591641664505,0.270274937152863,-0.0657231509685516,-0.0764111652970314,0.439678519964218,0.531021237373352
7.9047999382019,0.439717710018158,0.530848741531372,-0.0656864568591118,-0.0764019563794136,-0.275466442108154,0.270439922809601,-0.065688356757164,-0.0764002650976181,-0.0656864643096924,-0.0764019638299942,0.439717054367065,0.530848026275635,-0.0656883493065834,-0.0764002576470375,-0.275466859340668,0.270440667867661,-0.275466442108154,0.270439893007278,-0.0656883493065834,-0.0764002576470375,0.439714133739471,0.530851721763611,-0.0656902194023132,-0.0763985961675644,-0.0656883493065834,-0.0764002576470375,-0.275466859340668,0.270440667867661,-0.0656902194023132,-0.0763985961675644,0.439713478088379,0.530850946903229
7.90539979934692,0.43975242972374,0.530678451061249,-0.0656535476446152,-0.0763894021511078,-0.275341480970383,0.270605653524399,-0.065655454993248,-0.0763877108693123,-0.0656535550951958,-0.0763894021511078,0.439751774072647,0.530677676200867,-0.0656554400920868,-0.0763876885175705,-0.275341898202896,0.270606398582458,-0.275341480970383,0.270605623722076,-0.0656554475426674,-0.0763877034187317,0.439748883247375,0.530681490898132,-0.0656573101878166,-0.076386034488678,-0.0656554475426674,-0.0763877034187317,-0.275341898202896,0.270606368780136,-0.0656573176383972,-0.0763860419392586,0.439748197793961,0.530680656433105
7.9060001373291,0.439786970615387,0.530508041381836,-0.0656206682324409,-0.076376847922802,-0.275216430425644,0.270771324634552,-0.0656225681304932,-0.0763751566410065,-0.0656206682324409,-0.076376847922802,0.439786344766617,0.530507266521454,-0.0656225606799126,-0.0763751417398453,-0.27521687746048,0.270772099494934,-0.275216430425644,0.270771324634552,-0.0656225681304932,-0.0763751491904259,0.439783364534378,0.530511081218719,-0.0656244233250618,-0.0763734802603722,-0.0656225681304932,-0.0763751491904259,-0.275216847658157,0.270772069692612,-0.0656244233250618,-0.0763734802603722,0.439782679080963,0.530510306358337
7.90659999847412,0.439821362495422,0.530337572097778,-0.0655877590179443,-0.0763643234968185,-0.275091201066971,0.270937204360962,-0.0655896663665771,-0.076362632215023,-0.0655878037214279,-0.0763643011450768,0.43982070684433,0.530336856842041,-0.0655896589159966,-0.0763626247644424,-0.275091618299484,0.270937860012054,-0.275091171264648,0.27093717455864,-0.0655896589159966,-0.076362632215023,0.439817696809769,0.530340671539307,-0.0655915513634682,-0.0763609334826469,-0.0655896589159966,-0.076362632215023,-0.275091618299484,0.270937860012054,-0.0655915513634682,-0.0763609334826469,0.439817011356354,0.53033983707428
7.90719985961914,0.439855545759201,0.530167102813721,-0.0655549168586731,-0.0763517841696739,-0.274965882301331,0.27110293507576,-0.0655568093061447,-0.0763500928878784,-0.0655549243092537,-0.0763517916202545,0.439854890108109,0.530166327953339,-0.0655568018555641,-0.0763500779867172,-0.274966180324554,0.271103709936142,-0.274965882301331,0.27110293507576,-0.0655568018555641,-0.0763500854372978,0.439851999282837,0.530170083045959,-0.0655586645007133,-0.0763484239578247,-0.0655568018555641,-0.0763500854372978,-0.274966180324554,0.27110368013382,-0.0655586719512939,-0.0763484239578247,0.439851373434067,0.530169367790222
7.90780019760132,0.439889669418335,0.529996514320374,-0.0655220150947571,-0.0763393193483353,-0.274840325117111,0.271268784999847,-0.0655239149928093,-0.0763376206159592,-0.0655220225453377,-0.0763393193483353,0.439889013767242,0.529995739459991,-0.0655239000916481,-0.0763376131653786,-0.274840623140335,0.271269530057907,-0.274840325117111,0.271268784999847,-0.0655239075422287,-0.0763376131653786,0.439885973930359,0.529999554157257,-0.0655257999897003,-0.0763359144330025,-0.0655239075422287,-0.0763376131653786,-0.274840623140335,0.271269530057907,-0.0655258074402809,-0.0763359218835831,0.439885318279266,0.529998779296875
7.90840005874634,0.439923584461212,0.529825925827026,-0.0654891654849052,-0.0763268247246742,-0.274714678525925,0.27143457531929,-0.0654910653829575,-0.0763251259922981,-0.0654891729354858,-0.0763268247246742,0.439922779798508,0.529825150966644,-0.0654910579323769,-0.0763251185417175,-0.274715006351471,0.271435350179672,-0.274714678525925,0.27143457531929,-0.0654910579323769,-0.0763251185417175,0.439919948577881,0.52982896566391,-0.0654929503798485,-0.0763234198093414,-0.0654910579323769,-0.0763251185417175,-0.274714976549149,0.27143532037735,-0.0654929578304291,-0.076323427259922,0.439919263124466,0.529828131198883
7.90899991989136,0.439957290887833,0.52965521812439,-0.0654563084244728,-0.0763143599033356,-0.274588882923126,0.271600395441055,-0.0654582008719444,-0.0763126686215401,-0.0654563158750534,-0.0763143673539162,0.43995663523674,0.529654502868652,-0.0654581934213638,-0.0763126537203789,-0.27458930015564,0.271601170301437,-0.274588882923126,0.271600395441055,-0.0654582008719444,-0.0763126611709595,0.439953625202179,0.529658198356628,-0.065460093319416,-0.0763109624385834,-0.0654582008719444,-0.0763126611709595,-0.27458930015564,0.271601170301437,-0.065460093319416,-0.076310969889164,0.439952969551086,0.529657423496246
7.90959978103638,0.439990818500519,0.529484450817108,-0.0654234662652016,-0.0763019099831581,-0.274462968111038,0.271766364574432,-0.0654253587126732,-0.0763002187013626,-0.0654235109686852,-0.0763018876314163,0.439990192651749,0.529483735561371,-0.0654253512620926,-0.0763002038002014,-0.274463266134262,0.27176707983017,-0.274462968111038,0.271766364574432,-0.0654253512620926,-0.076300211250782,0.439987182617188,0.529487431049347,-0.0654272437095642,-0.0762985125184059,-0.0654253512620926,-0.076300211250782,-0.274463266134262,0.27176707983017,-0.0654272437095642,-0.0762985125184059,0.439986526966095,0.52948671579361
7.91020011901855,0.440024256706238,0.529313623905182,-0.0653906464576721,-0.0762894675135612,-0.274336844682693,0.27193221449852,-0.0653925389051437,-0.0762877762317657,-0.0653906539082527,-0.0762894749641418,0.440023630857468,0.529312908649445,-0.0653925240039825,-0.0762877613306046,-0.274337261915207,0.271932989358902,-0.274336844682693,0.27193221449852,-0.0653925314545631,-0.0762877687811852,0.440020650625229,0.529316663742065,-0.0653944239020348,-0.0762860700488091,-0.0653925314545631,-0.0762877687811852,-0.274337232112885,0.27193295955658,-0.0653944239020348,-0.0762860700488091,0.440019816160202,0.529315948486328
7.91079998016357,0.440057426691055,0.529142796993256,-0.0653578415513039,-0.076277032494545,-0.274210631847382,0.272098124027252,-0.0653597339987755,-0.0762753337621689,-0.0653578490018845,-0.076277032494545,0.440056771039963,0.529142022132874,-0.0653597190976143,-0.0762753188610077,-0.274211078882217,0.272098869085312,-0.274210602045059,0.27209809422493,-0.0653597265481949,-0.0762753263115883,0.440053820610046,0.529145836830139,-0.0653616189956665,-0.0762736275792122,-0.0653597265481949,-0.0762753263115883,-0.274211049079895,0.272098869085312,-0.0653615742921829,-0.0762736573815346,0.440053135156631,0.529145002365112
7.91139984130859,0.440090477466583,0.52897185087204,-0.0653250217437744,-0.0762646347284317,-0.274084359407425,0.272264063358307,-0.0653269067406654,-0.076262928545475,-0.0653250217437744,-0.0762646347284317,0.440089821815491,0.528971076011658,-0.0653268992900848,-0.0762629210948944,-0.274084627628326,0.272264897823334,-0.274084329605103,0.272264033555984,-0.0653268992900848,-0.076262928545475,0.440086960792542,0.528974890708923,-0.0653287917375565,-0.0762612298130989,-0.0653268992900848,-0.076262928545475,-0.274084627628326,0.272264897823334,-0.0653287917375565,-0.0762612298130989,0.440086156129837,0.528974115848541
7.91200017929077,0.440123379230499,0.528800845146179,-0.0652921870350838,-0.0762522742152214,-0.2739577293396,0.272430092096329,-0.0652940720319748,-0.0762505680322647,-0.0652922242879868,-0.076252244412899,0.440122723579407,0.528800070285797,-0.0652940571308136,-0.0762505605816841,-0.273958146572113,0.272430837154388,-0.2739577293396,0.272430062294006,-0.0652941018342972,-0.0762505382299423,0.44011977314949,0.528803884983063,-0.0652959495782852,-0.076248861849308,-0.0652940645813942,-0.0762505680322647,-0.273958146572113,0.272430837154388,-0.0652959495782852,-0.0762488692998886,0.440119087696075,0.528803050518036
7.91260004043579,0.440156191587448,0.528629839420319,-0.0652594044804573,-0.0762398838996887,-0.273831129074097,0.272596061229706,-0.0652612894773483,-0.0762381926178932,-0.0652594044804573,-0.0762398838996887,0.440155416727066,0.528629064559937,-0.0652612820267677,-0.076238177716732,-0.273831576108932,0.272596746683121,-0.273831129074097,0.272596061229706,-0.0652612820267677,-0.0762381851673126,0.440152525901794,0.528632819652557,-0.0652631595730782,-0.0762364789843559,-0.0652612820267677,-0.0762381851673126,-0.273831427097321,0.272596806287766,-0.0652631670236588,-0.0762364789843559,0.440151870250702,0.528632044792175
7.91319990158081,0.440188676118851,0.528458654880524,-0.0652265995740891,-0.0762275382876396,-0.273704349994659,0.27276200056076,-0.0652284920215607,-0.0762258395552635,-0.0652266070246696,-0.0762275457382202,0.440188020467758,0.528457939624786,-0.0652284845709801,-0.0762258246541023,-0.273704648017883,0.272762835025787,-0.273704349994659,0.27276200056076,-0.0652284845709801,-0.0762258321046829,0.440185040235519,0.528461754322052,-0.0652304068207741,-0.0762241035699844,-0.0652284845709801,-0.0762258321046829,-0.273704618215561,0.272762805223465,-0.0652304068207741,-0.0762241035699844,0.440184354782104,0.52846097946167
7.91379976272583,0.440221071243286,0.528287529945374,-0.0651938244700432,-0.0762151926755905,-0.273577362298965,0.27292811870575,-0.0651957094669342,-0.0762134939432144,-0.0651938319206238,-0.0762152001261711,0.440220385789871,0.528286755084991,-0.0651957020163536,-0.0762134864926338,-0.273577779531479,0.272928804159164,-0.273577332496643,0.272928088903427,-0.0651957020163536,-0.0762134939432144,0.440217435359955,0.528290510177612,-0.065197616815567,-0.0762117579579353,-0.0651957020163536,-0.0762134939432144,-0.273577749729156,0.272928774356842,-0.0651976242661476,-0.0762117579579353,0.440216779708862,0.52828973531723
7.91440010070801,0.44025319814682,0.528116285800934,-0.0651610642671585,-0.0762028619647026,-0.273450285196304,0.273094177246094,-0.0651629492640495,-0.0762011632323265,-0.0651610642671585,-0.0762028694152832,0.44025257229805,0.528115570545197,-0.0651629418134689,-0.0762011483311653,-0.273450672626495,0.273094832897186,-0.273450285196304,0.273094177246094,-0.0651629418134689,-0.0762011557817459,0.440249681472778,0.528119325637817,-0.0651648193597794,-0.0761994570493698,-0.0651629418134689,-0.0762011557817459,-0.273450672626495,0.273094832897186,-0.0651648193597794,-0.0761994570493698,0.440248906612396,0.528118550777435
7.91499996185303,0.440285325050354,0.527944982051849,-0.0651282891631126,-0.0761905610561371,-0.273323088884354,0.273260235786438,-0.0651301667094231,-0.076188862323761,-0.0651282966136932,-0.0761905685067177,0.440284669399261,0.527944207191467,-0.0651301592588425,-0.0761888548731804,-0.273323506116867,0.273260921239853,-0.273323088884354,0.273260235786438,-0.0651301592588425,-0.0761888548731804,0.440281718969345,0.527948021888733,-0.0651320368051529,-0.0761871486902237,-0.0651301592588425,-0.0761888548731804,-0.273323506116867,0.273260921239853,-0.0651320442557335,-0.0761871561408043,0.44028103351593,0.527947247028351
7.91559982299805,0.440317213535309,0.52777361869812,-0.065095528960228,-0.0761782675981522,-0.273195832967758,0.273426234722137,-0.065097451210022,-0.0761765390634537,-0.0650955364108086,-0.0761782750487328,0.440316557884216,0.527772843837738,-0.0650974437594414,-0.0761765316128731,-0.273196130990982,0.273427039384842,-0.273195832967758,0.273426234722137,-0.0650974437594414,-0.0761765316128731,0.4403136074543,0.527776718139648,-0.0650993138551712,-0.076174832880497,-0.0650974065065384,-0.0761765688657761,-0.273196130990982,0.273427039384842,-0.0650993213057518,-0.076174832880497,0.440312922000885,0.527775883674622
7.91620016098022,0.440348923206329,0.527602255344391,-0.0650627985596657,-0.076165996491909,-0.273068279027939,0.273592352867126,-0.0650647059082985,-0.0761642605066299,-0.0650627985596657,-0.076165996491909,0.440348148345947,0.527601480484009,-0.0650646984577179,-0.0761642456054688,-0.27306854724884,0.273593157529831,-0.273068249225616,0.273592352867126,-0.0650646984577179,-0.0761642530560493,0.44034531712532,0.527605295181274,-0.0650665760040283,-0.0761625468730927,-0.0650646686553955,-0.0761642828583717,-0.273068517446518,0.273593127727509,-0.0650665834546089,-0.0761625543236732,0.440344631671906,0.527604520320892
7.91680002212524,0.440380424261093,0.527430832386017,-0.065030075609684,-0.0761537179350853,-0.272940695285797,0.273758441209793,-0.0650319531559944,-0.0761520192027092,-0.065030075609684,-0.0761537179350853,0.440379738807678,0.52742999792099,-0.0650319457054138,-0.076152004301548,-0.272941023111343,0.27375927567482,-0.272940576076508,0.273758500814438,-0.0650319457054138,-0.0761520117521286,0.440376788377762,0.527433812618256,-0.0650338158011436,-0.0761502981185913,-0.0650319457054138,-0.0761520117521286,-0.272940993309021,0.273759245872498,-0.0650338158011436,-0.0761502981185913,0.440376132726669,0.527433037757874
7.91739988327026,0.440411865711212,0.527259230613708,-0.0649973452091217,-0.0761414766311646,-0.272812813520432,0.273924678564072,-0.0649992153048515,-0.0761397704482079,-0.0649973452091217,-0.0761414766311646,0.44041109085083,0.527258455753326,-0.0649992004036903,-0.0761397629976273,-0.272813111543655,0.273925453424454,-0.272812813520432,0.273924678564072,-0.0649992078542709,-0.0761397704482079,0.440408259630203,0.527262270450592,-0.0650011152029037,-0.0761380270123482,-0.0649992078542709,-0.0761397704482079,-0.272813081741333,0.273925423622131,-0.0650011226534843,-0.0761380344629288,0.440407574176788,0.527261435985565
7.91800022125244,0.440443098545074,0.527087688446045,-0.06496462225914,-0.0761292427778244,-0.272684842348099,0.274090826511383,-0.0649664923548698,-0.0761275365948677,-0.06496462225914,-0.076129250228405,0.44044229388237,0.527086913585663,-0.0649664849042892,-0.0761275216937065,-0.272685289382935,0.274091571569443,-0.272684812545776,0.274090826511383,-0.0649664923548698,-0.0761275365948677,0.440439343452454,0.527090728282928,-0.0649683550000191,-0.0761258229613304,-0.0649664923548698,-0.0761275291442871,-0.272685289382935,0.274091571569443,-0.0649683624505997,-0.076125830411911,0.440438687801361,0.527089953422546
7.91860008239746,0.440474063158035,0.526916027069092,-0.0649318918585777,-0.0761170461773872,-0.272556781768799,0.274257004261017,-0.0649337992072105,-0.0761153176426888,-0.0649318918585777,-0.0761170461773872,0.440473407506943,0.52691525220871,-0.0649337843060493,-0.0761153027415276,-0.272557079792023,0.274257808923721,-0.272556781768799,0.274256974458694,-0.0649337917566299,-0.0761153101921082,0.440470457077026,0.526919066905975,-0.0649356618523598,-0.0761136040091515,-0.0649337917566299,-0.0761153101921082,-0.272557079792023,0.274257808923721,-0.0649356618523598,-0.0761136114597321,0.440469771623611,0.526918292045593
7.91919994354248,0.440504878759384,0.526744306087494,-0.0648992136120796,-0.0761048272252083,-0.272428512573242,0.274423211812973,-0.0649010837078094,-0.0761031210422516,-0.0648992136120796,-0.0761048272252083,0.440504223108292,0.526743531227112,-0.0649010762572289,-0.076103113591671,-0.272428929805756,0.274423986673355,-0.272428512573242,0.274423211812973,-0.0649010762572289,-0.076103113591671,0.440501391887665,0.526747345924377,-0.0649029761552811,-0.0761013850569725,-0.0649010762572289,-0.076103113591671,-0.272428929805756,0.274423986673355,-0.0649029761552811,-0.0761013850569725,0.44050058722496,0.526746571063995
7.9197998046875,0.440535694360733,0.526572525501251,-0.0648665204644203,-0.0760926455259323,-0.27230030298233,0.274589389562607,-0.0648684278130531,-0.0760909169912338,-0.0648665204644203,-0.0760926529765129,0.440534919500351,0.526571750640869,-0.0648684129118919,-0.0760909020900726,-0.272300601005554,0.274590194225311,-0.27230030298233,0.274589389562607,-0.0648684203624725,-0.0760909095406532,0.440532088279724,0.526575565338135,-0.0648702830076218,-0.0760892033576965,-0.0648684203624725,-0.0760909095406532,-0.272300601005554,0.274590194225311,-0.0648702830076218,-0.0760892108082771,0.44053128361702,0.526574790477753
7.92040014266968,0.440566122531891,0.526400685310364,-0.0648338422179222,-0.0760804712772369,-0.27217173576355,0.27475568652153,-0.0648357048630714,-0.0760787725448608,-0.0648338496685028,-0.0760804787278175,0.440565466880798,0.526399970054626,-0.0648356974124908,-0.0760787576436996,-0.272172033786774,0.27475643157959,-0.27217173576355,0.27475568652153,-0.0648357048630714,-0.0760787650942802,0.440562516450882,0.526403784751892,-0.0648376047611237,-0.0760770216584206,-0.0648357048630714,-0.0760787650942802,-0.272172003984451,0.274756401777267,-0.0648376122117043,-0.0760770291090012,0.440561830997467,0.52640300989151
7.9210000038147,0.440596461296082,0.526228845119476,-0.0648011490702629,-0.0760683342814445,-0.272043079137802,0.274921953678131,-0.0648030489683151,-0.0760665982961655,-0.0648011490702629,-0.0760683417320251,0.440595775842667,0.526228070259094,-0.0648030415177345,-0.0760665908455849,-0.272043377161026,0.274922698736191,-0.27204304933548,0.274921923875809,-0.0648030489683151,-0.0760665982961655,0.44059294462204,0.52623188495636,-0.0648049488663673,-0.0760648548603058,-0.0648030489683151,-0.0760665982961655,-0.272043347358704,0.274922668933868,-0.0648049116134644,-0.0760648921132088,0.440592288970947,0.526231169700623
7.92159986495972,0.440626710653305,0.526056885719299,-0.0647684782743454,-0.0760562121868134,-0.27191436290741,0.275088161230087,-0.0647703781723976,-0.0760544687509537,-0.0647684782743454,-0.0760562121868134,0.440625935792923,0.526056110858917,-0.0647703632712364,-0.0760544538497925,-0.271914660930634,0.275088965892792,-0.271914333105087,0.275088131427765,-0.064770370721817,-0.0760544613003731,0.440623104572296,0.526059985160828,-0.0647722706198692,-0.076052725315094,-0.064770370721817,-0.0760544613003731,-0.271914631128311,0.275088936090469,-0.0647722706198692,-0.076052725315094,0.440622419118881,0.526059150695801
7.92220020294189,0.440656632184982,0.525884926319122,-0.0647358596324921,-0.0760440528392792,-0.271785378456116,0.275254428386688,-0.0647377222776413,-0.0760423466563225,-0.0647358670830727,-0.0760440602898598,0.440655946731567,0.525884091854095,-0.0647377073764801,-0.0760423392057419,-0.271785706281662,0.275255262851715,-0.271785378456116,0.275254428386688,-0.0647377148270607,-0.0760423392057419,0.440653115510941,0.525887906551361,-0.0647396147251129,-0.0760406032204628,-0.0647377148270607,-0.0760423392057419,-0.27178567647934,0.275255262851715,-0.0647396221756935,-0.0760406032204628,0.440652459859848,0.525887191295624
7.92280006408691,0.44068655371666,0.525712847709656,-0.0647031888365746,-0.076031967997551,-0.27165624499321,0.275420755147934,-0.0647050887346268,-0.0760302245616913,-0.0647031962871552,-0.0760319754481316,0.440685868263245,0.525712072849274,-0.0647050812840462,-0.0760302245616913,-0.271656513214111,0.275421559810638,-0.27165624499321,0.275420755147934,-0.0647050812840462,-0.0760302245616913,0.440682947635651,0.525715947151184,-0.0647069439291954,-0.076028510928154,-0.0647050887346268,-0.0760302245616913,-0.271656513214111,0.275421559810638,-0.0647069439291954,-0.0760285183787346,0.440682262182236,0.525715112686157
7.92339992523193,0.440716177225113,0.525540709495544,-0.0646705403923988,-0.0760198831558228,-0.271526992321014,0.275587171316147,-0.0646724328398705,-0.0760181546211243,-0.0646705776453018,-0.076019860804081,0.440715491771698,0.525539934635162,-0.0646724253892899,-0.0760181397199631,-0.271527290344238,0.275587946176529,-0.271526992321014,0.275587171316147,-0.0646724328398705,-0.0760181471705437,0.440712600946426,0.525543808937073,-0.0646743178367615,-0.0760164111852646,-0.0646724328398705,-0.0760181471705437,-0.271527260541916,0.275587916374207,-0.0646743252873421,-0.0760164111852646,0.440711915493011,0.525543034076691
7.92399978637695,0.440745711326599,0.525368571281433,-0.0646379441022873,-0.0760077908635139,-0.271397531032562,0.275753557682037,-0.0646397992968559,-0.0760060772299767,-0.0646379441022873,-0.0760077908635139,0.440745025873184,0.525367796421051,-0.0646397918462753,-0.0760060697793961,-0.271397948265076,0.275754243135452,-0.271397531032562,0.275753527879715,-0.0646397992968559,-0.0760060772299767,0.44074210524559,0.525371670722961,-0.0646416917443275,-0.076004333794117,-0.0646397992968559,-0.0760060772299767,-0.271397948265076,0.275754243135452,-0.0646416917443275,-0.076004333794117,0.440741419792175,0.525370836257935
7.92460012435913,0.440775096416473,0.525196373462677,-0.0646052956581116,-0.0759957507252693,-0.271268129348755,0.275919884443283,-0.0646071881055832,-0.0759940147399902,-0.0646052956581116,-0.0759957581758499,0.440774291753769,0.52519553899765,-0.064607173204422,-0.075993999838829,-0.271268427371979,0.275920689105988,-0.271268099546432,0.275919854640961,-0.0646071806550026,-0.0759940072894096,0.440771460533142,0.525199353694916,-0.0646090731024742,-0.07599226385355,-0.0646071806550026,-0.0759940072894096,-0.271268427371979,0.275920689105988,-0.0646090358495712,-0.0759923011064529,0.44077080488205,0.525198578834534
7.92519998550415,0.440804183483124,0.525024056434631,-0.0645726695656776,-0.0759837254881859,-0.271138340234756,0.276086270809174,-0.0645745992660522,-0.0759819597005844,-0.0645727068185806,-0.0759837031364441,0.440803557634354,0.525023281574249,-0.0645745843648911,-0.0759819447994232,-0.271138787269592,0.276087045669556,-0.271138340234756,0.276086270809174,-0.0645745918154716,-0.0759819522500038,0.440800607204437,0.525027096271515,-0.0645764395594597,-0.0759802386164665,-0.0645745918154716,-0.0759819522500038,-0.27113875746727,0.276087045669556,-0.0645764395594597,-0.0759802386164665,0.440799921751022,0.525026321411133
7.92579984664917,0.440833181142807,0.524851739406586,-0.0645400881767273,-0.0759716629981995,-0.271008670330048,0.276252657175064,-0.0645419806241989,-0.075969934463501,-0.0645400956273079,-0.0759716704487801,0.440832495689392,0.524850904941559,-0.0645419731736183,-0.0759699270129204,-0.271008938550949,0.276253402233124,-0.271008670330048,0.276252657175064,-0.0645419731736183,-0.0759699270129204,0.440829545259476,0.524854779243469,-0.064543828368187,-0.0759682133793831,-0.0645419731736183,-0.0759699270129204,-0.271008938550949,0.276253402233124,-0.064543828368187,-0.0759682133793831,0.440828889608383,0.524854004383087
7.92640018463135,0.440861910581589,0.52467930316925,-0.0645074993371964,-0.0759596601128578,-0.270878583192825,0.276419103145599,-0.064509354531765,-0.0759579464793205,-0.0645074993371964,-0.0759596601128578,0.440861225128174,0.524678528308868,-0.0645093396306038,-0.0759579390287399,-0.270879000425339,0.276419878005981,-0.270878583192825,0.276419103145599,-0.0645093470811844,-0.0759579390287399,0.440858423709869,0.524682402610779,-0.0645112693309784,-0.0759561657905579,-0.0645093470811844,-0.0759579390287399,-0.270879000425339,0.276419848203659,-0.064511239528656,-0.0759562030434608,0.440857738256454,0.524681568145752
7.92700004577637,0.44089064002037,0.524506807327271,-0.0644748955965042,-0.0759476870298386,-0.270748466253281,0.276585608720779,-0.0644767805933952,-0.0759459361433983,-0.0644749328494072,-0.0759476497769356,0.440889984369278,0.524506092071533,-0.064476765692234,-0.0759459286928177,-0.270748853683472,0.276586353778839,-0.270748436450958,0.276585578918457,-0.0644767731428146,-0.0759459286928177,0.440887033939362,0.524509906768799,-0.0644786581397057,-0.0759441927075386,-0.0644767731428146,-0.0759459286928177,-0.270748853683472,0.276586353778839,-0.0644786581397057,-0.0759441927075386,0.440886348485947,0.524509131908417
7.92759990692139,0.440919101238251,0.524334311485291,-0.0644423067569733,-0.0759357139468193,-0.270618200302124,0.276752024888992,-0.0644442290067673,-0.0759339407086372,-0.0644423440098763,-0.0759356841444969,0.440918415784836,0.524333536624908,-0.0644442215561867,-0.075933925807476,-0.27061864733696,0.276752799749374,-0.270618200302124,0.276752024888992,-0.0644442290067673,-0.0759339332580566,0.440915495157242,0.524337351322174,-0.0644460693001747,-0.0759322196245193,-0.0644442290067673,-0.0759339332580566,-0.270618617534637,0.276752769947052,-0.0644460693001747,-0.0759322196245193,0.440914809703827,0.524336576461792
7.92819976806641,0.440947443246841,0.524161756038666,-0.0644097700715065,-0.0759237185120583,-0.270487904548645,0.276918470859528,-0.0644116550683975,-0.0759219750761986,-0.0644097700715065,-0.0759237185120583,0.440946757793427,0.524160981178284,-0.0644116476178169,-0.0759219601750374,-0.270488202571869,0.276919305324554,-0.270487904548645,0.276918470859528,-0.0644116550683975,-0.075921967625618,0.440943866968155,0.524164855480194,-0.0644135326147079,-0.0759202241897583,-0.0644116103649139,-0.0759219974279404,-0.270488202571869,0.276919275522232,-0.0644135326147079,-0.0759202241897583,0.440943032503128,0.524164021015167
7.92880010604858,0.440975487232208,0.523989081382751,-0.0643772259354591,-0.0759117603302002,-0.270357370376587,0.277084976434708,-0.0643791034817696,-0.0759100168943405,-0.0643772259354591,-0.0759117603302002,0.440974831581116,0.523988306522369,-0.064379096031189,-0.0759100019931793,-0.270357668399811,0.277085781097412,-0.270357370376587,0.277084976434708,-0.064379096031189,-0.0759100094437599,0.440971881151199,0.52399218082428,-0.0643809512257576,-0.0759083032608032,-0.0643790662288666,-0.0759100392460823,-0.270357668399811,0.277085781097412,-0.0643809512257576,-0.0759083032608032,0.440971225500107,0.523991465568542
7.9293999671936,0.441003441810608,0.523816466331482,-0.0643446519970894,-0.0758998394012451,-0.270226627588272,0.277251452207565,-0.0643465369939804,-0.0758980959653854,-0.0643446519970894,-0.0758998394012451,0.441002756357193,0.523815631866455,-0.0643465295433998,-0.0758980885148048,-0.270226925611496,0.277252286672592,-0.270226627588272,0.277251452207565,-0.0643465369939804,-0.0758980959653854,0.440999865531921,0.52381956577301,-0.0643484070897102,-0.0758963450789452,-0.0643465369939804,-0.0758980959653854,-0.270226895809174,0.277252286672592,-0.0643484070897102,-0.0758963450789452,0.440999150276184,0.523818731307983
7.92999982833862,0.441031217575073,0.523643672466278,-0.064312107861042,-0.0758879259228706,-0.27009579539299,0.277418047189713,-0.0643139854073524,-0.075886182487011,-0.064312145113945,-0.0758878961205482,0.441030561923981,0.523642897605896,-0.0643139705061913,-0.0758861675858498,-0.270096093416214,0.277418822050095,-0.27009579539299,0.277418047189713,-0.0643139779567719,-0.0758861750364304,0.441027671098709,0.523646771907806,-0.0643158555030823,-0.0758844316005707,-0.0643139779567719,-0.0758861750364304,-0.270096063613892,0.277418792247772,-0.0643158629536629,-0.0758844390511513,0.441026985645294,0.523645997047424
7.9306001663208,0.441058933734894,0.523470878601074,-0.0642795786261559,-0.0758760198950768,-0.269964754581451,0.277584582567215,-0.0642814561724663,-0.0758742764592171,-0.0642795860767365,-0.0758760198950768,0.441058099269867,0.523470103740692,-0.0642814487218857,-0.0758742615580559,-0.269965171813965,0.277585357427597,-0.269964754581451,0.277584582567215,-0.0642814487218857,-0.0758742690086365,0.441055208444595,0.523473978042603,-0.0642833262681961,-0.0758725255727768,-0.0642814487218857,-0.0758742690086365,-0.269965142011642,0.277585327625275,-0.0642833337187767,-0.0758725255727768,0.441054552793503,0.523473262786865
7.93120002746582,0.441086322069168,0.523298025131226,-0.0642470717430115,-0.0758641213178635,-0.269833624362946,0.27775114774704,-0.0642489418387413,-0.0758623778820038,-0.0642470717430115,-0.0758641287684441,0.441085547208786,0.523297250270844,-0.0642489343881607,-0.0758623629808426,-0.269833892583847,0.277751952409744,-0.269833624362946,0.27775114774704,-0.0642489343881607,-0.0758623704314232,0.441082715988159,0.523301124572754,-0.0642508193850517,-0.0758606269955635,-0.0642489343881607,-0.0758623704314232,-0.269833892583847,0.277751952409744,-0.0642508193850517,-0.0758606269955635,0.441082060337067,0.523300349712372
7.93179988861084,0.441113591194153,0.523125112056732,-0.0642145425081253,-0.0758522525429726,-0.269702255725861,0.277917802333832,-0.0642164200544357,-0.0758505091071129,-0.0642145499587059,-0.0758522599935532,0.441112816333771,0.52312433719635,-0.0642164051532745,-0.0758505016565323,-0.269702672958374,0.277918487787247,-0.269702255725861,0.277917802333832,-0.0642164126038551,-0.0758505091071129,0.441109895706177,0.52312821149826,-0.0642182901501656,-0.0758487656712532,-0.0642164126038551,-0.0758505091071129,-0.269702643156052,0.277918457984924,-0.0642182901501656,-0.0758487656712532,0.441109180450439,0.523127377033234
7.93240022659302,0.441140651702881,0.522952198982239,-0.0641820356249809,-0.0758404061198235,-0.269570797681808,0.278084397315979,-0.0641839131712914,-0.0758386552333832,-0.0641820356249809,-0.0758404061198235,0.441139936447144,0.522951364517212,-0.0641839057207108,-0.0758386552333832,-0.269571244716644,0.278085142374039,-0.269570797681808,0.278084397315979,-0.0641839057207108,-0.0758386552333832,0.441137045621872,0.522955298423767,-0.0641857832670212,-0.0758369043469429,-0.0641839131712914,-0.0758386552333832,-0.269571244716644,0.278085142374039,-0.0641857832670212,-0.0758369043469429,0.441136360168457,0.52295446395874
7.93300008773804,0.441167503595352,0.522779047489166,-0.0641495436429977,-0.0758285522460938,-0.269439309835434,0.278250962495804,-0.0641514211893082,-0.0758268088102341,-0.0641495510935783,-0.0758285596966743,0.44116684794426,0.522778332233429,-0.0641514137387276,-0.0758268013596535,-0.269439607858658,0.278251767158508,-0.269439280033112,0.278250932693481,-0.0641514211893082,-0.0758268013596535,0.441163957118988,0.522782206535339,-0.064153291285038,-0.0758250579237938,-0.0641514211893082,-0.0758268013596535,-0.269439607858658,0.278251767158508,-0.064153291285038,-0.0758250579237938,0.441163301467896,0.522781431674957
7.93359994888306,0.441194295883179,0.522606074810028,-0.064117044210434,-0.0758167430758476,-0.269307553768158,0.278417587280273,-0.0641189143061638,-0.0758149921894073,-0.0641170814633369,-0.0758167132735252,0.441193580627441,0.522605240345001,-0.0641189441084862,-0.075814962387085,-0.269307851791382,0.2784184217453,-0.269307553768158,0.278417587280273,-0.0641189515590668,-0.0758149698376656,0.441190719604492,0.522609174251556,-0.064120776951313,-0.0758132413029671,-0.0641189143061638,-0.0758149921894073,-0.269307821989059,0.278418391942978,-0.0641207844018936,-0.0758132487535477,0.441190034151077,0.522608399391174
7.93419981002808,0.441220909357071,0.522432923316956,-0.0640845969319344,-0.0758049041032791,-0.269175738096237,0.278584241867065,-0.0640864670276642,-0.0758031532168388,-0.064084604382515,-0.0758049115538597,0.441220104694366,0.522432148456573,-0.0640864595770836,-0.0758031457662582,-0.269176006317139,0.278585016727448,-0.269175738096237,0.278584241867065,-0.0640864595770836,-0.0758031532168388,0.441217213869095,0.522436022758484,-0.0640883296728134,-0.0758014097809792,-0.0640864595770836,-0.0758031532168388,-0.269176006317139,0.278585016727448,-0.0640883296728134,-0.0758014097809792,0.441216498613358,0.522435247898102
7.93480014801025,0.441247284412384,0.522259712219238,-0.064052127301693,-0.0757931098341942,-0.26904371380806,0.27875092625618,-0.0640539973974228,-0.0757913589477539,-0.0640521347522736,-0.0757931172847748,0.441246449947357,0.522258996963501,-0.0640539899468422,-0.0757913514971733,-0.269043982028961,0.278751760721207,-0.26904371380806,0.27875092625618,-0.0640539973974228,-0.0757913589477539,0.441243678331375,0.522262871265411,-0.064055860042572,-0.075789600610733,-0.0640539973974228,-0.0757913589477539,-0.269043952226639,0.278751730918884,-0.0640558674931526,-0.0757896080613136,0.441242873668671,0.522262096405029
7.93540000915527,0.441273480653763,0.522086441516876,-0.064019650220871,-0.0757813528180122,-0.268911421298981,0.278917610645294,-0.0640215203166008,-0.075779601931572,-0.064019650220871,-0.0757813528180122,0.441272705793381,0.522085726261139,-0.0640215054154396,-0.0757795944809914,-0.268911719322205,0.278918445110321,-0.268911421298981,0.278917610645294,-0.0640215128660202,-0.0757795944809914,0.441269814968109,0.522089600563049,-0.0640233755111694,-0.0757778435945511,-0.0640215128660202,-0.0757795944809914,-0.268911689519882,0.278918445110321,-0.06402338296175,-0.0757778510451317,0.441269129514694,0.522088825702667
7.93599987030029,0.441299468278885,0.521913170814514,-0.0639871880412102,-0.0757695958018303,-0.268779098987579,0.279084324836731,-0.0639890879392624,-0.0757678151130676,-0.0639871880412102,-0.0757695958018303,0.44129878282547,0.521912395954132,-0.0639890730381012,-0.075767807662487,-0.268779516220093,0.279085129499435,-0.268779098987579,0.279084324836731,-0.0639890804886818,-0.0757678151130676,0.441295862197876,0.521916270256042,-0.063990943133831,-0.0757660642266273,-0.0639890804886818,-0.0757678151130676,-0.26877948641777,0.279085099697113,-0.063990943133831,-0.0757660642266273,0.441295176744461,0.52191549539566
7.93660020828247,0.441325277090073,0.521739780902863,-0.0639547407627106,-0.0757578462362289,-0.268646657466888,0.279251098632813,-0.0639566406607628,-0.0757560655474663,-0.0639547407627106,-0.0757578462362289,0.44132462143898,0.52173900604248,-0.0639566332101822,-0.0757560580968857,-0.26864692568779,0.279251843690872,-0.268646657466888,0.279251098632813,-0.0639566332101822,-0.0757560655474663,0.441321730613708,0.521742939949036,-0.0639584958553314,-0.075754314661026,-0.0639566034078598,-0.0757560878992081,-0.26864692568779,0.279251843690872,-0.0639584958553314,-0.075754314661026,0.441321045160294,0.521742165088654
7.93720006942749,0.441350996494293,0.521566450595856,-0.0639223158359528,-0.0757461041212082,-0.268513977527618,0.279417783021927,-0.063924178481102,-0.0757443606853485,-0.0639223158359528,-0.0757461041212082,0.441350311040878,0.521565675735474,-0.0639241710305214,-0.0757443457841873,-0.268514275550842,0.279418617486954,-0.268513977527618,0.279417783021927,-0.0639241710305214,-0.0757443532347679,0.441347420215607,0.521569550037384,-0.0639260709285736,-0.0757425725460052,-0.0639241710305214,-0.0757443532347679,-0.26851424574852,0.279418587684631,-0.0639260709285736,-0.0757425725460052,0.441346734762192,0.521568775177002
7.93779993057251,0.441376566886902,0.521392941474915,-0.0638898760080338,-0.0757343992590904,-0.268381237983704,0.279584556818008,-0.0638917684555054,-0.0757326185703278,-0.0638898760080338,-0.0757343992590904,0.441375881433487,0.521392166614532,-0.0638917610049248,-0.0757326185703278,-0.268381536006927,0.279585331678391,-0.268381237983704,0.279584556818008,-0.0638917610049248,-0.0757326185703278,0.441372841596603,0.521396100521088,-0.0638936311006546,-0.0757308676838875,-0.0638917610049248,-0.0757326185703278,-0.268381536006927,0.279585331678391,-0.0638936311006546,-0.0757308676838875,0.441372156143188,0.521395266056061
7.93839979171753,0.441401839256287,0.521219432353973,-0.0638574883341789,-0.0757226720452309,-0.268248289823532,0.279751300811768,-0.0638593435287476,-0.0757209211587906,-0.0638574883341789,-0.0757226794958115,0.441401153802872,0.521218657493591,-0.063859336078167,-0.07572091370821,-0.268248558044434,0.279752135276794,-0.268248289823532,0.279751300811768,-0.063859336078167,-0.07572091370821,0.441398322582245,0.521222591400146,-0.0638612359762192,-0.0757191330194473,-0.063859336078167,-0.07572091370821,-0.268248558044434,0.279752105474472,-0.0638612434267998,-0.0757191404700279,0.441397607326508,0.52122175693512
7.93900012969971,0.441427022218704,0.521045863628387,-0.0638250485062599,-0.0757110118865967,-0.268115252256393,0.279918104410172,-0.0638269409537315,-0.0757092386484146,-0.0638250857591629,-0.0757109820842743,0.441426336765289,0.521045029163361,-0.0638269335031509,-0.0757092237472534,-0.268115550279617,0.279918938875198,-0.268115252256393,0.279918104410172,-0.0638269335031509,-0.075709231197834,0.441423356533051,0.521049022674561,-0.0638287961483002,-0.0757074728608131,-0.0638269335031509,-0.075709231197834,-0.268115520477295,0.279918909072876,-0.0638287961483002,-0.0757074728608131,0.441422671079636,0.521048188209534
7.93959999084473,0.44145193696022,0.520872235298157,-0.0637926608324051,-0.0756993293762207,-0.267982006072998,0.28008496761322,-0.0637945532798767,-0.075697548687458,-0.0637926608324051,-0.0756993293762207,0.441451251506805,0.520871460437775,-0.0637945458292961,-0.0756975412368774,-0.267982393503189,0.280085623264313,-0.267981976270676,0.280084937810898,-0.0637945532798767,-0.075697548687458,0.441448390483856,0.520875334739685,-0.0637964084744453,-0.0756957903504372,-0.0637945532798767,-0.075697548687458,-0.267982393503189,0.280085623264313,-0.0637964084744453,-0.0756957903504372,0.441447705030441,0.520874559879303
7.94019985198975,0.441476732492447,0.520698547363281,-0.0637602657079697,-0.0756876841187477,-0.267848640680313,0.280251711606979,-0.0637621507048607,-0.075685903429985,-0.0637603029608727,-0.0756876617670059,0.441476047039032,0.520697712898254,-0.0637621432542801,-0.0756858885288239,-0.267848908901215,0.280252486467361,-0.267848640680313,0.280251711606979,-0.0637621507048607,-0.0756858959794044,0.44147315621376,0.52070164680481,-0.0637640431523323,-0.0756841152906418,-0.0637621507048607,-0.0756858959794044,-0.267848908901215,0.280252486467361,-0.0637640431523323,-0.0756841152906418,0.441472440958023,0.520700812339783
7.94080018997192,0.441501379013062,0.520524740219116,-0.0637279078364372,-0.0756760165095329,-0.267715066671371,0.28041860461235,-0.0637297704815865,-0.0756742581725121,-0.0637279152870178,-0.0756760165095329,0.441500693559647,0.520524024963379,-0.0637297630310059,-0.0756742507219315,-0.267715454101563,0.280419290065765,-0.267715066671371,0.28041860461235,-0.0637297704815865,-0.0756742507219315,0.441497832536697,0.520527958869934,-0.0637316182255745,-0.0756724998354912,-0.0637297704815865,-0.0756742507219315,-0.267715454101563,0.280419290065765,-0.0637316182255745,-0.0756724998354912,0.441497147083282,0.520527184009552
7.94140005111694,0.441525876522064,0.520350992679596,-0.0636955127120018,-0.0756644085049629,-0.267581403255463,0.280585438013077,-0.0636974051594734,-0.0756626203656197,-0.0636955499649048,-0.0756643861532211,0.441525161266327,0.520350217819214,-0.0636973977088928,-0.0756626203656197,-0.267581671476364,0.280586242675781,-0.267581403255463,0.280585408210754,-0.0636973977088928,-0.0756626203656197,0.441522359848022,0.520354151725769,-0.0636992901563644,-0.0756608322262764,-0.0636974051594734,-0.0756626203656197,-0.267581671476364,0.280586242675781,-0.0636992901563644,-0.075660839676857,0.441521495580673,0.520353376865387
7.94199991226196,0.441550135612488,0.520177185535431,-0.0636631697416306,-0.0756527855992317,-0.267447531223297,0.280752271413803,-0.0636650249361992,-0.0756510272622108,-0.0636631697416306,-0.0756527855992317,0.44154942035675,0.520176351070404,-0.0636650174856186,-0.0756510198116302,-0.267447799444199,0.28075310587883,-0.267447531223297,0.280752271413803,-0.0636650174856186,-0.0756510272622108,0.441546589136124,0.520180284976959,-0.0636669024825096,-0.0756492391228676,-0.0636650174856186,-0.0756510272622108,-0.267447769641876,0.280753076076508,-0.0636669024825096,-0.0756492465734482,0.441545873880386,0.520179510116577
7.94259977340698,0.441574215888977,0.520003199577332,-0.0636308118700981,-0.0756411924958229,-0.267313539981842,0.280919164419174,-0.0636326968669891,-0.0756394118070602,-0.0636308193206787,-0.0756411999464035,0.441573560237885,0.520002484321594,-0.0636326819658279,-0.075639396905899,-0.267313838005066,0.280919939279556,-0.267313539981842,0.280919164419174,-0.0636326894164085,-0.0756394043564796,0.441570580005646,0.520006418228149,-0.0636345371603966,-0.0756376460194588,-0.0636326894164085,-0.0756394043564796,-0.267313808202744,0.280919909477234,-0.0636345446109772,-0.0756376534700394,0.441569864749908,0.520005643367767
7.94320011138916,0.441598117351532,0.519829273223877,-0.0635984763503075,-0.0756296142935753,-0.26717934012413,0.281086027622223,-0.0636003538966179,-0.075627826154232,-0.0635984763503075,-0.0756296142935753,0.441597402095795,0.519828498363495,-0.0636003389954567,-0.0756278112530708,-0.267179638147354,0.28108686208725,-0.26717934012413,0.281086027622223,-0.0636003464460373,-0.0756278187036514,0.441594511270523,0.519832491874695,-0.0636021941900253,-0.0756260603666306,-0.0636003464460373,-0.0756278187036514,-0.267179638147354,0.28108686208725,-0.0636022016406059,-0.0756260678172112,0.441593825817108,0.519831657409668
7.94379997253418,0.441621959209442,0.519655287265778,-0.0635661035776138,-0.0756180658936501,-0.267045080661774,0.281252950429916,-0.0635679960250854,-0.0756162852048874,-0.0635661110281944,-0.0756180658936501,0.441621124744415,0.519654512405396,-0.0635679885745049,-0.0756162703037262,-0.267045497894287,0.281253725290298,-0.267045080661774,0.281252950429916,-0.0635679885745049,-0.0756162777543068,0.441618233919144,0.519658446311951,-0.0635698735713959,-0.0756144896149635,-0.0635679885745049,-0.0756162777543068,-0.267045497894287,0.281253695487976,-0.0635698735713959,-0.0756144896149635,0.441617548465729,0.519657611846924
7.9443998336792,0.441645383834839,0.519481241703033,-0.0635338127613068,-0.075606495141983,-0.26691073179245,0.281419843435287,-0.0635356903076172,-0.0756047070026398,-0.0635338127613068,-0.0756065025925636,0.441644698381424,0.519480466842651,-0.0635356828570366,-0.0756046995520592,-0.266911000013351,0.281420677900314,-0.26691073179245,0.281419843435287,-0.0635356903076172,-0.0756047070026398,0.441641867160797,0.519484400749207,-0.0635375306010246,-0.0756029486656189,-0.0635356903076172,-0.0756047070026398,-0.266911000013351,0.281420677900314,-0.0635375306010246,-0.0756029486656189,0.44164115190506,0.51948356628418
7.94500017166138,0.44166886806488,0.519307196140289,-0.0635014921426773,-0.0755949690937996,-0.266776144504547,0.281586766242981,-0.0635033696889877,-0.0755931735038757,-0.0635014921426773,-0.0755949690937996,0.441668152809143,0.519306361675262,-0.0635033622384071,-0.0755931735038757,-0.266776412725449,0.281587541103363,-0.266776144504547,0.281586766242981,-0.0635033622384071,-0.0755931735038757,0.441665202379227,0.519310235977173,-0.0635052099823952,-0.0755914151668549,-0.0635033696889877,-0.0755931735038757,-0.266776412725449,0.281587541103363,-0.0635052099823952,-0.0755914151668549,0.441664487123489,0.519309461116791
7.9456000328064,0.441692054271698,0.519132971763611,-0.063469186425209,-0.0755834355950356,-0.266641318798065,0.281753808259964,-0.0634710639715195,-0.0755816474556923,-0.063469186425209,-0.0755834355950356,0.441691339015961,0.519132137298584,-0.0634710565209389,-0.0755816400051117,-0.266641616821289,0.281754553318024,-0.266641318798065,0.281753808259964,-0.0634710565209389,-0.0755816400051117,0.441688507795334,0.519136130809784,-0.0634729042649269,-0.0755798891186714,-0.0634710565209389,-0.0755816400051117,-0.266641616821289,0.281754553318024,-0.0634729042649269,-0.0755798891186714,0.441687673330307,0.519135355949402
7.94619989395142,0.441715121269226,0.518958747386932,-0.0634368732571602,-0.0755719467997551,-0.266506463289261,0.28192076086998,-0.06343874335289,-0.0755701586604118,-0.0634368732571602,-0.0755719467997551,0.441714406013489,0.51895797252655,-0.0634387359023094,-0.0755701512098312,-0.26650670170784,0.28192150592804,-0.266506463289261,0.28192076086998,-0.06343874335289,-0.0755701512098312,0.441711455583572,0.518961906433105,-0.0634406134486198,-0.075568363070488,-0.06343874335289,-0.0755701512098312,-0.26650670170784,0.28192150592804,-0.0634406134486198,-0.075568363070488,0.441710770130157,0.518961071968079
7.94680023193359,0.441737920045853,0.518784463405609,-0.0634046047925949,-0.0755604356527328,-0.266371339559555,0.282087713479996,-0.0634064450860023,-0.075558677315712,-0.0634046047925949,-0.0755604431033134,0.441737204790115,0.518783688545227,-0.0634064376354218,-0.0755586698651314,-0.266371756792068,0.282088488340378,-0.266371339559555,0.282087713479996,-0.0634064376354218,-0.0755586698651314,0.441734373569489,0.518787622451782,-0.0634083151817322,-0.0755568817257881,-0.0634064450860023,-0.075558677315712,-0.266371726989746,0.282088488340378,-0.0634083151817322,-0.0755568817257881,0.441733628511429,0.518786787986755
7.94740009307861,0.441760569810867,0.518610239028931,-0.063372328877449,-0.0755489841103554,-0.266236126422882,0.282254695892334,-0.0633741617202759,-0.0755472034215927,-0.063372328877449,-0.0755489841103554,0.44175985455513,0.518609404563904,-0.0633741617202759,-0.0755472034215927,-0.266236394643784,0.282255500555038,-0.266236126422882,0.282254666090012,-0.0633741617202759,-0.0755472034215927,0.441757202148438,0.518613278865814,-0.0633760318160057,-0.0755454152822495,-0.0633741617202759,-0.0755472034215927,-0.266236394643784,0.282255500555038,-0.0633760318160057,-0.0755454152822495,0.441756457090378,0.518612444400787
7.94799995422363,0.441783100366592,0.518435835838318,-0.0633400306105614,-0.0755375400185585,-0.266100853681564,0.282421708106995,-0.0633419007062912,-0.075535736978054,-0.0633400306105614,-0.0755375325679779,0.441782414913177,0.518435060977936,-0.0633419007062912,-0.0755357295274734,-0.266101092100143,0.282422512769699,-0.266100823879242,0.282421678304672,-0.0633419007062912,-0.075535736978054,0.441779643297195,0.518438875675201,-0.063343770802021,-0.075533963739872,-0.0633419007062912,-0.075535736978054,-0.266101092100143,0.282422512769699,-0.063343770802021,-0.075533963739872,0.441778957843781,0.518438041210175
7.94859981536865,0.441805452108383,0.518261313438416,-0.0633077919483185,-0.0755260810256004,-0.265965312719345,0.282588690519333,-0.0633096247911453,-0.0755243003368378,-0.0633077919483185,-0.0755260810256004,0.441804736852646,0.518260538578033,-0.0633096247911453,-0.0755243003368378,-0.265965580940247,0.282589495182037,-0.265965312719345,0.282588690519333,-0.0633096247911453,-0.0755243003368378,0.441801816225052,0.518264591693878,-0.0633115246891975,-0.0755224898457527,-0.0633096247911453,-0.0755243003368378,-0.265965580940247,0.282589465379715,-0.0633114948868752,-0.0755225121974945,0.441801130771637,0.518263757228851
7.94920015335083,0.441827476024628,0.518086969852448,-0.0632755011320114,-0.0755146741867065,-0.265829592943192,0.282755762338638,-0.0632774010300636,-0.0755128636956215,-0.0632755309343338,-0.0755146443843842,0.441826790571213,0.518086194992065,-0.063277393579483,-0.0755128636956215,-0.265829831361771,0.282756596803665,-0.265829592943192,0.282755762338638,-0.0632774010300636,-0.0755128636956215,0.441824078559875,0.518090009689331,-0.0632792338728905,-0.0755110755562782,-0.0632774010300636,-0.0755128636956215,-0.265829831361771,0.282756596803665,-0.0632792413234711,-0.0755110830068588,0.441823363304138,0.518089175224304
7.94980001449585,0.441849589347839,0.517912328243256,-0.0632432550191879,-0.0755032524466515,-0.265693753957748,0.282922804355621,-0.0632451251149178,-0.0755014643073082,-0.0632432922720909,-0.0755032375454903,0.441848903894424,0.517911493778229,-0.0632451176643372,-0.075501449406147,-0.265694141387939,0.282923579216003,-0.265693753957748,0.282922804355621,-0.0632451251149178,-0.0755014568567276,0.44184598326683,0.517915546894073,-0.06324702501297,-0.0754996463656425,-0.0632451251149178,-0.0755014568567276,-0.265694141387939,0.282923579216003,-0.0632469952106476,-0.0754996612668037,0.441845238208771,0.517914712429047
7.95039987564087,0.44187131524086,0.517737746238708,-0.0632110387086868,-0.0754918605089188,-0.265557825565338,0.283089816570282,-0.0632129088044167,-0.0754900500178337,-0.0632110461592674,-0.0754918605089188,0.441870629787445,0.517736911773682,-0.0632129013538361,-0.0754900425672531,-0.26555809378624,0.283090621232986,-0.265557825565338,0.283089816570282,-0.0632129013538361,-0.0754900500178337,0.44186794757843,0.517740786075592,-0.0632147639989853,-0.0754882618784904,-0.0632129013538361,-0.0754900500178337,-0.26555809378624,0.283090621232986,-0.0632147639989853,-0.0754882618784904,0.441867232322693,0.517739951610565
7.95100021362305,0.441892951726913,0.517563104629517,-0.0631788000464439,-0.0754804611206055,-0.265421688556671,0.283256977796555,-0.0631806626915932,-0.0754786729812622,-0.0631788000464439,-0.0754804611206055,0.441892236471176,0.51756227016449,-0.0631806626915932,-0.0754786655306816,-0.265421956777573,0.283257782459259,-0.265421688556671,0.283256947994232,-0.0631806626915932,-0.0754786655306816,0.44188928604126,0.517566323280334,-0.0631825625896454,-0.0754768550395966,-0.0631806626915932,-0.0754786729812622,-0.265421956777573,0.283257782459259,-0.063182532787323,-0.0754768773913383,0.441888600587845,0.517565488815308
7.95160007476807,0.441914409399033,0.517388343811035,-0.0631465837359428,-0.0754690989851952,-0.265285342931747,0.283424079418182,-0.0631484463810921,-0.0754673033952713,-0.0631465837359428,-0.0754690989851952,0.441913694143295,0.517387509346008,-0.0631484389305115,-0.0754672959446907,-0.265285730361938,0.283424824476242,-0.265285342931747,0.283424079418182,-0.0631484463810921,-0.0754673033952713,0.441910743713379,0.517391622066498,-0.0631503090262413,-0.0754655078053474,-0.0631484463810921,-0.0754673033952713,-0.265285730361938,0.283424824476242,-0.0631503090262413,-0.0754655078053474,0.441910058259964,0.517390787601471
7.95219993591309,0.441935747861862,0.517213582992554,-0.0631143823266029,-0.075457751750946,-0.265149027109146,0.283591121435165,-0.0631162524223328,-0.075455941259861,-0.0631143823266029,-0.075457751750946,0.441934764385223,0.517212986946106,-0.0631162449717522,-0.0754559263586998,-0.265149295330048,0.283591896295547,-0.265149027109146,0.283591121435165,-0.0631162449717522,-0.0754559338092804,0.441931813955307,0.517216980457306,-0.0631181001663208,-0.0754541382193565,-0.0631162449717522,-0.0754559338092804,-0.265149265527725,0.283591896295547,-0.0631181076169014,-0.0754541531205177,0.441931128501892,0.517216205596924
7.95279979705811,0.441956669092178,0.517038881778717,-0.0630821660161018,-0.0754464119672775,-0.265012353658676,0.283758252859116,-0.0630840659141541,-0.0754446014761925,-0.0630821734666824,-0.0754464194178581,0.441955983638763,0.51703804731369,-0.0630840584635735,-0.0754445940256119,-0.265012741088867,0.283758997917175,-0.265012353658676,0.283758252859116,-0.0630840659141541,-0.0754445940256119,0.441953063011169,0.517042100429535,-0.0630858913064003,-0.0754428133368492,-0.0630840286612511,-0.0754446089267731,-0.265012741088867,0.283758997917175,-0.0630858913064003,-0.0754428133368492,0.44195231795311,0.517041265964508
7.95340013504028,0.441977471113205,0.516864061355591,-0.0630499720573425,-0.0754350870847702,-0.264875590801239,0.283925414085388,-0.0630518719553947,-0.0754332840442657,-0.0630499720573425,-0.0754350870847702,0.44197678565979,0.516863286495209,-0.0630518645048141,-0.0754332765936852,-0.264875859022141,0.283926218748093,-0.264875560998917,0.283925384283066,-0.0630518645048141,-0.0754332765936852,0.441973865032196,0.516867339611053,-0.0630536824464798,-0.0754314884543419,-0.0630518719553947,-0.0754332840442657,-0.264875859022141,0.283926218748093,-0.0630536898970604,-0.0754314959049225,0.441973119974136,0.516866505146027
7.9539999961853,0.44199812412262,0.51668918132782,-0.063017800450325,-0.0754237920045853,-0.264738708734512,0.284092515707016,-0.0630196556448936,-0.0754219889640808,-0.063017800450325,-0.0754237771034241,0.441997438669205,0.516688346862793,-0.063019648194313,-0.0754219740629196,-0.264739006757736,0.28409332036972,-0.264738708734512,0.284092515707016,-0.0630196556448936,-0.0754219815135002,0.44199475646019,0.516692221164703,-0.0630215108394623,-0.0754201784729958,-0.0630196556448936,-0.0754219815135002,-0.264739006757736,0.28409332036972,-0.0630215108394623,-0.0754201784729958,0.441994071006775,0.516691386699677
7.95459985733032,0.44201871752739,0.516514241695404,-0.0629855990409851,-0.0754125043749809,-0.264601647853851,0.284259736537933,-0.0629874989390373,-0.0754106715321541,-0.0629856437444687,-0.0754124894738197,0.442018002271652,0.516513407230377,-0.0629874840378761,-0.0754106640815735,-0.264601916074753,0.284260481595993,-0.264601647853851,0.284259736537933,-0.0629874914884567,-0.0754106715321541,0.442015051841736,0.516517460346222,-0.0629893466830254,-0.0754088833928108,-0.0629874914884567,-0.0754106864333153,-0.264601916074753,0.284260481595993,-0.062989354133606,-0.0754088908433914,0.442014366388321,0.51651668548584
7.9552001953125,0.442039042711258,0.516339123249054,-0.0629534646868706,-0.0754012167453766,-0.264464497566223,0.284426867961884,-0.0629553198814392,-0.0753993988037109,-0.0629534646868706,-0.0754012167453766,0.442038357257843,0.516338348388672,-0.0629553124308586,-0.0753993988037109,-0.264464765787125,0.28442770242691,-0.264464497566223,0.284426867961884,-0.0629553198814392,-0.0753993988037109,0.442035436630249,0.516342401504517,-0.0629571750760078,-0.0753976032137871,-0.0629553198814392,-0.0753993988037109,-0.264464765787125,0.28442770242691,-0.0629571750760078,-0.0753976032137871,0.442034751176834,0.51634156703949
7.95580005645752,0.442059338092804,0.516164004802704,-0.0629213079810143,-0.0753899589180946,-0.264327079057693,0.284594058990479,-0.0629231631755829,-0.0753881484270096,-0.0629213079810143,-0.0753899589180946,0.442058622837067,0.516163170337677,-0.0629231557250023,-0.075388140976429,-0.264327347278595,0.284594833850861,-0.264327079057693,0.284594058990479,-0.0629231557250023,-0.075388140976429,0.442055493593216,0.516167461872101,-0.0629250109195709,-0.0753863379359245,-0.0629231557250023,-0.075388140976429,-0.264327347278595,0.284594804048538,-0.0629250183701515,-0.0753863453865051,0.442054778337479,0.516166627407074
7.95639991760254,0.442078977823257,0.515989184379578,-0.0628891661763191,-0.0753787010908127,-0.264189481735229,0.284761250019073,-0.0628910213708878,-0.0753768980503082,-0.0628891736268997,-0.0753787010908127,0.44207826256752,0.515988349914551,-0.0628910213708878,-0.0753768905997276,-0.264189898967743,0.284762054681778,-0.264189481735229,0.284761250019073,-0.0628910213708878,-0.0753768980503082,0.442075610160828,0.515992224216461,-0.0628928691148758,-0.0753750801086426,-0.0628910213708878,-0.0753768980503082,-0.264189898967743,0.284762054681778,-0.0628928765654564,-0.0753750875592232,0.44207489490509,0.515991449356079
7.95699977874756,0.44209897518158,0.515813887119293,-0.062857024371624,-0.0753674656152725,-0.264051914215088,0.284928441047668,-0.062858872115612,-0.0753656625747681,-0.062857024371624,-0.0753674656152725,0.442098289728165,0.515813052654266,-0.0628588646650314,-0.0753656551241875,-0.264052182435989,0.284929275512695,-0.264051914215088,0.284928441047668,-0.062858872115612,-0.0753656625747681,0.442095369100571,0.515817105770111,-0.0628607571125031,-0.0753638446331024,-0.062858872115612,-0.0753656625747681,-0.264052182435989,0.284929275512695,-0.0628607571125031,-0.075363852083683,0.442094445228577,0.515816509723663
7.95760011672974,0.442118555307388,0.515638649463654,-0.0628248900175095,-0.0753562673926353,-0.263913959264755,0.285095691680908,-0.0628267675638199,-0.0753544420003891,-0.0628248900175095,-0.0753562524914742,0.442117869853973,0.515637874603271,-0.0628267675638199,-0.0753544345498085,-0.263914257287979,0.285096526145935,-0.263913959264755,0.285095691680908,-0.0628267675638199,-0.0753544345498085,0.442114949226379,0.515641927719116,-0.0628286153078079,-0.075352631509304,-0.0628267675638199,-0.0753544420003891,-0.263914227485657,0.285096496343613,-0.0628286153078079,-0.075352631509304,0.442114263772964,0.515641093254089
7.95819997787476,0.442137807607651,0.515463590621948,-0.0627927780151367,-0.075345054268837,-0.26377609372139,0.285262882709503,-0.0627946183085442,-0.0753432512283325,-0.0627927780151367,-0.075345054268837,0.442137122154236,0.515462815761566,-0.0627946108579636,-0.0753432363271713,-0.263776361942291,0.28526371717453,-0.26377609372139,0.285262882709503,-0.0627946183085442,-0.0753432437777519,0.442134439945221,0.515466630458832,-0.0627964958548546,-0.0753414258360863,-0.0627946183085442,-0.0753432437777519,-0.263776361942291,0.28526371717453,-0.0627964958548546,-0.0753414258360863,0.442133724689484,0.515465795993805
7.95879983901978,0.442157179117203,0.515288233757019,-0.0627606362104416,-0.0753338783979416,-0.263637840747833,0.285430163145065,-0.0627625212073326,-0.0753320455551147,-0.0627606362104416,-0.0753338783979416,0.442156463861465,0.515287399291992,-0.062762513756752,-0.0753320381045341,-0.263638108968735,0.285430997610092,-0.263637840747833,0.285430133342743,-0.062762513756752,-0.0753320381045341,0.442153573036194,0.515291452407837,-0.062764398753643,-0.0753302276134491,-0.062762513756752,-0.0753320530056953,-0.263638108968735,0.285430997610092,-0.062764398753643,-0.0753302276134491,0.442152827978134,0.51529061794281
7.95940017700195,0.442176342010498,0.515112698078156,-0.0627285614609718,-0.0753227025270462,-0.26349949836731,0.285597413778305,-0.0627304390072823,-0.0753208696842194,-0.0627285614609718,-0.0753227025270462,0.442175626754761,0.515111863613129,-0.0627304390072823,-0.0753208622336388,-0.263499915599823,0.285598188638687,-0.26349949836731,0.285597413778305,-0.0627304390072823,-0.0753208622336388,0.442172765731812,0.515115976333618,-0.0627322793006897,-0.0753190591931343,-0.0627304390072823,-0.0753208696842194,-0.263499915599823,0.285598188638687,-0.0627322793006897,-0.0753190591931343,0.442172020673752,0.515115141868591
7.96000003814697,0.442195177078247,0.514937400817871,-0.0626964643597603,-0.075311541557312,-0.263361096382141,0.285764664411545,-0.0626983121037483,-0.0753097236156464,-0.0626964643597603,-0.0753115490078926,0.442194223403931,0.514936804771423,-0.0626983046531677,-0.0753097161650658,-0.263361483812332,0.285765409469604,-0.263361096382141,0.285764664411545,-0.0626983121037483,-0.0753097236156464,0.442191541194916,0.514940679073334,-0.0627001896500587,-0.0753078907728195,-0.0626983121037483,-0.0753097236156464,-0.263361483812332,0.285765409469604,-0.0627001896500587,-0.0753078907728195,0.442190825939178,0.514939844608307
7.96059989929199,0.442213833332062,0.514761924743652,-0.0626643970608711,-0.0753003880381584,-0.263222426176071,0.285931974649429,-0.062666229903698,-0.0752985700964928,-0.0626643970608711,-0.0753003880381584,0.442213118076324,0.514761090278625,-0.062666229903698,-0.0752985700964928,-0.263222694396973,0.285932809114456,-0.263222426176071,0.285931974649429,-0.062666229903698,-0.0752985700964928,0.442210227251053,0.514765202999115,-0.0626681074500084,-0.0752967521548271,-0.062666229903698,-0.0752985924482346,-0.26322266459465,0.285932779312134,-0.0626681074500084,-0.0752967521548271,0.442209511995316,0.514764368534088
7.96120023727417,0.442232131958008,0.514586627483368,-0.0626322999596596,-0.0752892792224884,-0.263083696365356,0.286099284887314,-0.06263417750597,-0.0752874538302422,-0.0626322999596596,-0.0752892717719078,0.442231416702271,0.514585793018341,-0.0626341700553894,-0.075287438929081,-0.263083964586258,0.286100059747696,-0.263083696365356,0.286099284887314,-0.06263417750597,-0.0752874463796616,0.4422287940979,0.514589667320251,-0.0626360177993774,-0.0752856284379959,-0.06263417750597,-0.0752874463796616,-0.263083934783936,0.286100059747696,-0.0626360177993774,-0.0752856284379959,0.442228078842163,0.514588832855225
7.96180009841919,0.442250519990921,0.514410972595215,-0.0626002326607704,-0.0752781555056572,-0.262944877147675,0.286266505718231,-0.0626021027565002,-0.0752763450145721,-0.0626002326607704,-0.0752781555056572,0.442249804735184,0.514410197734833,-0.0626020953059196,-0.0752763301134109,-0.262945115566254,0.286267310380936,-0.262944877147675,0.286266505718231,-0.0626020953059196,-0.0752763375639915,0.442246943712234,0.514414310455322,-0.0626039803028107,-0.0752745047211647,-0.0626020953059196,-0.0752763375639915,-0.262944966554642,0.286267399787903,-0.0626039803028107,-0.0752745047211647,0.442246198654175,0.514413475990295
7.96239995956421,0.442268550395966,0.514235556125641,-0.0625681728124619,-0.0752670764923096,-0.262805670499802,0.286433845758438,-0.0625700429081917,-0.0752652436494827,-0.0625681728124619,-0.0752670764923096,0.442267835140228,0.514234721660614,-0.0625700429081917,-0.0752652361989021,-0.262806057929993,0.28643462061882,-0.262805670499802,0.286433845758438,-0.0625700429081917,-0.0752652361989021,0.442265182733536,0.514238595962524,-0.0625719204545021,-0.0752634033560753,-0.0625700429081917,-0.0752652436494827,-0.262806057929993,0.286434590816498,-0.0625718832015991,-0.0752634108066559,0.442264497280121,0.514237761497498
7.96299982070923,0.442286670207977,0.514059662818909,-0.0625361353158951,-0.0752559825778008,-0.262666374444962,0.286601215600967,-0.0625379756093025,-0.0752541646361351,-0.0625361353158951,-0.0752559900283813,0.44228595495224,0.514058887958527,-0.0625379681587219,-0.0752541497349739,-0.262666791677475,0.286601990461349,-0.262666374444962,0.286601215600967,-0.0625379756093025,-0.0752541571855545,0.442283093929291,0.514063000679016,-0.0625398382544518,-0.0752523168921471,-0.0625379756093025,-0.0752541571855545,-0.262666761875153,0.286601960659027,-0.0625398457050323,-0.0752523243427277,0.442282378673553,0.514062166213989
7.96360015869141,0.44230443239212,0.5138840675354,-0.0625040903687477,-0.0752449110150337,-0.262526988983154,0.286768525838852,-0.0625059604644775,-0.0752430930733681,-0.0625040903687477,-0.0752449110150337,0.442303448915482,0.513883411884308,-0.0625059530138969,-0.0752430856227875,-0.262527257204056,0.286769330501556,-0.262526988983154,0.286768555641174,-0.0625059530138969,-0.0752430856227875,0.442300826311111,0.513887286186218,-0.0625077933073044,-0.0752412676811218,-0.0625059530138969,-0.0752430856227875,-0.262527257204056,0.286769330501556,-0.0625077933073044,-0.0752412676811218,0.442300140857697,0.513886511325836
7.96420001983643,0.442322045564651,0.513708293437958,-0.0624720565974712,-0.0752338543534279,-0.26238739490509,0.286935865879059,-0.0624739229679108,-0.0752320438623428,-0.0624720565974712,-0.0752338543534279,0.442321300506592,0.513707458972931,-0.0624739155173302,-0.0752320289611816,-0.262387782335281,0.286936670541763,-0.26238739490509,0.286935865879059,-0.0624739192426205,-0.0752320364117622,0.442318439483643,0.51371157169342,-0.0624757930636406,-0.0752301961183548,-0.0624739192426205,-0.0752320364117622,-0.262387782335281,0.286936670541763,-0.0624757558107376,-0.075230211019516,0.442317754030228,0.513710737228394
7.96479988098145,0.442339271306992,0.513532638549805,-0.0624400414526463,-0.0752228274941444,-0.262247681617737,0.287103176116943,-0.0624418780207634,-0.0752210170030594,-0.0624400414526463,-0.0752228200435638,0.442338585853577,0.513531804084778,-0.0624418705701828,-0.0752210021018982,-0.262248069047928,0.287103980779648,-0.262247681617737,0.287103176116943,-0.0624419078230858,-0.075220987200737,0.442335963249207,0.513535737991333,-0.0624437369406223,-0.0752191692590714,-0.0624418742954731,-0.0752210095524788,-0.262248069047928,0.287103980779648,-0.0624437406659126,-0.0752191767096519,0.442335218191147,0.513534843921661
7.96540021896362,0.442356616258621,0.513356745243073,-0.0624080114066601,-0.0752118080854416,-0.262107908725739,0.287270545959473,-0.0624098777770996,-0.0752099752426147,-0.0624080486595631,-0.0752117931842804,0.442355930805206,0.513355910778046,-0.0624098740518093,-0.0752099677920341,-0.262108027935028,0.287271440029144,-0.262107759714127,0.287270605564117,-0.0624098740518093,-0.0752099677920341,0.442353010177612,0.51335996389389,-0.0624117404222488,-0.0752081498503685,-0.0624098740518093,-0.0752099826931953,-0.262108027935028,0.287271440029144,-0.0624117478728294,-0.0752081498503685,0.442352324724197,0.513359189033508
7.96600008010864,0.442373543977737,0.51318085193634,-0.0623759999871254,-0.0752008110284805,-0.261967748403549,0.287438035011292,-0.0623778626322746,-0.0751989707350731,-0.0623759999871254,-0.0752008110284805,0.442372828722,0.513180077075958,-0.0623778589069843,-0.0751989632844925,-0.261968016624451,0.287438809871674,-0.261967748403549,0.287438035011292,-0.0623778589069843,-0.0751989632844925,0.442370265722275,0.513184010982513,-0.0623797252774239,-0.0751971304416656,-0.0623778626322746,-0.0751989707350731,-0.261968016624451,0.287438809871674,-0.0623797290027142,-0.0751971304416656,0.442369520664215,0.513183116912842
7.96659994125366,0.442390620708466,0.513004779815674,-0.0623440071940422,-0.0751898139715195,-0.261827498674393,0.287605404853821,-0.0623458735644817,-0.075187973678112,-0.0623440109193325,-0.0751898214221001,0.442389935255051,0.513003945350647,-0.0623458661139011,-0.0751879662275314,-0.261827915906906,0.287606179714203,-0.261827498674393,0.287605404853821,-0.0623458661139011,-0.0751879662275314,0.442387074232101,0.513008058071136,-0.0623477324843407,-0.0751861333847046,-0.0623458661139011,-0.0751879662275314,-0.261827886104584,0.28760614991188,-0.0623477324843407,-0.0751861333847046,0.442386329174042,0.51300722360611
7.96719980239868,0.442407310009003,0.512828767299652,-0.0623120330274105,-0.075178824365139,-0.261687308549881,0.287772685289383,-0.06231389939785,-0.0751769915223122,-0.0623120330274105,-0.075178824365139,0.442406356334686,0.512828171253204,-0.0623138882219791,-0.075176976621151,-0.261687427759171,0.287773579359055,-0.261687159538269,0.287772804498672,-0.0623138956725597,-0.0751769840717316,0.442403525114059,0.512832283973694,-0.0623157545924187,-0.0751751586794853,-0.0623138956725597,-0.0751769840717316,-0.261687397956848,0.287773579359055,-0.062315758317709,-0.0751751661300659,0.442402780056,0.512831389904022
7.96780014038086,0.442423611879349,0.512652933597565,-0.0622800849378109,-0.0751678645610809,-0.261546730995178,0.287940144538879,-0.0622819028794765,-0.0751660391688347,-0.0622800849378109,-0.0751678645610809,0.442422866821289,0.512652039527893,-0.0622818991541862,-0.0751660317182541,-0.26154699921608,0.287940919399261,-0.261546730995178,0.287940144538879,-0.0622818991541862,-0.0751660317182541,0.442420244216919,0.512655973434448,-0.0622837580740452,-0.0751641914248466,-0.0622818991541862,-0.0751660317182541,-0.26154699921608,0.287940919399261,-0.0622837617993355,-0.0751641988754272,0.442419320344925,0.512655377388
7.96840000152588,0.442440003156662,0.512476742267609,-0.0622480697929859,-0.0751569345593452,-0.261405944824219,0.288107603788376,-0.0622499696910381,-0.0751550793647766,-0.0622481107711792,-0.0751569122076035,0.442439287900925,0.512475907802582,-0.0622499659657478,-0.075155071914196,-0.261406362056732,0.288108378648758,-0.261405944824219,0.288107603788376,-0.0622499659657478,-0.075155071914196,0.442436426877975,0.512480020523071,-0.0622518248856068,-0.0751532316207886,-0.0622499659657478,-0.075155071914196,-0.26140633225441,0.288108348846436,-0.0622518286108971,-0.0751532390713692,0.442435681819916,0.5124791264534
7.9689998626709,0.442456007003784,0.512300670146942,-0.062216155230999,-0.0751459747552872,-0.261265188455582,0.288274973630905,-0.0622180141508579,-0.0751441344618797,-0.062216155230999,-0.0751459747552872,0.442455321550369,0.512299835681915,-0.062218002974987,-0.0751441270112991,-0.261265456676483,0.288275837898254,-0.261265188455582,0.288274973630905,-0.0622180067002773,-0.0751441270112991,0.44245246052742,0.512303948402405,-0.0622198320925236,-0.0751423090696335,-0.0622180067002773,-0.0751441270112991,-0.261265426874161,0.288275808095932,-0.0622198320925236,-0.0751423090696335,0.44245171546936,0.512303113937378
7.96960020065308,0.442471891641617,0.512124538421631,-0.0621841847896576,-0.0751350820064545,-0.261124104261398,0.288442462682724,-0.0621860437095165,-0.0751332193613052,-0.0621841847896576,-0.0751350820064545,0.442471206188202,0.512123703956604,-0.0621860399842262,-0.0751332193613052,-0.261124461889267,0.288443237543106,-0.261124104261398,0.288442462682724,-0.0621860437095165,-0.0751332193613052,0.442468583583832,0.512127578258514,-0.0621878989040852,-0.0751313716173172,-0.0621860437095165,-0.0751332342624664,-0.261124461889267,0.288443237543106,-0.0621878989040852,-0.0751313716173172,0.442467600107193,0.512126982212067
7.9702000617981,0.442487895488739,0.511948108673096,-0.0621522329747677,-0.07512416690588,-0.260983020067215,0.288609892129898,-0.0621541291475296,-0.0751223117113113,-0.062152236700058,-0.07512416690588,0.442487150430679,0.511947214603424,-0.062154121696949,-0.0751222968101501,-0.260983258485794,0.288610696792603,-0.260983020067215,0.288609892129898,-0.0621541254222393,-0.0751223042607307,0.442484080791473,0.511951565742493,-0.062155943363905,-0.0751204788684845,-0.0621541254222393,-0.0751223042607307,-0.260983258485794,0.28861066699028,-0.0621559470891953,-0.0751204863190651,0.442483365535736,0.511950790882111
7.97079992294312,0.442503154277802,0.511771976947784,-0.0621203072369099,-0.0751132816076279,-0.260841727256775,0.288777321577072,-0.0621221587061882,-0.0751114338636398,-0.0621203072369099,-0.0751132816076279,0.442502439022064,0.511771202087402,-0.0621221512556076,-0.0751114264130592,-0.260841965675354,0.288778156042099,-0.260841578245163,0.288777381181717,-0.0621221549808979,-0.0751114338636398,0.442499607801437,0.511775314807892,-0.0621240474283695,-0.0751095712184906,-0.0621221549808979,-0.0751114338636398,-0.260841965675354,0.288778126239777,-0.0621240474283695,-0.0751095712184906,0.442498862743378,0.51177442073822
7.97139978408813,0.442518502473831,0.511595606803894,-0.0620883926749229,-0.0751023963093758,-0.260700196027756,0.288944840431213,-0.062090240418911,-0.0751005560159683,-0.0620883926749229,-0.0751023963093758,0.442517787218094,0.511594891548157,-0.0620902366936207,-0.0751005485653877,-0.260700434446335,0.28894567489624,-0.260700196027756,0.288944840431213,-0.062090240418911,-0.0751005560159683,0.442514926195145,0.511598944664001,-0.0620920993387699,-0.0750987082719803,-0.062090240418911,-0.0751005634665489,-0.260700434446335,0.28894567489624,-0.0620920993387699,-0.0750987082719803,0.442514210939407,0.511598110198975
7.97200012207031,0.442533671855927,0.511419296264648,-0.0620564632117748,-0.0750915482640266,-0.260558426380157,0.289112329483032,-0.0620583482086658,-0.075089693069458,-0.0620565041899681,-0.075091540813446,0.442532986402512,0.511418521404266,-0.0620583444833755,-0.0750896856188774,-0.260558813810349,0.289113104343414,-0.260558426380157,0.289112329483032,-0.0620583444833755,-0.0750896856188774,0.442530155181885,0.511422574520111,-0.0620602034032345,-0.07508784532547,-0.0620583444833755,-0.0750896856188774,-0.260558813810349,0.289113104343414,-0.0620602034032345,-0.07508784532547,0.442529410123825,0.511421740055084
7.97259998321533,0.442548781633377,0.511242866516113,-0.0620245896279812,-0.0750807002186775,-0.260416716337204,0.289279788732529,-0.0620264410972595,-0.0750788524746895,-0.0620245896279812,-0.0750807002186775,0.442547976970673,0.511242151260376,-0.0620264373719692,-0.0750788450241089,-0.260416984558105,0.289280593395233,-0.260416716337204,0.289279788732529,-0.0620264373719692,-0.0750788450241089,0.442545115947723,0.511246204376221,-0.0620282888412476,-0.0750769972801208,-0.0620264410972595,-0.0750788524746895,-0.260416984558105,0.289280593395233,-0.0620282888412476,-0.0750769972801208,0.442544370889664,0.511245369911194
7.97319984436035,0.442563414573669,0.511066436767578,-0.0619926638901234,-0.0750698819756508,-0.260274767875671,0.289447277784348,-0.0619945488870144,-0.0750680193305016,-0.0619926638901234,-0.0750698819756508,0.442562729120255,0.511065661907196,-0.0619945451617241,-0.0750680193305016,-0.260275036096573,0.28944805264473,-0.260274767875671,0.289447277784348,-0.0619945451617241,-0.0750680193305016,0.44255992770195,0.511069774627686,-0.0619963891804218,-0.0750661566853523,-0.0619945488870144,-0.0750680193305016,-0.260275036096573,0.28944805264473,-0.0619963929057121,-0.0750661641359329,0.44255918264389,0.511068940162659
7.97380018234253,0.442577987909317,0.510889947414398,-0.06196079403162,-0.0750590711832047,-0.260132610797882,0.289614737033844,-0.0619626380503178,-0.0750572085380554,-0.06196079403162,-0.0750590562820435,0.44257727265358,0.510889172554016,-0.0619626268744469,-0.0750572010874748,-0.260132849216461,0.289615571498871,-0.260132610797882,0.289614737033844,-0.0619626343250275,-0.0750572010874748,0.442574441432953,0.510893285274506,-0.0619645193219185,-0.0750553458929062,-0.0619626343250275,-0.0750572010874748,-0.260132849216461,0.289615571498871,-0.0619645193219185,-0.0750553458929062,0.442573726177216,0.510892510414124
7.97440004348755,0.442592531442642,0.510713398456573,-0.0619289055466652,-0.0750482603907585,-0.259990334510803,0.289782285690308,-0.0619307793676853,-0.0750464051961899,-0.0619289055466652,-0.0750482603907585,0.442591816186905,0.510712623596191,-0.061930775642395,-0.0750463977456093,-0.259990602731705,0.28978306055069,-0.259990334510803,0.289782285690308,-0.061930775642395,-0.0750463977456093,0.442588984966278,0.510716736316681,-0.0619326233863831,-0.0750445351004601,-0.0619307793676853,-0.0750464051961899,-0.259990602731705,0.28978306055069,-0.0619326233863831,-0.0750445500016212,0.442588150501251,0.510715961456299
7.97499990463257,0.442606687545776,0.510536849498749,-0.0618970282375813,-0.0750374794006348,-0.259847849607468,0.289949774742126,-0.061898909509182,-0.0750356167554855,-0.0618970282375813,-0.0750374794006348,0.442606002092361,0.510536015033722,-0.0618989020586014,-0.0750356093049049,-0.259848237037659,0.289950549602509,-0.259847819805145,0.289949774742126,-0.061898909509182,-0.0750356167554855,0.442603141069412,0.510540127754211,-0.0619007535278797,-0.0750337541103363,-0.061898909509182,-0.0750356167554855,-0.259848237037659,0.289950549602509,-0.0619007535278797,-0.0750337541103363,0.442602396011353,0.510539293289185
7.97559976577759,0.442620724439621,0.510360240936279,-0.0618651807308197,-0.0750267058610916,-0.259705245494843,0.290117353200912,-0.0618670582771301,-0.0750248432159424,-0.06186518445611,-0.0750267133116722,0.442619979381561,0.510359406471252,-0.0618670545518398,-0.0750248357653618,-0.259705513715744,0.290118128061295,-0.259705245494843,0.290117353200912,-0.0618670545518398,-0.0750248357653618,0.442617177963257,0.510363519191742,-0.0618688985705376,-0.0750229954719543,-0.0618670582771301,-0.0750248432159424,-0.259705483913422,0.290118098258972,-0.0618688985705376,-0.0750229954719543,0.44261646270752,0.510362684726715
7.97620010375977,0.442634582519531,0.51018351316452,-0.0618333481252193,-0.0750159472227097,-0.259562432765961,0.290284842252731,-0.0618351921439171,-0.075014092028141,-0.0618333481252193,-0.0750159472227097,0.442633837461472,0.510182678699493,-0.0618351884186268,-0.0750140845775604,-0.259562820196152,0.290285646915436,-0.259562432765961,0.290284842252731,-0.0618351884186268,-0.0750140845775604,0.442631036043167,0.510186851024628,-0.0618370622396469,-0.0750122219324112,-0.0618351884186268,-0.0750140845775604,-0.259562820196152,0.290285646915436,-0.0618370622396469,-0.0750122219324112,0.442630290985107,0.510186016559601
7.97679996490479,0.442648351192474,0.510006844997406,-0.0618015006184578,-0.0750052183866501,-0.259419530630112,0.290452390909195,-0.0618033707141876,-0.0750033408403397,-0.0618015006184578,-0.0750052034854889,0.442647606134415,0.510006010532379,-0.0618033669888973,-0.0750033333897591,-0.259419798851013,0.290453225374222,-0.259419530630112,0.290452390909195,-0.0618033669888973,-0.0750033333897591,0.44264480471611,0.510010123252869,-0.0618051774799824,-0.0750015005469322,-0.0618033371865749,-0.0750033482909203,-0.259419769048691,0.290453195571899,-0.0618051774799824,-0.0750015005469322,0.442644059658051,0.510009288787842
7.9773998260498,0.442661792039871,0.509830057621002,-0.0617696680128574,-0.0749944746494293,-0.259276390075684,0.290619969367981,-0.0617715045809746,-0.0749926269054413,-0.0617696680128574,-0.0749944746494293,0.442660957574844,0.509829223155975,-0.0617715008556843,-0.0749926194548607,-0.259276747703552,0.290620744228363,-0.259276360273361,0.290619939565659,-0.0617715008556843,-0.0749926194548607,0.442658126354218,0.509833335876465,-0.0617733784019947,-0.0749907568097115,-0.0617715045809746,-0.0749926269054413,-0.259276747703552,0.290620744228363,-0.0617733784019947,-0.0749907568097115,0.44265741109848,0.509832561016083
7.97800016403198,0.442675173282623,0.509653210639954,-0.0617378205060959,-0.0749837830662727,-0.259133130311966,0.290787488222122,-0.061739694327116,-0.0749819204211235,-0.0617378205060959,-0.0749837830662727,0.442674309015274,0.509652376174927,-0.0617396906018257,-0.0749818906188011,-0.259133517742157,0.290788263082504,-0.259133130311966,0.290787488222122,-0.0617396906018257,-0.0749818906188011,0.44267150759697,0.509656548500061,-0.0617415271699429,-0.0749800503253937,-0.061739694327116,-0.0749819204211235,-0.259133517742157,0.290788263082504,-0.0617415308952332,-0.0749800577759743,0.44267076253891,0.509655714035034
7.978600025177,0.442688226699829,0.509476363658905,-0.0617060288786888,-0.0749730840325356,-0.258989661931992,0.290955096483231,-0.0617079064249992,-0.0749711990356445,-0.0617060288786888,-0.0749730691313744,0.442687511444092,0.509475588798523,-0.0617078952491283,-0.0749711915850639,-0.258990049362183,0.290955871343613,-0.258989661931992,0.290955096483231,-0.0617078989744186,-0.0749711990356445,0.442684680223465,0.509479701519012,-0.0617097318172455,-0.0749693363904953,-0.0617078989744186,-0.0749711990356445,-0.258990049362183,0.290955871343613,-0.0617097318172455,-0.0749693363904953,0.442683815956116,0.509478867053986
7.97919988632202,0.442701041698456,0.509299457073212,-0.0616742186248302,-0.0749623998999596,-0.25884610414505,0.291122645139694,-0.0616760551929474,-0.0749605372548103,-0.0616742223501205,-0.0749624073505402,0.442700296640396,0.50929868221283,-0.0616760477423668,-0.0749605372548103,-0.258846342563629,0.291123479604721,-0.25884610414505,0.291122645139694,-0.0616760477423668,-0.0749605372548103,0.442697495222092,0.509302794933319,-0.0616779215633869,-0.0749586522579193,-0.0616760477423668,-0.0749605372548103,-0.258846342563629,0.291123479604721,-0.0616779215633869,-0.0749586746096611,0.442696750164032,0.509301960468292
7.9798002243042,0.442713886499405,0.509122550487518,-0.0616424344480038,-0.0749517381191254,-0.258702456951141,0.291290193796158,-0.061644297093153,-0.0749498531222343,-0.0616424344480038,-0.0749517381191254,0.442713022232056,0.509121716022491,-0.0616442933678627,-0.0749498456716537,-0.25870269536972,0.291291028261185,-0.258702456951141,0.291290193796158,-0.0616442933678627,-0.0749498456716537,0.442710220813751,0.509125828742981,-0.0616461262106895,-0.0749479755759239,-0.0616442933678627,-0.0749498456716537,-0.258702665567398,0.291291028261185,-0.0616461299359798,-0.0749479830265045,0.442709475755692,0.509125053882599
7.98040008544922,0.442726403474808,0.508945524692535,-0.0616106204688549,-0.0749410763382912,-0.258558422327042,0.291457831859589,-0.0616124905645847,-0.0749392136931419,-0.0616106279194355,-0.0749410837888718,0.44272568821907,0.508944749832153,-0.0616124831140041,-0.0749392062425613,-0.25855877995491,0.291458576917648,-0.258558422327042,0.291457831859589,-0.0616124868392944,-0.0749392136931419,0.442722856998444,0.508948802947998,-0.061614353209734,-0.0749373286962509,-0.0616124868392944,-0.0749392136931419,-0.25855877995491,0.291458576917648,-0.061614353209734,-0.0749373286962509,0.442721992731094,0.508948028087616
7.98099994659424,0.442738682031631,0.508768498897552,-0.0615788698196411,-0.0749304369091988,-0.258414298295975,0.291625440120697,-0.0615807361900806,-0.0749285519123077,-0.0615788772702217,-0.0749304443597794,0.442737966775894,0.508767664432526,-0.0615807324647903,-0.0749285519123077,-0.258414685726166,0.291626214981079,-0.258414298295975,0.291625440120697,-0.0615807324647903,-0.0749285519123077,0.442735135555267,0.508771777153015,-0.0615825615823269,-0.0749266818165779,-0.0615807361900806,-0.0749285519123077,-0.258414685726166,0.291626214981079,-0.0615825615823269,-0.0749266818165779,0.442734390497208,0.508771002292633
7.98159980773926,0.442750811576843,0.508591413497925,-0.0615471042692661,-0.0749198198318481,-0.258270084857941,0.291793018579483,-0.0615489296615124,-0.0749179497361183,-0.0615471042692661,-0.0749198198318481,0.442750096321106,0.508590638637543,-0.0615489222109318,-0.0749179422855377,-0.258270472288132,0.291793793439865,-0.258270084857941,0.291793018579483,-0.0615489222109318,-0.0749179422855377,0.442747265100479,0.508594751358032,-0.0615507923066616,-0.0749160647392273,-0.0615489296615124,-0.0749179497361183,-0.258270472288132,0.291793793439865,-0.0615507923066616,-0.0749160647392273,0.442746520042419,0.508593916893005
7.98220014572144,0.442762821912766,0.508414268493652,-0.0615153536200523,-0.0749092027544975,-0.258125782012939,0.291960597038269,-0.0615171752870083,-0.0749073326587677,-0.0615153536200523,-0.0749092027544975,0.442762076854706,0.50841349363327,-0.061517171561718,-0.0749073252081871,-0.258126020431519,0.291961401700974,-0.258125782012939,0.291960597038269,-0.061517171561718,-0.0749073252081871,0.442759335041046,0.50841760635376,-0.0615190416574478,-0.0749054625630379,-0.0615171752870083,-0.0749073326587677,-0.258125990629196,0.291961371898651,-0.0615190416574478,-0.0749054625630379,0.442758589982986,0.508416771888733
7.98280000686646,0.442774564027786,0.50823712348938,-0.0614835843443871,-0.0748986080288887,-0.257981210947037,0.292128145694733,-0.0614854469895363,-0.0748967379331589,-0.0614835843443871,-0.0748986080288887,0.442773848772049,0.508236289024353,-0.0614854395389557,-0.0748967230319977,-0.257981330156326,0.292129069566727,-0.257981210947037,0.292128145694733,-0.061485443264246,-0.0748967304825783,0.442771017551422,0.508240461349487,-0.0614873021841049,-0.0748948454856873,-0.061485443264246,-0.0748967304825783,-0.257981330156326,0.292129069566727,-0.0614873021841049,-0.0748948454856873,0.442770272493362,0.50823962688446
7.98339986801147,0.442786157131195,0.508059859275818,-0.0614518336951733,-0.0748880282044411,-0.25783634185791,0.292295902967453,-0.0614536963403225,-0.0748861506581306,-0.0614518374204636,-0.0748880356550217,0.442785441875458,0.508059084415436,-0.0614536926150322,-0.07488614320755,-0.257836699485779,0.292296677827835,-0.257836312055588,0.292295873165131,-0.0614536926150322,-0.07488614320755,0.442782610654831,0.508063197135925,-0.0614555478096008,-0.0748842731118202,-0.0614536963403225,-0.0748861506581306,-0.257836699485779,0.292296677827835,-0.0614555478096008,-0.0748842731118202,0.442781895399094,0.508062422275543
7.98400020599365,0.442797511816025,0.507882595062256,-0.0614201091229916,-0.0748774707317352,-0.257691442966461,0.292463481426239,-0.0614219605922699,-0.0748755931854248,-0.0614201091229916,-0.0748774707317352,0.442796796560287,0.507881879806519,-0.0614219568669796,-0.0748755857348442,-0.257691830396652,0.292464256286621,-0.257691442966461,0.292463481426239,-0.0614219568669796,-0.0748755857348442,0.442793965339661,0.507885992527008,-0.0614238195121288,-0.0748737081885338,-0.0614219605922699,-0.0748755931854248,-0.257691830396652,0.292464256286621,-0.0614238195121288,-0.0748737081885338,0.442793220281601,0.507885158061981
7.98460006713867,0.442808717489243,0.507705330848694,-0.0613883957266808,-0.07486692070961,-0.257546484470367,0.292631089687347,-0.0613902509212494,-0.0748650282621384,-0.0613883957266808,-0.07486692070961,0.442807972431183,0.507704555988312,-0.0613902471959591,-0.0748650282621384,-0.257546722888947,0.292631924152374,-0.257546335458755,0.292631149291992,-0.0613902471959591,-0.0748650282621384,0.442805200815201,0.507708668708801,-0.061392068862915,-0.0748631656169891,-0.0613902471959591,-0.0748650282621384,-0.257546722888947,0.292631924152374,-0.061392068862915,-0.0748631656169891,0.442804455757141,0.507707834243774
7.98519992828369,0.442819744348526,0.507528007030487,-0.0613566637039185,-0.0748563781380653,-0.257401287555695,0.292798697948456,-0.0613585226237774,-0.0748545005917549,-0.0613566711544991,-0.0748563855886459,0.442818999290466,0.50752717256546,-0.0613585188984871,-0.0748544782400131,-0.257401376962662,0.292799592018127,-0.257401287555695,0.292798668146133,-0.0613585226237774,-0.0748544856905937,0.442816257476807,0.507531344890594,-0.0613603740930557,-0.0748526155948639,-0.0613585226237774,-0.0748545005917549,-0.257401376962662,0.292799592018127,-0.0613603740930557,-0.0748526155948639,0.442815512418747,0.507530510425568
7.98579978942871,0.442830562591553,0.507350623607635,-0.0613249577581882,-0.0748458579182625,-0.257255852222443,0.292966365814209,-0.0613268129527569,-0.0748439729213715,-0.0613249577581882,-0.0748458579182625,0.442829817533493,0.507349789142609,-0.061326801776886,-0.0748439654707909,-0.257256090641022,0.292967170476913,-0.257255852222443,0.292966365814209,-0.0613268092274666,-0.0748439729213715,0.442826956510544,0.507353961467743,-0.0613286644220352,-0.0748420804738998,-0.0613268092274666,-0.0748439729213715,-0.257256060838699,0.292967140674591,-0.0613286644220352,-0.0748421028256416,0.442826211452484,0.507353127002716
7.98640012741089,0.442841231822968,0.507173240184784,-0.0612932667136192,-0.0748353451490402,-0.257110178470612,0.293134033679962,-0.0612951219081879,-0.0748334601521492,-0.0612932704389095,-0.0748353525996208,0.442840367555618,0.507172405719757,-0.061295110732317,-0.0748334527015686,-0.257110565900803,0.293134838342667,-0.257110178470612,0.293134033679962,-0.0612951181828976,-0.0748334601521492,0.442837744951248,0.507176518440247,-0.0612969733774662,-0.0748315900564194,-0.0612951181828976,-0.0748334601521492,-0.257110565900803,0.293134838342667,-0.0612969733774662,-0.0748315900564194,0.442836880683899,0.50717568397522
7.98699998855591,0.442851603031158,0.506995677947998,-0.061261598020792,-0.0748248547315598,-0.256964534521103,0.293301671743393,-0.06126344576478,-0.0748229697346687,-0.061261598020792,-0.0748248547315598,0.442850917577744,0.506994903087616,-0.0612634420394897,-0.0748229622840881,-0.256964802742004,0.29330250620842,-0.256964534521103,0.293301671743393,-0.06126344576478,-0.0748229697346687,0.442848145961761,0.506999135017395,-0.0612652972340584,-0.0748210772871971,-0.06126344576478,-0.0748229697346687,-0.256964802742004,0.29330250620842,-0.0612652972340584,-0.0748210772871971,0.442847281694412,0.506998300552368
7.98759984970093,0.442861914634705,0.506818234920502,-0.0612299107015133,-0.0748143792152405,-0.256818562746048,0.293469369411469,-0.0612317584455013,-0.0748125016689301,-0.0612299107015133,-0.0748143792152405,0.442861169576645,0.506817400455475,-0.061231754720211,-0.0748124942183495,-0.256818801164627,0.293470174074173,-0.256818562746048,0.293469369411469,-0.061231754720211,-0.0748124942183495,0.442858278751373,0.506821572780609,-0.0612336061894894,-0.0748106017708778,-0.061231754720211,-0.0748124942183495,-0.256818801164627,0.293470174074173,-0.0612336061894894,-0.0748106017708778,0.442857533693314,0.506820797920227
7.98820018768311,0.442871928215027,0.506640672683716,-0.0611982382833958,-0.074803926050663,-0.256672590970993,0.293636977672577,-0.0612000897526741,-0.0748020336031914,-0.0611982457339764,-0.0748039335012436,0.442871183156967,0.506639838218689,-0.0612000860273838,-0.0748020336031914,-0.256672859191895,0.293637812137604,-0.256672590970993,0.293636977672577,-0.0612000860273838,-0.0748020336031914,0.442868441343307,0.506644010543823,-0.0612019337713718,-0.0748001411557198,-0.0612000897526741,-0.0748020336031914,-0.256672829389572,0.293637812137604,-0.0612019337713718,-0.0748001411557198,0.442867577075958,0.506643176078796
7.98880004882813,0.442881762981415,0.506463050842285,-0.06116658821702,-0.0747934654355049,-0.256526291370392,0.293804675340652,-0.0611684359610081,-0.0747915804386139,-0.0611665919423103,-0.0747934728860855,0.442881077528,0.506462275981903,-0.0611684322357178,-0.0747915729880333,-0.256526529788971,0.293805509805679,-0.256526291370392,0.293804675340652,-0.0611684322357178,-0.0747915729880333,0.442878305912018,0.506466448307037,-0.0611702799797058,-0.0747896805405617,-0.0611684322357178,-0.0747915729880333,-0.256526529788971,0.293805509805679,-0.0611702799797058,-0.0747896805405617,0.442877560853958,0.50646561384201
7.98939990997314,0.442891389131546,0.506285429000854,-0.0611349195241928,-0.0747830495238304,-0.256379842758179,0.293972373008728,-0.0611367709934711,-0.0747811570763588,-0.0611349269747734,-0.074783056974411,0.442890644073486,0.506284594535828,-0.0611367598176003,-0.0747811496257782,-0.25638011097908,0.293973207473755,-0.256379842758179,0.293972373008728,-0.0611367635428905,-0.0747811570763588,0.442887902259827,0.506288826465607,-0.0611386075615883,-0.0747792646288872,-0.0611367635428905,-0.0747811570763588,-0.25638011097908,0.293973207473755,-0.0611386075615883,-0.0747792646288872,0.442887157201767,0.50628799200058
7.98999977111816,0.442900836467743,0.506107807159424,-0.0611032731831074,-0.0747726261615753,-0.256233334541321,0.294140070676804,-0.0611051209270954,-0.0747707262635231,-0.0611032731831074,-0.0747726261615753,0.442900091409683,0.506106913089752,-0.0611051172018051,-0.0747707262635231,-0.2562335729599,0.294140875339508,-0.256233334541321,0.294140070676804,-0.0611051172018051,-0.0747707262635231,0.442897349596024,0.506111145019531,-0.0611069612205029,-0.0747688338160515,-0.0611051172018051,-0.0747707262635231,-0.2562335729599,0.294140875339508,-0.0611069612205029,-0.0747688338160515,0.442896634340286,0.506110370159149
7.99060010910034,0.442910194396973,0.505930066108704,-0.0610716454684734,-0.074762225151062,-0.256086558103561,0.294307738542557,-0.0610734894871712,-0.0747603178024292,-0.0610716454684734,-0.074762225151062,0.442909449338913,0.505929231643677,-0.0610734857618809,-0.0747603178024292,-0.256086826324463,0.294308573007584,-0.256086558103561,0.294307738542557,-0.0610734857618809,-0.0747603178024292,0.442906677722931,0.505933403968811,-0.0610753260552883,-0.0747584253549576,-0.0610734857618809,-0.0747603178024292,-0.256086796522141,0.294308543205261,-0.0610753260552883,-0.0747584253549576,0.442905813455582,0.505932569503784
7.99119997024536,0.442919254302979,0.505752265453339,-0.0610400326550007,-0.0747518315911293,-0.255939722061157,0.294475436210632,-0.0610418803989887,-0.0747499316930771,-0.0610400326550007,-0.0747518315911293,0.442918509244919,0.505751490592957,-0.0610418692231178,-0.0747499093413353,-0.255939960479736,0.294476240873337,-0.255939722061157,0.294475436210632,-0.0610418729484081,-0.0747499167919159,0.442915767431259,0.505755603313446,-0.0610437169671059,-0.0747480243444443,-0.0610418729484081,-0.0747499316930771,-0.255939960479736,0.294476240873337,-0.0610437169671059,-0.0747480243444443,0.44291490316391,0.505754828453064
7.99179983139038,0.442928165197372,0.505574524402618,-0.0610084049403667,-0.0747414603829384,-0.255792647600174,0.294643133878708,-0.0610102452337742,-0.0747395530343056,-0.0610084049403667,-0.0747414454817772,0.442927420139313,0.505573630332947,-0.0610102415084839,-0.074739545583725,-0.255792886018753,0.294643938541412,-0.255792647600174,0.294643133878708,-0.0610102415084839,-0.074739545583725,0.442924678325653,0.505577862262726,-0.0610120818018913,-0.074737660586834,-0.0610102452337742,-0.0747395530343056,-0.255792886018753,0.294643938541412,-0.0610120818018913,-0.074737660586834,0.442923843860626,0.505577087402344
7.99240016937256,0.442936837673187,0.505396664142609,-0.060976792126894,-0.0747310891747475,-0.255645453929901,0.294810801744461,-0.0609786696732044,-0.0747291743755341,-0.0609767995774746,-0.0747310966253281,0.442936092615128,0.505395770072937,-0.0609786659479141,-0.0747291743755341,-0.25564569234848,0.294811636209488,-0.255645453929901,0.294810801744461,-0.0609786696732044,-0.0747291743755341,0.442933350801468,0.505400002002716,-0.0609805062413216,-0.0747272819280624,-0.0609786696732044,-0.0747291743755341,-0.25564569234848,0.294811636209488,-0.0609805062413216,-0.0747272819280624,0.442932605743408,0.505399227142334
7.99300003051758,0.44294536113739,0.505218744277954,-0.0609452128410339,-0.0747207477688789,-0.255498051643372,0.294978499412537,-0.0609470419585705,-0.0747188404202461,-0.0609452128410339,-0.0747207477688789,0.44294461607933,0.505217969417572,-0.0609470382332802,-0.0747188329696655,-0.255498290061951,0.294979304075241,-0.255498051643372,0.294978499412537,-0.0609470382332802,-0.0747188329696655,0.442941874265671,0.505222141742706,-0.0609489120543003,-0.0747169330716133,-0.0609470419585705,-0.0747188404202461,-0.255498260259628,0.294979274272919,-0.0609489195048809,-0.0747169405221939,0.442941009998322,0.505221307277679
7.9935998916626,0.442953735589981,0.505040764808655,-0.0609136410057545,-0.074710413813591,-0.255350381135941,0.295146226882935,-0.060915470123291,-0.0747085064649582,-0.0609136410057545,-0.074710413813591,0.442952930927277,0.505040049552917,-0.0609154663980007,-0.0747085064649582,-0.25535061955452,0.295147061347961,-0.255350381135941,0.295146226882935,-0.0609154663980007,-0.0747085064649582,0.442950129508972,0.505044221878052,-0.0609173066914082,-0.0747065991163254,-0.060915470123291,-0.0747085064649582,-0.25535061955452,0.295147061347961,-0.0609173066914082,-0.0747065991163254,0.442949265241623,0.505043387413025
7.99420022964478,0.442961782217026,0.504862904548645,-0.0608820468187332,-0.0747000947594643,-0.255202770233154,0.295313894748688,-0.0608838796615601,-0.0746981799602509,-0.0608820468187332,-0.0747000947594643,0.442961007356644,0.504862070083618,-0.0608838759362698,-0.0746981799602509,-0.255202889442444,0.295314818620682,-0.255202770233154,0.295313894748688,-0.0608838796615601,-0.0746981799602509,0.442958295345306,0.504866242408752,-0.0608857125043869,-0.0746962875127792,-0.0608838796615601,-0.0746981799602509,-0.255202889442444,0.295314818620682,-0.0608857125043869,-0.0746962875127792,0.442957550287247,0.504865407943726
7.99480009078979,0.442969739437103,0.504684865474701,-0.060850478708744,-0.0746897980570793,-0.255054771900177,0.295481622219086,-0.0608523078262806,-0.0746878832578659,-0.060850478708744,-0.0746897980570793,0.442968875169754,0.504684031009674,-0.0608523041009903,-0.0746878758072853,-0.255055040121078,0.295482456684113,-0.255054771900177,0.295481622219086,-0.0608523078262806,-0.0746878832578659,0.442966163158417,0.504688262939453,-0.0608541369438171,-0.0746859833598137,-0.0608523078262806,-0.0746878832578659,-0.255055040121078,0.295482456684113,-0.0608541369438171,-0.0746859833598137,0.442965388298035,0.504687428474426
7.99539995193481,0.442977458238602,0.504506766796112,-0.0608188956975937,-0.0746795162558556,-0.254906713962555,0.295649349689484,-0.0608207583427429,-0.0746776014566422,-0.0608189292252064,-0.0746794939041138,0.442976742982864,0.50450599193573,-0.0608207546174526,-0.0746775940060616,-0.254906952381134,0.29565018415451,-0.254906713962555,0.295649349689484,-0.0608207546174526,-0.0746775940060616,0.442973911762238,0.504510223865509,-0.0608225837349892,-0.0746756792068481,-0.0608207583427429,-0.0746776014566422,-0.254906952381134,0.29565018415451,-0.0608225874602795,-0.0746756866574287,0.442973166704178,0.504509389400482
7.99599981307983,0.442984938621521,0.504328727722168,-0.0607873573899269,-0.0746692344546318,-0.254758387804031,0.295817106962204,-0.0607891902327538,-0.0746673196554184,-0.0607873611152172,-0.0746692419052124,0.442984193563461,0.504327952861786,-0.0607891865074635,-0.0746673196554184,-0.25475862622261,0.295817971229553,-0.254758387804031,0.295817106962204,-0.0607891865074635,-0.0746673196554184,0.442981451749802,0.50433212518692,-0.060791052877903,-0.0746654123067856,-0.0607891865074635,-0.0746673196554184,-0.25475862622261,0.295817971229553,-0.060791052877903,-0.0746654123067856,0.442980706691742,0.504331290721893
7.99660015106201,0.442992389202118,0.504150569438934,-0.0607558116316795,-0.0746589675545692,-0.254609972238541,0.295984864234924,-0.0607576742768288,-0.0746570602059364,-0.0607558116316795,-0.0746589675545692,0.442991524934769,0.504149794578552,-0.0607576705515385,-0.0746570527553558,-0.25461021065712,0.295985728502274,-0.254609972238541,0.295984864234924,-0.0607576705515385,-0.0746570527553558,0.442988812923431,0.504154026508331,-0.0607595033943653,-0.0746551528573036,-0.0607576742768288,-0.0746570602059364,-0.254610180854797,0.295985698699951,-0.0607595033943653,-0.0746551528573036,0.442988067865372,0.504153192043304
7.99720001220703,0.442999422550201,0.503972470760345,-0.0607242844998837,-0.0746487155556679,-0.25446143746376,0.296152532100677,-0.0607261396944523,-0.0746468082070351,-0.060724288225174,-0.0746487230062485,0.442998677492142,0.503971636295319,-0.060726135969162,-0.0746468007564545,-0.254461675882339,0.296153366565704,-0.25446143746376,0.296152532100677,-0.060726135969162,-0.0746468007564545,0.442995965480804,0.503975808620453,-0.0607279650866985,-0.0746449008584023,-0.0607261396944523,-0.0746468082070351,-0.254461675882339,0.296153366565704,-0.0607279688119888,-0.0746449083089828,0.442995220422745,0.503974974155426
7.99779987335205,0.443006336688995,0.503794193267822,-0.060692772269249,-0.0746384933590889,-0.254312694072723,0.296320259571075,-0.0606946013867855,-0.0746365785598755,-0.060692772269249,-0.0746384933590889,0.443005591630936,0.50379341840744,-0.0606945939362049,-0.0746365711092949,-0.254312932491302,0.296321094036102,-0.254312694072723,0.296320259571075,-0.0606945939362049,-0.0746365711092949,0.443002879619598,0.503797650337219,-0.0606964565813541,-0.0746346637606621,-0.0606945939362049,-0.0746365711092949,-0.254312932491302,0.296321094036102,-0.0606964565813541,-0.0746346637606621,0.443002134561539,0.503796815872192
7.99840021133423,0.443013161420822,0.503616034984589,-0.0606612414121628,-0.0746282711625099,-0.254163712263107,0.296488046646118,-0.0606631003320217,-0.0746263563632965,-0.0606612414121628,-0.0746282711625099,0.443012416362762,0.503615200519562,-0.0606630966067314,-0.0746263489127159,-0.254164069890976,0.296488791704178,-0.254163712263107,0.296488046646118,-0.0606630966067314,-0.0746263489127159,0.443009674549103,0.503619372844696,-0.0606649219989777,-0.0746244415640831,-0.0606631003320217,-0.0746263563632965,-0.254164069890976,0.296488791704178,-0.0606649219989777,-0.0746244415640831,0.443008810281754,0.503618538379669
7.99900007247925,0.44301974773407,0.503437638282776,-0.0606297291815281,-0.0746180713176727,-0.254014611244202,0.296655774116516,-0.060631588101387,-0.0746161565184593,-0.0606297366321087,-0.0746180787682533,0.443018913269043,0.503436863422394,-0.0606315806508064,-0.0746161490678787,-0.254014849662781,0.296656638383865,-0.254014611244202,0.296655774116516,-0.060631588101387,-0.0746161565184593,0.443016171455383,0.503441095352173,-0.060633409768343,-0.0746142417192459,-0.060631588101387,-0.0746161565184593,-0.254014849662781,0.296656638383865,-0.060633409768343,-0.0746142417192459,0.443015307188034,0.503440260887146
7.99959993362427,0.443026065826416,0.503259360790253,-0.0605982393026352,-0.0746078714728355,-0.253865420818329,0.296823441982269,-0.0606000982224941,-0.0746059566736221,-0.0605982467532158,-0.0746078789234161,0.443025290966034,0.503258526325226,-0.0606000907719135,-0.0746059566736221,-0.253865659236908,0.296824306249619,-0.253865420818329,0.296823441982269,-0.0606000907719135,-0.0746059566736221,0.443022608757019,0.503262758255005,-0.0606019198894501,-0.0746040418744087,-0.0606000982224941,-0.0746059566736221,-0.253865659236908,0.296824306249619,-0.0606019198894501,-0.0746040418744087,0.443021714687347,0.503261983394623
8.00020027160645,0.443032175302505,0.503081023693085,-0.0605667345225811,-0.0745977163314819,-0.253716021776199,0.29699119925499,-0.0605686269700527,-0.0745957717299461,-0.0605667717754841,-0.0745976939797401,0.443031430244446,0.503080189228058,-0.0605686232447624,-0.0745957717299461,-0.253716230392456,0.296992033720016,-0.253716021776199,0.29699119925499,-0.0605686232447624,-0.0745957717299461,0.443028688430786,0.503084421157837,-0.0605704449117184,-0.0745938494801521,-0.0605685822665691,-0.0745957940816879,-0.253716230392456,0.296992033720016,-0.0605704449117184,-0.0745938718318939,0.443027943372726,0.50308358669281
8.00080013275146,0.443038135766983,0.502902626991272,-0.0605352818965912,-0.0745875537395477,-0.253566354513168,0.297158986330032,-0.0605371333658695,-0.0745856240391731,-0.0605352818965912,-0.0745875462889671,0.443037390708923,0.502901792526245,-0.0605371259152889,-0.0745856165885925,-0.253566592931747,0.297159790992737,-0.253566354513168,0.297158986330032,-0.0605371259152889,-0.0745856165885925,0.443034708499908,0.502906024456024,-0.0605389475822449,-0.0745837017893791,-0.0605371333658695,-0.0745856240391731,-0.253566592931747,0.297159790992737,-0.0605389475822449,-0.0745837017893791,0.443033963441849,0.502905189990997
8.00139999389648,0.443043977022171,0.502724230289459,-0.0605038143694401,-0.0745774060487747,-0.253416627645493,0.297326743602753,-0.0605056285858154,-0.0745754912495613,-0.0605038143694401,-0.0745774060487747,0.443043231964111,0.502723395824432,-0.0605056248605251,-0.0745754912495613,-0.253416836261749,0.297327548265457,-0.25341659784317,0.29732671380043,-0.0605056248605251,-0.0745754912495613,0.443040430545807,0.502727568149567,-0.0605074800550938,-0.0745735540986061,-0.0605056285858154,-0.0745754912495613,-0.253416836261749,0.297327548265457,-0.0605074800550938,-0.0745735540986061,0.443039655685425,0.50272673368454
8.0019998550415,0.44304957985878,0.502545714378357,-0.0604723617434502,-0.0745672732591629,-0.253266602754593,0.297494500875473,-0.0604741759598255,-0.0745653510093689,-0.0604723617434502,-0.0745672732591629,0.443048685789108,0.50254487991333,-0.0604742057621479,-0.0745653361082077,-0.253266960382462,0.297495245933533,-0.253266602754593,0.297494500875473,-0.0604742057621479,-0.0745653361082077,0.443046003580093,0.502549111843109,-0.0604760199785233,-0.0745634138584137,-0.0604741722345352,-0.0745653510093689,-0.253266960382462,0.297495245933533,-0.0604760199785233,-0.0745634138584137,0.443045258522034,0.502548277378082
8.00259971618652,0.443054854869843,0.502367198467255,-0.0604408942162991,-0.0745571553707123,-0.25311666727066,0.297662138938904,-0.0604427382349968,-0.0745552331209183,-0.0604408942162991,-0.0745571553707123,0.443054109811783,0.502366364002228,-0.0604427307844162,-0.0745552256703377,-0.253116726875305,0.297663062810898,-0.25311666727066,0.297662138938904,-0.0604427307844162,-0.0745552256703377,0.443051308393478,0.502370595932007,-0.0604445524513721,-0.0745533108711243,-0.0604427382349968,-0.0745552331209183,-0.253116726875305,0.297663062810898,-0.0604445561766624,-0.0745533183217049,0.443050563335419,0.50236976146698
8.00319957733154,0.44306007027626,0.502188622951508,-0.0604094415903091,-0.0745470598340034,-0.252966314554214,0.297829896211624,-0.0604112893342972,-0.0745451226830482,-0.0604094415903091,-0.0745470598340034,0.443059295415878,0.502187788486481,-0.0604112856090069,-0.0745451152324677,-0.252966552972794,0.297830790281296,-0.252966314554214,0.297829896211624,-0.0604112893342972,-0.0745451226830482,0.443056493997574,0.50219202041626,-0.0604131333529949,-0.074543185532093,-0.0604112893342972,-0.0745451226830482,-0.252966552972794,0.297830790281296,-0.0604131333529949,-0.074543185532093,0.443055748939514,0.502191185951233
8.00380039215088,0.443065077066422,0.50201004743576,-0.0603780448436737,-0.074536956846714,-0.252815872430801,0.297997653484344,-0.0603798553347588,-0.07453503459692,-0.060378048568964,-0.074536956846714,0.443064212799072,0.502009272575378,-0.0603798478841782,-0.0745350271463394,-0.25281611084938,0.297998487949371,-0.252815872430801,0.297997653484344,-0.0603798478841782,-0.0745350271463394,0.443061530590057,0.502013504505157,-0.0603817030787468,-0.074533112347126,-0.0603798553347588,-0.07453503459692,-0.25281611084938,0.297998487949371,-0.0603817030787468,-0.074533112347126,0.443060785531998,0.502012670040131
8.0044002532959,0.443069845438004,0.501831412315369,-0.0603465996682644,-0.074526883661747,-0.252665191888809,0.298165440559387,-0.0603484474122524,-0.0745249688625336,-0.0603465996682644,-0.074526883661747,0.443069100379944,0.501830577850342,-0.0603484399616718,-0.074524961411953,-0.252665430307388,0.298166275024414,-0.252665191888809,0.298165440559387,-0.0603484399616718,-0.074524961411953,0.443066298961639,0.501834869384766,-0.0603502877056599,-0.0745230242609978,-0.0603484474122524,-0.0745249688625336,-0.252665430307388,0.298166275024414,-0.0603502877056599,-0.0745230242609978,0.44306555390358,0.501834034919739
8.00500011444092,0.443074375391006,0.501652777194977,-0.0603151731193066,-0.0745168402791023,-0.252514272928238,0.298333287239075,-0.060317013412714,-0.0745149031281471,-0.0603152066469193,-0.0745168328285217,0.443073660135269,0.501652002334595,-0.0603170096874237,-0.0745148956775665,-0.252514660358429,0.298334002494812,-0.252514272928238,0.298333287239075,-0.0603170096874237,-0.0745148956775665,0.443070977926254,0.501656234264374,-0.0603188499808311,-0.0745129734277725,-0.060317013412714,-0.0745149031281471,-0.252514630556107,0.298334002494812,-0.0603188499808311,-0.0745129734277725,0.443070083856583,0.501655340194702
8.00559997558594,0.443078756332397,0.50147408246994,-0.0602837987244129,-0.0745067819952965,-0.252363413572311,0.298500955104828,-0.0602856017649174,-0.0745048597455025,-0.0602837987244129,-0.0745067819952965,0.443078011274338,0.501473188400269,-0.0602855943143368,-0.0745048522949219,-0.252363651990891,0.298501789569855,-0.252363413572311,0.298500955104828,-0.0602855943143368,-0.0745048522949219,0.443075329065323,0.501477479934692,-0.0602874420583248,-0.0745029151439667,-0.0602856017649174,-0.0745048597455025,-0.252363651990891,0.298501789569855,-0.0602874420583248,-0.0745029151439667,0.443074434995651,0.501476645469666
8.00619983673096,0.443083018064499,0.501295328140259,-0.0602523684501648,-0.0744967609643936,-0.252212166786194,0.298668801784515,-0.0602542087435722,-0.0744948238134384,-0.0602523684501648,-0.0744967609643936,0.443082243204117,0.501294493675232,-0.0602542050182819,-0.0744948163628578,-0.252212554216385,0.298669517040253,-0.252212166786194,0.298668801784515,-0.0602542050182819,-0.0744948163628578,0.443079441785812,0.501298785209656,-0.0602560453116894,-0.0744928792119026,-0.0602542087435722,-0.0744948238134384,-0.252212554216385,0.298669517040253,-0.0602560490369797,-0.0744929015636444,0.443078696727753,0.501297950744629
8.00679969787598,0.443086981773376,0.501116573810577,-0.0602209977805614,-0.0744867324829102,-0.252060979604721,0.298836469650269,-0.0602228343486786,-0.0744848102331161,-0.0602209977805614,-0.0744867324829102,0.443086236715317,0.501115739345551,-0.0602228306233883,-0.0744848027825356,-0.252061188220978,0.298837304115295,-0.252060979604721,0.298836469650269,-0.0602228343486786,-0.0744848102331161,0.443083435297012,0.50111997127533,-0.060224674642086,-0.0744828656315804,-0.0602228343486786,-0.0744848102331161,-0.252061158418655,0.298837274312973,-0.060224674642086,-0.0744828656315804,0.443082690238953,0.501119136810303
8.007399559021,0.443090826272964,0.500937759876251,-0.0601896047592163,-0.0744767412543297,-0.251909524202347,0.299004167318344,-0.0601914450526237,-0.0744748041033745,-0.0601896047592163,-0.0744767412543297,0.443090051412582,0.500936925411224,-0.0601914376020432,-0.0744747892022133,-0.251909732818604,0.299005031585693,-0.251909494400024,0.299004167318344,-0.0601914413273335,-0.0744747966527939,0.4430872797966,0.500941157341003,-0.0601932816207409,-0.0744728595018387,-0.0601914413273335,-0.0744747966527939,-0.251909732818604,0.299005031585693,-0.0601932816207409,-0.0744728595018387,0.443086504936218,0.500940322875977
8.00800037384033,0.443094372749329,0.50075888633728,-0.0601582713425159,-0.074466735124588,-0.251757830381393,0.299171954393387,-0.0601600743830204,-0.074464812874794,-0.0601582750678062,-0.0744667425751686,0.443093627691269,0.500758051872253,-0.0601601004600525,-0.0744647905230522,-0.25175803899765,0.299172788858414,-0.251757830381393,0.299171954393387,-0.0601601041853428,-0.0744647979736328,0.443090856075287,0.500762343406677,-0.0601618997752666,-0.0744628682732582,-0.0601600706577301,-0.074464812874794,-0.25175803899765,0.299172788858414,-0.0601618997752666,-0.0744628682732582,0.443090081214905,0.50076150894165
8.00860023498535,0.443097859621048,0.500580012798309,-0.0601268820464611,-0.0744567885994911,-0.251606047153473,0.29933974146843,-0.0601287148892879,-0.0744548365473747,-0.0601269155740738,-0.0744567587971687,0.443097084760666,0.500579178333282,-0.0601287111639977,-0.0744548290967941,-0.25160625576973,0.299340546131134,-0.251606047153473,0.29933974146843,-0.0601287111639977,-0.0744548290967941,0.443094313144684,0.500583469867706,-0.0601305514574051,-0.0744528919458389,-0.0601287148892879,-0.0744548365473747,-0.25160625576973,0.299340546131134,-0.0601305514574051,-0.0744528919458389,0.443093419075012,0.500582635402679
8.00920009613037,0.443101018667221,0.500401139259338,-0.060095552355051,-0.0744468197226524,-0.251454025506973,0.299507528543472,-0.0600973814725876,-0.0744448751211166,-0.060095552355051,-0.0744468197226524,0.443100154399872,0.500400245189667,-0.060097374022007,-0.074444867670536,-0.251454204320908,0.299508303403854,-0.251453995704651,0.29950749874115,-0.0600973814725876,-0.0744448751211166,0.443097472190857,0.500404536724091,-0.0600992143154144,-0.0744429305195808,-0.0600973814725876,-0.0744448751211166,-0.251454204320908,0.299508303403854,-0.0600992143154144,-0.0744429305195808,0.443096727132797,0.500403702259064
8.00979995727539,0.443104028701782,0.500222086906433,-0.0600641965866089,-0.0744368657469749,-0.251301854848862,0.299675226211548,-0.0600660257041454,-0.0744349211454391,-0.0600641965866089,-0.0744368657469749,0.443103104829788,0.500221312046051,-0.0600660219788551,-0.0744349136948586,-0.251301974058151,0.299676150083542,-0.251301854848862,0.299675226211548,-0.0600660257041454,-0.0744349211454391,0.44310051202774,0.500225603580475,-0.060067854821682,-0.0744329839944839,-0.0600660257041454,-0.0744349211454391,-0.251301974058151,0.299676150083542,-0.0600678585469723,-0.0744329914450645,0.443099617958069,0.500224709510803
8.01039981842041,0.443106800317764,0.500043153762817,-0.0600328668951988,-0.0744269341230392,-0.251149505376816,0.299843013286591,-0.0600346922874451,-0.0744249895215034,-0.0600328668951988,-0.0744269341230392,0.443105936050415,0.500042319297791,-0.0600346885621548,-0.0744249820709229,-0.251149713993073,0.299843847751617,-0.251149505376816,0.299843013286591,-0.0600346885621548,-0.0744249820709229,0.4431032538414,0.50004655122757,-0.0600365214049816,-0.0744230449199677,-0.0600346922874451,-0.0744249895215034,-0.251149713993073,0.299843847751617,-0.0600365214049816,-0.0744230449199677,0.443102389574051,0.500045776367188
8.01099967956543,0.443109422922134,0.499864131212234,-0.0600015558302402,-0.0744170248508453,-0.250996887683868,0.300010770559311,-0.0600033849477768,-0.0744150727987289,-0.0600015558302402,-0.0744170248508453,0.443108558654785,0.499863266944885,-0.0600033737719059,-0.0744150653481483,-0.250997126102448,0.300011605024338,-0.250996887683868,0.300010770559311,-0.0600033774971962,-0.0744150727987289,0.443105757236481,0.499867558479309,-0.0600052066147327,-0.0744131281971931,-0.0600033774971962,-0.0744150727987289,-0.250997126102448,0.300011605024338,-0.0600052066147327,-0.0744131281971931,0.443105012178421,0.499866724014282
8.01159954071045,0.443111687898636,0.499685078859329,-0.0599702186882496,-0.0744071155786514,-0.250844180583954,0.300178527832031,-0.0599720515310764,-0.0744051709771156,-0.0599702186882496,-0.0744071155786514,0.443110942840576,0.499684244394302,-0.0599720478057861,-0.074405163526535,-0.250844538211823,0.300179332494736,-0.250844180583954,0.300178527832031,-0.0599720478057861,-0.074405163526535,0.443108260631561,0.499688535928726,-0.0599738731980324,-0.0744032263755798,-0.0599720478057861,-0.074405163526535,-0.250844538211823,0.300179332494736,-0.0599738731980324,-0.0744032263755798,0.443107515573502,0.499687671661377
8.01220035552979,0.443113893270493,0.499505937099457,-0.059938907623291,-0.0743972286581993,-0.250691384077072,0.300346285104752,-0.0599407367408276,-0.0743952840566635,-0.0599389113485813,-0.0743972361087799,0.443113148212433,0.499505132436752,-0.0599407255649567,-0.0743952766060829,-0.250691592693329,0.300347119569778,-0.250691384077072,0.300346285104752,-0.059940729290247,-0.0743952840566635,0.443110376596451,0.499509423971176,-0.0599425584077835,-0.0743933320045471,-0.059940729290247,-0.0743952840566635,-0.250691592693329,0.300347119569778,-0.0599425621330738,-0.0743933394551277,0.443109601736069,0.499508589506149
8.0128002166748,0.44311597943306,0.499326825141907,-0.0599076151847839,-0.0743873566389084,-0.250538319349289,0.300514042377472,-0.0599094778299332,-0.0743853896856308,-0.0599076151847839,-0.0743873566389084,0.443115085363388,0.49932599067688,-0.0599094703793526,-0.0743853896856308,-0.250538527965546,0.300514876842499,-0.250538319349289,0.300514042377472,-0.0599094703793526,-0.0743853896856308,0.443112343549728,0.499330312013626,-0.0599112994968891,-0.074383445084095,-0.0599094778299332,-0.0743853896856308,-0.250538527965546,0.300514876842499,-0.0599112994968891,-0.074383445084095,0.443111568689346,0.499329417943954
8.01340007781982,0.443117707967758,0.499147653579712,-0.0598763450980186,-0.0743774846196175,-0.250385016202927,0.300681799650192,-0.0598781630396843,-0.0743755400180817,-0.0598763450980186,-0.0743774846196175,0.443116933107376,0.499146819114685,-0.0598781555891037,-0.0743755325675011,-0.250385373830795,0.300682604312897,-0.250385016202927,0.300681799650192,-0.059878159314394,-0.0743755400180817,0.443114191293716,0.499151140451431,-0.0598799884319305,-0.0743735879659653,-0.059878159314394,-0.0743755400180817,-0.250385344028473,0.300682574510574,-0.0598799884319305,-0.0743735879659653,0.443113386631012,0.49915024638176
8.01399993896484,0.443119257688522,0.498968452215195,-0.0598450489342213,-0.0743676498532295,-0.250231623649597,0.30084952712059,-0.0598468780517578,-0.0743657052516937,-0.0598450489342213,-0.0743676498532295,0.443118512630463,0.49896764755249,-0.0598468668758869,-0.0743656903505325,-0.250231951475143,0.300850331783295,-0.250231623649597,0.30084952712059,-0.0598468706011772,-0.0743656978011131,0.443115830421448,0.498971909284592,-0.0598487257957458,-0.0743637382984161,-0.0598468706011772,-0.0743656978011131,-0.250231951475143,0.300850331783295,-0.0598487257957458,-0.0743637382984161,0.443114966154099,0.498971104621887
8.01459980010986,0.443120807409286,0.49878916144371,-0.059813778847456,-0.0743578225374222,-0.250078111886978,0.301017284393311,-0.0598155930638313,-0.0743558704853058,-0.059813778847456,-0.0743578225374222,0.443119943141937,0.498788416385651,-0.0598156303167343,-0.0743558332324028,-0.250078350305557,0.301018059253693,-0.250078111886978,0.301017284393311,-0.0598156303167343,-0.0743558332324028,0.443117171525955,0.498792707920074,-0.0598174482584,-0.074353888630867,-0.0598155930638313,-0.0743558704853058,-0.250078350305557,0.30101802945137,-0.0598174482584,-0.074353888630867,0.443116396665573,0.498791813850403
8.01519966125488,0.443121939897537,0.498609900474548,-0.0597825236618519,-0.0743479952216148,-0.249924391508102,0.301185011863708,-0.0597843788564205,-0.0743460357189178,-0.0597825236618519,-0.0743479952216148,0.443121075630188,0.498609125614166,-0.0597843676805496,-0.0743460208177567,-0.249924600124359,0.301185816526413,-0.249924391508102,0.301185011863708,-0.0597843751311302,-0.0743460282683372,0.443118363618851,0.498613476753235,-0.0597861930727959,-0.0743440762162209,-0.0597843751311302,-0.0743460282683372,-0.249924600124359,0.301185816526413,-0.0597861930727959,-0.0743440762162209,0.443117558956146,0.498612612485886
8.01580047607422,0.443122893571854,0.498430639505386,-0.0597512871026993,-0.0743381828069687,-0.249770402908325,0.301352739334106,-0.0597531050443649,-0.0743362382054329,-0.0597512871026993,-0.0743381828069687,0.443122088909149,0.498429805040359,-0.0597531013190746,-0.0743362307548523,-0.249770626425743,0.3013536632061,-0.249770402908325,0.301352739334106,-0.0597531013190746,-0.0743362307548523,0.44311934709549,0.498434126377106,-0.0597549565136433,-0.0743342638015747,-0.0597531013190746,-0.0743362307548523,-0.249770626425743,0.3013536632061,-0.0597549192607403,-0.0743342787027359,0.44311860203743,0.498433321714401
8.01640033721924,0.443123608827591,0.498251289129257,-0.0597200356423855,-0.0743284001946449,-0.24961631000042,0.301520496606827,-0.0597218908369541,-0.0743264406919479,-0.0597200356423855,-0.0743284001946449,0.443122863769531,0.498250484466553,-0.0597218796610832,-0.0743264257907867,-0.249616533517838,0.301521301269531,-0.24961631000042,0.301520496606827,-0.0597218833863735,-0.0743264332413673,0.443120270967484,0.498254776000977,-0.0597236976027489,-0.0743244811892509,-0.0597218833863735,-0.0743264332413673,-0.249616533517838,0.301521301269531,-0.0597236976027489,-0.0743244811892509,0.44311934709549,0.49825394153595
8.01700019836426,0.443124234676361,0.49807196855545,-0.0596888028085232,-0.0743186250329018,-0.249461993575096,0.301688224077225,-0.0596906505525112,-0.0743166580796242,-0.0596888028085232,-0.0743186250329018,0.443123489618301,0.498071134090424,-0.0596906468272209,-0.0743166506290436,-0.249462351202965,0.301688998937607,-0.249461978673935,0.301688194274902,-0.0596906468272209,-0.0743166506290436,0.443120747804642,0.49807545542717,-0.0596924610435963,-0.0743147060275078,-0.0596906505525112,-0.0743166580796242,-0.249462351202965,0.301688998937607,-0.0596924610435963,-0.0743147060275078,0.443119943141937,0.498074561357498
8.01760005950928,0.443124711513519,0.497892558574677,-0.0596575848758221,-0.0743088647723198,-0.249307557940483,0.301856011152267,-0.0596594288945198,-0.0743068903684616,-0.0596575848758221,-0.0743088647723198,0.443123817443848,0.497891664505005,-0.0596594251692295,-0.074306882917881,-0.24930776655674,0.30185678601265,-0.249307543039322,0.301855981349945,-0.0596594288945198,-0.0743068903684616,0.443121075630188,0.497895985841751,-0.0596612431108952,-0.0743049383163452,-0.0596594288945198,-0.0743068903684616,-0.24930776655674,0.30185678601265,-0.0596612431108952,-0.0743049383163452,0.443120330572128,0.497895181179047
8.0181999206543,0.443124830722809,0.497713059186935,-0.0596263520419598,-0.0742991268634796,-0.249152883887291,0.302023708820343,-0.0596281960606575,-0.0742971375584602,-0.0596263520419598,-0.0742991268634796,0.443124055862427,0.497712254524231,-0.0596281886100769,-0.0742971375584602,-0.24915312230587,0.30202454328537,-0.249152883887291,0.302023708820343,-0.0596281960606575,-0.0742971375584602,0.443121314048767,0.497716575860977,-0.0596300065517426,-0.0742951929569244,-0.0596281960606575,-0.0742971375584602,-0.24915312230587,0.30202454328537,-0.0596300065517426,-0.0742951929569244,0.443120539188385,0.497715771198273
8.01879978179932,0.443124741315842,0.497533589601517,-0.0595951750874519,-0.0742893889546394,-0.248998120427132,0.302191406488419,-0.0595970153808594,-0.0742873996496201,-0.0595951750874519,-0.0742893889546394,0.443123996257782,0.497532784938812,-0.0595970116555691,-0.0742873921990395,-0.24899834394455,0.302192240953445,-0.248998120427132,0.302191406488419,-0.0595970116555691,-0.0742873921990395,0.443121284246445,0.497537165880203,-0.0595988258719444,-0.0742854475975037,-0.0595969818532467,-0.0742874294519424,-0.24899834394455,0.302192240953445,-0.0595988258719444,-0.0742854475975037,0.443120509386063,0.497536271810532
8.01939964294434,0.443124562501907,0.497354120016098,-0.0595639757812023,-0.0742796659469604,-0.248843103647232,0.302359163761139,-0.0595657825469971,-0.0742776915431023,-0.0595639795064926,-0.0742796659469604,0.443123817443848,0.497353315353394,-0.0595657788217068,-0.0742776840925217,-0.248843461275101,0.302359938621521,-0.248843103647232,0.302359163761139,-0.0595657825469971,-0.0742776915431023,0.44312110543251,0.49735763669014,-0.0595675893127918,-0.0742757394909859,-0.0595657825469971,-0.0742776915431023,-0.248843461275101,0.302359938621521,-0.0595675893127918,-0.0742757394909859,0.443120330572128,0.497356772422791
8.02000045776367,0.443124115467072,0.497174561023712,-0.0595328025519848,-0.0742699578404427,-0.248687997460365,0.302526891231537,-0.0595346093177795,-0.0742679834365845,-0.0595328025519848,-0.0742699578404427,0.443123370409012,0.497173756361008,-0.0595346018671989,-0.0742679759860039,-0.248688191175461,0.302527695894241,-0.248687997460365,0.302526891231537,-0.0595346055924892,-0.0742679759860039,0.443120658397675,0.497178077697754,-0.059536412358284,-0.0742660239338875,-0.0595346055924892,-0.0742679759860039,-0.2486881762743,0.302527666091919,-0.059536412358284,-0.0742660239338875,0.443119913339615,0.497177243232727
8.02060031890869,0.443123519420624,0.496994972229004,-0.0595016069710255,-0.0742602720856667,-0.248532637953758,0.302694588899612,-0.0595034472644329,-0.0742582902312279,-0.0595016069710255,-0.0742602720856667,0.443122625350952,0.496994197368622,-0.0595034435391426,-0.0742582827806473,-0.248532831668854,0.302695423364639,-0.248532623052597,0.30269455909729,-0.0595034435391426,-0.0742582827806473,0.443120062351227,0.496998518705368,-0.0595052503049374,-0.0742563158273697,-0.0595034472644329,-0.0742582902312279,-0.248532831668854,0.302695423364639,-0.0595052540302277,-0.0742563158273697,0.443119198083878,0.496997684240341
8.02120018005371,0.443122714757919,0.496815383434296,-0.0594704337418079,-0.0742505863308907,-0.248377159237862,0.30286231637001,-0.0594722740352154,-0.0742486119270325,-0.0594704337418079,-0.0742505863308907,0.443121939897537,0.496814578771591,-0.0594722703099251,-0.0742486044764519,-0.248377367854118,0.302863150835037,-0.248377159237862,0.30286231637001,-0.0594722703099251,-0.0742486044764519,0.44311910867691,0.496818959712982,-0.0594741106033325,-0.0742466300725937,-0.0594722703099251,-0.0742486044764519,-0.248377367854118,0.302863150835037,-0.0594740770757198,-0.0742466449737549,0.443118333816528,0.496818095445633
8.02180004119873,0.443121582269669,0.496635794639587,-0.0594392791390419,-0.0742409229278564,-0.248221471905708,0.303029984235764,-0.0594411119818687,-0.0742389485239983,-0.0594392791390419,-0.0742409229278564,0.443120807409286,0.496634900569916,-0.0594411082565784,-0.0742389410734177,-0.248221650719643,0.303030878305435,-0.248221442103386,0.303029954433441,-0.0594411082565784,-0.0742389410734177,0.443118125200272,0.496639311313629,-0.0594429150223732,-0.0742369741201401,-0.0594411119818687,-0.0742389485239983,-0.248221650719643,0.303030878305435,-0.0594429150223732,-0.0742369741201401,0.44311735033989,0.496638476848602
8.02239990234375,0.443120360374451,0.496456116437912,-0.0594081394374371,-0.0742312744259834,-0.248065650463104,0.303197711706161,-0.0594099387526512,-0.0742293000221252,-0.0594081394374371,-0.0742312744259834,0.443119615316391,0.49645534157753,-0.0594099350273609,-0.0742293000221252,-0.2480658441782,0.303198546171188,-0.248065486550331,0.303197741508484,-0.0594099350273609,-0.0742293000221252,0.443116873502731,0.496459662914276,-0.0594117678701878,-0.0742273107171059,-0.0594099387526512,-0.0742293000221252,-0.2480658441782,0.303198546171188,-0.0594117678701878,-0.0742273107171059,0.443116068840027,0.496458768844604
8.02299976348877,0.443118959665298,0.496276378631592,-0.0593769811093807,-0.0742216557264328,-0.247909590601921,0.303365379571915,-0.0593788214027882,-0.0742196664214134,-0.0593769811093807,-0.0742216557264328,0.443118214607239,0.496275663375854,-0.0593788139522076,-0.0742196589708328,-0.247909799218178,0.303366243839264,-0.24790957570076,0.303365379571915,-0.0593788176774979,-0.0742196589708328,0.443115472793579,0.496279954910278,-0.059380616992712,-0.0742176920175552,-0.0593788176774979,-0.0742196589708328,-0.247909799218178,0.303366243839264,-0.059380616992712,-0.0742176920175552,0.443114578723907,0.496279090642929
8.02359962463379,0.443117260932922,0.496096640825272,-0.0593458488583565,-0.074212022125721,-0.247753292322159,0.303533107042313,-0.0593476817011833,-0.0742100477218628,-0.0593458488583565,-0.074212022125721,0.443116396665573,0.496095895767212,-0.059347677975893,-0.0742100402712822,-0.247753500938416,0.303534001111984,-0.247753292322159,0.303533107042313,-0.059347677975893,-0.0742100402712822,0.443113833665848,0.496100217103958,-0.0593494772911072,-0.074208065867424,-0.0593476817011833,-0.0742100477218628,-0.247753486037254,0.303534001111984,-0.0593494772911072,-0.074208065867424,0.443113058805466,0.496099412441254
8.02420043945313,0.443115532398224,0.495916992425919,-0.0593147315084934,-0.0742024108767509,-0.247596904635429,0.303700804710388,-0.0593165569007397,-0.074200414121151,-0.0593147315084934,-0.0742024108767509,0.443114578723907,0.495916098356247,-0.0593165531754494,-0.074200414121151,-0.247597083449364,0.303701639175415,-0.247596904635429,0.303700804710388,-0.0593165531754494,-0.074200414121151,0.443111926317215,0.49592050909996,-0.0593183860182762,-0.0741984397172928,-0.0593165569007397,-0.074200414121151,-0.247597083449364,0.303701639175415,-0.0593183897435665,-0.0741984397172928,0.44311112165451,0.495919644832611
8.02480030059814,0.443113416433334,0.495737135410309,-0.0592835955321789,-0.0741928294301033,-0.247440233826637,0.303868532180786,-0.0592854619026184,-0.0741908326745033,-0.0592836290597916,-0.0741928070783615,0.443112581968307,0.495736330747604,-0.0592854544520378,-0.0741908177733421,-0.247440606355667,0.303869336843491,-0.247440233826637,0.303868532180786,-0.0592854581773281,-0.0741908252239227,0.443109840154648,0.495740652084351,-0.0592872500419617,-0.0741888508200645,-0.0592854581773281,-0.0741908252239227,-0.247440606355667,0.303869336843491,-0.0592872500419617,-0.0741888508200645,0.443109095096588,0.495739847421646
8.02540016174316,0.44311112165451,0.495557337999344,-0.0592525154352188,-0.0741832330822945,-0.247283473610878,0.304036200046539,-0.0592543445527554,-0.0741812586784363,-0.0592525154352188,-0.0741832330822945,0.443110257387161,0.495556533336639,-0.0592543408274651,-0.0741812512278557,-0.247283846139908,0.304037004709244,-0.247283473610878,0.304036200046539,-0.0592543408274651,-0.0741812512278557,0.443107664585114,0.495560854673386,-0.0592561326920986,-0.0741792768239975,-0.0592543445527554,-0.0741812586784363,-0.247283831238747,0.304036974906921,-0.0592561326920986,-0.0741792768239975,0.443106919527054,0.495560050010681
8.02600002288818,0.443108648061752,0.495377480983734,-0.0592214167118073,-0.074173666536808,-0.247126623988152,0.304203867912292,-0.0592232421040535,-0.0741716921329498,-0.0592214167118073,-0.074173666536808,0.44310787320137,0.495376646518707,-0.0592232383787632,-0.0741716846823692,-0.247126847505569,0.304204672574997,-0.247126623988152,0.304203867912292,-0.0592232383787632,-0.0741716846823692,0.443105071783066,0.495380997657776,-0.0592250302433968,-0.074169710278511,-0.0592232421040535,-0.0741716921329498,-0.247126847505569,0.304204672574997,-0.0592250302433968,-0.074169710278511,0.443104326725006,0.495380192995071
8.0265998840332,0.443105936050415,0.495197594165802,-0.0591903366148472,-0.074164129793644,-0.246969535946846,0.304371535778046,-0.0591921620070934,-0.074162133038044,-0.0591903366148472,-0.0741641074419022,0.443105161190033,0.495196789503098,-0.0591921582818031,-0.0741621255874634,-0.246969744563103,0.30437234044075,-0.246969535946846,0.304371535778046,-0.0591921582818031,-0.0741621255874634,0.443102478981018,0.495201140642166,-0.0591939836740494,-0.074160136282444,-0.0591921620070934,-0.074162133038044,-0.246969744563103,0.30437234044075,-0.05919399112463,-0.0741601437330246,0.443101733922958,0.495200306177139
8.02719974517822,0.443103104829788,0.49501770734787,-0.0591592378914356,-0.0741545855998993,-0.2468121945858,0.304539203643799,-0.0591610670089722,-0.0741526037454605,-0.0591592751443386,-0.0741545781493187,0.443102300167084,0.495016843080521,-0.0591610558331013,-0.0741525888442993,-0.246812403202057,0.304540038108826,-0.246812179684639,0.304539173841476,-0.0591610595583916,-0.0741525962948799,0.443099647760391,0.495021253824234,-0.0591628886759281,-0.0741506069898605,-0.0591610595583916,-0.0741525962948799,-0.246812403202057,0.304540038108826,-0.0591628886759281,-0.0741506069898605,0.44309875369072,0.495020359754562
8.02779960632324,0.443099945783615,0.494837760925293,-0.0591281950473785,-0.0741450563073158,-0.246654734015465,0.304706871509552,-0.0591300204396248,-0.0741430670022964,-0.0591281987726688,-0.0741450637578964,0.443099200725555,0.494836956262589,-0.0591300167143345,-0.0741430670022964,-0.246654957532883,0.304707676172256,-0.246654734015465,0.304706871509552,-0.0591300167143345,-0.0741430670022964,0.443096518516541,0.494841277599335,-0.0591318421065807,-0.0741410702466965,-0.0591299831867218,-0.074143074452877,-0.246654957532883,0.304707676172256,-0.0591318421065807,-0.0741410702466965,0.443095743656158,0.49484047293663
8.02840042114258,0.443096697330475,0.494657784700394,-0.0590971373021603,-0.0741355568170547,-0.24649703502655,0.304874509572983,-0.0590989552438259,-0.0741335600614548,-0.0590971373021603,-0.0741355568170547,0.443095952272415,0.494656950235367,-0.0590989515185356,-0.0741335526108742,-0.246497273445129,0.304875373840332,-0.24649703502655,0.304874509572983,-0.0590989515185356,-0.0741335526108742,0.4430932700634,0.494661301374435,-0.0591007769107819,-0.0741315633058548,-0.0590989515185356,-0.0741335526108742,-0.246497243642807,0.30487534403801,-0.0591007843613625,-0.0741315633058548,0.443092375993729,0.494660496711731
8.0290002822876,0.443093210458755,0.494477778673172,-0.0590660944581032,-0.0741260498762131,-0.24633926153183,0.305042177438736,-0.0590678751468658,-0.0741240680217743,-0.0590660944581032,-0.0741260498762131,0.443092405796051,0.494476944208145,-0.0590678714215755,-0.0741240605711937,-0.246339440345764,0.30504298210144,-0.24633926153183,0.305042177438736,-0.0590678751468658,-0.0741240680217743,0.443089723587036,0.494481325149536,-0.0590697377920151,-0.0741220563650131,-0.0590678751468658,-0.0741240680217743,-0.246339440345764,0.30504298210144,-0.0590697377920151,-0.0741220563650131,0.443088918924332,0.494480490684509
8.02960014343262,0.443089514970779,0.49429777264595,-0.0590350367128849,-0.0741165652871132,-0.246181204915047,0.305209845304489,-0.0590368583798409,-0.0741145759820938,-0.0590350367128849,-0.0741165652871132,0.44308876991272,0.494296938180923,-0.0590368546545506,-0.0741145685315132,-0.246181413531303,0.305210649967194,-0.246181204915047,0.305209845304489,-0.0590368546545506,-0.0741145685315132,0.443085968494415,0.494301319122314,-0.0590386725962162,-0.0741125866770744,-0.0590368546545506,-0.0741145685315132,-0.246181413531303,0.305210649967194,-0.0590386725962162,-0.0741125866770744,0.443085193634033,0.494300484657288
8.03020000457764,0.443085610866547,0.494117677211761,-0.0590040348470211,-0.0741070881485939,-0.246023058891296,0.305377453565598,-0.0590058155357838,-0.0741051062941551,-0.0590040348470211,-0.0741070881485939,0.443084806203842,0.494116842746735,-0.0590058118104935,-0.0741051062941551,-0.246023252606392,0.305378317832947,-0.246023058891296,0.305377453565598,-0.0590058118104935,-0.0741051062941551,0.443082123994827,0.494121223688126,-0.0590076297521591,-0.0741031095385551,-0.0590058118104935,-0.0741051062941551,-0.246023252606392,0.305378317832947,-0.0590076297521591,-0.0741031095385551,0.443081349134445,0.494120419025421
8.03079986572266,0.44308152794838,0.493937641382217,-0.0589729771018028,-0.0740976557135582,-0.245864644646645,0.305545091629028,-0.0589748322963715,-0.0740956366062164,-0.0589729771018028,-0.0740976557135582,0.443080723285675,0.493936747312546,-0.0589748211205006,-0.0740956291556358,-0.245864868164063,0.305545955896378,-0.245864644646645,0.305545091629028,-0.0589748248457909,-0.0740956291556358,0.443077951669693,0.493941187858582,-0.0589766055345535,-0.0740936547517776,-0.0589748248457909,-0.0740956291556358,-0.245864868164063,0.305545955896378,-0.0589766055345535,-0.0740936547517776,0.443077176809311,0.493940353393555
8.03139972686768,0.443077176809311,0.493757516145706,-0.058941975235939,-0.0740882009267807,-0.245706006884575,0.305712729692459,-0.0589437894523144,-0.0740862190723419,-0.0589419789612293,-0.0740882009267807,0.443076372146606,0.493756651878357,-0.0589437857270241,-0.0740862116217613,-0.245706379413605,0.305713534355164,-0.245706006884575,0.305712729692459,-0.0589437857270241,-0.0740862116217613,0.443073600530624,0.49376106262207,-0.0589455962181091,-0.0740841999650002,-0.0589437894523144,-0.0740862190723419,-0.245706379413605,0.305713534355164,-0.0589455962181091,-0.0740841999650002,0.443072855472565,0.493760198354721
8.0319995880127,0.443072587251663,0.493577361106873,-0.0589109882712364,-0.074078768491745,-0.245547413825989,0.305880308151245,-0.0589128024876118,-0.074076771736145,-0.0589109882712364,-0.074078768491745,0.443071782588959,0.493576526641846,-0.0589127987623215,-0.074076771736145,-0.245547622442245,0.305881142616272,-0.245547413825989,0.305880308151245,-0.0589127987623215,-0.074076771736145,0.443069159984589,0.493580907583237,-0.0589145794510841,-0.0740747824311256,-0.0589128024876118,-0.074076771736145,-0.245547622442245,0.305881142616272,-0.0589145794510841,-0.0740747824311256,0.443068385124207,0.49358007311821
8.03260040283203,0.443067878484726,0.493397176265717,-0.0588799864053726,-0.0740693658590317,-0.24538841843605,0.306047916412354,-0.058881800621748,-0.0740673542022705,-0.0588799864053726,-0.0740693658590317,0.443067103624344,0.49339634180069,-0.0588817968964577,-0.0740673467516899,-0.245388612151146,0.306048810482025,-0.245388403534889,0.306047916412354,-0.0588817968964577,-0.0740673467516899,0.443064451217651,0.493400722742081,-0.0588836073875427,-0.0740653648972511,-0.058881800621748,-0.0740673542022705,-0.245388612151146,0.306048810482025,-0.0588836073875427,-0.0740653648972511,0.443063646554947,0.493399888277054
8.03320026397705,0.443062990903854,0.493216991424561,-0.0588490068912506,-0.074059970676899,-0.245229318737984,0.306215584278107,-0.058850821107626,-0.0740579664707184,-0.0588490068912506,-0.074059970676899,0.44306206703186,0.493216156959534,-0.0588508099317551,-0.0740579515695572,-0.245229512453079,0.306216388940811,-0.245229318737984,0.306215584278107,-0.0588508136570454,-0.0740579590201378,0.44305944442749,0.493220537900925,-0.0588526204228401,-0.0740559548139572,-0.0588508136570454,-0.0740579590201378,-0.245229497551918,0.306216359138489,-0.0588526204228401,-0.0740559548139572,0.443058669567108,0.493219703435898
8.03380012512207,0.443057864904404,0.49303674697876,-0.0588180050253868,-0.0740505829453468,-0.245070114731789,0.306383103132248,-0.0588198155164719,-0.0740485861897469,-0.0588180050253868,-0.0740505829453468,0.44305694103241,0.493035912513733,-0.0588198117911816,-0.0740485787391663,-0.245070159435272,0.306384027004242,-0.245070114731789,0.306383103132248,-0.0588198117911816,-0.0740485787391663,0.44305431842804,0.493040323257446,-0.0588216595351696,-0.0740465670824051,-0.0588198117911816,-0.0740485787391663,-0.245070159435272,0.306384027004242,-0.0588216595351696,-0.0740465670824051,0.443053543567657,0.493039488792419
8.03439998626709,0.443052500486374,0.492856532335281,-0.0587870255112648,-0.0740412250161171,-0.244910508394241,0.306550741195679,-0.0587888695299625,-0.0740392133593559,-0.0587870292365551,-0.0740412324666977,0.443051695823669,0.492855668067932,-0.0587888658046722,-0.0740392059087753,-0.244910880923271,0.306551545858383,-0.244910508394241,0.306550741195679,-0.0587888658046722,-0.0740392059087753,0.443048894405365,0.492860078811646,-0.0587906688451767,-0.0740372017025948,-0.0587888658046722,-0.0740392059087753,-0.244910880923271,0.306551545858383,-0.0587906688451767,-0.0740372017025948,0.443048119544983,0.492859214544296
8.03499984741211,0.443046808242798,0.492676228284836,-0.058756098151207,-0.0740318521857262,-0.2447509765625,0.306718319654465,-0.0587579011917114,-0.0740298479795456,-0.0587561056017876,-0.0740318596363068,0.443046033382416,0.492675364017487,-0.0587578937411308,-0.0740298479795456,-0.244751170277596,0.306719183921814,-0.2447509765625,0.306718319654465,-0.0587579011917114,-0.0740298479795456,0.443043380975723,0.4926797747612,-0.0587597079575062,-0.0740278363227844,-0.0587579011917114,-0.0740298479795456,-0.244751155376434,0.306719154119492,-0.0587597079575062,-0.0740278363227844,0.443042635917664,0.492678970098495
8.03559970855713,0.443041145801544,0.492495894432068,-0.0587251558899879,-0.0740225091576576,-0.244590997695923,0.306885927915573,-0.0587269589304924,-0.0740204900503159,-0.0587251558899879,-0.0740225091576576,0.44304022192955,0.492495089769363,-0.0587269514799118,-0.0740204825997353,-0.244591355323792,0.306886702775955,-0.244590997695923,0.306885927915573,-0.0587269514799118,-0.0740204825997353,0.44303759932518,0.492499440908432,-0.0587287582457066,-0.0740184858441353,-0.0587269514799118,-0.0740204825997353,-0.244591355323792,0.306886702775955,-0.0587287582457066,-0.0740184858441353,0.443036824464798,0.492498636245728
8.03619956970215,0.443035036325455,0.492315530776978,-0.0586941912770271,-0.0740131810307503,-0.244431108236313,0.307053446769714,-0.0586960315704346,-0.0740111619234085,-0.0586941912770271,-0.0740131810307503,0.443034291267395,0.492314696311951,-0.0586960278451443,-0.0740111544728279,-0.24443131685257,0.307054311037064,-0.244431108236313,0.307053446769714,-0.0586960278451443,-0.0740111544728279,0.443031638860703,0.492319107055664,-0.058697834610939,-0.0740091577172279,-0.0586960278451443,-0.0740111544728279,-0.244431287050247,0.307054311037064,-0.058697834610939,-0.0740091577172279,0.44303086400032,0.492318272590637
8.03680038452148,0.44302898645401,0.49213519692421,-0.0586632452905178,-0.0740038752555847,-0.24427093565464,0.307220995426178,-0.0586650893092155,-0.0740018412470818,-0.0586632490158081,-0.0740038827061653,0.443028092384338,0.492134362459183,-0.0586650818586349,-0.0740018337965012,-0.244271159172058,0.307221859693527,-0.24427093565464,0.307220995426178,-0.0586650855839252,-0.0740018337965012,0.443025439977646,0.492138743400574,-0.0586668848991394,-0.0739998295903206,-0.0586650855839252,-0.0740018337965012,-0.244271159172058,0.307221859693527,-0.0586668886244297,-0.0739998370409012,0.443024665117264,0.492137938737869
8.0374002456665,0.443022519350052,0.491954803466797,-0.0586323589086533,-0.0739945620298386,-0.244110554456711,0.307388573884964,-0.0586341582238674,-0.0739925429224968,-0.0586323589086533,-0.0739945620298386,0.443021714687347,0.49195396900177,-0.0586341544985771,-0.0739925354719162,-0.244110748171806,0.307389378547668,-0.244110554456711,0.307388573884964,-0.0586341544985771,-0.0739925354719162,0.443018972873688,0.491958379745483,-0.0586359575390816,-0.0739905387163162,-0.0586341582238674,-0.0739925429224968,-0.244110733270645,0.307389348745346,-0.0586359575390816,-0.0739905387163162,0.443018227815628,0.491957575082779
8.03800010681152,0.443015903234482,0.491774380207062,-0.0586014501750469,-0.0739852637052536,-0.243950039148331,0.307556062936783,-0.0586032494902611,-0.073983259499073,-0.0586014539003372,-0.0739852711558342,0.443015158176422,0.491773575544357,-0.0586032457649708,-0.0739832520484924,-0.243950083851814,0.307556986808777,-0.243950039148331,0.307556062936783,-0.0586032457649708,-0.0739832520484924,0.44301238656044,0.491777956485748,-0.0586050786077976,-0.0739812180399895,-0.0586032494902611,-0.073983259499073,-0.243950083851814,0.307556986808777,-0.0586050823330879,-0.0739812254905701,0.443011611700058,0.491777122020721
8.03859996795654,0.443009048700333,0.491593956947327,-0.05857053399086,-0.073975995182991,-0.24378927052021,0.307723611593246,-0.0585723631083965,-0.0739739760756493,-0.05857053399086,-0.073975995182991,0.443008273839951,0.4915931224823,-0.0585723593831062,-0.0739739686250687,-0.243789449334145,0.307724446058273,-0.24378927052021,0.307723611593246,-0.0585723593831062,-0.0739739686250687,0.443005621433258,0.491597533226013,-0.0585741549730301,-0.0739719495177269,-0.0585723295807838,-0.0739739909768105,-0.243789449334145,0.307724446058273,-0.0585741549730301,-0.0739719495177269,0.443004757165909,0.491596698760986
8.03919982910156,0.443002074956894,0.491413474082947,-0.0585396587848663,-0.0739667266607285,-0.243628412485123,0.307891070842743,-0.0585414543747902,-0.0739647224545479,-0.0585396662354469,-0.0739667341113091,0.443001270294189,0.491412669420242,-0.0585414506494999,-0.0739647150039673,-0.243628457188606,0.307891994714737,-0.243628412485123,0.307891070842743,-0.0585414543747902,-0.0739647224545479,0.44299852848053,0.491417080163956,-0.0585432797670364,-0.0739626809954643,-0.0585414543747902,-0.0739647224545479,-0.243628457188606,0.307891994714737,-0.0585432797670364,-0.0739626809954643,0.442997753620148,0.491416245698929
8.03979969024658,0.442994773387909,0.491232961416245,-0.0585087724030018,-0.0739574879407883,-0.243467137217522,0.308058679103851,-0.0585105642676353,-0.0739554613828659,-0.0585087724030018,-0.0739574879407883,0.442994028329849,0.49123215675354,-0.058510560542345,-0.0739554539322853,-0.24346749484539,0.308059453964233,-0.243467137217522,0.308058679103851,-0.058510560542345,-0.0739554539322853,0.442991405725479,0.491236567497253,-0.0585123598575592,-0.0739534497261047,-0.058510560542345,-0.0739554688334465,-0.24346749484539,0.308059453964233,-0.0585123598575592,-0.0739534497261047,0.442990481853485,0.491235733032227
8.0403995513916,0.442987382411957,0.491052478551865,-0.0584778673946857,-0.0739482566714287,-0.243305906653404,0.30822616815567,-0.0584797002375126,-0.0739462375640869,-0.0584778673946857,-0.0739482566714287,0.442986607551575,0.491051584482193,-0.058479692786932,-0.0739462226629257,-0.243306115269661,0.308226943016052,-0.243305906653404,0.30822616815567,-0.0584796965122223,-0.0739462301135063,0.442983835935593,0.491056025028229,-0.0584814883768559,-0.0739442110061646,-0.0584796965122223,-0.0739462301135063,-0.243306115269661,0.308226943016052,-0.0584814883768559,-0.0739442110061646,0.442983090877533,0.491055250167847
8.04100036621094,0.442979723215103,0.49087193608284,-0.0584470219910145,-0.0739390403032303,-0.243144452571869,0.308393657207489,-0.0584488473832607,-0.0739369988441467,-0.0584470219910145,-0.0739390403032303,0.442978918552399,0.490871071815491,-0.0584488436579704,-0.0739369913935661,-0.243144631385803,0.308394432067871,-0.243144452571869,0.308393657207489,-0.0584488436579704,-0.0739369913935661,0.442976176738739,0.490875482559204,-0.058450635522604,-0.0739349871873856,-0.0584488473832607,-0.0739369988441467,-0.243144631385803,0.308394432067871,-0.058450635522604,-0.0739349871873856,0.442975431680679,0.4908746778965
8.04160022735596,0.442971885204315,0.490691304206848,-0.0584161542356014,-0.0739298313856125,-0.242982730269432,0.308561146259308,-0.0584179796278477,-0.0739278048276901,-0.0584161542356014,-0.0739298313856125,0.442970991134644,0.490690559148788,-0.0584179721772671,-0.0739277973771095,-0.242982894182205,0.308561980724335,-0.242982730269432,0.308561146259308,-0.0584179759025574,-0.0739277973771095,0.442968368530273,0.490694940090179,-0.0584197640419006,-0.0739257708191872,-0.0584179386496544,-0.0739278122782707,-0.242982894182205,0.308561980724335,-0.0584197640419006,-0.0739257708191872,0.442967563867569,0.49069407582283
8.04220008850098,0.442963868379593,0.490510731935501,-0.0583853088319302,-0.0739206373691559,-0.242820888757706,0.308728575706482,-0.0583871267735958,-0.0739186108112335,-0.0583853088319302,-0.0739206373691559,0.442962944507599,0.490509927272797,-0.0583871193230152,-0.0739186033606529,-0.242821082472801,0.308729439973831,-0.242820888757706,0.308728575706482,-0.0583871230483055,-0.0739186033606529,0.442960321903229,0.490514308214188,-0.0583889484405518,-0.0739165619015694,-0.0583871230483055,-0.0739186033606529,-0.242821082472801,0.308729439973831,-0.0583889149129391,-0.0739165842533112,0.442959547042847,0.490513503551483
8.042799949646,0.442955493927002,0.490330100059509,-0.0583544746041298,-0.0739114657044411,-0.242658957839012,0.308896034955978,-0.0583562962710857,-0.0739094242453575,-0.0583544746041298,-0.0739114657044411,0.44295459985733,0.490329295396805,-0.0583562925457954,-0.0739094167947769,-0.242659151554108,0.308896899223328,-0.242658957839012,0.308896034955978,-0.0583562925457954,-0.0739094167947769,0.44295197725296,0.490333706140518,-0.0583580769598484,-0.0739074051380157,-0.0583562962710857,-0.0739094242453575,-0.242659121751785,0.308896869421005,-0.0583580806851387,-0.0739074125885963,0.442951172590256,0.490332871675491
8.04339981079102,0.442947000265121,0.490149468183517,-0.0583236590027809,-0.0739022791385651,-0.242496773600578,0.309063464403152,-0.0583254471421242,-0.0739002749323845,-0.0583236664533615,-0.0739022865891457,0.442946076393127,0.490148603916168,-0.0583254434168339,-0.0739002674818039,-0.242496833205223,0.309064358472824,-0.242496773600578,0.309063464403152,-0.0583254434168339,-0.0739002674818039,0.442943513393402,0.490153074264526,-0.0583272613584995,-0.0738982260227203,-0.0583254434168339,-0.0739002674818039,-0.242496833205223,0.309064358472824,-0.0583272650837898,-0.0738982334733009,0.442942708730698,0.4901522397995
8.04399967193604,0.442938297986984,0.489968746900558,-0.0582927986979485,-0.0738931521773338,-0.242334336042404,0.309230953454971,-0.0582946203649044,-0.0738911107182503,-0.0582928322255611,-0.0738931447267532,0.442937403917313,0.489968001842499,-0.0582946166396141,-0.0738911107182503,-0.2423345297575,0.309231787919998,-0.242334336042404,0.309230953454971,-0.0582946166396141,-0.0738911107182503,0.442934781312943,0.489972412586212,-0.0582964345812798,-0.0738890767097473,-0.0582946166396141,-0.0738911107182503,-0.242334499955177,0.309231758117676,-0.0582964345812798,-0.0738890767097473,0.442933976650238,0.489971518516541
8.04459953308105,0.442929297685623,0.489788115024567,-0.0582620240747929,-0.0738840028643608,-0.242171794176102,0.309398323297501,-0.0582638047635555,-0.0738819688558578,-0.0582620240747929,-0.0738840028643608,0.442928493022919,0.489787250757217,-0.0582638010382652,-0.0738819614052773,-0.242171838879585,0.309399247169495,-0.242171794176102,0.309398323297501,-0.0582638047635555,-0.0738819688558578,0.442925900220871,0.489791721105576,-0.0582656189799309,-0.0738799273967743,-0.0582638047635555,-0.0738819688558578,-0.242171838879585,0.309399247169495,-0.0582656189799309,-0.0738799273967743,0.442925006151199,0.489790856838226
8.04520034790039,0.44292014837265,0.489607393741608,-0.0582311972975731,-0.0738748833537102,-0.242008998990059,0.309565782546997,-0.0582330115139484,-0.0738728418946266,-0.0582311972975731,-0.0738748833537102,0.442919343709946,0.489606559276581,-0.0582330077886581,-0.073872834444046,-0.242009028792381,0.309566676616669,-0.242008998990059,0.309565782546997,-0.0582330077886581,-0.073872834444046,0.442916661500931,0.489610999822617,-0.0582348257303238,-0.0738708078861237,-0.0582330115139484,-0.0738728418946266,-0.242009028792381,0.309566676616669,-0.0582348257303238,-0.0738708078861237,0.442915856838226,0.48961016535759
8.04580020904541,0.442910879850388,0.489426612854004,-0.0582004226744175,-0.0738657563924789,-0.241845950484276,0.309733182191849,-0.0582022331655025,-0.0738637298345566,-0.0582004226744175,-0.0738657563924789,0.442909955978394,0.489425778388977,-0.0582022294402122,-0.073863722383976,-0.241846144199371,0.309734046459198,-0.241845950484276,0.309733182191849,-0.0582022294402122,-0.073863722383976,0.442907392978668,0.489430278539658,-0.0582040138542652,-0.0738616958260536,-0.0582022331655025,-0.0738637298345566,-0.241846144199371,0.309734046459198,-0.0582040138542652,-0.0738616958260536,0.442906588315964,0.489429384469986
8.04640007019043,0.442901223897934,0.489245861768723,-0.0581696294248104,-0.0738566666841507,-0.241682931780815,0.309900552034378,-0.0581714399158955,-0.0738546326756477,-0.0581696294248104,-0.0738566666841507,0.442900419235229,0.489245027303696,-0.0581714361906052,-0.0738546326756477,-0.241682976484299,0.30990144610405,-0.241682931780815,0.309900552034378,-0.0581714361906052,-0.0738546326756477,0.442897856235504,0.489249527454376,-0.0581732504069805,-0.0738525837659836,-0.0581714399158955,-0.0738546326756477,-0.241682976484299,0.30990144610405,-0.0581732541322708,-0.0738525912165642,0.44289693236351,0.489248633384705
8.04699993133545,0.442891508340836,0.489065051078796,-0.0581388548016548,-0.0738475993275642,-0.241519525647163,0.310067921876907,-0.0581406690180302,-0.0738455504179001,-0.0581388548016548,-0.0738475993275642,0.442890733480453,0.489064276218414,-0.0581406578421593,-0.0738455280661583,-0.241519719362259,0.310068786144257,-0.241519525647163,0.310067921876907,-0.0581406652927399,-0.0738455355167389,0.442888081073761,0.48906871676445,-0.0581424422562122,-0.0738435164093971,-0.0581406652927399,-0.0738455504179001,-0.241519719362259,0.310068786144257,-0.0581424422562122,-0.0738435164093971,0.442887276411057,0.489067882299423
8.04759979248047,0.442881494760513,0.488884270191193,-0.0581081062555313,-0.0738385245203972,-0.241356030106544,0.310235351324081,-0.0581099130213261,-0.073836475610733,-0.0581081062555313,-0.0738385245203972,0.442880690097809,0.488883435726166,-0.0581099092960358,-0.0738364681601524,-0.241356194019318,0.310236126184464,-0.241356015205383,0.310235351324081,-0.0581099092960358,-0.0738364681601524,0.442878007888794,0.488887935876846,-0.0581116862595081,-0.0738344341516495,-0.0581099092960358,-0.0738364681601524,-0.241356194019318,0.310236126184464,-0.0581116862595081,-0.0738344341516495,0.442877203226089,0.488887071609497
8.04819965362549,0.442871242761612,0.488703429698944,-0.058077335357666,-0.0738294795155525,-0.241192385554314,0.310402631759644,-0.0580791421234608,-0.0738274306058884,-0.058077335357666,-0.0738294795155525,0.442870497703552,0.488702595233917,-0.0580791383981705,-0.0738274082541466,-0.24119246006012,0.310403555631638,-0.241192385554314,0.310402631759644,-0.0580791383981705,-0.0738274082541466,0.442867904901505,0.488707095384598,-0.0580809451639652,-0.0738253593444824,-0.0580791383981705,-0.0738274231553078,-0.24119246006012,0.310403555631638,-0.0580809451639652,-0.0738253593444824,0.44286698102951,0.488706201314926
8.04880046844482,0.442860931158066,0.488522589206696,-0.0580466128885746,-0.0738204121589661,-0.241028398275375,0.310570061206818,-0.0580483824014664,-0.0738183781504631,-0.0580466128885746,-0.0738204121589661,0.442860126495361,0.488521724939346,-0.0580483786761761,-0.0738183706998825,-0.241028562188148,0.310570895671844,-0.241028383374214,0.310570031404495,-0.0580483786761761,-0.0738183706998825,0.442857444286346,0.488526195287704,-0.0580501928925514,-0.073816329240799,-0.0580483824014664,-0.0738183781504631,-0.241028562188148,0.310570895671844,-0.0580501928925514,-0.073816329240799,0.442856639623642,0.488525390625
8.04940032958984,0.442850291728973,0.488341689109802,-0.0580158419907093,-0.0738113895058632,-0.240864410996437,0.310737371444702,-0.0580176487565041,-0.0738093480467796,-0.0580158419907093,-0.0738113895058632,0.442849397659302,0.488340854644775,-0.0580176450312138,-0.073809340596199,-0.240864589810371,0.310738205909729,-0.240864410996437,0.310737371444702,-0.0580176450312138,-0.073809340596199,0.442846804857254,0.488345354795456,-0.0580194555222988,-0.0738072916865349,-0.0580176450312138,-0.073809340596199,-0.240864589810371,0.310738205909729,-0.0580194555222988,-0.0738072916865349,0.44284600019455,0.488344460725784
8.05000019073486,0.442839443683624,0.488160789012909,-0.0579851306974888,-0.0738023743033409,-0.240700170397758,0.310904651880264,-0.0579869337379932,-0.0738003328442574,-0.0579851306974888,-0.0738023743033409,0.44283863902092,0.488159954547882,-0.0579869262874126,-0.0738003328442574,-0.240700364112854,0.310905545949936,-0.240700170397758,0.310904651880264,-0.0579869262874126,-0.0738003328442574,0.442835986614227,0.488164454698563,-0.0579887293279171,-0.0737982764840126,-0.0579869262874126,-0.0738003328442574,-0.240700364112854,0.310905545949936,-0.0579887330532074,-0.0737982839345932,0.442835181951523,0.488163590431213
8.05060005187988,0.442828416824341,0.487979859113693,-0.0579544268548489,-0.0737933591008186,-0.240535691380501,0.311071991920471,-0.0579561963677406,-0.0737913250923157,-0.0579544343054295,-0.0737933665513992,0.442827492952347,0.487979054450989,-0.05795618891716,-0.0737913176417351,-0.240535885095596,0.31107285618782,-0.240535691380501,0.311071991920471,-0.05795618891716,-0.0737913176417351,0.442824959754944,0.487983524799347,-0.0579579956829548,-0.0737892761826515,-0.0579561963677406,-0.0737913250923157,-0.240535885095596,0.31107285618782,-0.0579579956829548,-0.0737892761826515,0.44282403588295,0.48798269033432
8.0511999130249,0.442817151546478,0.487798899412155,-0.0579236783087254,-0.0737843960523605,-0.240371108055115,0.311239272356033,-0.0579254776239395,-0.0737823396921158,-0.0579236783087254,-0.0737843960523605,0.442816287279129,0.487798154354095,-0.0579255111515522,-0.0737823247909546,-0.240371271967888,0.311240136623383,-0.240371108055115,0.311239272356033,-0.0579255111515522,-0.0737823247909546,0.442813724279404,0.487802565097809,-0.0579273104667664,-0.0737802758812904,-0.0579254738986492,-0.0737823396921158,-0.240371271967888,0.311240136623383,-0.0579273104667664,-0.0737802758812904,0.442812919616699,0.487801760435104
8.05179977416992,0.442805647850037,0.487617969512939,-0.057892981916666,-0.0737754255533218,-0.240206256508827,0.311406582593918,-0.0578947849571705,-0.0737733617424965,-0.057892981916666,-0.0737754255533218,0.442804843187332,0.487617135047913,-0.0578948110342026,-0.0737733468413353,-0.240206450223923,0.311407446861267,-0.240206256508827,0.311406582593918,-0.0578948110342026,-0.0737733468413353,0.44280219078064,0.487621665000916,-0.057896576821804,-0.0737713128328323,-0.0578947775065899,-0.0737733617424965,-0.240206450223923,0.311407446861267,-0.057896576821804,-0.0737713128328323,0.442801356315613,0.487620770931244
8.05239963531494,0.442793995141983,0.487437009811401,-0.0578623041510582,-0.0737664476037025,-0.240041315555573,0.311573803424835,-0.0578640960156918,-0.0737643837928772,-0.0578623041510582,-0.0737664476037025,0.442793190479279,0.487436145544052,-0.0578640922904015,-0.0737643837928772,-0.240041345357895,0.311574697494507,-0.240041315555573,0.311573803424835,-0.0578640960156918,-0.0737643837928772,0.442790508270264,0.487440645694733,-0.0578658953309059,-0.0737623497843742,-0.0578640960156918,-0.0737643837928772,-0.240041345357895,0.311574697494507,-0.0578658953309059,-0.0737623497843742,0.442789703607559,0.487439811229706
8.05300045013428,0.442782074213028,0.487255960702896,-0.0578316412866116,-0.073757492005825,-0.239875957369804,0.311741143465042,-0.0578333996236324,-0.0737554579973221,-0.0578316412866116,-0.073757492005825,0.442781269550323,0.487255126237869,-0.0578333958983421,-0.0737554505467415,-0.239876136183739,0.311741977930069,-0.239875957369804,0.311741143465042,-0.0578333958983421,-0.0737554505467415,0.442778706550598,0.48725962638855,-0.057835228741169,-0.0737533792853355,-0.0578333996236324,-0.0737554579973221,-0.239876121282578,0.311741948127747,-0.057835228741169,-0.0737533792853355,0.442777782678604,0.487258762121201
8.0536003112793,0.442769974470139,0.487074971199036,-0.057800929993391,-0.0737485811114311,-0.239710614085197,0.311908274888992,-0.0578027553856373,-0.0737465098500252,-0.057800929993391,-0.0737485811114311,0.442769169807434,0.487074077129364,-0.057802751660347,-0.0737465023994446,-0.239710822701454,0.311909168958664,-0.239710614085197,0.311908274888992,-0.057802751660347,-0.0737465023994446,0.442766517400742,0.487078607082367,-0.0578045509755611,-0.0737444534897804,-0.0578027553856373,-0.0737465098500252,-0.239710822701454,0.311909168958664,-0.0578045509755611,-0.0737444534897804,0.442765712738037,0.48707777261734
8.05420017242432,0.442757666110992,0.486893892288208,-0.0577702671289444,-0.073739655315876,-0.239545062184334,0.312075525522232,-0.0577720962464809,-0.0737375915050507,-0.0577702671289444,-0.073739655315876,0.442756861448288,0.486893057823181,-0.0577720887959003,-0.0737375840544701,-0.239545240998268,0.312076389789581,-0.239545062184334,0.312075525522232,-0.0577720887959003,-0.0737375840544701,0.442754179239273,0.486897557973862,-0.0577738881111145,-0.0737355276942253,-0.0577720962464809,-0.0737375915050507,-0.239545240998268,0.312076389789581,-0.0577738545835018,-0.0737355425953865,0.442753374576569,0.486896693706512
8.05480003356934,0.4427450299263,0.48671281337738,-0.0577396303415298,-0.0737307369709015,-0.239379391074181,0.312242716550827,-0.0577414184808731,-0.0737286806106567,-0.0577396303415298,-0.0737307369709015,0.442744225263596,0.486711978912354,-0.0577414110302925,-0.0737286731600761,-0.239379420876503,0.312243640422821,-0.239379391074181,0.312242716550827,-0.0577414184808731,-0.0737286806106567,0.442741602659225,0.486716479063034,-0.0577432103455067,-0.0737266167998314,-0.0577414184808731,-0.0737286806106567,-0.239379420876503,0.312243640422821,-0.0577432103455067,-0.0737266167998314,0.442740797996521,0.486715614795685
8.05539989471436,0.442732304334641,0.486531734466553,-0.0577089674770832,-0.07372185587883,-0.239213302731514,0.312409967184067,-0.0577107928693295,-0.073719784617424,-0.0577089674770832,-0.07372185587883,0.442731499671936,0.486530870199203,-0.0577107854187489,-0.0737197697162628,-0.239213481545448,0.312410831451416,-0.239213302731514,0.312409967184067,-0.0577107891440392,-0.0737197771668434,0.442728847265244,0.486535400152206,-0.0577125810086727,-0.0737177282571793,-0.0577107891440392,-0.0737197771668434,-0.239213481545448,0.312410831451416,-0.0577125810086727,-0.0737177282571793,0.442728042602539,0.48653456568718
8.05599975585938,0.442719340324402,0.486350655555725,-0.0576783642172813,-0.0737129598855972,-0.239047259092331,0.312577128410339,-0.0576801486313343,-0.0737109035253525,-0.0576783642172813,-0.0737129598855972,0.442718535661697,0.486349821090698,-0.057680144906044,-0.0737108960747719,-0.239047452807426,0.312577992677689,-0.239047259092331,0.312577128410339,-0.0576801486313343,-0.0737109035253525,0.442715853452682,0.486354291439056,-0.0576819367706776,-0.0737088471651077,-0.0576801486313343,-0.0737109035253525,-0.239047452807426,0.312577992677689,-0.0576819404959679,-0.0737088471651077,0.442715048789978,0.486353397369385
8.05659961700439,0.442706197500229,0.486169517040253,-0.057647705078125,-0.0737041011452675,-0.238880962133408,0.31274425983429,-0.0576494932174683,-0.0737020373344421,-0.057647705078125,-0.0737041011452675,0.442705392837524,0.486168652772903,-0.057649489492178,-0.0737020373344421,-0.238881006836891,0.312745183706284,-0.238880962133408,0.31274425983429,-0.057649489492178,-0.0737020373344421,0.44270271062851,0.486173182725906,-0.0576513148844242,-0.0736999586224556,-0.0576494932174683,-0.0737020373344421,-0.238881006836891,0.312745183706284,-0.0576513148844242,-0.0736999586224556,0.442701786756516,0.486172318458557
8.05720043182373,0.442692637443542,0.48598837852478,-0.0576171055436134,-0.0736952424049377,-0.238714426755905,0.312911450862885,-0.0576188862323761,-0.0736931711435318,-0.0576171055436134,-0.0736952424049377,0.442691832780838,0.485987514257431,-0.0576188825070858,-0.0736931711435318,-0.238714605569839,0.312912315130234,-0.238714426755905,0.312911450862885,-0.0576188825070858,-0.0736931711435318,0.44268923997879,0.485992044210434,-0.0576206743717194,-0.073691114783287,-0.0576188862323761,-0.0736931711435318,-0.238714605569839,0.312912315130234,-0.0576206743717194,-0.073691114783287,0.442688435316086,0.485991209745407
8.05780029296875,0.442679136991501,0.485807150602341,-0.0575864836573601,-0.0736864060163498,-0.238547593355179,0.313078582286835,-0.0575882643461227,-0.073684349656105,-0.0575864836573601,-0.0736864060163498,0.442678213119507,0.485806316137314,-0.0575882941484451,-0.0736843124032021,-0.238547801971436,0.313079476356506,-0.238547593355179,0.313078582286835,-0.0575882941484451,-0.0736843124032021,0.442675679922104,0.485810875892639,-0.0575900450348854,-0.0736822783946991,-0.0575882643461227,-0.073684349656105,-0.238547801971436,0.313079476356506,-0.0575900487601757,-0.0736822858452797,0.44267475605011,0.485809981822968
8.05840015411377,0.442665189504623,0.485626012086868,-0.0575558766722679,-0.073677584528923,-0.23838084936142,0.313245683908463,-0.0575576648116112,-0.0736755207180977,-0.0575558766722679,-0.073677584528923,0.442664384841919,0.485625118017197,-0.0575576908886433,-0.0736754909157753,-0.238381028175354,0.313246548175812,-0.238380685448647,0.313245743513107,-0.0575576908886433,-0.0736754909157753,0.442661792039871,0.485629677772522,-0.0575594455003738,-0.0736734569072723,-0.0575576648116112,-0.0736755207180977,-0.238381028175354,0.313246548175812,-0.0575594455003738,-0.0736734569072723,0.442660987377167,0.485628843307495
8.05900001525879,0.442651271820068,0.485444784164429,-0.0575252957642078,-0.0736687630414963,-0.238213658332825,0.31341278553009,-0.0575270727276802,-0.0736667066812515,-0.0575252957642078,-0.0736687630414963,0.442650347948074,0.485443979501724,-0.0575270690023899,-0.0736666992306709,-0.23821385204792,0.313413679599762,-0.238213658332825,0.31341278553009,-0.0575270690023899,-0.0736666992306709,0.442647844552994,0.485448479652405,-0.0575288943946362,-0.0736646130681038,-0.0575270727276802,-0.0736667066812515,-0.23821385204792,0.313413679599762,-0.0575288943946362,-0.0736646130681038,0.442646861076355,0.485447585582733
8.05959987640381,0.442636936903,0.485263586044312,-0.0574947260320187,-0.0736599564552307,-0.238046377897263,0.313579887151718,-0.0574965067207813,-0.0736578926444054,-0.0574947260320187,-0.0736599564552307,0.442636132240295,0.485262751579285,-0.057496502995491,-0.0736578851938248,-0.238046586513519,0.313580751419067,-0.238046377897263,0.313579887151718,-0.057496502995491,-0.0736578851938248,0.442633539438248,0.485267251729965,-0.0574982836842537,-0.0736558213829994,-0.0574965067207813,-0.0736578926444054,-0.238046571612358,0.313580751419067,-0.057498287409544,-0.07365582883358,0.442632704973221,0.485266327857971
8.06019973754883,0.442622482776642,0.485082358121872,-0.0574641488492489,-0.0736511796712875,-0.237879022955894,0.313746958971024,-0.057465922087431,-0.0736491158604622,-0.0574641488492489,-0.0736511796712875,0.442621558904648,0.485081493854523,-0.0574659183621407,-0.0736491084098816,-0.237879186868668,0.313747823238373,-0.237879022955894,0.313746958971024,-0.0574659183621407,-0.0736491084098816,0.44261908531189,0.485086023807526,-0.0574677363038063,-0.0736470222473145,-0.057465922087431,-0.0736491158604622,-0.237879186868668,0.313747823238373,-0.0574677363038063,-0.0736470222473145,0.442618131637573,0.485085129737854
8.06079959869385,0.442607760429382,0.48490110039711,-0.0574335753917694,-0.073642410337925,-0.23771134018898,0.313914030790329,-0.0574353560805321,-0.073640339076519,-0.0574335753917694,-0.073642410337925,0.442606836557388,0.484900206327438,-0.0574353523552418,-0.0736403316259384,-0.237711384892464,0.313914954662323,-0.23771134018898,0.313914030790329,-0.0574353523552418,-0.0736403316259384,0.442604333162308,0.484904766082764,-0.0574371665716171,-0.0736382454633713,-0.0574353560805321,-0.073640339076519,-0.237711384892464,0.313914954662323,-0.0574371665716171,-0.0736382454633713,0.442603409290314,0.484903872013092
8.06140041351318,0.442592769861221,0.484719812870026,-0.0574030317366123,-0.073633648455143,-0.237543448805809,0.31408104300499,-0.0574048049747944,-0.073631577193737,-0.0574030354619026,-0.073633648455143,0.442591965198517,0.484718918800354,-0.0574048012495041,-0.073631577193737,-0.237543642520905,0.314081877470016,-0.237543433904648,0.314081013202667,-0.0574048012495041,-0.073631577193737,0.442589372396469,0.484723478555679,-0.0574066154658794,-0.0736294910311699,-0.0574048049747944,-0.073631577193737,-0.237543642520905,0.314081877470016,-0.0574066154658794,-0.0736294910311699,0.442588567733765,0.484722644090652
8.0620002746582,0.442577630281448,0.484538525342941,-0.0573724992573261,-0.0736248940229416,-0.23737545311451,0.314248085021973,-0.0573742762207985,-0.0736228227615356,-0.0573724992573261,-0.0736248940229416,0.442576825618744,0.484537690877914,-0.0573742724955082,-0.073622815310955,-0.237375617027283,0.314248949289322,-0.237375438213348,0.314248085021973,-0.0573742724955082,-0.073622815310955,0.442574232816696,0.484542191028595,-0.0573760494589806,-0.0736207515001297,-0.0573742762207985,-0.0736228227615356,-0.237375617027283,0.314248949289322,-0.0573760494589806,-0.0736207515001297,0.442573428153992,0.484541356563568
8.06260013580322,0.442562252283096,0.484357178211212,-0.0573419183492661,-0.0736161917448044,-0.237207174301147,0.314415067434311,-0.0573437251150608,-0.073614090681076,-0.0573419183492661,-0.0736161917448044,0.442561447620392,0.484356313943863,-0.0573437213897705,-0.073614090681076,-0.237207368016243,0.31441593170166,-0.237207174301147,0.314415067434311,-0.0573437213897705,-0.073614090681076,0.442558854818344,0.484360873699188,-0.0573455318808556,-0.0736119970679283,-0.0573437251150608,-0.073614090681076,-0.237207368016243,0.31441593170166,-0.0573455318808556,-0.0736119970679283,0.44255805015564,0.484360039234161
8.06319999694824,0.442546755075455,0.484175801277161,-0.0573114268481731,-0.0736074522137642,-0.237038791179657,0.314582079648972,-0.0573131963610649,-0.0736053809523582,-0.0573114268481731,-0.0736074522137642,0.442545831203461,0.484174996614456,-0.0573131926357746,-0.0736053735017776,-0.237038984894753,0.314582914113998,-0.237038791179657,0.314582079648972,-0.0573131963610649,-0.0736053809523582,0.442543298006058,0.484179556369781,-0.0573150031268597,-0.0736032798886299,-0.0573131963610649,-0.0736053809523582,-0.237038984894753,0.314582914113998,-0.0573150031268597,-0.0736032798886299,0.442542374134064,0.484178692102432
8.06379985809326,0.442530959844589,0.483994483947754,-0.0572808831930161,-0.0735987648367882,-0.236870169639587,0.314749002456665,-0.0572826899588108,-0.0735966712236404,-0.057280920445919,-0.0735987424850464,0.442530035972595,0.483993649482727,-0.0572826825082302,-0.0735966637730598,-0.236870348453522,0.314749956130981,-0.236870169639587,0.314749002456665,-0.0572826825082302,-0.0735966637730598,0.442527532577515,0.483998209238052,-0.057284452021122,-0.0735945925116539,-0.0572826899588108,-0.0735966712236404,-0.236870318651199,0.314749926328659,-0.0572844557464123,-0.0735945999622345,0.442526638507843,0.483997344970703
8.06439971923828,0.442514896392822,0.483813166618347,-0.0572503879666328,-0.073590062558651,-0.236701399087906,0.314915955066681,-0.0572521574795246,-0.073587991297245,-0.0572503916919231,-0.0735900700092316,0.442514091730118,0.483812272548676,-0.0572521537542343,-0.0735879838466644,-0.236701443791389,0.314916878938675,-0.236701399087906,0.314915955066681,-0.0572521537542343,-0.0735879838466644,0.442511528730392,0.483816862106323,-0.0572539605200291,-0.0735858902335167,-0.0572521537542343,-0.0735879838466644,-0.236701443791389,0.314916878938675,-0.0572539605200291,-0.0735858902335167,0.442510664463043,0.483815997838974
8.0649995803833,0.442498683929443,0.483631730079651,-0.057219885289669,-0.0735813900828362,-0.236532419919968,0.315082907676697,-0.0572216846048832,-0.0735792964696884,-0.057219885289669,-0.0735813900828362,0.442497819662094,0.483630955219269,-0.0572216808795929,-0.0735792890191078,-0.236532598733902,0.315083771944046,-0.236532419919968,0.315082907676697,-0.0572216808795929,-0.0735792890191078,0.442495197057724,0.483635455369949,-0.0572234801948071,-0.0735771879553795,-0.0572216808795929,-0.0735792890191078,-0.236532598733902,0.315083771944046,-0.0572234876453876,-0.0735771954059601,0.44249439239502,0.483634620904922
8.06560039520264,0.44248229265213,0.483450382947922,-0.0571893900632858,-0.0735727325081825,-0.236363157629967,0.315249800682068,-0.0571911931037903,-0.0735706314444542,-0.0571893900632858,-0.0735727325081825,0.442481368780136,0.483449548482895,-0.0571911856532097,-0.073570616543293,-0.236363336443901,0.315250664949417,-0.236363157629967,0.315249800682068,-0.0571911893785,-0.0735706239938736,0.442478746175766,0.483454078435898,-0.0571929514408112,-0.0735685527324677,-0.0571911893785,-0.0735706239938736,-0.236363336443901,0.315250664949417,-0.0571929514408112,-0.0735685527324677,0.442477941513062,0.483453243970871
8.06620025634766,0.442465573549271,0.483268976211548,-0.0571589209139347,-0.0735640749335289,-0.236193791031837,0.315416693687439,-0.0571607165038586,-0.0735619738698006,-0.0571589209139347,-0.0735640749335289,0.442464768886566,0.483268111944199,-0.0571607127785683,-0.07356196641922,-0.236193969845772,0.315417587757111,-0.236193791031837,0.315416693687439,-0.0571607127785683,-0.07356196641922,0.442462146282196,0.483272671699524,-0.0571625120937824,-0.0735598653554916,-0.0571607165038586,-0.0735619738698006,-0.236193954944611,0.315417557954788,-0.0571624785661697,-0.073559895157814,0.442461341619492,0.483271837234497
8.06680011749268,0.442448735237122,0.483087539672852,-0.0571284592151642,-0.0735554173588753,-0.23602432012558,0.315583556890488,-0.0571302585303783,-0.0735533162951469,-0.0571284592151642,-0.0735554173588753,0.442447781562805,0.483086675405502,-0.057130254805088,-0.0735533088445663,-0.236024349927902,0.315584480762482,-0.23602432012558,0.315583556890488,-0.057130254805088,-0.0735533088445663,0.442445188760757,0.48309126496315,-0.0571320205926895,-0.073551245033741,-0.0571302585303783,-0.0735533162951469,-0.236024335026741,0.315584450960159,-0.0571320205926895,-0.073551245033741,0.442444384098053,0.483090400695801
8.0673999786377,0.442431628704071,0.482906132936478,-0.0570979900658131,-0.0735468044877052,-0.235854417085648,0.315750449895859,-0.0570997856557369,-0.0735447034239769,-0.0570979900658131,-0.0735468044877052,0.442430675029755,0.482905238866806,-0.0570997819304466,-0.0735446959733963,-0.235854610800743,0.315751314163208,-0.235854417085648,0.315750449895859,-0.0570997819304466,-0.0735446959733963,0.442428261041641,0.482909828424454,-0.0571015439927578,-0.0735426247119904,-0.0570997856557369,-0.0735447034239769,-0.235854610800743,0.315751314163208,-0.0571015439927578,-0.0735426247119904,0.442427277565002,0.482908934354782
8.06799983978271,0.442414253950119,0.482724636793137,-0.0570675320923328,-0.0735381916165352,-0.235684588551521,0.315917283296585,-0.057069331407547,-0.0735360980033875,-0.0570675320923328,-0.0735381916165352,0.442413449287415,0.48272380232811,-0.0570693276822567,-0.0735360905528069,-0.235684737563133,0.315918117761612,-0.235684588551521,0.315917283296585,-0.0570693276822567,-0.0735360905528069,0.442410856485367,0.482728391885757,-0.0570710897445679,-0.0735340118408203,-0.0570693276822567,-0.0735360905528069,-0.235684737563133,0.315918117761612,-0.0570710897445679,-0.0735340118408203,0.442410051822662,0.482727557420731
8.06859970092773,0.442396759986877,0.48254320025444,-0.057037103921175,-0.0735295936465263,-0.23551432788372,0.316084116697311,-0.0570388920605183,-0.0735274851322174,-0.057037103921175,-0.0735295936465263,0.442395806312561,0.482542306184769,-0.057038888335228,-0.0735274776816368,-0.235514476895332,0.316084980964661,-0.23551432788372,0.316084116697311,-0.057038888335228,-0.0735274776816368,0.442393362522125,0.482546895742416,-0.0570406876504421,-0.0735253766179085,-0.0570388920605183,-0.0735274851322174,-0.235514476895332,0.316084980964661,-0.0570406876504421,-0.0735253766179085,0.442392408847809,0.482546031475067
8.06919956207275,0.442378997802734,0.482361704111099,-0.0570066459476948,-0.0735210254788399,-0.235344111919403,0.316250890493393,-0.0570084415376186,-0.0735189169645309,-0.0570066459476948,-0.0735210254788399,0.44237807393074,0.48236083984375,-0.057008434087038,-0.0735189095139503,-0.235344141721725,0.316251784563065,-0.235344111919403,0.316250890493393,-0.057008434087038,-0.0735189095139503,0.44237557053566,0.482365399599075,-0.0570102296769619,-0.073516808450222,-0.057008434087038,-0.0735189095139503,-0.235344141721725,0.316251784563065,-0.0570102334022522,-0.073516808450222,0.442374646663666,0.482364565134048
8.06980037689209,0.442360937595367,0.482180207967758,-0.0569762513041496,-0.073512427508831,-0.235173478722572,0.316417664289474,-0.0569779984652996,-0.0735103487968445,-0.0569762513041496,-0.073512427508831,0.442360132932663,0.482179373502731,-0.0569779947400093,-0.0735103413462639,-0.235173657536507,0.316418528556824,-0.235173463821411,0.316417634487152,-0.0569779947400093,-0.0735103413462639,0.442357569932938,0.482183903455734,-0.0569797940552235,-0.0735082402825356,-0.0569779984652996,-0.0735103487968445,-0.235173657536507,0.316418528556824,-0.0569797940552235,-0.0735082402825356,0.442356765270233,0.482183068990707
8.07040023803711,0.442342787981033,0.481998711824417,-0.0569458343088627,-0.0735038742423058,-0.235002741217613,0.316584438085556,-0.0569476187229156,-0.0735017657279968,-0.0569458343088627,-0.0735038742423058,0.442341953516006,0.481997817754745,-0.0569476112723351,-0.0735017582774162,-0.235002905130386,0.316585272550583,-0.235002726316452,0.316584408283234,-0.0569476149976254,-0.0735017582774162,0.442339301109314,0.482002437114716,-0.0569493733346462,-0.0734996870160103,-0.0569476149976254,-0.0735017582774162,-0.235002905130386,0.316585272550583,-0.0569493733346462,-0.0734996870160103,0.442338496446609,0.482001602649689
8.07100009918213,0.442324340343475,0.481817156076431,-0.0569154322147369,-0.0734953209757805,-0.234831884503365,0.316751182079315,-0.0569172166287899,-0.073493205010891,-0.0569154322147369,-0.0734953209757805,0.442323535680771,0.481816291809082,-0.0569172129034996,-0.073493205010891,-0.234831914305687,0.316752076148987,-0.234831884503365,0.316751182079315,-0.0569172166287899,-0.073493205010891,0.442320972681046,0.48182088136673,-0.0569189675152302,-0.073491133749485,-0.0569172166287899,-0.073493205010891,-0.234831899404526,0.316752046346664,-0.0569189675152302,-0.073491133749485,0.442320048809052,0.48182001709938
8.07159996032715,0.442305654287338,0.481635600328445,-0.0568850189447403,-0.0734868049621582,-0.234660789370537,0.31691786646843,-0.0568868033587933,-0.0734846964478493,-0.0568850189447403,-0.0734868049621582,0.442304849624634,0.481634765863419,-0.056886799633503,-0.0734846889972687,-0.234660789370537,0.316918790340424,-0.234660789370537,0.31691786646843,-0.056886799633503,-0.0734846889972687,0.442302256822586,0.481639295816422,-0.0568885877728462,-0.0734825879335403,-0.0568868033587933,-0.0734846964478493,-0.234660789370537,0.316918790340424,-0.0568885877728462,-0.0734825879335403,0.442301452159882,0.481638491153717
8.07219982147217,0.442286878824234,0.48145404458046,-0.0568546205759048,-0.0734782889485359,-0.234489411115646,0.317084610462189,-0.0568564012646675,-0.073476180434227,-0.0568546205759048,-0.0734782889485359,0.442286014556885,0.481453210115433,-0.0568563975393772,-0.0734761729836464,-0.234489589929581,0.317085474729538,-0.234489411115646,0.317084610462189,-0.0568563975393772,-0.0734761729836464,0.442283451557159,0.48145779967308,-0.0568581894040108,-0.0734740719199181,-0.0568564012646675,-0.073476180434227,-0.234489589929581,0.317085474729538,-0.0568581894040108,-0.0734740719199181,0.442282527685165,0.481456995010376
8.07279968261719,0.442267894744873,0.481272488832474,-0.0568242408335209,-0.0734697878360748,-0.234317928552628,0.317251235246658,-0.0568260215222836,-0.0734676718711853,-0.0568242408335209,-0.0734697878360748,0.442266970872879,0.481271654367447,-0.0568260177969933,-0.0734676718711853,-0.234318107366562,0.317252099514008,-0.234317928552628,0.317251235246658,-0.0568260177969933,-0.0734676718711853,0.442264378070831,0.481276214122772,-0.0568278022110462,-0.0734655633568764,-0.0568260215222836,-0.0734676718711853,-0.234318107366562,0.317252099514008,-0.0568278022110462,-0.0734655633568764,0.442263424396515,0.481275379657745
8.07339954376221,0.442248523235321,0.481090933084488,-0.0567938797175884,-0.0734612941741943,-0.234146192669868,0.317417860031128,-0.0567956604063511,-0.0734591782093048,-0.0567938797175884,-0.0734612941741943,0.442247539758682,0.481090039014816,-0.0567956529557705,-0.0734591707587242,-0.234146371483803,0.317418783903122,-0.234146192669868,0.317417860031128,-0.0567956529557705,-0.0734591707587242,0.442245036363602,0.481094658374786,-0.0567974410951138,-0.0734570696949959,-0.0567956604063511,-0.0734591782093048,-0.234146371483803,0.317418783903122,-0.0567974410951138,-0.0734570696949959,0.442244201898575,0.48109382390976
8.07400035858154,0.442229032516479,0.480909287929535,-0.0567635372281075,-0.0734528005123138,-0.233974352478981,0.31758451461792,-0.0567652806639671,-0.0734507068991661,-0.0567635372281075,-0.0734528005123138,0.442228108644485,0.480908453464508,-0.0567652732133865,-0.0734507068991661,-0.233974382281303,0.317585468292236,-0.233974352478981,0.31758451461792,-0.0567652732133865,-0.0734507068991661,0.44222554564476,0.480913102626801,-0.0567670576274395,-0.0734485983848572,-0.0567652806639671,-0.0734507068991661,-0.233974382281303,0.317585468292236,-0.0567670576274395,-0.0734485983848572,0.442224621772766,0.480912178754807
8.07460021972656,0.442209154367447,0.480727702379227,-0.0567331723868847,-0.0734443441033363,-0.233802258968353,0.317751169204712,-0.0567349493503571,-0.0734422281384468,-0.0567331723868847,-0.0734443441033363,0.442208349704742,0.4807268679142,-0.0567349456250668,-0.0734422206878662,-0.233802407979965,0.317752003669739,-0.233802258968353,0.317751169204712,-0.0567349456250668,-0.0734422206878662,0.442205816507339,0.480731457471848,-0.0567367225885391,-0.0734401121735573,-0.0567349493503571,-0.0734422281384468,-0.233802407979965,0.317752003669739,-0.0567367225885391,-0.0734401121735573,0.442204892635345,0.480730623006821
8.07520008087158,0.442189276218414,0.480546087026596,-0.056702833622694,-0.0734358876943588,-0.233629882335663,0.317917764186859,-0.0567046068608761,-0.0734337717294693,-0.056702833622694,-0.0734358876943588,0.44218835234642,0.480545252561569,-0.0567046031355858,-0.0734337717294693,-0.233630046248436,0.317918598651886,-0.233629882335663,0.317917764186859,-0.0567046031355858,-0.0734337717294693,0.442185819149017,0.480549871921539,-0.0567063800990582,-0.0734316632151604,-0.0567046068608761,-0.0734337717294693,-0.233630046248436,0.317918598651886,-0.0567063800990582,-0.0734316632151604,0.44218498468399,0.480548977851868
8.0757999420166,0.442169010639191,0.480364471673965,-0.0566725023090839,-0.0734274387359619,-0.233457386493683,0.318084329366684,-0.0566742829978466,-0.073425330221653,-0.0566725023090839,-0.0734274387359619,0.442168176174164,0.480363577604294,-0.0566742792725563,-0.0734253227710724,-0.233457565307617,0.318085193634033,-0.233457386493683,0.318084329366684,-0.0566742792725563,-0.0734253227710724,0.442165642976761,0.480368196964264,-0.0566760562360287,-0.0734232142567635,-0.0566742829978466,-0.073425330221653,-0.233457565307617,0.318085193634033,-0.0566760562360287,-0.0734232142567635,0.442164719104767,0.480367392301559
8.07639980316162,0.442148625850677,0.480182826519012,-0.056642197072506,-0.0734190046787262,-0.233284801244736,0.318250834941864,-0.0566439367830753,-0.0734169185161591,-0.056642197072506,-0.0734190046787262,0.442147791385651,0.480181992053986,-0.0566439293324947,-0.0734169110655785,-0.233284965157509,0.318251729011536,-0.233284801244736,0.318250834941864,-0.0566439293324947,-0.0734169110655785,0.442145228385925,0.480186551809311,-0.0566457100212574,-0.0734147951006889,-0.0566439367830753,-0.0734169185161591,-0.233284965157509,0.318251729011536,-0.0566457137465477,-0.0734148025512695,0.442144304513931,0.480185776948929
8.07699966430664,0.44212794303894,0.480001181364059,-0.0566118396818638,-0.0734106302261353,-0.233111962676048,0.318417370319366,-0.0566136501729488,-0.0734084844589233,-0.0566118732094765,-0.0734106004238129,0.442127138376236,0.480000346899033,-0.0566136427223682,-0.0734084844589233,-0.233111962676048,0.31841829419136,-0.233111962676048,0.318417370319366,-0.0566136427223682,-0.0734084844589233,0.442124575376511,0.48000493645668,-0.0566154159605503,-0.0734063610434532,-0.0566136501729488,-0.0734084844589233,-0.233111947774887,0.31841829419136,-0.0566154159605503,-0.0734063610434532,0.442123770713806,0.480004101991653
8.07759952545166,0.442107111215591,0.479819536209106,-0.0565815679728985,-0.0734022036194801,-0.232938840985298,0.318583905696869,-0.0565833337605,-0.07340008020401,-0.0565815679728985,-0.0734022036194801,0.442106276750565,0.479818671941757,-0.0565833300352097,-0.0734000727534294,-0.23293898999691,0.318584769964218,-0.232938840985298,0.318583905696869,-0.0565833300352097,-0.0734000727534294,0.442103683948517,0.47982332110405,-0.056585106998682,-0.0733979642391205,-0.0565833337605,-0.07340008020401,-0.23293898999691,0.318584769964218,-0.056585106998682,-0.0733979642391205,0.442102819681168,0.479822427034378
8.078200340271,0.442086070775986,0.479637861251831,-0.0565512478351593,-0.0733938440680504,-0.232765600085258,0.318750351667404,-0.0565530471503735,-0.0733916908502579,-0.0565512478351593,-0.0733938440680504,0.442085117101669,0.479636967182159,-0.0565530434250832,-0.0733916833996773,-0.232765778899193,0.318751215934753,-0.232765600085258,0.318750351667404,-0.0565530434250832,-0.0733916833996773,0.442082643508911,0.479641616344452,-0.0565548166632652,-0.0733895748853683,-0.0565530471503735,-0.0733916908502579,-0.232765763998032,0.318751186132431,-0.0565548166632652,-0.0733895748853683,0.442081779241562,0.479640752077103
8.07880020141602,0.442064732313156,0.479456126689911,-0.056520976126194,-0.0733854547142982,-0.232592105865479,0.318916767835617,-0.0565227381885052,-0.0733833312988281,-0.056520976126194,-0.0733854547142982,0.442063927650452,0.479455292224884,-0.0565227344632149,-0.0733833238482475,-0.232592284679413,0.318917691707611,-0.232592105865479,0.318916767835617,-0.0565227344632149,-0.0733833238482475,0.442061394453049,0.479459941387177,-0.0565245077013969,-0.0733812153339386,-0.0565227381885052,-0.0733833312988281,-0.232592284679413,0.318917691707611,-0.0565245077013969,-0.0733812153339386,0.442060470581055,0.479459077119827
8.07940006256104,0.442043274641037,0.479274451732635,-0.0564906857907772,-0.0733771026134491,-0.23241850733757,0.319083213806152,-0.0564924888312817,-0.0733749568462372,-0.0564906857907772,-0.0733771026134491,0.442042320966721,0.479273617267609,-0.0564924813807011,-0.0733749493956566,-0.232418537139893,0.319084137678146,-0.23241850733757,0.319083213806152,-0.0564924813807011,-0.0733749493956566,0.442039787769318,0.479278206825256,-0.0564942546188831,-0.0733728334307671,-0.0564924888312817,-0.0733749568462372,-0.232418537139893,0.319084137678146,-0.0564942546188831,-0.0733728334307671,0.442038983106613,0.479277431964874
8.07999992370605,0.442021429538727,0.479092746973038,-0.0564604550600052,-0.0733687356114388,-0.23224464058876,0.319249600172043,-0.0564621798694134,-0.0733666345477104,-0.0564604550600052,-0.0733687356114388,0.442020624876022,0.479091912508011,-0.0564621724188328,-0.0733666270971298,-0.232244670391083,0.319250553846359,-0.23224464058876,0.319249600172043,-0.0564621724188328,-0.0733666270971298,0.442018091678619,0.479096502065659,-0.0564639791846275,-0.0733644887804985,-0.0564621798694134,-0.0733666345477104,-0.232244670391083,0.319250553846359,-0.0564639791846275,-0.0733644887804985,0.442017167806625,0.479095697402954
8.08059978485107,0.441999554634094,0.478911072015762,-0.0564301684498787,-0.0733604207634926,-0.23207052052021,0.319415986537933,-0.0564319640398026,-0.0733582675457001,-0.0564301684498787,-0.0733604207634926,0.4419986307621,0.478910207748413,-0.0564319603145123,-0.0733582600951195,-0.232070684432983,0.319416910409927,-0.23207052052021,0.319415986537933,-0.0564319603145123,-0.0733582600951195,0.44199612736702,0.478914856910706,-0.0564336888492107,-0.0733561664819717,-0.0564319640398026,-0.0733582675457001,-0.232070684432983,0.319416910409927,-0.0564336888492107,-0.0733561664819717,0.441995143890381,0.478913933038712
8.08119964599609,0.441977292299271,0.47872930765152,-0.0563999339938164,-0.0733520835638046,-0.231896281242371,0.319582343101501,-0.056401688605547,-0.0733499601483345,-0.0563999339938164,-0.0733520835638046,0.441976487636566,0.478728473186493,-0.0564016848802567,-0.0733499526977539,-0.231896445155144,0.319583266973495,-0.231896281242371,0.319582343101501,-0.0564016848802567,-0.0733499526977539,0.441973865032196,0.478733122348785,-0.0564034506678581,-0.0733478367328644,-0.056401688605547,-0.0733499601483345,-0.231896445155144,0.319583266973495,-0.0564034506678581,-0.0733478367328644,0.441973000764847,0.478732198476791
8.08180046081543,0.44195494055748,0.4785475730896,-0.0563696846365929,-0.0733437836170197,-0.231721788644791,0.31974869966507,-0.0563714392483234,-0.0733416527509689,-0.0563696846365929,-0.0733437836170197,0.441953957080841,0.47854670882225,-0.0563714355230331,-0.0733416527509689,-0.231721952557564,0.319749593734741,-0.231721788644791,0.31974869966507,-0.0563714355230331,-0.0733416527509689,0.441951483488083,0.478551357984543,-0.0563732348382473,-0.073339506983757,-0.0563714392483234,-0.0733416527509689,-0.231721952557564,0.319749593734741,-0.0563732348382473,-0.073339506983757,0.441950649023056,0.478550493717194
8.08240032196045,0.441932171583176,0.478365808725357,-0.0563394464552402,-0.0733354985713959,-0.231547147035599,0.319914996623993,-0.0563412047922611,-0.0733333602547646,-0.0563394464552402,-0.0733354985713959,0.441931366920471,0.47836497426033,-0.0563412010669708,-0.0733333602547646,-0.231547310948372,0.319915920495987,-0.231547147035599,0.319914996623993,-0.0563412010669708,-0.0733333602547646,0.441928863525391,0.478369623422623,-0.056343000382185,-0.073331207036972,-0.0563412047922611,-0.0733333602547646,-0.231547310948372,0.319915920495987,-0.0563430041074753,-0.0733312144875526,0.441928029060364,0.478368759155273
8.08300018310547,0.441909372806549,0.478184074163437,-0.0563092343509197,-0.0733272060751915,-0.231372281908989,0.320081323385239,-0.0563109889626503,-0.0733250752091408,-0.0563092343509197,-0.0733272060751915,0.441908448934555,0.47818323969841,-0.05631098523736,-0.0733250677585602,-0.231372430920601,0.320082157850266,-0.231372267007828,0.320081293582916,-0.0563109889626503,-0.0733250752091408,0.441905945539474,0.47818785905838,-0.0563127845525742,-0.0733229294419289,-0.0563109889626503,-0.0733250752091408,-0.231372430920601,0.320082157850266,-0.0563127845525742,-0.0733229294419289,0.441905111074448,0.478187024593353
8.08360004425049,0.441886216402054,0.478002339601517,-0.0562790036201477,-0.0733189508318901,-0.231197282671928,0.320247501134872,-0.056280791759491,-0.0733167976140976,-0.0562790036201477,-0.0733189508318901,0.441885381937027,0.478001445531845,-0.0562807805836201,-0.073316790163517,-0.231197446584702,0.320248454809189,-0.231197282671928,0.320247501134872,-0.0562807843089104,-0.0733167976140976,0.441882908344269,0.478006094694138,-0.0562825426459312,-0.0733146667480469,-0.0562807843089104,-0.0733167976140976,-0.231197446584702,0.320248454809189,-0.0562825426459312,-0.0733146667480469,0.44188192486763,0.478005260229111
8.08419990539551,0.441862910985947,0.477820545434952,-0.0562488213181496,-0.0733106806874275,-0.231022015213966,0.320413768291473,-0.0562505722045898,-0.0733085498213768,-0.0562488213181496,-0.0733106806874275,0.441862106323242,0.477819710969925,-0.0562505647540092,-0.0733085423707962,-0.231022208929062,0.320414632558823,-0.231022015213966,0.320413768291473,-0.0562505647540092,-0.0733085423707962,0.441859602928162,0.477824300527573,-0.0562523640692234,-0.0733063891530037,-0.0562505722045898,-0.0733085498213768,-0.231022208929062,0.320414632558823,-0.0562523640692234,-0.0733063891530037,0.441858679056168,0.477823525667191
8.08479976654053,0.44183948636055,0.477638781070709,-0.0562186241149902,-0.0733024328947067,-0.230846673250198,0.32057997584343,-0.0562203787267208,-0.0733003094792366,-0.0562186241149902,-0.0733024328947067,0.441838562488556,0.477637946605682,-0.0562203750014305,-0.073300302028656,-0.23084682226181,0.320580810308456,-0.230846673250198,0.32057997584343,-0.0562203750014305,-0.073300302028656,0.441836059093475,0.477642595767975,-0.0562221668660641,-0.0732981562614441,-0.0562203750014305,-0.073300302028656,-0.23084682226181,0.320580810308456,-0.0562221668660641,-0.0732981562614441,0.441835135221481,0.477641731500626
8.08539962768555,0.441815674304962,0.477456986904144,-0.0561884455382824,-0.0732942074537277,-0.230671033263206,0.320746153593063,-0.0561901964247227,-0.073292076587677,-0.0561884455382824,-0.0732942074537277,0.441814720630646,0.477456152439117,-0.0561901926994324,-0.073292076587677,-0.23067119717598,0.320747017860413,-0.230671033263206,0.320746153593063,-0.0561901926994324,-0.073292076587677,0.441812247037888,0.47746080160141,-0.0561919845640659,-0.0732899233698845,-0.0561901926994324,-0.073292076587677,-0.23067119717598,0.320747017860413,-0.0561919845640659,-0.0732899233698845,0.441811382770538,0.477459967136383
8.08600044250488,0.441791713237762,0.477275222539902,-0.0561582483351231,-0.0732860043644905,-0.230495154857635,0.320912271738052,-0.056160032749176,-0.0732838436961174,-0.0561582483351231,-0.0732860043644905,0.441790759563446,0.477274358272552,-0.0561600290238857,-0.0732838362455368,-0.230495318770409,0.320913165807724,-0.230495154857635,0.320912271738052,-0.056160032749176,-0.0732838436961174,0.441788285970688,0.477279007434845,-0.056161779910326,-0.0732817128300667,-0.056160032749176,-0.0732838436961174,-0.230495318770409,0.320913165807724,-0.056161779910326,-0.0732817128300667,0.441787302494049,0.477278143167496
8.0866003036499,0.441767513751984,0.477093398571014,-0.0561281070113182,-0.0732777789235115,-0.230319127440453,0.321078389883041,-0.0561298541724682,-0.0732756480574608,-0.0561281070113182,-0.0732777789235115,0.441766560077667,0.477092534303665,-0.0561298504471779,-0.0732756480574608,-0.230319291353226,0.321079313755035,-0.230319127440453,0.321078389883041,-0.0561298504471779,-0.0732756480574608,0.441764086484909,0.47709721326828,-0.0561316385865211,-0.0732734948396683,-0.0561298541724682,-0.0732756480574608,-0.230319291353226,0.321079313755035,-0.0561316385865211,-0.0732734948396683,0.44176310300827,0.477096378803253
8.08720016479492,0.441743046045303,0.476911574602127,-0.0560979470610619,-0.0732696056365967,-0.230142876505852,0.321244537830353,-0.0560997277498245,-0.073267437517643,-0.0560979470610619,-0.0732696056365967,0.441742062568665,0.476910769939423,-0.0560997240245342,-0.0732674300670624,-0.230143025517464,0.32124537229538,-0.230142861604691,0.32124450802803,-0.0560997240245342,-0.0732674300670624,0.441739648580551,0.476915419101715,-0.0561014711856842,-0.0732652992010117,-0.0560997277498245,-0.073267437517643,-0.230143025517464,0.32124537229538,-0.0561014711856842,-0.0732652992010117,0.441738784313202,0.476914584636688
8.08780002593994,0.441718399524689,0.476729810237885,-0.0560677722096443,-0.073261447250843,-0.229966476559639,0.321410596370697,-0.056069552898407,-0.0732592865824699,-0.0560678020119667,-0.0732614174485207,0.441717475652695,0.476728916168213,-0.0560695491731167,-0.0732592791318893,-0.229966640472412,0.321411490440369,-0.229966476559639,0.321410596370697,-0.0560695491731167,-0.0732592791318893,0.441715002059937,0.47673362493515,-0.0560713298618793,-0.0732571184635162,-0.0560695491731167,-0.0732592791318893,-0.229966640472412,0.321411490440369,-0.0560713298618793,-0.0732571184635162,0.44171404838562,0.476732760667801
8.08839988708496,0.441693544387817,0.476547956466675,-0.0560376383364201,-0.0732532665133476,-0.229789838194847,0.321576625108719,-0.0560394190251827,-0.0732511058449745,-0.0560376457870007,-0.0732532739639282,0.441692590713501,0.476547122001648,-0.0560394152998924,-0.0732510983943939,-0.229789987206459,0.321577548980713,-0.229789838194847,0.321576625108719,-0.0560394152998924,-0.0732510983943939,0.441689997911453,0.47655177116394,-0.0560411959886551,-0.0732489377260208,-0.0560394190251827,-0.0732511058449745,-0.229789987206459,0.321577548980713,-0.056041169911623,-0.0732489675283432,0.441689193248749,0.476550966501236
8.08899974822998,0.441668301820755,0.47636616230011,-0.0560075007379055,-0.0732451304793358,-0.229613065719604,0.321742653846741,-0.0560092777013779,-0.0732429698109627,-0.0560075007379055,-0.0732451304793358,0.441667467355728,0.476365327835083,-0.0560092739760876,-0.0732429623603821,-0.229613214731216,0.32174351811409,-0.229613065719604,0.321742653846741,-0.0560092739760876,-0.0732429623603821,0.441665023565292,0.476369976997375,-0.0560110546648502,-0.0732407942414284,-0.0560092777013779,-0.0732429698109627,-0.229613214731216,0.32174351811409,-0.0560110546648502,-0.0732407942414284,0.441664040088654,0.476369112730026
8.089599609375,0.441642999649048,0.4761843085289,-0.0559774152934551,-0.0732369646430016,-0.229436039924622,0.32190865278244,-0.0559791550040245,-0.0732348337769508,-0.0559774152934551,-0.0732369646430016,0.441642075777054,0.476183474063873,-0.0559791512787342,-0.0732348263263702,-0.229436010122299,0.321909546852112,-0.229436039924622,0.32190865278244,-0.0559791512787342,-0.0732348263263702,0.441639602184296,0.476188153028488,-0.0559809319674969,-0.0732326656579971,-0.0559791550040245,-0.0732348337769508,-0.229436010122299,0.321909546852112,-0.0559809319674969,-0.0732326656579971,0.441638648509979,0.476187318563461
8.09020042419434,0.441617369651794,0.476002484560013,-0.05594727024436,-0.0732288584113121,-0.229258731007576,0.322074562311172,-0.0559490472078323,-0.073226697742939,-0.0559472776949406,-0.0732288658618927,0.441616505384445,0.476001620292664,-0.055949043482542,-0.0732266902923584,-0.229258894920349,0.322075515985489,-0.229258731007576,0.322074562311172,-0.055949043482542,-0.0732266902923584,0.441614001989365,0.476006358861923,-0.0559508204460144,-0.0732245370745659,-0.0559490472078323,-0.073226697742939,-0.229258894920349,0.322075515985489,-0.0559508204460144,-0.0732245370745659,0.441613167524338,0.476005464792252
8.09080028533936,0.441591590642929,0.475820600986481,-0.0559171847999096,-0.0732207447290421,-0.229081317782402,0.322240561246872,-0.0559189580380917,-0.0732185766100883,-0.0559171847999096,-0.0732207447290421,0.441590785980225,0.475819826126099,-0.0559189543128014,-0.0732185691595078,-0.229081466794014,0.322241425514221,-0.229081317782402,0.322240561246872,-0.0559189543128014,-0.0732185691595078,0.441588222980499,0.475824475288391,-0.0559207275509834,-0.0732164084911346,-0.0559189580380917,-0.0732185766100883,-0.229081466794014,0.322241425514221,-0.055920735001564,-0.0732164159417152,0.44158735871315,0.475823611021042
8.09140014648438,0.44156551361084,0.475638806819916,-0.0558870807290077,-0.0732126533985138,-0.228903651237488,0.322406411170959,-0.0558888502418995,-0.0732104927301407,-0.0558870807290077,-0.0732126533985138,0.441564708948135,0.475637972354889,-0.0558888427913189,-0.0732104852795601,-0.228903815150261,0.322407305240631,-0.228903651237488,0.322406411170959,-0.0558888427913189,-0.0732104852795601,0.441562175750732,0.475642681121826,-0.0558906234800816,-0.073208324611187,-0.0558888502418995,-0.0732104927301407,-0.228903815150261,0.322407305240631,-0.0558906234800816,-0.073208324611187,0.441561341285706,0.475641757249832
8.09200000762939,0.441539376974106,0.475456982851028,-0.055856991559267,-0.0732045769691467,-0.228725850582123,0.322572350502014,-0.0558587610721588,-0.0732024013996124,-0.055856991559267,-0.0732045769691467,0.441538423299789,0.475456118583679,-0.0558587573468685,-0.0732023939490318,-0.228725999593735,0.322573184967041,-0.228725850582123,0.322572350502014,-0.0558587573468685,-0.0732023939490318,0.441535949707031,0.475460767745972,-0.0558605305850506,-0.0732002332806587,-0.0558587610721588,-0.0732024013996124,-0.228725999593735,0.322573184967041,-0.0558605305850506,-0.0732002332806587,0.441534996032715,0.475459933280945
8.09259986877441,0.441512912511826,0.475275099277496,-0.0558269582688808,-0.0731964707374573,-0.228547796607018,0.322738140821457,-0.0558286905288696,-0.0731943249702454,-0.0558269582688808,-0.0731964707374573,0.441511958837509,0.475274235010147,-0.0558287166059017,-0.073194295167923,-0.228547960519791,0.322739064693451,-0.228547796607018,0.322738140821457,-0.0558287240564823,-0.073194295167923,0.441509425640106,0.475278943777084,-0.0558304600417614,-0.0731921568512917,-0.0558286905288696,-0.0731943249702454,-0.228547960519791,0.322739064693451,-0.0558304600417614,-0.0731921568512917,0.441508591175079,0.475278109312057
8.09319972991943,0.441486120223999,0.475093245506287,-0.0557968690991402,-0.0731884241104126,-0.228369638323784,0.322903990745544,-0.0557986348867416,-0.0731862559914589,-0.0557968690991402,-0.0731884241104126,0.44148525595665,0.47509241104126,-0.0557986311614513,-0.0731862485408783,-0.228369623422623,0.322904884815216,-0.228369638323784,0.322903990745544,-0.0557986311614513,-0.0731862485408783,0.441482722759247,0.475097090005875,-0.0558004043996334,-0.0731840878725052,-0.0557986348867416,-0.0731862559914589,-0.228369623422623,0.322904884815216,-0.0558004043996334,-0.0731840878725052,0.441481858491898,0.475096195936203
8.09379959106445,0.441459149122238,0.474911361932755,-0.055766835808754,-0.0731803700327873,-0.228191196918488,0.323069751262665,-0.0557685680687428,-0.0731782242655754,-0.055766835808754,-0.0731803700327873,0.441458284854889,0.474910497665405,-0.0557685606181622,-0.0731782168149948,-0.228191331028938,0.323070615530014,-0.228191196918488,0.323069751262665,-0.0557685643434525,-0.0731782242655754,0.441455870866776,0.474915206432343,-0.0557703264057636,-0.0731760486960411,-0.0557685643434525,-0.0731782242655754,-0.228191331028938,0.323070615530014,-0.0557703264057636,-0.0731760486960411,0.441454917192459,0.474914371967316
8.09440040588379,0.441432058811188,0.474729478359222,-0.0557367838919163,-0.0731723308563232,-0.228012502193451,0.323235511779785,-0.0557385496795177,-0.0731701701879501,-0.0557367838919163,-0.0731723308563232,0.441431075334549,0.474728643894196,-0.0557385422289371,-0.0731701552867889,-0.228012636303902,0.323236435651779,-0.228012502193451,0.323235511779785,-0.0557385459542274,-0.0731701627373695,0.441428661346436,0.474733382463455,-0.0557402782142162,-0.0731680169701576,-0.0557385459542274,-0.0731701627373695,-0.228012636303902,0.323236435651779,-0.0557402782142162,-0.0731680169701576,0.441427826881409,0.474732518196106
8.09500026702881,0.441404700279236,0.474547624588013,-0.0557067506015301,-0.073164314031601,-0.227833673357964,0.323401272296906,-0.0557084754109383,-0.0731621608138084,-0.0557067506015301,-0.073164314031601,0.441403746604919,0.474546790122986,-0.0557085089385509,-0.0731621310114861,-0.227833822369576,0.323402166366577,-0.227833673357964,0.323401272296906,-0.0557085089385509,-0.0731621310114861,0.441401273012161,0.474551439285278,-0.0557102374732494,-0.0731599926948547,-0.0557084754109383,-0.0731621608138084,-0.227833822369576,0.323402166366577,-0.0557102411985397,-0.0731600001454353,0.44140037894249,0.474550634622574
8.09560012817383,0.441377073526382,0.474365711212158,-0.0556767024099827,-0.073156327009201,-0.227654591202736,0.323566943407059,-0.0556784570217133,-0.0731541514396667,-0.0556767024099827,-0.073156327009201,0.441376119852066,0.474364876747131,-0.055678453296423,-0.0731541439890862,-0.227654740214348,0.323567897081375,-0.227654591202736,0.323566943407059,-0.055678453296423,-0.0731541439890862,0.441373616456985,0.474369645118713,-0.0556802153587341,-0.0731519684195518,-0.055678453296423,-0.0731541439890862,-0.227654740214348,0.323567897081375,-0.0556802190840244,-0.0731519758701324,0.441372752189636,0.474368751049042
8.09619998931885,0.44134920835495,0.474183857440948,-0.0556467026472092,-0.0731483101844788,-0.227475389838219,0.323732674121857,-0.0556484647095203,-0.0731461420655251,-0.0556467026472092,-0.0731483101844788,0.441348254680634,0.474183022975922,-0.0556484572589397,-0.0731461346149445,-0.227475538849831,0.323733508586884,-0.227475389838219,0.323732674121857,-0.0556484572589397,-0.0731461346149445,0.441345870494843,0.474187731742859,-0.0556502155959606,-0.0731439664959908,-0.0556484572589397,-0.0731461346149445,-0.227475538849831,0.323733508586884,-0.0556502155959606,-0.0731439664959908,0.441344916820526,0.474186897277832
8.09679985046387,0.441321134567261,0.474002003669739,-0.0556166842579842,-0.0731403380632401,-0.227295935153961,0.323898255825043,-0.055618442595005,-0.0731381624937057,-0.0556166842579842,-0.0731403380632401,0.441320270299911,0.47400113940239,-0.0556184388697147,-0.0731381550431252,-0.227296069264412,0.323899120092392,-0.227295935153961,0.323898285627365,-0.0556184388697147,-0.0731381550431252,0.441317707300186,0.474005848169327,-0.0556201972067356,-0.0731359869241714,-0.055618442595005,-0.0731381624937057,-0.227296069264412,0.323899120092392,-0.0556201972067356,-0.0731359869241714,0.441316843032837,0.4740050137043
8.09739971160889,0.441292822360992,0.473820120096207,-0.0555866919457912,-0.0731323659420013,-0.227116346359253,0.324063867330551,-0.0555884428322315,-0.073130190372467,-0.0555866919457912,-0.0731323659420013,0.441291868686676,0.47381928563118,-0.0555884391069412,-0.0731301829218864,-0.227116480469704,0.324064701795578,-0.227116331458092,0.324063837528229,-0.0555884391069412,-0.0731301829218864,0.441289365291595,0.473824024200439,-0.0555901974439621,-0.0731280148029327,-0.0555884391069412,-0.0731301829218864,-0.227116480469704,0.324064701795578,-0.0555901974439621,-0.0731280148029327,0.441288530826569,0.473823130130768
8.09799957275391,0.441264301538467,0.473638236522675,-0.0555567070841789,-0.0731244012713432,-0.226936474442482,0.324229419231415,-0.0555584654211998,-0.0731222257018089,-0.0555567070841789,-0.0731244012713432,0.441263347864151,0.473637402057648,-0.0555584579706192,-0.0731222182512283,-0.226936638355255,0.324230283498764,-0.226936474442482,0.324229419231415,-0.0555584579706192,-0.0731222182512283,0.441260814666748,0.473642081022263,-0.0555602163076401,-0.073120042681694,-0.0555584579706192,-0.0731222182512283,-0.226936638355255,0.324230283498764,-0.0555602163076401,-0.073120042681694,0.441259950399399,0.473641216754913
8.09860038757324,0.441235512495041,0.47345632314682,-0.0555267073214054,-0.0731164664030075,-0.226756379008293,0.324395000934601,-0.0555284582078457,-0.0731142833828926,-0.0555267073214054,-0.0731164664030075,0.441234558820724,0.473455488681793,-0.0555284544825554,-0.0731142833828926,-0.226756513118744,0.324395835399628,-0.226756379008293,0.324395000934601,-0.0555284544825554,-0.0731142833828926,0.441232174634933,0.47346019744873,-0.0555302165448666,-0.0731121078133583,-0.0555284582078457,-0.0731142833828926,-0.226756513118744,0.324395895004272,-0.0555302165448666,-0.0731121078133583,0.441231220960617,0.473459392786026
8.09920024871826,0.441206485033035,0.47327446937561,-0.0554967261850834,-0.073108546435833,-0.226576134562492,0.32456049323082,-0.055498480796814,-0.0731063708662987,-0.0554967299103737,-0.073108546435833,0.441205620765686,0.473273575305939,-0.0554984770715237,-0.0731063634157181,-0.226576283574104,0.324561387300491,-0.226576134562492,0.32456049323082,-0.0554984770715237,-0.0731063634157181,0.441203117370605,0.473278313875198,-0.0555002316832542,-0.0731041878461838,-0.0554984770715237,-0.0731063634157181,-0.226576283574104,0.324561387300491,-0.0555002316832542,-0.0731041878461838,0.441202253103256,0.473277479410172
8.09980010986328,0.44117733836174,0.473092555999756,-0.0554667674005032,-0.0731006264686584,-0.226395651698112,0.324725955724716,-0.0554685182869434,-0.0730984508991241,-0.0554667674005032,-0.0731006264686584,0.441176325082779,0.473091691732407,-0.0554685480892658,-0.0730984136462212,-0.226395770907402,0.32472687959671,-0.226395651698112,0.324725955724716,-0.0554685480892658,-0.0730984136462212,0.44117397069931,0.473096430301666,-0.0554702989757061,-0.0730962380766869,-0.0554685145616531,-0.0730984434485435,-0.226395770907402,0.32472687959671,-0.0554703027009964,-0.0730962455272675,0.441172987222672,0.473095595836639
8.1003999710083,0.441147893667221,0.472910702228546,-0.0554368235170841,-0.0730927139520645,-0.226215019822121,0.324891448020935,-0.0554385706782341,-0.0730905309319496,-0.0554368235170841,-0.0730927139520645,0.441146910190582,0.472909808158875,-0.0554385632276535,-0.0730905309319496,-0.226215168833733,0.324892312288284,-0.226215019822121,0.324891448020935,-0.0554385632276535,-0.0730905309319496,0.441144406795502,0.472914546728134,-0.0554403178393841,-0.0730883553624153,-0.0554385706782341,-0.0730905309319496,-0.226215153932571,0.324892282485962,-0.0554403178393841,-0.0730883553624153,0.441143542528152,0.472913712263107
8.10099983215332,0.441118210554123,0.472728788852692,-0.0554068945348263,-0.0730848088860512,-0.226034134626389,0.325056791305542,-0.0554086454212666,-0.0730826258659363,-0.0554068945348263,-0.0730848088860512,0.441117227077484,0.472727924585342,-0.055408637970686,-0.0730826184153557,-0.226034283638,0.325057715177536,-0.226034134626389,0.325056791305542,-0.0554086416959763,-0.0730826258659363,0.441114723682404,0.472732663154602,-0.0554103925824165,-0.073080450296402,-0.0554086416959763,-0.0730826258659363,-0.226034283638,0.325057715177536,-0.0554103925824165,-0.073080450296402,0.441113859415054,0.472731828689575
8.10159969329834,0.441088289022446,0.472546935081482,-0.0553769543766975,-0.0730769410729408,-0.225853130221367,0.325222194194794,-0.0553787015378475,-0.0730747580528259,-0.0553769543766975,-0.0730769410729408,0.441087305545807,0.472546070814133,-0.0553786903619766,-0.0730747431516647,-0.225853115320206,0.325223088264465,-0.225853130221367,0.325222194194794,-0.0553786978125572,-0.0730747506022453,0.441084891557693,0.472550809383392,-0.0553804412484169,-0.0730725675821304,-0.0553786978125572,-0.0730747506022453,-0.225853115320206,0.325223088264465,-0.0553804449737072,-0.073072575032711,0.441083937883377,0.472549945116043
8.10219955444336,0.441058158874512,0.472365021705627,-0.0553470216691494,-0.0730690732598305,-0.225671872496605,0.325387537479401,-0.0553487688302994,-0.073066882789135,-0.05534702911973,-0.0730690732598305,0.441057175397873,0.472364127635956,-0.0553487613797188,-0.0730668753385544,-0.225671857595444,0.325388461351395,-0.225671872496605,0.325387537479401,-0.0553487613797188,-0.0730668753385544,0.441054701805115,0.472368896007538,-0.0553505159914494,-0.0730647072196007,-0.0553487688302994,-0.073066882789135,-0.225671857595444,0.325388461351395,-0.0553505159914494,-0.0730647072196007,0.441053867340088,0.472368031740189
8.1028003692627,0.441027700901031,0.472183138132095,-0.0553171150386333,-0.0730612128973007,-0.225490346550941,0.32555291056633,-0.0553188547492027,-0.0730590224266052,-0.0553171150386333,-0.0730612128973007,0.441026777029037,0.472182273864746,-0.0553188510239124,-0.0730590149760246,-0.225490465760231,0.325553745031357,-0.225490346550941,0.32555291056633,-0.0553188510239124,-0.0730590149760246,0.441024363040924,0.472187012434006,-0.055320605635643,-0.0730568468570709,-0.0553188547492027,-0.0730590224266052,-0.225490465760231,0.325553745031357,-0.055320605635643,-0.0730568468570709,0.441023379564285,0.472186177968979
8.10340023040771,0.440997123718262,0.472001224756241,-0.0552871897816658,-0.0730533823370934,-0.225308686494827,0.32571816444397,-0.0552889667451382,-0.0730511695146561,-0.0552871897816658,-0.0730533823370934,0.440996259450912,0.472000360488892,-0.0552889630198479,-0.0730511620640755,-0.225308835506439,0.325719028711319,-0.225308686494827,0.32571816444397,-0.0552889630198479,-0.0730511620640755,0.440993785858154,0.472005158662796,-0.0552907064557076,-0.0730489864945412,-0.0552889667451382,-0.0730511695146561,-0.225308835506439,0.325719028711319,-0.0552907064557076,-0.0730489864945412,0.440992772579193,0.472004234790802
8.10400009155273,0.440966248512268,0.471819311380386,-0.0552573166787624,-0.0730455368757248,-0.225126773118973,0.325883448123932,-0.0552590601146221,-0.0730433538556099,-0.0552573166787624,-0.0730455368757248,0.440965443849564,0.471818476915359,-0.0552590563893318,-0.0730433464050293,-0.225126877427101,0.325884282588959,-0.225126773118973,0.325883448123932,-0.0552590563893318,-0.0730433464050293,0.440962940454483,0.471823215484619,-0.0552607960999012,-0.0730411633849144,-0.0552590601146221,-0.0730433538556099,-0.225126877427101,0.325884282588959,-0.0552607960999012,-0.0730411633849144,0.440961956977844,0.471822381019592
8.10459995269775,0.440935254096985,0.471637457609177,-0.0552273914217949,-0.073037751019001,-0.224944710731506,0.326048582792282,-0.055229164659977,-0.0730355381965637,-0.0552274286746979,-0.0730377286672592,0.440934270620346,0.471636563539505,-0.0552291609346867,-0.0730355307459831,-0.224944695830345,0.326049536466599,-0.224944710731506,0.326048582792282,-0.0552291609346867,-0.0730355307459831,0.440931856632233,0.471641391515732,-0.0552309080958366,-0.0730333477258682,-0.055229164659977,-0.0730355381965637,-0.224944695830345,0.326049536466599,-0.0552309080958366,-0.0730333477258682,0.440930932760239,0.471640467643738
8.10519981384277,0.440903872251511,0.471455603837967,-0.0551975518465042,-0.073029913008213,-0.2247623950243,0.326213777065277,-0.0551992915570736,-0.0730277299880981,-0.0551975518465042,-0.073029913008213,0.440903037786484,0.471454709768295,-0.055199284106493,-0.0730277225375175,-0.224762544035912,0.326214671134949,-0.2247623950243,0.326213777065277,-0.055199284106493,-0.0730277225375175,0.440900564193726,0.471459478139877,-0.0552010275423527,-0.0730255395174026,-0.0551992915570736,-0.0730277299880981,-0.224762544035912,0.326214671134949,-0.0552010275423527,-0.0730255395174026,0.440899580717087,0.471458613872528
8.10579967498779,0.440872400999069,0.471273690462112,-0.0551676638424397,-0.073022149503231,-0.224579840898514,0.32637894153595,-0.0551693998277187,-0.0730199590325356,-0.0551676638424397,-0.073022149503231,0.440871447324753,0.471272826194763,-0.0551694296300411,-0.0730199217796326,-0.224579975008965,0.326379776000977,-0.224579825997353,0.326378911733627,-0.0551694296300411,-0.0730199217796326,0.440868973731995,0.471277594566345,-0.0551711656153202,-0.0730177313089371,-0.0551693961024284,-0.073019951581955,-0.224579975008965,0.326379776000977,-0.0551711656153202,-0.0730177313089371,0.440868109464645,0.471276700496674
8.10639953613281,0.440840631723404,0.471091747283936,-0.0551378205418587,-0.0730143487453461,-0.224397122859955,0.326544046401978,-0.0551395602524281,-0.0730121582746506,-0.0551378205418587,-0.0730143487453461,0.440839648246765,0.471090912818909,-0.0551395565271378,-0.0730121582746506,-0.224397271871567,0.326544970273972,-0.224397122859955,0.326544046401978,-0.0551395565271378,-0.0730121582746506,0.440837293863297,0.471095710992813,-0.0551412925124168,-0.0730099678039551,-0.0551395602524281,-0.0730121582746506,-0.224397271871567,0.326544970273972,-0.0551412925124168,-0.0730099678039551,0.44083634018898,0.471094846725464
8.10700035095215,0.440808653831482,0.470909923315048,-0.0551079697906971,-0.0730065852403641,-0.224214151501656,0.326709121465683,-0.0551097020506859,-0.0730043947696686,-0.0551079697906971,-0.0730065852403641,0.440807670354843,0.470909088850021,-0.0551096983253956,-0.0730043947696686,-0.224214300513268,0.326710015535355,-0.224214151501656,0.326709121465683,-0.0551096983253956,-0.0730043947696686,0.440805286169052,0.470913797616959,-0.0551114343106747,-0.0730022042989731,-0.0551096983253956,-0.0730043947696686,-0.224214300513268,0.326710015535355,-0.0551114343106747,-0.0730022042989731,0.440804302692413,0.470912963151932
8.10760021209717,0.440776348114014,0.470728069543839,-0.0550780966877937,-0.0729988589882851,-0.224031060934067,0.326874166727066,-0.0550798624753952,-0.0729966387152672,-0.0550781302154064,-0.0729988291859627,0.440775483846664,0.470727235078812,-0.0550798587501049,-0.0729966312646866,-0.224031209945679,0.326875030994415,-0.224031060934067,0.326874166727066,-0.0550798587501049,-0.0729966312646866,0.440773040056229,0.470731914043427,-0.055081594735384,-0.0729944482445717,-0.0550798624753952,-0.0729966387152672,-0.224031209945679,0.326875030994415,-0.055081594735384,-0.0729944482445717,0.44077205657959,0.4707310795784
8.10820007324219,0.440743893384933,0.470546156167984,-0.0550482794642448,-0.0729911103844643,-0.22384786605835,0.327039122581482,-0.055050004273653,-0.0729889199137688,-0.0550482794642448,-0.0729911103844643,0.440742969512939,0.470545291900635,-0.0550500340759754,-0.0729888826608658,-0.223847880959511,0.327040076255798,-0.22384786605835,0.327039122581482,-0.0550500340759754,-0.0729888826608658,0.440740615129471,0.470550090074539,-0.0550517700612545,-0.0729866921901703,-0.055050004273653,-0.0729889199137688,-0.223847880959511,0.327040076255798,-0.0550517700612545,-0.0729866921901703,0.44073960185051,0.470549166202545
8.10879993438721,0.440711259841919,0.47036424279213,-0.0550184771418571,-0.0729833692312241,-0.223664253950119,0.32720410823822,-0.0550202019512653,-0.072981171309948,-0.0550184771418571,-0.0729833692312241,0.44071027636528,0.470363408327103,-0.055020198225975,-0.0729811638593674,-0.22366438806057,0.327205032110214,-0.223664253950119,0.32720410823822,-0.055020198225975,-0.0729811638593674,0.440707951784134,0.470368206501007,-0.0550219304859638,-0.0729789808392525,-0.0550202019512653,-0.072981171309948,-0.223664373159409,0.327205002307892,-0.0550219304859638,-0.0729789808392525,0.440706968307495,0.470367312431335
8.10939979553223,0.440678358078003,0.470182418823242,-0.0549886599183083,-0.0729756653308868,-0.223480522632599,0.327369093894958,-0.0549903847277164,-0.0729734674096107,-0.0549886599183083,-0.0729756653308868,0.440677374601364,0.470181524753571,-0.0549903810024261,-0.0729734599590302,-0.22348065674305,0.327369958162308,-0.223480522632599,0.327369093894958,-0.0549903810024261,-0.0729734599590302,0.440674901008606,0.47018638253212,-0.0549921505153179,-0.0729712396860123,-0.0549903810024261,-0.0729734599590302,-0.22348065674305,0.327369958162308,-0.0549921505153179,-0.0729712396860123,0.440674066543579,0.470185488462448
8.10999965667725,0.440645158290863,0.470000565052032,-0.0549588203430176,-0.0729679837822914,-0.223296657204628,0.327533900737762,-0.0549605824053288,-0.0729657635092735,-0.0549588203430176,-0.0729679837822914,0.440644204616547,0.469999730587006,-0.0549605786800385,-0.0729657560586929,-0.223296642303467,0.327534854412079,-0.223296657204628,0.327533900737762,-0.0549605786800385,-0.0729657560586929,0.440641731023788,0.470004439353943,-0.0549623370170593,-0.072963535785675,-0.0549605824053288,-0.0729657635092735,-0.223296642303467,0.327534854412079,-0.0549623370170593,-0.072963535785675,0.440640866756439,0.470003604888916
8.11060047149658,0.440611869096756,0.4698186814785,-0.0549290329217911,-0.0729602873325348,-0.223112389445305,0.327698826789856,-0.054930791258812,-0.0729580596089363,-0.0549290329217911,-0.0729602873325348,0.440610885620117,0.469817847013474,-0.0549307875335217,-0.0729580521583557,-0.223112493753433,0.327699661254883,-0.223112389445305,0.327698826789856,-0.054930791258812,-0.0729580596089363,0.440608441829681,0.469822585582733,-0.0549325160682201,-0.0729558616876602,-0.054930791258812,-0.0729580596089363,-0.223112493753433,0.327699661254883,-0.0549325160682201,-0.0729558616876602,0.440607458353043,0.469821751117706
8.1112003326416,0.440578132867813,0.469636797904968,-0.0548992678523064,-0.0729525983333588,-0.222928121685982,0.327863603830338,-0.0549009889364243,-0.0729504004120827,-0.0548992678523064,-0.0729525983333588,0.440577149391174,0.469635963439941,-0.054900985211134,-0.0729503929615021,-0.222928106784821,0.327864527702332,-0.222928121685982,0.327863603830338,-0.054900985211134,-0.0729503929615021,0.440574735403061,0.469640761613846,-0.0549027472734451,-0.0729481726884842,-0.0549009889364243,-0.0729504004120827,-0.222928106784821,0.327864527702332,-0.0549027472734451,-0.0729481726884842,0.440573900938034,0.469639867544174
8.11180019378662,0.440544337034225,0.469454973936081,-0.0548694841563702,-0.0729449465870857,-0.222743451595306,0.328028410673141,-0.0548712387681007,-0.0729427114129066,-0.0548694841563702,-0.0729449465870857,0.440543353557587,0.469454139471054,-0.0548712313175201,-0.072942703962326,-0.222743600606918,0.328029304742813,-0.222743451595306,0.328028410673141,-0.0548712313175201,-0.072942703962326,0.440540939569473,0.469458937644958,-0.0548729635775089,-0.0729405134916306,-0.0548712387681007,-0.0729427114129066,-0.222743600606918,0.328029304742813,-0.0548729635775089,-0.0729405134916306,0.440540045499802,0.469458013772964
8.11240005493164,0.440510123968124,0.469273149967194,-0.0548397153615952,-0.0729372873902321,-0.222558811306953,0.328193128108978,-0.054841436445713,-0.072935089468956,-0.0548397153615952,-0.0729372873902321,0.440509289503098,0.469272255897522,-0.0548414289951324,-0.0729350820183754,-0.222558796405792,0.328194081783295,-0.222558811306953,0.328193128108978,-0.0548414289951324,-0.0729350820183754,0.440506875514984,0.469277054071426,-0.0548431873321533,-0.0729328617453575,-0.0548414289951324,-0.0729350820183754,-0.222558796405792,0.328194081783295,-0.0548431873321533,-0.0729328617453575,0.440505862236023,0.469276189804077
8.11299991607666,0.440475910902023,0.469091236591339,-0.0548099689185619,-0.0729296505451202,-0.222373753786087,0.328357845544815,-0.0548116825520992,-0.0729274451732635,-0.0548099689185619,-0.0729296505451202,0.440474927425385,0.46909037232399,-0.0548116788268089,-0.072927437722683,-0.222373887896538,0.328358769416809,-0.222373753786087,0.328357845544815,-0.0548116788268089,-0.072927437722683,0.440472513437271,0.469095200300217,-0.0548134371638298,-0.0729252099990845,-0.0548116825520992,-0.0729274451732635,-0.222373887896538,0.328358769416809,-0.0548134371638298,-0.0729252099990845,0.440471649169922,0.469094336032867
8.11359977722168,0.440441310405731,0.468909442424774,-0.0547802001237869,-0.0729220360517502,-0.222188577055931,0.328522562980652,-0.0547819510102272,-0.0729198008775711,-0.0547802001237869,-0.0729220360517502,0.440440475940704,0.468908578157425,-0.0547819472849369,-0.0729198008775711,-0.222188711166382,0.328523427248001,-0.222188577055931,0.328522562980652,-0.0547819472849369,-0.0729198008775711,0.440437942743301,0.468913376331329,-0.0547836646437645,-0.072917602956295,-0.0547819510102272,-0.0729198008775711,-0.222188711166382,0.328523427248001,-0.0547836646437645,-0.072917602956295,0.44043704867363,0.46891251206398
8.1141996383667,0.440406501293182,0.468727618455887,-0.0547504872083664,-0.0729144066572189,-0.222003132104874,0.328687161207199,-0.0547522008419037,-0.0729122012853622,-0.0547504872083664,-0.0729144066572189,0.440405607223511,0.468726694583893,-0.0547521933913231,-0.0729121938347816,-0.222003251314163,0.328688025474548,-0.222003132104874,0.328687161207199,-0.0547521933913231,-0.0729121938347816,0.440403193235397,0.468731611967087,-0.054753951728344,-0.0729099661111832,-0.0547522008419037,-0.0729122012853622,-0.222003251314163,0.328688025474548,-0.054753951728344,-0.0729099661111832,0.440402179956436,0.46873065829277
8.11480045318604,0.440371513366699,0.468545734882355,-0.0547207221388817,-0.0729068294167519,-0.221817538142204,0.328851729631424,-0.0547224693000317,-0.0729046016931534,-0.0547207221388817,-0.0729068294167519,0.44037064909935,0.468544900417328,-0.0547224655747414,-0.0729045942425728,-0.221817672252655,0.328852653503418,-0.221817538142204,0.328851729631424,-0.0547224655747414,-0.0729045942425728,0.440368115901947,0.468549728393555,-0.054724182933569,-0.0729023888707161,-0.0547224693000317,-0.0729046016931534,-0.221817672252655,0.328852653503418,-0.054724182933569,-0.0729023888707161,0.440367251634598,0.468548864126205
8.11540031433105,0.440336227416992,0.46836394071579,-0.0546910017728806,-0.0728992372751236,-0.221631705760956,0.329016298055649,-0.0546927526593208,-0.0728970021009445,-0.0546910017728806,-0.0728992372751236,0.440335273742676,0.468363106250763,-0.0546927489340305,-0.0728970021009445,-0.221631839871407,0.32901719212532,-0.221631705760956,0.329016298055649,-0.0546927489340305,-0.0728970021009445,0.44033282995224,0.468367874622345,-0.0546944998204708,-0.072894774377346,-0.0546927526593208,-0.0728970021009445,-0.221631839871407,0.32901719212532,-0.0546944998204708,-0.072894774377346,0.440331965684891,0.468367040157318
8.11600017547607,0.440300762653351,0.468182116746902,-0.0546613112092018,-0.0728916525840759,-0.221445754170418,0.329180777072906,-0.0546630546450615,-0.0728894248604774,-0.0546613112092018,-0.0728916525840759,0.440299779176712,0.468181282281876,-0.0546630509197712,-0.0728894174098969,-0.221445888280869,0.329181700944901,-0.221445754170418,0.329180777072906,-0.0546630509197712,-0.0728894174098969,0.440297365188599,0.468186110258102,-0.0546647645533085,-0.0728872045874596,-0.0546630173921585,-0.0728894397616386,-0.221445888280869,0.329181700944901,-0.0546647645533085,-0.0728872045874596,0.440296500921249,0.468185216188431
8.11660003662109,0.440264999866486,0.468000411987305,-0.054631594568491,-0.0728841125965118,-0.221259519457817,0.329345226287842,-0.0546333380043507,-0.0728818699717522,-0.054631594568491,-0.0728841125965118,0.440264105796814,0.467999458312988,-0.0546333305537701,-0.0728818625211716,-0.221259474754333,0.329346209764481,-0.221259519457817,0.329345226287842,-0.0546333305537701,-0.0728818625211716,0.440261662006378,0.468004405498505,-0.0546350851655006,-0.0728796496987343,-0.0546333380043507,-0.0728818699717522,-0.221259474754333,0.329346209764481,-0.0546350851655006,-0.0728796496987343,0.440260767936707,0.468003451824188
8.11719989776611,0.440229266881943,0.467818439006805,-0.0546018965542316,-0.0728765651583672,-0.221073001623154,0.329509735107422,-0.0546036399900913,-0.0728743299841881,-0.0546018965542316,-0.0728765651583672,0.440228372812271,0.467817485332489,-0.054603636264801,-0.0728743225336075,-0.221073120832443,0.329510569572449,-0.221073001623154,0.329509735107422,-0.054603636264801,-0.0728743225336075,0.440225869417191,0.467822432518005,-0.054605383425951,-0.0728721022605896,-0.0546036399900913,-0.0728743299841881,-0.221073120832443,0.329510569572449,-0.054605383425951,-0.0728721022605896,0.440224975347519,0.467821478843689
8.11779975891113,0.440192848443985,0.46763676404953,-0.0545722208917141,-0.0728690251708031,-0.220886379480362,0.32967409491539,-0.0545739568769932,-0.0728667974472046,-0.0545722208917141,-0.0728690251708031,0.440192013978958,0.467635840177536,-0.0545739531517029,-0.072866789996624,-0.220886498689651,0.329674959182739,-0.220886379480362,0.32967409491539,-0.0545739531517029,-0.072866789996624,0.440189510583878,0.467640787363052,-0.0545757040381432,-0.0728645622730255,-0.0545739568769932,-0.0728667974472046,-0.220886498689651,0.329674959182739,-0.0545757040381432,-0.0728645622730255,0.440188616514206,0.467639833688736
8.11839962005615,0.440156608819962,0.467454850673676,-0.0545425564050674,-0.0728615000844002,-0.220699489116669,0.329838484525681,-0.0545442961156368,-0.0728592649102211,-0.0545425564050674,-0.0728615000844002,0.440155744552612,0.467453956604004,-0.0545442886650562,-0.0728592500090599,-0.220699608325958,0.329839318990707,-0.220699489116669,0.329838484525681,-0.0545442923903465,-0.0728592574596405,0.440153241157532,0.467458844184875,-0.0545460022985935,-0.0728570371866226,-0.0545442923903465,-0.0728592574596405,-0.220699608325958,0.329839318990707,-0.0545460022985935,-0.0728570371866226,0.440152108669281,0.467458128929138
8.11900043487549,0.440119713544846,0.467273265123367,-0.0545128770172596,-0.0728539824485779,-0.220512464642525,0.330002754926682,-0.054514616727829,-0.0728517472743988,-0.0545128770172596,-0.0728539824485779,0.440118819475174,0.467272311449051,-0.0545146130025387,-0.0728517398238182,-0.220512598752975,0.330003648996353,-0.220512464642525,0.330002754926682,-0.0545146130025387,-0.0728517398238182,0.440116316080093,0.46727728843689,-0.0545163527131081,-0.0728495121002197,-0.054514616727829,-0.0728517472743988,-0.220512598752975,0.330003648996353,-0.0545163564383984,-0.0728495195508003,0.440115422010422,0.467276334762573
8.11960029602051,0.440082907676697,0.467091351747513,-0.0544832497835159,-0.0728464797139168,-0.220325171947479,0.330167025327682,-0.0544849522411823,-0.0728442519903183,-0.0544832497835159,-0.0728464797139168,0.440082043409348,0.467090457677841,-0.054484948515892,-0.0728442445397377,-0.220325291156769,0.330167889595032,-0.220325171947479,0.330167025327682,-0.054484948515892,-0.0728442445397377,0.440079569816589,0.467095404863358,-0.0544866919517517,-0.0728420242667198,-0.0544849522411823,-0.0728442519903183,-0.220325291156769,0.330167889595032,-0.0544866919517517,-0.0728420242667198,0.440078675746918,0.467094451189041
8.12020015716553,0.440045773983002,0.466909646987915,-0.0544535703957081,-0.0728389993309975,-0.220137774944305,0.330331236124039,-0.0544553101062775,-0.0728367641568184,-0.0544535741209984,-0.0728390067815781,0.44004487991333,0.466908693313599,-0.0544553063809872,-0.0728367567062378,-0.220137730240822,0.330332189798355,-0.220137774944305,0.330331236124039,-0.0544553063809872,-0.0728367567062378,0.440042406320572,0.466913640499115,-0.054457038640976,-0.0728345364332199,-0.0544553101062775,-0.0728367641568184,-0.220137730240822,0.330332189798355,-0.0544570423662663,-0.0728345364332199,0.440041273832321,0.466912865638733
8.12080001831055,0.440008252859116,0.466728031635284,-0.0544239468872547,-0.0728315412998199,-0.219950079917908,0.33049538731575,-0.0544256828725338,-0.0728292912244797,-0.0544239468872547,-0.0728315412998199,0.440007358789444,0.466727077960968,-0.0544256791472435,-0.0728292912244797,-0.219950050115585,0.330496400594711,-0.219950079917908,0.33049538731575,-0.0544256791472435,-0.0728292912244797,0.440005093812943,0.466731816530228,-0.0544274114072323,-0.07282704859972,-0.0544256828725338,-0.0728292912244797,-0.219950050115585,0.330496400594711,-0.0544274114072323,-0.07282704859972,0.440004199743271,0.466730862855911
8.12139987945557,0.439970791339874,0.466546088457108,-0.0543943010270596,-0.0728240683674812,-0.21976213157177,0.330659598112106,-0.0543960332870483,-0.0728218257427216,-0.0543943010270596,-0.0728240683674812,0.439969927072525,0.466545164585114,-0.054396029561758,-0.072821818292141,-0.219762250781059,0.330660462379456,-0.21976213157177,0.330659598112106,-0.054396029561758,-0.072821818292141,0.439967423677444,0.46655011177063,-0.0543977692723274,-0.0728195831179619,-0.0543960332870483,-0.0728218257427216,-0.219762250781059,0.330660462379456,-0.0543977692723274,-0.0728195831179619,0.439966559410095,0.466549187898636
8.12199974060059,0.439932763576508,0.466364502906799,-0.0543647110462189,-0.0728166252374649,-0.219574064016342,0.330823659896851,-0.0543664395809174,-0.072814367711544,-0.0543647110462189,-0.0728166252374649,0.439931899309158,0.466363579034805,-0.0543664358556271,-0.072814367711544,-0.219574153423309,0.330824553966522,-0.219574064016342,0.330823659896851,-0.0543664358556271,-0.072814367711544,0.4399294257164,0.466368526220322,-0.0543681345880032,-0.0728121399879456,-0.0543664395809174,-0.072814367711544,-0.219574153423309,0.330824553966522,-0.0543681345880032,-0.0728121399879456,0.439928531646729,0.466367572546005
8.12259960174561,0.439894616603851,0.466182857751846,-0.0543351024389267,-0.0728091821074486,-0.21938568353653,0.330987721681595,-0.0543367974460125,-0.0728069469332695,-0.0543351024389267,-0.0728091821074486,0.439893782138824,0.466181963682175,-0.0543367937207222,-0.0728069394826889,-0.21938581764698,0.330988615751266,-0.21938568353653,0.330987721681595,-0.0543367937207222,-0.0728069394826889,0.439891487360001,0.466186672449112,-0.054338525980711,-0.0728046968579292,-0.0543367974460125,-0.0728069469332695,-0.21938581764698,0.330988615751266,-0.054338525980711,-0.0728046968579292,0.439890623092651,0.466185748577118
8.12320041656494,0.439856559038162,0.466000944375992,-0.0543054714798927,-0.072801761329174,-0.219197064638138,0.331151813268661,-0.0543072000145912,-0.0727995187044144,-0.0543055087327957,-0.0728017538785934,0.439855664968491,0.465999990701675,-0.0543071962893009,-0.0727995112538338,-0.219197198748589,0.331152707338333,-0.219197064638138,0.331151813268661,-0.0543071962893009,-0.0727995112538338,0.439853191375732,0.466004937887192,-0.0543089285492897,-0.0727972686290741,-0.0543072000145912,-0.0727995187044144,-0.219197198748589,0.331152707338333,-0.0543089285492897,-0.0727972686290741,0.439852297306061,0.466003984212875
8.12380027770996,0.439817875623703,0.465819329023361,-0.0542759038507938,-0.0727943554520607,-0.219008460640907,0.331315696239471,-0.054277628660202,-0.0727921053767204,-0.0542759038507938,-0.0727943554520607,0.439816981554031,0.465818375349045,-0.0542776212096214,-0.0727920979261398,-0.219008430838585,0.33131667971611,-0.219008460640907,0.331315696239471,-0.0542776212096214,-0.0727920979261398,0.439814507961273,0.465823352336884,-0.0542793534696102,-0.0727898553013802,-0.054277628660202,-0.0727921053767204,-0.219008430838585,0.33131667971611,-0.0542793534696102,-0.0727898553013802,0.439813643693924,0.46582242846489
8.12440013885498,0.439779043197632,0.465637624263763,-0.0542463101446629,-0.072786957025528,-0.218819454312325,0.331479668617249,-0.0542480312287807,-0.0727847069501877,-0.0542463101446629,-0.072786957025528,0.439778178930283,0.465636730194092,-0.0542480275034904,-0.0727846994996071,-0.218819588422775,0.33148056268692,-0.218819454312325,0.331479668617249,-0.0542480275034904,-0.0727846994996071,0.439775705337524,0.465641647577286,-0.0542497560381889,-0.0727824568748474,-0.0542480312287807,-0.0727847144007683,-0.218819588422775,0.33148056268692,-0.0542497560381889,-0.0727824568748474,0.439774811267853,0.465640693902969
8.125,0.439740121364594,0.465455889701843,-0.0542167350649834,-0.0727795660495758,-0.218630313873291,0.331643551588058,-0.0542184561491013,-0.0727773159742355,-0.0542167350649834,-0.0727795660495758,0.439739197492599,0.465454936027527,-0.054218452423811,-0.0727773085236549,-0.218630433082581,0.331644415855408,-0.218630313873291,0.331643551588058,-0.054218452423811,-0.0727773085236549,0.439736753702164,0.465459883213043,-0.0542201772332191,-0.0727750658988953,-0.0542184561491013,-0.0727773159742355,-0.218630433082581,0.331644415855408,-0.0542201772332191,-0.0727750658988953,0.439735889434814,0.465458959341049
8.12559986114502,0.439700752496719,0.46527424454689,-0.0541871748864651,-0.0727721974253654,-0.218440905213356,0.331807434558868,-0.0541888996958733,-0.0727699398994446,-0.0541871786117554,-0.072772204875946,0.439699858427048,0.465273290872574,-0.054188895970583,-0.072769932448864,-0.218441024422646,0.331808298826218,-0.218440905213356,0.331807434558868,-0.054188895970583,-0.072769932448864,0.439697444438934,0.46527823805809,-0.0541906207799911,-0.0727676898241043,-0.0541888996958733,-0.0727699398994446,-0.218440994620323,0.331808298826218,-0.0541906207799911,-0.0727676898241043,0.439696580171585,0.465277314186096
8.12619972229004,0.439661294221878,0.46509250998497,-0.0541576333343983,-0.0727648288011551,-0.21825136244297,0.331971198320389,-0.0541593618690968,-0.0727625787258148,-0.0541576333343983,-0.0727648288011551,0.439660429954529,0.465091586112976,-0.0541593581438065,-0.0727625712752342,-0.218251332640648,0.331972181797028,-0.21825136244297,0.331971198320389,-0.0541593581438065,-0.0727625712752342,0.439657986164093,0.465096533298492,-0.0541610792279243,-0.072760321199894,-0.0541593618690968,-0.0727625787258148,-0.218251332640648,0.331972181797028,-0.0541610792279243,-0.072760321199894,0.439656853675842,0.465095788240433
8.12679958343506,0.43962150812149,0.464910954236984,-0.0541280768811703,-0.0727574974298477,-0.218061551451683,0.332134932279587,-0.0541298016905785,-0.0727552250027657,-0.0541280768811703,-0.0727574974298477,0.439620584249496,0.464910000562668,-0.0541297942399979,-0.0727552250027657,-0.218061521649361,0.332135915756226,-0.218061551451683,0.332134932279587,-0.0541297942399979,-0.0727552250027657,0.439618140459061,0.464914947748184,-0.0541315153241158,-0.0727529749274254,-0.0541298016905785,-0.0727552250027657,-0.218061521649361,0.332135915756226,-0.0541315153241158,-0.0727529749274254,0.439617276191711,0.464914053678513
8.12740039825439,0.439581543207169,0.464729279279709,-0.0540985390543938,-0.0727501511573792,-0.217871457338333,0.33229872584343,-0.0541002564132214,-0.0727478936314583,-0.0540985390543938,-0.0727501511573792,0.439580619335175,0.464728325605392,-0.0541002526879311,-0.0727478861808777,-0.217871591448784,0.332299619913101,-0.217871457338333,0.33229872584343,-0.0541002526879311,-0.0727478861808777,0.439578175544739,0.464733272790909,-0.054101973772049,-0.0727456361055374,-0.0541002564132214,-0.0727478936314583,-0.217871591448784,0.332299619913101,-0.0541019774973392,-0.072745643556118,0.43957731127739,0.464732348918915
8.12800025939941,0.439541190862656,0.464547723531723,-0.0540690161287785,-0.0727428272366524,-0.217681244015694,0.33246237039566,-0.054070733487606,-0.0727405697107315,-0.0540690161287785,-0.0727428272366524,0.439540326595306,0.464546799659729,-0.0540707297623158,-0.0727405622601509,-0.217681378126144,0.33246323466301,-0.217681244015694,0.33246237039566,-0.0540707297623158,-0.0727405622601509,0.439538091421127,0.464551538228989,-0.0540724508464336,-0.0727383121848106,-0.054070733487606,-0.0727405697107315,-0.217681378126144,0.33246323466301,-0.0540724508464336,-0.0727383121848106,0.439536958932877,0.464550822973251
8.12860012054443,0.439500749111176,0.464366137981415,-0.0540395118296146,-0.0727355182170868,-0.217490926384926,0.332625925540924,-0.0540412291884422,-0.0727332532405853,-0.0540395118296146,-0.0727355182170868,0.439499855041504,0.464365184307098,-0.0540412217378616,-0.0727332532405853,-0.217490881681442,0.332626909017563,-0.217490926384926,0.332625925540924,-0.0540412217378616,-0.0727332532405853,0.439497411251068,0.464370101690292,-0.0540429390966892,-0.0727310031652451,-0.0540412291884422,-0.0727332532405853,-0.217490881681442,0.332626909017563,-0.0540429428219795,-0.0727310106158257,0.439496546983719,0.464369207620621
8.12919998168945,0.439460098743439,0.464184433221817,-0.0540099889039993,-0.0727282091975212,-0.217300176620483,0.332789570093155,-0.0540117062628269,-0.0727259591221809,-0.0540099889039993,-0.0727282091975212,0.439459234476089,0.464183509349823,-0.0540116988122463,-0.0727259516716003,-0.217300280928612,0.332790434360504,-0.217300161719322,0.332789540290833,-0.0540116988122463,-0.0727259516716003,0.439456820487976,0.464188426733017,-0.0540134161710739,-0.0727237015962601,-0.0540117062628269,-0.0727259591221809,-0.217300280928612,0.332790434360504,-0.0540134161710739,-0.0727237015962601,0.439455717802048,0.464187771081924
8.12979984283447,0.4394191801548,0.464002877473831,-0.0539804808795452,-0.0727209374308586,-0.21710929274559,0.332953095436096,-0.0539821945130825,-0.0727186724543571,-0.0539804808795452,-0.0727209374308586,0.439418256282806,0.464001923799515,-0.0539821907877922,-0.0727186724543571,-0.21710941195488,0.332953989505768,-0.21710929274559,0.332953095436096,-0.0539821945130825,-0.0727186724543571,0.439415842294693,0.464006900787354,-0.0539839416742325,-0.0727164074778557,-0.0539821945130825,-0.0727186724543571,-0.21710941195488,0.332953989505768,-0.0539839416742325,-0.0727164074778557,0.439414948225021,0.464005947113037
8.13039970397949,0.439377814531326,0.463821440935135,-0.0539509952068329,-0.0727136582136154,-0.216918304562569,0.33311653137207,-0.0539527349174023,-0.0727113857865334,-0.0539509952068329,-0.0727136582136154,0.439376950263977,0.463820517063141,-0.053952731192112,-0.0727113783359528,-0.216918408870697,0.333117425441742,-0.216918304562569,0.33311653137207,-0.0539527349174023,-0.0727113857865334,0.439374715089798,0.463825255632401,-0.0539544522762299,-0.0727091282606125,-0.0539527051150799,-0.0727114006876945,-0.216918408870697,0.333117425441742,-0.0539544522762299,-0.0727091282606125,0.439373821020126,0.463824301958084
8.13099956512451,0.439336568117142,0.463639706373215,-0.0539215244352818,-0.0727064087986946,-0.216726869344711,0.333280086517334,-0.0539232343435287,-0.072704128921032,-0.0539215244352818,-0.0727064087986946,0.43933567404747,0.463638752698898,-0.0539232306182384,-0.072704128921032,-0.216726958751678,0.333280920982361,-0.216726869344711,0.333280086517334,-0.0539232306182384,-0.072704128921032,0.439333260059357,0.463643759489059,-0.0539249405264854,-0.0727018639445305,-0.0539232343435287,-0.072704128921032,-0.216726958751678,0.333280920982361,-0.0539249405264854,-0.0727018639445305,0.439332157373428,0.463643014431
8.13160037994385,0.439294725656509,0.463458299636841,-0.0538920350372791,-0.0726991519331932,-0.216535449028015,0.333443373441696,-0.0538937784731388,-0.0726968795061111,-0.0538920350372791,-0.0726991519331932,0.43929386138916,0.463457405567169,-0.0538937747478485,-0.0726968720555305,-0.216535583138466,0.333444267511368,-0.216535449028015,0.333443373441696,-0.0538937784731388,-0.0726968795061111,0.439291626214981,0.463462144136429,-0.0538954883813858,-0.0726946219801903,-0.0538937784731388,-0.0726968795061111,-0.216535583138466,0.333444267511368,-0.0538954883813858,-0.0726946219801903,0.439290761947632,0.463461220264435
8.13220024108887,0.439252972602844,0.463276624679565,-0.053862601518631,-0.0726919174194336,-0.21634379029274,0.333606719970703,-0.0538643039762974,-0.0726896375417709,-0.053862601518631,-0.0726919174194336,0.439252108335495,0.463275700807571,-0.0538643002510071,-0.0726896300911903,-0.216343745589256,0.333607703447342,-0.21634379029274,0.333606719970703,-0.0538643002510071,-0.0726896300911903,0.439249694347382,0.463280707597733,-0.0538660138845444,-0.0726873800158501,-0.0538643039762974,-0.0726896375417709,-0.216343745589256,0.333607703447342,-0.0538660138845444,-0.0726873800158501,0.439248561859131,0.463279992341995
8.13280010223389,0.439210623502731,0.463095307350159,-0.0538331493735313,-0.0726846903562546,-0.21615181863308,0.333770036697388,-0.0538348518311977,-0.0726824104785919,-0.0538331493735313,-0.0726846903562546,0.439209759235382,0.463094383478165,-0.0538348481059074,-0.0726824030280113,-0.21615195274353,0.333770930767059,-0.21615181863308,0.333770036697388,-0.0538348481059074,-0.0726824030280113,0.439207583665848,0.463099151849747,-0.0538365580141544,-0.0726801529526711,-0.0538348518311977,-0.0726824104785919,-0.21615195274353,0.333770930767059,-0.0538365580141544,-0.0726801529526711,0.439206719398499,0.463098257780075
8.13339996337891,0.43916842341423,0.46291372179985,-0.0538037121295929,-0.0726774781942368,-0.21595960855484,0.33393332362175,-0.0538054145872593,-0.0726751983165741,-0.0538037121295929,-0.0726774781942368,0.439167529344559,0.462912797927856,-0.0538054071366787,-0.0726751908659935,-0.215959712862968,0.333934217691422,-0.21595960855484,0.33393332362175,-0.0538054071366787,-0.0726751908659935,0.439165115356445,0.462917745113373,-0.0538071170449257,-0.0726729333400726,-0.0538054145872593,-0.0726752057671547,-0.215959712862968,0.333934217691422,-0.0538071170449257,-0.0726729333400726,0.439164221286774,0.462916791439056
8.13399982452393,0.439125806093216,0.462732225656509,-0.053774256259203,-0.0726702809333801,-0.215767249464989,0.334096550941467,-0.0537759549915791,-0.0726680159568787,-0.053774256259203,-0.0726702809333801,0.439124882221222,0.462731271982193,-0.0537759512662888,-0.0726680085062981,-0.215767368674278,0.334097445011139,-0.215767249464989,0.334096550941467,-0.0537759512662888,-0.0726680085062981,0.439122498035431,0.462736278772354,-0.0537776947021484,-0.072665736079216,-0.0537759549915791,-0.0726680159568787,-0.215767368674278,0.334097445011139,-0.0537776947021484,-0.072665736079216,0.439121395349503,0.462735503911972
8.13459968566895,0.439083009958267,0.462550640106201,-0.0537448190152645,-0.0726630985736847,-0.215574771165848,0.334259629249573,-0.0537465550005436,-0.072660818696022,-0.0537448599934578,-0.0726630911231041,0.439082145690918,0.46254974603653,-0.053746547549963,-0.0726608112454414,-0.215574741363525,0.334260612726212,-0.215574771165848,0.334259629249573,-0.0537465550005436,-0.072660818696022,0.439079731702805,0.462554723024368,-0.0537482537329197,-0.0726585388183594,-0.0537465550005436,-0.072660818696022,-0.215574741363525,0.334260612726212,-0.05374825745821,-0.07265854626894,0.439078658819199,0.462553977966309
8.13519954681396,0.439039915800095,0.462369233369827,-0.0537154376506805,-0.0726559162139893,-0.215382039546967,0.334422707557678,-0.0537171326577663,-0.0726536512374878,-0.0537154376506805,-0.0726559162139893,0.439039021730423,0.462368279695511,-0.0537171252071857,-0.0726536363363266,-0.215381994843483,0.334423691034317,-0.215382039546967,0.334422707557678,-0.053717128932476,-0.0726536437869072,0.43903660774231,0.462373286485672,-0.0537188351154327,-0.0726513639092445,-0.053717128932476,-0.0726536437869072,-0.215381994843483,0.334423691034317,-0.0537188351154327,-0.0726513639092445,0.439035475254059,0.46237251162529
8.1358003616333,0.438996434211731,0.462187916040421,-0.0536860339343548,-0.0726487562060356,-0.215189024806023,0.334585785865784,-0.0536877326667309,-0.0726464688777924,-0.0536860339343548,-0.0726487562060356,0.438995540142059,0.462186992168427,-0.0536877289414406,-0.0726464614272118,-0.215189129114151,0.334586679935455,-0.215189024806023,0.334585785865784,-0.0536877289414406,-0.0726464614272118,0.438993126153946,0.462191939353943,-0.053689431399107,-0.0726442039012909,-0.0536877326667309,-0.0726464688777924,-0.215189129114151,0.334586679935455,-0.053689431399107,-0.0726442039012909,0.438992232084274,0.462190985679626
8.13640022277832,0.438952773809433,0.462006509304047,-0.0536566153168678,-0.0726416110992432,-0.214995712041855,0.334748864173889,-0.0536583438515663,-0.0726393237709999,-0.0536566153168678,-0.0726416110992432,0.438951909542084,0.462005585432053,-0.053658340126276,-0.0726393163204193,-0.214995816349983,0.334749758243561,-0.214995712041855,0.334748864173889,-0.053658340126276,-0.0726393163204193,0.438949555158615,0.462010592222214,-0.0536600388586521,-0.0726370438933372,-0.0536583438515663,-0.0726393237709999,-0.214995816349983,0.334749758243561,-0.0536600388586521,-0.0726370438933372,0.438948661088943,0.462009638547897
8.13700008392334,0.438909083604813,0.461825042963028,-0.0536272451281548,-0.0726344659924507,-0.214802265167236,0.334911823272705,-0.0536289438605309,-0.0726321861147881,-0.0536272451281548,-0.0726344659924507,0.438907951116562,0.461824327707291,-0.0536289401352406,-0.0726321861147881,-0.214802399277687,0.334912687540054,-0.214802265167236,0.334911823272705,-0.0536289401352406,-0.0726321861147881,0.438905537128448,0.461829334497452,-0.053630668669939,-0.0726298987865448,-0.0536289438605309,-0.0726321861147881,-0.214802399277687,0.334912687540054,-0.0536306723952293,-0.0726299062371254,0.438904643058777,0.461828380823135
8.13759994506836,0.438864946365356,0.461643755435944,-0.0535978637635708,-0.0726273506879807,-0.214608728885651,0.335074663162231,-0.0535995848476887,-0.0726250484585762,-0.0535978637635708,-0.0726273506879807,0.438864052295685,0.461642801761627,-0.0535995811223984,-0.0726250410079956,-0.214608684182167,0.335075676441193,-0.214608728885651,0.335074663162231,-0.0535995811223984,-0.0726250410079956,0.438861876726151,0.461647570133209,-0.0536012835800648,-0.0726227834820747,-0.0535995848476887,-0.0726250484585762,-0.214608684182167,0.335075676441193,-0.0536012835800648,-0.0726227834820747,0.438860774040222,0.461646795272827
8.13819980621338,0.438820660114288,0.461462259292603,-0.0535684898495674,-0.0726202353835106,-0.214414909482002,0.335237503051758,-0.0535702183842659,-0.0726179406046867,-0.0535684935748577,-0.0726202428340912,0.43881967663765,0.461461424827576,-0.0535702146589756,-0.0726179331541061,-0.214414849877357,0.335238486528397,-0.214414909482002,0.335237503051758,-0.0535702146589756,-0.0726179331541061,0.438817322254181,0.461466372013092,-0.0535719133913517,-0.0726156681776047,-0.0535702146589756,-0.0726179331541061,-0.214414849877357,0.335238486528397,-0.0535719133913517,-0.0726156681776047,0.438816398382187,0.46146547794342
8.1387996673584,0.438776016235352,0.461280912160873,-0.0535391420125961,-0.0726131349802017,-0.21422079205513,0.335400342941284,-0.0535408332943916,-0.0726108476519585,-0.0535391420125961,-0.0726131349802017,0.438775151968002,0.461280077695847,-0.053540825843811,-0.0726108327507973,-0.214220762252808,0.335401326417923,-0.21422079205513,0.335400342941284,-0.0535408295691013,-0.0726108402013779,0.438772797584534,0.461285024881363,-0.0535425543785095,-0.0726085528731346,-0.0535408295691013,-0.0726108402013779,-0.214220762252808,0.335401326417923,-0.0535425543785095,-0.0726085528731346,0.438771784305573,0.461284160614014
8.13939952850342,0.438731282949448,0.461099594831467,-0.0535097792744637,-0.072606049478054,-0.214026421308517,0.335563153028488,-0.0535114966332912,-0.0726037621498108,-0.0535097792744637,-0.072606049478054,0.438730299472809,0.46109876036644,-0.0535114929080009,-0.0726037546992302,-0.214026510715485,0.33556404709816,-0.214026421308517,0.335563153028488,-0.0535114929080009,-0.0726037546992302,0.43872794508934,0.461103737354279,-0.0535131841897964,-0.0726014599204063,-0.0535114966332912,-0.0726037621498108,-0.214026510715485,0.33556404709816,-0.0535131879150867,-0.0726014673709869,0.438727021217346,0.461102813482285
8.14000034332275,0.438686192035675,0.460918307304382,-0.0534804239869118,-0.0725989788770676,-0.213832065463066,0.335725754499435,-0.0534821450710297,-0.0725966691970825,-0.0534804239869118,-0.0725989788770676,0.438685268163681,0.460917443037033,-0.0534821413457394,-0.0725966691970825,-0.213832005858421,0.335726737976074,-0.213832065463066,0.335725754499435,-0.0534821413457394,-0.0725966691970825,0.43868288397789,0.460922390222549,-0.0534838624298573,-0.0725943818688393,-0.0534821450710297,-0.0725966691970825,-0.213832005858421,0.335726737976074,-0.0534838624298573,-0.0725943818688393,0.438682019710541,0.4609215259552
8.14060020446777,0.438640892505646,0.460737019777298,-0.0534511245787144,-0.0725919008255005,-0.21363727748394,0.33588844537735,-0.0534528084099293,-0.0725896060466766,-0.0534511245787144,-0.0725919008255005,0.438639998435974,0.460736155509949,-0.0534528009593487,-0.0725896060466766,-0.213637217879295,0.335889428853989,-0.21363727748394,0.33588844537735,-0.0534528009593487,-0.0725896060466766,0.438637673854828,0.460741102695465,-0.0534545332193375,-0.072587326169014,-0.0534528084099293,-0.0725896060466766,-0.213637217879295,0.335889428853989,-0.0534545332193375,-0.072587326169014,0.438636660575867,0.460740238428116
8.14120006561279,0.438595414161682,0.460555732250214,-0.0534218102693558,-0.0725848525762558,-0.213442370295525,0.336051046848297,-0.0534234866499901,-0.0725825503468513,-0.0534218102693558,-0.0725848525762558,0.438594400882721,0.460554897785187,-0.0534234829246998,-0.0725825428962708,-0.213442325592041,0.336052030324936,-0.213442370295525,0.336051046848297,-0.0534234829246998,-0.0725825428962708,0.438592165708542,0.460559844970703,-0.0534252114593983,-0.0725802704691887,-0.0534234866499901,-0.0725825652480125,-0.213442325592041,0.336052030324936,-0.0534252114593983,-0.0725802704691887,0.438591182231903,0.460558950901031
8.14179992675781,0.438549667596817,0.460374563932419,-0.0533924736082554,-0.0725778117775917,-0.213247179985046,0.336213618516922,-0.0533941872417927,-0.0725755169987679,-0.0533924736082554,-0.0725778117775917,0.438548654317856,0.460373640060425,-0.0533941835165024,-0.0725755095481873,-0.213247284293175,0.336214512586594,-0.213247179985046,0.336213618516922,-0.0533941835165024,-0.0725755095481873,0.438546299934387,0.460378587245941,-0.0533958747982979,-0.0725732296705246,-0.0533941872417927,-0.0725755169987679,-0.213247284293175,0.336214512586594,-0.0533958747982979,-0.0725732296705246,0.438545376062393,0.460377722978592
8.14239978790283,0.43850365281105,0.460193276405334,-0.0533631555736065,-0.0725707933306694,-0.213051691651344,0.336376190185547,-0.0533648729324341,-0.072568491101265,-0.0533631555736065,-0.0725707933306694,0.438502639532089,0.460192412137985,-0.0533648692071438,-0.0725684836506844,-0.213051810860634,0.336377054452896,-0.213051691651344,0.336376190185547,-0.0533648692071438,-0.0725684836506844,0.43850040435791,0.460197329521179,-0.0533665865659714,-0.0725661963224411,-0.0533648729324341,-0.072568491101265,-0.213051810860634,0.336377054452896,-0.0533665865659714,-0.0725661963224411,0.438499361276627,0.460196495056152
8.14299964904785,0.438457399606705,0.460012078285217,-0.0533338934183121,-0.0725637823343277,-0.212856277823448,0.336538523435593,-0.0533355697989464,-0.0725614801049232,-0.0533338934183121,-0.0725637823343277,0.438456386327744,0.460011214017868,-0.0533355623483658,-0.0725614726543427,-0.212856233119965,0.336539506912231,-0.212856277823448,0.336538523435593,-0.0533355623483658,-0.0725614726543427,0.438454151153564,0.46001610159874,-0.0533372797071934,-0.0725591853260994,-0.0533355697989464,-0.0725614801049232,-0.212856233119965,0.336539506912231,-0.0533372797071934,-0.0725591853260994,0.438453137874603,0.460015267133713
8.14360046386719,0.438410878181458,0.4598308801651,-0.0533046051859856,-0.072556771337986,-0.212660402059555,0.336700975894928,-0.0533062852919102,-0.0725544765591621,-0.0533046051859856,-0.072556771337986,0.438409864902496,0.459830015897751,-0.0533062815666199,-0.0725544691085815,-0.212660506367683,0.336701840162277,-0.212660402059555,0.336700975894928,-0.0533062815666199,-0.0725544691085815,0.43840754032135,0.45983499288559,-0.0533079989254475,-0.0725521817803383,-0.0533062852919102,-0.0725544765591621,-0.212660506367683,0.336701840162277,-0.0533079989254475,-0.0725521817803383,0.438406646251678,0.459834098815918
8.14420032501221,0.438364148139954,0.459649682044983,-0.0532753057777882,-0.0725497901439667,-0.212464421987534,0.336863309144974,-0.0532770194113255,-0.0725474804639816,-0.0532753057777882,-0.0725497901439667,0.438363164663315,0.459648847579956,-0.0532770156860352,-0.072547473013401,-0.21246437728405,0.33686426281929,-0.212464421987534,0.336863309144974,-0.0532770156860352,-0.072547473013401,0.438360869884491,0.459653794765472,-0.0532787330448627,-0.0725451782345772,-0.0532770194113255,-0.0725474804639816,-0.21246437728405,0.33686426281929,-0.0532787330448627,-0.0725451782345772,0.43835985660553,0.459652930498123
8.14480018615723,0.438317120075226,0.459468573331833,-0.0532460547983646,-0.0725428089499474,-0.212268158793449,0.337025612592697,-0.0532477684319019,-0.0725404992699623,-0.0532460622489452,-0.072542816400528,0.438316226005554,0.459467679262161,-0.0532477647066116,-0.0725404918193817,-0.212268248200417,0.337026476860046,-0.212268158793449,0.337025612592697,-0.0532477647066116,-0.0725404918193817,0.438313901424408,0.459472686052322,-0.0532494448125362,-0.0725382044911385,-0.0532477684319019,-0.0725404992699623,-0.212268248200417,0.337026476860046,-0.0532494448125362,-0.0725382044911385,0.438312888145447,0.459471821784973
8.14540004730225,0.438269913196564,0.459287494421005,-0.0532167963683605,-0.0725358426570892,-0.212071761488914,0.337187796831131,-0.0532185025513172,-0.0725335255265236,-0.0532167963683605,-0.0725358426570892,0.43826898932457,0.459286630153656,-0.0532184988260269,-0.072533518075943,-0.212071672081947,0.33718878030777,-0.212071761488914,0.337187796831131,-0.0532184988260269,-0.072533518075943,0.438266664743423,0.459291607141495,-0.0532202050089836,-0.0725312232971191,-0.0532185025513172,-0.0725335404276848,-0.212071672081947,0.33718878030777,-0.0532202050089836,-0.0725312232971191,0.438265711069107,0.459290653467178
8.14599990844727,0.438222497701645,0.459106355905533,-0.0531875416636467,-0.0725288838148117,-0.211875066161156,0.337349981069565,-0.0531892478466034,-0.0725265815854073,-0.0531875416636467,-0.0725288838148117,0.438221484422684,0.459105521440506,-0.0531892441213131,-0.0725265741348267,-0.211875006556511,0.337350964546204,-0.211875051259995,0.337349951267242,-0.0531892441213131,-0.0725265741348267,0.43821918964386,0.459110498428345,-0.0531909540295601,-0.0725242644548416,-0.0531892478466034,-0.0725265815854073,-0.211875006556511,0.337350964546204,-0.0531909540295601,-0.0725242644548416,0.438218265771866,0.459109574556351
8.14659976959229,0.43817475438118,0.458925306797028,-0.053158313035965,-0.0725219622254372,-0.211678117513657,0.337512135505676,-0.0531600154936314,-0.0725196301937103,-0.053158313035965,-0.0725219398736954,0.438173860311508,0.458924412727356,-0.0531600080430508,-0.0725196301937103,-0.211678206920624,0.337513029575348,-0.211678117513657,0.337512135505676,-0.0531600080430508,-0.0725196301937103,0.438171535730362,0.458929419517517,-0.0531617216765881,-0.0725173205137253,-0.0531600154936314,-0.0725196301937103,-0.211678206920624,0.337513029575348,-0.0531617216765881,-0.0725173205137253,0.438170492649078,0.458928525447845
8.1471996307373,0.438126742839813,0.458744257688522,-0.0531290955841541,-0.0725150182843208,-0.211481049656868,0.337674200534821,-0.0531307980418205,-0.0725127011537552,-0.0531290955841541,-0.0725150182843208,0.438125818967819,0.458743363618851,-0.0531307905912399,-0.0725126937031746,-0.211480975151062,0.337675184011459,-0.211481049656868,0.337674200534821,-0.0531307905912399,-0.0725126937031746,0.438123524188995,0.458748340606689,-0.0531324669718742,-0.0725103989243507,-0.0531307980418205,-0.0725127011537552,-0.211480975151062,0.337675184011459,-0.0531324706971645,-0.0725103989243507,0.438122510910034,0.45874747633934
8.14780044555664,0.438078612089157,0.458563208580017,-0.0530998632311821,-0.0725081041455269,-0.211283683776855,0.337836265563965,-0.0531015619635582,-0.0725057870149612,-0.0530998632311821,-0.0725081041455269,0.438077598810196,0.458562314510345,-0.0531015582382679,-0.0725057870149612,-0.211283758282661,0.337837129831314,-0.211283683776855,0.337836265563965,-0.0531015582382679,-0.0725057870149612,0.43807527422905,0.458567321300507,-0.0531032644212246,-0.0725034698843956,-0.0531015619635582,-0.0725057870149612,-0.211283758282661,0.337837129831314,-0.0531032644212246,-0.0725034698843956,0.438074380159378,0.458566427230835
8.14840030670166,0.438030123710632,0.458382189273834,-0.0530706495046616,-0.0725011974573135,-0.211086183786392,0.337998151779175,-0.0530723445117474,-0.0724988728761673,-0.0530706495046616,-0.0725011974573135,0.438029110431671,0.458381325006485,-0.0530723407864571,-0.0724988728761673,-0.211086288094521,0.337999075651169,-0.211086183786392,0.337998151779175,-0.0530723407864571,-0.0724988728761673,0.438026815652847,0.458386331796646,-0.0530740469694138,-0.0724965706467628,-0.0530723445117474,-0.0724988728761673,-0.211086288094521,0.337999075651169,-0.0530740469694138,-0.0724965706467628,0.438025891780853,0.458385437726974
8.14900016784668,0.437981456518173,0.458201169967651,-0.0530414506793022,-0.0724942982196808,-0.210888415575027,0.338160067796707,-0.0530431494116783,-0.0724919885396957,-0.0530414544045925,-0.0724943056702614,0.437980473041534,0.458200365304947,-0.053043145686388,-0.0724919810891151,-0.210888370871544,0.338161081075668,-0.210888415575027,0.338160067796707,-0.053043145686388,-0.0724919810891151,0.437978178262711,0.458205342292786,-0.0530448444187641,-0.0724896788597107,-0.0530431494116783,-0.0724919959902763,-0.210888370871544,0.338161081075668,-0.0530448444187641,-0.0724896788597107,0.437977105379105,0.458204418420792
8.1496000289917,0.437932521104813,0.458020240068436,-0.0530122704803944,-0.0724874287843704,-0.2106903642416,0.33832198381424,-0.0530139654874802,-0.0724851042032242,-0.0530122704803944,-0.0724874287843704,0.437931507825851,0.458019405603409,-0.0530139617621899,-0.0724850967526436,-0.21069048345089,0.338322848081589,-0.2106903642416,0.33832198381424,-0.0530139617621899,-0.0724850967526436,0.437929213047028,0.458024382591248,-0.053015660494566,-0.0724827870726585,-0.0530139654874802,-0.0724851042032242,-0.21069048345089,0.338322848081589,-0.053015660494566,-0.0724827870726585,0.437928289175034,0.458023518323898
8.15019989013672,0.437883347272873,0.457839280366898,-0.0529830679297447,-0.0724805593490601,-0.210492208600044,0.33848375082016,-0.0529847629368305,-0.0724782347679138,-0.0529831014573574,-0.0724805444478989,0.437882363796234,0.457838445901871,-0.0529847592115402,-0.0724782347679138,-0.210492312908173,0.338484644889832,-0.210492208600044,0.33848375082016,-0.0529847592115402,-0.0724782347679138,0.43788006901741,0.457843452692032,-0.0529864579439163,-0.0724759176373482,-0.0529847629368305,-0.0724782347679138,-0.210492312908173,0.338484644889832,-0.0529864579439163,-0.0724759176373482,0.437878996133804,0.457842528820038
8.15079975128174,0.437833875417709,0.457658410072327,-0.0529538877308369,-0.0724737122654915,-0.210293889045715,0.338645398616791,-0.0529555790126324,-0.0724713876843452,-0.0529539212584496,-0.0724736973643303,0.437832891941071,0.4576575756073,-0.0529555752873421,-0.0724713802337646,-0.210293844342232,0.33864638209343,-0.210293889045715,0.338645398616791,-0.0529555752873421,-0.0724713802337646,0.437830567359924,0.457662522792816,-0.0529572740197182,-0.0724690705537796,-0.0529555790126324,-0.0724713876843452,-0.210293844342232,0.33864638209343,-0.0529572740197182,-0.0724690705537796,0.43782964348793,0.457661628723145
8.15139961242676,0.437784284353256,0.457477509975433,-0.0529247522354126,-0.0724668502807617,-0.210095182061195,0.338807165622711,-0.0529264472424984,-0.0724645256996155,-0.0529247522354126,-0.0724668502807617,0.437783271074295,0.457476645708084,-0.0529264435172081,-0.0724645182490349,-0.210095256567001,0.33880802989006,-0.210095182061195,0.338807165622711,-0.0529264435172081,-0.0724645182490349,0.437780976295471,0.4574815928936,-0.0529281087219715,-0.0724622160196304,-0.0529264099895954,-0.0724645406007767,-0.210095256567001,0.33880802989006,-0.0529281087219715,-0.0724622160196304,0.437779903411865,0.457480758428574
8.15200042724609,0.437734305858612,0.457296669483185,-0.052895575761795,-0.0724600329995155,-0.209896311163902,0.33896878361702,-0.0528972633183002,-0.0724577084183693,-0.052895575761795,-0.0724600329995155,0.437733292579651,0.457295805215836,-0.0528972595930099,-0.0724577009677887,-0.209896430373192,0.338969677686691,-0.209896311163902,0.33896878361702,-0.0528972595930099,-0.0724577009677887,0.437731057405472,0.457300782203674,-0.052898958325386,-0.0724553838372231,-0.0528972633183002,-0.0724577084183693,-0.209896430373192,0.338969677686691,-0.052898958325386,-0.0724553838372231,0.437730044126511,0.457299947738647
8.15260028839111,0.437684148550034,0.457115828990936,-0.0528664439916611,-0.0724532008171082,-0.209697172045708,0.339130401611328,-0.0528681352734566,-0.0724508762359619,-0.0528664439916611,-0.0724532008171082,0.437683165073395,0.457114905118942,-0.052868127822876,-0.0724508687853813,-0.209697261452675,0.339131265878677,-0.209697172045708,0.339130401611328,-0.052868127822876,-0.0724508687853813,0.437680870294571,0.457120001316071,-0.0528698228299618,-0.0724485516548157,-0.0528681352734566,-0.0724508762359619,-0.209697261452675,0.339131265878677,-0.0528698228299618,-0.0724485516548157,0.437679797410965,0.457119047641754
8.15320014953613,0.437633663415909,0.456934988498688,-0.0528373271226883,-0.0724463909864426,-0.209497913718224,0.339291870594025,-0.0528390146791935,-0.0724440664052963,-0.0528373271226883,-0.0724463909864426,0.437632769346237,0.456934124231339,-0.0528390109539032,-0.0724440589547157,-0.209498003125191,0.339292734861374,-0.209497913718224,0.339291870594025,-0.0528390109539032,-0.0724440589547157,0.437630385160446,0.456939160823822,-0.0528406724333763,-0.0724417418241501,-0.0528390146791935,-0.0724440664052963,-0.209498003125191,0.339292734861374,-0.0528406724333763,-0.0724417418241501,0.437629491090775,0.456938296556473
8.15380001068115,0.437583088874817,0.456754207611084,-0.0528081990778446,-0.0724396035075188,-0.209298372268677,0.339453339576721,-0.0528098829090595,-0.0724372714757919,-0.0528081990778446,-0.0724396035075188,0.437582075595856,0.456753373146057,-0.0528098791837692,-0.0724372640252113,-0.209298461675644,0.33945420384407,-0.209298372268677,0.339453339576721,-0.0528098791837692,-0.0724372640252113,0.437579810619354,0.456758379936218,-0.0528115667402744,-0.0724349394440651,-0.0528098791837692,-0.0724372640252113,-0.209298461675644,0.33945420384407,-0.052811574190855,-0.0724349394440651,0.437578737735748,0.456757485866547
8.15439987182617,0.437532216310501,0.456573456525803,-0.0527790784835815,-0.072432816028595,-0.209098696708679,0.339614689350128,-0.052780769765377,-0.0724304914474487,-0.0527790784835815,-0.072432816028595,0.437531232833862,0.456572622060776,-0.0527807660400867,-0.0724304839968681,-0.209098786115646,0.3396155834198,-0.209098696708679,0.339614689350128,-0.0527807660400867,-0.0724304839968681,0.437528908252716,0.456577599048615,-0.052782416343689,-0.0724281668663025,-0.052780769765377,-0.0724304914474487,-0.209098786115646,0.3396155834198,-0.052782416343689,-0.0724281668663025,0.437527894973755,0.456576764583588
8.15499973297119,0.437481015920639,0.456392765045166,-0.0527499504387379,-0.0724260434508324,-0.208898723125458,0.339776039123535,-0.0527516379952431,-0.0724237188696861,-0.0527499504387379,-0.0724260434508324,0.437480002641678,0.456391900777817,-0.0527516305446625,-0.0724237039685249,-0.208898678421974,0.339777022600174,-0.208898723125458,0.339776039123535,-0.0527516342699528,-0.0724237114191055,0.437477827072144,0.456396847963333,-0.0527533181011677,-0.0724213868379593,-0.0527516342699528,-0.0724237114191055,-0.208898678421974,0.339777022600174,-0.0527533181011677,-0.0724213868379593,0.437476694583893,0.456396013498306
8.15559959411621,0.437429666519165,0.456212043762207,-0.0527208670973778,-0.072419285774231,-0.208698511123657,0.33993735909462,-0.0527225509285927,-0.0724169537425041,-0.0527208670973778,-0.072419285774231,0.437428653240204,0.45621120929718,-0.0527225472033024,-0.0724169537425041,-0.208698600530624,0.339938253164291,-0.208698511123657,0.33993735909462,-0.0527225472033024,-0.0724169537425041,0.43742635846138,0.456216186285019,-0.0527242347598076,-0.0724146291613579,-0.0527225509285927,-0.0724169537425041,-0.208698585629463,0.339938223361969,-0.0527242347598076,-0.0724146291613579,0.437425345182419,0.45621532201767
8.15620040893555,0.4373779296875,0.45603135228157,-0.0526917688548565,-0.0724125355482101,-0.208498120307922,0.340098530054092,-0.0526934526860714,-0.0724102184176445,-0.0526917688548565,-0.0724125355482101,0.437376916408539,0.456030517816544,-0.0526934489607811,-0.0724102109670639,-0.208498239517212,0.340099424123764,-0.208498120307922,0.340098530054092,-0.0526934489607811,-0.0724102109670639,0.437374770641327,0.456035524606705,-0.052695132791996,-0.0724078714847565,-0.0526934526860714,-0.0724102184176445,-0.208498239517212,0.340099424123764,-0.0526951365172863,-0.0724078714847565,0.437373757362366,0.456034660339355
8.15680027008057,0.437326073646545,0.455850720405579,-0.0526626892387867,-0.0724058002233505,-0.20829764008522,0.340259611606598,-0.0526643730700016,-0.0724034756422043,-0.0526626892387867,-0.0724058002233505,0.437325060367584,0.455849856138229,-0.0526643618941307,-0.0724034607410431,-0.208297595381737,0.340260595083237,-0.20829764008522,0.340259611606598,-0.052664365619421,-0.0724034681916237,0.437322825193405,0.455854892730713,-0.0526660494506359,-0.0724011361598969,-0.052664365619421,-0.0724034681916237,-0.208297595381737,0.340260595083237,-0.0526660494506359,-0.0724011361598969,0.437321841716766,0.455854028463364
8.15740013122559,0.437273919582367,0.455670088529587,-0.0526336207985878,-0.0723990872502327,-0.208096712827682,0.340420752763748,-0.0526353046298027,-0.0723967477679253,-0.0526336207985878,-0.0723990872502327,0.437273025512695,0.455669224262238,-0.0526353009045124,-0.0723967403173447,-0.208096817135811,0.340421617031097,-0.208096712827682,0.340420752763748,-0.0526353009045124,-0.0723967403173447,0.437270730733871,0.455674290657043,-0.0526369847357273,-0.072394423186779,-0.0526353046298027,-0.0723967477679253,-0.208096817135811,0.340421617031097,-0.0526369847357273,-0.072394423186779,0.43726971745491,0.455673396587372
8.15799999237061,0.437221586704254,0.455489546060562,-0.052604578435421,-0.0723923668265343,-0.207895681262016,0.340581774711609,-0.0526062548160553,-0.0723900347948074,-0.052604578435421,-0.0723923668265343,0.437220543622971,0.455488651990891,-0.0526062473654747,-0.0723900198936462,-0.207895770668983,0.340582668781281,-0.207895681262016,0.340581774711609,-0.052606251090765,-0.0723900273442268,0.437218308448792,0.455493718385696,-0.0526079311966896,-0.0723876953125,-0.052606251090765,-0.0723900273442268,-0.207895755767822,0.340582668781281,-0.0526079311966896,-0.0723876953125,0.437217265367508,0.455492794513702
8.15859985351563,0.437168896198273,0.455308943986893,-0.0525755137205124,-0.0723856836557388,-0.207694485783577,0.340742707252502,-0.0525771863758564,-0.0723833367228508,-0.0525755137205124,-0.0723856687545776,0.437167972326279,0.455308079719543,-0.0525771826505661,-0.0723833292722702,-0.207694426178932,0.340743690729141,-0.207694485783577,0.340742707252502,-0.0525771826505661,-0.0723833292722702,0.4371657371521,0.455313175916672,-0.0525788590312004,-0.0723809897899628,-0.0525771863758564,-0.0723833367228508,-0.207694426178932,0.340743690729141,-0.0525788590312004,-0.0723809897899628,0.437164723873138,0.455312252044678
8.15919971466064,0.437116086483002,0.45512843132019,-0.052546463906765,-0.0723789930343628,-0.207492873072624,0.340903699398041,-0.052548136562109,-0.0723766461014748,-0.052546463906765,-0.0723789855837822,0.437115043401718,0.455127567052841,-0.0525481328368187,-0.0723766386508942,-0.207492962479591,0.34090456366539,-0.207492873072624,0.340903699398041,-0.0525481328368187,-0.0723766386508942,0.437112808227539,0.455132633447647,-0.052549809217453,-0.0723743066191673,-0.052548136562109,-0.0723766461014748,-0.207492962479591,0.34090456366539,-0.052549809217453,-0.0723743066191673,0.437111794948578,0.455131739377975
8.15979957580566,0.43706288933754,0.454947978258133,-0.0525174327194691,-0.0723723098635674,-0.207291275262833,0.341064453125,-0.0525191053748131,-0.0723699703812599,-0.0525174327194691,-0.0723723098635674,0.437061965465546,0.454947084188461,-0.0525190979242325,-0.0723699629306793,-0.207291215658188,0.341065436601639,-0.207291275262833,0.341064453125,-0.0525190979242325,-0.0723699629306793,0.437059730291367,0.454952150583267,-0.0525207780301571,-0.0723676234483719,-0.0525191053748131,-0.0723699703812599,-0.207291215658188,0.341065436601639,-0.0525207817554474,-0.0723676308989525,0.437058687210083,0.454951226711273
8.160400390625,0.437009572982788,0.454767495393753,-0.0524884201586246,-0.0723656490445137,-0.207089260220528,0.341225296258926,-0.0524900853633881,-0.0723633095622063,-0.0524884201586246,-0.0723656490445137,0.437008559703827,0.454766660928726,-0.0524900816380978,-0.0723633021116257,-0.207089349627495,0.341226190328598,-0.207089260220528,0.341225296258926,-0.0524900816380978,-0.0723633021116257,0.437006324529648,0.45477169752121,-0.0524917617440224,-0.0723609551787376,-0.0524900853633881,-0.0723633095622063,-0.20708917081356,0.341226279735565,-0.0524917617440224,-0.0723609551787376,0.437005251646042,0.454770743846893
8.16100025177002,0.436955899000168,0.454587042331696,-0.0524593852460384,-0.0723590031266212,-0.206887111067772,0.341386049985886,-0.0524610541760921,-0.0723566636443138,-0.0524593852460384,-0.0723590031266212,0.436954975128174,0.454586178064346,-0.0524610877037048,-0.072356641292572,-0.206887021660805,0.341387003660202,-0.206887111067772,0.341386049985886,-0.0524610877037048,-0.072356641292572,0.436952739953995,0.45459121465683,-0.0524627603590488,-0.0723543018102646,-0.0524610541760921,-0.0723566636443138,-0.206887021660805,0.341387003660202,-0.0524627603590488,-0.0723543018102646,0.436951696872711,0.454590320587158
8.16160011291504,0.436902105808258,0.45440661907196,-0.0524303689599037,-0.07235237210989,-0.206684827804565,0.341546654701233,-0.0524320751428604,-0.0723500177264214,-0.0524303689599037,-0.07235237210989,0.436901062726974,0.454405725002289,-0.0524320639669895,-0.0723500028252602,-0.206684738397598,0.341547608375549,-0.206684812903404,0.341546624898911,-0.0524320714175701,-0.0723500102758408,0.436898827552795,0.454410821199417,-0.0524337440729141,-0.0723476707935333,-0.0524320714175701,-0.0723500102758408,-0.206684738397598,0.341547608375549,-0.0524337440729141,-0.0723476707935333,0.436897784471512,0.454409927129745
8.16219997406006,0.436847895383835,0.454226285219193,-0.0524014011025429,-0.0723457336425781,-0.206482097506523,0.341707319021225,-0.0524030737578869,-0.0723433867096901,-0.0524014048278332,-0.0723457410931587,0.436846882104874,0.454225420951843,-0.0524030700325966,-0.0723433718085289,-0.20648218691349,0.341708183288574,-0.206482097506523,0.341707319021225,-0.0524030700325966,-0.0723433718085289,0.436844676733017,0.454230457544327,-0.0524047426879406,-0.0723410397768021,-0.0524030737578869,-0.0723433867096901,-0.20648218691349,0.341708183288574,-0.0524047426879406,-0.0723410397768021,0.436843782663345,0.454229563474655
8.16279983520508,0.436793595552444,0.454045921564102,-0.0523724257946014,-0.0723391175270081,-0.20627923309803,0.341867834329605,-0.0523740909993649,-0.07233677059412,-0.0523724257946014,-0.0723391175270081,0.436792522668839,0.454045087099075,-0.0523740872740746,-0.0723367631435394,-0.206279337406158,0.341868728399277,-0.20627923309803,0.341867834329605,-0.0523740872740746,-0.0723367631435394,0.436790287494659,0.454050123691559,-0.052375752478838,-0.0723344087600708,-0.0523740909993649,-0.07233677059412,-0.206279337406158,0.341868728399277,-0.0523757562041283,-0.0723344087600708,0.436789363622665,0.454049229621887
8.1633996963501,0.43673899769783,0.453865617513657,-0.0523434206843376,-0.0723325163125992,-0.20607627928257,0.34202829003334,-0.0523450896143913,-0.0723301693797112,-0.0523434206843376,-0.0723325163125992,0.436737954616547,0.453864693641663,-0.052345085889101,-0.0723301619291306,-0.206076204776764,0.342029243707657,-0.20607627928257,0.34202829003334,-0.052345085889101,-0.0723301619291306,0.43673574924469,0.453869819641113,-0.0523467846214771,-0.0723278000950813,-0.0523450896143913,-0.0723301693797112,-0.206076204776764,0.342029243707657,-0.0523467883467674,-0.0723278075456619,0.436734676361084,0.453868895769119
8.16399955749512,0.436684101819992,0.453685313463211,-0.0523144751787186,-0.0723259150981903,-0.205873027443886,0.342188686132431,-0.052316140383482,-0.0723235756158829,-0.0523144789040089,-0.0723259225487709,0.436683088541031,0.453684449195862,-0.0523161366581917,-0.0723235681653023,-0.205872923135757,0.342189639806747,-0.205873027443886,0.342188686132431,-0.0523161366581917,-0.0723235681653023,0.436680793762207,0.453689515590668,-0.0523177981376648,-0.0723212137818336,-0.052316140383482,-0.0723235756158829,-0.205872923135757,0.342189639806747,-0.0523177981376648,-0.0723212137818336,0.436679810285568,0.453688681125641
8.16460037231445,0.43662890791893,0.45350506901741,-0.0522855073213577,-0.0723193511366844,-0.205669477581978,0.342349052429199,-0.0522871688008308,-0.0723169818520546,-0.0522855073213577,-0.0723193511366844,0.436627894639969,0.453504204750061,-0.0522871650755405,-0.072316974401474,-0.205669388175011,0.342350035905838,-0.205669477581978,0.342349052429199,-0.0522871650755405,-0.072316974401474,0.43662565946579,0.453509241342545,-0.052288830280304,-0.0723146349191666,-0.0522871688008308,-0.0723169818520546,-0.205669388175011,0.342350035905838,-0.052288830280304,-0.0723146349191666,0.436624765396118,0.453508406877518
8.16520023345947,0.436573565006256,0.453324854373932,-0.0522565618157387,-0.0723127797245979,-0.20546580851078,0.342509329319,-0.0522582232952118,-0.0723104253411293,-0.0522565618157387,-0.0723127797245979,0.436572641134262,0.453323990106583,-0.0522582121193409,-0.0723104104399681,-0.205465704202652,0.342510253190994,-0.205465793609619,0.342509299516678,-0.0522582158446312,-0.0723104178905487,0.436570405960083,0.453329056501389,-0.0522598773241043,-0.0723080635070801,-0.0522582158446312,-0.0723104178905487,-0.205465704202652,0.342510253190994,-0.0522599145770073,-0.0723080560564995,0.436569392681122,0.453328222036362
8.16580009460449,0.436517894268036,0.453144699335098,-0.0522275939583778,-0.0723062306642532,-0.205261841416359,0.342669516801834,-0.0522292852401733,-0.072303868830204,-0.0522275939583778,-0.0723062306642532,0.436516970396042,0.453143835067749,-0.052229281514883,-0.0723038613796234,-0.205261915922165,0.342670410871506,-0.205261841416359,0.342669516801834,-0.052229281514883,-0.0723038613796234,0.43651482462883,0.453148901462555,-0.0522309467196465,-0.0723015069961548,-0.0522292852401733,-0.072303868830204,-0.205261915922165,0.342670410871506,-0.0522309467196465,-0.0723015069961548,0.436513751745224,0.453148037195206
8.16639995574951,0.436462163925171,0.452964544296265,-0.0521986819803715,-0.0722996816039085,-0.205057591199875,0.34282973408699,-0.0522003397345543,-0.0722973272204399,-0.0521986819803715,-0.0722996816039085,0.436461120843887,0.452963650226593,-0.052200336009264,-0.0722973197698593,-0.205057680606842,0.34283059835434,-0.205057591199875,0.34282973408699,-0.052200336009264,-0.0722973197698593,0.436458915472031,0.452968716621399,-0.0522020272910595,-0.0722949653863907,-0.0522003397345543,-0.0722973272204399,-0.205057680606842,0.34283059835434,-0.0522020272910595,-0.0722949653863907,0.436457872390747,0.45296785235405
8.16699981689453,0.436406046152115,0.452784389257431,-0.0521697476506233,-0.0722931548953056,-0.204853221774101,0.342989802360535,-0.0521714352071285,-0.0722907856106758,-0.052169781178236,-0.0722931399941444,0.436405003070831,0.452783554792404,-0.0521714314818382,-0.0722907781600952,-0.20485332608223,0.342990696430206,-0.204853221774101,0.342989802360535,-0.0521714314818382,-0.0722907781600952,0.436402827501297,0.452788680791855,-0.0521730966866016,-0.0722884237766266,-0.0521714352071285,-0.0722907856106758,-0.20485332608223,0.342990696430206,-0.0521730966866016,-0.0722884237766266,0.436401754617691,0.452787727117538
8.16759967803955,0.43634968996048,0.452604323625565,-0.0521408654749393,-0.0722866281867027,-0.204648584127426,0.343149840831757,-0.0521425157785416,-0.0722842663526535,-0.0521408654749393,-0.0722866281867027,0.436348646879196,0.452603489160538,-0.0521425120532513,-0.0722842663526535,-0.204648658633232,0.343150734901428,-0.204648584127426,0.343149840831757,-0.0521425120532513,-0.0722842663526535,0.436346441507339,0.452608555555344,-0.0521441735327244,-0.0722819045186043,-0.0521425157785416,-0.0722842663526535,-0.204648658633232,0.343150734901428,-0.0521441735327244,-0.0722819045186043,0.436345398426056,0.452607691287994
8.16819953918457,0.436293065547943,0.452424287796021,-0.0521119683980942,-0.072280116379261,-0.2044438123703,0.343309789896011,-0.0521136187016964,-0.0722777619957924,-0.0521119683980942,-0.072280116379261,0.43629202246666,0.452423453330994,-0.0521136149764061,-0.0722777470946312,-0.204443886876106,0.343310654163361,-0.2044438123703,0.343309789896011,-0.0521136149764061,-0.0722777470946312,0.436289846897125,0.452428549528122,-0.0521152727305889,-0.0722753927111626,-0.0521136187016964,-0.0722777619957924,-0.204443886876106,0.343310654163361,-0.0521152727305889,-0.0722753927111626,0.436288833618164,0.452427595853806
8.16880035400391,0.436236202716827,0.452244281768799,-0.0520830489695072,-0.0722736269235611,-0.204238727688789,0.343469679355621,-0.0520847365260124,-0.0722712576389313,-0.0520830489695072,-0.0722736269235611,0.436235070228577,0.452243447303772,-0.0520847253501415,-0.0722712427377701,-0.204238668084145,0.34347066283226,-0.204238727688789,0.343469679355621,-0.0520847328007221,-0.0722712501883507,0.436232924461365,0.452248513698578,-0.0520863831043243,-0.0722688809037209,-0.0520847328007221,-0.0722712501883507,-0.204238668084145,0.34347066283226,-0.0520863831043243,-0.0722688809037209,0.436231970787048,0.452247619628906
8.16940021514893,0.436179041862488,0.4520643055439,-0.0520541816949844,-0.0722671449184418,-0.204033389687538,0.343629539012909,-0.0520558319985867,-0.0722647681832314,-0.0520541816949844,-0.0722671449184418,0.436178028583527,0.452063471078873,-0.0520558282732964,-0.0722647607326508,-0.204033449292183,0.343630403280258,-0.204033389687538,0.343629539012909,-0.0520558282732964,-0.0722647607326508,0.436175793409348,0.452068537473679,-0.0520575158298016,-0.0722623988986015,-0.0520558319985867,-0.0722647681832314,-0.204033449292183,0.343630403280258,-0.0520575158298016,-0.0722623988986015,0.436174780130386,0.452067673206329
8.17000007629395,0.436121672391891,0.451884359121323,-0.0520252995193005,-0.0722606852650642,-0.203827917575836,0.343789249658585,-0.0520269460976124,-0.0722583085298538,-0.0520252995193005,-0.0722606852650642,0.436120688915253,0.451883524656296,-0.0520269423723221,-0.0722583010792732,-0.203827992081642,0.343790173530579,-0.203827917575836,0.343789249658585,-0.0520269423723221,-0.0722583010792732,0.436118483543396,0.451888620853424,-0.0520286299288273,-0.0722559317946434,-0.0520269460976124,-0.0722583085298538,-0.203827992081642,0.343790173530579,-0.0520286299288273,-0.0722559317946434,0.436117440462112,0.451887756586075
8.17059993743896,0.436064094305038,0.451704472303391,-0.051996435970068,-0.0722542181611061,-0.203622311353683,0.343948870897293,-0.0519980788230896,-0.0722518488764763,-0.051996435970068,-0.0722542181611061,0.4360631108284,0.451703578233719,-0.0519980750977993,-0.0722518414258957,-0.203622221946716,0.343949854373932,-0.203622311353683,0.343948870897293,-0.0519980750977993,-0.0722518414258957,0.436060816049576,0.451708734035492,-0.0519997589290142,-0.0722494721412659,-0.0519980788230896,-0.0722518488764763,-0.203622221946716,0.343949854373932,-0.0519997626543045,-0.0722494795918465,0.436059862375259,0.451707810163498
8.17119979858398,0.436006158590317,0.451524615287781,-0.0519675835967064,-0.0722477659583092,-0.203416258096695,0.344108581542969,-0.0519692301750183,-0.0722453892230988,-0.0519675835967064,-0.0722477659583092,0.436005264520645,0.451523751020432,-0.051969226449728,-0.0722453817725182,-0.20341631770134,0.344109416007996,-0.203416258096695,0.344108581542969,-0.051969226449728,-0.0722453817725182,0.436002999544144,0.45152884721756,-0.0519709065556526,-0.0722430124878883,-0.0519692301750183,-0.0722453892230988,-0.20341631770134,0.344109416007996,-0.0519709102809429,-0.0722430199384689,0.436001926660538,0.451527982950211
8.171799659729,0.435948133468628,0.451344788074493,-0.0519387125968933,-0.072241336107254,-0.203210085630417,0.344268143177032,-0.0519403927028179,-0.0722389593720436,-0.0519387125968933,-0.072241336107254,0.435947060585022,0.451343923807144,-0.0519403852522373,-0.072238951921463,-0.203210145235062,0.344269007444382,-0.203210070729256,0.34426811337471,-0.0519403852522373,-0.072238951921463,0.435944795608521,0.451349020004272,-0.0519420355558395,-0.0722365826368332,-0.0519403927028179,-0.0722389593720436,-0.203210145235062,0.344269007444382,-0.0519420355558395,-0.0722365826368332,0.435943871736526,0.451348185539246
8.17240047454834,0.435889720916748,0.451165020465851,-0.051909901201725,-0.0722349137067795,-0.203003615140915,0.344427645206451,-0.051911536604166,-0.0722325220704079,-0.051909901201725,-0.0722349137067795,0.435888648033142,0.451164126396179,-0.0519115328788757,-0.0722325220704079,-0.203003689646721,0.344428509473801,-0.203003615140915,0.344427645206451,-0.0519115328788757,-0.0722325220704079,0.435886532068253,0.45116925239563,-0.0519132167100906,-0.0722301453351974,-0.051911536604166,-0.0722325220704079,-0.203003689646721,0.344428509473801,-0.0519132167100906,-0.0722301453351974,0.435885459184647,0.451168388128281
8.17300033569336,0.435831189155579,0.450985282659531,-0.0518810637295246,-0.0722285062074661,-0.202797174453735,0.344586968421936,-0.0518827028572559,-0.0722261145710945,-0.0518810637295246,-0.0722285062074661,0.435830026865005,0.450984358787537,-0.0518826991319656,-0.0722261071205139,-0.202797099947929,0.34458789229393,-0.202797174453735,0.344586968421936,-0.0518826991319656,-0.0722261071205139,0.435827851295471,0.45098951458931,-0.0518843792378902,-0.0722237378358841,-0.0518827028572559,-0.0722261145710945,-0.202797099947929,0.34458789229393,-0.0518843792378902,-0.0722237378358841,0.435826927423477,0.450988620519638
8.17360019683838,0.435772240161896,0.45080554485321,-0.0518522448837757,-0.0722220987081528,-0.202590301632881,0.344746351242065,-0.0518539175391197,-0.0722197070717812,-0.0518522448837757,-0.0722220987081528,0.435771226882935,0.450804680585861,-0.0518539138138294,-0.0722196996212006,-0.202590212225914,0.344747245311737,-0.202590301632881,0.344746351242065,-0.0518539138138294,-0.0722196996212006,0.435768961906433,0.45080977678299,-0.051855556666851,-0.0722173228859901,-0.0518539175391197,-0.0722197070717812,-0.202590212225914,0.344747245311737,-0.051855556666851,-0.0722173228859901,0.435768008232117,0.45080891251564
8.1742000579834,0.435713142156601,0.450625866651535,-0.0518234446644783,-0.0722157061100006,-0.202383145689964,0.344905614852905,-0.0518250800669193,-0.072213314473629,-0.0518234446644783,-0.0722157061100006,0.435712069272995,0.450625002384186,-0.051825076341629,-0.072213314473629,-0.202383205294609,0.344906538724899,-0.202383145689964,0.344905614852905,-0.051825076341629,-0.072213314473629,0.435709923505783,0.450630098581314,-0.0518267564475536,-0.0722109451889992,-0.0518250800669193,-0.072213314473629,-0.202383205294609,0.344906538724899,-0.0518267564475536,-0.0722109451889992,0.4357088804245,0.450629234313965
8.17479991912842,0.435653746128082,0.450446248054504,-0.0517946258187294,-0.0722093284130096,-0.202175840735435,0.3450648188591,-0.0517962947487831,-0.0722069442272186,-0.0517946258187294,-0.0722093284130096,0.435652673244476,0.450445353984833,-0.0517962910234928,-0.072206936776638,-0.202175915241241,0.345065742731094,-0.202175840735435,0.3450648188591,-0.0517962910234928,-0.072206936776638,0.435650527477264,0.450450479984283,-0.0517979338765144,-0.0722045674920082,-0.0517962947487831,-0.0722069442272186,-0.202175915241241,0.345065742731094,-0.0517979338765144,-0.0722045674920082,0.435649514198303,0.450449615716934
8.17539978027344,0.435594111680984,0.450266629457474,-0.0517658591270447,-0.0722029581665993,-0.201968431472778,0.345223933458328,-0.0517674908041954,-0.0722005739808083,-0.0517658591270447,-0.0722029581665993,0.435593098402023,0.450265765190125,-0.0517674870789051,-0.0722005665302277,-0.201968342065811,0.345224887132645,-0.201968431472778,0.345223933458328,-0.0517674870789051,-0.0722005665302277,0.435590803623199,0.450270891189575,-0.0517691634595394,-0.0721981897950172,-0.0517674908041954,-0.0722005739808083,-0.201968312263489,0.345224857330322,-0.0517691634595394,-0.0721981897950172,0.435589909553528,0.450269997119904
8.17599964141846,0.43553426861763,0.450087070465088,-0.0517370738089085,-0.0721966102719307,-0.201760545372963,0.345383018255234,-0.0517387054860592,-0.0721942260861397,-0.0517370738089085,-0.0721966102719307,0.435533195734024,0.450086206197739,-0.0517387017607689,-0.0721942186355591,-0.20176063477993,0.345383942127228,-0.201760545372963,0.345383018255234,-0.0517387017607689,-0.0721942186355591,0.435530990362167,0.450091332197189,-0.0517403781414032,-0.0721918419003487,-0.0517387054860592,-0.0721942260861397,-0.20176063477993,0.345383942127228,-0.0517403781414032,-0.0721918419003487,0.435530036687851,0.450090438127518
8.17660045623779,0.435474038124084,0.449907541275024,-0.0517082661390305,-0.0721902772784233,-0.201552554965019,0.345542043447495,-0.0517099387943745,-0.0721878781914711,-0.0517083033919334,-0.0721902623772621,0.43547311425209,0.449906706809998,-0.0517099276185036,-0.0721878707408905,-0.201552614569664,0.345542937517166,-0.201552554965019,0.345542043447495,-0.0517099313437939,-0.0721878707408905,0.435470879077911,0.449911803007126,-0.0517116039991379,-0.0721854791045189,-0.0517099313437939,-0.0721878707408905,-0.201552614569664,0.345542937517166,-0.0517116039991379,-0.0721854791045189,0.435469806194305,0.449910908937454
8.17720031738281,0.435413718223572,0.44972813129425,-0.0516795180737972,-0.0721839442849159,-0.201344445347786,0.345700949430466,-0.0516811832785606,-0.0721815526485443,-0.0516795180737972,-0.0721839442849159,0.435412645339966,0.449727207422256,-0.0516811795532703,-0.0721815451979637,-0.201344341039658,0.34570187330246,-0.201344445347786,0.345700949430466,-0.0516811795532703,-0.0721815451979637,0.435410529375076,0.449732333421707,-0.0516828447580338,-0.0721791535615921,-0.0516811832785606,-0.0721815526485443,-0.201344341039658,0.34570187330246,-0.0516828447580338,-0.0721791535615921,0.43540945649147,0.449731469154358
8.17780017852783,0.435353100299835,0.449548631906509,-0.0516507811844349,-0.0721776187419891,-0.201136022806168,0.34585976600647,-0.0516524091362953,-0.0721752345561981,-0.0516507811844349,-0.0721776187419891,0.435352057218552,0.449547797441483,-0.051652405411005,-0.0721752271056175,-0.2011359333992,0.345860689878464,-0.201136007905006,0.34585976600647,-0.051652405411005,-0.0721752271056175,0.435349851846695,0.449552953243256,-0.0516540743410587,-0.0721728354692459,-0.0516524091362953,-0.0721752345561981,-0.2011359333992,0.345860689878464,-0.0516540743410587,-0.0721728354692459,0.435348778963089,0.449552059173584
8.17840003967285,0.435292184352875,0.44936928153038,-0.0516220293939114,-0.0721713230013847,-0.200927332043648,0.346018522977829,-0.0516236908733845,-0.0721689164638519,-0.0516220293939114,-0.0721713081002235,0.435291111469269,0.449368357658386,-0.0516236834228039,-0.0721689090132713,-0.200927406549454,0.346019446849823,-0.200927332043648,0.346018522977829,-0.0516236834228039,-0.0721689090132713,0.43528887629509,0.449373573064804,-0.0516253188252449,-0.0721665322780609,-0.0516236908733845,-0.0721689164638519,-0.200927406549454,0.346019446849823,-0.0516253188252449,-0.0721665322780609,0.435287922620773,0.44937264919281
8.17899990081787,0.435231000185013,0.449189931154251,-0.0515932887792587,-0.0721650198101997,-0.200718522071838,0.346177279949188,-0.0515949465334415,-0.0721626207232475,-0.0515932887792587,-0.0721650198101997,0.435230046510696,0.449189007282257,-0.0515949428081512,-0.0721626207232475,-0.200718402862549,0.34617817401886,-0.200718507170677,0.346177250146866,-0.0515949428081512,-0.0721626207232475,0.435227811336517,0.449194192886353,-0.0515965819358826,-0.0721602365374565,-0.0515949465334415,-0.0721626207232475,-0.200718402862549,0.34617817401886,-0.0515965819358826,-0.0721602365374565,0.435226768255234,0.449193298816681
8.17959976196289,0.435169696807861,0.449010610580444,-0.0515645667910576,-0.0721587315201759,-0.200509399175644,0.346335887908936,-0.0515662245452404,-0.0721563398838043,-0.0515645667910576,-0.0721587315201759,0.435168623924255,0.44900968670845,-0.0515662208199501,-0.0721563324332237,-0.200509279966354,0.34633681178093,-0.200509399175644,0.346335887908936,-0.0515662208199501,-0.0721563324332237,0.435166388750076,0.449014902114868,-0.0515678562223911,-0.0721539482474327,-0.0515662245452404,-0.0721563398838043,-0.200509279966354,0.34633681178093,-0.0515678562223911,-0.0721539482474327,0.435165375471115,0.449013978242874
8.18019962310791,0.435108006000519,0.448831290006638,-0.0515358671545982,-0.0721524655818939,-0.200299993157387,0.346494436264038,-0.0515374913811684,-0.0721500664949417,-0.0515358671545982,-0.0721524655818939,0.435106992721558,0.448830485343933,-0.0515374839305878,-0.0721500590443611,-0.200300052762032,0.346495360136032,-0.200299978256226,0.346494406461716,-0.0515374839305878,-0.0721500590443611,0.435104727745056,0.448835581541061,-0.0515391491353512,-0.0721476748585701,-0.0515374913811684,-0.0721500664949417,-0.200300052762032,0.346495360136032,-0.0515391491353512,-0.0721476748585701,0.435103744268417,0.448834776878357
8.18080043792725,0.43504598736763,0.44865208864212,-0.0515071451663971,-0.0721461996436119,-0.200090453028679,0.346652954816818,-0.0515087991952896,-0.0721438005566597,-0.0515071451663971,-0.0721461996436119,0.435045093297958,0.448651224374771,-0.0515087954699993,-0.0721438005566597,-0.200090348720551,0.346653878688812,-0.200090453028679,0.346652954816818,-0.0515087954699993,-0.0721438005566597,0.435042858123779,0.448656380176544,-0.0515104569494724,-0.0721413940191269,-0.0515087991952896,-0.0721438005566597,-0.200090348720551,0.346653878688812,-0.0515104569494724,-0.0721413940191269,0.435041785240173,0.448655515909195
8.18140029907227,0.434983879327774,0.448472887277603,-0.0514784418046474,-0.0721399560570717,-0.19988064467907,0.346811354160309,-0.05148009583354,-0.0721375644207001,-0.0514784418046474,-0.0721399560570717,0.43498295545578,0.448472082614899,-0.0514800921082497,-0.0721375569701195,-0.199880689382553,0.34681224822998,-0.19988064467907,0.346811354160309,-0.0514800921082497,-0.0721375569701195,0.434980720281601,0.448477238416672,-0.0514817498624325,-0.0721351504325867,-0.05148009583354,-0.0721375644207001,-0.199880689382553,0.34681224822998,-0.0514817498624325,-0.0721351504325867,0.434979677200317,0.448476314544678
8.18200016021729,0.434921473264694,0.448293775320053,-0.0514497458934784,-0.0721337199211121,-0.199670687317848,0.346969693899155,-0.0514514073729515,-0.0721313133835793,-0.0514497458934784,-0.0721337199211121,0.434920459985733,0.448292881250381,-0.0514514036476612,-0.0721313059329987,-0.199670568108559,0.346970587968826,-0.199670687317848,0.346969693899155,-0.0514514036476612,-0.0721313059329987,0.434918344020844,0.448298037052155,-0.0514530576765537,-0.0721289068460464,-0.0514514073729515,-0.0721313133835793,-0.199670568108559,0.346970587968826,-0.0514530576765537,-0.0721289068460464,0.434917271137238,0.448297172784805
8.1826000213623,0.434858858585358,0.448114633560181,-0.0514210797846317,-0.072127491235733,-0.199460282921791,0.347128003835678,-0.0514227338135242,-0.0721250995993614,-0.051421083509922,-0.0721274986863136,0.434857815504074,0.448113769292831,-0.0514227263629436,-0.0721250846982002,-0.199460342526436,0.34712889790535,-0.199460282921791,0.347128003835678,-0.0514227300882339,-0.0721250921487808,0.43485563993454,0.448118954896927,-0.0514243841171265,-0.072122685611248,-0.0514227300882339,-0.0721250921487808,-0.199460342526436,0.34712889790535,-0.0514243841171265,-0.072122685611248,0.434854567050934,0.448118060827255
8.18319988250732,0.434795886278152,0.447935581207275,-0.051392424851656,-0.0721212849020958,-0.199249908328056,0.34728616476059,-0.0513940416276455,-0.0721188858151436,-0.051392424851656,-0.0721212849020958,0.434794872999191,0.447934746742249,-0.0513940379023552,-0.072118878364563,-0.199249818921089,0.347287088632584,-0.199249908328056,0.34728616476059,-0.0513940379023552,-0.072118878364563,0.434792786836624,0.447939902544022,-0.051395695656538,-0.0721164718270302,-0.0513940416276455,-0.0721188858151436,-0.199249818921089,0.347287088632584,-0.051395695656538,-0.0721164718270302,0.434791713953018,0.447938978672028
8.18379974365234,0.434732705354691,0.447756618261337,-0.0513637512922287,-0.0721150934696198,-0.199039101600647,0.347444325685501,-0.0513654053211212,-0.0721126794815063,-0.0513637512922287,-0.0721150934696198,0.434731781482697,0.447755724191666,-0.0513654015958309,-0.0721126720309258,-0.199039161205292,0.347445219755173,-0.199039101600647,0.347444325685501,-0.0513654015958309,-0.0721126720309258,0.43472957611084,0.447760879993439,-0.0513670481741428,-0.0721102654933929,-0.0513654053211212,-0.0721126794815063,-0.199039161205292,0.347445219755173,-0.0513670481741428,-0.0721102654933929,0.434728503227234,0.447760015726089
8.18439960479736,0.434669256210327,0.447577655315399,-0.0513350926339626,-0.0721088945865631,-0.19882832467556,0.347602307796478,-0.0513367429375648,-0.0721064880490303,-0.0513350926339626,-0.0721088945865631,0.434668302536011,0.447576731443405,-0.0513367392122746,-0.0721064731478691,-0.19882820546627,0.347603261470795,-0.19882832467556,0.347602307796478,-0.0513367392122746,-0.0721064731478691,0.434666097164154,0.447581887245178,-0.0513383857905865,-0.0721040740609169,-0.0513367429375648,-0.0721064880490303,-0.19882820546627,0.347603261470795,-0.0513383857905865,-0.0721040740609169,0.434665083885193,0.447581052780151
8.1850004196167,0.434605687856674,0.447398662567139,-0.0513064526021481,-0.0721027106046677,-0.198617085814476,0.347760260105133,-0.0513081029057503,-0.0721003115177155,-0.0513064526021481,-0.0721027106046677,0.434604644775391,0.447397857904434,-0.05130809918046,-0.0721003040671349,-0.198617145419121,0.347761183977127,-0.198617070913315,0.347760230302811,-0.05130809918046,-0.0721002891659737,0.434602469205856,0.44740304350853,-0.0513097457587719,-0.0720978975296021,-0.0513081029057503,-0.0721003115177155,-0.198617145419121,0.347761183977127,-0.0513097457587719,-0.0720978975296021,0.43460139632225,0.447402119636536
8.18560028076172,0.434541761875153,0.44721981883049,-0.0512778274714947,-0.0720965564250946,-0.198405712842941,0.347918182611465,-0.0512794777750969,-0.0720941424369812,-0.0512778274714947,-0.0720965564250946,0.434540688991547,0.447218954563141,-0.0512794740498066,-0.0720941349864006,-0.198405623435974,0.347919106483459,-0.198405712842941,0.347918182611465,-0.0512794740498066,-0.0720941349864006,0.434538513422012,0.447224140167236,-0.0512811206281185,-0.0720917135477066,-0.0512794777750969,-0.0720941424369812,-0.198405623435974,0.347919106483459,-0.0512811206281185,-0.0720917135477066,0.434537470340729,0.447223246097565
8.18620014190674,0.434477478265762,0.447041034698486,-0.0512491874396801,-0.0720904022455215,-0.198194056749344,0.348076015710831,-0.051250834017992,-0.0720879808068275,-0.0512491874396801,-0.0720904022455215,0.434476405382156,0.447040140628815,-0.0512508265674114,-0.0720879808068275,-0.198193967342377,0.348076939582825,-0.198194056749344,0.348076015710831,-0.0512508265674114,-0.0720879808068275,0.434474378824234,0.44704532623291,-0.0512524768710136,-0.0720855593681335,-0.051250834017992,-0.0720879808068275,-0.198193967342377,0.348076939582825,-0.0512524768710136,-0.0720855593681335,0.43447333574295,0.447044461965561
8.18680000305176,0.434413075447083,0.446862190961838,-0.0512205995619297,-0.0720842555165291,-0.197982281446457,0.348233699798584,-0.0512222461402416,-0.0720818415284157,-0.0512205995619297,-0.0720842555165291,0.434412062168121,0.446861356496811,-0.051222238689661,-0.0720818340778351,-0.197982177138329,0.3482346534729,-0.197982281446457,0.348233699798584,-0.051222238689661,-0.0720818340778351,0.434409826993942,0.446866512298584,-0.0512238517403603,-0.0720794275403023,-0.0512222461402416,-0.0720818415284157,-0.197982177138329,0.3482346534729,-0.0512238517403603,-0.0720794275403023,0.434408783912659,0.446865648031235
8.18739986419678,0.434348344802856,0.446683496236801,-0.0511919930577278,-0.0720781311392784,-0.197770223021507,0.348391383886337,-0.0511936321854591,-0.0720757022500038,-0.0511919930577278,-0.0720781311392784,0.43434727191925,0.44668260216713,-0.0511936284601688,-0.0720756947994232,-0.197770118713379,0.348392307758331,-0.197770223021507,0.348391383886337,-0.0511936284601688,-0.0720756947994232,0.434345155954361,0.44668784737587,-0.0511952750384808,-0.0720732882618904,-0.0511936321854591,-0.0720757022500038,-0.197770118713379,0.348392307758331,-0.0511952750384808,-0.0720732882618904,0.434344202280045,0.446686923503876
8.1879997253418,0.434283465147018,0.446504771709442,-0.0511634014546871,-0.0720720067620277,-0.197557851672173,0.348548918962479,-0.0511650405824184,-0.0720695853233337,-0.0511634014546871,-0.0720720067620277,0.434282302856445,0.446503907442093,-0.0511650331318378,-0.0720695778727531,-0.197557747364044,0.348549902439117,-0.197557851672173,0.348548918962479,-0.0511650331318378,-0.0720695778727531,0.434280246496201,0.446509122848511,-0.0511666759848595,-0.0720671638846397,-0.0511650405824184,-0.0720695853233337,-0.197557747364044,0.348549902439117,-0.0511666797101498,-0.0720671638846397,0.434279173612595,0.446508228778839
8.18859958648682,0.434218257665634,0.446326166391373,-0.0511347912251949,-0.0720659047365189,-0.197345376014709,0.348706483840942,-0.0511364303529263,-0.0720634758472443,-0.0511347912251949,-0.0720659047365189,0.434217095375061,0.446325302124023,-0.051136426627636,-0.0720634683966637,-0.19734525680542,0.348707377910614,-0.197345361113548,0.34870645403862,-0.051136426627636,-0.0720634683966637,0.434215068817139,0.446330487728119,-0.0511380694806576,-0.0720610618591309,-0.0511364303529263,-0.0720634758472443,-0.19734525680542,0.348707377910614,-0.0511380694806576,-0.0720610618591309,0.434213995933533,0.446329653263092
8.18920040130615,0.434152662754059,0.446147561073303,-0.0511062294244766,-0.0720598101615906,-0.1971325725317,0.348863840103149,-0.0511078648269176,-0.072057381272316,-0.0511062294244766,-0.0720598101615906,0.434151589870453,0.446146726608276,-0.0511078611016273,-0.0720573738217354,-0.197132468223572,0.348864823579788,-0.1971325725317,0.348863840103149,-0.0511078611016273,-0.0720573738217354,0.434149563312531,0.446151912212372,-0.0511095076799393,-0.072054959833622,-0.0511078648269176,-0.072057381272316,-0.197132468223572,0.348864823579788,-0.0511095076799393,-0.072054959833622,0.434148490428925,0.446150988340378
8.18980026245117,0.434086978435516,0.445968985557556,-0.0510776527225971,-0.0720537230372429,-0.196919515728951,0.349021255970001,-0.0510792881250381,-0.0720512941479683,-0.0510776527225971,-0.0720537230372429,0.434085935354233,0.445968151092529,-0.0510792843997478,-0.0720512866973877,-0.196919560432434,0.349022150039673,-0.196919515728951,0.349021255970001,-0.0510792843997478,-0.0720512866973877,0.434083729982376,0.445973336696625,-0.0510809198021889,-0.0720488652586937,-0.0510792881250381,-0.0720512941479683,-0.196919560432434,0.349022150039673,-0.0510809198021889,-0.0720488652586937,0.43408277630806,0.445972442626953
8.19040012359619,0.434021025896072,0.445790499448776,-0.0510490946471691,-0.0720476508140564,-0.196706295013428,0.349178463220596,-0.0510507263243198,-0.0720452219247818,-0.0510490946471691,-0.0720476508140564,0.434020012617111,0.445789664983749,-0.0510507225990295,-0.0720452144742012,-0.196706369519234,0.349179446697235,-0.196706295013428,0.349178463220596,-0.0510507225990295,-0.0720452144742012,0.434017837047577,0.445794850587845,-0.0510523617267609,-0.0720427930355072,-0.0510507263243198,-0.0720452219247818,-0.196706369519234,0.349179446697235,-0.0510523617267609,-0.0720427930355072,0.434016793966293,0.445794016122818
8.19099998474121,0.433954745531082,0.445612072944641,-0.051020547747612,-0.0720415860414505,-0.196492969989777,0.349335670471191,-0.0510221756994724,-0.0720391497015953,-0.051020547747612,-0.0720415860414505,0.433953732252121,0.445611208677292,-0.0510221719741821,-0.0720391497015953,-0.196492865681648,0.349336594343185,-0.196492969989777,0.349335670471191,-0.0510221719741821,-0.0720391497015953,0.433951556682587,0.44561642408371,-0.0510238148272038,-0.0720367282629013,-0.0510221756994724,-0.0720391497015953,-0.196492850780487,0.349336564540863,-0.0510238148272038,-0.0720367282629013,0.43395060300827,0.445615500211716
8.19159984588623,0.433888286352158,0.445433706045151,-0.050992026925087,-0.0720355436205864,-0.196279183030128,0.349492758512497,-0.0509936548769474,-0.0720331147313118,-0.050992026925087,-0.0720355436205864,0.433887213468552,0.445432841777802,-0.0509936511516571,-0.0720331072807312,-0.196279242634773,0.349493712186813,-0.196279183030128,0.349492758512497,-0.0509936511516571,-0.0720331072807312,0.433885037899017,0.445438057184219,-0.0509952828288078,-0.0720306783914566,-0.0509936548769474,-0.0720331147313118,-0.196279242634773,0.349493712186813,-0.0509952828288078,-0.0720306783914566,0.433884084224701,0.445437133312225
8.19219970703125,0.433821499347687,0.44525533914566,-0.0509634763002396,-0.0720295011997223,-0.196065291762352,0.34964981675148,-0.0509651042521,-0.0720270723104477,-0.0509634763002396,-0.0720295011997223,0.433820426464081,0.445254445075989,-0.0509651005268097,-0.0720270648598671,-0.196065336465836,0.349650710821152,-0.196065291762352,0.34964981675148,-0.0509651005268097,-0.0720270648598671,0.433818370103836,0.445259690284729,-0.0509667359292507,-0.0720246434211731,-0.0509651042521,-0.0720270723104477,-0.196065336465836,0.349650710821152,-0.0509667359292507,-0.0720246434211731,0.433817356824875,0.445258796215057
8.19279956817627,0.433754503726959,0.445077002048492,-0.0509349480271339,-0.0720234811306,-0.195851236581802,0.349806755781174,-0.0509365759789944,-0.0720210522413254,-0.0509349480271339,-0.0720234811306,0.433753430843353,0.445076137781143,-0.0509365722537041,-0.0720210447907448,-0.195851117372513,0.34980770945549,-0.195851236581802,0.349806755781174,-0.0509365722537041,-0.0720210447907448,0.433751434087753,0.445081353187561,-0.0509382337331772,-0.072018601000309,-0.0509365759789944,-0.0720210522413254,-0.195851117372513,0.34980770945549,-0.0509382337331772,-0.072018601000309,0.433750241994858,0.445080488920212
8.19340038299561,0.433687269687653,0.444898754358292,-0.0509064719080925,-0.0720174536108971,-0.195636913180351,0.349963575601578,-0.0509080961346626,-0.0720150172710419,-0.0509064719080925,-0.0720174536108971,0.433686256408691,0.444897919893265,-0.050908088684082,-0.0720150172710419,-0.195636793971062,0.349964559078217,-0.195636913180351,0.349963575601578,-0.050908088684082,-0.0720150172710419,0.433684080839157,0.44490310549736,-0.0509097203612328,-0.0720125883817673,-0.0509080961346626,-0.0720150172710419,-0.195636793971062,0.349964559078217,-0.0509097203612328,-0.0720125883817673,0.433683007955551,0.444902271032333
8.19400024414063,0.4336197078228,0.444720566272736,-0.050877969712019,-0.0720114484429359,-0.195422291755676,0.350120395421982,-0.0508795976638794,-0.0720090121030807,-0.050877969712019,-0.0720114484429359,0.433618694543839,0.444719702005386,-0.0508795939385891,-0.0720090046525002,-0.195422157645226,0.350121378898621,-0.195422276854515,0.350120395421982,-0.0508795939385891,-0.0720090046525002,0.433616638183594,0.444724947214127,-0.0508812256157398,-0.0720065757632256,-0.0508795976638794,-0.0720090121030807,-0.195422157645226,0.350121378898621,-0.0508812256157398,-0.0720065757632256,0.433615565299988,0.444724053144455
8.19460010528564,0.433552026748657,0.444542437791824,-0.0508494563400745,-0.072005458176136,-0.195207372307777,0.350277096033096,-0.0508510805666447,-0.0720030218362808,-0.0508494563400745,-0.072005458176136,0.433550864458084,0.444541573524475,-0.0508510768413544,-0.0720030143857002,-0.195207417011261,0.35027801990509,-0.195207357406616,0.350277066230774,-0.0508510768413544,-0.0720030143857002,0.433548837900162,0.444546788930893,-0.0508527085185051,-0.0720005854964256,-0.0508510805666447,-0.0720030218362808,-0.195207417011261,0.35027801990509,-0.0508527085185051,-0.0720005854964256,0.433547794818878,0.444545894861221
8.19519996643066,0.433483988046646,0.444364368915558,-0.0508209578692913,-0.0719994902610779,-0.194992318749428,0.350433707237244,-0.0508226156234741,-0.0719970390200615,-0.0508209578692913,-0.0719994902610779,0.43348291516304,0.444363474845886,-0.0508226118981838,-0.0719970315694809,-0.194992214441299,0.350434690713882,-0.194992318749428,0.350433707237244,-0.0508226118981838,-0.0719970315694809,0.433480799198151,0.444368660449982,-0.0508242435753345,-0.0719946026802063,-0.0508226156234741,-0.0719970390200615,-0.194992214441299,0.350434690713882,-0.0508242435753345,-0.0719946026802063,0.433479726314545,0.444367825984955
8.19579982757568,0.433415591716766,0.444186329841614,-0.0507925115525723,-0.0719935148954391,-0.194777145981789,0.350590229034424,-0.0507941357791424,-0.0719910711050034,-0.0507925115525723,-0.0719935148954391,0.43341463804245,0.444185465574265,-0.0507941320538521,-0.0719910711050034,-0.194777026772499,0.35059118270874,-0.194777145981789,0.350590229034424,-0.0507941320538521,-0.0719910711050034,0.43341252207756,0.444190621376038,-0.0507957562804222,-0.0719886347651482,-0.0507941357791424,-0.0719910711050034,-0.194777026772499,0.35059118270874,-0.0507957562804222,-0.0719886347651482,0.433411449193954,0.444189757108688
8.1963996887207,0.433347046375275,0.444008320569992,-0.0507640466094017,-0.0719875618815422,-0.194561511278152,0.350746691226959,-0.0507656633853912,-0.0719851180911064,-0.0507640466094017,-0.0719875618815422,0.433346062898636,0.444007456302643,-0.0507656596601009,-0.0719851106405258,-0.194561406970024,0.350747644901276,-0.194561511278152,0.350746691226959,-0.0507656596601009,-0.0719851106405258,0.433344036340714,0.444012641906738,-0.0507672876119614,-0.07198266685009,-0.0507656633853912,-0.0719851180911064,-0.194561406970024,0.350747644901276,-0.0507672876119614,-0.07198266685009,0.433342844247818,0.444011777639389
8.19699954986572,0.433278322219849,0.443830370903015,-0.0507355630397797,-0.0719816237688065,-0.194345757365227,0.350903064012527,-0.0507372170686722,-0.0719791650772095,-0.0507356002926826,-0.0719816088676453,0.433277308940887,0.443829476833344,-0.0507372096180916,-0.0719791576266289,-0.19434580206871,0.350903987884521,-0.194345757365227,0.350903064012527,-0.0507372096180916,-0.0719791576266289,0.433275192975998,0.443834722042084,-0.0507388338446617,-0.0719767212867737,-0.0507372170686722,-0.0719791650772095,-0.19434580206871,0.350903987884521,-0.0507388338446617,-0.0719767212867737,0.433274120092392,0.443833827972412
8.19760036468506,0.433209270238876,0.443652480840683,-0.0507071353495121,-0.0719756782054901,-0.19412986934185,0.351059347391129,-0.0507087521255016,-0.0719732344150543,-0.0507071353495121,-0.0719756782054901,0.43320819735527,0.443651616573334,-0.0507087409496307,-0.0719732269644737,-0.194129765033722,0.351060330867767,-0.19412986934185,0.351059347391129,-0.050708781927824,-0.0719732120633125,0.433206081390381,0.443656831979752,-0.0507103987038136,-0.0719707757234573,-0.050708744674921,-0.0719732344150543,-0.194129765033722,0.351060330867767,-0.0507103987038136,-0.0719707757234573,0.433205008506775,0.443655908107758
8.19820022583008,0.433139950037003,0.443474680185318,-0.0506787151098251,-0.0719697549939156,-0.193913519382477,0.351215571165085,-0.0506803318858147,-0.0719673037528992,-0.0506787151098251,-0.0719697549939156,0.433138877153397,0.443473815917969,-0.0506803244352341,-0.0719672963023186,-0.19391356408596,0.351216495037079,-0.193913519382477,0.351215571165085,-0.0506803281605244,-0.0719673037528992,0.433136761188507,0.443479001522064,-0.0506819449365139,-0.0719648525118828,-0.0506803281605244,-0.0719673037528992,-0.19391356408596,0.351216495037079,-0.0506819449365139,-0.0719648525118828,0.433135688304901,0.443478107452393
8.1988000869751,0.43307039141655,0.443296909332275,-0.0506502836942673,-0.0719638466835022,-0.193697214126587,0.351371675729752,-0.0506518967449665,-0.0719614028930664,-0.0506502836942673,-0.0719638466835022,0.433069318532944,0.443296015262604,-0.0506518930196762,-0.0719613954424858,-0.193697094917297,0.351372599601746,-0.193697214126587,0.351371675729752,-0.0506518930196762,-0.0719613954424858,0.433067202568054,0.443301230669022,-0.0506535060703754,-0.0719589367508888,-0.0506518967449665,-0.0719614028930664,-0.193697094917297,0.351372599601746,-0.0506535060703754,-0.0719589367508888,0.433066129684448,0.44330033659935
8.19939994812012,0.433000445365906,0.443119138479233,-0.0506218671798706,-0.07195795327425,-0.1934804469347,0.351527720689774,-0.0506234727799892,-0.0719555020332336,-0.0506218671798706,-0.07195795327425,0.432999402284622,0.443118304014206,-0.0506234690546989,-0.071955494582653,-0.193480312824249,0.35152867436409,-0.193480432033539,0.351527690887451,-0.0506234690546989,-0.071955494582653,0.432997316122055,0.443123549222946,-0.0506250895559788,-0.0719530358910561,-0.0506234727799892,-0.0719555020332336,-0.193480312824249,0.35152867436409,-0.0506250895559788,-0.0719530358910561,0.432996362447739,0.443122684955597
8.19999980926514,0.432930409908295,0.442941457033157,-0.0505934655666351,-0.0719520598649979,-0.193263545632362,0.351683706045151,-0.0505950711667538,-0.0719496011734009,-0.0505934655666351,-0.0719520598649979,0.432929396629333,0.44294062256813,-0.0505950674414635,-0.0719495937228203,-0.193263426423073,0.351684629917145,-0.193263545632362,0.351683706045151,-0.0505950674414635,-0.0719495937228203,0.432927310466766,0.442945867776871,-0.050596684217453,-0.0719471424818039,-0.0505950711667538,-0.0719496011734009,-0.193263426423073,0.351684629917145,-0.0505966879427433,-0.0719471424818039,0.432926207780838,0.442945003509521
8.20059967041016,0.432860046625137,0.442763864994049,-0.0505650453269482,-0.0719461739063263,-0.193046525120735,0.351839512586594,-0.0505666881799698,-0.0719437152147293,-0.0505650453269482,-0.0719461739063263,0.432859003543854,0.442762970924377,-0.0505666807293892,-0.0719437077641487,-0.193046405911446,0.35184046626091,-0.193046525120735,0.351839512586594,-0.0505666807293892,-0.0719437077641487,0.432856947183609,0.44276824593544,-0.0505682937800884,-0.0719412639737129,-0.0505666881799698,-0.0719437152147293,-0.193046405911446,0.35184046626091,-0.0505682937800884,-0.0719412639737129,0.432855874300003,0.442767351865768
8.20119953155518,0.432789474725723,0.442586302757263,-0.0505366772413254,-0.0719403177499771,-0.192829042673111,0.351995319128036,-0.0505382791161537,-0.0719378590583801,-0.0505366772413254,-0.0719403177499771,0.432788401842117,0.442585438489914,-0.0505382753908634,-0.0719378516077995,-0.19282890856266,0.351996243000031,-0.192829042673111,0.351995319128036,-0.0505382753908634,-0.0719378516077995,0.432786345481873,0.442590713500977,-0.050539892166853,-0.0719354003667831,-0.0505382791161537,-0.0719378590583801,-0.19282890856266,0.351996243000031,-0.050539892166853,-0.0719354003667831,0.432785272598267,0.442589819431305
8.20180034637451,0.432718545198441,0.442408829927444,-0.0505082830786705,-0.0719344615936279,-0.192611411213875,0.352150976657867,-0.0505098961293697,-0.0719319954514503,-0.0505082830786705,-0.0719344615936279,0.432717591524124,0.44240790605545,-0.0505098886787891,-0.0719319954514503,-0.192611306905746,0.352151960134506,-0.192611411213875,0.352150976657867,-0.0505098886787891,-0.0719319954514503,0.43271541595459,0.442413240671158,-0.0505114942789078,-0.071929544210434,-0.0505098961293697,-0.0719319954514503,-0.192611306905746,0.352151960134506,-0.0505114942789078,-0.071929544210434,0.432714402675629,0.442412316799164
8.20240020751953,0.432647436857224,0.442231357097626,-0.050479918718338,-0.0719286203384399,-0.192393690347672,0.352306604385376,-0.0504815205931664,-0.0719261541962624,-0.050479918718338,-0.0719286203384399,0.43264639377594,0.442230522632599,-0.0504815168678761,-0.0719261467456818,-0.192393571138382,0.352307558059692,-0.19239367544651,0.352306574583054,-0.0504815168678761,-0.0719261467456818,0.432644307613373,0.442235738039017,-0.050483126193285,-0.0719236955046654,-0.0504815205931664,-0.0719261541962624,-0.192393571138382,0.352307558059692,-0.050483126193285,-0.0719236955046654,0.432643234729767,0.44223490357399
8.20300006866455,0.432576030492783,0.442054003477097,-0.0504515655338764,-0.0719227865338326,-0.19217549264431,0.352462112903595,-0.0504531599581242,-0.0719203278422356,-0.0504515655338764,-0.0719227865338326,0.432574957609177,0.442053079605103,-0.0504531562328339,-0.071920320391655,-0.192175537347794,0.352463066577911,-0.19217549264431,0.352462112903595,-0.0504531562328339,-0.071920320391655,0.432572901248932,0.442058354616165,-0.0504547692835331,-0.0719178542494774,-0.0504531599581242,-0.0719203278422356,-0.192175537347794,0.352463066577911,-0.0504547692835331,-0.0719178542494774,0.432571858167648,0.442057490348816
8.20359992980957,0.432504415512085,0.441876649856567,-0.0504231862723827,-0.0719169676303864,-0.191957160830498,0.352617591619492,-0.0504247918725014,-0.0719145089387894,-0.0504231862723827,-0.0719169676303864,0.432503342628479,0.441875755786896,-0.0504247844219208,-0.0719145014882088,-0.19195719063282,0.352618515491486,-0.191957160830498,0.352617591619492,-0.0504247881472111,-0.0719145089387894,0.432501286268234,0.441881030797958,-0.0504264310002327,-0.0719120427966118,-0.0504247881472111,-0.0719145089387894,-0.19195719063282,0.352618515491486,-0.0504264310002327,-0.0719120427966118,0.432500213384628,0.441880136728287
8.20419979095459,0.432432532310486,0.441699355840683,-0.0503948330879211,-0.0719111710786819,-0.191738694906235,0.352772891521454,-0.0503964647650719,-0.0719086974859238,-0.0503948368132114,-0.0719111710786819,0.43243145942688,0.441698521375656,-0.0503964610397816,-0.0719086900353432,-0.191738739609718,0.352773785591125,-0.191738694906235,0.352772891521454,-0.0503964610397816,-0.0719086900353432,0.432429403066635,0.441703796386719,-0.0503980666399002,-0.0719062238931656,-0.0503964647650719,-0.0719086974859238,-0.191738739609718,0.352773785591125,-0.0503980666399002,-0.0719062238931656,0.432428330183029,0.441702872514725
8.20479965209961,0.43236032128334,0.441522181034088,-0.0503665246069431,-0.0719053670763969,-0.191519945859909,0.352928131818771,-0.0503681264817715,-0.0719028934836388,-0.0503665246069431,-0.0719053670763969,0.432359248399734,0.441521286964417,-0.0503681227564812,-0.0719028860330582,-0.191519811749458,0.35292911529541,-0.191519930958748,0.352928102016449,-0.0503681227564812,-0.0719028860330582,0.43235719203949,0.441526561975479,-0.0503697246313095,-0.0719004273414612,-0.0503681264817715,-0.0719028934836388,-0.191519811749458,0.35292911529541,-0.0503697283565998,-0.0719004347920418,0.432356148958206,0.44152569770813
8.20540046691895,0.432287871837616,0.441345006227493,-0.0503382012248039,-0.0718995779752731,-0.191300898790359,0.353083342313766,-0.050339799374342,-0.071897104382515,-0.0503382012248039,-0.0718995779752731,0.432286888360977,0.441344112157822,-0.0503397956490517,-0.071897104382515,-0.191300928592682,0.353084236383438,-0.191300898790359,0.353083342313766,-0.0503397956490517,-0.071897104382515,0.432284772396088,0.441349387168884,-0.05034139752388,-0.071894645690918,-0.050339799374342,-0.071897104382515,-0.191300928592682,0.353084236383438,-0.05034139752388,-0.071894645690918,0.432283818721771,0.441348522901535
8.20600032806396,0.43221527338028,0.441167861223221,-0.0503098629415035,-0.0718938112258911,-0.19108173251152,0.353238433599472,-0.050311490893364,-0.0718913376331329,-0.0503098629415035,-0.0718938112258911,0.432214140892029,0.441166996955872,-0.0503114834427834,-0.0718913301825523,-0.191081583499908,0.353239357471466,-0.191081717610359,0.35323840379715,-0.0503114834427834,-0.0718913301825523,0.432212173938751,0.441172271966934,-0.0503130853176117,-0.0718888640403748,-0.050311490893364,-0.0718913376331329,-0.191081583499908,0.353239357471466,-0.0503130853176117,-0.0718888640403748,0.432211011648178,0.441171407699585
8.20660018920898,0.432142406702042,0.440990805625916,-0.0502815693616867,-0.0718880519270897,-0.190862238407135,0.353393375873566,-0.0502831637859344,-0.0718855708837509,-0.0502815693616867,-0.0718880370259285,0.432141214609146,0.440989971160889,-0.0502831563353539,-0.0718855634331703,-0.190862283110619,0.35339429974556,-0.190862238407135,0.353393375873566,-0.0502831563353539,-0.0718855634331703,0.432139158248901,0.440995246171951,-0.0502847954630852,-0.0718830972909927,-0.0502831637859344,-0.0718855708837509,-0.190862268209457,0.353394269943237,-0.0502847954630852,-0.0718830972909927,0.432138085365295,0.440994381904602
8.207200050354,0.432069152593613,0.440813899040222,-0.0502532608807087,-0.0718823000788689,-0.190642639994621,0.353548258543015,-0.0502548888325691,-0.0718798190355301,-0.0502532608807087,-0.0718823000788689,0.432068079710007,0.440813004970551,-0.0502548813819885,-0.0718798115849495,-0.190642520785332,0.353549242019653,-0.190642639994621,0.353548258543015,-0.0502548813819885,-0.0718798115849495,0.432066023349762,0.440818279981613,-0.0502564795315266,-0.0718773379921913,-0.0502548888325691,-0.0718798190355301,-0.190642505884171,0.353549212217331,-0.0502564795315266,-0.0718773379921913,0.432064890861511,0.440817415714264
8.20779991149902,0.431995689868927,0.440636962652206,-0.0502249635756016,-0.0718765631318092,-0.190422594547272,0.353703111410141,-0.050226591527462,-0.0718740746378899,-0.0502250008285046,-0.071876548230648,0.431994646787643,0.44063612818718,-0.0502265878021717,-0.0718740671873093,-0.190422624349594,0.353704035282135,-0.190422579646111,0.353703081607819,-0.0502265878021717,-0.0718740671873093,0.431992471218109,0.44064137339592,-0.0502281822264194,-0.0718716084957123,-0.050226591527462,-0.0718740746378899,-0.190422624349594,0.353704035282135,-0.0502281822264194,-0.0718716084957123,0.431991517543793,0.440640509128571
8.20839977264404,0.43192195892334,0.440460115671158,-0.0501967221498489,-0.071870818734169,-0.190202385187149,0.353857845067978,-0.0501983128488064,-0.0718683525919914,-0.0501967258751392,-0.0718708261847496,0.431920886039734,0.440459221601486,-0.0501983091235161,-0.0718683451414108,-0.190202414989471,0.35385873913765,-0.190202385187149,0.353857845067978,-0.0501983091235161,-0.0718683451414108,0.431918740272522,0.440464526414871,-0.0501999408006668,-0.0718658640980721,-0.0501983128488064,-0.0718683525919914,-0.190202414989471,0.35385873913765,-0.0501999408006668,-0.0718658640980721,0.431917786598206,0.4404636323452
8.20899963378906,0.431847989559174,0.440283268690109,-0.0501684285700321,-0.0718651115894318,-0.189982056617737,0.354012459516525,-0.050170049071312,-0.071862630546093,-0.0501684285700321,-0.0718651115894318,0.431846857070923,0.440282434225082,-0.0501700453460217,-0.0718626230955124,-0.189981937408447,0.354013383388519,-0.189982056617737,0.354012459516525,-0.0501700453460217,-0.0718626230955124,0.431844860315323,0.44028776884079,-0.0501716434955597,-0.0718601495027542,-0.050170049071312,-0.071862630546093,-0.189981937408447,0.354013383388519,-0.0501716434955597,-0.0718601495027542,0.431843727827072,0.440286815166473
8.2096004486084,0.431773751974106,0.44010654091835,-0.0501401834189892,-0.0718594044446945,-0.189761444926262,0.354166984558105,-0.0501417703926563,-0.0718569234013557,-0.0501401871442795,-0.0718593969941139,0.4317726790905,0.440105676651001,-0.050141766667366,-0.0718569159507751,-0.189761310815811,0.354167908430099,-0.189761444926262,0.354166984558105,-0.050141766667366,-0.0718569159507751,0.43177056312561,0.440111011266708,-0.0501433908939362,-0.071854442358017,-0.0501417703926563,-0.0718569234013557,-0.189761310815811,0.354167908430099,-0.0501433908939362,-0.071854442358017,0.431769549846649,0.440110087394714
8.21020030975342,0.431699216365814,0.439929902553558,-0.0501119196414948,-0.0718537122011185,-0.189540550112724,0.354321420192719,-0.0501135438680649,-0.0718512311577797,-0.0501119196414948,-0.0718537122011185,0.431698143482208,0.439929008483887,-0.0501135364174843,-0.0718512237071991,-0.189540386199951,0.354322373867035,-0.189540535211563,0.354321390390396,-0.0501135364174843,-0.0718512237071991,0.431696027517319,0.439934283494949,-0.0501151233911514,-0.0718487426638603,-0.0501135438680649,-0.0718512311577797,-0.189540386199951,0.354322373867035,-0.0501151271164417,-0.0718487426638603,0.431695073843002,0.4399334192276
8.21080017089844,0.431624501943588,0.439753293991089,-0.0500836782157421,-0.0718480348587036,-0.189319491386414,0.354475766420364,-0.0500852949917316,-0.071845531463623,-0.0500836782157421,-0.0718480348587036,0.43162328004837,0.439752370119095,-0.0500852912664413,-0.071845531463623,-0.189319357275963,0.354476690292358,-0.189319491386414,0.354475766420364,-0.0500852912664413,-0.071845531463623,0.43162128329277,0.439757704734802,-0.0500868745148182,-0.0718430578708649,-0.0500852949917316,-0.071845531463623,-0.189319357275963,0.354476690292358,-0.0500868745148182,-0.0718430578708649,0.431620210409164,0.439756840467453
8.21140003204346,0.431549400091171,0.439576715230942,-0.0500554442405701,-0.0718423649668694,-0.18909814953804,0.354630053043365,-0.0500570610165596,-0.0718398615717888,-0.0500554442405701,-0.0718423649668694,0.431548327207565,0.439575850963593,-0.050057053565979,-0.0718398541212082,-0.189098015427589,0.354630947113037,-0.18909814953804,0.354630053043365,-0.0500570572912693,-0.0718398541212082,0.431546360254288,0.4395811855793,-0.0500586479902267,-0.0718373879790306,-0.0500570572912693,-0.0718398541212082,-0.189098015427589,0.354630947113037,-0.0500586479902267,-0.0718373879790306,0.431545257568359,0.439580261707306
8.21199989318848,0.431474089622498,0.439400225877762,-0.0500272288918495,-0.0718366950750351,-0.188876509666443,0.354784190654755,-0.0500288456678391,-0.0718342065811157,-0.0500272288918495,-0.0718366950750351,0.431473016738892,0.439399361610413,-0.0500288419425488,-0.0718342065811157,-0.188876554369926,0.354785114526749,-0.188876509666443,0.354784190654755,-0.0500288419425488,-0.0718342065811157,0.431471019983292,0.43940469622612,-0.0500304251909256,-0.0718317180871964,-0.0500288456678391,-0.0718342065811157,-0.188876554369926,0.354785114526749,-0.0500304289162159,-0.0718317180871964,0.431469947099686,0.439403831958771
8.2125997543335,0.431398570537567,0.439223766326904,-0.0499990321695805,-0.0718310549855232,-0.188654750585556,0.354938298463821,-0.050000611692667,-0.0718285590410233,-0.0499990321695805,-0.0718310549855232,0.431397497653961,0.439222931861877,-0.0500006079673767,-0.0718285515904427,-0.188654616475105,0.354939222335815,-0.188654750585556,0.354938298463821,-0.0500006079673767,-0.0718285515904427,0.431395500898361,0.439228266477585,-0.0500022247433662,-0.0718260705471039,-0.050000611692667,-0.0718285590410233,-0.188654616475105,0.354939222335815,-0.0500022247433662,-0.0718260705471039,0.431394428014755,0.439227372407913
8.21319961547852,0.431322783231735,0.439047425985336,-0.0499708130955696,-0.0718254074454308,-0.188432693481445,0.355092227458954,-0.0499724298715591,-0.0718229115009308,-0.0499708130955696,-0.0718254074454308,0.431321710348129,0.439046561717987,-0.0499724261462688,-0.0718229115009308,-0.188432544469833,0.35509318113327,-0.188432693481445,0.355092227458954,-0.0499724261462688,-0.0718229115009308,0.431319743394852,0.439051896333694,-0.0499740019440651,-0.0718204230070114,-0.0499724298715591,-0.0718229115009308,-0.188432544469833,0.35509318113327,-0.0499740019440651,-0.0718204230070114,0.431318581104279,0.439051032066345
8.21380043029785,0.431246697902679,0.438871145248413,-0.0499426163733006,-0.0718197971582413,-0.188210502266884,0.355246126651764,-0.0499442219734192,-0.0718172937631607,-0.0499426163733006,-0.0718197971582413,0.431245625019073,0.438870310783386,-0.0499442182481289,-0.0718172863125801,-0.188210368156433,0.355247110128403,-0.188210502266884,0.355246126651764,-0.0499442182481289,-0.0718172863125801,0.431243628263474,0.438875615596771,-0.0499458387494087,-0.0718147978186607,-0.0499442219734192,-0.0718172937631607,-0.188210368156433,0.355247110128403,-0.0499458387494087,-0.0718147978186607,0.431242436170578,0.4388747215271
8.21440029144287,0.431170403957367,0.438694953918457,-0.0499144271016121,-0.0718141719698906,-0.18798802793026,0.355399936437607,-0.0499160438776016,-0.0718116834759712,-0.0499144643545151,-0.0718141570687294,0.431169301271439,0.438694030046463,-0.0499160327017307,-0.07181166857481,-0.187987864017487,0.355400860309601,-0.18798802793026,0.355399936437607,-0.0499160327017307,-0.07181166857481,0.431167304515839,0.43869936466217,-0.0499176494777203,-0.0718091726303101,-0.0499160401523113,-0.0718116760253906,-0.187987864017487,0.355400860309601,-0.0499176494777203,-0.0718091726303101,0.431166231632233,0.438698470592499
8.21500015258789,0.431093841791153,0.438518762588501,-0.0498862601816654,-0.0718085616827011,-0.187765225768089,0.355553656816483,-0.0498878732323647,-0.0718060657382011,-0.0498862601816654,-0.0718085616827011,0.431092768907547,0.438517868518829,-0.0498878657817841,-0.0718060582876205,-0.187765091657639,0.355554580688477,-0.187765225768089,0.355553656816483,-0.0498878695070744,-0.0718060657382011,0.431090652942657,0.438523203134537,-0.0498894453048706,-0.0718035697937012,-0.0498878695070744,-0.0718060657382011,-0.187765091657639,0.355554580688477,-0.0498894490301609,-0.0718035772442818,0.431089550256729,0.438522309064865
8.21560001373291,0.431016892194748,0.438342660665512,-0.0498581081628799,-0.0718029737472534,-0.187542155385017,0.355707228183746,-0.0498596802353859,-0.0718004778027534,-0.0498581081628799,-0.0718029737472534,0.431015878915787,0.43834176659584,-0.0498596765100956,-0.0718004703521729,-0.187542170286179,0.35570815205574,-0.187542140483856,0.355707198381424,-0.0498596765100956,-0.0718004703521729,0.431013882160187,0.438347101211548,-0.0498612895607948,-0.0717979669570923,-0.0498596802353859,-0.0718004778027534,-0.187542170286179,0.35570815205574,-0.0498612895607948,-0.0717979669570923,0.431012809276581,0.438346236944199
8.21619987487793,0.430939763784409,0.438166588544846,-0.0498299337923527,-0.0717973858118057,-0.187318935990334,0.355860739946365,-0.0498315431177616,-0.0717948898673058,-0.0498299337923527,-0.0717973858118057,0.430938720703125,0.438165724277496,-0.049831535667181,-0.0717948824167252,-0.187318965792656,0.355861663818359,-0.187318935990334,0.355860739946365,-0.049831535667181,-0.0717948824167252,0.430936753749847,0.438171058893204,-0.0498331151902676,-0.0717924013733864,-0.0498315431177616,-0.0717948898673058,-0.187318965792656,0.355861663818359,-0.0498331151902676,-0.0717924013733864,0.430935561656952,0.438170224428177
8.21679973602295,0.430862426757813,0.437990605831146,-0.0498017817735672,-0.0717918276786804,-0.18709559738636,0.356014102697372,-0.0498033873736858,-0.0717893093824387,-0.0498018227517605,-0.0717918127775192,0.430861353874207,0.437989741563797,-0.0498033836483955,-0.0717893019318581,-0.187095463275909,0.356015056371689,-0.18709559738636,0.356014102697372,-0.0498033836483955,-0.0717893019318581,0.430859386920929,0.437995105981827,-0.0498049929738045,-0.0717868134379387,-0.0498033873736858,-0.0717893242835999,-0.187095463275909,0.356015056371689,-0.0498049929738045,-0.0717868134379387,0.430858224630356,0.437994241714478
8.21739959716797,0.43078476190567,0.437814742326736,-0.0497736446559429,-0.0717862620949745,-0.186871975660324,0.356167435646057,-0.0497752502560616,-0.0717837736010551,-0.0497736446559429,-0.0717862620949745,0.430783689022064,0.437813878059387,-0.049775242805481,-0.071783758699894,-0.186871811747551,0.356168389320374,-0.186871975660324,0.356167435646057,-0.0497752465307713,-0.0717837661504745,0.430781722068787,0.437819212675095,-0.0497768521308899,-0.0717812553048134,-0.0497752465307713,-0.0717837661504745,-0.186871811747551,0.356168389320374,-0.0497768521308899,-0.0717812553048134,0.430780678987503,0.437818348407745
8.2180004119873,0.430706977844238,0.437638908624649,-0.0497455224394798,-0.0717807114124298,-0.186648026108742,0.356320649385452,-0.0497471280395985,-0.0717782154679298,-0.0497455261647701,-0.0717807188630104,0.43070575594902,0.437638014554977,-0.0497471205890179,-0.071778193116188,-0.18664787709713,0.356321603059769,-0.186648026108742,0.356320649385452,-0.0497471205890179,-0.071778193116188,0.430703848600388,0.437643349170685,-0.0497487299144268,-0.0717757046222687,-0.0497471243143082,-0.0717782080173492,-0.18664787709713,0.356321603059769,-0.0497487299144268,-0.0717757046222687,0.430702716112137,0.437642484903336
8.21860027313232,0.430628716945648,0.437463134527206,-0.0497174151241779,-0.0717751830816269,-0.186423808336258,0.356473803520203,-0.0497190169990063,-0.0717726647853851,-0.0497174151241779,-0.0717751830816269,0.430627644062042,0.437462270259857,-0.049719013273716,-0.0717726573348045,-0.186423644423485,0.356474727392197,-0.186423808336258,0.356473803520203,-0.049719013273716,-0.0717726573348045,0.430625647306442,0.437467604875565,-0.0497205816209316,-0.0717701613903046,-0.0497190169990063,-0.0717726647853851,-0.186423644423485,0.356474727392197,-0.0497205816209316,-0.0717701613903046,0.430624604225159,0.437466710805893
8.21920013427734,0.430550336837769,0.437287390232086,-0.0496892929077148,-0.071769654750824,-0.186199426651001,0.356626808643341,-0.0496908910572529,-0.0717671364545822,-0.0496892929077148,-0.071769654750824,0.430549263954163,0.437286555767059,-0.0496908836066723,-0.0717671290040016,-0.18619929254055,0.356627762317657,-0.186199426651001,0.356626808643341,-0.0496908836066723,-0.0717671290040016,0.43054723739624,0.437291920185089,-0.0496924892067909,-0.0717646330595016,-0.0496908910572529,-0.0717671439051628,-0.18619929254055,0.356627762317657,-0.0496924892067909,-0.0717646330595016,0.430546134710312,0.437291026115417
8.21979999542236,0.430471658706665,0.437111765146255,-0.0496611855924129,-0.0717641487717628,-0.185974776744843,0.356779754161835,-0.049662783741951,-0.0717616304755211,-0.0496611855924129,-0.0717641487717628,0.430470585823059,0.437110900878906,-0.0496627725660801,-0.0717616230249405,-0.185974627733231,0.356780678033829,-0.185974776744843,0.356779754161835,-0.0496627800166607,-0.0717616230249405,0.430468529462814,0.437116295099258,-0.0496643781661987,-0.0717591270804405,-0.049662783741951,-0.0717616304755211,-0.185974627733231,0.356780678033829,-0.0496643781661987,-0.0717591270804405,0.430467396974564,0.437115401029587
8.22039985656738,0.43039271235466,0.43693619966507,-0.0496331229805946,-0.0717586353421211,-0.185749977827072,0.356932520866394,-0.04963468760252,-0.0717561319470406,-0.0496331229805946,-0.0717586353421211,0.430391639471054,0.43693533539772,-0.0496346838772297,-0.07175612449646,-0.185749843716621,0.356933534145355,-0.185749977827072,0.356932520866394,-0.0496346838772297,-0.07175612449646,0.430389583110809,0.436940729618073,-0.0496362820267677,-0.0717536211013794,-0.04963468760252,-0.0717561319470406,-0.185749843716621,0.356933534145355,-0.0496362820267677,-0.0717536211013794,0.430388480424881,0.436939835548401
8.2209997177124,0.430313438177109,0.436760723590851,-0.0496050119400024,-0.0717531517148018,-0.1855249106884,0.357085257768631,-0.0496066138148308,-0.0717506408691406,-0.0496050119400024,-0.0717531517148018,0.430312365293503,0.436759889125824,-0.0496066026389599,-0.0717506185173988,-0.185524746775627,0.35708624124527,-0.1855249106884,0.357085257768631,-0.0496066026389599,-0.0717506185173988,0.43031045794487,0.436765223741531,-0.0496082045137882,-0.0717481225728989,-0.0496066063642502,-0.0717506408691406,-0.185524746775627,0.35708624124527,-0.0496082045137882,-0.0717481225728989,0.430309355258942,0.436764299869537
8.22159957885742,0.430233955383301,0.436585336923599,-0.0495769530534744,-0.0717476606369019,-0.185299500823021,0.357237905263901,-0.0495785474777222,-0.0717451572418213,-0.0495769530534744,-0.0717476606369019,0.430232912302017,0.43658447265625,-0.0495785437524319,-0.0717451497912407,-0.185299381613731,0.35723888874054,-0.185299500823021,0.357237905263901,-0.0495785437524319,-0.0717451497912407,0.43023094534874,0.436589777469635,-0.0495801381766796,-0.0717426314949989,-0.0495785474777222,-0.0717451572418213,-0.185299381613731,0.35723888874054,-0.0495801381766796,-0.0717426314949989,0.430229753255844,0.436588913202286
8.22220039367676,0.430154234170914,0.436409920454025,-0.0495488718152046,-0.0717422068119049,-0.185073837637901,0.357390463352203,-0.0495504662394524,-0.0717396810650826,-0.0495488718152046,-0.0717422068119049,0.430153161287308,0.436409056186676,-0.0495504587888718,-0.071739673614502,-0.185073852539063,0.357391387224197,-0.185073837637901,0.357390463352203,-0.0495504625141621,-0.0717396810650826,0.430151134729385,0.436414450407028,-0.0495520532131195,-0.0717371702194214,-0.0495504662394524,-0.0717396810650826,-0.185073852539063,0.357391387224197,-0.0495520532131195,-0.0717371702194214,0.430150061845779,0.436413526535034
8.22280025482178,0.430074214935303,0.436234652996063,-0.049520842730999,-0.0717367455363274,-0.18484802544117,0.357542872428894,-0.0495223999023438,-0.0717342272400856,-0.049520842730999,-0.0717367455363274,0.430073171854019,0.436233788728714,-0.0495223961770535,-0.071734219789505,-0.184848040342331,0.35754382610321,-0.18484802544117,0.357542872428894,-0.0495223961770535,-0.071734219789505,0.430071204900742,0.436239123344421,-0.0495239906013012,-0.0717317014932632,-0.0495223999023438,-0.0717342272400856,-0.18484802544117,0.357543796300888,-0.0495239943265915,-0.0717317014932632,0.430070012807846,0.436238288879395
8.2234001159668,0.429993957281113,0.436059474945068,-0.0494927950203419,-0.071731299161911,-0.184622064232826,0.35769522190094,-0.0494943857192993,-0.0717287734150887,-0.0494927950203419,-0.071731299161911,0.429992884397507,0.436058551073074,-0.049494381994009,-0.0717287659645081,-0.184621930122375,0.357696145772934,-0.184622064232826,0.35769522190094,-0.049494381994009,-0.0717287659645081,0.429990977048874,0.436063945293427,-0.0494959391653538,-0.0717262551188469,-0.0494943857192993,-0.0717287734150887,-0.184621930122375,0.357696145772934,-0.0494959391653538,-0.0717262551188469,0.429989844560623,0.436063051223755
8.22399997711182,0.429913461208344,0.435884267091751,-0.0494647659361362,-0.0717258527874947,-0.184395834803581,0.357847422361374,-0.049466323107481,-0.0717233419418335,-0.0494647659361362,-0.0717258527874947,0.429912388324738,0.435883432626724,-0.0494663119316101,-0.0717233344912529,-0.184395685791969,0.35784837603569,-0.184395834803581,0.357847422361374,-0.0494663156569004,-0.0717233344912529,0.429910331964493,0.435888797044754,-0.0494679063558578,-0.0717208087444305,-0.0494663156569004,-0.0717233344912529,-0.184395685791969,0.35784837603569,-0.0494679063558578,-0.0717208087444305,0.429909259080887,0.43588787317276
8.22459983825684,0.429832607507706,0.435709208250046,-0.0494367145001888,-0.0717204362154007,-0.184169292449951,0.357999563217163,-0.0494383051991463,-0.0717179104685783,-0.0494367182254791,-0.0717204436659813,0.429831564426422,0.435708343982697,-0.0494382940232754,-0.0717178955674171,-0.184169143438339,0.358000457286835,-0.184169292449951,0.357999563217163,-0.049438301473856,-0.0717179030179977,0.429829627275467,0.435713738203049,-0.0494398884475231,-0.0717153921723366,-0.0494383051991463,-0.0717179104685783,-0.184169143438339,0.358000457286835,-0.0494398884475231,-0.0717153921723366,0.429828524589539,0.435712814331055
8.22519969940186,0.429751574993134,0.435534209012985,-0.0494087152183056,-0.0717150270938873,-0.183942452073097,0.358151584863663,-0.0494103021919727,-0.0717124938964844,-0.0494087152183056,-0.0717150270938873,0.429750502109528,0.435533374547958,-0.0494102984666824,-0.0717124864459038,-0.183942303061485,0.358152568340302,-0.183942452073097,0.358151584863663,-0.0494102984666824,-0.0717124864459038,0.429748594760895,0.435538709163666,-0.0494118817150593,-0.0717099606990814,-0.0494103021919727,-0.0717124938964844,-0.183942303061485,0.358152568340302,-0.0494118817150593,-0.0717099606990814,0.429747372865677,0.435537815093994
8.22579956054688,0.429670304059982,0.435359299182892,-0.0493807010352612,-0.071709617972374,-0.183715492486954,0.358303487300873,-0.049382284283638,-0.0717070996761322,-0.0493807010352612,-0.071709617972374,0.429669231176376,0.43535840511322,-0.0493822768330574,-0.071707084774971,-0.183715343475342,0.358304470777512,-0.183715492486954,0.358303487300873,-0.0493822768330574,-0.071707084774971,0.429667234420776,0.435363829135895,-0.0493838675320148,-0.0717045664787292,-0.0493822805583477,-0.0717070922255516,-0.183715328574181,0.358304440975189,-0.0493838675320148,-0.0717045664787292,0.429666131734848,0.435362905263901
8.22640037536621,0.429588735103607,0.435184448957443,-0.0493526980280876,-0.0717042237520218,-0.183488205075264,0.358455330133438,-0.0493542775511742,-0.0717016905546188,-0.0493526980280876,-0.0717042237520218,0.429587602615356,0.435183554887772,-0.0493542738258839,-0.0717016905546188,-0.183488070964813,0.358456313610077,-0.183488205075264,0.358455330133438,-0.0493542738258839,-0.0717016905546188,0.429585605859756,0.435188949108124,-0.0493558645248413,-0.0716991797089577,-0.0493542775511742,-0.0717016905546188,-0.183488070964813,0.358456313610077,-0.0493558645248413,-0.0716991797089577,0.429584532976151,0.435188055038452
8.22700023651123,0.429506868124008,0.435009658336639,-0.0493247173726559,-0.0716988444328308,-0.183260813355446,0.358607053756714,-0.0493262968957424,-0.0716963112354279,-0.0493247173726559,-0.0716988444328308,0.429505795240402,0.43500879406929,-0.0493262894451618,-0.0716962963342667,-0.183260664343834,0.358607977628708,-0.183260813355446,0.358607053756714,-0.0493262931704521,-0.0716963037848473,0.429503798484802,0.43501415848732,-0.049327876418829,-0.0716937705874443,-0.0493262931704521,-0.0716963037848473,-0.183260664343834,0.358607977628708,-0.049327876418829,-0.0716937705874443,0.429502695798874,0.435013294219971
8.22760009765625,0.429424732923508,0.434834957122803,-0.049296710640192,-0.0716934949159622,-0.183033123612404,0.358758628368378,-0.0492982901632786,-0.0716909617185593,-0.049296710640192,-0.0716934949159622,0.429423630237579,0.434834033250809,-0.049298282712698,-0.0716909468173981,-0.183032974600792,0.358759582042694,-0.183033123612404,0.358758628368378,-0.049298282712698,-0.0716909468173981,0.429421722888947,0.434839457273483,-0.0492998659610748,-0.0716884136199951,-0.0492982864379883,-0.0716909542679787,-0.183032974600792,0.358759582042694,-0.0492998659610748,-0.0716884136199951,0.429420560598373,0.434838593006134
8.22819995880127,0.429342329502106,0.434660345315933,-0.0492687560617924,-0.0716881230473518,-0.182805120944977,0.358910143375397,-0.0492703318595886,-0.0716855823993683,-0.0492687560617924,-0.0716881230473518,0.4293412566185,0.434659421443939,-0.049270324409008,-0.0716855749487877,-0.182804971933365,0.358911097049713,-0.182805120944977,0.358910143375397,-0.049270324409008,-0.0716855749487877,0.429339379072189,0.434664845466614,-0.0492719113826752,-0.0716830417513847,-0.0492703318595886,-0.0716855823993683,-0.182804971933365,0.358911097049713,-0.0492719113826752,-0.0716830417513847,0.429338157176971,0.434663951396942
8.22879981994629,0.429259747266769,0.434485733509064,-0.0492407828569412,-0.0716827809810638,-0.18257699906826,0.359061568975449,-0.0492423586547375,-0.0716802403330803,-0.0492407828569412,-0.0716827809810638,0.429258674383163,0.434484899044037,-0.0492423549294472,-0.0716802328824997,-0.182576835155487,0.359062492847443,-0.18257699906826,0.359061568975449,-0.0492423549294472,-0.0716802328824997,0.429256647825241,0.434490263462067,-0.0492439344525337,-0.0716777071356773,-0.0492423586547375,-0.0716802403330803,-0.182576835155487,0.359062492847443,-0.0492439344525337,-0.0716777071356773,0.429255574941635,0.434489369392395
8.22939968109131,0.429176807403564,0.434311270713806,-0.0492128618061543,-0.0716774240136147,-0.18234857916832,0.359212875366211,-0.0492144301533699,-0.0716748908162117,-0.0492128618061543,-0.0716774240136147,0.429175734519958,0.434310406446457,-0.0492144264280796,-0.0716748833656311,-0.182348415255547,0.35921385884285,-0.18234857916832,0.359212875366211,-0.0492144264280796,-0.0716748833656311,0.429173856973648,0.434315770864487,-0.0492160134017467,-0.0716723427176476,-0.0492144301533699,-0.0716748908162117,-0.182348415255547,0.35921385884285,-0.0492160134017467,-0.0716723427176476,0.42917263507843,0.434314906597137
8.22999954223633,0.429093658924103,0.434136837720871,-0.0491849146783352,-0.0716721042990685,-0.182119846343994,0.359364062547684,-0.049186497926712,-0.0716695636510849,-0.0491849184036255,-0.0716721042990685,0.429092586040497,0.434135973453522,-0.0491864867508411,-0.0716695487499237,-0.182119682431221,0.359365016222,-0.182119846343994,0.359364062547684,-0.0491864904761314,-0.0716695562005043,0.429090678691864,0.434141337871552,-0.0491880662739277,-0.0716670230031013,-0.0491864904761314,-0.0716695562005043,-0.182119682431221,0.359365016222,-0.0491880662739277,-0.0716670230031013,0.429089486598969,0.434140473604202
8.23060035705566,0.429010182619095,0.433962523937225,-0.0491569936275482,-0.0716667845845222,-0.181890994310379,0.359515160322189,-0.0491585321724415,-0.0716642662882805,-0.0491569973528385,-0.0716667920351028,0.429009169340134,0.433961629867554,-0.0491585284471512,-0.0716642588376999,-0.181890815496445,0.359516084194183,-0.181890994310379,0.359515160322189,-0.0491585284471512,-0.0716642588376999,0.429007232189178,0.433967053890228,-0.0491601005196571,-0.0716617181897163,-0.0491585321724415,-0.0716642662882805,-0.181890815496445,0.359516084194183,-0.0491601005196571,-0.0716617181897163,0.429005980491638,0.433966189622879
8.23120021820068,0.428926587104797,0.433788239955902,-0.0491290539503098,-0.0716614946722984,-0.18166184425354,0.359666138887405,-0.0491306185722351,-0.0716589465737343,-0.0491290539503098,-0.0716614946722984,0.428925365209579,0.433787375688553,-0.0491306148469448,-0.0716589391231537,-0.181661665439606,0.359667092561722,-0.18166184425354,0.359666138887405,-0.0491306148469448,-0.0716589391231537,0.428923547267914,0.43379282951355,-0.0491321943700314,-0.0716564059257507,-0.0491306185722351,-0.0716589465737343,-0.181661665439606,0.359667092561722,-0.0491321943700314,-0.0716564059257507,0.428922414779663,0.433791875839233
8.2318000793457,0.428842544555664,0.433614075183868,-0.0491011217236519,-0.0716562122106552,-0.181432545185089,0.359817028045654,-0.0491026900708675,-0.0716536641120911,-0.0491011217236519,-0.0716562122106552,0.428841471672058,0.433613210916519,-0.0491026863455772,-0.0716536566615105,-0.181432381272316,0.359817951917648,-0.181432545185089,0.359817028045654,-0.0491026863455772,-0.0716536566615105,0.428839504718781,0.433618634939194,-0.0491042584180832,-0.0716511234641075,-0.0491026900708675,-0.0716536641120911,-0.181432381272316,0.359817951917648,-0.0491042584180832,-0.0716511234641075,0.42883837223053,0.433617770671844
8.23239994049072,0.428758382797241,0.433439970016479,-0.0490732453763485,-0.0716509222984314,-0.181202977895737,0.359967797994614,-0.0490747764706612,-0.0716483891010284,-0.0490732453763485,-0.0716509222984314,0.428757160902023,0.43343910574913,-0.0490747727453709,-0.0716483816504478,-0.181202813982964,0.359968721866608,-0.181202962994576,0.359967768192291,-0.0490747727453709,-0.0716483816504478,0.428755342960358,0.433444499969482,-0.0490763485431671,-0.0716458484530449,-0.0490747764706612,-0.0716483891010284,-0.181202813982964,0.359968721866608,-0.0490763485431671,-0.0716458484530449,0.428754210472107,0.433443605899811
8.23299980163574,0.428673803806305,0.433265954256058,-0.0490453168749809,-0.0716456696391106,-0.180973082780838,0.360118478536606,-0.049046877771616,-0.0716431215405464,-0.0490453168749809,-0.0716456696391106,0.428672730922699,0.433265060186386,-0.0490468740463257,-0.0716431140899658,-0.180972918868065,0.360119372606277,-0.180973067879677,0.360118448734283,-0.0490468740463257,-0.0716431140899658,0.428670883178711,0.433270514011383,-0.0490484498441219,-0.0716405734419823,-0.049046877771616,-0.0716431215405464,-0.180972918868065,0.360119372606277,-0.0490484833717346,-0.0716405436396599,0.428669661283493,0.433269619941711
8.23359966278076,0.428589135408401,0.433091998100281,-0.0490174330770969,-0.0716404095292091,-0.180742889642715,0.360269010066986,-0.0490190349519253,-0.0716378390789032,-0.0490174703299999,-0.0716403871774673,0.428587913513184,0.433091133832932,-0.049019031226635,-0.0716378316283226,-0.180742889642715,0.36026993393898,-0.180742889642715,0.360269010066986,-0.049019031226635,-0.0716378316283226,0.428586065769196,0.433096528053284,-0.0490206032991409,-0.0716352835297585,-0.0490190014243126,-0.0716378539800644,-0.180742889642715,0.36026993393898,-0.0490206032991409,-0.0716352835297585,0.428584963083267,0.433095663785934
8.23419952392578,0.428504079580307,0.432918131351471,-0.0489895716309547,-0.0716351568698883,-0.180512577295303,0.360419452190399,-0.0489911325275898,-0.0716326013207436,-0.0489895716309547,-0.0716351568698883,0.428503006696701,0.432917237281799,-0.0489911288022995,-0.071632593870163,-0.180512398481369,0.360420435667038,-0.180512577295303,0.360419452190399,-0.0489911288022995,-0.071632593870163,0.428501069545746,0.432922691106796,-0.0489926934242249,-0.0716300457715988,-0.0489911325275898,-0.0716326013207436,-0.180512398481369,0.360420435667038,-0.0489927008748055,-0.0716300532221794,0.428499966859818,0.432921826839447
8.23480033874512,0.428418755531311,0.432744324207306,-0.0489617213606834,-0.0716299042105675,-0.18028213083744,0.360569775104523,-0.0489632822573185,-0.0716273486614227,-0.0489617213606834,-0.0716299042105675,0.428417682647705,0.432743519544601,-0.0489632785320282,-0.0716273412108421,-0.180281966924667,0.360570758581161,-0.18028213083744,0.360569775104523,-0.0489632785320282,-0.0716273412108421,0.42841574549675,0.432748943567276,-0.0489648468792439,-0.0716248005628586,-0.0489632822573185,-0.0716273486614227,-0.180281966924667,0.360570758581161,-0.0489648468792439,-0.0716248005628586,0.428414613008499,0.432748019695282
8.23540019989014,0.428333282470703,0.432570606470108,-0.0489338561892509,-0.071624681353569,-0.180051207542419,0.360720008611679,-0.048935417085886,-0.0716221258044243,-0.0489338561892509,-0.071624681353569,0.428332090377808,0.432569801807404,-0.0489354133605957,-0.0716221183538437,-0.180051222443581,0.360720962285995,-0.180051207542419,0.360720008611679,-0.0489354133605957,-0.0716221183538437,0.428330272436142,0.432575196027756,-0.0489369779825211,-0.0716195777058601,-0.048935417085886,-0.0716221258044243,-0.180051222443581,0.360720962285995,-0.0489369779825211,-0.0716195777058601,0.428329050540924,0.432574331760406
8.23600006103516,0.428247362375259,0.432396978139877,-0.0489060059189796,-0.0716194659471512,-0.179820165038109,0.360870152711868,-0.0489075630903244,-0.071616917848587,-0.0489060059189796,-0.0716194659471512,0.428246319293976,0.43239614367485,-0.0489075593650341,-0.0716169103980064,-0.17982017993927,0.360871076583862,-0.179820165038109,0.360870152711868,-0.0489075593650341,-0.0716169103980064,0.428244352340698,0.432401567697525,-0.0489091239869595,-0.0716143622994423,-0.0489075630903244,-0.071616917848587,-0.17982017993927,0.360871076583862,-0.0489091239869595,-0.0716143622994423,0.42824324965477,0.432400703430176
8.23659992218018,0.428161382675171,0.432223439216614,-0.0488781668245792,-0.0716142654418945,-0.179588988423347,0.361020177602768,-0.048879723995924,-0.0716117098927498,-0.0488781668245792,-0.0716142654418945,0.428160190582275,0.432222574949265,-0.0488797202706337,-0.0716117098927498,-0.179588824510574,0.361021131277084,-0.179588988423347,0.361020177602768,-0.0488797202706337,-0.0716117098927498,0.42815837264061,0.432227998971939,-0.0488812848925591,-0.071609154343605,-0.048879723995924,-0.0716117098927498,-0.179588824510574,0.361021131277084,-0.0488812848925591,-0.071609154343605,0.428157150745392,0.43222713470459
8.2371997833252,0.428074955940247,0.432049989700317,-0.0488503165543079,-0.0716090947389603,-0.179357334971428,0.361170083284378,-0.0488518737256527,-0.0716065317392349,-0.0488503165543079,-0.0716090947389603,0.428073883056641,0.432049155235291,-0.0488518700003624,-0.0716065317392349,-0.179357320070267,0.361171007156372,-0.179357334971428,0.361170083284378,-0.0488518700003624,-0.0716065317392349,0.42807200551033,0.432054549455643,-0.0488534271717072,-0.0716039761900902,-0.0488518737256527,-0.0716065317392349,-0.179357320070267,0.361171007156372,-0.0488534271717072,-0.0716039761900902,0.428070813417435,0.432053685188293
8.23779964447021,0.42798838019371,0.431876599788666,-0.0488225072622299,-0.0716039016842842,-0.179125562310219,0.361319899559021,-0.048824068158865,-0.0716013386845589,-0.0488225072622299,-0.0716039016842842,0.427987158298492,0.431875705718994,-0.0488240644335747,-0.0716013312339783,-0.179125547409058,0.361320793628693,-0.179125562310219,0.361319899559021,-0.0488240644335747,-0.0716013312339783,0.427985370159149,0.431881159543991,-0.0488256253302097,-0.0715987831354141,-0.048824068158865,-0.0716013386845589,-0.179125547409058,0.361320793628693,-0.0488256253302097,-0.0715987831354141,0.427984267473221,0.431880295276642
8.23840045928955,0.42790150642395,0.431703299283981,-0.0487946905195713,-0.0715987458825111,-0.178893640637398,0.361469507217407,-0.0487962439656258,-0.0715961754322052,-0.0487946905195713,-0.0715987458825111,0.427900344133377,0.43170240521431,-0.0487962402403355,-0.0715961679816246,-0.178893476724625,0.361470490694046,-0.178893640637398,0.361469507217407,-0.0487962402403355,-0.0715961679816246,0.427898496389389,0.431707888841629,-0.0487977936863899,-0.0715936124324799,-0.0487962439656258,-0.0715961754322052,-0.178893476724625,0.361470490694046,-0.0487977936863899,-0.0715936124324799,0.427897393703461,0.431706964969635
8.23900032043457,0.427814334630966,0.431530058383942,-0.0487668812274933,-0.0715935826301575,-0.178661435842514,0.361619144678116,-0.0487684346735477,-0.0715910121798515,-0.0487668812274933,-0.0715935826301575,0.42781326174736,0.431529194116592,-0.0487684309482574,-0.0715910121798515,-0.17866125702858,0.36162006855011,-0.178661435842514,0.361619144678116,-0.0487684309482574,-0.0715910121798515,0.427811294794083,0.431534647941589,-0.0487700216472149,-0.071588434278965,-0.0487684346735477,-0.0715910121798515,-0.17866125702858,0.36162006855011,-0.0487700216472149,-0.071588434278965,0.427810162305832,0.431533753871918
8.23960018157959,0.427726984024048,0.431356877088547,-0.0487390868365765,-0.0715884268283844,-0.178428918123245,0.36176860332489,-0.0487406440079212,-0.0715858638286591,-0.0487390942871571,-0.071588434278965,0.427725851535797,0.431356072425842,-0.0487406402826309,-0.0715858638286591,-0.178428739309311,0.361769527196884,-0.178428918123245,0.36176860332489,-0.0487406402826309,-0.0715858638286591,0.42772388458252,0.431361496448517,-0.0487421937286854,-0.0715833082795143,-0.0487406440079212,-0.0715858638286591,-0.178428739309311,0.361769527196884,-0.0487421937286854,-0.0715833082795143,0.427722781896591,0.43136066198349
8.24020004272461,0.427639275789261,0.431183844804764,-0.0487113147974014,-0.0715832859277725,-0.178196266293526,0.361917912960052,-0.0487128607928753,-0.0715807229280472,-0.0487113147974014,-0.0715832859277725,0.427638173103333,0.431183010339737,-0.048712857067585,-0.0715807154774666,-0.178196102380753,0.361918866634369,-0.178196266293526,0.361917912960052,-0.048712857067585,-0.0715807154774666,0.4276362657547,0.431188464164734,-0.0487144142389297,-0.0715781599283218,-0.0487128607928753,-0.0715807229280472,-0.178196102380753,0.361918866634369,-0.0487144142389297,-0.0715781599283218,0.427635073661804,0.431187570095062
8.24079990386963,0.427551299333572,0.431010842323303,-0.0486835241317749,-0.0715781822800636,-0.177963331341743,0.362067133188248,-0.0486851036548615,-0.0715755820274353,-0.0486835241317749,-0.0715781822800636,0.427550226449966,0.431010037660599,-0.0486850962042809,-0.0715755820274353,-0.17796316742897,0.362068116664886,-0.177963331341743,0.362067133188248,-0.0486850962042809,-0.0715755820274353,0.427548289299011,0.431015461683273,-0.0486866496503353,-0.07157301902771,-0.0486850664019585,-0.0715756043791771,-0.177963152527809,0.362068086862564,-0.0486866496503353,-0.07157301902771,0.427547186613083,0.431014567613602
8.24139976501465,0.427463114261627,0.430837988853455,-0.048655778169632,-0.0715730488300323,-0.177730083465576,0.362216293811798,-0.0486573241651058,-0.0715704783797264,-0.0486557818949223,-0.0715730562806129,0.427461951971054,0.430837124586105,-0.0486573204398155,-0.0715704783797264,-0.177729919552803,0.362217217683792,-0.177730083465576,0.362216293811798,-0.0486573204398155,-0.0715704783797264,0.427460044622421,0.430842608213425,-0.0486588701605797,-0.0715679079294205,-0.0486573241651058,-0.0715704783797264,-0.177729919552803,0.362217217683792,-0.04865887388587,-0.0715679153800011,0.427458941936493,0.430841684341431
8.24199962615967,0.427374631166458,0.430665165185928,-0.0486280135810375,-0.0715679526329041,-0.177496701478958,0.362365275621414,-0.0486295595765114,-0.0715653821825981,-0.0486280135810375,-0.0715679526329041,0.427373498678207,0.430664300918579,-0.0486295558512211,-0.0715653747320175,-0.177496537566185,0.362366229295731,-0.177496701478958,0.362365275621414,-0.0486295558512211,-0.0715653747320175,0.427371621131897,0.430669784545898,-0.0486311055719852,-0.0715628042817116,-0.0486295595765114,-0.0715653821825981,-0.177496537566185,0.362366229295731,-0.0486311055719852,-0.0715628042817116,0.427370399236679,0.430668860673904
8.242600440979,0.427285939455032,0.430492460727692,-0.0486002713441849,-0.0715628564357758,-0.177262857556343,0.362514197826385,-0.0486018098890781,-0.0715602859854698,-0.0486003011465073,-0.071562834084034,0.427284717559814,0.430491626262665,-0.0486018024384975,-0.0715602710843086,-0.177262857556343,0.36251512169838,-0.177262857556343,0.362514197826385,-0.0486018061637878,-0.0715602785348892,0.427282959222794,0.430497050285339,-0.0486033521592617,-0.0715577155351639,-0.0486018061637878,-0.0715602785348892,-0.177262857556343,0.36251512169838,-0.048603355884552,-0.0715577155351639,0.427281707525253,0.43049618601799
8.24320030212402,0.427196860313416,0.430319845676422,-0.0485725328326225,-0.0715577676892281,-0.17702904343605,0.362662971019745,-0.0485740788280964,-0.0715551972389221,-0.0485725328326225,-0.0715577676892281,0.42719566822052,0.430318981409073,-0.0485740751028061,-0.0715551897883415,-0.177028879523277,0.362663894891739,-0.17702904343605,0.362662971019745,-0.0485740751028061,-0.0715551897883415,0.427193909883499,0.43032443523407,-0.04857562109828,-0.0715526193380356,-0.0485740788280964,-0.0715551972389221,-0.177028879523277,0.362663894891739,-0.04857562109828,-0.0715526193380356,0.427192687988281,0.430323541164398
8.24380016326904,0.427107602357864,0.430147230625153,-0.0485448203980923,-0.071552686393261,-0.176794946193695,0.362811625003815,-0.0485463589429855,-0.0715501084923744,-0.0485448203980923,-0.071552686393261,0.427106410264969,0.430146366357803,-0.0485463514924049,-0.0715501084923744,-0.176794767379761,0.362812548875809,-0.176794946193695,0.362811625003815,-0.0485463514924049,-0.0715501084923744,0.427104532718658,0.430151879787445,-0.0485479012131691,-0.0715475454926491,-0.0485463589429855,-0.0715501084923744,-0.176794767379761,0.362812548875809,-0.0485479012131691,-0.0715475454926491,0.427103400230408,0.430150985717773
8.24440002441406,0.427018046379089,0.429974764585495,-0.0485170893371105,-0.0715476423501968,-0.176560521125793,0.362960159778595,-0.0485186278820038,-0.0715450644493103,-0.0485170893371105,-0.0715476423501968,0.427016973495483,0.429973930120468,-0.0485186204314232,-0.0715450569987297,-0.17656035721302,0.362961143255234,-0.176560521125793,0.362960159778595,-0.0485186241567135,-0.0715450644493103,0.427015095949173,0.42997944355011,-0.048520166426897,-0.0715424865484238,-0.0485186241567135,-0.0715450644493103,-0.17656035721302,0.362961143255234,-0.048520166426897,-0.0715424865484238,0.427013874053955,0.429978549480438
8.24499988555908,0.426928162574768,0.429802447557449,-0.0484893657267094,-0.0715425983071327,-0.176325812935829,0.363108575344086,-0.0484909377992153,-0.0715399906039238,-0.0484893657267094,-0.0715425983071327,0.42692705988884,0.4298015832901,-0.048490934073925,-0.0715399906039238,-0.176325634121895,0.363109558820724,-0.176325812935829,0.363108575344086,-0.048490934073925,-0.0715399906039238,0.426925271749496,0.429807007312775,-0.0484924800693989,-0.0715374201536179,-0.0484909377992153,-0.0715399906039238,-0.176325634121895,0.363109558820724,-0.0484924800693989,-0.0715374201536179,0.426924049854279,0.429806172847748
8.2455997467041,0.426838129758835,0.429630160331726,-0.048461701720953,-0.071537546813488,-0.176090955734253,0.363256901502609,-0.048463236540556,-0.0715349614620209,-0.048461701720953,-0.071537546813488,0.426837027072906,0.429629236459732,-0.0484632290899754,-0.0715349465608597,-0.17609079182148,0.363257884979248,-0.176090955734253,0.363256901502609,-0.0484632328152657,-0.0715349540114403,0.426835149526596,0.429634749889374,-0.0484647713601589,-0.0715323835611343,-0.048463236540556,-0.0715349614620209,-0.17609079182148,0.363257884979248,-0.0484647713601589,-0.0715323835611343,0.426833957433701,0.429633885622025
8.24619960784912,0.426747828722,0.429457932710648,-0.0484340153634548,-0.0715325102210045,-0.175855830311775,0.363405108451843,-0.0484355129301548,-0.0715299546718597,-0.0484340153634548,-0.0715325102210045,0.426746606826782,0.429457068443298,-0.0484355054795742,-0.0715299397706985,-0.17585563659668,0.36340606212616,-0.175855830311775,0.363405108451843,-0.0484355054795742,-0.0715299397706985,0.426744729280472,0.429462522268295,-0.0484370812773705,-0.0715273469686508,-0.0484355092048645,-0.0715299472212791,-0.17585563659668,0.36340606212616,-0.0484370812773705,-0.0715273469686508,0.426743596792221,0.429461658000946
8.24680042266846,0.426657170057297,0.429285824298859,-0.0484063066542149,-0.071527510881424,-0.17562036216259,0.36355322599411,-0.0484078377485275,-0.0715249329805374,-0.0484063066542149,-0.071527510881424,0.426656067371368,0.429284930229187,-0.0484078340232372,-0.0715249255299568,-0.17562036216259,0.363554149866104,-0.17562036216259,0.36355322599411,-0.0484078340232372,-0.0715249255299568,0.426654249429703,0.429290443658829,-0.0484094060957432,-0.0715223178267479,-0.0484078377485275,-0.0715249329805374,-0.17562036216259,0.363554149866104,-0.0484094060957432,-0.0715223178267479,0.42665296792984,0.429289519786835
8.24740028381348,0.426566302776337,0.429113775491714,-0.0483786463737488,-0.0715224966406822,-0.175384968519211,0.36370113492012,-0.0483801811933517,-0.0715199112892151,-0.0483786463737488,-0.0715224966406822,0.426565200090408,0.429112911224365,-0.0483801774680614,-0.0715199038386345,-0.175384595990181,0.363702118396759,-0.175384968519211,0.36370113492012,-0.0483801774680614,-0.0715199038386345,0.42656335234642,0.429118394851685,-0.0483817122876644,-0.071517325937748,-0.0483801811933517,-0.0715199112892151,-0.175384595990181,0.363702118396759,-0.0483817122876644,-0.071517325937748,0.426562160253525,0.429117530584335
8.2480001449585,0.42647510766983,0.428941816091537,-0.0483509749174118,-0.0715175122022629,-0.175148889422417,0.36384904384613,-0.0483525022864342,-0.0715149194002151,-0.0483509749174118,-0.0715175122022629,0.426474004983902,0.428940981626511,-0.0483524985611439,-0.0715149119496346,-0.175148889422417,0.363849997520447,-0.175148889422417,0.36384904384613,-0.0483524985611439,-0.0715149119496346,0.426472157239914,0.42894646525383,-0.0483540371060371,-0.071512334048748,-0.0483525022864342,-0.0715149194002151,-0.175148889422417,0.363849997520447,-0.0483540371060371,-0.071512334048748,0.426470965147018,0.428945600986481
8.24860000610352,0.426383703947067,0.42876997590065,-0.0483233146369457,-0.0715125277638435,-0.174912884831429,0.363996744155884,-0.0483248792588711,-0.071509912610054,-0.0483233146369457,-0.0715125277638435,0.426382571458817,0.428769171237946,-0.0483248718082905,-0.0715099051594734,-0.174912706017494,0.3639976978302,-0.174912884831429,0.363996744155884,-0.0483248718082905,-0.0715099051594734,0.426380753517151,0.428774625062943,-0.0483264066278934,-0.0715073347091675,-0.0483248420059681,-0.0715099424123764,-0.174912706017494,0.3639976978302,-0.0483264066278934,-0.0715073347091675,0.426379561424255,0.428773760795593
8.24919986724854,0.426292032003403,0.42859822511673,-0.0482956692576408,-0.0715075582265854,-0.174676582217216,0.36414435505867,-0.0482972301542759,-0.0715049430727959,-0.0482957065105438,-0.071507528424263,0.426290959119797,0.42859736084938,-0.0482972264289856,-0.0715049356222153,-0.174676388502121,0.364145308732986,-0.174676582217216,0.36414435505867,-0.0482972264289856,-0.0715049356222153,0.426289081573486,0.4286028444767,-0.0482987277209759,-0.0715023800730705,-0.0482972301542759,-0.0715049430727959,-0.174676388502121,0.364145308732986,-0.0482987649738789,-0.0715023577213287,0.426287859678268,0.428601980209351
8.24979972839355,0.426200121641159,0.428426593542099,-0.0482680387794971,-0.0715025886893272,-0.174439951777458,0.364291876554489,-0.0482695698738098,-0.0714999958872795,-0.0482680387794971,-0.0715025886893272,0.426198989152908,0.42842572927475,-0.0482695661485195,-0.0714999884366989,-0.174439951777458,0.364292800426483,-0.174439951777458,0.364291876554489,-0.0482695661485195,-0.0714999884366989,0.42619714140892,0.428431183099747,-0.0482711344957352,-0.0714973881840706,-0.0482695698738098,-0.0714999958872795,-0.174439951777458,0.364292800426483,-0.0482711344957352,-0.0714973881840706,0.426195919513702,0.428430289030075
8.25039958953857,0.426107883453369,0.428254991769791,-0.0482404269278049,-0.0714976266026497,-0.174203217029572,0.364439219236374,-0.048241950571537,-0.071495033800602,-0.0482404269278049,-0.0714976266026497,0.426106750965118,0.428254127502441,-0.0482419468462467,-0.0714950263500214,-0.174203023314476,0.36444017291069,-0.174203217029572,0.364439219236374,-0.0482419468462467,-0.0714950263500214,0.42610490322113,0.428259611129761,-0.0482434816658497,-0.0714924484491348,-0.048241950571537,-0.071495033800602,-0.174203023314476,0.36444017291069,-0.0482435151934624,-0.071492426097393,0.426103681325912,0.428258687257767
8.25100040435791,0.426015406847,0.428083509206772,-0.0482128001749516,-0.0714927017688751,-0.173966154456139,0.364586472511292,-0.0482143200933933,-0.0714901089668274,-0.0482128001749516,-0.0714927017688751,0.426014184951782,0.428082644939423,-0.0482143126428127,-0.0714900940656662,-0.173965975642204,0.364587426185608,-0.173966154456139,0.364586472511292,-0.048214353621006,-0.0714900717139244,0.426012307405472,0.428088128566742,-0.0482158847153187,-0.0714874938130379,-0.048214316368103,-0.0714901015162468,-0.173965975642204,0.364587426185608,-0.0482158847153187,-0.0714874938130379,0.426011204719543,0.42808723449707
8.25160026550293,0.425922632217407,0.427912086248398,-0.0481852181255817,-0.0714877545833588,-0.173728987574577,0.36473360657692,-0.0481867380440235,-0.0714851543307304,-0.0481852181255817,-0.0714877545833588,0.425921529531479,0.427911251783371,-0.0481867343187332,-0.0714851468801498,-0.173728615045547,0.364734590053558,-0.173728987574577,0.36473360657692,-0.0481867343187332,-0.0714851468801498,0.425919711589813,0.42791673541069,-0.0481882654130459,-0.0714825615286827,-0.0481867380440235,-0.0714851543307304,-0.173728615045547,0.364734590053558,-0.0481882654130459,-0.0714825615286827,0.425918430089951,0.427915871143341
8.25220012664795,0.425829529762268,0.427740812301636,-0.0481576137244701,-0.0714828372001648,-0.173491314053535,0.36488065123558,-0.0481591336429119,-0.0714802369475365,-0.0481576137244701,-0.0714828372001648,0.42582842707634,0.427739948034286,-0.0481591299176216,-0.0714802294969559,-0.17349112033844,0.364881575107574,-0.173491314053535,0.36488065123558,-0.0481591299176216,-0.0714802294969559,0.425826609134674,0.427745431661606,-0.0481606610119343,-0.0714776441454887,-0.0481591336429119,-0.0714802369475365,-0.17349112033844,0.364881575107574,-0.0481606610119343,-0.0714776441454887,0.425825446844101,0.427744507789612
8.25279998779297,0.425736337900162,0.427569568157196,-0.0481299944221973,-0.0714779421687126,-0.173253506422043,0.365027517080307,-0.0481315515935421,-0.0714753270149231,-0.0481299981474876,-0.0714779496192932,0.425735145807266,0.427568703889847,-0.0481315478682518,-0.0714753195643425,-0.17325334250927,0.365028500556946,-0.173253506422043,0.365027517080307,-0.0481315478682518,-0.0714753195643425,0.425733298063278,0.427574247121811,-0.0481330715119839,-0.0714727267622948,-0.0481315515935421,-0.0714753270149231,-0.17325334250927,0.365028500556946,-0.0481330715119839,-0.0714727267622948,0.425732225179672,0.427573353052139
8.25339984893799,0.42564269900322,0.427398473024368,-0.0481024608016014,-0.071473017334938,-0.173015609383583,0.365174293518066,-0.0481039397418499,-0.0714704394340515,-0.0481024608016014,-0.071473017334938,0.425641626119614,0.427397578954697,-0.0481039360165596,-0.0714704319834709,-0.173015400767326,0.365175247192383,-0.173015609383583,0.365174293518066,-0.0481039360165596,-0.0714704319834709,0.425639808177948,0.427403092384338,-0.0481054969131947,-0.071467824280262,-0.0481039397418499,-0.0714704394340515,-0.173015400767326,0.365175247192383,-0.0481054969131947,-0.071467824280262,0.42563858628273,0.427402257919312
8.25399971008301,0.425548881292343,0.427227407693863,-0.048074871301651,-0.0714681446552277,-0.172777205705643,0.365320950746536,-0.0480763874948025,-0.0714655444025993,-0.048074871301651,-0.0714681446552277,0.425547778606415,0.427226543426514,-0.0480763837695122,-0.0714655369520187,-0.172777190804482,0.36532187461853,-0.172777205705643,0.365320950746536,-0.0480763837695122,-0.0714655369520187,0.42554584145546,0.4272321164608,-0.0480779409408569,-0.0714629217982292,-0.0480763874948025,-0.0714655444025993,-0.172777190804482,0.36532187461853,-0.0480779409408569,-0.0714629217982292,0.425544738769531,0.427231222391129
8.25459957122803,0.425454825162888,0.427056461572647,-0.0480473004281521,-0.0714632794260979,-0.172538846731186,0.365467458963394,-0.0480488501489162,-0.0714606568217278,-0.0480473004281521,-0.0714632794260979,0.425453633069992,0.42705562710762,-0.0480488426983356,-0.0714606419205666,-0.172538667917252,0.365468412637711,-0.172538846731186,0.365467458963394,-0.0480488426983356,-0.0714606419205666,0.425451815128326,0.42706111073494,-0.0480503663420677,-0.0714580491185188,-0.0480488464236259,-0.0714606493711472,-0.172538667917252,0.365468412637711,-0.0480503663420677,-0.0714580491185188,0.425450712442398,0.42706024646759
8.25520038604736,0.425360471010208,0.426885634660721,-0.0480197444558144,-0.0714584216475487,-0.172300025820732,0.365613847970963,-0.0480212867259979,-0.071455791592598,-0.0480197444558144,-0.0714584216475487,0.425359278917313,0.426884770393372,-0.0480212830007076,-0.0714557841420174,-0.172299832105637,0.365614831447601,-0.172300025820732,0.365613847970963,-0.0480212830007076,-0.0714557841420174,0.425357460975647,0.426890254020691,-0.0480228066444397,-0.0714531913399696,-0.0480212867259979,-0.071455791592598,-0.172299832105637,0.365614831447601,-0.0480228066444397,-0.0714531913399696,0.425356358289719,0.426889419555664
8.25580024719238,0.425265789031982,0.426714897155762,-0.0479921996593475,-0.0714535638689995,-0.172061055898666,0.365760117769241,-0.0479937493801117,-0.0714509338140488,-0.0479921996593475,-0.0714535638689995,0.425264567136765,0.426714032888412,-0.0479937456548214,-0.0714509263634682,-0.172060877084732,0.365761071443558,-0.172061055898666,0.365760117769241,-0.0479937456548214,-0.0714509263634682,0.425262838602066,0.426719576120377,-0.0479952618479729,-0.0714483335614204,-0.0479937493801117,-0.0714509338140488,-0.172060877084732,0.365761071443558,-0.0479952618479729,-0.0714483335614204,0.425261676311493,0.426718682050705
8.2564001083374,0.425170928239822,0.426544308662415,-0.0479646734893322,-0.0714487135410309,-0.171821802854538,0.365906298160553,-0.0479661859571934,-0.071446105837822,-0.0479646734893322,-0.0714487135410309,0.425169765949249,0.426543414592743,-0.0479661822319031,-0.0714460983872414,-0.171821609139442,0.365907281637192,-0.171821802854538,0.365906298160553,-0.0479661822319031,-0.0714460983872414,0.425167948007584,0.426548898220062,-0.0479677282273769,-0.0714434757828712,-0.0479661859571934,-0.071446105837822,-0.171821609139442,0.365907281637192,-0.0479677319526672,-0.0714434832334518,0.425166815519333,0.426548063755035
8.25699996948242,0.425075769424438,0.426373720169067,-0.0479371659457684,-0.0714438781142235,-0.171582385897636,0.366052329540253,-0.0479386709630489,-0.0714412704110146,-0.0479371659457684,-0.0714438781142235,0.425074547529221,0.426372855901718,-0.0479386672377586,-0.071441262960434,-0.171582221984863,0.366053253412247,-0.171582385897636,0.366052329540253,-0.0479386672377586,-0.071441262960434,0.425072729587555,0.42637836933136,-0.0479401834309101,-0.0714386627078056,-0.0479386709630489,-0.0714412704110146,-0.171582221984863,0.366053253412247,-0.0479401834309101,-0.0714386627078056,0.425071597099304,0.426377505064011
8.25759983062744,0.424980342388153,0.42620325088501,-0.0479096621274948,-0.0714390426874161,-0.171342715620995,0.366198241710663,-0.047911174595356,-0.0714364275336266,-0.0479096621274948,-0.0714390426874161,0.424979090690613,0.426202386617661,-0.0479111708700657,-0.0714364275336266,-0.171342507004738,0.366199165582657,-0.171342715620995,0.366198241710663,-0.0479111708700657,-0.0714364275336266,0.424977332353592,0.426207959651947,-0.0479126833379269,-0.0714338198304176,-0.047911174595356,-0.0714364275336266,-0.171342507004738,0.366199165582657,-0.0479126833379269,-0.0714338198304176,0.424976110458374,0.426207035779953
8.25819969177246,0.424884617328644,0.426032900810242,-0.0478821508586407,-0.0714342370629311,-0.171102702617645,0.366343975067139,-0.0478836633265018,-0.0714316293597221,-0.0478821508586407,-0.0714342370629311,0.424883395433426,0.42603200674057,-0.0478836558759212,-0.0714316144585609,-0.171102494001389,0.366344928741455,-0.171102702617645,0.366343975067139,-0.0478836596012115,-0.0714316219091415,0.424881637096405,0.426037579774857,-0.0478851646184921,-0.0714290142059326,-0.0478836633265018,-0.0714316293597221,-0.171102494001389,0.366344928741455,-0.0478851646184921,-0.0714290142059326,0.424880355596542,0.426036655902863
8.25879955291748,0.424788624048233,0.425862640142441,-0.047854658216238,-0.0714294388890266,-0.170862570405006,0.36648964881897,-0.0478561595082283,-0.0714268237352371,-0.047854658216238,-0.0714294388890266,0.424787491559982,0.425861775875092,-0.0478561520576477,-0.0714268162846565,-0.17086236178875,0.366490602493286,-0.170862570405006,0.36648964881897,-0.047856155782938,-0.0714268237352371,0.424785584211349,0.425867289304733,-0.0478576682507992,-0.0714242085814476,-0.0478561595082283,-0.0714268237352371,-0.17086236178875,0.366490602493286,-0.0478576682507992,-0.0714242085814476,0.424784451723099,0.425866454839706
8.25940036773682,0.424692362546921,0.425692439079285,-0.0478271655738354,-0.0714246407151222,-0.170622125267982,0.366635173559189,-0.0478286743164063,-0.0714220330119133,-0.0478271692991257,-0.0714246481657028,0.42469123005867,0.425691604614258,-0.047828670591116,-0.0714220255613327,-0.170621931552887,0.366636127233505,-0.170622125267982,0.366635173559189,-0.047828670591116,-0.0714220255613327,0.424689471721649,0.425697147846222,-0.0478301793336868,-0.0714194178581238,-0.0478286743164063,-0.0714220330119133,-0.170621931552887,0.366636127233505,-0.0478301793336868,-0.0714194178581238,0.424688220024109,0.425696283578873
8.26000022888184,0.424595832824707,0.425522416830063,-0.0477997027337551,-0.0714198648929596,-0.170381397008896,0.366780608892441,-0.0478012040257454,-0.0714172422885895,-0.0477997027337551,-0.0714198648929596,0.424594670534134,0.425521552562714,-0.0478011965751648,-0.0714172348380089,-0.170381188392639,0.366781502962112,-0.170381397008896,0.366780608892441,-0.0478011965751648,-0.0714172348380089,0.424592912197113,0.425527065992355,-0.047802709043026,-0.0714146345853806,-0.0478012040257454,-0.0714172422885895,-0.170381188392639,0.366781502962112,-0.047802709043026,-0.0714146345853806,0.424591690301895,0.425526231527328
8.26060009002686,0.424499034881592,0.425352394580841,-0.0477722175419331,-0.0714151039719582,-0.170140519738197,0.366925865411758,-0.047773752361536,-0.0714124664664268,-0.0477722175419331,-0.0714151039719582,0.424497812986374,0.425351560115814,-0.0477737449109554,-0.0714124590158463,-0.170140311121941,0.366926789283752,-0.170140519738197,0.366925865411758,-0.0477737449109554,-0.0714124590158463,0.424496054649353,0.425357133150101,-0.0477752536535263,-0.0714098438620567,-0.047773752361536,-0.0714124664664268,-0.170140311121941,0.366926789283752,-0.0477752536535263,-0.0714098438620567,0.424494922161102,0.425356239080429
8.26119995117188,0.424401998519897,0.425182580947876,-0.0477447770535946,-0.0714103356003761,-0.169899344444275,0.367071002721786,-0.0477462783455849,-0.0714077204465866,-0.0477447770535946,-0.0714103356003761,0.424400836229324,0.425181686878204,-0.0477462746202946,-0.071407712996006,-0.169899150729179,0.367071956396103,-0.169899344444275,0.367071002721786,-0.0477462746202946,-0.071407712996006,0.424398958683014,0.425187230110168,-0.0477477796375751,-0.0714051052927971,-0.0477462783455849,-0.0714077204465866,-0.169899150729179,0.367071956396103,-0.0477478131651878,-0.0714050754904747,0.424397855997086,0.425186395645142
8.26179981231689,0.424304664134979,0.425012797117233,-0.0477173179388046,-0.0714055895805359,-0.169657856225967,0.367216050624847,-0.0477188229560852,-0.0714029744267464,-0.0477173179388046,-0.0714055895805359,0.424303591251373,0.425011903047562,-0.0477188490331173,-0.0714029371738434,-0.169657647609711,0.367216944694519,-0.169657856225967,0.367216050624847,-0.0477188527584076,-0.071402944624424,0.424301713705063,0.425017505884171,-0.0477203205227852,-0.0714003518223763,-0.0477188229560852,-0.0714029744267464,-0.169657647609711,0.367216944694519,-0.0477203205227852,-0.0714003518223763,0.424300611019135,0.425016582012177
8.26239967346191,0.424207091331482,0.42484313249588,-0.0476898811757565,-0.0714008584618568,-0.16941624879837,0.367360919713974,-0.0476913787424564,-0.0713982358574867,-0.0476898811757565,-0.0714008584618568,0.424205899238586,0.424842268228531,-0.0476913750171661,-0.0713982358574867,-0.169416040182114,0.367361813783646,-0.16941624879837,0.367360919713974,-0.0476913750171661,-0.0713982358574867,0.424204140901566,0.424847841262817,-0.0476929098367691,-0.0713955909013748,-0.0476913787424564,-0.0713982358574867,-0.169416040182114,0.367361813783646,-0.0476929098367691,-0.0713955909013748,0.424202889204025,0.424846947193146
8.26299953460693,0.424109190702438,0.424673557281494,-0.0476624555885792,-0.0713961273431778,-0.169174328446388,0.367505669593811,-0.0476639531552792,-0.0713935121893883,-0.0476624555885792,-0.0713961273431778,0.42410808801651,0.424672693014145,-0.0476639457046986,-0.0713934972882271,-0.169174119830132,0.367506593465805,-0.169174328446388,0.367505669593811,-0.0476639457046986,-0.0713934972882271,0.424106270074844,0.424678266048431,-0.0476654767990112,-0.0713908597826958,-0.0476639494299889,-0.0713935047388077,-0.169174119830132,0.367506593465805,-0.0476654767990112,-0.0713908597826958,0.424105107784271,0.42467737197876
8.26360034942627,0.424011081457138,0.424504071474075,-0.0476350411772728,-0.0713914036750793,-0.168932110071182,0.367650300264359,-0.0476365387439728,-0.0713887885212898,-0.0476350449025631,-0.0713914111256599,0.42400985956192,0.424503207206726,-0.0476365350186825,-0.0713887810707092,-0.16893208026886,0.36765119433403,-0.168932110071182,0.367650300264359,-0.0476365350186825,-0.0713887810707092,0.424008101224899,0.42450875043869,-0.0476380661129951,-0.0713861361145973,-0.0476365387439728,-0.0713887885212898,-0.16893208026886,0.36765119433403,-0.0476380661129951,-0.0713861361145973,0.424006998538971,0.424507915973663
8.26420021057129,0.423912644386292,0.424334704875946,-0.0476076155900955,-0.0713867247104645,-0.168689757585526,0.367794781923294,-0.0476091094315052,-0.0713840872049332,-0.0476076155900955,-0.0713867247104645,0.423911422491074,0.424333870410919,-0.0476091019809246,-0.0713840797543526,-0.16868956387043,0.367795765399933,-0.168689757585526,0.367794781923294,-0.0476091019809246,-0.0713840797543526,0.423909723758698,0.424339443445206,-0.0476106405258179,-0.0713814422488213,-0.0476091094315052,-0.0713840872049332,-0.16868956387043,0.367795765399933,-0.0476106405258179,-0.0713814422488213,0.423908591270447,0.424338549375534
8.26480007171631,0.423813998699188,0.424165427684784,-0.0475802347064018,-0.0713820084929466,-0.168447107076645,0.367939174175262,-0.0475817285478115,-0.0713793858885765,-0.0475802347064018,-0.0713820084929466,0.423812836408615,0.424164593219757,-0.0475817210972309,-0.0713793784379959,-0.168446898460388,0.367940127849579,-0.168447107076645,0.367939174175262,-0.0475817210972309,-0.0713793784379959,0.423811078071594,0.424170136451721,-0.0475832186639309,-0.0713767483830452,-0.0475817285478115,-0.0713793858885765,-0.168446898460388,0.367940127849579,-0.0475832261145115,-0.0713767558336258,0.423809885978699,0.424169272184372
8.26539993286133,0.423715025186539,0.423996269702911,-0.047552801668644,-0.0713773518800735,-0.168204307556152,0.368083387613297,-0.0475543290376663,-0.071374699473381,-0.0475528314709663,-0.0713773295283318,0.423713892698288,0.423995435237885,-0.0475543215870857,-0.0713746845722198,-0.168204128742218,0.368084371089935,-0.168204307556152,0.368083387613297,-0.0475543215870857,-0.0713746845722198,0.423712074756622,0.424001038074493,-0.0475558191537857,-0.0713720694184303,-0.047554325312376,-0.0713746920228004,-0.168204128742218,0.368084371089935,-0.0475558191537857,-0.0713720694184303,0.423710912466049,0.424000114202499
8.26599979400635,0.423615872859955,0.423827260732651,-0.0475254505872726,-0.0713726580142975,-0.167961210012436,0.368227511644363,-0.047526940703392,-0.0713700279593468,-0.0475254505872726,-0.0713726580142975,0.423614650964737,0.423826366662979,-0.0475269369781017,-0.0713700205087662,-0.16796101629734,0.36822846531868,-0.167961210012436,0.368227511644363,-0.0475269369781017,-0.0713700205087662,0.423612952232361,0.423831969499588,-0.0475284680724144,-0.0713673755526543,-0.047526940703392,-0.0713700279593468,-0.16796101629734,0.36822846531868,-0.0475284680724144,-0.0713673755526543,0.423611670732498,0.423831045627594
8.26659965515137,0.42351633310318,0.423658281564713,-0.0474980510771275,-0.071368008852005,-0.167717829346657,0.368371486663818,-0.0474995747208595,-0.0713653638958931,-0.0474980510771275,-0.071368008852005,0.423515230417252,0.423657447099686,-0.0474995672702789,-0.0713653489947319,-0.1677176207304,0.368372440338135,-0.167717829346657,0.368371486663818,-0.0474995709955692,-0.0713653564453125,0.423513382673264,0.423663020133972,-0.0475010573863983,-0.0713627263903618,-0.0474995747208595,-0.0713653638958931,-0.1677176207304,0.368372440338135,-0.0475010573863983,-0.0713627263903618,0.423512250185013,0.423662126064301
8.2672004699707,0.423416554927826,0.423489451408386,-0.0474706962704659,-0.0713633596897125,-0.167474299669266,0.368515342473984,-0.0474722199141979,-0.0713606998324394,-0.0474706962704659,-0.0713633596897125,0.42341548204422,0.423488557338715,-0.0474722161889076,-0.0713606923818588,-0.167474001646042,0.368516266345978,-0.167474299669266,0.368515342473984,-0.0474722161889076,-0.0713606923818588,0.423413634300232,0.423494130373001,-0.0474737025797367,-0.0713580623269081,-0.0474722199141979,-0.0713606998324394,-0.167474001646042,0.368516266345978,-0.0474737025797367,-0.0713580623269081,0.423412501811981,0.423493295907974
8.26780033111572,0.42331662774086,0.423320710659027,-0.0474433600902557,-0.0713587030768394,-0.167230382561684,0.368659049272537,-0.0474448427557945,-0.0713560730218887,-0.0474433600902557,-0.0713587030768394,0.42331537604332,0.423319846391678,-0.0474448390305042,-0.0713560655713081,-0.167230173945427,0.368659973144531,-0.167230382561684,0.368659049272537,-0.0474448390305042,-0.0713560655713081,0.423313677310944,0.423325419425964,-0.0474463663995266,-0.0713534131646156,-0.0474448427557945,-0.0713560730218887,-0.167230173945427,0.368659973144531,-0.0474463663995266,-0.0713534131646156,0.423312455415726,0.42332449555397
8.26840019226074,0.423216253519058,0.42315199971199,-0.0474160052835941,-0.0713540837168694,-0.166986331343651,0.368802607059479,-0.0474175177514553,-0.0713514238595963,-0.0474160052835941,-0.0713540837168694,0.42321503162384,0.423151165246964,-0.047417514026165,-0.0713514164090157,-0.166986122727394,0.368803560733795,-0.166986331343651,0.368802607059479,-0.047417514026165,-0.0713514164090157,0.423213332891464,0.423156797885895,-0.0474190078675747,-0.0713487863540649,-0.0474175177514553,-0.0713514238595963,-0.166986122727394,0.368803560733795,-0.0474190078675747,-0.0713487863540649,0.423212170600891,0.423155874013901
8.26900005340576,0.423115700483322,0.42298349738121,-0.0473886579275131,-0.0713494643568993,-0.166741982102394,0.368946075439453,-0.0473901778459549,-0.0713468044996262,-0.0473886579275131,-0.0713494643568993,0.423114567995071,0.422982662916183,-0.0473901741206646,-0.0713467970490456,-0.166741773486137,0.368946999311447,-0.166741967201233,0.368946045637131,-0.0473901741206646,-0.0713467970490456,0.423112720251083,0.42298823595047,-0.047391664236784,-0.0713441595435143,-0.0473901778459549,-0.0713468044996262,-0.166741773486137,0.368946999311447,-0.047391664236784,-0.0713441595435143,0.423111647367477,0.422987341880798
8.26959991455078,0.423014938831329,0.422815084457397,-0.0473613329231739,-0.0713448524475098,-0.166497319936752,0.369089394807816,-0.0473628491163254,-0.0713421925902367,-0.0473613329231739,-0.0713448524475098,0.423013657331467,0.422814190387726,-0.0473628453910351,-0.0713421851396561,-0.166497200727463,0.36909031867981,-0.166497319936752,0.369089394807816,-0.0473628453910351,-0.0713421851396561,0.423011988401413,0.422819823026657,-0.0473643317818642,-0.0713395476341248,-0.0473628491163254,-0.0713421925902367,-0.166497200727463,0.36909031867981,-0.0473643317818642,-0.0713395476341248,0.423010736703873,0.422818899154663
8.2701997756958,0.422913730144501,0.422646760940552,-0.0473340228199959,-0.0713402554392815,-0.166252613067627,0.369232535362244,-0.0473355017602444,-0.0713376104831696,-0.0473340228199959,-0.0713402554392815,0.42291259765625,0.42264586687088,-0.0473354980349541,-0.071337603032589,-0.16625240445137,0.36923348903656,-0.166252613067627,0.369232505559921,-0.0473354980349541,-0.071337603032589,0.422910809516907,0.422651469707489,-0.0473370179533958,-0.0713349431753159,-0.0473355017602444,-0.0713376104831696,-0.16625240445137,0.36923348903656,-0.0473370179533958,-0.0713349431753159,0.422909647226334,0.422650575637817
8.27079963684082,0.422812402248383,0.422478497028351,-0.047306727617979,-0.0713356584310532,-0.166007503867149,0.369375586509705,-0.0473082065582275,-0.0713330134749413,-0.047306727617979,-0.0713356584310532,0.422811239957809,0.422477662563324,-0.0473082028329372,-0.0713330060243607,-0.166007205843925,0.369376540184021,-0.166007503867149,0.369375586509705,-0.0473082028329372,-0.0713330060243607,0.422809541225433,0.42248323559761,-0.0473097190260887,-0.0713303461670876,-0.0473082065582275,-0.0713330134749413,-0.166007205843925,0.369376540184021,-0.0473097190260887,-0.0713303461670876,0.422808259725571,0.422482341527939
8.27140045166016,0.422710776329041,0.422310411930084,-0.0472794137895107,-0.0713310837745667,-0.165762200951576,0.369518488645554,-0.0472809225320816,-0.0713284239172935,-0.0472794137895107,-0.0713310837745667,0.422709494829178,0.422309547662735,-0.0472809188067913,-0.071328416466713,-0.16576199233532,0.36951944231987,-0.165762200951576,0.369518488645554,-0.0472809188067913,-0.071328416466713,0.422707825899124,0.422315150499344,-0.0472824089229107,-0.0713257789611816,-0.0472809225320816,-0.0713284239172935,-0.16576199233532,0.36951944231987,-0.0472824089229107,-0.0713257789611816,0.422706723213196,0.422314286231995
8.27200031280518,0.422608852386475,0.422142416238785,-0.0472521148622036,-0.0713265240192413,-0.165516674518585,0.369661271572113,-0.0472536236047745,-0.0713238567113876,-0.0472521148622036,-0.0713265240192413,0.422607630491257,0.422141551971436,-0.0472536198794842,-0.071323849260807,-0.165516451001167,0.369662225246429,-0.165516674518585,0.369661271572113,-0.0472536198794842,-0.071323849260807,0.422605931758881,0.4221470952034,-0.047255102545023,-0.0713212117552757,-0.0472536236047745,-0.0713238567113876,-0.165516451001167,0.369662225246429,-0.047255102545023,-0.0713212117552757,0.422604709863663,0.422146260738373
8.2726001739502,0.422506660223007,0.42197448015213,-0.0472248308360577,-0.0713219717144966,-0.165270835161209,0.369803905487061,-0.0472263395786285,-0.0713192969560623,-0.0472248606383801,-0.0713219493627548,0.422505438327789,0.421973645687103,-0.0472263358533382,-0.0713192969560623,-0.165270626544952,0.369804859161377,-0.165270835161209,0.369803905487061,-0.0472263358533382,-0.0713192969560623,0.422503739595413,0.421979248523712,-0.0472278147935867,-0.0713166519999504,-0.0472263395786285,-0.0713192969560623,-0.165270626544952,0.369804859161377,-0.0472278147935867,-0.0713166519999504,0.422502517700195,0.421978354454041
8.27320003509521,0.422404170036316,0.42180672287941,-0.0471975579857826,-0.0713174268603325,-0.165024876594543,0.369946390390396,-0.0471990704536438,-0.0713147521018982,-0.0471975579857826,-0.0713174268603325,0.422403007745743,0.421805828809738,-0.0471990592777729,-0.071314737200737,-0.16502457857132,0.369947344064713,-0.165024876594543,0.369946390390396,-0.0471990630030632,-0.0713147446513176,0.422401249408722,0.421811461448669,-0.0472005382180214,-0.0713120996952057,-0.0471990704536438,-0.0713147521018982,-0.16502457857132,0.369947344064713,-0.0472005382180214,-0.0713120996952057,0.422400116920471,0.42181059718132
8.27379989624023,0.422301441431046,0.421639025211334,-0.0471703074872494,-0.071312889456749,-0.164778515696526,0.370088756084442,-0.04717181250453,-0.0713102146983147,-0.0471703074872494,-0.071312889456749,0.422300219535828,0.421638190746307,-0.0471718050539494,-0.0713101997971535,-0.164778292179108,0.370089679956436,-0.164778515696526,0.370088756084442,-0.0471718087792397,-0.0713102072477341,0.422298550605774,0.421643793582916,-0.0471732839941978,-0.0713075622916222,-0.04717181250453,-0.0713102146983147,-0.164778292179108,0.370089679956436,-0.0471732839941978,-0.0713075622916222,0.422297328710556,0.421642929315567
8.27439975738525,0.422198444604874,0.421471446752548,-0.0471430644392967,-0.0713083446025848,-0.164532020688057,0.370230972766876,-0.0471445359289646,-0.0713056996464729,-0.047143068164587,-0.0713083520531654,0.422197222709656,0.421470642089844,-0.0471445322036743,-0.0713056921958923,-0.164531797170639,0.37023189663887,-0.164532020688057,0.370230972766876,-0.0471445322036743,-0.0713056921958923,0.422195583581924,0.42147621512413,-0.0471460409462452,-0.0713030248880386,-0.0471445359289646,-0.0713056996464729,-0.164531797170639,0.37023189663887,-0.0471460409462452,-0.0713030248880386,0.422194302082062,0.421475350856781
8.27499961853027,0.422095119953156,0.421304017305374,-0.0471158102154732,-0.0713038519024849,-0.164285212755203,0.370373010635376,-0.0471173115074635,-0.07130116969347,-0.0471158102154732,-0.0713038519024849,0.422094017267227,0.421303182840347,-0.0471173077821732,-0.07130116969347,-0.164284989237785,0.370373964309692,-0.164285212755203,0.370373010635376,-0.0471173077821732,-0.07130116969347,0.422092258930206,0.421308755874634,-0.0471187829971313,-0.0712985172867775,-0.0471173115074635,-0.07130116969347,-0.164284989237785,0.370373964309692,-0.0471187829971313,-0.0712985172867775,0.422090977430344,0.421307891607285
8.27560043334961,0.421991646289825,0.421136647462845,-0.0470886006951332,-0.0712993294000626,-0.164038196206093,0.370514959096909,-0.0470900684595108,-0.0712966769933701,-0.0470886006951332,-0.0712993294000626,0.421990513801575,0.421135812997818,-0.0470900647342205,-0.0712966695427895,-0.164037987589836,0.370515942573547,-0.164038196206093,0.370514959096909,-0.0470900647342205,-0.0712966695427895,0.421988725662231,0.421141415834427,-0.0470915697515011,-0.0712939947843552,-0.0470900684595108,-0.0712966769933701,-0.164037987589836,0.370515942573547,-0.0470915697515011,-0.0712939947843552,0.421987563371658,0.421140521764755
8.27620029449463,0.421887785196304,0.420969426631927,-0.0470613725483418,-0.0712948366999626,-0.163790971040726,0.370656788349152,-0.0470628403127193,-0.0712921842932701,-0.0470613725483418,-0.0712948366999626,0.421886593103409,0.420968562364578,-0.047062836587429,-0.0712921768426895,-0.163790673017502,0.370657712221146,-0.163790971040726,0.370656788349152,-0.047062836587429,-0.0712921768426895,0.421884924173355,0.420974165201187,-0.0470643416047096,-0.0712895020842552,-0.0470628403127193,-0.0712921842932701,-0.163790673017502,0.370657712221146,-0.0470643416047096,-0.0712895020842552,0.421883702278137,0.42097333073616
8.27680015563965,0.421783804893494,0.420802295207977,-0.0470341593027115,-0.0712903514504433,-0.163543432950974,0.37079843878746,-0.0470356196165085,-0.0712876915931702,-0.0470341593027115,-0.0712903514504433,0.421782553195953,0.420801401138306,-0.0470356158912182,-0.0712876841425896,-0.163543209433556,0.370799392461777,-0.163543432950974,0.37079843878746,-0.0470356158912182,-0.0712876841425896,0.421780943870544,0.420807033777237,-0.0470371246337891,-0.0712850168347359,-0.0470356196165085,-0.0712876915931702,-0.163543209433556,0.370799392461777,-0.0470371246337891,-0.0712850168347359,0.421779662370682,0.420806169509888
8.27740001678467,0.421679377555847,0.420635282993317,-0.0470069609582424,-0.0712858736515045,-0.163295671343803,0.370939970016479,-0.0470084212720394,-0.0712832137942314,-0.0470069646835327,-0.0712858811020851,0.421678185462952,0.42063444852829,-0.0470084175467491,-0.0712832063436508,-0.163295462727547,0.370940923690796,-0.163295671343803,0.370939970016479,-0.0470084175467491,-0.0712832063436508,0.42167654633522,0.420640081167221,-0.04700992628932,-0.0712805315852165,-0.0470084212720394,-0.0712832137942314,-0.163295462727547,0.370940923690796,-0.04700992628932,-0.0712805315852165,0.421675264835358,0.420639216899872
8.27799987792969,0.421574801206589,0.420468360185623,-0.0469797402620316,-0.0712814256548882,-0.163047701120377,0.371081322431564,-0.0469812080264091,-0.0712787657976151,-0.0469797402620316,-0.0712814256548882,0.421573549509048,0.420467525720596,-0.0469812043011189,-0.0712787583470345,-0.163047477602959,0.371082305908203,-0.163047701120377,0.371081322431564,-0.0469812043011189,-0.0712787583470345,0.421571880578995,0.420473128557205,-0.0469827055931091,-0.0712760835886002,-0.0469812080264091,-0.0712787657976151,-0.163047477602959,0.371082305908203,-0.0469827055931091,-0.0712760835886002,0.421570688486099,0.420472294092178
8.27859973907471,0.421469867229462,0.420301556587219,-0.0469525456428528,-0.0712769851088524,-0.162799417972565,0.371222585439682,-0.0469540357589722,-0.0712743028998375,-0.0469525456428528,-0.0712769851088524,0.421468764543533,0.420300722122192,-0.0469540320336819,-0.0712742954492569,-0.162799194455147,0.371223539113998,-0.162799417972565,0.371222585439682,-0.0469540320336819,-0.0712742954492569,0.42146697640419,0.420306354761124,-0.0469554997980595,-0.0712716355919838,-0.0469540357589722,-0.0712743028998375,-0.162799194455147,0.371223539113998,-0.0469555035233498,-0.0712716430425644,0.421465754508972,0.420305520296097
8.27919960021973,0.4213647544384,0.420134902000427,-0.0469253920018673,-0.0712725296616554,-0.162551000714302,0.371363699436188,-0.0469268523156643,-0.0712698623538017,-0.0469253920018673,-0.0712725296616554,0.421363532543182,0.4201340675354,-0.0469268448650837,-0.0712698549032211,-0.162550777196884,0.371364593505859,-0.162551000714302,0.371363699436188,-0.046926848590374,-0.0712698549032211,0.421361804008484,0.420139729976654,-0.0469283498823643,-0.0712671726942062,-0.0469268523156643,-0.0712698623538017,-0.162550687789917,0.371364653110504,-0.0469283498823643,-0.0712671726942062,0.421360641717911,0.420138865709305
8.27980041503906,0.421259224414825,0.419968336820602,-0.04689821600914,-0.0712680965662003,-0.16230221092701,0.371504664421082,-0.046899676322937,-0.0712654367089272,-0.04689821600914,-0.0712680965662003,0.42125803232193,0.419967502355576,-0.0468996688723564,-0.071265421807766,-0.162302061915398,0.371505588293076,-0.16230221092701,0.371504664421082,-0.0468996725976467,-0.0712654292583466,0.421256393194199,0.419973134994507,-0.0469011701643467,-0.0712627395987511,-0.046899676322937,-0.0712654367089272,-0.162302061915398,0.371505588293076,-0.0469011701643467,-0.0712627395987511,0.421255111694336,0.419972240924835
8.28040027618408,0.421153515577316,0.41980192065239,-0.0468710623681545,-0.0712636783719063,-0.162053257226944,0.371645450592041,-0.0468725189566612,-0.0712610110640526,-0.0468710623681545,-0.0712636783719063,0.421152383089066,0.419800996780396,-0.0468725152313709,-0.071261003613472,-0.162053033709526,0.371646404266357,-0.162053257226944,0.371645450592041,-0.0468725152313709,-0.071261003613472,0.421150654554367,0.419806659221649,-0.0468740127980709,-0.0712583214044571,-0.0468725189566612,-0.0712610110640526,-0.162053033709526,0.371646404266357,-0.0468740127980709,-0.0712583214044571,0.421149462461472,0.419805854558945
8.2810001373291,0.421047538518906,0.419635593891144,-0.0468438863754272,-0.0712592899799347,-0.161804109811783,0.371786117553711,-0.0468453727662563,-0.071256585419178,-0.0468439236283302,-0.0712592676281929,0.421046376228333,0.419634699821472,-0.046845369040966,-0.071256585419178,-0.161803886294365,0.371787071228027,-0.161804109811783,0.371786117553711,-0.046845369040966,-0.071256585419178,0.421044677495956,0.419640392065048,-0.046846866607666,-0.0712538957595825,-0.0468453727662563,-0.071256585419178,-0.161803886294365,0.371787071228027,-0.046846866607666,-0.0712538957595825,0.421043515205383,0.419639468193054
8.28159999847412,0.420941293239594,0.419469326734543,-0.0468167625367641,-0.0712548792362213,-0.161554649472237,0.371926665306091,-0.0468182153999805,-0.071252204477787,-0.0468167625367641,-0.0712548792362213,0.420940071344376,0.419468522071838,-0.0468182116746902,-0.0712521970272064,-0.161554336547852,0.371927618980408,-0.161554634571075,0.371926635503769,-0.0468182116746902,-0.0712521970272064,0.420938491821289,0.419474124908447,-0.0468197055160999,-0.0712495148181915,-0.0468182153999805,-0.071252204477787,-0.161554336547852,0.371927618980408,-0.0468197055160999,-0.0712495148181915,0.420937210321426,0.41947329044342
8.28219985961914,0.420834809541702,0.419303268194199,-0.046789612621069,-0.0712504982948303,-0.161304876208305,0.372067034244537,-0.046791099011898,-0.0712478011846542,-0.046789612621069,-0.0712504982948303,0.420833557844162,0.419302403926849,-0.0467910952866077,-0.0712477937340736,-0.161304652690887,0.372067987918854,-0.161304876208305,0.372067034244537,-0.0467910952866077,-0.0712477937340736,0.420831948518753,0.419308066368103,-0.0467925556004047,-0.0712451264262199,-0.046791099011898,-0.0712478011846542,-0.161304652690887,0.372067987918854,-0.0467925556004047,-0.0712451264262199,0.420830696821213,0.419307202100754
8.28279972076416,0.420728027820587,0.419137269258499,-0.0467625185847282,-0.0712461024522781,-0.161054894328117,0.372207283973694,-0.0467639677226543,-0.0712434351444244,-0.0467625185847282,-0.0712461024522781,0.420726776123047,0.419136434793472,-0.0467639602720737,-0.0712434202432632,-0.161054670810699,0.37220823764801,-0.161054894328117,0.372207283973694,-0.046763963997364,-0.0712434276938438,0.420725166797638,0.419142097234726,-0.046765424311161,-0.0712407603859901,-0.0467639677226543,-0.0712434351444244,-0.161054670810699,0.37220823764801,-0.046765424311161,-0.0712407603859901,0.420723915100098,0.419141232967377
8.28339958190918,0.420620918273926,0.418971419334412,-0.0467353984713554,-0.0712417364120483,-0.160804688930511,0.372347384691238,-0.0467368550598621,-0.071239061653614,-0.0467354021966457,-0.0712417438626289,0.420619696378708,0.418970584869385,-0.0467368513345718,-0.071239061653614,-0.160804465413094,0.372348308563232,-0.160804688930511,0.372347384691238,-0.0467368513345718,-0.071239061653614,0.420618087053299,0.418976247310638,-0.0467383377254009,-0.071236364543438,-0.0467368550598621,-0.071239061653614,-0.160804465413094,0.372348308563232,-0.0467383377254009,-0.071236364543438,0.420616835355759,0.418975353240967
8.28400039672852,0.42051362991333,0.418805629014969,-0.0467082671821117,-0.0712374001741409,-0.160554260015488,0.372487336397171,-0.0467097871005535,-0.0712346807122231,-0.0467083044350147,-0.0712373778223991,0.42051237821579,0.418804794549942,-0.0467097833752632,-0.0712346732616425,-0.16055403649807,0.372488260269165,-0.160554260015488,0.372487336397171,-0.0467097833752632,-0.0712346732616425,0.420510679483414,0.418810486793518,-0.0467112362384796,-0.0712320059537888,-0.0467097498476505,-0.0712346956133842,-0.16055403649807,0.372488260269165,-0.0467112362384796,-0.0712320059537888,0.420509546995163,0.418809622526169
8.28460025787354,0.420406013727188,0.418640047311783,-0.0466812178492546,-0.0712330266833305,-0.16030353307724,0.372627139091492,-0.0466826632618904,-0.0712303519248962,-0.0466812178492546,-0.0712330266833305,0.42040479183197,0.418639183044434,-0.0466826558113098,-0.071230337023735,-0.16030341386795,0.372628062963486,-0.16030353307724,0.372627139091492,-0.0466826558113098,-0.071230337023735,0.420403093099594,0.41864487528801,-0.0466841496527195,-0.0712276473641396,-0.0466826595366001,-0.0712303444743156,-0.16030341386795,0.372628062963486,-0.0466841496527195,-0.0712276473641396,0.420401960611343,0.418643951416016
8.28520011901855,0.420298218727112,0.418474495410919,-0.046654112637043,-0.0712287127971649,-0.160052478313446,0.372766822576523,-0.0466555915772915,-0.0712260156869888,-0.046654112637043,-0.0712287127971649,0.420296996831894,0.41847363114357,-0.0466555878520012,-0.0712260082364082,-0.160052433609962,0.37276765704155,-0.160052478313446,0.372766822576523,-0.0466555878520012,-0.0712260082364082,0.420295417308807,0.418479233980179,-0.0466570407152176,-0.0712233260273933,-0.0466555915772915,-0.0712260156869888,-0.160052433609962,0.37276765704155,-0.0466570407152176,-0.0712233260273933,0.420294165611267,0.418478399515152
8.28579998016357,0.420189946889877,0.418309181928635,-0.046627052128315,-0.0712243765592575,-0.159801408648491,0.372906267642975,-0.0466285012662411,-0.071221686899662,-0.046627052128315,-0.0712243765592575,0.420188933610916,0.418308168649673,-0.0466284975409508,-0.0712216794490814,-0.159801185131073,0.372907221317291,-0.159801408648491,0.372906267642975,-0.0466284975409508,-0.0712216794490814,0.42018711566925,0.418313980102539,-0.0466299764811993,-0.0712189897894859,-0.0466285012662411,-0.071221686899662,-0.159801185131073,0.372907221317291,-0.0466299764811993,-0.0712189897894859,0.420185893774033,0.41831311583519
8.28639984130859,0.420081585645676,0.418143898248672,-0.046599980443716,-0.0712200701236725,-0.159550026059151,0.373045593500137,-0.0466014258563519,-0.0712173730134964,-0.046599980443716,-0.0712200701236725,0.420080304145813,0.418143033981323,-0.0466014221310616,-0.0712173655629158,-0.159549623727798,0.373046636581421,-0.159550026059151,0.373045593500137,-0.0466014556586742,-0.0712173581123352,0.420078754425049,0.418148666620255,-0.0466029085218906,-0.0712146759033203,-0.0466014258563519,-0.0712173730134964,-0.159549623727798,0.373046636581421,-0.0466029085218906,-0.0712146759033203,0.420077502727509,0.418147802352905
8.28699970245361,0.419972896575928,0.417978733778,-0.0465729236602783,-0.0712157562375069,-0.159298345446587,0.373184829950333,-0.0465743951499462,-0.0712130591273308,-0.0465729236602783,-0.0712157562375069,0.41997167468071,0.417977899312973,-0.0465743914246559,-0.0712130516767502,-0.159297928214073,0.373185873031616,-0.159298345446587,0.373184829950333,-0.0465743914246559,-0.0712130516767502,0.419970095157623,0.417983502149582,-0.0465758368372917,-0.0712103620171547,-0.0465743951499462,-0.0712130591273308,-0.159297928214073,0.373185873031616,-0.0465758368372917,-0.0712103620171547,0.419968843460083,0.417982637882233
8.28759956359863,0.419863939285278,0.417813688516617,-0.0465458780527115,-0.0712114721536636,-0.159046337008476,0.373323947191238,-0.0465473495423794,-0.071208767592907,-0.0465458780527115,-0.071211464703083,0.419862687587738,0.417812824249268,-0.0465473420917988,-0.0712087526917458,-0.159046113491058,0.373324871063232,-0.159046337008476,0.373323947191238,-0.0465473420917988,-0.0712087526917458,0.419861108064651,0.417818456888199,-0.0465487912297249,-0.0712060704827309,-0.0465473160147667,-0.0712087750434875,-0.159046113491058,0.373324871063232,-0.0465487912297249,-0.0712060704827309,0.419859886169434,0.41781759262085
8.28820037841797,0.419754654169083,0.417648792266846,-0.0465188436210155,-0.0712071806192398,-0.158794224262238,0.373462855815887,-0.0465202853083611,-0.0712044835090637,-0.0465188436210155,-0.0712071806192398,0.419753611087799,0.41764771938324,-0.0465202778577805,-0.0712044686079025,-0.158793985843658,0.373463809490204,-0.158794224262238,0.373462855815887,-0.0465202815830708,-0.0712044760584831,0.419751852750778,0.417653560638428,-0.0465217567980289,-0.071201778948307,-0.0465202853083611,-0.0712044835090637,-0.158793985843658,0.373463809490204,-0.0465217567980289,-0.0712017714977264,0.419750601053238,0.417652696371078
8.28880023956299,0.419645100831985,0.417484015226364,-0.0464917980134487,-0.0712029114365578,-0.158541783690453,0.373601615428925,-0.0464932657778263,-0.0712002068758011,-0.0464917980134487,-0.0712029114365578,0.419643878936768,0.41748321056366,-0.046493262052536,-0.0712001994252205,-0.158541545271873,0.373602569103241,-0.158541783690453,0.373601615428925,-0.046493262052536,-0.0712001994252205,0.419642329216003,0.417488813400269,-0.0464947372674942,-0.0711974948644638,-0.0464932657778263,-0.0712002068758011,-0.158541545271873,0.373602569103241,-0.0464947409927845,-0.0711975023150444,0.419641077518463,0.417487978935242
8.28940010070801,0.419535458087921,0.41731920838356,-0.0464647971093655,-0.0711986348032951,-0.158289030194283,0.373740255832672,-0.0464662313461304,-0.071195937693119,-0.0464647971093655,-0.0711986348032951,0.419534236192703,0.417318403720856,-0.0464662238955498,-0.071195937693119,-0.158288985490799,0.373741120100021,-0.158289030194283,0.373740255832672,-0.0464662238955498,-0.071195937693119,0.41953244805336,0.417324155569077,-0.0464677028357983,-0.071193240582943,-0.0464662313461304,-0.071195937693119,-0.158288985490799,0.373741120100021,-0.0464677028357983,-0.071193240582943,0.419531434774399,0.417323142290115
8.28999996185303,0.419425517320633,0.417154550552368,-0.0464377738535404,-0.0711943879723549,-0.158036351203918,0.373878657817841,-0.0464392453432083,-0.0711916834115982,-0.0464377738535404,-0.0711943879723549,0.419424116611481,0.417153924703598,-0.046439241617918,-0.0711916759610176,-0.158035948872566,0.373879700899124,-0.158036351203918,0.373878657817841,-0.046439241617918,-0.0711916759610176,0.41942235827446,0.417159765958786,-0.0464406833052635,-0.0711889714002609,-0.0464392453432083,-0.0711916834115982,-0.158035948872566,0.373879700899124,-0.0464406833052635,-0.0711889714002609,0.41942110657692,0.417158901691437
8.29059982299805,0.419315099716187,0.416990280151367,-0.0464107692241669,-0.0711901485919952,-0.157783180475235,0.374016970396042,-0.0464122369885445,-0.071187436580658,-0.0464107692241669,-0.0711901485919952,0.419313848018646,0.416989386081696,-0.0464122332632542,-0.071187436580658,-0.157782942056656,0.374017924070358,-0.157783180475235,0.374016970396042,-0.0464122332632542,-0.071187436580658,0.419312089681625,0.416995227336884,-0.0464136712253094,-0.0711847320199013,-0.0464122369885445,-0.071187436580658,-0.157782942056656,0.374017924070358,-0.0464136712253094,-0.0711847320199013,0.419311046600342,0.4169941842556
8.29119968414307,0.419204354286194,0.416826069355011,-0.0463837794959545,-0.0711859166622162,-0.157529696822166,0.374155193567276,-0.0463852472603321,-0.0711832121014595,-0.0463837794959545,-0.0711859166622162,0.419203102588654,0.416825205087662,-0.0463852398097515,-0.0711831972002983,-0.157529458403587,0.37415611743927,-0.157529696822166,0.374155193567276,-0.0463852398097515,-0.0711831972002983,0.419201612472534,0.416830867528915,-0.046386681497097,-0.0711804926395416,-0.0463852435350418,-0.0711832046508789,-0.157529458403587,0.37415611743927,-0.046386681497097,-0.0711804926395416,0.419200360774994,0.416830033063889
8.29179954528809,0.419093370437622,0.416662037372589,-0.0463568046689034,-0.0711816847324371,-0.157276079058647,0.374293208122253,-0.0463582724332809,-0.0711789801716805,-0.0463568046689034,-0.0711816847324371,0.419092297554016,0.416660964488983,-0.0463582649827003,-0.0711789652705193,-0.157275840640068,0.37429416179657,-0.157276079058647,0.374293208122253,-0.0463582687079906,-0.0711789727210999,0.419090569019318,0.416666835546494,-0.0463597066700459,-0.0711762681603432,-0.0463582724332809,-0.0711789801716805,-0.157275840640068,0.37429416179657,-0.0463597066700459,-0.0711762681603432,0.419089287519455,0.416665941476822
8.29240036010742,0.418982237577438,0.4164979159832,-0.0463298410177231,-0.0711774751543999,-0.157022148370743,0.374431073665619,-0.046331275254488,-0.0711747631430626,-0.0463298410177231,-0.0711774751543999,0.418980956077576,0.416497081518173,-0.0463312715291977,-0.071174755692482,-0.157021924853325,0.374432027339935,-0.157022148370743,0.374431073665619,-0.0463312715291977,-0.071174755692482,0.418979495763779,0.416502743959427,-0.0463327392935753,-0.0711720511317253,-0.046331275254488,-0.0711747631430626,-0.157021924853325,0.374432027339935,-0.0463327392935753,-0.0711720511317253,0.418978214263916,0.4165019094944
8.29300022125244,0.41887104511261,0.416333794593811,-0.0463028661906719,-0.0711732730269432,-0.156768098473549,0.374568730592728,-0.0463043265044689,-0.0711705610156059,-0.0463028661906719,-0.0711732730269432,0.418869614601135,0.416333168745041,-0.0463043227791786,-0.0711705535650253,-0.15676786005497,0.374569684267044,-0.156768098473549,0.374568730592728,-0.0463043227791786,-0.0711705535650253,0.418868243694305,0.416338562965393,-0.0463057570159435,-0.0711678490042686,-0.0463043265044689,-0.0711705610156059,-0.15676786005497,0.374569684267044,-0.0463057570159435,-0.0711678490042686,0.418866813182831,0.416337937116623
8.29360008239746,0.418759167194366,0.416170179843903,-0.0462759025394917,-0.0711690932512283,-0.156513750553131,0.374706298112869,-0.0462773628532887,-0.0711663737893105,-0.0462759025394917,-0.0711690932512283,0.418757885694504,0.416169345378876,-0.0462773591279984,-0.0711663737893105,-0.156513497233391,0.374707221984863,-0.15651373565197,0.374706268310547,-0.0462773591279984,-0.0711663737893105,0.418756395578384,0.416174978017807,-0.0462788231670856,-0.071163646876812,-0.0462773628532887,-0.0711663737893105,-0.156513497233391,0.374707221984863,-0.0462788231670856,-0.071163646876812,0.418755143880844,0.41617414355278
8.29419994354248,0.418647170066833,0.416006505489349,-0.046248983591795,-0.0711648985743523,-0.156259074807167,0.374843716621399,-0.0462504141032696,-0.071162186563015,-0.046248983591795,-0.0711648985743523,0.418645948171616,0.416005671024323,-0.046250406652689,-0.0711621791124344,-0.156258836388588,0.374844640493393,-0.156259074807167,0.374843716621399,-0.046250406652689,-0.0711621791124344,0.418644428253174,0.416011333465576,-0.0462518706917763,-0.0711594745516777,-0.0462504141032696,-0.071162186563015,-0.156258836388588,0.374844640493393,-0.0462518706917763,-0.0711594745516777,0.418643146753311,0.416010469198227
8.2947998046875,0.418535113334656,0.415842801332474,-0.0462220497429371,-0.0711607336997986,-0.156004279851913,0.374980926513672,-0.0462234728038311,-0.0711580142378807,-0.0462220497429371,-0.0711607336997986,0.418533891439438,0.415841996669769,-0.0462234690785408,-0.0711580067873001,-0.156004056334496,0.374981880187988,-0.156004279851913,0.374980926513672,-0.0462234690785408,-0.0711580067873001,0.418532162904739,0.415847808122635,-0.0462249368429184,-0.0711552947759628,-0.0462234728038311,-0.0711580142378807,-0.156004056334496,0.374981880187988,-0.0462249368429184,-0.0711552947759628,0.418531090021133,0.415846765041351
8.29539966583252,0.418422549962997,0.415679454803467,-0.0461950935423374,-0.0711565762758255,-0.155749171972275,0.375117987394333,-0.0461965501308441,-0.071153849363327,-0.0461950935423374,-0.0711565762758255,0.418421298265457,0.415678590536118,-0.0461965464055538,-0.071153849363327,-0.155748754739761,0.375119030475616,-0.155749171972275,0.375117987394333,-0.0461965464055538,-0.071153849363327,0.418419778347015,0.415684223175049,-0.0461979769170284,-0.0711511373519897,-0.0461965501308441,-0.071153849363327,-0.155748754739761,0.375119030475616,-0.0461980141699314,-0.0711511299014091,0.418418556451797,0.415683388710022
8.29599952697754,0.418309718370438,0.415516227483749,-0.0461681894958019,-0.0711524188518524,-0.155493780970573,0.375254988670349,-0.0461696460843086,-0.0711496993899345,-0.0461681894958019,-0.0711524188518524,0.418308466672897,0.4155153632164,-0.0461696423590183,-0.0711496919393539,-0.155493542551994,0.375255912542343,-0.155493780970573,0.375254988670349,-0.0461696423590183,-0.0711496919393539,0.418306976556778,0.415521025657654,-0.0461710728704929,-0.0711469799280167,-0.0461696460843086,-0.0711496993899345,-0.155493527650833,0.375255882740021,-0.0461710728704929,-0.0711469799280167,0.418305695056915,0.415520191192627
8.29660034179688,0.418196767568588,0.415352940559387,-0.0461413003504276,-0.0711482837796211,-0.15523824095726,0.375391751527786,-0.0461427196860313,-0.0711455568671227,-0.0461413003504276,-0.0711482837796211,0.41819554567337,0.415352076292038,-0.046142715960741,-0.0711455494165421,-0.155237823724747,0.375392735004425,-0.15523824095726,0.375391751527786,-0.046142715960741,-0.0711455494165421,0.418194025754929,0.415357738733292,-0.0461441725492477,-0.0711428299546242,-0.0461427196860313,-0.0711455568671227,-0.155237823724747,0.375392735004425,-0.0461441725492477,-0.0711428299546242,0.418192744255066,0.415356904268265
8.29720020294189,0.418083369731903,0.415190011262894,-0.0461143851280212,-0.0711441412568092,-0.154982388019562,0.375528335571289,-0.0461158379912376,-0.0711414143443108,-0.0461143888533115,-0.0711441487073898,0.418082118034363,0.415189176797867,-0.0461158342659473,-0.0711414068937302,-0.154981970787048,0.37552934885025,-0.154982388019562,0.375528335571289,-0.0461158342659473,-0.0711414068937302,0.418080627918243,0.415194809436798,-0.0461172610521317,-0.0711387023329735,-0.0461158379912376,-0.0711414143443108,-0.154981970787048,0.37552934885025,-0.0461172610521317,-0.0711387023329735,0.418079376220703,0.415193974971771
8.29780006408691,0.417969882488251,0.415027022361755,-0.0460874922573566,-0.0711400285363197,-0.15472623705864,0.375664860010147,-0.0460889413952827,-0.0711373016238213,-0.0460874922573566,-0.0711400285363197,0.417968600988388,0.415026187896729,-0.0460889376699924,-0.0711372941732407,-0.154725983738899,0.375665754079819,-0.15472623705864,0.375664860010147,-0.0460889376699924,-0.0711372941732407,0.417966932058334,0.415032029151917,-0.0460903607308865,-0.0711345747113228,-0.0460889413952827,-0.0711373016238213,-0.154725983738899,0.375665754079819,-0.0460903607308865,-0.0711345747113228,0.417965680360794,0.415031164884567
8.29839992523193,0.417855888605118,0.414864391088486,-0.0460606142878532,-0.0711359232664108,-0.154469951987267,0.375801116228104,-0.0460620634257793,-0.0711331889033318,-0.0460606142878532,-0.0711359232664108,0.417854607105255,0.414863497018814,-0.0460620559751987,-0.0711331814527512,-0.154469534754753,0.375802129507065,-0.154469951987267,0.375801116228104,-0.046062059700489,-0.0711331814527512,0.417853116989136,0.41486918926239,-0.0460634790360928,-0.0711304619908333,-0.0460620634257793,-0.0711331889033318,-0.154469534754753,0.375802129507065,-0.0460634790360928,-0.0711304619908333,0.417851865291595,0.414868295192719
8.29899978637695,0.417741984128952,0.41470143198967,-0.0460337474942207,-0.0711318254470825,-0.15421336889267,0.375937283039093,-0.0460351966321468,-0.0711290910840034,-0.0460337474942207,-0.0711318254470825,0.417740494012833,0.4147008061409,-0.0460351891815662,-0.0711290761828423,-0.154213115572929,0.375938206911087,-0.15421336889267,0.375937253236771,-0.0460351929068565,-0.0711290836334229,0.417738825082779,0.414706647396088,-0.0460366122424603,-0.0711263567209244,-0.0460351593792439,-0.0711291059851646,-0.154213115572929,0.375938206911087,-0.0460366122424603,-0.0711263567209244,0.417737573385239,0.414705783128738
8.29959964752197,0.417627185583115,0.414539307355881,-0.0460068918764591,-0.0711277350783348,-0.153956472873688,0.37607330083847,-0.0460083074867725,-0.0711250007152557,-0.0460068918764591,-0.0711277350783348,0.417626142501831,0.414538234472275,-0.0460083037614822,-0.0711250007152557,-0.153956219553947,0.376074224710464,-0.153956472873688,0.37607330083847,-0.0460083037614822,-0.0711250007152557,0.417624473571777,0.414544105529785,-0.0460097603499889,-0.0711222663521767,-0.0460083074867725,-0.0711250007152557,-0.153956219553947,0.376074224710464,-0.0460097603499889,-0.0711222663521767,0.417623192071915,0.414543211460114
8.30020046234131,0.417512565851212,0.414376854896545,-0.0459800250828266,-0.0711236596107483,-0.153699442744255,0.376209110021591,-0.0459814704954624,-0.0711209252476692,-0.0459800250828266,-0.0711236596107483,0.417511522769928,0.414375811815262,-0.0459814667701721,-0.0711209177970886,-0.15369901061058,0.37621009349823,-0.153699427843094,0.376209080219269,-0.0459814667701721,-0.071120910346508,0.417509824037552,0.414381682872772,-0.0459828823804855,-0.0711181908845901,-0.0459814704954624,-0.0711209252476692,-0.15369901061058,0.37621009349823,-0.0459828823804855,-0.0711181908845901,0.417508572340012,0.414380818605423
8.30080032348633,0.417397826910019,0.41421440243721,-0.0459532029926777,-0.0711195841431618,-0.153442099690437,0.376344799995422,-0.0459546148777008,-0.0711168423295021,-0.0459532029926777,-0.0711195841431618,0.417396575212479,0.414213538169861,-0.0459546074271202,-0.0711168423295021,-0.153441861271858,0.376345723867416,-0.153442099690437,0.376344799995422,-0.0459546074271202,-0.0711168423295021,0.417394906282425,0.414219379425049,-0.0459560602903366,-0.0711141154170036,-0.0459546148777008,-0.0711168423295021,-0.153441861271858,0.376345723867416,-0.0459560602903366,-0.0711141154170036,0.417393624782562,0.414218544960022
8.30140018463135,0.417282581329346,0.414052307605743,-0.045926358550787,-0.0711155235767365,-0.153184458613396,0.376480340957642,-0.0459277704358101,-0.0711127892136574,-0.045926358550787,-0.0711155235767365,0.417281359434128,0.414051413536072,-0.0459277667105198,-0.0711127892136574,-0.153184220194817,0.376481264829636,-0.153184458613396,0.376480340957642,-0.0459277667105198,-0.0711127892136574,0.417279690504074,0.41405725479126,-0.0459292158484459,-0.0711100548505783,-0.0459277704358101,-0.0711127892136574,-0.153184220194817,0.376481264829636,-0.0459292158484459,-0.0711100548505783,0.417278617620468,0.414056211709976
8.30200004577637,0.417166888713837,0.413890510797501,-0.0458995327353477,-0.0711114853620529,-0.152926698327065,0.376615673303604,-0.0459009744226933,-0.0711087360978127,-0.0458995327353477,-0.0711114704608917,0.417165637016296,0.413889646530151,-0.0459009669721127,-0.0711087286472321,-0.152926459908485,0.376616597175598,-0.152926698327065,0.376615673303604,-0.045900970697403,-0.0711087286472321,0.417164176702499,0.413895279169083,-0.0459023863077164,-0.0711060017347336,-0.0459009408950806,-0.0711087509989738,-0.152926459908485,0.376616597175598,-0.0459023863077164,-0.0711060017347336,0.417162895202637,0.413894414901733
8.30259990692139,0.417051315307617,0.413728445768356,-0.0458727218210697,-0.0711074471473694,-0.152668610215187,0.376750856637955,-0.0458741262555122,-0.0711046978831291,-0.0458727218210697,-0.0711074471473694,0.417050033807755,0.413727611303329,-0.0458741225302219,-0.0711046904325485,-0.152668371796608,0.376751840114594,-0.152668610215187,0.376750856637955,-0.0458741523325443,-0.0711046829819679,0.417048364877701,0.413733452558517,-0.0458755679428577,-0.0711019560694695,-0.0458741262555122,-0.0711046978831291,-0.152668356895447,0.376751810312271,-0.0458755679428577,-0.0711019560694695,0.417047321796417,0.413732409477234
8.30319976806641,0.416935205459595,0.413566738367081,-0.0458459258079529,-0.0711034163832664,-0.15241040289402,0.376885861158371,-0.0458473265171051,-0.0711006745696068,-0.0458459258079529,-0.0711034163832664,0.416933983564377,0.413565933704376,-0.0458473227918148,-0.0711006671190262,-0.152409985661507,0.37688684463501,-0.15241040289402,0.376885861158371,-0.0458473227918148,-0.0711006671190262,0.416932314634323,0.413571774959564,-0.0458487719297409,-0.0710979327559471,-0.0458473265171051,-0.0711006745696068,-0.152409985661507,0.37688684463501,-0.0458487719297409,-0.0710979327559471,0.416931062936783,0.413570910692215
8.30379962921143,0.416819095611572,0.413405030965805,-0.0458191074430943,-0.0710994005203247,-0.152151718735695,0.377020806074142,-0.0458205454051495,-0.071096658706665,-0.0458191409707069,-0.0710993930697441,0.416817605495453,0.41340434551239,-0.0458205342292786,-0.0710966438055038,-0.152151480317116,0.377021700143814,-0.152151718735695,0.377020806074142,-0.0458205416798592,-0.0710966512560844,0.416815966367722,0.413410246372223,-0.045821949839592,-0.0710939168930054,-0.0458205454051495,-0.071096658706665,-0.152151465415955,0.377021670341492,-0.045821949839592,-0.0710939168930054,0.416814714670181,0.413409352302551
8.30440044403076,0.416702449321747,0.413243621587753,-0.0457923337817192,-0.071095384657383,-0.151892900466919,0.377155482769012,-0.0457937382161617,-0.0710926428437233,-0.0457923337817192,-0.071095384657383,0.416701167821884,0.413242787122726,-0.0457937344908714,-0.0710926428437233,-0.151892825961113,0.377156347036362,-0.151892900466919,0.377155482769012,-0.0457937344908714,-0.0710926428437233,0.41669949889183,0.413248628377914,-0.0457951836287975,-0.0710899010300636,-0.0457937382161617,-0.0710926428437233,-0.151892825961113,0.377156347036362,-0.0457951836287975,-0.0710899010300636,0.416698068380356,0.4132479429245
8.30500030517578,0.416585505008698,0.413082361221313,-0.0457655526697636,-0.071091391146183,-0.151633948087692,0.377290010452271,-0.0457669869065285,-0.0710886418819427,-0.0457655526697636,-0.071091391146183,0.416584253311157,0.413081526756287,-0.0457669757306576,-0.0710886269807816,-0.151633694767952,0.377290934324265,-0.151633948087692,0.377290010452271,-0.0457669794559479,-0.0710886344313622,0.416582584381104,0.413087338209152,-0.0457683876156807,-0.0710858926177025,-0.0457669533789158,-0.0710886493325233,-0.151633694767952,0.377290934324265,-0.0457683876156807,-0.0710858926177025,0.416581511497498,0.413086265325546
8.3056001663208,0.416468292474747,0.412921220064163,-0.0457387790083885,-0.0710873976349831,-0.151374697685242,0.377424389123917,-0.0457402095198631,-0.0710846558213234,-0.0457387790083885,-0.0710873976349831,0.416467070579529,0.412920385599136,-0.0457402057945728,-0.0710846483707428,-0.151374250650406,0.377425402402878,-0.151374697685242,0.377424389123917,-0.0457402057945728,-0.0710846483707428,0.416465610265732,0.41292604804039,-0.0457416139543056,-0.0710819065570831,-0.0457402095198631,-0.0710846558213234,-0.151374250650406,0.377425402402878,-0.0457416139543056,-0.0710819065570831,0.416464328765869,0.412925213575363
8.30620002746582,0.416350841522217,0.412760138511658,-0.0457120165228844,-0.0710834264755249,-0.151115119457245,0.377558588981628,-0.0457134544849396,-0.0710806772112846,-0.0457120165228844,-0.0710834264755249,0.416349560022354,0.412759333848953,-0.045713447034359,-0.0710806623101234,-0.151114866137505,0.377559542655945,-0.151115119457245,0.377558588981628,-0.045713447034359,-0.0710806623101234,0.416348040103912,0.412765115499496,-0.0457148551940918,-0.0710779204964638,-0.0457134544849396,-0.0710806772112846,-0.151114866137505,0.377559542655945,-0.0457148551940918,-0.0710779204964638,0.416346788406372,0.412764251232147
8.30679988861084,0.416233122348785,0.412599265575409,-0.0456852726638317,-0.0710794553160667,-0.15085543692112,0.377692639827728,-0.0456867069005966,-0.0710767060518265,-0.0456852726638317,-0.0710794553160667,0.416231900453568,0.412598371505737,-0.045686699450016,-0.0710766986012459,-0.150854989886284,0.377693653106689,-0.15085543692112,0.377692639827728,-0.045686699450016,-0.0710766986012459,0.416230350732803,0.412604182958603,-0.0456881076097488,-0.0710739642381668,-0.0456867069005966,-0.0710767060518265,-0.150854989886284,0.377693653106689,-0.0456881076097488,-0.0710739493370056,0.416229099035263,0.412603318691254
8.30739974975586,0.416115194559097,0.41243851184845,-0.0456585474312305,-0.0710755065083504,-0.150595247745514,0.377826541662216,-0.0456599406898022,-0.0710727423429489,-0.0456585474312305,-0.0710755065083504,0.416113972663879,0.412437677383423,-0.0456599369645119,-0.0710727348923683,-0.150594994425774,0.377827525138855,-0.150595247745514,0.377826541662216,-0.0456599369645119,-0.0710727348923683,0.416112422943115,0.412443429231644,-0.0456613749265671,-0.0710699930787086,-0.0456599406898022,-0.0710727423429489,-0.150594994425774,0.377827525138855,-0.0456613749265671,-0.0710699930787086,0.416111171245575,0.412442564964294
8.30799961090088,0.415996968746185,0.41227787733078,-0.0456317961215973,-0.0710715502500534,-0.150334939360619,0.377960324287415,-0.0456332303583622,-0.0710688084363937,-0.0456317961215973,-0.0710715502500534,0.415995717048645,0.412277042865753,-0.0456332191824913,-0.0710687935352325,-0.150334686040878,0.377961218357086,-0.150334939360619,0.377960324287415,-0.0456332229077816,-0.0710688009858131,0.415994197130203,0.412282794713974,-0.0456346236169338,-0.0710660442709923,-0.0456332303583622,-0.0710688084363937,-0.150334686040878,0.377961218357086,-0.0456346236169338,-0.0710660442709923,0.415992945432663,0.412281960248947
8.30860042572021,0.415878474712372,0.412117391824722,-0.0456050932407379,-0.0710676088929176,-0.150074496865273,0.378093838691711,-0.0456064864993095,-0.0710648596286774,-0.0456050932407379,-0.0710676088929176,0.415877223014832,0.412116527557373,-0.0456064827740192,-0.0710648521780968,-0.150074243545532,0.378094762563705,-0.150074496865273,0.378093838691711,-0.0456064827740192,-0.0710648521780968,0.41587570309639,0.412122339010239,-0.0456079170107841,-0.0710621029138565,-0.0456064864993095,-0.0710648596286774,-0.150074243545532,0.378094762563705,-0.0456079170107841,-0.0710621029138565,0.415874421596527,0.412121415138245
8.30920028686523,0.415759712457657,0.411957025527954,-0.0455783791840076,-0.0710636824369431,-0.149813756346703,0.378227204084396,-0.045579768717289,-0.0710609331727028,-0.0455783791840076,-0.0710636824369431,0.415758430957794,0.411956191062927,-0.0455797612667084,-0.0710609257221222,-0.149813488125801,0.378228157758713,-0.149813741445541,0.378227174282074,-0.0455797612667084,-0.0710609257221222,0.415756911039352,0.41196197271347,-0.0455811955034733,-0.0710581764578819,-0.045579768717289,-0.0710609331727028,-0.149813488125801,0.378228157758713,-0.0455811955034733,-0.0710581764578819,0.415755659341812,0.411961108446121
8.30980014801025,0.415640622377396,0.411796808242798,-0.0455516688525677,-0.0710597783327103,-0.149552702903748,0.378360480070114,-0.045553058385849,-0.0710570216178894,-0.0455516688525677,-0.0710597783327103,0.415639370679855,0.411795973777771,-0.0455530546605587,-0.0710570141673088,-0.149552434682846,0.378361374139786,-0.149552702903748,0.378360480070114,-0.0455530546605587,-0.0710570141673088,0.415637880563736,0.411801755428314,-0.0455544888973236,-0.0710542500019073,-0.045553058385849,-0.0710570216178894,-0.149552434682846,0.378361374139786,-0.0455544888973236,-0.0710542500019073,0.415636599063873,0.411800891160965
8.31040000915527,0.415521413087845,0.411636739969254,-0.0455249771475792,-0.0710558667778969,-0.149291336536407,0.378493577241898,-0.0455263666808605,-0.071053110063076,-0.0455249771475792,-0.0710558667778969,0.415520042181015,0.411635935306549,-0.0455263629555702,-0.0710531026124954,-0.149291262030602,0.378494411706924,-0.149291336536407,0.378493577241898,-0.0455263629555702,-0.0710531026124954,0.415518522262573,0.411641657352448,-0.0455277971923351,-0.0710503458976746,-0.0455263666808605,-0.071053110063076,-0.149291262030602,0.378494411706924,-0.0455277971923351,-0.0710503458976746,0.415517240762711,0.411640822887421
8.31099987030029,0.415401786565781,0.411476820707321,-0.0454983003437519,-0.0710519626736641,-0.149029850959778,0.378626435995102,-0.0454996898770332,-0.0710492059588432,-0.0454983003437519,-0.0710519626736641,0.415400505065918,0.41147592663765,-0.0454996861517429,-0.0710491985082626,-0.149029776453972,0.378627300262451,-0.149029850959778,0.378626435995102,-0.0454996861517429,-0.0710491985082626,0.415398985147476,0.411481738090515,-0.0455011166632175,-0.0710464417934418,-0.0454996898770332,-0.0710492059588432,-0.149029761552811,0.378627270460129,-0.0455011166632175,-0.0710464417934418,0.415397733449936,0.411480903625488
8.31159973144531,0.415281891822815,0.411317020654678,-0.0454716049134731,-0.0710480809211731,-0.148768231272697,0.37875908613205,-0.0454730279743671,-0.0710453167557716,-0.0454716049134731,-0.0710480809211731,0.415280640125275,0.411316215991974,-0.0454730242490768,-0.071045309305191,-0.148767977952957,0.378760010004044,-0.148768231272697,0.37875908613205,-0.0454730242490768,-0.071045309305191,0.415279120206833,0.411321938037872,-0.0454744175076485,-0.0710425525903702,-0.0454730279743671,-0.0710453167557716,-0.148767977952957,0.378760010004044,-0.0454744175076485,-0.0710425525903702,0.415277868509293,0.411321103572845
8.31219959259033,0.415161788463593,0.411157369613647,-0.0454449541866779,-0.0710442066192627,-0.148506134748459,0.378891676664352,-0.0454463474452496,-0.0710414424538612,-0.0454449541866779,-0.0710442066192627,0.415160447359085,0.411156564950943,-0.045446339994669,-0.0710414350032806,-0.148505851626396,0.378892600536346,-0.148506134748459,0.378891676664352,-0.045446339994669,-0.0710414350032806,0.415158927440643,0.411162316799164,-0.0454477705061436,-0.0710386782884598,-0.0454463474452496,-0.0710414424538612,-0.148505851626396,0.378892600536346,-0.0454477705061436,-0.0710386782884598,0.415157675743103,0.411161452531815
8.31280040740967,0.415041357278824,0.410997867584229,-0.0454182922840118,-0.0710403397679329,-0.14824390411377,0.379024088382721,-0.0454196780920029,-0.071037583053112,-0.0454182922840118,-0.0710403397679329,0.415040075778961,0.410997003316879,-0.0454196743667126,-0.0710375756025314,-0.148243635892868,0.379024982452393,-0.14824390411377,0.379024088382721,-0.0454196743667126,-0.0710375756025314,0.415038615465164,0.411002814769745,-0.0454210974276066,-0.07103481143713,-0.0454196780920029,-0.071037583053112,-0.148243620991707,0.37902495265007,-0.0454210974276066,-0.07103481143713,0.415037333965302,0.411001980304718
8.31340026855469,0.414920598268509,0.410838454961777,-0.0453916378319263,-0.0710364803671837,-0.147981360554695,0.379156321287155,-0.0453930534422398,-0.0710337162017822,-0.0453916378319263,-0.0710364803671837,0.414919346570969,0.41083762049675,-0.0453930497169495,-0.0710337087512016,-0.147981256246567,0.379157155752182,-0.147981360554695,0.379156321287155,-0.0453930497169495,-0.0710337087512016,0.414917886257172,0.410843461751938,-0.0453944392502308,-0.0710309445858002,-0.0453930534422398,-0.0710337162017822,-0.147981256246567,0.379157155752182,-0.0453944392502308,-0.0710309445858002,0.414916634559631,0.410842597484589
8.31400012969971,0.414799720048904,0.410679250955582,-0.0453650057315826,-0.0710326433181763,-0.147718861699104,0.379288226366043,-0.0453664176166058,-0.0710298642516136,-0.0453650057315826,-0.0710326433181763,0.414798468351364,0.410678446292877,-0.0453664138913155,-0.0710298642516136,-0.14771842956543,0.379289209842682,-0.147718861699104,0.379288226366043,-0.0453664138913155,-0.0710298642516136,0.4147969186306,0.410684257745743,-0.0453677996993065,-0.0710271000862122,-0.0453664176166058,-0.0710298642516136,-0.14771842956543,0.379289209842682,-0.0453677996993065,-0.0710271000862122,0.414795607328415,0.410683363676071
8.31459999084473,0.414678543806076,0.410520166158676,-0.0453383773565292,-0.0710288062691689,-0.147455707192421,0.379420191049576,-0.0453397557139397,-0.0710260272026062,-0.0453383773565292,-0.0710288062691689,0.414677202701569,0.410519331693649,-0.0453397519886494,-0.0710260272026062,-0.147455453872681,0.37942111492157,-0.147455707192421,0.379420191049576,-0.0453397519886494,-0.0710260272026062,0.414675742387772,0.410525172948837,-0.0453411787748337,-0.0710232630372047,-0.0453397557139397,-0.0710260272026062,-0.147455453872681,0.37942111492157,-0.0453411787748337,-0.0710232555866241,0.414674431085587,0.410524278879166
8.31519985198975,0.414556980133057,0.410361230373383,-0.0453117676079273,-0.0710249692201614,-0.147192612290382,0.379551827907562,-0.0453131496906281,-0.0710221976041794,-0.0453117713332176,-0.071024976670742,0.414555609226227,0.410360425710678,-0.0453131422400475,-0.0710221901535988,-0.147192150354385,0.379552841186523,-0.147192612290382,0.379551827907562,-0.0453131422400475,-0.0710221901535988,0.414554268121719,0.410366177558899,-0.0453145653009415,-0.0710194259881973,-0.0453131496906281,-0.0710221976041794,-0.147192150354385,0.379552841186523,-0.0453145653009415,-0.0710194259881973,0.414552986621857,0.410365372896194
8.31579971313477,0.414435148239136,0.410202443599701,-0.0452851355075836,-0.0710211619734764,-0.146929010748863,0.379683375358582,-0.045286551117897,-0.0710183903574944,-0.0452851355075836,-0.0710211619734764,0.414433926343918,0.410201609134674,-0.0452865436673164,-0.0710183754563332,-0.146928757429123,0.379684329032898,-0.146929010748863,0.379683375358582,-0.0452865436673164,-0.0710183754563332,0.414432466030121,0.410207390785217,-0.0452879332005978,-0.0710156112909317,-0.0452865473926067,-0.0710183829069138,-0.146928757429123,0.379684329032898,-0.0452879332005978,-0.0710156112909317,0.414431184530258,0.410206586122513
8.31639957427979,0.414313167333603,0.410043835639954,-0.0452585555613041,-0.0710173547267914,-0.146665289998055,0.379814743995667,-0.0452599376440048,-0.0710145756602287,-0.0452585555613041,-0.0710173547267914,0.414311945438385,0.410043001174927,-0.0452599339187145,-0.0710145682096481,-0.146665036678314,0.379815667867661,-0.146665289998055,0.379814743995667,-0.0452599339187145,-0.0710145682096481,0.414310455322266,0.41004878282547,-0.0452613532543182,-0.0710117965936661,-0.0452599376440048,-0.0710145756602287,-0.146665036678314,0.379815667867661,-0.0452613532543182,-0.0710117965936661,0.414309084415436,0.410047948360443
8.31700038909912,0.414190888404846,0.409885346889496,-0.0452319607138634,-0.0710135698318481,-0.146401271224022,0.37994596362114,-0.0452333390712738,-0.0710107833147049,-0.0452319607138634,-0.071013554930687,0.414189666509628,0.409884482622147,-0.0452333278954029,-0.0710107758641243,-0.146401181817055,0.379946798086166,-0.146401256322861,0.379945933818817,-0.0452333651483059,-0.0710107609629631,0.414188116788864,0.409890323877335,-0.0452347435057163,-0.0710079967975616,-0.0452333316206932,-0.0710107833147049,-0.146401181817055,0.379946798086166,-0.0452347435057163,-0.0710079967975616,0.414186805486679,0.409889429807663
8.31760025024414,0.414068251848221,0.40972700715065,-0.0452053733170033,-0.0710097700357437,-0.146137103438377,0.380076944828033,-0.0452067814767361,-0.0710069835186005,-0.0452053733170033,-0.0710097700357437,0.414067029953003,0.409726113080978,-0.0452067777514458,-0.0710069835186005,-0.146136835217476,0.380077868700027,-0.146137103438377,0.380076944828033,-0.0452067777514458,-0.0710069835186005,0.414065539836884,0.409731894731522,-0.0452081598341465,-0.0710042044520378,-0.0452067814767361,-0.0710069835186005,-0.146136835217476,0.380077868700027,-0.0452081598341465,-0.0710042044520378,0.414064288139343,0.409731090068817
8.31820011138916,0.413945436477661,0.409568756818771,-0.0451788008213043,-0.0710060000419617,-0.14587265253067,0.380207806825638,-0.0451801754534245,-0.071003220975399,-0.0451788008213043,-0.0710060000419617,0.413944095373154,0.409567922353745,-0.0451801717281342,-0.0710032135248184,-0.145872384309769,0.380208700895309,-0.14587265253067,0.380207806825638,-0.0451801717281342,-0.0710032135248184,0.413942664861679,0.40957373380661,-0.0451815873384476,-0.0710004419088364,-0.0451801754534245,-0.071003220975399,-0.145872384309769,0.380208671092987,-0.0451815873384476,-0.0710004344582558,0.413941383361816,0.409572899341583
8.31879997253418,0.41382223367691,0.409410685300827,-0.0451522432267666,-0.0710022300481796,-0.145607873797417,0.380338460206985,-0.045153621584177,-0.070999450981617,-0.0451522432267666,-0.0710022300481796,0.41382098197937,0.4094098508358,-0.0451536141335964,-0.0709994435310364,-0.145607799291611,0.380339324474335,-0.145607873797417,0.380338460206985,-0.0451536141335964,-0.0709994435310364,0.413819581270218,0.409415692090988,-0.0451550260186195,-0.0709966644644737,-0.045153621584177,-0.070999450981617,-0.145607799291611,0.380339324474335,-0.0451550260186195,-0.0709966644644737,0.413818269968033,0.409414827823639
8.3193998336792,0.413698881864548,0.409252762794495,-0.0451256707310677,-0.0709984824061394,-0.145342990756035,0.380468904972076,-0.0451270714402199,-0.0709956958889961,-0.0451256707310677,-0.0709984824061394,0.413697600364685,0.40925195813179,-0.0451270677149296,-0.0709956884384155,-0.145342707633972,0.380469858646393,-0.145342990756035,0.380468904972076,-0.0451270677149296,-0.0709956884384155,0.413696140050888,0.409257799386978,-0.04512844607234,-0.0709929093718529,-0.0451270714402199,-0.0709956958889961,-0.145342707633972,0.38046982884407,-0.04512844607234,-0.0709929093718529,0.413694828748703,0.409256905317307
8.31999969482422,0.413575172424316,0.409095048904419,-0.0450991429388523,-0.0709947347640991,-0.145077779889107,0.380599200725555,-0.0451005138456821,-0.0709919482469559,-0.0450991429388523,-0.0709947347640991,0.413573920726776,0.409094244241714,-0.0451005063951015,-0.0709919407963753,-0.145077496767044,0.380600154399872,-0.145077779889107,0.380599200725555,-0.0451005063951015,-0.0709919407963753,0.413572490215302,0.409100025892258,-0.0451019182801247,-0.0709891617298126,-0.0451005101203918,-0.0709919407963753,-0.145077496767044,0.380600154399872,-0.0451019182801247,-0.0709891617298126,0.413571208715439,0.409099161624908
8.32059955596924,0.413451284170151,0.40893742442131,-0.0450725890696049,-0.0709909945726395,-0.144812449812889,0.3807293176651,-0.0450739972293377,-0.0709882080554962,-0.0450725890696049,-0.0709909945726395,0.413449913263321,0.408936619758606,-0.0450739897787571,-0.070988193154335,-0.144812181591988,0.380730211734772,-0.144812449812889,0.380729287862778,-0.0450739897787571,-0.070988193154335,0.413448482751846,0.408942431211472,-0.0450753681361675,-0.0709854140877724,-0.0450739935040474,-0.0709882006049156,-0.144812181591988,0.380730211734772,-0.0450753681361675,-0.0709854140877724,0.413447231054306,0.408941566944122
8.32120037078857,0.413327008485794,0.408779948949814,-0.0450460910797119,-0.070987269282341,-0.144546806812286,0.38085925579071,-0.0450474619865417,-0.0709844827651978,-0.0450460910797119,-0.070987269282341,0.413325726985931,0.408779114484787,-0.0450474582612514,-0.0709844753146172,-0.144546344876289,0.380860239267349,-0.144546806812286,0.38085925579071,-0.0450474582612514,-0.0709844753146172,0.413324326276779,0.408784955739975,-0.0450488291680813,-0.0709816887974739,-0.0450474619865417,-0.0709844827651978,-0.144546344876289,0.380860239267349,-0.0450488291680813,-0.0709816887974739,0.413322925567627,0.408784121274948
8.32180023193359,0.413202553987503,0.408622711896896,-0.0450195372104645,-0.0709835588932037,-0.144280850887299,0.380989044904709,-0.045020941644907,-0.0709807723760605,-0.0450195372104645,-0.0709835588932037,0.413201183080673,0.408621817827225,-0.0450209379196167,-0.0709807649254799,-0.144280403852463,0.380990028381348,-0.144280850887299,0.380989044904709,-0.0450209379196167,-0.0709807649254799,0.413199782371521,0.408627659082413,-0.0450223125517368,-0.0709779784083366,-0.045020941644907,-0.0709807723760605,-0.144280403852463,0.380990028381348,-0.0450223125517368,-0.0709779784083366,0.413198530673981,0.408626854419708
8.32240009307861,0.413077741861343,0.408465504646301,-0.0449930354952812,-0.0709798559546471,-0.144014596939087,0.381118625402451,-0.0449944324791431,-0.0709770545363426,-0.0449930354952812,-0.0709798559546471,0.413076490163803,0.408464699983597,-0.0449944287538528,-0.070977047085762,-0.144014328718185,0.381119579076767,-0.144014596939087,0.381118625402451,-0.0449944287538528,-0.070977047085762,0.413075089454651,0.408470511436462,-0.044995803385973,-0.0709742680191994,-0.0449944324791431,-0.0709770545363426,-0.144014328718185,0.381119579076767,-0.044995803385973,-0.0709742680191994,0.413073807954788,0.408469617366791
8.32299995422363,0.412952661514282,0.408308446407318,-0.0449665449559689,-0.0709761530160904,-0.143748223781586,0.381248027086258,-0.0449679382145405,-0.0709733515977859,-0.0449665449559689,-0.0709761530160904,0.412951409816742,0.408307641744614,-0.0449679046869278,-0.0709733590483665,-0.143747940659523,0.381248980760574,-0.143748223781586,0.381248027086258,-0.0449679344892502,-0.0709733441472054,0.41295000910759,0.408313512802124,-0.04496930539608,-0.0709705576300621,-0.0449679084122181,-0.0709733664989471,-0.143747940659523,0.381248950958252,-0.04496930539608,-0.0709705576300621,0.41294863820076,0.408312648534775
8.32359981536865,0.412827432155609,0.408151626586914,-0.0449400693178177,-0.0709724724292755,-0.143481522798538,0.381377279758453,-0.0449414327740669,-0.0709696635603905,-0.0449400693178177,-0.0709724724292755,0.412826180458069,0.408150792121887,-0.0449414253234863,-0.0709696561098099,-0.143481254577637,0.381378203630447,-0.143481522798538,0.381377279758453,-0.0449414253234863,-0.0709696561098099,0.412824690341949,0.408156633377075,-0.0449428260326385,-0.0709668695926666,-0.0449414327740669,-0.0709696635603905,-0.143481254577637,0.381378203630447,-0.0449428260326385,-0.0709668695926666,0.412823408842087,0.408155798912048
8.32419967651367,0.412701815366745,0.407994896173477,-0.0449135713279247,-0.0709687918424606,-0.143214523792267,0.381506383419037,-0.0449149645864964,-0.0709659904241562,-0.0449135713279247,-0.0709687918424606,0.412700563669205,0.407994091510773,-0.0449149608612061,-0.0709659829735756,-0.143214255571365,0.381507307291031,-0.143214523792267,0.381506383419037,-0.0449149608612061,-0.0709659829735756,0.412699162960052,0.407999902963638,-0.0449163280427456,-0.0709631964564323,-0.0449149645864964,-0.0709659904241562,-0.143214255571365,0.381507307291031,-0.0449163280427456,-0.0709631964564323,0.412697821855545,0.407999098300934
8.32479953765869,0.412575960159302,0.407838374376297,-0.0448871217668056,-0.0709651187062263,-0.142947405576706,0.381635278463364,-0.0448884814977646,-0.0709623172879219,-0.0448871254920959,-0.0709651261568069,0.412574678659439,0.407837569713593,-0.0448884777724743,-0.0709623098373413,-0.142947137355804,0.381636202335358,-0.142947405576706,0.381635278463364,-0.0448884777724743,-0.0709623098373413,0.412573307752609,0.407843351364136,-0.0448898747563362,-0.0709595158696175,-0.0448884814977646,-0.0709623172879219,-0.142947137355804,0.381636202335358,-0.0448898747563362,-0.0709595158696175,0.412571966648102,0.407842546701431
8.32540035247803,0.412449836730957,0.407682001590729,-0.0448606535792351,-0.0709614679217339,-0.14267997443676,0.381763994693756,-0.044862013310194,-0.0709586665034294,-0.0448606573045254,-0.0709614753723145,0.412448555231094,0.40768113732338,-0.0448620095849037,-0.0709586590528488,-0.142679691314697,0.381764888763428,-0.14267997443676,0.381763964891434,-0.0448620095849037,-0.0709586590528488,0.412447154521942,0.407687038183212,-0.0448634102940559,-0.070955865085125,-0.044862013310194,-0.0709586665034294,-0.142679691314697,0.381764888763428,-0.0448634102940559,-0.070955865085125,0.412445902824402,0.407686144113541
8.32600021362305,0.412323415279388,0.40752574801445,-0.044834204018116,-0.070957824587822,-0.142412409186363,0.381892412900925,-0.0448355600237846,-0.0709550231695175,-0.044834204018116,-0.070957824587822,0.412322163581848,0.407524943351746,-0.0448355562984943,-0.0709550157189369,-0.142412140965462,0.381893366575241,-0.142412409186363,0.381892412900925,-0.0448355562984943,-0.0709550157189369,0.412320762872696,0.407530784606934,-0.0448369532823563,-0.0709522143006325,-0.0448355600237846,-0.0709550231695175,-0.142412140965462,0.381893366575241,-0.0448369532823563,-0.0709522143006325,0.412319391965866,0.407529920339584
8.32660007476807,0.41219687461853,0.407369673252106,-0.0448077619075775,-0.0709541887044907,-0.142144367098808,0.382020831108093,-0.0448091216385365,-0.0709513798356056,-0.0448077619075775,-0.0709541887044907,0.412195444107056,0.407368808984756,-0.0448091141879559,-0.070951372385025,-0.142144098877907,0.382021754980087,-0.142144367098808,0.382020831108093,-0.0448091179132462,-0.070951372385025,0.412194103002548,0.407374680042267,-0.0448105111718178,-0.0709485784173012,-0.0448091216385365,-0.0709513798356056,-0.142144098877907,0.382021754980087,-0.0448105111718178,-0.0709485784173012,0.412192791700363,0.40737384557724
8.32719993591309,0.412069797515869,0.407213717699051,-0.0447813048958778,-0.07095056027174,-0.141876369714737,0.382148951292038,-0.0447826944291592,-0.0709477588534355,-0.0447813048958778,-0.07095056027174,0.412068575620651,0.407212913036346,-0.0447826869785786,-0.0709477439522743,-0.141876086592674,0.382149875164032,-0.141876190900803,0.38214898109436,-0.0447826907038689,-0.0709477514028549,0.412067174911499,0.407218754291534,-0.0447840467095375,-0.0709449425339699,-0.0447826944291592,-0.0709477588534355,-0.141876086592674,0.382149875164032,-0.0447840467095375,-0.0709449425339699,0.412065774202347,0.407217890024185
8.32779979705811,0.411942601203918,0.40705794095993,-0.0447548925876617,-0.0709469467401505,-0.141607895493507,0.382276982069016,-0.0447562485933304,-0.0709441378712654,-0.0447548925876617,-0.0709469467401505,0.411941349506378,0.407057106494904,-0.0447562448680401,-0.0709441304206848,-0.141607612371445,0.38227790594101,-0.141607895493507,0.382276982069016,-0.0447562448680401,-0.0709441304206848,0.411939948797226,0.407062977552414,-0.0447576344013214,-0.0709413290023804,-0.0447562485933304,-0.0709441378712654,-0.141607612371445,0.38227790594101,-0.0447576344013214,-0.0709413290023804,0.411938697099686,0.407062083482742
8.32839965820313,0.411815136671066,0.406902343034744,-0.0447284579277039,-0.0709433406591415,-0.141339287161827,0.382404714822769,-0.0447298511862755,-0.0709405243396759,-0.0447284616529942,-0.0709433481097221,0.411813884973526,0.40690153837204,-0.0447298474609852,-0.0709405243396759,-0.141339004039764,0.382405638694763,-0.141339287161827,0.382404714822769,-0.0447298474609852,-0.0709405243396759,0.411812394857407,0.406907320022583,-0.0447311997413635,-0.0709377154707909,-0.0447298511862755,-0.0709405243396759,-0.141339004039764,0.382405638694763,-0.0447311997413635,-0.0709377154707909,0.411811143159866,0.406906485557556
8.32900047302246,0.411687314510345,0.406746864318848,-0.0447020791471004,-0.0709397345781326,-0.141070365905762,0.382532328367233,-0.0447034314274788,-0.0709369331598282,-0.0447020791471004,-0.0709397345781326,0.411686033010483,0.406746059656143,-0.0447034239768982,-0.070936918258667,-0.141070082783699,0.38253328204155,-0.141070365905762,0.382532328367233,-0.0447034239768982,-0.070936918258667,0.411684662103653,0.406751871109009,-0.0447048172354698,-0.070934109389782,-0.0447034277021885,-0.0709369257092476,-0.141070082783699,0.38253328204155,-0.0447048172354698,-0.070934109389782,0.411683410406113,0.406751036643982
8.32960033416748,0.41155943274498,0.406591564416885,-0.0446756780147552,-0.0709361582994461,-0.140801325440407,0.382659763097763,-0.0446770302951336,-0.0709333419799805,-0.0446756817400455,-0.0709361657500267,0.41155806183815,0.406590759754181,-0.044677022844553,-0.0709333345293999,-0.14080086350441,0.382660716772079,-0.140801325440407,0.382659763097763,-0.044677022844553,-0.0709333345293999,0.41155669093132,0.406596571207047,-0.0446784161031246,-0.0709305256605148,-0.0446770302951336,-0.0709333419799805,-0.14080086350441,0.382660716772079,-0.0446784161031246,-0.0709305256605148,0.411555290222168,0.40659573674202
8.3302001953125,0.411431044340134,0.406436383724213,-0.0446492880582809,-0.0709325820207596,-0.140531972050667,0.382786959409714,-0.0446506403386593,-0.0709297657012939,-0.0446492880582809,-0.0709325820207596,0.411429822444916,0.406435579061508,-0.0446506291627884,-0.0709297508001328,-0.14053151011467,0.382787972688675,-0.140531972050667,0.382786959409714,-0.0446506328880787,-0.0709297582507133,0.411428391933441,0.406441450119019,-0.04465202242136,-0.0709269419312477,-0.0446506403386593,-0.0709297657012939,-0.14053151011467,0.382787972688675,-0.04465202242136,-0.0709269419312477,0.411427080631256,0.406440615653992
8.33080005645752,0.411302447319031,0.406281381845474,-0.0446229167282581,-0.0709290131926537,-0.140262335538864,0.382914036512375,-0.0446242578327656,-0.0709261894226074,-0.0446229167282581,-0.0709290131926537,0.41130119562149,0.406280547380447,-0.0446242541074753,-0.0709261819720268,-0.140261858701706,0.382915019989014,-0.140262335538864,0.382914036512375,-0.0446242541074753,-0.0709261819720268,0.411299735307693,0.40628644824028,-0.0446256473660469,-0.0709233731031418,-0.0446242578327656,-0.0709261894226074,-0.140261858701706,0.382915019989014,-0.0446256473660469,-0.0709233731031418,0.411298453807831,0.406285613775253
8.33139991760254,0.411173582077026,0.406126588582993,-0.0445965565741062,-0.0709254443645477,-0.139992371201515,0.383040934801102,-0.0445979051291943,-0.0709226280450821,-0.0445965565741062,-0.0709254443645477,0.411172270774841,0.406125724315643,-0.0445978939533234,-0.0709226131439209,-0.139992073178291,0.383041858673096,-0.139992371201515,0.383040934801102,-0.0445978939533234,-0.0709226131439209,0.411170870065689,0.406131625175476,-0.044599287211895,-0.0709198117256165,-0.0445979051291943,-0.0709226280450821,-0.139992073178291,0.383041858673096,-0.044599287211895,-0.0709198117256165,0.411169558763504,0.406130760908127
8.33199977874756,0.411044538021088,0.405971884727478,-0.0445701740682125,-0.0709219053387642,-0.139722272753716,0.383167594671249,-0.0445715188980103,-0.0709190890192986,-0.0445701740682125,-0.0709219053387642,0.41104319691658,0.405971080064774,-0.04457151517272,-0.070919081568718,-0.139721974730492,0.383168488740921,-0.139722272753716,0.383167594671249,-0.04457151517272,-0.070919081568718,0.411041855812073,0.405976980924606,-0.044572900980711,-0.0709162652492523,-0.0445715188980103,-0.0709190890192986,-0.139721974730492,0.383168488740921,-0.044572900980711,-0.0709162652492523,0.411040455102921,0.405976116657257
8.33259963989258,0.41091513633728,0.40581738948822,-0.044543843716383,-0.0709183588624001,-0.139452055096626,0.38329404592514,-0.0445451885461807,-0.0709155350923538,-0.044543843716383,-0.0709183588624001,0.410913795232773,0.405816584825516,-0.0445451848208904,-0.0709155276417732,-0.139451593160629,0.383295029401779,-0.139452055096626,0.38329404592514,-0.0445451848208904,-0.0709155276417732,0.410912424325943,0.405822396278381,-0.0445465333759785,-0.0709127262234688,-0.0445451885461807,-0.070915549993515,-0.139451593160629,0.383295029401779,-0.0445465333759785,-0.0709127262234688,0.410911053419113,0.405821621417999
8.33320045471191,0.410785496234894,0.405663013458252,-0.0445174910128117,-0.0709148272871971,-0.139181360602379,0.383420377969742,-0.0445188358426094,-0.0709120184183121,-0.0445174910128117,-0.0709148272871971,0.410784125328064,0.405662208795547,-0.0445188321173191,-0.0709120109677315,-0.139181062579155,0.383421301841736,-0.139181360602379,0.383420377969742,-0.0445188321173191,-0.0709120109677315,0.410782784223557,0.40566810965538,-0.0445202142000198,-0.0709091871976852,-0.0445188358426094,-0.0709120184183121,-0.139181062579155,0.383421301841736,-0.0445202142000198,-0.0709091871976852,0.410781413316727,0.405667215585709
8.33380031585693,0.410655468702316,0.405508875846863,-0.0444911569356918,-0.070911318063736,-0.138910531997681,0.383546501398087,-0.0444924980401993,-0.0709084942936897,-0.0444911569356918,-0.070911318063736,0.410654187202454,0.405508011579514,-0.044492494314909,-0.0709084868431091,-0.138910233974457,0.383547425270081,-0.138910531997681,0.383546501398087,-0.044492494314909,-0.0709084868431091,0.410652875900269,0.405513882637024,-0.0444938726723194,-0.0709056705236435,-0.0444924980401993,-0.0709084942936897,-0.138910233974457,0.383547425270081,-0.0444938726723194,-0.0709056705236435,0.410651504993439,0.405513077974319
8.33440017700195,0.410525292158127,0.405354827642441,-0.0444648303091526,-0.0709078088402748,-0.138639390468597,0.383672475814819,-0.0444662049412727,-0.070904977619648,-0.0444648303091526,-0.0709078088402748,0.410524040460587,0.405353993177414,-0.0444662012159824,-0.0709049701690674,-0.138639092445374,0.383673369884491,-0.138639390468597,0.383672475814819,-0.0444662012159824,-0.0709049701690674,0.410522609949112,0.405359864234924,-0.0444675460457802,-0.0709021463990211,-0.0444662049412727,-0.070904977619648,-0.138639092445374,0.383673369884491,-0.0444675460457802,-0.0709021463990211,0.410521328449249,0.405359089374542
8.33500003814697,0.410394877195358,0.405200988054276,-0.0444385223090649,-0.0709043219685555,-0.138368129730225,0.383798182010651,-0.0444398634135723,-0.070901483297348,-0.0444385223090649,-0.0709043145179749,0.410393506288528,0.405200123786926,-0.044439859688282,-0.0709014758467674,-0.138367652893066,0.383799135684967,-0.138368129730225,0.383798182010651,-0.044439859688282,-0.0709014758467674,0.410392165184021,0.405205994844437,-0.0444412380456924,-0.0708986520767212,-0.0444398634135723,-0.070901483297348,-0.138367652893066,0.383799135684967,-0.0444412380456924,-0.0708986520767212,0.410390913486481,0.40520516037941
8.33559989929199,0.410264045000076,0.405047208070755,-0.044412225484848,-0.0709008201956749,-0.138096541166306,0.383923709392548,-0.0444135628640652,-0.0708979889750481,-0.044412225484848,-0.0709008201956749,0.410262793302536,0.405046403408051,-0.0444135591387749,-0.0708979815244675,-0.138096079230309,0.383924663066864,-0.138096541166306,0.383923709392548,-0.0444135591387749,-0.0708979815244675,0.410261392593384,0.405052304267883,-0.0444149039685726,-0.0708951726555824,-0.0444135628640652,-0.0708979889750481,-0.138096079230309,0.383924663066864,-0.0444149039685726,-0.0708951726555824,0.410260111093521,0.405051499605179
8.33619976043701,0.41013303399086,0.404893696308136,-0.0443859100341797,-0.0708973407745361,-0.137824669480324,0.38404905796051,-0.0443872809410095,-0.0708945095539093,-0.04438591375947,-0.0708973482251167,0.410131752490997,0.404892921447754,-0.0443872772157192,-0.0708945021033287,-0.137824386358261,0.384049981832504,-0.137824669480324,0.38404905796051,-0.0443872772157192,-0.0708945021033287,0.410130321979523,0.404898762702942,-0.0443886183202267,-0.0708916783332825,-0.0443872809410095,-0.0708945095539093,-0.137824386358261,0.384049981832504,-0.0443886183202267,-0.0708916783332825,0.410129100084305,0.40489798784256
8.33679962158203,0.410001814365387,0.404740303754807,-0.0443596430122852,-0.0708938762545586,-0.137552693486214,0.384174257516861,-0.0443609803915024,-0.0708910375833511,-0.0443596430122852,-0.0708938762545586,0.41000047326088,0.404739528894424,-0.0443609766662121,-0.0708910375833511,-0.137552306056023,0.384175211191177,-0.137552693486214,0.384174257516861,-0.0443609766662121,-0.0708910375833511,0.409999161958694,0.404745399951935,-0.0443623512983322,-0.0708881989121437,-0.0443609803915024,-0.0708910375833511,-0.137552306056023,0.384175211191177,-0.0443623512983322,-0.0708881989121437,0.40999773144722,0.404744565486908
8.33740043640137,0.409870177507401,0.404587119817734,-0.0443333573639393,-0.070890411734581,-0.137280374765396,0.384299248456955,-0.0443347245454788,-0.0708875730633736,-0.0443333573639393,-0.070890411734581,0.409868896007538,0.404586315155029,-0.0443347208201885,-0.070887565612793,-0.137280076742172,0.384300142526627,-0.137280374765396,0.384299248456955,-0.0443347208201885,-0.070887565612793,0.409867525100708,0.404592216014862,-0.044336061924696,-0.0708847492933273,-0.0443346910178661,-0.0708875879645348,-0.137280076742172,0.384300142526627,-0.044336061924696,-0.0708847492933273,0.409866243600845,0.404591351747513
8.33800029754639,0.409738391637802,0.404434084892273,-0.0443071201443672,-0.0708869621157646,-0.137007758021355,0.384424030780792,-0.0443084500730038,-0.0708841308951378,-0.0443071201443672,-0.0708869621157646,0.409737080335617,0.404433250427246,-0.0443084463477135,-0.0708841234445572,-0.137007474899292,0.384424984455109,-0.137007758021355,0.384424030780792,-0.0443084463477135,-0.0708841234445572,0.40973573923111,0.404439181089401,-0.0443097837269306,-0.0708812922239304,-0.0443084500730038,-0.0708841308951378,-0.137007459998131,0.384424954652786,-0.0443097837269306,-0.0708812922239304,0.409734427928925,0.404438316822052
8.33860015869141,0.409606277942657,0.404281169176102,-0.0442808568477631,-0.0708835124969482,-0.136734932661057,0.384548664093018,-0.0442821905016899,-0.070880688726902,-0.0442808605730534,-0.0708835199475288,0.409604907035828,0.40428039431572,-0.0442821830511093,-0.0708806738257408,-0.136734634637833,0.384549558162689,-0.136734932661057,0.384548664093018,-0.0442821867763996,-0.0708806812763214,0.409603655338287,0.404286295175552,-0.0442835241556168,-0.070877842605114,-0.0442821905016899,-0.070880688726902,-0.136734634637833,0.384549558162689,-0.0442835241556168,-0.070877842605114,0.409602254629135,0.404285460710526
8.33920001983643,0.409473866224289,0.40412849187851,-0.044254582375288,-0.0708801001310349,-0.136461973190308,0.384672999382019,-0.0442559458315372,-0.0708772540092468,-0.0442546121776104,-0.0708800852298737,0.409472554922104,0.404127657413483,-0.0442559383809566,-0.0708772465586662,-0.136461496353149,0.384673953056335,-0.136461973190308,0.384672999382019,-0.0442559421062469,-0.0708772540092468,0.409471184015274,0.404133558273315,-0.0442572757601738,-0.07087442278862,-0.0442559458315372,-0.0708772540092468,-0.136461496353149,0.384673953056335,-0.0442572757601738,-0.0708744153380394,0.409469902515411,0.404132753610611
8.33979988098145,0.409341186285019,0.403975933790207,-0.0442283488810062,-0.0708766728639603,-0.136188626289368,0.384797245264053,-0.0442296788096428,-0.0708738341927528,-0.0442283488810062,-0.0708766728639603,0.409339934587479,0.403975129127502,-0.0442296750843525,-0.0708738341927528,-0.136188313364983,0.384798169136047,-0.136188626289368,0.384797245264053,-0.0442296750843525,-0.0708738341927528,0.409338504076004,0.403981029987335,-0.044231042265892,-0.0708709880709648,-0.0442296788096428,-0.0708738341927528,-0.136188313364983,0.384798169136047,-0.044231042265892,-0.0708709880709648,0.409337282180786,0.403980225324631
8.34039974212646,0.40920826792717,0.403823584318161,-0.0442021302878857,-0.0708732679486275,-0.135915130376816,0.384921252727509,-0.0442034602165222,-0.0708704143762589,-0.0442021302878857,-0.0708732679486275,0.409206986427307,0.403822779655457,-0.0442034564912319,-0.0708704069256783,-0.135914653539658,0.384922176599503,-0.135915130376816,0.384921252727509,-0.0442034564912319,-0.0708704069256783,0.409205615520477,0.403828710317612,-0.0442047864198685,-0.070867583155632,-0.0442034602165222,-0.0708704143762589,-0.135914653539658,0.384922176599503,-0.0442047864198685,-0.070867583155632,0.409204363822937,0.40382781624794
8.34099960327148,0.409075081348419,0.403671354055405,-0.0441758967936039,-0.0708698704838753,-0.135641261935234,0.385045051574707,-0.0441772565245628,-0.0708670169115067,-0.0441758967936039,-0.0708698704838753,0.409073770046234,0.403670489788055,-0.0441772527992725,-0.0708670094609261,-0.135640949010849,0.385045975446701,-0.135641261935234,0.385045051574707,-0.0441772527992725,-0.0708670094609261,0.409072548151016,0.403676390647888,-0.0441785827279091,-0.0708641707897186,-0.0441772565245628,-0.0708670169115067,-0.135640949010849,0.385045975446701,-0.0441785827279091,-0.0708641707897186,0.409071117639542,0.403675556182861
8.34160041809082,0.408941626548767,0.40351927280426,-0.0441497080028057,-0.0708664730191231,-0.13536724448204,0.385168701410294,-0.0441510304808617,-0.0708636268973351,-0.0441497080028057,-0.0708664730191231,0.408940374851227,0.403518468141556,-0.0441510267555714,-0.0708636268973351,-0.135366961359978,0.385169625282288,-0.13536724448204,0.385168701410294,-0.0441510267555714,-0.0708636268973351,0.408939033746719,0.403524398803711,-0.0441523604094982,-0.070860780775547,-0.0441510304808617,-0.0708636268973351,-0.135366961359978,0.385169625282288,-0.0441523604094982,-0.070860780775547,0.408937722444534,0.403523564338684
8.34220027923584,0.408807963132858,0.403367429971695,-0.0441234931349754,-0.0708630904555321,-0.135093033313751,0.385292142629623,-0.044124823063612,-0.0708602368831635,-0.0441234931349754,-0.0708630904555321,0.408806592226028,0.403366595506668,-0.0441248193383217,-0.0708602368831635,-0.135092556476593,0.385293066501617,-0.135093033313751,0.385292142629623,-0.0441248193383217,-0.0708602368831635,0.408805310726166,0.403372496366501,-0.0441261492669582,-0.0708574056625366,-0.044124823063612,-0.0708602368831635,-0.135092556476593,0.385293066501617,-0.0441261492669582,-0.0708574056625366,0.408803910017014,0.403371661901474
8.34280014038086,0.408673942089081,0.403215706348419,-0.0440973043441772,-0.0708597227931023,-0.134818509221077,0.385415345430374,-0.0440986268222332,-0.0708568692207336,-0.0440973043441772,-0.0708597227931023,0.408672571182251,0.403214901685715,-0.0440986193716526,-0.0708568543195724,-0.134818121790886,0.385416299104691,-0.134818509221077,0.385415345430374,-0.0440986230969429,-0.070856861770153,0.408671259880066,0.403220772743225,-0.0440999828279018,-0.070854015648365,-0.0440986268222332,-0.0708568692207336,-0.134818121790886,0.385416299104691,-0.0440999828279018,-0.070854015648365,0.408669978380203,0.403219938278198
8.34340000152588,0.408539623022079,0.4030641913414,-0.0440711192786694,-0.0708563625812531,-0.134543687105179,0.385538429021835,-0.044072438031435,-0.0708535015583038,-0.0440711192786694,-0.0708563625812531,0.408538341522217,0.403063356876373,-0.0440724343061447,-0.0708534941077232,-0.134543389081955,0.385539323091507,-0.134543687105179,0.385538399219513,-0.0440724343061447,-0.0708534941077232,0.408537000417709,0.403069287538528,-0.044073797762394,-0.0708506479859352,-0.044072438031435,-0.0708535015583038,-0.134543389081955,0.385539323091507,-0.044073797762394,-0.0708506479859352,0.408535718917847,0.403068423271179
8.3439998626709,0.408405095338821,0.402912795543671,-0.0440449491143227,-0.0708530023694038,-0.13426873087883,0.385661214590073,-0.0440462678670883,-0.0708501562476158,-0.044044952839613,-0.0708530023694038,0.408403843641281,0.402911990880966,-0.044046264141798,-0.0708501487970352,-0.134268343448639,0.385662168264389,-0.13426873087883,0.385661214590073,-0.044046264141798,-0.0708501487970352,0.408402472734451,0.402917921543121,-0.0440475977957249,-0.0708473026752472,-0.0440462678670883,-0.0708501562476158,-0.134268343448639,0.385662168264389,-0.0440475977957249,-0.0708473026752472,0.408401161432266,0.402917057275772
8.34459972381592,0.408270269632339,0.402761608362198,-0.0440187677741051,-0.0708496645092964,-0.133993461728096,0.38578388094902,-0.0440201163291931,-0.0708468034863472,-0.0440187677741051,-0.0708496645092964,0.408268928527832,0.402760803699493,-0.0440201126039028,-0.0708467960357666,-0.133993163704872,0.385784775018692,-0.133993461728096,0.38578388094902,-0.0440201126039028,-0.0708467960357666,0.408267676830292,0.402766704559326,-0.0440214388072491,-0.0708439499139786,-0.0440201163291931,-0.0708468034863472,-0.133993163704872,0.385784775018692,-0.0440214388072491,-0.0708439499139786,0.408266395330429,0.402765840291977
8.34519958496094,0.408135205507278,0.402610599994659,-0.0439926236867905,-0.0708463191986084,-0.133717894554138,0.385906338691711,-0.0439939424395561,-0.0708434730768204,-0.0439926274120808,-0.0708463191986084,0.408133894205093,0.402609795331955,-0.0439939349889755,-0.0708434581756592,-0.133717596530914,0.385907232761383,-0.133717894554138,0.385906338691711,-0.0439939349889755,-0.0708434581756592,0.408132553100586,0.402615755796432,-0.0439952611923218,-0.0708406195044518,-0.0439939424395561,-0.0708434730768204,-0.133717596530914,0.385907232761383,-0.0439952611923218,-0.0708406195044518,0.408131301403046,0.402614891529083
8.34580039978027,0.407999932765961,0.402459770441055,-0.0439664646983147,-0.0708430036902428,-0.133442208170891,0.386028558015823,-0.0439678132534027,-0.0708401426672935,-0.0439664646983147,-0.0708430036902428,0.407998502254486,0.402458935976028,-0.0439678095281124,-0.070840135216713,-0.133441805839539,0.38602951169014,-0.133442208170891,0.386028558015823,-0.0439678095281124,-0.070840135216713,0.407997190952301,0.402464896440506,-0.0439691282808781,-0.0708372890949249,-0.0439678132534027,-0.0708401426672935,-0.133441805839539,0.38602951169014,-0.0439691282808781,-0.0708372741937637,0.407995909452438,0.402464061975479
8.34640026092529,0.40786424279213,0.402309030294418,-0.0439403504133224,-0.0708396881818771,-0.13316622376442,0.386150628328323,-0.0439416691660881,-0.0708368346095085,-0.0439403504133224,-0.0708396881818771,0.4078628718853,0.402308255434036,-0.0439416617155075,-0.0708368197083473,-0.133165895938873,0.386151552200317,-0.133166208863258,0.386150628328323,-0.0439416617155075,-0.0708368197083473,0.407861530780792,0.402314186096191,-0.0439429841935635,-0.0708339661359787,-0.0439416691660881,-0.0708368346095085,-0.133165895938873,0.386151552200317,-0.0439429841935635,-0.0708339661359787,0.407860279083252,0.402313381433487
8.34700012207031,0.407728254795074,0.402158558368683,-0.043914221227169,-0.0708363875746727,-0.132890000939369,0.386272490024567,-0.0439155362546444,-0.0708335265517235,-0.043914221227169,-0.0708363875746727,0.407727003097534,0.402157723903656,-0.0439155325293541,-0.0708335191011429,-0.132889598608017,0.386273413896561,-0.132890000939369,0.386272490024567,-0.0439155325293541,-0.0708335191011429,0.407725661993027,0.402163654565811,-0.0439168512821198,-0.0708306655287743,-0.0439155362546444,-0.0708335265517235,-0.132889598608017,0.386273413896561,-0.0439168512821198,-0.0708306655287743,0.407724380493164,0.402162849903107
8.34759998321533,0.407592117786407,0.402008205652237,-0.0438881032168865,-0.0708330944180489,-0.132613480091095,0.386394113302231,-0.0438894145190716,-0.0708302333950996,-0.0438881032168865,-0.0708330944180489,0.40759089589119,0.402007430791855,-0.0438894107937813,-0.070830225944519,-0.132613152265549,0.386395037174225,-0.132613480091095,0.386394113302231,-0.0438894107937813,-0.070830225944519,0.407589584589005,0.40201336145401,-0.0438907295465469,-0.0708273649215698,-0.0438894145190716,-0.0708302333950996,-0.132613152265549,0.386395037174225,-0.0438907295465469,-0.0708273649215698,0.407588273286819,0.402012556791306
8.34819984436035,0.407455801963806,0.40185809135437,-0.0438619963824749,-0.0708298087120056,-0.13233682513237,0.386515557765961,-0.04386330768466,-0.0708269476890564,-0.0438619963824749,-0.0708298087120056,0.407454401254654,0.401857256889343,-0.0438633002340794,-0.0708269327878952,-0.132336422801018,0.386516481637955,-0.13233682513237,0.386515557765961,-0.0438633039593697,-0.0708269402384758,0.407453089952469,0.401863217353821,-0.043864618986845,-0.0708240866661072,-0.04386330768466,-0.0708269476890564,-0.132336422801018,0.386516481637955,-0.043864618986845,-0.0708240866661072,0.407451808452606,0.401862353086472
8.34879970550537,0.407318979501724,0.401708096265793,-0.0438358746469021,-0.070826530456543,-0.132059782743454,0.386636823415756,-0.0438372157514095,-0.0708236694335938,-0.0438358746469021,-0.070826530456543,0.407317668199539,0.401707291603088,-0.0438372083008289,-0.0708236545324326,-0.13205948472023,0.386637717485428,-0.132059782743454,0.386636823415756,-0.0438372120261192,-0.0708236619830132,0.407316356897354,0.401713222265244,-0.0438385270535946,-0.0708208009600639,-0.0438372157514095,-0.0708236694335938,-0.13205948472023,0.386637717485428,-0.0438385270535946,-0.0708208009600639,0.407315075397491,0.401712387800217
8.34939956665039,0.40718200802803,0.401558339595795,-0.0438097976148129,-0.0708232745528221,-0.131782621145248,0.386757850646973,-0.0438111051917076,-0.0708203986287117,-0.0438097976148129,-0.0708232671022415,0.407180696725845,0.401557475328445,-0.0438111014664173,-0.0708203911781311,-0.131782218813896,0.386758744716644,-0.131782621145248,0.386757850646973,-0.0438111014664173,-0.0708203911781311,0.407179415225983,0.401563435792923,-0.0438124164938927,-0.0708175376057625,-0.0438111051917076,-0.0708203986287117,-0.131782218813896,0.386758744716644,-0.0438124500215054,-0.0708175227046013,0.40717801451683,0.401562571525574
8.35000038146973,0.40704482793808,0.401408731937408,-0.0437836982309818,-0.0708200186491013,-0.131505250930786,0.38687863945961,-0.0437850393354893,-0.0708171427249908,-0.0437837354838848,-0.0708200037479401,0.407043427228928,0.401407867670059,-0.043785035610199,-0.0708171352744102,-0.131504759192467,0.386879622936249,-0.131505250930786,0.38687863945961,-0.043785035610199,-0.0708171352744102,0.40704220533371,0.401413798332214,-0.043786346912384,-0.070814274251461,-0.0437850393354893,-0.0708171427249908,-0.131504744291306,0.386879593133926,-0.043786346912384,-0.070814274251461,0.40704083442688,0.401412963867188
8.35060024261475,0.406907230615616,0.401259213685989,-0.0437576435506344,-0.0708167627453804,-0.13122746348381,0.38699933886528,-0.0437589585781097,-0.07081388682127,-0.0437576435506344,-0.0708167627453804,0.406905978918076,0.401258438825607,-0.0437589548528194,-0.0708138793706894,-0.131227165460587,0.387000232934952,-0.13122746348381,0.38699933886528,-0.0437589548528194,-0.0708138793706894,0.406904697418213,0.401264369487762,-0.0437602661550045,-0.0708110183477402,-0.0437589585781097,-0.0708138942718506,-0.131227165460587,0.387000232934952,-0.0437602661550045,-0.0708110183477402,0.406903386116028,0.401263535022736
8.35120010375977,0.406769454479218,0.401109963655472,-0.0437315814197063,-0.0708135217428207,-0.130949571728706,0.387119770050049,-0.0437328889966011,-0.0708106532692909,-0.0437315814197063,-0.0708135217428207,0.406768172979355,0.401109129190445,-0.0437328815460205,-0.0708106532692909,-0.130949169397354,0.387120693922043,-0.130949571728706,0.387119770050049,-0.0437328852713108,-0.0708106532692909,0.40676686167717,0.4011150598526,-0.0437341928482056,-0.0708077773451805,-0.0437328889966011,-0.0708106681704521,-0.130949169397354,0.387120693922043,-0.0437341928482056,-0.0708077773451805,0.40676549077034,0.401114255189896
8.35179996490479,0.406631410121918,0.400960832834244,-0.0437055230140686,-0.0708103030920029,-0.130671367049217,0.387239992618561,-0.0437068268656731,-0.0708074271678925,-0.0437055230140686,-0.0708103030920029,0.40663006901741,0.400960087776184,-0.0437068194150925,-0.0708074122667313,-0.130671054124832,0.387240886688232,-0.130671367049217,0.387239992618561,-0.0437068231403828,-0.0708074197173119,0.406628847122192,0.400965988636017,-0.0437081344425678,-0.070804551243782,-0.0437068268656731,-0.0708074271678925,-0.130671054124832,0.387240886688232,-0.0437081344425678,-0.070804551243782,0.406627476215363,0.400965183973312
8.3523998260498,0.406493157148361,0.400811940431595,-0.0436794832348824,-0.0708070918917656,-0.130393043160439,0.387359976768494,-0.0436807833611965,-0.070804201066494,-0.0436794832348824,-0.0708070918917656,0.406491756439209,0.40081113576889,-0.0436807796359062,-0.0708041936159134,-0.130392536520958,0.38736093044281,-0.130393043160439,0.387359946966171,-0.0436807796359062,-0.0708041936159134,0.406490474939346,0.400817066431046,-0.0436820909380913,-0.0708013325929642,-0.0436807833611965,-0.070804201066494,-0.130392536520958,0.38736093044281,-0.0436820909380913,-0.0708013325929642,0.406489074230194,0.400816261768341
8.35299968719482,0.406354457139969,0.40066322684288,-0.0436534509062767,-0.0708038806915283,-0.130114316940308,0.387479841709137,-0.0436547547578812,-0.0708009973168373,-0.0436534509062767,-0.0708038806915283,0.406353145837784,0.400662392377853,-0.0436547510325909,-0.0708009898662567,-0.130113914608955,0.387480765581131,-0.130114302039146,0.387479811906815,-0.0436547510325909,-0.0708009898662567,0.406351834535599,0.400668323040009,-0.0436560586094856,-0.0707981288433075,-0.0436547547578812,-0.0708009973168373,-0.130113914608955,0.387480765581131,-0.0436560586094856,-0.0707981288433075,0.406350553035736,0.400667518377304
8.35359954833984,0.406215667724609,0.400514662265778,-0.0436274372041225,-0.070800669491291,-0.12983538210392,0.387599438428879,-0.0436287075281143,-0.0707978084683418,-0.0436274372041225,-0.070800669491291,0.40621429681778,0.400513797998428,-0.0436287000775337,-0.0707977935671806,-0.129834949970245,0.38760033249855,-0.12983538210392,0.387599438428879,-0.0436287000775337,-0.0707977935671806,0.406213045120239,0.400519818067551,-0.0436300411820412,-0.0707949176430702,-0.0436287075281143,-0.0707978084683418,-0.129834949970245,0.38760033249855,-0.0436300411820412,-0.0707949176430702,0.406211674213409,0.400518983602524
8.35420036315918,0.406076490879059,0.400366276502609,-0.0436014048755169,-0.0707974955439568,-0.129556223750114,0.387718856334686,-0.0436027012765408,-0.0707946047186852,-0.0436014048755169,-0.0707974955439568,0.406075179576874,0.400365442037582,-0.0436026975512505,-0.0707945972681046,-0.129555806517601,0.38771978020668,-0.129556223750114,0.387718856334686,-0.0436026975512505,-0.0707945972681046,0.406073957681656,0.40037140250206,-0.0436040051281452,-0.0707917213439941,-0.0436027012765408,-0.0707946047186852,-0.129555806517601,0.38771978020668,-0.0436040051281452,-0.0707917213439941,0.406072527170181,0.400370627641678
8.3548002243042,0.405937045812607,0.400218069553375,-0.0435753837227821,-0.0707943141460419,-0.129276856780052,0.387838065624237,-0.043576717376709,-0.0707914233207703,-0.0435754209756851,-0.0707943066954613,0.405935764312744,0.400217264890671,-0.0435767062008381,-0.0707914084196091,-0.129276528954506,0.387838959693909,-0.129276856780052,0.387838065624237,-0.0435767062008381,-0.0707914084196091,0.405934512615204,0.400223225355148,-0.0435780175030231,-0.0707885399460793,-0.0435767099261284,-0.0707914158701897,-0.129276439547539,0.387838959693909,-0.0435780175030231,-0.0707885399460793,0.405933201313019,0.400222420692444
8.35540008544922,0.405797481536865,0.400070071220398,-0.043549407273531,-0.070791132748127,-0.128997176885605,0.387957036495209,-0.0435507073998451,-0.0707882568240166,-0.0435494109988213,-0.0707911401987076,0.405796080827713,0.400069236755371,-0.0435507036745548,-0.070788249373436,-0.128996849060059,0.38795793056488,-0.128997176885605,0.387957036495209,-0.0435507036745548,-0.070788249373436,0.405794829130173,0.400075227022171,-0.0435520075261593,-0.0707853734493256,-0.0435507073998451,-0.0707882568240166,-0.128996849060059,0.38795793056488,-0.0435520075261593,-0.0707853734493256,0.405793488025665,0.400074362754822
8.35599994659424,0.405657440423965,0.39992219209671,-0.0435234159231186,-0.0707879811525345,-0.128717377781868,0.388075798749924,-0.0435247123241425,-0.0707850828766823,-0.0435234159231186,-0.0707879811525345,0.405656158924103,0.399921417236328,-0.0435247085988522,-0.0707850754261017,-0.128716871142387,0.388076722621918,-0.128717377781868,0.388075798749924,-0.0435247085988522,-0.0707850754261017,0.40565487742424,0.399927407503128,-0.0435260124504566,-0.0707822144031525,-0.0435247123241425,-0.0707850828766823,-0.128716871142387,0.388076722621918,-0.0435260124504566,-0.0707822069525719,0.405653476715088,0.399926543235779
8.35659980773926,0.405517280101776,0.399774551391602,-0.0434974394738674,-0.0707848370075226,-0.12843719124794,0.388194382190704,-0.0434987284243107,-0.0707819536328316,-0.0434974394738674,-0.0707848370075226,0.405515909194946,0.399773746728897,-0.0434987209737301,-0.0707819387316704,-0.128436788916588,0.388195306062698,-0.12843719124794,0.388194382190704,-0.0434987246990204,-0.070781946182251,0.405514627695084,0.399779736995697,-0.0435000248253345,-0.0707790553569794,-0.0434987284243107,-0.0707819536328316,-0.128436788916588,0.388195306062698,-0.0435000248253345,-0.0707790553569794,0.405513256788254,0.39977890253067
8.35719966888428,0.405376791954041,0.39962711930275,-0.0434714667499065,-0.0707816928625107,-0.128156781196594,0.388312757015228,-0.0434727594256401,-0.0707788020372391,-0.0434714667499065,-0.0707816928625107,0.405375421047211,0.399626284837723,-0.0434727557003498,-0.0707787945866585,-0.128156453371048,0.3883136510849,-0.128156781196594,0.388312757015228,-0.0434727557003498,-0.0707787945866585,0.40537416934967,0.399632275104523,-0.043474055826664,-0.0707759112119675,-0.0434727594256401,-0.0707788020372391,-0.128156453371048,0.3883136510849,-0.043474055826664,-0.0707759112119675,0.405372887849808,0.399631440639496
8.3577995300293,0.405236065387726,0.399479776620865,-0.0434455201029778,-0.0707785561680794,-0.127876162528992,0.388430893421173,-0.0434467755258083,-0.0707756727933884,-0.0434455201029778,-0.0707785561680794,0.405234664678574,0.399479001760483,-0.0434467680752277,-0.0707756653428078,-0.127875834703445,0.388431787490845,-0.127876162528992,0.388430893421173,-0.043446771800518,-0.0707756653428078,0.405233442783356,0.39948496222496,-0.0434481017291546,-0.0707727745175362,-0.0434467755258083,-0.0707756727933884,-0.127875834703445,0.388431787490845,-0.0434481017291546,-0.0707727745175362,0.405232012271881,0.399484157562256
8.35840034484863,0.405095010995865,0.399332731962204,-0.0434195473790169,-0.0707754343748093,-0.127595335245132,0.388548851013184,-0.0434208326041698,-0.0707725360989571,-0.0434195473790169,-0.0707754343748093,0.405093610286713,0.3993319272995,-0.0434208288788795,-0.0707725286483765,-0.127595007419586,0.388549745082855,-0.127595335245132,0.388548851013184,-0.0434208288788795,-0.0707725286483765,0.40509244799614,0.399337887763977,-0.0434221290051937,-0.0707696527242661,-0.0434208326041698,-0.0707725360989571,-0.127595007419586,0.388549745082855,-0.0434221290051937,-0.0707696527242661,0.40509107708931,0.399337083101273
8.35900020599365,0.404953688383102,0.399185806512833,-0.0433936156332493,-0.0707723200321198,-0.127314284443855,0.388666570186615,-0.0433949083089828,-0.0707694292068481,-0.0433936156332493,-0.0707723200321198,0.404952347278595,0.399185031652451,-0.0433949008584023,-0.0707694217562675,-0.127313867211342,0.388667494058609,-0.127314284443855,0.388666570186615,-0.0433949045836926,-0.0707694217562675,0.404951214790344,0.399190992116928,-0.0433961972594261,-0.0707665309309959,-0.0433949083089828,-0.0707694292068481,-0.127313867211342,0.388667494058609,-0.0433961972594261,-0.0707665309309959,0.40494978427887,0.399190187454224
8.35960006713867,0.404812186956406,0.399039089679718,-0.0433676727116108,-0.070769228041172,-0.127032935619354,0.388784110546112,-0.0433689579367638,-0.0707663223147392,-0.0433676727116108,-0.0707692131400108,0.404810786247253,0.399038255214691,-0.0433689542114735,-0.0707663148641586,-0.127032518386841,0.388785004615784,-0.127032935619354,0.388784110546112,-0.0433689542114735,-0.0707663148641586,0.404809564352036,0.399044275283813,-0.0433702506124973,-0.0707634314894676,-0.0433689579367638,-0.0707663223147392,-0.127032518386841,0.388785004615784,-0.0433702506124973,-0.0707634314894676,0.40480825304985,0.399043411016464
8.36019992828369,0.404670298099518,0.398892521858215,-0.0433417372405529,-0.0707661211490631,-0.126751378178596,0.388901442289352,-0.0433430299162865,-0.0707632303237915,-0.0433417409658432,-0.0707661285996437,0.404668897390366,0.398891717195511,-0.0433430261909962,-0.0707632228732109,-0.126750960946083,0.388902336359024,-0.126751378178596,0.388901442289352,-0.0433430261909962,-0.0707632228732109,0.404667764902115,0.398897737264633,-0.0433443151414394,-0.0707603394985199,-0.0433430299162865,-0.0707632303237915,-0.126750960946083,0.388902336359024,-0.0433443151414394,-0.0707603394985199,0.404666393995285,0.398896902799606
8.36079978942871,0.404528230428696,0.398746162652969,-0.0433158203959465,-0.0707630440592766,-0.126469507813454,0.389018505811691,-0.0433171093463898,-0.0707601383328438,-0.0433158203959465,-0.0707630440592766,0.404526799917221,0.39874541759491,-0.0433171056210995,-0.0707601383328438,-0.126469075679779,0.389019429683685,-0.126469507813454,0.389018505811691,-0.0433171056210995,-0.0707601383328438,0.40452566742897,0.398751348257065,-0.0433184318244457,-0.0707572400569916,-0.0433171093463898,-0.0707601383328438,-0.126469075679779,0.389019429683685,-0.0433184318244457,-0.0707572400569916,0.404524296522141,0.398750513792038
8.36139965057373,0.40438586473465,0.398599982261658,-0.0432899184525013,-0.0707599669694901,-0.12618750333786,0.389135360717773,-0.043291199952364,-0.0707570686936378,-0.0432899184525013,-0.0707599669694901,0.404384464025497,0.398599207401276,-0.0432911962270737,-0.0707570612430573,-0.126187086105347,0.389136284589767,-0.12618750333786,0.389135360717773,-0.0432911962270737,-0.0707570612430573,0.404383361339569,0.398605167865753,-0.0432925224304199,-0.070754162967205,-0.043291199952364,-0.0707570686936378,-0.126187086105347,0.389136284589767,-0.0432925224304199,-0.070754162967205,0.404381960630417,0.398604393005371
8.36200046539307,0.40424320101738,0.398454070091248,-0.0432640239596367,-0.0707569047808647,-0.125905126333237,0.389252066612244,-0.0432653091847897,-0.0707539990544319,-0.0432640239596367,-0.0707569047808647,0.40424183011055,0.398453235626221,-0.0432653054594994,-0.0707539916038513,-0.125904709100723,0.389252990484238,-0.125905126333237,0.389252066612244,-0.0432653054594994,-0.0707539916038513,0.404240667819977,0.398459196090698,-0.0432665906846523,-0.0707510933279991,-0.0432653091847897,-0.0707539990544319,-0.125904709100723,0.389252990484238,-0.0432665906846523,-0.0707510933279991,0.404239267110825,0.398458391427994
8.36260032653809,0.404100269079208,0.398308247327805,-0.0432381480932236,-0.0707538425922394,-0.125622615218163,0.38936847448349,-0.0432394295930862,-0.0707509443163872,-0.0432381480932236,-0.0707538425922394,0.404098898172379,0.3983074426651,-0.0432394258677959,-0.0707509368658066,-0.125622197985649,0.389369428157806,-0.125622615218163,0.38936847448349,-0.0432394258677959,-0.0707509368658066,0.40409779548645,0.3983134329319,-0.0432407185435295,-0.070748046040535,-0.0432394295930862,-0.0707509443163872,-0.125622197985649,0.389369428157806,-0.0432407185435295,-0.070748046040535,0.40409642457962,0.398312628269196
8.36320018768311,0.403957188129425,0.398162633180618,-0.0432122796773911,-0.0707508027553558,-0.125339806079865,0.389484763145447,-0.043213527649641,-0.0707479044795036,-0.0432122796773911,-0.0707508027553558,0.40395575761795,0.398161828517914,-0.0432135239243507,-0.070747897028923,-0.125339388847351,0.389485687017441,-0.125339806079865,0.389484763145447,-0.0432135239243507,-0.070747897028923,0.403954535722733,0.398167818784714,-0.043214850127697,-0.0707449913024902,-0.043213527649641,-0.0707479044795036,-0.125339388847351,0.389485687017441,-0.043214850127697,-0.0707449913024902,0.40395325422287,0.398167014122009
8.36380004882813,0.403813689947128,0.398017227649689,-0.0431864000856876,-0.0707477703690529,-0.125056773424149,0.38960075378418,-0.04318767786026,-0.0707448571920395,-0.0431864000856876,-0.0707477629184723,0.403812378644943,0.398016393184662,-0.0431876704096794,-0.0707448571920395,-0.125056356191635,0.389601677656174,-0.125056773424149,0.38960075378418,-0.0431876704096794,-0.0707448497414589,0.403811186552048,0.398022413253784,-0.0431889593601227,-0.0707419440150261,-0.04318767786026,-0.0707448720932007,-0.125056356191635,0.389601677656174,-0.0431889593601227,-0.0707419440150261,0.403809815645218,0.398021578788757
8.36439990997314,0.403670012950897,0.397872000932693,-0.0431605279445648,-0.0707447454333305,-0.124773539602757,0.389716625213623,-0.0431618019938469,-0.0707418322563171,-0.0431605279445648,-0.0707447454333305,0.403668642044067,0.397871196269989,-0.0431617982685566,-0.0707418248057365,-0.124773025512695,0.389717519283295,-0.124773539602757,0.389716625213623,-0.0431617982685566,-0.0707418248057365,0.403667539358139,0.397877186536789,-0.0431630872189999,-0.0707389265298843,-0.0431618019938469,-0.0707418322563171,-0.124773025512695,0.389717519283295,-0.0431631207466125,-0.0707389190793037,0.403666079044342,0.397876352071762
8.36499977111816,0.403526067733765,0.397726953029633,-0.0431347042322159,-0.0707417204976082,-0.124489910900593,0.389832228422165,-0.0431359857320786,-0.0707388147711754,-0.0431347042322159,-0.0707417204976082,0.403524667024612,0.397726118564606,-0.043135941028595,-0.0707388073205948,-0.124489575624466,0.389833092689514,-0.124489910900593,0.389832228422165,-0.0431359820067883,-0.0707388073205948,0.403523504734039,0.397732138633728,-0.0431372597813606,-0.070735901594162,-0.0431359484791756,-0.070738822221756,-0.124489575624466,0.389833092689514,-0.0431372597813606,-0.070735901594162,0.403522104024887,0.397731333971024
8.36559963226318,0.403381824493408,0.397582083940506,-0.0431088618934155,-0.0707387179136276,-0.124206237494946,0.389947563409805,-0.0431101322174072,-0.0707357972860336,-0.0431088618934155,-0.0707387030124664,0.403380453586578,0.397581309080124,-0.0431101284921169,-0.070735789835453,-0.124205820262432,0.389948487281799,-0.124206237494946,0.389947563409805,-0.0431101284921169,-0.070735789835453,0.403379261493683,0.397587299346924,-0.0431114137172699,-0.0707328915596008,-0.0431101322174072,-0.0707357972860336,-0.124205820262432,0.389948487281799,-0.0431114137172699,-0.0707328915596008,0.403377860784531,0.397586494684219
8.36620044708252,0.403237372636795,0.397437453269958,-0.0430830270051956,-0.0707357153296471,-0.123922184109688,0.390062749385834,-0.043084304779768,-0.0707327947020531,-0.0430830307304859,-0.0707357153296471,0.40323594212532,0.397436648607254,-0.0430843010544777,-0.0707327872514725,-0.123921766877174,0.390063643455505,-0.123922184109688,0.390062749385834,-0.0430843010544777,-0.0707327872514725,0.40323480963707,0.397442668676376,-0.0430855862796307,-0.0707298889756203,-0.043084304779768,-0.0707327947020531,-0.123921766877174,0.390063643455505,-0.0430855862796307,-0.0707298889756203,0.403233379125595,0.397441864013672
8.36680030822754,0.403092503547668,0.397292971611023,-0.043057207018137,-0.0707327276468277,-0.123637922108173,0.390177696943283,-0.0430584847927094,-0.0707298070192337,-0.043057207018137,-0.0707327276468277,0.403091132640839,0.397292166948318,-0.0430584810674191,-0.0707297995686531,-0.123637586832047,0.390178591012955,-0.123637922108173,0.390177696943283,-0.0430584810674191,-0.0707297995686531,0.403090000152588,0.397298216819763,-0.0430597588419914,-0.0707268938422203,-0.043058454990387,-0.0707298144698143,-0.123637586832047,0.390178591012955,-0.0430597588419914,-0.0707268938422203,0.403088539838791,0.397297382354736
8.36740016937256,0.40294748544693,0.397148698568344,-0.0430313758552074,-0.0707297548651695,-0.123353533446789,0.390292406082153,-0.0430326499044895,-0.0707268342375755,-0.0430313758552074,-0.0707297548651695,0.402946084737778,0.397147923707962,-0.0430326424539089,-0.0707268193364143,-0.123353108763695,0.390293329954147,-0.123353533446789,0.390292406082153,-0.0430326461791992,-0.0707268267869949,0.402944952249527,0.397153943777084,-0.0430339202284813,-0.0707239136099815,-0.0430326499044895,-0.0707268342375755,-0.123353108763695,0.390293329954147,-0.0430339202284813,-0.0707239136099815,0.402943521738052,0.397153109312057
8.36800003051758,0.402802139520645,0.397004634141922,-0.0430055782198906,-0.0707267820835114,-0.123068831861019,0.390406906604767,-0.043006855994463,-0.0707238614559174,-0.0430055782198906,-0.0707267746329308,0.402800709009171,0.39700385928154,-0.0430068522691727,-0.0707238540053368,-0.123068317770958,0.390407800674438,-0.123068831861019,0.390406906604767,-0.0430068522691727,-0.0707238540053368,0.402799665927887,0.397009909152985,-0.043008130043745,-0.0707209408283234,-0.043006855994463,-0.0707238614559174,-0.123068317770958,0.390407800674438,-0.043008130043745,-0.0707209408283234,0.402798265218735,0.397009044885635
8.3685998916626,0.402656525373459,0.396860808134079,-0.0429798029363155,-0.0707238093018532,-0.122783847153187,0.390521168708801,-0.0429810434579849,-0.0707208961248398,-0.0429798029363155,-0.0707238093018532,0.402655243873596,0.39685994386673,-0.0429810360074043,-0.0707208812236786,-0.122783407568932,0.390522092580795,-0.122783847153187,0.390521168708801,-0.0429810397326946,-0.0707208886742592,0.402654111385345,0.396866023540497,-0.042982317507267,-0.0707179829478264,-0.0429810434579849,-0.0707208961248398,-0.122783407568932,0.390522092580795,-0.042982317507267,-0.0707179829478264,0.402652680873871,0.39686518907547
8.36919975280762,0.402510702610016,0.396717071533203,-0.042954009026289,-0.0707208663225174,-0.122498624026775,0.390635222196579,-0.0429552756249905,-0.0707179382443428,-0.042954009026289,-0.0707208663225174,0.402509331703186,0.396716266870499,-0.0429552718997002,-0.0707179307937622,-0.122498199343681,0.390636116266251,-0.122498624026775,0.390635222196579,-0.0429552718997002,-0.0707179307937622,0.402508288621902,0.396722316741943,-0.0429565496742725,-0.0707150176167488,-0.0429552756249905,-0.0707179382443428,-0.122498199343681,0.390636116266251,-0.0429565496742725,-0.0707150176167488,0.402506798505783,0.396721512079239
8.36979961395264,0.402364701032639,0.396573603153229,-0.042928222566843,-0.070717915892601,-0.122213214635849,0.390749096870422,-0.0429294928908348,-0.070714995265007,-0.042928222566843,-0.070717915892601,0.402363240718842,0.396572798490524,-0.0429294891655445,-0.0707149878144264,-0.122212789952755,0.390749990940094,-0.122213214635849,0.390749096870422,-0.0429294891655445,-0.0707149878144264,0.402362167835236,0.396578818559647,-0.0429307632148266,-0.070712074637413,-0.0429294928908348,-0.0707150027155876,-0.122212789952755,0.390749990940094,-0.0429307632148266,-0.070712074637413,0.402360737323761,0.396578013896942
8.37040042877197,0.402218222618103,0.396430283784866,-0.0429024547338486,-0.0707149878144264,-0.121927492320538,0.390862733125687,-0.0429037176072598,-0.0707120522856712,-0.0429024547338486,-0.0707149878144264,0.402216851711273,0.396429508924484,-0.0429037138819695,-0.0707120448350906,-0.121927060186863,0.390863597393036,-0.121927492320538,0.390862733125687,-0.0429037138819695,-0.0707120448350906,0.402215838432312,0.396435528993607,-0.0429049916565418,-0.0707091465592384,-0.0429037176072598,-0.0707120522856712,-0.121927060186863,0.390863597393036,-0.0429049916565418,-0.0707091465592384,0.402214378118515,0.396434664726257
8.37100028991699,0.402071624994278,0.396287173032761,-0.042876698076725,-0.0707120671868324,-0.121641643345356,0.390976101160049,-0.0428779684007168,-0.0707091391086578,-0.042876698076725,-0.0707120671868324,0.402070283889771,0.396286398172379,-0.0428779572248459,-0.0707091242074966,-0.121641121804714,0.390977025032043,-0.121641643345356,0.390976101160049,-0.0428779646754265,-0.0707091316580772,0.402069091796875,0.396292418241501,-0.042879231274128,-0.0707062184810638,-0.0428779684007168,-0.0707091391086578,-0.121641121804714,0.390977025032043,-0.042879231274128,-0.0707062035799026,0.402067720890045,0.396291643381119
8.37160015106201,0.401924729347229,0.396144270896912,-0.0428509563207626,-0.0707091465592384,-0.121355399489403,0.391089260578156,-0.0428522154688835,-0.0707062259316444,-0.0428509563207626,-0.0707091465592384,0.401923358440399,0.396143525838852,-0.0428522117435932,-0.0707062184810638,-0.121355064213276,0.39109018445015,-0.121355399489403,0.391089260578156,-0.0428522117435932,-0.0707062184810638,0.401922225952148,0.396149516105652,-0.0428534857928753,-0.0707032978534698,-0.0428522154688835,-0.0707062259316444,-0.121355064213276,0.39109018445015,-0.0428534857928753,-0.0707032978534698,0.401920855045319,0.396148771047592
8.37220001220703,0.401777535676956,0.396001607179642,-0.0428252220153809,-0.0707062482833862,-0.121069051325321,0.391202241182327,-0.042826484888792,-0.0707033053040504,-0.0428252220153809,-0.0707062482833862,0.401776164770126,0.396000802516937,-0.0428264811635017,-0.0707033053040504,-0.121068522334099,0.391203165054321,-0.121069051325321,0.391202241182327,-0.0428264811635017,-0.0707033053040504,0.401775032281876,0.396006882190704,-0.0428277514874935,-0.0707003846764565,-0.042826484888792,-0.0707033053040504,-0.121068522334099,0.391203165054321,-0.0428277514874935,-0.0707003846764565,0.401773571968079,0.396006017923355
8.37279987335205,0.401630073785782,0.395859092473984,-0.0427994690835476,-0.0707033574581146,-0.120782390236855,0.391314953565598,-0.0428007356822491,-0.0707004219293594,-0.0427994690835476,-0.0707033574581146,0.40162867307663,0.395858287811279,-0.0428007319569588,-0.0707004144787788,-0.12078195810318,0.391315877437592,-0.120782390236855,0.391314953565598,-0.0428007319569588,-0.0707004144787788,0.401627570390701,0.395864337682724,-0.0428019985556602,-0.0706974938511848,-0.0428007356822491,-0.0707004219293594,-0.12078195810318,0.391315877437592,-0.0428019985556602,-0.0706974938511848,0.401626229286194,0.395863503217697
8.37339973449707,0.401482403278351,0.395716786384583,-0.0427737645804882,-0.070700466632843,-0.120495527982712,0.391427457332611,-0.0427750311791897,-0.0706975385546684,-0.0427737683057785,-0.0707004740834236,0.401480913162231,0.395716041326523,-0.0427750274538994,-0.0706975311040878,-0.120495088398457,0.391428351402283,-0.120495527982712,0.391427457332611,-0.0427750274538994,-0.0706975311040878,0.40147989988327,0.395722031593323,-0.0427762605249882,-0.0706946104764938,-0.0427750311791897,-0.0706975385546684,-0.120495080947876,0.39142832159996,-0.0427762605249882,-0.0706946104764938,0.401478499174118,0.395721197128296
8.37399959564209,0.401334404945374,0.395574688911438,-0.0427480414509773,-0.0706975907087326,-0.120208352804184,0.391539722681046,-0.0427493043243885,-0.0706946477293968,-0.0427480414509773,-0.0706975907087326,0.401333004236221,0.395573884248734,-0.0427493005990982,-0.0706946402788162,-0.120208010077477,0.39154064655304,-0.120208352804184,0.391539722681046,-0.0427493005990982,-0.0706946402788162,0.401331871747971,0.395579963922501,-0.04275057092309,-0.0706917271018028,-0.0427493043243885,-0.0706946477293968,-0.120208010077477,0.39154064655304,-0.04275057092309,-0.0706917271018028,0.401330500841141,0.395579129457474
8.37460041046143,0.401186168193817,0.395432740449905,-0.0427223667502403,-0.0706947147846222,-0.119920961558819,0.391651809215546,-0.0427235923707485,-0.0706917867064476,-0.0427223667502403,-0.0706947147846222,0.401184737682343,0.395431995391846,-0.0427235886454582,-0.070691779255867,-0.119920618832111,0.391652673482895,-0.119920961558819,0.391651809215546,-0.0427235886454582,-0.070691779255867,0.401183694601059,0.39543804526329,-0.0427248552441597,-0.0706888511776924,-0.0427235923707485,-0.0706917867064476,-0.119920618832111,0.391652673482895,-0.0427248552441597,-0.0706888511776924,0.401182264089584,0.395437180995941
8.37520027160645,0.401037663221359,0.395291030406952,-0.0426966659724712,-0.0706918686628342,-0.119633458554745,0.391763597726822,-0.0426978915929794,-0.070688933134079,-0.0426966659724712,-0.0706918686628342,0.401036262512207,0.39529025554657,-0.0426978878676891,-0.0706889256834984,-0.119632929563522,0.391764521598816,-0.119633458554745,0.391763597726822,-0.0426978878676891,-0.0706889256834984,0.401035159826279,0.395296305418015,-0.0426991544663906,-0.0706859901547432,-0.0426978915929794,-0.070688933134079,-0.119632929563522,0.391764521598816,-0.0426991544663906,-0.0706859901547432,0.401033759117126,0.39529550075531
8.37580013275146,0.400888919830322,0.3951495885849,-0.0426709838211536,-0.0706890225410461,-0.119345560669899,0.391875207424164,-0.0426722429692745,-0.0706860721111298,-0.0426709838211536,-0.0706890225410461,0.400887429714203,0.395148754119873,-0.0426722355186939,-0.0706860646605492,-0.119345128536224,0.391876131296158,-0.119345560669899,0.391875207424164,-0.0426722355186939,-0.0706860646605492,0.400886416435242,0.395154803991318,-0.0426734685897827,-0.0706831440329552,-0.0426722131669521,-0.070686087012291,-0.119345128536224,0.391876131296158,-0.0426734685897827,-0.0706831440329552,0.400885015726089,0.395154029130936
8.37639999389648,0.400739848613739,0.395008236169815,-0.0426453128457069,-0.0706861764192581,-0.119057551026344,0.391986608505249,-0.0426465682685375,-0.0706832259893417,-0.0426453128457069,-0.0706861764192581,0.400738447904587,0.395007461309433,-0.0426465310156345,-0.0706832259893417,-0.119057007133961,0.391987472772598,-0.119057551026344,0.391986608505249,-0.0426465645432472,-0.0706832185387611,0.400737345218658,0.395013511180878,-0.0426477901637554,-0.0706802904605865,-0.0426465347409248,-0.0706832334399223,-0.119057007133961,0.391987472772598,-0.0426477901637554,-0.0706802904605865,0.400735944509506,0.395012736320496
8.3769998550415,0.400590568780899,0.394867181777954,-0.0426196567714214,-0.0706833451986313,-0.118769139051437,0.39209771156311,-0.0426208786666393,-0.0706804022192955,-0.0426196567714214,-0.0706833451986313,0.40058907866478,0.394866347312927,-0.0426208712160587,-0.0706803873181343,-0.11876879632473,0.392098635435104,-0.118769139051437,0.39209771156311,-0.042620874941349,-0.0706803947687149,0.400588095188141,0.394872456789017,-0.0426221303641796,-0.0706774592399597,-0.0426208786666393,-0.0706804022192955,-0.11876879632473,0.392098635435104,-0.0426221303641796,-0.0706774592399597,0.400586664676666,0.394871592521667
8.37759971618652,0.400440990924835,0.394726276397705,-0.0425939783453941,-0.0706805288791656,-0.118480607867241,0.39220866560936,-0.0425952263176441,-0.0706775784492493,-0.0425939783453941,-0.0706805288791656,0.400439590215683,0.394725441932678,-0.0425952225923538,-0.0706775709986687,-0.118480168282986,0.392209559679031,-0.118480607867241,0.39220866560936,-0.0425952225923538,-0.0706775709986687,0.400438457727432,0.394731491804123,-0.0425964556634426,-0.0706746429204941,-0.0425952263176441,-0.0706775784492493,-0.118480168282986,0.392209559679031,-0.0425964556634426,-0.0706746429204941,0.400437086820602,0.394730716943741
8.37819957733154,0.40029114484787,0.39458554983139,-0.0425683446228504,-0.0706777125597,-0.118191786110401,0.392319351434708,-0.0425695665180683,-0.0706747695803642,-0.0425683446228504,-0.0706777125597,0.400289744138718,0.394584745168686,-0.042569562792778,-0.0706747621297836,-0.118191435933113,0.392320245504379,-0.118191786110401,0.392319351434708,-0.042569562792778,-0.0706747621297836,0.400288701057434,0.394590854644775,-0.0425708182156086,-0.0706718191504478,-0.0425695665180683,-0.0706747695803642,-0.118191435933113,0.392320245504379,-0.0425708182156086,-0.0706718191504478,0.400287240743637,0.394589990377426
8.37880039215088,0.400141000747681,0.394445031881332,-0.0425426959991455,-0.070674903690815,-0.117902837693691,0.392429798841476,-0.0425439476966858,-0.0706719607114792,-0.0425426959991455,-0.070674903690815,0.400139629840851,0.394444286823273,-0.0425439439713955,-0.0706719607114792,-0.117902390658855,0.392430692911148,-0.117902837693691,0.392429798841476,-0.0425439439713955,-0.0706719607114792,0.400138556957245,0.39445036649704,-0.0425451621413231,-0.070669025182724,-0.0425439476966858,-0.0706719607114792,-0.117902390658855,0.392430692911148,-0.0425451621413231,-0.070669025182724,0.40013712644577,0.394449502229691
8.3794002532959,0.399990648031235,0.394304752349854,-0.0425170846283436,-0.0706721097230911,-0.11761349439621,0.392540007829666,-0.0425183065235615,-0.0706691667437553,-0.0425170846283436,-0.0706721097230911,0.399989277124405,0.394303977489471,-0.0425182990729809,-0.0706691592931747,-0.117613047361374,0.392540961503983,-0.11761349439621,0.392540007829666,-0.0425183027982712,-0.0706691667437553,0.399988204240799,0.394310057163239,-0.0425195582211018,-0.0706662237644196,-0.0425183065235615,-0.0706691667437553,-0.117613047361374,0.392540961503983,-0.0425195582211018,-0.0706662237644196,0.399986833333969,0.394309222698212
8.38000011444092,0.399840027093887,0.394164681434631,-0.0424914658069611,-0.0706693306565285,-0.117324039340019,0.392650008201599,-0.0424926765263081,-0.0706663876771927,-0.0424914658069611,-0.0706693306565285,0.399838626384735,0.394163936376572,-0.0424926728010178,-0.0706663802266121,-0.117323510348797,0.392650932073593,-0.117324039340019,0.392650008201599,-0.0424926728010178,-0.0706663802266121,0.399837553501129,0.394169956445694,-0.0424939319491386,-0.0706634446978569,-0.0424926765263081,-0.0706663876771927,-0.117323510348797,0.392650932073593,-0.0424939319491386,-0.0706634446978569,0.399836122989655,0.39416915178299
8.38059997558594,0.399689137935638,0.394024789333344,-0.0424658544361591,-0.070666566491127,-0.117034181952477,0.392759799957275,-0.0424670651555061,-0.0706636160612106,-0.0424658544361591,-0.070666566491127,0.399687767028809,0.394024014472961,-0.0424670577049255,-0.0706636011600494,-0.117033839225769,0.392760694026947,-0.117034181952477,0.392759799957275,-0.0424670614302158,-0.07066360861063,0.399686694145203,0.394030094146729,-0.0424683168530464,-0.0706606656312943,-0.0424670651555061,-0.0706636160612106,-0.117033839225769,0.392760694026947,-0.0424683168530464,-0.0706606656312943,0.399685323238373,0.394029319286346
8.38119983673096,0.399537950754166,0.393885135650635,-0.0424402505159378,-0.070663794875145,-0.116744220256805,0.39286932349205,-0.0424414686858654,-0.0706608444452286,-0.0424402505159378,-0.070663794875145,0.399536550045013,0.393884360790253,-0.0424414612352848,-0.0706608295440674,-0.116743870079517,0.392870217561722,-0.116744220256805,0.39286932349205,-0.0424414649605751,-0.070660836994648,0.39953550696373,0.393890410661697,-0.0424427166581154,-0.0706579014658928,-0.0424414686858654,-0.0706608444452286,-0.116743870079517,0.392870217561722,-0.0424427166581154,-0.0706579014658928,0.399534106254578,0.393889635801315
8.38179969787598,0.399386554956436,0.393745690584183,-0.0424146689474583,-0.0706610381603241,-0.116454035043716,0.392978638410568,-0.0424158796668053,-0.0706580802798271,-0.0424146689474583,-0.0706610381603241,0.399385184049606,0.393744915723801,-0.042415875941515,-0.0706580728292465,-0.116453588008881,0.392979502677917,-0.116454035043716,0.392978638410568,-0.042415875941515,-0.0706580728292465,0.399384170770645,0.393750995397568,-0.0424171276390553,-0.0706551298499107,-0.0424158796668053,-0.0706580802798271,-0.116453588008881,0.392979502677917,-0.0424171276390553,-0.0706551298499107,0.399382710456848,0.393750131130219
8.382399559021,0.399234861135483,0.393606394529343,-0.0423890575766563,-0.0706582888960838,-0.116163566708565,0.393087685108185,-0.0423903055489063,-0.0706553384661674,-0.0423890575766563,-0.0706582888960838,0.399233490228653,0.393605649471283,-0.042390301823616,-0.0706553310155869,-0.116163209080696,0.393088608980179,-0.116163566708565,0.393087685108185,-0.042390301823616,-0.0706553310155869,0.399232417345047,0.393611699342728,-0.0423915199935436,-0.0706523880362511,-0.0423903055489063,-0.0706553384661674,-0.116163112223148,0.393088608980179,-0.0423915199935436,-0.0706523880362511,0.399231046438217,0.393610894680023
8.38300037384033,0.399082958698273,0.393467336893082,-0.0423635020852089,-0.0706555545330048,-0.115872874855995,0.393196552991867,-0.0423647128045559,-0.0706526041030884,-0.0423635020852089,-0.0706555545330048,0.399081468582153,0.393466591835022,-0.0423647090792656,-0.0706525966525078,-0.115872427821159,0.393197417259216,-0.115872874855995,0.393196552991867,-0.0423647090792656,-0.0706525966525078,0.399080514907837,0.393472641706467,-0.0423659570515156,-0.0706496462225914,-0.0423647128045559,-0.0706526041030884,-0.115872412919998,0.393197387456894,-0.0423659570515156,-0.0706496387720108,0.399079114198685,0.393471896648407
8.38360023498535,0.398930728435516,0.3933285176754,-0.0423379205167294,-0.0706528276205063,-0.115581892430782,0.393305152654648,-0.042339164763689,-0.0706498697400093,-0.0423379205167294,-0.0706528276205063,0.398929327726364,0.393327742815018,-0.0423391573131084,-0.0706498622894287,-0.115581519901752,0.393306016921997,-0.115581884980202,0.393305122852325,-0.0423391610383987,-0.0706498697400093,0.398928254842758,0.393333852291107,-0.0423403717577457,-0.0706469193100929,-0.042339164763689,-0.0706498697400093,-0.115581519901752,0.393306016921997,-0.0423403717577457,-0.0706469193100929,0.398926883935928,0.39333301782608
8.38420009613037,0.398778289556503,0.393189877271652,-0.0423123873770237,-0.0706501081585884,-0.115290775895119,0.393413513898849,-0.0423135980963707,-0.0706471502780914,-0.0423123873770237,-0.0706501081585884,0.398776769638062,0.39318910241127,-0.0423135906457901,-0.0706471353769302,-0.115290328860283,0.393414378166199,-0.115290775895119,0.393413513898849,-0.0423135943710804,-0.0706471428275108,0.398775786161423,0.39319521188736,-0.0423148423433304,-0.0706441923975945,-0.0423135980963707,-0.0706471502780914,-0.115290328860283,0.393414378166199,-0.0423148423433304,-0.0706441923975945,0.398774355649948,0.393194377422333
8.38479995727539,0.398625433444977,0.393051475286484,-0.0422868356108665,-0.0706473961472511,-0.114999368786812,0.393521636724472,-0.0422880388796329,-0.0706444457173347,-0.0422868356108665,-0.0706473961472511,0.398624062538147,0.393050700426102,-0.0422880351543427,-0.0706444382667542,-0.114998832345009,0.393522530794144,-0.114999368786812,0.393521636724472,-0.0422880351543427,-0.0706444382667542,0.398623138666153,0.393056780099869,-0.0422892831265926,-0.0706414803862572,-0.0422880388796329,-0.0706444457173347,-0.114998832345009,0.393522530794144,-0.0422892831265926,-0.0706414803862572,0.398621588945389,0.393055945634842
8.38539981842041,0.398472487926483,0.392913281917572,-0.0422612950205803,-0.070644699037075,-0.114707663655281,0.393629521131516,-0.0422625355422497,-0.0706417337059975,-0.0422612950205803,-0.070644699037075,0.398471117019653,0.392912477254868,-0.0422625318169594,-0.0706417262554169,-0.114707216620445,0.393630415201187,-0.114707663655281,0.393629521131516,-0.0422625318169594,-0.0706417262554169,0.398470103740692,0.392918586730957,-0.0422637388110161,-0.0706387683749199,-0.0422624982893467,-0.0706417411565781,-0.114707216620445,0.393630415201187,-0.0422637388110161,-0.0706387683749199,0.39846858382225,0.392917811870575
8.38599967956543,0.398319274187088,0.392775267362595,-0.0422357693314552,-0.0706420093774796,-0.114415839314461,0.39373716711998,-0.042237002402544,-0.070639044046402,-0.0422357693314552,-0.0706420093774796,0.398317873477936,0.392774522304535,-0.0422369986772537,-0.0706390365958214,-0.114415302872658,0.393738090991974,-0.114415839314461,0.39373716711998,-0.0422369986772537,-0.0706390365958214,0.39831680059433,0.392780601978302,-0.0422382093966007,-0.0706360787153244,-0.042237002402544,-0.070639044046402,-0.114415302872658,0.393738090991974,-0.0422382093966007,-0.0706360787153244,0.398315340280533,0.392779797315598
8.38659954071045,0.398165673017502,0.392637491226196,-0.0422102510929108,-0.0706393346190453,-0.114123724400997,0.393844604492188,-0.0422114916145802,-0.0706363543868065,-0.0422102510929108,-0.0706393346190453,0.39816427230835,0.392636656761169,-0.0422114841639996,-0.0706363469362259,-0.114123173058033,0.393845528364182,-0.114123724400997,0.393844604492188,-0.0422114878892899,-0.0706363469362259,0.398163259029388,0.392642766237259,-0.0422126911580563,-0.0706334039568901,-0.0422114580869675,-0.0706363692879677,-0.114123173058033,0.393845528364182,-0.0422126911580563,-0.0706334039568901,0.398161888122559,0.392641991376877
8.38720035552979,0.398011922836304,0.392499893903732,-0.0421847514808178,-0.070636659860611,-0.113831304013729,0.393951773643494,-0.0421859510242939,-0.0706336796283722,-0.0421847514808178,-0.070636659860611,0.398010522127151,0.392499148845673,-0.0421859472990036,-0.0706336796283722,-0.113830849528313,0.393952697515488,-0.113831304013729,0.393951773643494,-0.0421859472990036,-0.0706336796283722,0.39800950884819,0.39250522851944,-0.042187187820673,-0.0706307217478752,-0.0421859510242939,-0.0706336796283722,-0.113830849528313,0.393952697515488,-0.042187187820673,-0.0706307217478752,0.398007988929749,0.392504423856735
8.3878002166748,0.397857815027237,0.392362534999847,-0.0421592593193054,-0.0706339851021767,-0.113538756966591,0.394058704376221,-0.0421604663133621,-0.0706310346722603,-0.0421592630445957,-0.0706339925527573,0.397856444120407,0.392361730337143,-0.0421604588627815,-0.0706310197710991,-0.113538220524788,0.394059598445892,-0.113538756966591,0.394058704376221,-0.0421604625880718,-0.0706310272216797,0.397855460643768,0.392367839813232,-0.0421616658568382,-0.0706280618906021,-0.0421604663133621,-0.0706310346722603,-0.113538220524788,0.394059598445892,-0.0421616621315479,-0.0706280544400215,0.397854000329971,0.39236706495285
8.38840007781982,0.397703558206558,0.392225384712219,-0.0421337522566319,-0.0706313401460648,-0.113245822489262,0.394165456295013,-0.0421349853277206,-0.070628359913826,-0.0421337522566319,-0.0706313401460648,0.397702157497406,0.39222463965416,-0.0421349480748177,-0.0706283673644066,-0.113245368003845,0.394166350364685,-0.113245822489262,0.394165456295013,-0.0421349816024303,-0.0706283524632454,0.397701174020767,0.392230719327927,-0.0421361848711967,-0.0706253945827484,-0.042134951800108,-0.0706283748149872,-0.113245368003845,0.394166350364685,-0.0421361848711967,-0.0706253945827484,0.397699654102325,0.3922298848629
8.38899993896484,0.397548973560333,0.392088413238525,-0.0421082898974419,-0.0706286877393723,-0.112952791154385,0.394271939992905,-0.0421094857156277,-0.0706257149577141,-0.0421082898974419,-0.0706286877393723,0.397547483444214,0.392087668180466,-0.0421094819903374,-0.0706257075071335,-0.112952329218388,0.394272834062576,-0.112952791154385,0.394271939992905,-0.0421094819903374,-0.0706257075071335,0.397546470165253,0.392093777656555,-0.0421106852591038,-0.0706227496266365,-0.0421094857156277,-0.0706257149577141,-0.112952329218388,0.394272834062576,-0.0421106852591038,-0.0706227496266365,0.397545158863068,0.392093002796173
8.38959980010986,0.397394090890884,0.391951739788055,-0.0420828089118004,-0.0706260502338409,-0.11265953630209,0.394378185272217,-0.0420840084552765,-0.0706230849027634,-0.0420828089118004,-0.0706260502338409,0.397392719984055,0.391950964927673,-0.0420840047299862,-0.0706230774521828,-0.112659074366093,0.394379019737244,-0.11265953630209,0.394378185272217,-0.0420840047299862,-0.0706230774521828,0.397391706705093,0.391957074403763,-0.0420852340757847,-0.0706201046705246,-0.0420840084552765,-0.0706230849027634,-0.112659074366093,0.394379019737244,-0.0420852340757847,-0.0706201046705246,0.397390276193619,0.391956239938736
8.39019966125488,0.397238999605179,0.391815215349197,-0.0420573353767395,-0.0706234350800514,-0.112365983426571,0.394484132528305,-0.0420585684478283,-0.0706204473972321,-0.0420573353767395,-0.0706234350800514,0.397237628698349,0.391814470291138,-0.0420585609972477,-0.0706204399466515,-0.112365528941154,0.394485056400299,-0.112365983426571,0.394484132528305,-0.042058564722538,-0.0706204473972321,0.397236615419388,0.391820549964905,-0.0420597679913044,-0.0706174820661545,-0.0420585684478283,-0.0706204473972321,-0.112365521490574,0.394485026597977,-0.0420597679913044,-0.0706174820661545,0.397235214710236,0.391819775104523
8.39080047607422,0.397083699703217,0.391678929328918,-0.0420318767428398,-0.0706208124756813,-0.112072125077248,0.394589900970459,-0.0420331098139286,-0.0706178322434425,-0.0420318804681301,-0.0706208199262619,0.39708223938942,0.391678214073181,-0.0420331060886383,-0.0706178247928619,-0.112071767449379,0.394590765237808,-0.112072125077248,0.394589900970459,-0.0420331060886383,-0.0706178247928619,0.397081226110458,0.391684263944626,-0.0420343056321144,-0.0706148594617844,-0.0420331098139286,-0.0706178322434425,-0.112071759998798,0.394590735435486,-0.0420343056321144,-0.0706148594617844,0.397079825401306,0.391683489084244
8.39140033721924,0.396928042173386,0.391542851924896,-0.0420064330101013,-0.0706182047724724,-0.111778162419796,0.394695371389389,-0.0420076623558998,-0.070615217089653,-0.0420064367353916,-0.070618212223053,0.396926522254944,0.391542047262192,-0.0420076586306095,-0.0706152096390724,-0.111777700483799,0.394696295261383,-0.111778162419796,0.394695371389389,-0.0420076586306095,-0.0706152096390724,0.396925538778305,0.391548246145248,-0.0420088618993759,-0.0706122517585754,-0.0420076623558998,-0.070615217089653,-0.111777700483799,0.394696295261383,-0.0420088618993759,-0.0706122517585754,0.39692422747612,0.391547381877899
8.39200019836426,0.396772146224976,0.391407042741776,-0.0419810079038143,-0.0706156045198441,-0.11148390173912,0.394800662994385,-0.0419822297990322,-0.0706126242876053,-0.0419810079038143,-0.0706156045198441,0.396770656108856,0.391406238079071,-0.0419821925461292,-0.0706126168370247,-0.111483447253704,0.394801586866379,-0.11148390173912,0.394800662994385,-0.0419822260737419,-0.0706126168370247,0.396769732236862,0.391412317752838,-0.041983425617218,-0.0706096440553665,-0.0419821962714195,-0.0706126242876053,-0.111483447253704,0.394801586866379,-0.041983425617218,-0.0706096366047859,0.396768361330032,0.391411572694778
8.39260005950928,0.396615922451019,0.391271382570267,-0.0419555827975273,-0.0706130117177963,-0.111189424991608,0.394905686378479,-0.0419567786157131,-0.0706100389361382,-0.0419555865228176,-0.0706130191683769,0.396614551544189,0.391270577907562,-0.0419567711651325,-0.070610024034977,-0.111188970506191,0.394906610250473,-0.111189424991608,0.394905686378479,-0.0419567748904228,-0.0706100314855576,0.396613568067551,0.391276687383652,-0.0419580042362213,-0.0706070512533188,-0.0419567786157131,-0.0706100389361382,-0.111188970506191,0.394906610250473,-0.0419580042362213,-0.0706070512533188,0.396612077951431,0.391275972127914
8.3931999206543,0.396459549665451,0.391135931015015,-0.0419301800429821,-0.0706104338169098,-0.110894657671452,0.395010441541672,-0.0419313684105873,-0.0706074386835098,-0.0419301837682724,-0.0706104412674904,0.396458148956299,0.391135185956955,-0.041931364685297,-0.0706074461340904,-0.110894300043583,0.395011335611343,-0.110894657671452,0.395010441541672,-0.041931364685297,-0.0706074386835098,0.396457135677338,0.391141265630722,-0.0419325642287731,-0.0706044733524323,-0.0419313684105873,-0.070607453584671,-0.110894300043583,0.395011335611343,-0.0419325642287731,-0.0706044733524323,0.396455764770508,0.39114049077034
8.39379978179932,0.396302878856659,0.391000747680664,-0.0419047586619854,-0.0706078633666039,-0.110599681735039,0.395114988088608,-0.0419059805572033,-0.0706048682332039,-0.0419047586619854,-0.0706078633666039,0.396301478147507,0.390999972820282,-0.04190593957901,-0.0706048756837845,-0.11059932410717,0.395115852355957,-0.110599681735039,0.395114988088608,-0.041905976831913,-0.0706048607826233,0.396300464868546,0.391006052494049,-0.0419071689248085,-0.0706018954515457,-0.0419059433043003,-0.0706048756837845,-0.11059932410717,0.395115852355957,-0.0419071689248085,-0.0706018954515457,0.396299123764038,0.391005307435989
8.39439964294434,0.396145969629288,0.390865713357925,-0.0418793745338917,-0.0706053003668785,-0.110304601490498,0.395219266414642,-0.0418805666267872,-0.0706023201346397,-0.0418793745338917,-0.0706053003668785,0.396144479513168,0.390864998102188,-0.0418805591762066,-0.0706023052334785,-0.110304139554501,0.395220190286636,-0.110304601490498,0.395219266414642,-0.0418805629014969,-0.0706023126840591,0.396143555641174,0.3908711373806,-0.0418817549943924,-0.0705993250012398,-0.0418805666267872,-0.0706023201346397,-0.11030413210392,0.395220160484314,-0.0418817549943924,-0.0705993250012398,0.396142095327377,0.390870302915573
8.39500045776367,0.395988821983337,0.390730977058411,-0.0418539792299271,-0.0706027448177338,-0.110009200870991,0.39532333612442,-0.041855163872242,-0.070599764585495,-0.0418539792299271,-0.0706027448177338,0.395987331867218,0.390730261802673,-0.0418551564216614,-0.0705997496843338,-0.110008649528027,0.395324200391769,-0.110009200870991,0.39532333612442,-0.0418551601469517,-0.0705997571349144,0.395986348390579,0.39073634147644,-0.0418563857674599,-0.070596769452095,-0.041855163872242,-0.070599764585495,-0.110008649528027,0.395324200391769,-0.0418563857674599,-0.070596769452095,0.395984947681427,0.390735566616058
8.39560031890869,0.395831316709518,0.390596449375153,-0.0418285876512527,-0.0706001967191696,-0.109713524580002,0.395427137613297,-0.0418298095464706,-0.0705972090363503,-0.041828591376543,-0.0706002041697502,0.395829856395721,0.390595704317093,-0.04182980209589,-0.0705971941351891,-0.109712958335876,0.395428001880646,-0.109713517129421,0.395427107810974,-0.0418298058211803,-0.0705972015857697,0.395828992128372,0.390601813793182,-0.0418309979140759,-0.0705942288041115,-0.0418298095464706,-0.0705972090363503,-0.109712958335876,0.395428001880646,-0.0418309979140759,-0.0705942288041115,0.395827442407608,0.3906010389328
8.39620018005371,0.39567357301712,0.390462130308151,-0.0418032146990299,-0.0705976709723473,-0.109417624771595,0.395530641078949,-0.0418044328689575,-0.0705946758389473,-0.0418032146990299,-0.0705976709723473,0.395672142505646,0.390461355447769,-0.0418044291436672,-0.0705946683883667,-0.109417162835598,0.395531564950943,-0.109417624771595,0.395530641078949,-0.0418044291436672,-0.0705946683883667,0.395671218633652,0.390467464923859,-0.041805624961853,-0.0705916881561279,-0.0418044328689575,-0.0705946758389473,-0.109417162835598,0.395531564950943,-0.041805624961853,-0.0705916881561279,0.3956698179245,0.390466719865799
8.39680004119873,0.395515590906143,0.390328049659729,-0.0417778566479683,-0.0705951452255249,-0.109121434390545,0.39563399553299,-0.0417790710926056,-0.0705921426415443,-0.041777890175581,-0.0705951377749443,0.395514219999313,0.390327274799347,-0.0417790673673153,-0.0705921351909637,-0.109121076762676,0.395634859800339,-0.109121434390545,0.39563399553299,-0.0417790673673153,-0.0705921351909637,0.395513266324997,0.390333384275436,-0.0417802594602108,-0.070589154958725,-0.0417790710926056,-0.0705921426415443,-0.109121061861515,0.395634829998016,-0.0417802594602108,-0.070589154958725,0.395511746406555,0.390332609415054
8.39739990234375,0.395357429981232,0.390194147825241,-0.041752502322197,-0.0705926269292831,-0.108825035393238,0.395737051963806,-0.0417536869645119,-0.0705896317958832,-0.041752502322197,-0.0705926269292831,0.395355939865112,0.390193372964859,-0.0417536832392216,-0.0705896243453026,-0.108824670314789,0.395737916231155,-0.108825035393238,0.395737051963806,-0.0417536832392216,-0.0705896243453026,0.395354986190796,0.390199482440948,-0.0417549051344395,-0.070586621761322,-0.0417536906898022,-0.0705896392464638,-0.108824670314789,0.395737916231155,-0.0417549051344395,-0.070586621761322,0.395353585481644,0.390198737382889
8.39799976348877,0.395198881626129,0.390060514211655,-0.0417271703481674,-0.0705901086330414,-0.108528539538383,0.395839869976044,-0.041728351265192,-0.070587120950222,-0.0417271703481674,-0.0705901086330414,0.395197510719299,0.390059739351273,-0.0417283475399017,-0.0705871134996414,-0.108528077602386,0.395840734243393,-0.108528539538383,0.395839869976044,-0.0417283475399017,-0.0705871134996414,0.395196557044983,0.390065848827362,-0.0417295359075069,-0.0705841258168221,-0.041728351265192,-0.070587120950222,-0.108528070151806,0.395840704441071,-0.0417295359075069,-0.0705841258168221,0.395195037126541,0.390065044164658
8.39859962463379,0.39504012465477,0.389927089214325,-0.0417018495500088,-0.0705876126885414,-0.108231730759144,0.395942389965057,-0.0417030304670334,-0.0705846101045609,-0.0417018495500088,-0.0705876126885414,0.395038634538651,0.389926314353943,-0.0417030267417431,-0.0705846101045609,-0.108231171965599,0.395943284034729,-0.108231730759144,0.395942389965057,-0.0417030267417431,-0.0705846101045609,0.395037800073624,0.389932423830032,-0.0417042076587677,-0.0705816224217415,-0.0417030304670334,-0.0705846101045609,-0.108231171965599,0.395943284034729,-0.0417042076587677,-0.0705816224217415,0.395036309957504,0.38993164896965
8.39920043945313,0.394881069660187,0.38979384303093,-0.041676502674818,-0.070585124194622,-0.10793462395668,0.396044701337814,-0.0416776835918427,-0.0705821365118027,-0.0416765064001083,-0.0705851316452026,0.394879698753357,0.389793068170547,-0.0416776761412621,-0.0705821216106415,-0.107934154570103,0.396045565605164,-0.10793462395668,0.396044701337814,-0.0416776761412621,-0.0705821216106415,0.394878745079041,0.389799237251282,-0.0416788645088673,-0.0705791339278221,-0.0416776835918427,-0.0705821365118027,-0.107934154570103,0.396045565605164,-0.0416788645088673,-0.0705791339278221,0.394877314567566,0.389798402786255
8.39980030059814,0.394721865653992,0.389660835266113,-0.0416512079536915,-0.0705826431512833,-0.107637323439121,0.396146804094315,-0.0416523851454258,-0.0705796405673027,-0.0416512079536915,-0.0705826431512833,0.394720375537872,0.389660120010376,-0.0416523814201355,-0.0705796331167221,-0.107636846601963,0.396147638559341,-0.107637323439121,0.396146804094315,-0.0416523814201355,-0.0705796331167221,0.394719451665878,0.389666229486465,-0.0416535623371601,-0.0705766454339027,-0.0416523851454258,-0.0705796405673027,-0.107636846601963,0.396147638559341,-0.0416535623371601,-0.0705766454339027,0.394717991352081,0.389665454626083
8.40040016174316,0.394562304019928,0.389528095722198,-0.0416258871555328,-0.0705801770091057,-0.107339814305305,0.396248579025269,-0.0416270643472672,-0.0705771669745445,-0.0416258871555328,-0.0705801770091057,0.394560843706131,0.389527350664139,-0.0416270606219769,-0.0705771669745445,-0.107339344918728,0.396249502897263,-0.107339814305305,0.396248579025269,-0.0416270606219769,-0.0705771669745445,0.394559919834137,0.389533489942551,-0.0416282452642918,-0.0705741718411446,-0.0416270643472672,-0.0705771669745445,-0.107339337468147,0.39624947309494,-0.0416282452642918,-0.0705741718411446,0.394558519124985,0.389532715082169
8.40100002288818,0.394402503967285,0.38939556479454,-0.0416005849838257,-0.0705777183175087,-0.107042096555233,0.396350145339966,-0.0416017584502697,-0.0705747157335281,-0.0416006147861481,-0.0705777034163475,0.394401103258133,0.389394789934158,-0.0416017509996891,-0.0705747008323669,-0.107041537761688,0.396351039409637,-0.107042096555233,0.396350145339966,-0.0416017547249794,-0.0705747082829475,0.394400238990784,0.389400959014893,-0.041602935642004,-0.0705717131495476,-0.0416017584502697,-0.0705747157335281,-0.107041522860527,0.396351009607315,-0.041602935642004,-0.0705717131495476,0.39439868927002,0.38940018415451
8.4015998840332,0.394242405891418,0.389263272285461,-0.0415753237903118,-0.0705752447247505,-0.106744080781937,0.396451473236084,-0.0415764674544334,-0.0705722644925117,-0.0415753237903118,-0.0705752447247505,0.394241034984589,0.389262527227402,-0.0415764600038528,-0.0705722495913506,-0.106743603944778,0.396452337503433,-0.106744080781937,0.396451473236084,-0.0415764637291431,-0.0705722570419312,0.394240081310272,0.389268636703491,-0.0415776781737804,-0.0705692395567894,-0.0415764674544334,-0.0705722644925117,-0.106743603944778,0.396452337503433,-0.0415776781737804,-0.0705692395567894,0.394238620996475,0.389267861843109
8.40219974517822,0.394082129001617,0.389131158590317,-0.0415500104427338,-0.0705728232860565,-0.106445871293545,0.396552532911301,-0.0415512174367905,-0.0705697983503342,-0.0415500104427338,-0.0705728232860565,0.394080758094788,0.389130413532257,-0.0415511801838875,-0.0705698058009148,-0.106445387005806,0.39655339717865,-0.106445871293545,0.396552532911301,-0.0415511801838875,-0.0705698058009148,0.394079864025116,0.389136582612991,-0.0415523946285248,-0.0705667957663536,-0.0415511839091778,-0.0705698132514954,-0.106445387005806,0.39655339717865,-0.0415523946285248,-0.0705667957663536,0.394078344106674,0.389135777950287
8.40279960632324,0.393921554088593,0.388999313116074,-0.0415247455239296,-0.0705703869462013,-0.106147438287735,0.396653324365616,-0.041525948792696,-0.0705673545598984,-0.0415247455239296,-0.0705703869462013,0.393920183181763,0.388998597860336,-0.041525911539793,-0.0705673694610596,-0.10614687204361,0.39665424823761,-0.106147438287735,0.396653324365616,-0.0415259450674057,-0.0705673471093178,0.393919259309769,0.389004707336426,-0.0415270924568176,-0.0705643743276596,-0.0415259189903736,-0.0705673843622208,-0.10614687204361,0.39665424823761,-0.0415270924568176,-0.0705643743276596,0.393917769193649,0.389003902673721
8.40340042114258,0.393760710954666,0.388867735862732,-0.0414994917809963,-0.0705679580569267,-0.105848722159863,0.396753877401352,-0.04150066152215,-0.0705649480223656,-0.0414994917809963,-0.0705679580569267,0.393759310245514,0.388866931200027,-0.0415006577968597,-0.070564940571785,-0.105848245322704,0.396754741668701,-0.105848722159863,0.396753877401352,-0.0415006577968597,-0.070564940571785,0.39375838637352,0.388873100280762,-0.0415018349885941,-0.0705619379878044,-0.04150066152215,-0.0705649480223656,-0.105848245322704,0.396754741668701,-0.0415018349885941,-0.0705619379878044,0.393756985664368,0.38887232542038
8.4040002822876,0.393599659204483,0.388736337423325,-0.0414742492139339,-0.0705655366182327,-0.105549715459347,0.396854162216187,-0.041475422680378,-0.070562519133091,-0.0414742492139339,-0.0705655366182327,0.393598288297653,0.388735562562943,-0.0414754152297974,-0.0705625042319298,-0.105549342930317,0.396855086088181,-0.105549715459347,0.396854162216187,-0.0414754189550877,-0.0705625116825104,0.393597334623337,0.388741701841354,-0.0414765924215317,-0.0705595090985298,-0.041475422680378,-0.070562519133091,-0.105549335479736,0.396855056285858,-0.0414765924215317,-0.0705595090985298,0.39359587430954,0.388740926980972
8.40460014343262,0.393438339233398,0.388605147600174,-0.0414489880204201,-0.0705631375312805,-0.105250678956509,0.396954208612442,-0.0414501912891865,-0.070560097694397,-0.0414490215480328,-0.0705631226301193,0.393436908721924,0.388604372739792,-0.0414501875638962,-0.0705600902438164,-0.105250127613544,0.396955102682114,-0.105250678956509,0.396954208612442,-0.0414501875638962,-0.0705600902438164,0.393436014652252,0.388610541820526,-0.0414513647556305,-0.0705570951104164,-0.0414501912891865,-0.070560097694397,-0.105250127613544,0.396955132484436,-0.0414513610303402,-0.0705570876598358,0.393434554338455,0.388609766960144
8.40520000457764,0.393276691436768,0.388474225997925,-0.0414237715303898,-0.0705607235431671,-0.10495126247406,0.397054016590118,-0.0414249375462532,-0.0705577060580254,-0.0414237715303898,-0.0705607235431671,0.393275231122971,0.388473480939865,-0.0414249338209629,-0.0705576986074448,-0.104950785636902,0.39705491065979,-0.10495126247406,0.397054016590118,-0.0414249338209629,-0.0705576986074448,0.393274337053299,0.388479650020599,-0.0414261147379875,-0.0705546960234642,-0.0414249375462532,-0.0705577060580254,-0.104950785636902,0.39705491065979,-0.0414261147379875,-0.0705546960234642,0.393272906541824,0.388478815555573
8.40579986572266,0.393114894628525,0.388343513011932,-0.0413985699415207,-0.0705583244562149,-0.104651644825935,0.397153526544571,-0.0413997024297714,-0.0705553293228149,-0.0413985699415207,-0.0705583244562149,0.393113434314728,0.388342767953873,-0.0413996949791908,-0.0705553144216537,-0.104651175439358,0.397154450416565,-0.104651644825935,0.397153526544571,-0.0413996987044811,-0.0705553218722343,0.393112540245056,0.388348907232285,-0.0414008721709251,-0.0705523118376732,-0.0413997024297714,-0.0705553293228149,-0.104651167988777,0.397154420614243,-0.0414008721709251,-0.0705523118376732,0.393111079931259,0.388348132371902
8.40639972686768,0.392952710390091,0.388213068246841,-0.0413733422756195,-0.0705559551715851,-0.104351818561554,0.397252857685089,-0.0413745120167732,-0.0705529227852821,-0.0413733422756195,-0.0705559551715851,0.392951309680939,0.388212263584137,-0.0413745082914829,-0.0705529153347015,-0.104351341724396,0.397253692150116,-0.104351818561554,0.397252857685089,-0.0413745082914829,-0.0705529153347015,0.392950445413589,0.388218462467194,-0.0413756780326366,-0.070549912750721,-0.0413745120167732,-0.0705529227852821,-0.104351341724396,0.397253692150116,-0.0413756780326366,-0.070549912750721,0.39294895529747,0.388217657804489
8.4069995880127,0.3927903175354,0.388082802295685,-0.0413481332361698,-0.0705535784363747,-0.104051694273949,0.397351861000061,-0.0413492955267429,-0.0705505609512329,-0.0413481369614601,-0.0705535858869553,0.392788976430893,0.388082057237625,-0.0413492918014526,-0.0705505535006523,-0.104051224887371,0.39735272526741,-0.104051694273949,0.397351861000061,-0.0413492918014526,-0.0705505535006523,0.392788082361221,0.388088196516037,-0.0413504652678967,-0.0705475434660912,-0.0413492992520332,-0.0705505609512329,-0.104051224887371,0.39735272526741,-0.0413504652678967,-0.0705475434660912,0.39278656244278,0.388087421655655
8.40760040283203,0.392627775669098,0.387952774763107,-0.0413229316473007,-0.0705512166023254,-0.103751391172409,0.397450625896454,-0.0413240976631641,-0.0705481991171837,-0.0413229316473007,-0.0705512166023254,0.392626315355301,0.387952029705048,-0.0413240939378738,-0.0705481916666031,-0.103750891983509,0.397451490163803,-0.103751391172409,0.397450625896454,-0.0413240939378738,-0.0705481916666031,0.392625421285629,0.387958168983459,-0.0413252674043179,-0.0705451741814613,-0.0413240976631641,-0.0705481991171837,-0.103750891983509,0.397451490163803,-0.0413252674043179,-0.0705451741814613,0.392623960971832,0.3879574239254
8.40820026397705,0.392464846372604,0.387823015451431,-0.0412977449595928,-0.0705488622188568,-0.103450857102871,0.397549122571945,-0.0412989147007465,-0.0705458372831345,-0.0412977486848831,-0.0705488696694374,0.392463475465775,0.387822240591049,-0.0412989072501659,-0.0705458223819733,-0.10345046967268,0.397549986839294,-0.103450857102871,0.397549122571945,-0.0412989109754562,-0.0705458298325539,0.392462611198425,0.387828409671783,-0.04130008071661,-0.0705428197979927,-0.0412989147007465,-0.0705458372831345,-0.10345046967268,0.397549986839294,-0.04130008071661,-0.0705428197979927,0.392461091279984,0.387827634811401
8.40880012512207,0.392301768064499,0.387693494558334,-0.0412725731730461,-0.0705465152859688,-0.103150136768818,0.397647380828857,-0.0412737354636192,-0.0705434903502464,-0.0412725731730461,-0.0705465152859688,0.392300248146057,0.387692719697952,-0.0412737317383289,-0.0705434828996658,-0.103149555623531,0.397648245096207,-0.103150136768818,0.397647380828857,-0.0412737317383289,-0.0705434828996658,0.39229941368103,0.387698858976364,-0.0412749014794827,-0.0705404579639435,-0.0412737354636192,-0.0705434903502464,-0.103149555623531,0.397648245096207,-0.0412749014794827,-0.0705404579639435,0.392297983169556,0.38769805431366
8.40939998626709,0.392138361930847,0.387564152479172,-0.0412474125623703,-0.0705441758036613,-0.10284911096096,0.397745341062546,-0.0412485748529434,-0.0705411434173584,-0.0412474125623703,-0.0705441758036613,0.39213690161705,0.387563437223434,-0.0412485711276531,-0.0705411434173584,-0.102848626673222,0.397746235132217,-0.10284911096096,0.397745341062546,-0.0412485711276531,-0.0705411434173584,0.392136007547379,0.387569576501846,-0.0412497408688068,-0.0705381259322166,-0.0412485748529434,-0.0705411434173584,-0.102848626673222,0.397746235132217,-0.0412497371435165,-0.070538118481636,0.392134517431259,0.387568771839142
8.40999984741211,0.391974687576294,0.387435078620911,-0.0412222631275654,-0.0705418437719345,-0.102547980844975,0.397843033075333,-0.0412234254181385,-0.0705388113856316,-0.0412222631275654,-0.0705418437719345,0.391973167657852,0.387434303760529,-0.0412234216928482,-0.070538803935051,-0.102547407150269,0.397843956947327,-0.102547980844975,0.397843033075333,-0.0412234216928482,-0.070538803935051,0.391972333192825,0.387440502643585,-0.0412245541810989,-0.0705358013510704,-0.0412234254181385,-0.0705388113856316,-0.102547399699688,0.397843927145004,-0.0412245541810989,-0.0705358013510704,0.391970932483673,0.387439697980881
8.41059970855713,0.391810745000839,0.387306302785873,-0.041197132319212,-0.0705395191907883,-0.10224636644125,0.397940546274185,-0.0411982536315918,-0.0705365017056465,-0.041197132319212,-0.0705395191907883,0.391809344291687,0.387305498123169,-0.0411982499063015,-0.0705364942550659,-0.102245986461639,0.397941470146179,-0.10224636644125,0.397940546274185,-0.0411982499063015,-0.0705364942550659,0.39180850982666,0.387311667203903,-0.0411994196474552,-0.0705334767699242,-0.0411982536315918,-0.0705365017056465,-0.102245986461639,0.397941470146179,-0.0411994196474552,-0.0705334767699242,0.391806989908218,0.387310862541199
8.41119956970215,0.391646593809128,0.387177646160126,-0.0411719717085361,-0.0705372095108032,-0.101944848895073,0.398037761449814,-0.041173130273819,-0.0705341771245003,-0.0411719754338264,-0.0705372169613838,0.391645133495331,0.387176901102066,-0.0411731265485287,-0.0705341696739197,-0.101944267749786,0.398038625717163,-0.101944848895073,0.398037761449814,-0.0411731265485287,-0.0705341696739197,0.391644269227982,0.387183040380478,-0.0411742553114891,-0.0705311670899391,-0.041173130273819,-0.0705341771245003,-0.101944267749786,0.398038625717163,-0.0411742553114891,-0.0705311670899391,0.391642898321152,0.387182325124741
8.41180038452148,0.391482204198837,0.38704925775528,-0.0411468297243118,-0.07053492218256,-0.101642824709415,0.398134678602219,-0.0411479882895947,-0.0705318823456764,-0.0411468632519245,-0.0705349072813988,0.39148074388504,0.387048542499542,-0.0411479845643044,-0.0705318823456764,-0.101642340421677,0.398135602474213,-0.101642824709415,0.398134678602219,-0.0411479845643044,-0.0705318823456764,0.391479909420013,0.387054681777954,-0.0411491468548775,-0.0705288574099541,-0.0411479882895947,-0.0705318823456764,-0.101642340421677,0.398135602474213,-0.0411491431295872,-0.0705288499593735,0.391478389501572,0.387053936719894
8.4124002456665,0.391317516565323,0.386921107769012,-0.0411217287182808,-0.0705326125025749,-0.101340711116791,0.398231357336044,-0.0411228537559509,-0.0705295950174332,-0.0411217324435711,-0.0705326199531555,0.391316056251526,0.386920392513275,-0.0411228500306606,-0.0705295875668526,-0.101340219378471,0.398232251405716,-0.101340711116791,0.398231357336044,-0.0411228500306606,-0.0705295875668526,0.391315221786499,0.386926561594009,-0.0411240085959435,-0.0705265551805496,-0.0411228537559509,-0.0705295950174332,-0.101340219378471,0.398232251405716,-0.0411240085959435,-0.0705265551805496,0.391313701868057,0.386925786733627
8.41300010681152,0.391152590513229,0.386793255805969,-0.0410966128110886,-0.0705303326249123,-0.101038299500942,0.398327827453613,-0.0410977341234684,-0.0705273151397705,-0.0410966165363789,-0.0705303400754929,0.391151130199432,0.38679251074791,-0.0410977266728878,-0.0705273002386093,-0.101037904620171,0.398328691720963,-0.101038299500942,0.398327827453613,-0.0410977303981781,-0.0705273076891899,0.391150265932083,0.386798709630966,-0.0410988926887512,-0.0705242827534676,-0.0410977341234684,-0.0705273151397705,-0.101037904620171,0.398328691720963,-0.0410988926887512,-0.0705242827534676,0.391148865222931,0.386797904968262
8.41359996795654,0.390987455844879,0.386665612459183,-0.0410715080797672,-0.0705280676484108,-0.100735776126385,0.398423969745636,-0.0410726293921471,-0.0705250427126884,-0.0410715080797672,-0.0705280676484108,0.39098596572876,0.386664837598801,-0.0410726219415665,-0.0705250278115273,-0.100735187530518,0.398424834012985,-0.100735776126385,0.398423969745636,-0.0410726256668568,-0.0705250352621078,0.390985131263733,0.386671006679535,-0.0410737805068493,-0.0705220028758049,-0.0410726293921471,-0.0705250427126884,-0.100735187530518,0.398424834012985,-0.0410737805068493,-0.0705220028758049,0.390983670949936,0.386670261621475
8.41419982910156,0.39082196354866,0.386538177728653,-0.0410464107990265,-0.0705257952213287,-0.100432962179184,0.39851987361908,-0.0410475693643093,-0.0705227553844452,-0.0410464145243168,-0.0705258026719093,0.39082059264183,0.386537462472916,-0.041047528386116,-0.0705227628350258,-0.100432381033897,0.398520737886429,-0.100432962179184,0.39851987361908,-0.041047565639019,-0.0705227479338646,0.390819758176804,0.38654363155365,-0.0410486869513988,-0.0705197304487228,-0.0410475321114063,-0.0705227702856064,-0.100432381033897,0.398520737886429,-0.0410486869513988,-0.0705197304487228,0.390818238258362,0.386542826890945
8.41479969024658,0.390656292438507,0.386410981416702,-0.0410212948918343,-0.0705235525965691,-0.100129850208759,0.398615479469299,-0.0410224534571171,-0.0705205127596855,-0.0410213321447372,-0.0705235451459885,0.390654802322388,0.386410266160965,-0.0410224460065365,-0.0705205053091049,-0.100129365921021,0.398616373538971,-0.100129850208759,0.398615479469299,-0.0410224497318268,-0.0705205053091049,0.390653967857361,0.386416435241699,-0.041023600846529,-0.0705174654722214,-0.0410224534571171,-0.0705205127596855,-0.100129365921021,0.398616373538971,-0.041023600846529,-0.0705174654722214,0.390652447938919,0.386415660381317
8.4153995513916,0.39049032330513,0.386284083127975,-0.0409962646663189,-0.0705212876200676,-0.0998266413807869,0.398710876703262,-0.0409973785281181,-0.0705182552337646,-0.0409962646663189,-0.0705212876200676,0.390488862991333,0.386283308267593,-0.0409973710775375,-0.0705182477831841,-0.0998260602355003,0.398711740970612,-0.0998266413807869,0.398710876703262,-0.0409973748028278,-0.0705182552337646,0.390488028526306,0.38628950715065,-0.0409985333681107,-0.0705152153968811,-0.0409973785281181,-0.0705182552337646,-0.0998260602355003,0.398711740970612,-0.0409985333681107,-0.0705152153968811,0.390486538410187,0.386288702487946
8.41600036621094,0.390324145555496,0.386157363653183,-0.0409711748361588,-0.0705190673470497,-0.0995231419801712,0.398805975914001,-0.0409723222255707,-0.070516012609005,-0.0409711748361588,-0.0705190673470497,0.390322744846344,0.386156648397446,-0.0409723185002804,-0.0705160051584244,-0.0995225459337234,0.398806840181351,-0.0995231419801712,0.398805975914001,-0.0409723185002804,-0.0705160051584244,0.390321910381317,0.38616281747818,-0.0409734435379505,-0.0705129876732826,-0.0409723222255707,-0.070516012609005,-0.0995225459337234,0.398806840181351,-0.0409734435379505,-0.0705129876732826,0.390320420265198,0.386162042617798
8.41660022735596,0.390157759189606,0.386030942201614,-0.0409461297094822,-0.0705168321728706,-0.099219337105751,0.398900806903839,-0.0409472472965717,-0.0705137923359871,-0.0409461297094822,-0.0705168321728706,0.390156239271164,0.38603013753891,-0.0409472398459911,-0.0705137774348259,-0.0992187485098839,0.398901671171188,-0.099219337105751,0.398900806903839,-0.0409472435712814,-0.0705137848854065,0.390155434608459,0.386036396026611,-0.040948398411274,-0.0705107450485229,-0.0409472472965717,-0.0705137923359871,-0.0992187485098839,0.398901671171188,-0.040948398411274,-0.0705107450485229,0.39015394449234,0.386035591363907
8.41720008850098,0.389990985393524,0.38590469956398,-0.0409210622310638,-0.0705146118998528,-0.0989153385162354,0.398995369672775,-0.0409222133457661,-0.0705115646123886,-0.0409210622310638,-0.0705146118998528,0.389989495277405,0.385904014110565,-0.0409222058951855,-0.0705115497112274,-0.098914846777916,0.398996263742447,-0.0989153385162354,0.398995369672775,-0.0409222096204758,-0.070511557161808,0.38998880982399,0.385910153388977,-0.0409233309328556,-0.0705085247755051,-0.0409222133457661,-0.0705115646123886,-0.098914846777916,0.398996263742447,-0.0409233309328556,-0.0705085247755051,0.389987289905548,0.385909408330917
8.417799949646,0.389824062585831,0.385778725147247,-0.0408960431814194,-0.0705123916268349,-0.0986112356185913,0.399089694023132,-0.0408971570432186,-0.0705093517899513,-0.0408960431814194,-0.0705123916268349,0.389822542667389,0.38577800989151,-0.0408971533179283,-0.0705093443393707,-0.0986106470227242,0.399090558290482,-0.0986112356185913,0.399089694023132,-0.0408971533179283,-0.0705093443393707,0.389821767807007,0.385784178972244,-0.0408983081579208,-0.0705062970519066,-0.0408971570432186,-0.0705093517899513,-0.0986106470227242,0.399090558290482,-0.0408983081579208,-0.0705062970519066,0.389820247888565,0.385783404111862
8.41839981079102,0.389656871557236,0.385653018951416,-0.0408710055053234,-0.0705101937055588,-0.0983067452907562,0.399183720350266,-0.0408721528947353,-0.070507138967514,-0.0408710055053234,-0.0705101937055588,0.389655381441116,0.385652273893356,-0.0408721119165421,-0.070507138967514,-0.0983062535524368,0.399184584617615,-0.0983067452907562,0.399183720350266,-0.040872149169445,-0.0705071315169334,0.389654546976089,0.385658413171768,-0.0408732630312443,-0.0705040916800499,-0.0408721193671227,-0.0705071538686752,-0.0983062535524368,0.399184584617615,-0.0408732630312443,-0.0705040916800499,0.389653086662292,0.385657727718353
8.41899967193604,0.38948929309845,0.385527551174164,-0.0408459790050983,-0.0705079957842827,-0.0980021506547928,0.399277448654175,-0.0408471263945103,-0.0705049410462379,-0.0408459827303886,-0.0705080032348633,0.38948792219162,0.385526806116104,-0.0408471189439297,-0.0705049335956573,-0.0980015695095062,0.399278342723846,-0.0980021506547928,0.399277448654175,-0.04084712266922,-0.0705049335956573,0.389487117528915,0.385533004999161,-0.0408482402563095,-0.0705019012093544,-0.0408471263945103,-0.0705049410462379,-0.0980015695095062,0.399278342723846,-0.0408482402563095,-0.0705019012093544,0.389485627412796,0.385532259941101
8.41959953308105,0.389321655035019,0.385402262210846,-0.0408209636807442,-0.0705058202147484,-0.0976972654461861,0.39937099814415,-0.0408221073448658,-0.070502758026123,-0.0408209934830666,-0.0705058053135872,0.3893201649189,0.385401546955109,-0.0408221036195755,-0.0705027505755424,-0.0976967662572861,0.399371832609177,-0.0976972654461861,0.39937099814415,-0.0408221036195755,-0.0705027505755424,0.38931941986084,0.385407745838165,-0.040823221206665,-0.0704997107386589,-0.0408221073448658,-0.070502758026123,-0.0976967662572861,0.399371832609177,-0.040823221206665,-0.0704997107386589,0.389317870140076,0.385407000780106
8.42020034790039,0.389153629541397,0.385277301073074,-0.0407959595322609,-0.0705036446452141,-0.0973921790719032,0.399464190006256,-0.0407970696687698,-0.0705005973577499,-0.0407959595322609,-0.0705036446452141,0.3891521692276,0.385276556015015,-0.0407970659434795,-0.0705005899071693,-0.0973916798830032,0.399465084075928,-0.0973921790719032,0.399464190006256,-0.0407970659434795,-0.0705005899071693,0.389151394367218,0.385282754898071,-0.0407982133328915,-0.0704975351691246,-0.0407970696687698,-0.0705005973577499,-0.0973916798830032,0.399465084075928,-0.0407982133328915,-0.0704975351691246,0.389149904251099,0.385281980037689
8.42080020904541,0.388985395431519,0.385152548551559,-0.0407709740102291,-0.0705014765262604,-0.0970868095755577,0.399557143449783,-0.0407720804214478,-0.0704984217882156,-0.0407709740102291,-0.0705014765262604,0.388983935117722,0.3851518034935,-0.0407720766961575,-0.070498414337635,-0.0970863103866577,0.399558007717133,-0.0970868095755577,0.399557143449783,-0.0407720766961575,-0.070498414337635,0.388983160257339,0.385158032178879,-0.0407732240855694,-0.0704953595995903,-0.0407720804214478,-0.0704984217882156,-0.0970863103866577,0.399558007717133,-0.0407732240855694,-0.0704953595995903,0.388981729745865,0.385157257318497
8.42140007019043,0.388816982507706,0.385028064250946,-0.0407459922134876,-0.0704993084073067,-0.0967812314629555,0.399649798870087,-0.040747132152319,-0.0704962387681007,-0.0407459959387779,-0.0704993158578873,0.388815492391586,0.385027348995209,-0.040747094899416,-0.0704962462186813,-0.0967808291316032,0.399650692939758,-0.0967812314629555,0.399649798870087,-0.0407471284270287,-0.0704962313175201,0.388814717531204,0.385033518075943,-0.0407482422888279,-0.0704931914806366,-0.0407471023499966,-0.0704962611198425,-0.0967808291316032,0.399650692939758,-0.0407482422888279,-0.0704931914806366,0.388813227415085,0.385032743215561
8.42199993133545,0.388648301362991,0.384903788566589,-0.0407210327684879,-0.0704971551895142,-0.0964755490422249,0.399742245674133,-0.0407221354544163,-0.0704941004514694,-0.0407210327684879,-0.0704971551895142,0.388646811246872,0.384903073310852,-0.040722131729126,-0.0704940930008888,-0.0964749604463577,0.399743109941483,-0.0964755490422249,0.399742245674133,-0.040722131729126,-0.0704940930008888,0.388646066188812,0.384909272193909,-0.0407232418656349,-0.0704910531640053,-0.0407221354544163,-0.0704941004514694,-0.0964749604463577,0.399743109941483,-0.0407232418656349,-0.0704910531640053,0.38864454627037,0.384908527135849
8.42259979248047,0.388479262590408,0.384779781103134,-0.0406960435211658,-0.0704950243234634,-0.0961695909500122,0.399834394454956,-0.0406971797347069,-0.0704919472336769,-0.0406960435211658,-0.0704950243234634,0.388477772474289,0.384779095649719,-0.0406971760094166,-0.0704919397830963,-0.0961689874529839,0.399835228919983,-0.0961695909500122,0.399834394454956,-0.0406971760094166,-0.0704919397830963,0.388476997613907,0.384785294532776,-0.0406982898712158,-0.0704888999462128,-0.0406971797347069,-0.0704919472336769,-0.0961689874529839,0.399835228919983,-0.0406982898712158,-0.0704888999462128,0.388475507497787,0.384784519672394
8.42319965362549,0.388310074806213,0.384656071662903,-0.0406711027026176,-0.0704928860068321,-0.0958633199334145,0.399926215410233,-0.0406722091138363,-0.0704898312687874,-0.0406711027026176,-0.0704928860068321,0.388308614492416,0.384655296802521,-0.0406722016632557,-0.0704898163676262,-0.0958628281950951,0.399927109479904,-0.0958633199334145,0.399926215410233,-0.040672205388546,-0.0704898238182068,0.388307899236679,0.3846615254879,-0.0406733117997646,-0.0704867765307426,-0.0406722091138363,-0.0704898312687874,-0.0958628207445145,0.399927079677582,-0.0406733117997646,-0.0704867765307426,0.388306379318237,0.384660750627518
8.42380046844482,0.388140618801117,0.384532511234283,-0.0406461395323277,-0.0704907700419426,-0.095556877553463,0.400017857551575,-0.0406472757458687,-0.0704876855015755,-0.0406461395323277,-0.0704907700419426,0.388139069080353,0.384531825780869,-0.0406472720205784,-0.0704876780509949,-0.0955563709139824,0.400018721818924,-0.0955568701028824,0.400017827749252,-0.0406472757458687,-0.0704876855015755,0.388138294219971,0.384537994861603,-0.0406483821570873,-0.0704846382141113,-0.040647279471159,-0.0704876929521561,-0.0955563709139824,0.400018721818924,-0.040648378431797,-0.0704846307635307,0.388136923313141,0.384537279605865
8.42440032958984,0.387970924377441,0.384409248828888,-0.0406211875379086,-0.0704886615276337,-0.0952501222491264,0.400109171867371,-0.0406223274767399,-0.0704855844378471,-0.0406212247908115,-0.0704886466264725,0.387969374656677,0.384408563375473,-0.0406223200261593,-0.0704855695366859,-0.0952496230602264,0.400110006332397,-0.0952501222491264,0.400109171867371,-0.0406223237514496,-0.0704855769872665,0.387968569993973,0.38441476225853,-0.0406234301626682,-0.0704825222492218,-0.0406223274767399,-0.0704855844378471,-0.0952496230602264,0.400110006332397,-0.0406234301626682,-0.0704825222492218,0.387967079877853,0.384413987398148
8.42500019073486,0.387800961732864,0.384286284446716,-0.0405962839722633,-0.0704865381121635,-0.0949432775378227,0.400200217962265,-0.040597390383482,-0.0704834833741188,-0.0405962839722633,-0.0704865381121635,0.3877994120121,0.384285509586334,-0.0405973866581917,-0.0704834759235382,-0.0949427708983421,0.400201112031937,-0.0949432775378227,0.400200217962265,-0.0405973866581917,-0.0704834759235382,0.387798696756363,0.384291768074036,-0.04059848934412,-0.0704804211854935,-0.040597390383482,-0.0704834833741188,-0.0949427708983421,0.400201112031937,-0.04059848934412,-0.0704804211854935,0.387797176837921,0.384290993213654
8.42560005187988,0.387630701065063,0.384163498878479,-0.0405713580548763,-0.0704844444990158,-0.0946361422538757,0.400290995836258,-0.040572464466095,-0.0704813823103905,-0.0405713617801666,-0.0704844519495964,0.387629181146622,0.384162753820419,-0.0405724570155144,-0.0704813674092293,-0.0946357324719429,0.400291860103607,-0.0946361422538757,0.400290995836258,-0.0405724607408047,-0.0704813748598099,0.387628436088562,0.384169012308121,-0.040573563426733,-0.0704783275723457,-0.040572464466095,-0.0704813823103905,-0.0946357324719429,0.400291860103607,-0.040573563426733,-0.0704783275723457,0.387626945972443,0.384168267250061
8.4261999130249,0.387460172176361,0.384040981531143,-0.0405464507639408,-0.0704823583364487,-0.094328798353672,0.400381475687027,-0.0405475497245789,-0.0704792961478233,-0.0405464507639408,-0.0704823583364487,0.387458682060242,0.384040266275406,-0.0405475422739983,-0.0704792812466621,-0.094328299164772,0.400382339954376,-0.094328798353672,0.400381475687027,-0.0405475459992886,-0.0704792886972427,0.387457937002182,0.384046524763107,-0.0405486486852169,-0.0704762265086174,-0.0405475497245789,-0.0704792961478233,-0.094328299164772,0.400382339954376,-0.0405486486852169,-0.0704762265086174,0.387456446886063,0.384045749902725
8.42679977416992,0.387289494276047,0.383918732404709,-0.0405215509235859,-0.0704802796244621,-0.0940212681889534,0.400471687316895,-0.0405226461589336,-0.0704772099852562,-0.0405215509235859,-0.0704802796244621,0.38728803396225,0.383918046951294,-0.0405226424336433,-0.0704772025346756,-0.094020776450634,0.400472581386566,-0.0940212681889534,0.400471687316895,-0.0405226424336433,-0.0704772025346756,0.38728728890419,0.383924275636673,-0.0405237451195717,-0.0704741403460503,-0.0405226461589336,-0.0704772099852562,-0.0940207690000534,0.400472551584244,-0.0405237451195717,-0.0704741403460503,0.387285768985748,0.383923500776291
8.42739963531494,0.387118458747864,0.383796751499176,-0.0404966622591019,-0.0704782009124756,-0.0937134474515915,0.400561630725861,-0.0404977574944496,-0.0704751312732697,-0.0404966622591019,-0.0704782009124756,0.387116998434067,0.383796036243439,-0.0404977537691593,-0.0704751238226891,-0.0937129482626915,0.400562524795532,-0.0937134474515915,0.400561630725861,-0.0404977537691593,-0.0704751238226891,0.387116283178329,0.383802264928818,-0.040498860180378,-0.0704720690846443,-0.0404977574944496,-0.0704751312732697,-0.0937129482626915,0.400562524795532,-0.040498860180378,-0.0704720690846443,0.387114763259888,0.383801490068436
8.42800045013428,0.386947274208069,0.383675009012222,-0.0404717847704887,-0.0704761371016502,-0.0934054404497147,0.400651335716248,-0.0404728837311268,-0.0704730674624443,-0.0404717847704887,-0.0704761371016502,0.386945754289627,0.383674204349518,-0.0404728800058365,-0.0704730600118637,-0.0934049338102341,0.400652199983597,-0.0934054404497147,0.400651335716248,-0.0404728800058365,-0.0704730600118637,0.386945098638535,0.383680492639542,-0.0404739826917648,-0.070470005273819,-0.0404728837311268,-0.0704730674624443,-0.0934049338102341,0.400652199983597,-0.0404739789664745,-0.0704699978232384,0.386943578720093,0.383679747581482
8.4286003112793,0.386775851249695,0.383553504943848,-0.0404468886554241,-0.0704740956425667,-0.0930972322821617,0.400740712881088,-0.0404479838907719,-0.0704710260033607,-0.0404468886554241,-0.0704740956425667,0.386774241924286,0.383552759885788,-0.0404479801654816,-0.0704710185527802,-0.0930967256426811,0.40074160695076,-0.0930972322821617,0.400740712881088,-0.0404479838907719,-0.0704710260033607,0.386773645877838,0.383558988571167,-0.0404490828514099,-0.0704679563641548,-0.0404479876160622,-0.0704710334539413,-0.0930967256426811,0.40074160695076,-0.0404491126537323,-0.070467934012413,0.386772155761719,0.383558243513107
8.42920017242432,0.386604130268097,0.383432239294052,-0.0404220372438431,-0.0704720392823219,-0.0927887260913849,0.400829821825027,-0.0404231324791908,-0.070468969643116,-0.0404220372438431,-0.0704720392823219,0.38660255074501,0.383431494235992,-0.0404231287539005,-0.0704689621925354,-0.0927883163094521,0.400830656290054,-0.0927887260913849,0.400829821825027,-0.0404231287539005,-0.0704689621925354,0.386601865291595,0.383437752723694,-0.0404242277145386,-0.0704659000039101,-0.0404231324791908,-0.070468969643116,-0.0927883163094521,0.400830656290054,-0.0404242277145386,-0.0704659000039101,0.386600375175476,0.383437007665634
8.42980003356934,0.386432200670242,0.383311212062836,-0.0403972007334232,-0.070470005273819,-0.0924801304936409,0.400918662548065,-0.040398258715868,-0.0704669430851936,-0.0403972007334232,-0.070470005273819,0.386430650949478,0.383310556411743,-0.0403982549905777,-0.070466935634613,-0.0924796238541603,0.400919526815414,-0.0924801304936409,0.400918662548065,-0.0403982549905777,-0.070466935634613,0.386429905891418,0.383316785097122,-0.0403993912041187,-0.0704638510942459,-0.040398258715868,-0.0704669430851936,-0.0924796238541603,0.400919526815414,-0.0403993912041187,-0.0704638510942459,0.386428415775299,0.38331601023674
8.43039989471436,0.386259883642197,0.383190482854843,-0.0403723381459713,-0.0704679787158966,-0.0921712517738342,0.401007235050201,-0.040373433381319,-0.0704649016261101,-0.0403723418712616,-0.0704679861664772,0.3862584233284,0.383189827203751,-0.0403734259307384,-0.0704648867249489,-0.092170737683773,0.401008069515228,-0.0921712443232536,0.401007205247879,-0.0403734296560287,-0.0704648941755295,0.386257708072662,0.383196026086807,-0.0403745286166668,-0.0704618319869041,-0.040373433381319,-0.0704649016261101,-0.0921707302331924,0.401008039712906,-0.0403745286166668,-0.0704618319869041,0.386256217956543,0.383195281028748
8.43099975585938,0.386087477207184,0.383070051670074,-0.0403474904596806,-0.0704659670591354,-0.0918620675802231,0.401095509529114,-0.040348581969738,-0.0704628825187683,-0.0403475239872932,-0.0704659521579742,0.386085957288742,0.383069306612015,-0.0403485782444477,-0.0704628750681877,-0.0918615609407425,0.401096343994141,-0.0918620675802231,0.401095509529114,-0.0403485782444477,-0.0704628750681877,0.38608530163765,0.383075565099716,-0.0403496772050858,-0.0704598054289818,-0.0403485856950283,-0.0704628899693489,-0.0918615609407425,0.401096343994141,-0.0403496772050858,-0.0704598054289818,0.386083751916885,0.383074790239334
8.43159961700439,0.385914742946625,0.38294979929924,-0.0403226539492607,-0.0704639628529549,-0.0915527939796448,0.40118345618248,-0.0403237454593182,-0.0704608783125877,-0.0403226539492607,-0.0704639628529549,0.385913282632828,0.382949113845825,-0.0403237417340279,-0.0704608708620071,-0.0915521904826164,0.401184320449829,-0.0915527939796448,0.40118345618248,-0.0403237417340279,-0.0704608708620071,0.38591256737709,0.382955342531204,-0.0403248406946659,-0.0704578012228012,-0.0403237491846085,-0.0704608857631683,-0.0915521904826164,0.401184320449829,-0.0403248406946659,-0.0704578012228012,0.385911077260971,0.382954597473145
8.43220043182373,0.385741800069809,0.38282984495163,-0.040297869592905,-0.0704619437456131,-0.0912431329488754,0.401271164417267,-0.0402989201247692,-0.0704588741064072,-0.040297869592905,-0.0704619437456131,0.385740280151367,0.382829129695892,-0.0402989126741886,-0.0704588666558266,-0.0912427231669426,0.401272028684616,-0.0912431329488754,0.401271164417267,-0.0402989163994789,-0.0704588666558266,0.385739594697952,0.382835358381271,-0.040300015360117,-0.0704557970166206,-0.0402989201247692,-0.0704588741064072,-0.0912427231669426,0.401272028684616,-0.040300015360117,-0.0704557970166206,0.385738104581833,0.382834613323212
8.43280029296875,0.385568618774414,0.382710158824921,-0.040273055434227,-0.0704599544405937,-0.0909333750605583,0.401358604431152,-0.0402741059660912,-0.0704568773508072,-0.040273055434227,-0.0704599544405937,0.385567128658295,0.382709383964539,-0.0402741022408009,-0.0704568773508072,-0.0909329652786255,0.401359468698502,-0.0909333750605583,0.401358604431152,-0.0402741059660912,-0.0704568773508072,0.385566413402557,0.382715672254562,-0.0402752347290516,-0.0704537853598595,-0.0402741096913815,-0.0704568848013878,-0.0909329652786255,0.401359468698502,-0.0402752347290516,-0.0704537853598595,0.385564923286438,0.382714927196503
8.43340015411377,0.385395139455795,0.382590711116791,-0.0402482561767101,-0.0704579651355743,-0.0906234309077263,0.401445746421814,-0.0402493067085743,-0.0704548954963684,-0.0402482561767101,-0.0704579651355743,0.385393649339676,0.382589995861053,-0.040249302983284,-0.0704548880457878,-0.0906229168176651,0.401446580886841,-0.0906234309077263,0.401445746421814,-0.0402493067085743,-0.0704548954963684,0.385392963886261,0.38259619474411,-0.040250401943922,-0.0704518184065819,-0.0402493104338646,-0.070454902946949,-0.0906229168176651,0.401446580886841,-0.0402503982186317,-0.0704518109560013,0.385391473770142,0.38259544968605
8.43400001525879,0.385221481323242,0.382471531629562,-0.0402234382927418,-0.0704560056328773,-0.0903131887316704,0.401532620191574,-0.0402245223522186,-0.0704529136419296,-0.0402234382927418,-0.0704560056328773,0.385219931602478,0.382470786571503,-0.040224514901638,-0.070452906191349,-0.0903126820921898,0.401533484458923,-0.0903131887316704,0.401532620191574,-0.0402245186269283,-0.0704529136419296,0.385219275951385,0.382477045059204,-0.0402256101369858,-0.0704498365521431,-0.0402245223522186,-0.0704529136419296,-0.0903126820921898,0.401533484458923,-0.0402256064116955,-0.0704498291015625,0.385217785835266,0.382476300001144
8.43459987640381,0.385047495365143,0.382352590560913,-0.0401986613869667,-0.0704540386795998,-0.0900027677416801,0.40161919593811,-0.0401997417211533,-0.070450946688652,-0.0401986613869667,-0.0704540386795998,0.385046005249023,0.382351815700531,-0.040199737995863,-0.0704509392380714,-0.0900022462010384,0.40162006020546,-0.0900027677416801,0.40161919593811,-0.0401997417211533,-0.070450946688652,0.385045319795609,0.382358074188232,-0.0402008332312107,-0.0704478621482849,-0.0401997454464436,-0.0704509541392326,-0.0900022462010384,0.40162006020546,-0.0402008332312107,-0.0704478621482849,0.385043799877167,0.382357329130173
8.43519973754883,0.384873270988464,0.382233917713165,-0.0401738956570625,-0.0704520717263222,-0.0896921455860138,0.401705473661423,-0.0401749797165394,-0.0704489797353745,-0.0401738956570625,-0.0704520717263222,0.384871810674667,0.382233172655106,-0.0401749759912491,-0.0704489722847939,-0.0896915346384048,0.401706367731094,-0.0896921455860138,0.401705473661423,-0.0401749797165394,-0.0704489797353745,0.384871155023575,0.382239431142807,-0.0401760339736938,-0.0704459026455879,-0.0401749834418297,-0.0704489797353745,-0.0896915346384048,0.401706367731094,-0.0401760339736938,-0.0704459026455879,0.384869635105133,0.382238686084747
8.43579959869385,0.384698867797852,0.382115483283997,-0.0401491150259972,-0.0704501420259476,-0.0893812328577042,0.401791512966156,-0.040150199085474,-0.0704470425844193,-0.0401491150259972,-0.0704501420259476,0.384697377681732,0.382114768028259,-0.0401501916348934,-0.0704470276832581,-0.089380718767643,0.401792347431183,-0.0893812328577042,0.401791512966156,-0.0401501953601837,-0.0704470351338387,0.38469672203064,0.382121026515961,-0.0401512794196606,-0.0704439431428909,-0.040150199085474,-0.0704470425844193,-0.089380718767643,0.401792347431183,-0.0401512794196606,-0.0704439431428909,0.384695202112198,0.382120281457901
8.43640041351318,0.384524285793304,0.381997317075729,-0.0401243753731251,-0.0704481899738312,-0.0890701338648796,0.401877224445343,-0.0401254557073116,-0.0704450905323029,-0.0401243753731251,-0.0704481899738312,0.38452273607254,0.381996631622314,-0.0401254184544086,-0.0704450979828835,-0.0890696197748184,0.401878088712692,-0.0890701338648796,0.401877224445343,-0.0401254519820213,-0.0704450830817223,0.384522020816803,0.382002919912338,-0.0401265434920788,-0.0704419985413551,-0.0401254221796989,-0.0704451054334641,-0.0890696197748184,0.401878088712692,-0.0401265397667885,-0.0704419910907745,0.384520530700684,0.382002115249634
8.4370002746582,0.384349316358566,0.381879419088364,-0.0400996468961239,-0.0704462453722954,-0.0887588411569595,0.401962637901306,-0.0401006937026978,-0.0704431608319283,-0.0400996468961239,-0.0704462453722954,0.384347885847092,0.381878763437271,-0.0401006899774075,-0.0704431533813477,-0.0887583196163177,0.401963502168655,-0.0887588411569595,0.401962637901306,-0.0401006899774075,-0.0704431533813477,0.384347200393677,0.38188499212265,-0.0401017777621746,-0.0704400613903999,-0.0401006937026978,-0.0704431608319283,-0.0887583196163177,0.401963502168655,-0.0401017777621746,-0.0704400613903999,0.38434562087059,0.38188424706459
8.43760013580322,0.384174168109894,0.381761819124222,-0.0400748997926712,-0.070444330573082,-0.0884472578763962,0.40204781293869,-0.0400759801268578,-0.0704412236809731,-0.0400748997926712,-0.070444330573082,0.384172677993774,0.381761103868484,-0.0400759764015675,-0.0704412162303925,-0.088446743786335,0.402048647403717,-0.0884472578763962,0.40204781293869,-0.0400759801268578,-0.0704412236809731,0.384172022342682,0.381767332553864,-0.0400770306587219,-0.0704381465911865,-0.0400759838521481,-0.0704412311315536,-0.088446743786335,0.402048647403717,-0.0400770306587219,-0.0704381465911865,0.384170413017273,0.381766617298126
8.43819999694824,0.38399875164032,0.381644457578659,-0.0400501675903797,-0.0704424232244492,-0.0881354957818985,0.40213268995285,-0.040051244199276,-0.0704393163323402,-0.0400501675903797,-0.0704424232244492,0.383997172117233,0.381643772125244,-0.040051206946373,-0.0704393237829208,-0.0881349742412567,0.4021335542202,-0.0881354957818985,0.40213268995285,-0.0400512404739857,-0.0704393088817596,0.383996605873108,0.381649971008301,-0.0400523245334625,-0.0704362168908119,-0.0400512106716633,-0.0704393312335014,-0.0881349742412567,0.4021335542202,-0.0400523245334625,-0.0704362168908119,0.383995026350021,0.381649255752563
8.43879985809326,0.383823066949844,0.381527364253998,-0.0400254428386688,-0.0704405158758163,-0.0878235325217247,0.402217268943787,-0.0400265194475651,-0.0704374089837074,-0.0400254428386688,-0.0704405158758163,0.38382151722908,0.381526678800583,-0.0400265157222748,-0.0704374015331268,-0.0878230109810829,0.402218133211136,-0.0878235325217247,0.402217268943787,-0.0400265157222748,-0.0704374015331268,0.383820861577988,0.381532937288284,-0.0400275662541389,-0.0704343244433403,-0.0400265194475651,-0.0704374089837074,-0.0878230109810829,0.402218133211136,-0.0400275662541389,-0.0704343244433403,0.383819371461868,0.381532162427902
8.43939971923828,0.383647173643112,0.381410539150238,-0.0400007255375385,-0.0704386159777641,-0.087511382997036,0.402301520109177,-0.0400018058717251,-0.0704355165362358,-0.0400007292628288,-0.0704386234283447,0.383645743131638,0.381409823894501,-0.0400018021464348,-0.0704355090856552,-0.0875108614563942,0.402302414178848,-0.087511382997036,0.402301520109177,-0.0400018021464348,-0.0704355090856552,0.3836450278759,0.381416082382202,-0.0400028862059116,-0.0704324096441269,-0.0400018058717251,-0.0704355165362358,-0.0875108614563942,0.402302414178848,-0.0400028824806213,-0.0704324096441269,0.383643537759781,0.38141530752182
8.4399995803833,0.383471071720123,0.38129398226738,-0.0399760603904724,-0.0704367160797119,-0.087198942899704,0.402385532855988,-0.0399771071970463,-0.0704336166381836,-0.0399760641157627,-0.0704367160797119,0.383469581604004,0.381293207406998,-0.0399770997464657,-0.070433609187603,-0.0871984213590622,0.402386367321014,-0.087198942899704,0.402385532855988,-0.039977103471756,-0.0704336166381836,0.383468925952911,0.381299495697021,-0.0399781540036201,-0.0704305395483971,-0.0399771071970463,-0.0704336166381836,-0.0871984213590622,0.402386367321014,-0.0399781540036201,-0.0704305395483971,0.383467346429825,0.381298780441284
8.44060039520264,0.383294701576233,0.381177693605423,-0.0399513430893421,-0.0704348534345627,-0.0868863239884377,0.402469247579575,-0.0399524159729481,-0.0704317316412926,-0.0399513430893421,-0.0704348534345627,0.383293092250824,0.381176948547363,-0.0399523787200451,-0.0704317465424538,-0.0868858024477959,0.402470111846924,-0.0868863239884377,0.402469247579575,-0.0399523824453354,-0.0704317539930344,0.383292585611343,0.381183207035065,-0.0399534627795219,-0.0704286471009254,-0.0399523861706257,-0.070431761443615,-0.0868857949972153,0.402470082044601,-0.0399534627795219,-0.0704286471009254,0.383290976285934,0.381182491779327
8.44120025634766,0.383118063211441,0.381061643362045,-0.0399266667664051,-0.0704329758882523,-0.0865735039114952,0.40255269408226,-0.0399277433753014,-0.0704298689961433,-0.0399266667664051,-0.0704329758882523,0.383116483688354,0.381060898303986,-0.0399277023971081,-0.0704298689961433,-0.0865728855133057,0.402553528547287,-0.0865735039114952,0.40255269408226,-0.0399277396500111,-0.0704298615455627,0.383115828037262,0.381067186594009,-0.0399287864565849,-0.070426769554615,-0.0399277098476887,-0.0704298838973045,-0.0865728855133057,0.402553528547287,-0.0399287864565849,-0.070426769554615,0.383114337921143,0.381066471338272
8.44180011749268,0.38294118642807,0.380945831537247,-0.0399020053446293,-0.070431113243103,-0.0862604007124901,0.402635812759399,-0.0399030447006226,-0.0704280138015747,-0.0399020053446293,-0.070431113243103,0.382939636707306,0.380945146083832,-0.0399030409753323,-0.0704280063509941,-0.0862598791718483,0.402636617422104,-0.0862604007124901,0.402635812759399,-0.0399030409753323,-0.0704280063509941,0.382939040660858,0.380951434373856,-0.0399041213095188,-0.0704248994588852,-0.0399030447006226,-0.0704280138015747,-0.0862598791718483,0.402636617422104,-0.0399041213095188,-0.0704248994588852,0.382937490940094,0.380950719118118
8.4423999786377,0.382764130830765,0.380830317735672,-0.0398773178458214,-0.070429265499115,-0.0859472081065178,0.402718663215637,-0.0398783907294273,-0.0704261437058449,-0.0398773178458214,-0.070429265499115,0.382762581110001,0.380829662084579,-0.0398783832788467,-0.0704261362552643,-0.0859465822577477,0.402719438076019,-0.0859472081065178,0.402718663215637,-0.039878387004137,-0.0704261437058449,0.382761925458908,0.380835890769958,-0.0398794300854206,-0.0704230517148972,-0.0398783907294273,-0.0704261437058449,-0.0859465822577477,0.402719438076019,-0.0398794300854206,-0.0704230517148972,0.382760375738144,0.380835115909576
8.44299983978271,0.382586687803268,0.380715101957321,-0.0398526787757874,-0.0704274103045464,-0.0856337249279022,0.402801185846329,-0.0398537181317806,-0.070424310863018,-0.0398526825010777,-0.070427417755127,0.382585227489471,0.380714446306229,-0.0398537106812,-0.0704242959618568,-0.0856331065297127,0.402802020311356,-0.0856337249279022,0.402801185846329,-0.0398537144064903,-0.0704243034124374,0.382584631443024,0.38072070479393,-0.0398547574877739,-0.0704212188720703,-0.0398537181317806,-0.070424310863018,-0.0856331065297127,0.402802020311356,-0.0398547910153866,-0.0704211965203285,0.38258308172226,0.38071995973587
8.44359970092773,0.382409155368805,0.380600184202194,-0.0398280173540115,-0.0704255849123001,-0.0853199660778046,0.402883410453796,-0.0398290865123272,-0.07042246311903,-0.0398280210793018,-0.0704255923628807,0.382407546043396,0.380599439144135,-0.0398290827870369,-0.0704224556684494,-0.085319347679615,0.402884304523468,-0.0853199660778046,0.402883410453796,-0.0398290827870369,-0.0704224556684494,0.382407039403915,0.380605697631836,-0.0398301295936108,-0.0704193636775017,-0.0398290865123272,-0.07042246311903,-0.085319347679615,0.402884304523468,-0.0398301295936108,-0.0704193636775017,0.382405430078506,0.380604952573776
8.44419956207275,0.382231265306473,0.380485475063324,-0.0398034006357193,-0.0704237446188927,-0.0850061029195786,0.402965396642685,-0.0398044399917126,-0.0704206451773643,-0.0398034043610096,-0.0704237520694733,0.382229775190353,0.380484730005264,-0.0398044362664223,-0.0704206377267838,-0.085005484521389,0.402966231107712,-0.0850061029195786,0.402965396642685,-0.0398044362664223,-0.0704206377267838,0.382229149341583,0.380490988492966,-0.0398054756224155,-0.0704175382852554,-0.0398044399917126,-0.0704206451773643,-0.085005484521389,0.402966231107712,-0.0398054756224155,-0.0704175382852554,0.382227659225464,0.380490273237228
8.44480037689209,0.382053226232529,0.380371063947678,-0.0397787652909756,-0.0704219341278076,-0.084691971540451,0.403047025203705,-0.0397798009216785,-0.0704188272356987,-0.0397787652909756,-0.0704219341278076,0.382051736116409,0.380370289087296,-0.0397797971963882,-0.0704188197851181,-0.0846913456916809,0.403047889471054,-0.084691971540451,0.403047025203705,-0.0397797971963882,-0.0704188197851181,0.382051140069962,0.380376607179642,-0.0397808738052845,-0.0704157054424286,-0.0397798009216785,-0.0704188272356987,-0.0846913456916809,0.403047889471054,-0.0397808738052845,-0.0704157054424286,0.382049649953842,0.380375862121582
8.44540023803711,0.381874918937683,0.380256831645966,-0.0397541709244251,-0.0704201087355614,-0.0843775495886803,0.403128415346146,-0.0397552065551281,-0.0704169943928719,-0.0397541746497154,-0.0704201087355614,0.381873369216919,0.380256175994873,-0.0397552028298378,-0.0704169869422913,-0.0843770205974579,0.403129249811172,-0.0843775421380997,0.403128385543823,-0.0397552028298378,-0.0704169869422913,0.381872743368149,0.380262404680252,-0.0397562459111214,-0.0704138949513435,-0.0397552065551281,-0.0704169943928719,-0.0843770205974579,0.403129249811172,-0.0397562459111214,-0.0704138949513435,0.381871253252029,0.380261689424515
8.44600009918213,0.381696403026581,0.380142986774445,-0.0397295579314232,-0.0704183056950569,-0.0840630307793617,0.403209507465363,-0.0397305935621262,-0.070415198802948,-0.0397295616567135,-0.0704183056950569,0.381694853305817,0.380142271518707,-0.0397305861115456,-0.0704151839017868,-0.0840624123811722,0.403210341930389,-0.0840630307793617,0.403209507465363,-0.0397305898368359,-0.0704151913523674,0.381694287061691,0.380148589611053,-0.0397316291928291,-0.0704120919108391,-0.0397305935621262,-0.070415198802948,-0.0840624123811722,0.403210341930389,-0.0397316291928291,-0.0704120919108391,0.381692677736282,0.380147814750671
8.44659996032715,0.38151752948761,0.380029380321503,-0.0397049263119698,-0.0704165324568748,-0.0837482288479805,0.403290241956711,-0.0397059917449951,-0.0704134032130241,-0.0397049598395824,-0.0704165175557137,0.381516069173813,0.380028665065765,-0.0397059507668018,-0.0704134106636047,-0.083747610449791,0.403291136026382,-0.0837482288479805,0.403290241956711,-0.0397059880197048,-0.0704133957624435,0.381515443325043,0.380034953355789,-0.0397070273756981,-0.0704102963209152,-0.0397059582173824,-0.0704134255647659,-0.083747610449791,0.403291136026382,-0.0397070236504078,-0.0704102888703346,0.381513863801956,0.380034238100052
8.44719982147217,0.381338477134705,0.379916042089462,-0.0396803691983223,-0.0704147294163704,-0.0834332481026649,0.403370767831802,-0.039681401103735,-0.0704116076231003,-0.0396803729236126,-0.070414736866951,0.381337016820908,0.379915326833725,-0.0396813973784447,-0.0704116076231003,-0.0834327191114426,0.403371602296829,-0.0834332481026649,0.403370767831802,-0.0396813973784447,-0.0704116076231003,0.381336390972137,0.379921615123749,-0.0396824330091476,-0.0704085007309914,-0.039681401103735,-0.0704116076231003,-0.0834327191114426,0.403371602296829,-0.0396824330091476,-0.0704085007309914,0.381334811449051,0.379920870065689
8.44779968261719,0.381159275770187,0.379802942276001,-0.0396557562053204,-0.0704129710793495,-0.0831180810928345,0.403450936079025,-0.0396568179130554,-0.0704098343849182,-0.039655789732933,-0.0704129487276077,0.381157726049423,0.379802256822586,-0.0396567806601524,-0.0704098418354988,-0.0831175446510315,0.403451770544052,-0.0831180736422539,0.403450906276703,-0.0396568179130554,-0.0704098343849182,0.381157130002975,0.37980854511261,-0.0396578572690487,-0.0704067200422287,-0.039656788110733,-0.07040985673666,-0.0831175446510315,0.403451770544052,-0.0396578535437584,-0.0704067125916481,0.381155550479889,0.379807829856873
8.44839954376221,0.380979657173157,0.379690140485764,-0.0396311916410923,-0.0704111978411674,-0.0828026235103607,0.403530836105347,-0.0396322198212147,-0.0704080760478973,-0.0396311953663826,-0.070411205291748,0.38097819685936,0.379689455032349,-0.0396322160959244,-0.0704080685973167,-0.0828020870685577,0.403531640768051,-0.0828026235103607,0.403530836105347,-0.0396322160959244,-0.0704080685973167,0.380977630615234,0.379695773124695,-0.03963328525424,-0.070404939353466,-0.0396322198212147,-0.0704080760478973,-0.0828020870685577,0.403531640768051,-0.03963328525424,-0.070404939353466,0.380976110696793,0.379695028066635
8.44900035858154,0.380799949169159,0.37957763671875,-0.0396066382527351,-0.070409432053566,-0.082486979663372,0.403610408306122,-0.0396076664328575,-0.0704063102602959,-0.0396066382527351,-0.070409432053566,0.38079845905304,0.379576921463013,-0.0396076627075672,-0.0704063028097153,-0.0824864506721497,0.403611272573471,-0.082486979663372,0.403610408306122,-0.0396076664328575,-0.0704063102602959,0.380797892808914,0.379583209753036,-0.0396086983382702,-0.0704031959176064,-0.0396076701581478,-0.0704063177108765,-0.0824864506721497,0.403611272573471,-0.0396086983382702,-0.0704031959176064,0.380796372890472,0.379582494497299
8.44960021972656,0.380620002746582,0.379465401172638,-0.0395820923149586,-0.0704076737165451,-0.082171157002449,0.403689682483673,-0.0395831242203712,-0.070404551923275,-0.0395820960402489,-0.0704076811671257,0.380618423223495,0.379464685916901,-0.0395831167697906,-0.0704045370221138,-0.0821705237030983,0.403690576553345,-0.082171157002449,0.403689682483673,-0.0395831204950809,-0.0704045444726944,0.380617916584015,0.379470974206924,-0.0395841524004936,-0.0704014375805855,-0.0395831242203712,-0.070404551923275,-0.0821705237030983,0.403690576553345,-0.0395841524004936,-0.0704014375805855,0.380616337060928,0.379470258951187
8.45020008087158,0.380439788103104,0.379353433847427,-0.0395575314760208,-0.0704059451818466,-0.0818551480770111,0.403768718242645,-0.0395585559308529,-0.0704028159379959,-0.0395575314760208,-0.0704059451818466,0.380438178777695,0.37935271859169,-0.0395585522055626,-0.0704028084874153,-0.0818546041846275,0.40376952290535,-0.0818551480770111,0.403768718242645,-0.0395585559308529,-0.0704028159379959,0.380437612533569,0.379359006881714,-0.0395595878362656,-0.0703996941447258,-0.0395585596561432,-0.0704028233885765,-0.0818546041846275,0.40376952290535,-0.0395595878362656,-0.0703996941447258,0.38043612241745,0.379358261823654
8.4507999420166,0.380259275436401,0.379241734743118,-0.0395330153405666,-0.0704042017459869,-0.0815388485789299,0.403847396373749,-0.0395340025424957,-0.0704010874032974,-0.0395330153405666,-0.0704042017459869,0.38025775551796,0.379241019487381,-0.0395339988172054,-0.0704010799527168,-0.0815383121371269,0.403848201036453,-0.0815388485789299,0.403847396373749,-0.0395340025424957,-0.0704010874032974,0.380257189273834,0.379247337579727,-0.0395350679755211,-0.0703979507088661,-0.039534006267786,-0.070401094853878,-0.0815383121371269,0.403848201036453,-0.0395350679755211,-0.0703979507088661,0.380255609750748,0.379246592521667
8.45139980316162,0.380078583955765,0.379130303859711,-0.0395084731280804,-0.070402480661869,-0.0812223628163338,0.403925776481628,-0.0395094975829124,-0.0703993588685989,-0.0395084731280804,-0.070402480661869,0.380077034235001,0.379129618406296,-0.0395094901323318,-0.0703993439674377,-0.0812218338251114,0.403926610946655,-0.0812223628163338,0.403925776481628,-0.0395094938576221,-0.0703993514180183,0.380076497793198,0.37913590669632,-0.0395105257630348,-0.0703962296247482,-0.0395094975829124,-0.0703993588685989,-0.0812218338251114,0.403926610946655,-0.0395105257630348,-0.0703962296247482,0.380075007677078,0.379135191440582
8.45199966430664,0.379897654056549,0.379019170999527,-0.039483979344368,-0.0704007595777512,-0.0809056088328362,0.404003888368607,-0.0394849665462971,-0.070397637784481,-0.039483979344368,-0.0704007595777512,0.37989604473114,0.37901845574379,-0.0394849628210068,-0.0703976303339005,-0.0809051692485809,0.404004693031311,-0.0809056088328362,0.404003888368607,-0.0394849665462971,-0.070397637784481,0.37989553809166,0.379024773836136,-0.0394859947264194,-0.0703945159912109,-0.0394849702715874,-0.0703976452350616,-0.0809051692485809,0.404004693031311,-0.0394859947264194,-0.0703945159912109,0.37989404797554,0.379024058580399
8.45259952545166,0.379716426134109,0.3789082467556,-0.0394594632089138,-0.0703990459442139,-0.0805887579917908,0.404081672430038,-0.0394604839384556,-0.0703959167003632,-0.0394594632089138,-0.0703990459442139,0.379714965820313,0.378907591104507,-0.0394604802131653,-0.0703959092497826,-0.0805882215499878,0.404082477092743,-0.0805887579917908,0.404081672430038,-0.0394604839384556,-0.0703959167003632,0.379714399576187,0.378913879394531,-0.0394614785909653,-0.0703928098082542,-0.0394604876637459,-0.0703959241509438,-0.0805882215499878,0.404082477092743,-0.0394615083932877,-0.0703927874565125,0.379712820053101,0.378913164138794
8.453200340271,0.379535049200058,0.378797739744186,-0.0394349619746208,-0.0703973546624184,-0.0802717283368111,0.404159158468246,-0.0394359827041626,-0.0703942179679871,-0.0394349619746208,-0.0703973546624184,0.379533469676971,0.378797024488449,-0.039435975253582,-0.0703942105174065,-0.0802710875868797,0.404159963130951,-0.0802717283368111,0.404159158468246,-0.0394359789788723,-0.0703942179679871,0.379532992839813,0.378803253173828,-0.0394370034337044,-0.0703910812735558,-0.0394359827041626,-0.0703942179679871,-0.0802710875868797,0.404159963130951,-0.0394370034337044,-0.0703910812735558,0.379531383514404,0.378802567720413
8.45380020141602,0.37935346364975,0.378687381744385,-0.0394104644656181,-0.0703956633806229,-0.0799544006586075,0.404236286878586,-0.0394114851951599,-0.0703925266861916,-0.0394104681909084,-0.0703956708312035,0.379351854324341,0.378686815500259,-0.0394114814698696,-0.0703925266861916,-0.0799537673592567,0.404237180948257,-0.0799544006586075,0.404236286878586,-0.0394114814698696,-0.070392519235611,0.37935146689415,0.378692924976349,-0.0394125133752823,-0.0703894048929214,-0.0394114851951599,-0.0703925341367722,-0.0799537673592567,0.404237180948257,-0.039412509649992,-0.0703893974423409,0.379349797964096,0.378692358732224
8.45440006256104,0.379171460866928,0.378577470779419,-0.0393859855830669,-0.070393979549408,-0.0796367079019547,0.404313266277313,-0.0393870063126087,-0.0703908503055573,-0.0393859855830669,-0.070393979549408,0.379169970750809,0.378576755523682,-0.0393870025873184,-0.0703908428549767,-0.0796362683176994,0.404314011335373,-0.0796367079019547,0.404313266277313,-0.0393870025873184,-0.0703908428549767,0.379169434309006,0.378583043813705,-0.0393880270421505,-0.0703877061605453,-0.0393870063126087,-0.0703908503055573,-0.0796362683176994,0.404314011335373,-0.0393880270421505,-0.0703877061605453,0.379167944192886,0.378582268953323
8.45499992370605,0.378989458084106,0.378467589616776,-0.0393615141510963,-0.0703923031687737,-0.0793191269040108,0.404389768838882,-0.0393625348806381,-0.0703891664743423,-0.0393615178763866,-0.0703923106193542,0.378987818956375,0.378467053174973,-0.0393625311553478,-0.0703891664743423,-0.0793182924389839,0.404390662908554,-0.0793191269040108,0.404389768838882,-0.0393625311553478,-0.0703891590237617,0.37898725271225,0.378473341464996,-0.0393635556101799,-0.0703860372304916,-0.0393625348806381,-0.0703891739249229,-0.0793182924389839,0.404390662908554,-0.0393635556101799,-0.0703860372304916,0.37898576259613,0.378472566604614
8.45559978485107,0.378807008266449,0.378358274698257,-0.0393370538949966,-0.0703906491398811,-0.0790010690689087,0.404466092586517,-0.0393380746245384,-0.0703874975442886,-0.0393370538949966,-0.0703906342387199,0.37880551815033,0.378357499837875,-0.0393380708992481,-0.0703874975442886,-0.079000435769558,0.404466927051544,-0.0790010690689087,0.404466092586517,-0.0393380746245384,-0.0703874975442886,0.378804981708527,0.378363817930222,-0.0393390953540802,-0.0703843683004379,-0.0393380746245384,-0.0703875049948692,-0.079000435769558,0.404466927051544,-0.0393390953540802,-0.0703843683004379,0.378803491592407,0.378363043069839
8.45619964599609,0.378624379634857,0.378249078989029,-0.0393126122653484,-0.070388987660408,-0.0786831229925156,0.404542028903961,-0.0393136292695999,-0.0703858435153961,-0.0393126122653484,-0.0703889727592468,0.378622889518738,0.378248333930969,-0.0393135920166969,-0.0703858435153961,-0.0786822959780693,0.404542922973633,-0.0786831229925156,0.404542028903961,-0.0393136255443096,-0.0703858360648155,0.378622353076935,0.378254652023315,-0.039314616471529,-0.0703827068209648,-0.0393135957419872,-0.0703858509659767,-0.0786822885274887,0.40454289317131,-0.039314616471529,-0.0703827068209648,0.378620862960815,0.378253877162933
8.45680046081543,0.378441631793976,0.378140091896057,-0.0392881780862808,-0.0703873261809349,-0.0783645063638687,0.404617726802826,-0.0392891615629196,-0.0703841894865036,-0.0392881780862808,-0.0703873336315155,0.378440171480179,0.378139346837997,-0.0392891578376293,-0.070384182035923,-0.0783640518784523,0.404618501663208,-0.0783645063638687,0.404617726802826,-0.0392891578376293,-0.070384182035923,0.378439664840698,0.378145694732666,-0.0392901822924614,-0.0703810602426529,-0.0392891615629196,-0.0703841894865036,-0.0783640518784523,0.404618501663208,-0.0392901785671711,-0.0703810527920723,0.378437966108322,0.378145068883896
8.45740032196045,0.378258615732193,0.378031432628632,-0.0392637215554714,-0.0703856945037842,-0.0780459940433502,0.404693067073822,-0.0392647348344326,-0.0703825503587723,-0.0392637215554714,-0.0703856945037842,0.378257125616074,0.378030687570572,-0.0392647311091423,-0.0703825429081917,-0.0780453607439995,0.404693931341171,-0.0780459940433502,0.404693067073822,-0.0392647348344326,-0.0703825503587723,0.378256589174271,0.378037005662918,-0.0392657220363617,-0.0703794211149216,-0.0392647385597229,-0.0703825578093529,-0.0780453607439995,0.404693931341171,-0.0392657518386841,-0.0703794062137604,0.378255099058151,0.378036230802536
8.45800018310547,0.378075242042542,0.377923160791397,-0.0392393097281456,-0.0703840628266335,-0.0777272135019302,0.404768109321594,-0.0392402932047844,-0.0703809186816216,-0.0392393097281456,-0.0703840628266335,0.378073751926422,0.377922415733337,-0.0392402857542038,-0.0703809037804604,-0.0777265653014183,0.404768943786621,-0.0777272135019302,0.404768109321594,-0.0392402894794941,-0.070380911231041,0.378073245286942,0.377928733825684,-0.0392413102090359,-0.0703777819871902,-0.0392402932047844,-0.0703809186816216,-0.0777265653014183,0.404768943786621,-0.0392413102090359,-0.0703777745366096,0.3780717253685,0.377927958965302
8.45860004425049,0.37789198756218,0.377814888954163,-0.039214875549078,-0.0703824386000633,-0.0774083435535431,0.404842853546143,-0.0392158925533295,-0.0703792944550514,-0.039214875549078,-0.0703824386000633,0.377890110015869,0.377814501523972,-0.0392158851027489,-0.0703792795538902,-0.0774076953530312,0.404843688011169,-0.0774083435535431,0.404842853546143,-0.0392158888280392,-0.0703792870044708,0.377889752388,0.377820640802383,-0.039216872304678,-0.0703761503100395,-0.0392158925533295,-0.0703792944550514,-0.0774076953530312,0.404843688011169,-0.039216872304678,-0.0703761503100395,0.377888083457947,0.377820044755936
8.45919990539551,0.377707988023758,0.377707332372665,-0.039190486073494,-0.0703808143734932,-0.0770889967679977,0.404917329549789,-0.0391914695501328,-0.0703776702284813,-0.0391904897987843,-0.0703808218240738,0.377706468105316,0.377706527709961,-0.0391914620995522,-0.0703776627779007,-0.0770883485674858,0.404918134212494,-0.0770889967679977,0.404917329549789,-0.0391914658248425,-0.0703776627779007,0.37770602107048,0.377712905406952,-0.0391924828290939,-0.07037453353405,-0.0391914695501328,-0.0703776702284813,-0.0770883485674858,0.404918134212494,-0.0391924828290939,-0.07037453353405,0.377704530954361,0.37771213054657
8.45979976654053,0.377524107694626,0.377599745988846,-0.0391660779714584,-0.0703792124986649,-0.0767697617411613,0.404991388320923,-0.0391670577228069,-0.070376068353653,-0.0391660816967487,-0.0703792124986649,0.377522438764572,0.37759917974472,-0.0391670539975166,-0.0703760609030724,-0.0767689272761345,0.404992252588272,-0.0767697617411613,0.404991388320923,-0.0391670539975166,-0.0703760609030724,0.377521932125092,0.377605497837067,-0.0391680747270584,-0.0703729316592216,-0.0391670577228069,-0.070376068353653,-0.0767689272761345,0.404992252588272,-0.0391680747270584,-0.0703729167580605,0.377520442008972,0.377604722976685
8.46039962768555,0.377339869737625,0.377492517232895,-0.0391416810452938,-0.0703776106238365,-0.0764500647783279,0.4050652384758,-0.039142694324255,-0.0703744664788246,-0.0391416847705841,-0.0703776180744171,0.377338349819183,0.377491742372513,-0.0391426905989647,-0.070374459028244,-0.076449416577816,0.405066072940826,-0.0764500647783279,0.4050652384758,-0.0391426905989647,-0.070374459028244,0.377337902784348,0.377498120069504,-0.0391436740756035,-0.0703713223338127,-0.039142694324255,-0.0703744664788246,-0.076449416577816,0.405066072940826,-0.0391436740756035,-0.0703713223338127,0.377336233854294,0.377497524023056
8.46100044250488,0.377155363559723,0.377385705709457,-0.0391172952950001,-0.07037603110075,-0.0761300772428513,0.40513876080513,-0.039118304848671,-0.0703728795051575,-0.0391172952950001,-0.07037603110075,0.377153873443604,0.377384901046753,-0.0391183011233807,-0.0703728720545769,-0.0761296227574348,0.405139565467834,-0.0761300772428513,0.40513876080513,-0.0391183011233807,-0.0703728720545769,0.377153366804123,0.377391219139099,-0.0391192846000195,-0.070369727909565,-0.039118304848671,-0.0703728795051575,-0.0761296227574348,0.405139565467834,-0.0391192846000195,-0.070369727909565,0.377151846885681,0.377390474081039
8.4616003036499,0.376970559358597,0.377279162406921,-0.0390929542481899,-0.0703744366765022,-0.0758102089166641,0.405211955308914,-0.0390939302742481,-0.0703712925314903,-0.0390929579734802,-0.0703744441270828,0.376969039440155,0.377278387546539,-0.0390939265489578,-0.0703712850809097,-0.0758095607161522,0.405212759971619,-0.0758102089166641,0.405211955308914,-0.0390939265489578,-0.0703712850809097,0.376968562602997,0.37728476524353,-0.0390949100255966,-0.0703681483864784,-0.0390939302742481,-0.0703712925314903,-0.0758095607161522,0.405212759971619,-0.0390949100255966,-0.0703681483864784,0.3769671022892,0.377283990383148
8.46220016479492,0.376785576343536,0.377172857522964,-0.0390685573220253,-0.0703728720545769,-0.0754900574684143,0.40528479218483,-0.0390695706009865,-0.0703697204589844,-0.0390685610473156,-0.0703728795051575,0.376784086227417,0.37717205286026,-0.0390695631504059,-0.0703697055578232,-0.0754894092679024,0.405285626649857,-0.0754900574684143,0.40528479218483,-0.0390695668756962,-0.0703697130084038,0.376783609390259,0.377178400754929,-0.0390705466270447,-0.0703665688633919,-0.0390695706009865,-0.0703697204589844,-0.0754894092679024,0.405285626649857,-0.0390705466270447,-0.0703665688633919,0.376782119274139,0.377177655696869
8.46280002593994,0.376600533723831,0.377066731452942,-0.0390442088246346,-0.0703713074326515,-0.0751696303486824,0.405357420444489,-0.0390452183783054,-0.070368155837059,-0.0390442088246346,-0.0703713074326515,0.376599043607712,0.377065926790237,-0.0390452109277248,-0.0703681409358978,-0.075168788433075,0.405358225107193,-0.0751696303486824,0.405357420444489,-0.0390452146530151,-0.0703681483864784,0.376598566770554,0.377072274684906,-0.0390461906790733,-0.0703649967908859,-0.0390452183783054,-0.070368155837059,-0.075168788433075,0.405358225107193,-0.0390461906790733,-0.0703649967908859,0.376597076654434,0.377071529626846
8.46339988708496,0.37641516327858,0.376960873603821,-0.0390198677778244,-0.0703697428107262,-0.0748489275574684,0.405429661273956,-0.0390208773314953,-0.0703665912151337,-0.0390198715031147,-0.0703697502613068,0.376413702964783,0.376960158348083,-0.039020836353302,-0.0703665912151337,-0.0748482868075371,0.405430495738983,-0.0748489275574684,0.405429661273956,-0.039020873606205,-0.0703665837645531,0.376413255929947,0.376966506242752,-0.0390218496322632,-0.0703634470701218,-0.0390208438038826,-0.0703665986657143,-0.0748482868075371,0.405430495738983,-0.0390218496322632,-0.0703634396195412,0.376411736011505,0.37696573138237
8.46399974822998,0.376229703426361,0.376855283975601,-0.0389955379068851,-0.0703682005405426,-0.0745281428098679,0.4055016040802,-0.038996510207653,-0.0703650414943695,-0.0389955379068851,-0.0703682005405426,0.376227825880051,0.37685489654541,-0.038996510207653,-0.0703650414943695,-0.0745275020599365,0.405502468347549,-0.0745281428098679,0.4055016040802,-0.038996510207653,-0.0703650414943695,0.376227527856827,0.376861035823822,-0.0389975197613239,-0.070361889898777,-0.038996510207653,-0.0703650414943695,-0.0745275020599365,0.405502468347549,-0.0389975197613239,-0.070361889898777,0.376225888729095,0.376860439777374
8.464599609375,0.376043736934662,0.376750200986862,-0.0389712229371071,-0.0703666657209396,-0.0742070898413658,0.40557324886322,-0.0389721989631653,-0.0703635141253471,-0.0389712229371071,-0.070366658270359,0.376042276620865,0.376749485731125,-0.0389721915125847,-0.0703634992241859,-0.0742064341902733,0.405574083328247,-0.0742070898413658,0.40557324886322,-0.038972195237875,-0.0703635066747665,0.376041829586029,0.376755833625793,-0.0389732047915459,-0.0703603476285934,-0.0389721989631653,-0.0703635141253471,-0.0742064341902733,0.405574083328247,-0.0389732010662556,-0.0703603401780128,0.376040309667587,0.376755058765411
8.46520042419434,0.375857651233673,0.376645296812057,-0.0389468856155872,-0.0703651309013367,-0.0738857463002205,0.405644565820694,-0.0389478914439678,-0.070361964404583,-0.0389469228684902,-0.0703651309013367,0.375856220722198,0.376644551753998,-0.0389478839933872,-0.0703619569540024,-0.0738852918148041,0.405645340681076,-0.0738857463002205,0.405644565820694,-0.0389478877186775,-0.070361964404583,0.375855714082718,0.376650929450989,-0.0389488637447357,-0.0703588128089905,-0.0389478914439678,-0.070361964404583,-0.0738852918148041,0.405645340681076,-0.0389488637447357,-0.0703588053584099,0.375854045152664,0.376650333404541
8.46580028533936,0.37567126750946,0.376540780067444,-0.038922592997551,-0.0703636035323143,-0.0735643357038498,0.405715584754944,-0.0389235615730286,-0.0703604444861412,-0.038922592997551,-0.0703636035323143,0.375669836997986,0.376540035009384,-0.0389235578477383,-0.0703604370355606,-0.0735638812184334,0.405716389417648,-0.0735643357038498,0.405715584754944,-0.0389235578477383,-0.0703604370355606,0.375669360160828,0.376546412706375,-0.0389245674014091,-0.0703572854399681,-0.0389235615730286,-0.0703604444861412,-0.0735638812184334,0.405716389417648,-0.0389245674014091,-0.0703572854399681,0.375667870044708,0.376545608043671
8.46640014648438,0.375484794378281,0.376436442136765,-0.0388982780277729,-0.0703620985150337,-0.0732428357005119,0.405786216259003,-0.0388992764055729,-0.0703589245676994,-0.0388983115553856,-0.0703620910644531,0.375483334064484,0.376435697078705,-0.0388992726802826,-0.0703589171171188,-0.0732419937849045,0.405787110328674,-0.0732428357005119,0.405786216259003,-0.0388992764055729,-0.0703589245676994,0.375482887029648,0.376442044973373,-0.0389002487063408,-0.0703557655215263,-0.0388992801308632,-0.07035893201828,-0.0732419937849045,0.405787110328674,-0.0389002487063408,-0.0703557655215263,0.375481396913528,0.376441240310669
8.46700000762939,0.375298023223877,0.376332432031631,-0.0388740040361881,-0.0703605934977531,-0.0729208737611771,0.405856639146805,-0.0388749726116657,-0.0703574195504189,-0.0388740040361881,-0.0703605785965919,0.375296533107758,0.376331627368927,-0.0388749688863754,-0.0703574120998383,-0.0729202255606651,0.405857473611832,-0.0729208737611771,0.405856639146805,-0.0388749726116657,-0.0703574195504189,0.375296145677567,0.376338064670563,-0.0388759486377239,-0.0703542679548264,-0.038874976336956,-0.0703574195504189,-0.0729202255606651,0.405857473611832,-0.0388759486377239,-0.0703542679548264,0.37529444694519,0.376337468624115
8.46759986877441,0.375110954046249,0.376228779554367,-0.0388497114181519,-0.0703590884804726,-0.0725988298654556,0.405926674604416,-0.0388507135212421,-0.0703559145331383,-0.0388497486710548,-0.0703590884804726,0.375109493732452,0.376228034496307,-0.0388506762683392,-0.0703559219837189,-0.0725983679294586,0.405927449464798,-0.0725988298654556,0.405926674604416,-0.0388507135212421,-0.0703559145331383,0.375109016895294,0.376234412193298,-0.0388516820967197,-0.0703527554869652,-0.0388506837189198,-0.0703559294342995,-0.0725983679294586,0.405927449464798,-0.0388516820967197,-0.0703527554869652,0.375107526779175,0.376233607530594
8.46819972991943,0.374923944473267,0.376125156879425,-0.0388254672288895,-0.0703575983643532,-0.0722765102982521,0.405996441841125,-0.0388264358043671,-0.0703544318675995,-0.0388254709541798,-0.0703576058149338,0.374922454357147,0.376124382019043,-0.0388264283537865,-0.0703544169664383,-0.0722758546471596,0.405997276306152,-0.0722765102982521,0.405996441841125,-0.0388264320790768,-0.0703544244170189,0.374922037124634,0.376130759716034,-0.0388274006545544,-0.0703512653708458,-0.0388264358043671,-0.0703544318675995,-0.0722758546471596,0.405997276306152,-0.0388274006545544,-0.0703512653708458,0.374920159578323,0.376130342483521
8.46879959106445,0.374736458063126,0.376022040843964,-0.038801196962595,-0.070356123149395,-0.071954108774662,0.406065851449966,-0.038802158087492,-0.0703529417514801,-0.0388012006878853,-0.0703561156988144,0.374734997749329,0.376021295785904,-0.0388021543622017,-0.0703529492020607,-0.0719534531235695,0.406066685914993,-0.071954108774662,0.406065851449966,-0.038802158087492,-0.0703529417514801,0.37473452091217,0.376027643680573,-0.0388031303882599,-0.070349782705307,-0.0388021618127823,-0.0703529566526413,-0.0719534531235695,0.406066685914993,-0.0388031266629696,-0.0703497752547264,0.374732702970505,0.376027226448059
8.46940040588379,0.374548703432083,0.375919342041016,-0.0387769378721714,-0.0703546553850174,-0.0716314390301704,0.406134963035583,-0.0387779027223587,-0.0703514739871025,-0.0387769415974617,-0.0703546479344368,0.374547183513641,0.375918537378311,-0.0387778989970684,-0.0703514739871025,-0.0716307908296585,0.406135827302933,-0.0716314390301704,0.406134963035583,-0.0387779027223587,-0.0703514739871025,0.37454679608345,0.375924915075302,-0.0387788712978363,-0.0703483074903488,-0.038777906447649,-0.0703514888882637,-0.0716307833790779,0.40613579750061,-0.0387788712978363,-0.0703483074903488,0.374545305967331,0.375924170017242
8.47000026702881,0.374360829591751,0.375816762447357,-0.0387526899576187,-0.0703531876206398,-0.0713084936141968,0.406203776597977,-0.038753654807806,-0.0703500136733055,-0.038752693682909,-0.0703531876206398,0.374359309673309,0.375815957784653,-0.0387536510825157,-0.0703500062227249,-0.0713080316781998,0.406204521656036,-0.0713084936141968,0.406203776597977,-0.038753654807806,-0.0703500136733055,0.374358922243118,0.375822335481644,-0.0387546233832836,-0.0703468397259712,-0.0387536585330963,-0.0703500211238861,-0.0713080316781998,0.406204521656036,-0.0387546233832836,-0.0703468397259712,0.374357253313065,0.375821739435196
8.47060012817383,0.37417283654213,0.375714331865311,-0.0387284569442272,-0.0703517273068428,-0.0709856674075127,0.406272232532501,-0.0387294217944145,-0.0703485533595085,-0.0387284569442272,-0.0703517273068428,0.374171197414398,0.37571382522583,-0.0387294180691242,-0.0703485459089279,-0.070984810590744,0.406273066997528,-0.0709856674075127,0.406272232532501,-0.0387294180691242,-0.0703485459089279,0.37417072057724,0.375720143318176,-0.0387303866446018,-0.0703453868627548,-0.0387294217944145,-0.0703485533595085,-0.070984810590744,0.406273066997528,-0.0387303866446018,-0.0703453868627548,0.374169230461121,0.375719368457794
8.47119998931885,0.373984336853027,0.375612527132034,-0.0387042351067066,-0.070350281894207,-0.0706623643636703,0.406340360641479,-0.0387051962316036,-0.0703471153974533,-0.0387042351067066,-0.070350281894207,0.37398287653923,0.375611752271652,-0.038705188781023,-0.0703471004962921,-0.0706615149974823,0.406341224908829,-0.0706623643636703,0.406340360641479,-0.0387051925063133,-0.0703471079468727,0.373982459306717,0.375618129968643,-0.0387061610817909,-0.0703439339995384,-0.0387051962316036,-0.0703471153974533,-0.0706615149974823,0.406341195106506,-0.0387061610817909,-0.0703439265489578,0.373980939388275,0.375617325305939
8.47179985046387,0.373795747756958,0.375510811805725,-0.0386800207197666,-0.0703488290309906,-0.0703388005495071,0.406408220529556,-0.0386809855699539,-0.0703456699848175,-0.0386800244450569,-0.0703488364815712,0.373794317245483,0.375510096549988,-0.0386809781193733,-0.0703456550836563,-0.0703381448984146,0.406409025192261,-0.0703388005495071,0.406408220529556,-0.0386809818446636,-0.0703456625342369,0.373793870210648,0.375516474246979,-0.0386819466948509,-0.0703424960374832,-0.0386809855699539,-0.0703456699848175,-0.0703381448984146,0.406409025192261,-0.0386819466948509,-0.0703424960374832,0.373792201280594,0.375515878200531
8.47239971160889,0.373607128858566,0.37540939450264,-0.0386558212339878,-0.0703474059700966,-0.0700151547789574,0.406475722789764,-0.0386567823588848,-0.0703442320227623,-0.0386558212339878,-0.0703474059700966,0.37360543012619,0.375408798456192,-0.0386567786335945,-0.0703442245721817,-0.0700144991278648,0.406476557254791,-0.0700151547789574,0.406475722789764,-0.0386567786335945,-0.0703442245721817,0.373605042695999,0.375415176153183,-0.0386577472090721,-0.070341058075428,-0.0386567823588848,-0.0703442320227623,-0.0700144991278648,0.406476557254791,-0.0386577472090721,-0.070341058075428,0.37360355257988,0.375414371490479
8.47299957275391,0.373418122529984,0.375308245420456,-0.0386315993964672,-0.0703459903597832,-0.0696912407875061,0.406542956829071,-0.0386325567960739,-0.0703428015112877,-0.0386316329240799,-0.0703459829092026,0.373416304588318,0.375307828187943,-0.0386325530707836,-0.0703428015112877,-0.069690577685833,0.406543731689453,-0.0696912333369255,0.406542927026749,-0.0386325567960739,-0.0703428015112877,0.373416036367416,0.375314027070999,-0.0386335179209709,-0.070339635014534,-0.0386325605213642,-0.0703428089618683,-0.069690577685833,0.406543701887131,-0.0386335179209709,-0.070339635014534,0.373414367437363,0.375313460826874
8.47360038757324,0.37322872877121,0.375207662582397,-0.0386074222624302,-0.0703445672988892,-0.0693672448396683,0.406609773635864,-0.0386083759367466,-0.0703413933515549,-0.0386074259877205,-0.0703445747494698,0.373227208852768,0.375206887722015,-0.0386083722114563,-0.0703413859009743,-0.0693665742874146,0.406610578298569,-0.0693672448396683,0.406609773635864,-0.0386083759367466,-0.0703413933515549,0.373226851224899,0.375213295221329,-0.0386093407869339,-0.0703382194042206,-0.0386083796620369,-0.0703414008021355,-0.0693665742874146,0.406610578298569,-0.0386093370616436,-0.07033821195364,0.373225301504135,0.375212460756302
8.47420024871826,0.373039335012436,0.375107079744339,-0.0385832525789738,-0.0703431591391563,-0.069042980670929,0.406676322221756,-0.0385842099785805,-0.0703399777412415,-0.0385832563042641,-0.0703431665897369,0.373037695884705,0.375106513500214,-0.0385841727256775,-0.0703399851918221,-0.0690423101186752,0.40667712688446,-0.069042980670929,0.406676322221756,-0.0385842099785805,-0.0703399777412415,0.373037487268448,0.37511271238327,-0.0385851375758648,-0.0703368112444878,-0.0385842137038708,-0.0703399851918221,-0.0690423101186752,0.40667712688446,-0.0385851711034775,-0.0703367963433266,0.373035609722137,0.375112295150757
8.47480010986328,0.372849494218826,0.375007003545761,-0.0385590642690659,-0.0703417658805847,-0.0687184408307076,0.406742572784424,-0.0385600216686726,-0.0703385844826698,-0.0385590679943562,-0.0703417733311653,0.372848063707352,0.375006288290024,-0.038560014218092,-0.0703385770320892,-0.0687179714441299,0.406743347644806,-0.0687184408307076,0.406742572784424,-0.0385600179433823,-0.0703385770320892,0.372847646474838,0.375012665987015,-0.0385609827935696,-0.0703354105353355,-0.0385600216686726,-0.0703385919332504,-0.0687179714441299,0.406743347644806,-0.0385609827935696,-0.0703354105353355,0.372845977544785,0.375012069940567
8.4753999710083,0.372659593820572,0.374907106161118,-0.0385349206626415,-0.0703403726220131,-0.0683938339352608,0.406808435916901,-0.0385358408093452,-0.0703371986746788,-0.0385349243879318,-0.0703403800725937,0.372658014297485,0.37490639090538,-0.0385358370840549,-0.0703371912240982,-0.068393163383007,0.406809240579605,-0.0683938339352608,0.406808435916901,-0.0385358408093452,-0.0703371986746788,0.372657746076584,0.374912798404694,-0.0385368019342422,-0.0703340172767639,-0.0385358445346355,-0.0703372061252594,-0.068393163383007,0.406809240579605,-0.038536798208952,-0.0703340098261833,0.37265607714653,0.374912083148956
8.47599983215332,0.372469484806061,0.374807476997375,-0.0385107547044754,-0.0703389942646027,-0.0680689513683319,0.406874030828476,-0.0385117083787918,-0.0703358128666878,-0.0385107584297657,-0.0703390017151833,0.372467935085297,0.374806851148605,-0.0385117046535015,-0.0703358054161072,-0.0680682882666588,0.406874865293503,-0.0680689513683319,0.406874030828476,-0.0385117083787918,-0.0703358128666878,0.372467517852783,0.374813228845596,-0.0385126695036888,-0.0703326240181923,-0.0385117121040821,-0.0703358203172684,-0.0680682882666588,0.406874865293503,-0.0385126695036888,-0.0703326240181923,0.372465938329697,0.374812513589859
8.47659969329834,0.372279077768326,0.374708265066147,-0.0384865999221802,-0.0703376233577728,-0.0677439868450165,0.406939268112183,-0.0384875535964966,-0.0703344270586967,-0.0384866371750832,-0.0703376308083534,0.372277528047562,0.374707579612732,-0.0384875498712063,-0.0703344345092773,-0.0677435174584389,0.406940013170242,-0.0677439868450165,0.406939268112183,-0.0384875535964966,-0.0703344270586967,0.372277230024338,0.374713957309723,-0.0384885109961033,-0.0703312605619431,-0.0384875573217869,-0.0703344494104385,-0.0677435174584389,0.406940013170242,-0.0384885109961033,-0.0703312605619431,0.372275561094284,0.37471330165863
8.47719955444336,0.372088551521301,0.374609231948853,-0.0384624935686588,-0.0703362599015236,-0.0674185678362846,0.407004237174988,-0.0384634099900723,-0.0703330785036087,-0.0384624935686588,-0.070336252450943,0.372086942195892,0.374608635902405,-0.0384634025394917,-0.0703330636024475,-0.067418098449707,0.40700501203537,-0.0674185678362846,0.407004237174988,-0.038463406264782,-0.0703330710530281,0.372086644172668,0.374615013599396,-0.038464367389679,-0.0703298896551132,-0.0384634099900723,-0.0703330785036087,-0.067418098449707,0.40700501203537,-0.038464367389679,-0.0703298822045326,0.372084945440292,0.374614298343658
8.4778003692627,0.37189769744873,0.374510616064072,-0.0384383611381054,-0.0703348964452744,-0.0670932680368423,0.40706878900528,-0.0384392738342285,-0.0703317150473595,-0.0384383611381054,-0.0703348964452744,0.371896177530289,0.374509990215302,-0.0384392701089382,-0.0703317075967789,-0.0670927911996841,0.407069563865662,-0.0670932680368423,0.40706878900528,-0.0384392738342285,-0.0703317150473595,0.371895760297775,0.37451633810997,-0.0384402349591255,-0.070328526198864,-0.0384392775595188,-0.0703317224979401,-0.0670927911996841,0.407069563865662,-0.0384402349591255,-0.070328526198864,0.371894180774689,0.374515622854233
8.47840023040771,0.371706753969193,0.374412268400192,-0.0384142398834229,-0.0703335553407669,-0.066767692565918,0.407133013010025,-0.038415189832449,-0.0703303590416908,-0.0384142436087132,-0.0703335627913475,0.371705085039139,0.374411582946777,-0.038415152579546,-0.0703303590416908,-0.0667670220136642,0.407133817672729,-0.066767692565918,0.407133013010025,-0.038415189832449,-0.0703303590416908,0.371704787015915,0.374417930841446,-0.038416113704443,-0.0703271776437759,-0.0384151600301266,-0.070330373942852,-0.0667670220136642,0.407133817672729,-0.0384161099791527,-0.0703271701931953,0.371703118085861,0.374417304992676
8.47900009155273,0.371515482664108,0.374314188957214,-0.0383901260793209,-0.0703322067856789,-0.0664418563246727,0.407196938991547,-0.0383910797536373,-0.0703290179371834,-0.0383901298046112,-0.0703322142362595,0.371513843536377,0.374313592910767,-0.0383910425007343,-0.0703290179371834,-0.0664411932229996,0.407197773456573,-0.0664418563246727,0.407196938991547,-0.0383910797536373,-0.0703290179371834,0.371513515710831,0.374319911003113,-0.038391999900341,-0.0703258290886879,-0.0383910499513149,-0.0703290328383446,-0.0664411932229996,0.407197773456573,-0.038391999900341,-0.0703258290886879,0.371511876583099,0.374319225549698
8.47959995269775,0.371323943138123,0.374216467142105,-0.0383660309016705,-0.0703308805823326,-0.0661159455776215,0.407260566949844,-0.0383669808506966,-0.0703276842832565,-0.0383660346269608,-0.0703308805823326,0.371322423219681,0.374215811491013,-0.0383669435977936,-0.0703276842832565,-0.0661150813102722,0.407261401414871,-0.0661159455776215,0.407260566949844,-0.0383669771254063,-0.0703276768326759,0.37132203578949,0.374222189188004,-0.0383679047226906,-0.0703245028853416,-0.0383669473230839,-0.0703276917338371,-0.0661150813102722,0.407261401414871,-0.0383679009974003,-0.070324495434761,0.371320456266403,0.374221533536911
8.48019981384277,0.371132254600525,0.37411904335022,-0.0383419431746006,-0.0703295543789864,-0.0657895728945732,0.407323867082596,-0.0383428633213043,-0.0703263729810715,-0.0383419468998909,-0.070329561829567,0.371130675077438,0.374118357896805,-0.0383428558707237,-0.0703263580799103,-0.065789096057415,0.407324641942978,-0.0657895728945732,0.407323867082596,-0.038342859596014,-0.0703263655304909,0.371130406856537,0.374124735593796,-0.0383438132703304,-0.0703231692314148,-0.0383428633213043,-0.0703263729810715,-0.065789096057415,0.407324612140656,-0.0383438132703304,-0.0703231692314148,0.371128737926483,0.374124050140381
8.48079967498779,0.370940357446671,0.374021887779236,-0.0383178703486919,-0.0703282430768013,-0.065463125705719,0.407386809587479,-0.0383187867701054,-0.0703250542283058,-0.0383178703486919,-0.0703282430768013,0.370938807725906,0.374021261930466,-0.0383187793195248,-0.0703250393271446,-0.0654626488685608,0.407387584447861,-0.065463125705719,0.407386809587479,-0.0383187830448151,-0.0703250467777252,0.370938539505005,0.374027580022812,-0.0383197367191315,-0.0703218579292297,-0.0383187867701054,-0.0703250542283058,-0.0654626488685608,0.407387584447861,-0.0383197329938412,-0.0703218504786491,0.370936840772629,0.374026954174042
8.48139953613281,0.370748281478882,0.373925060033798,-0.0382938012480736,-0.0703269392251968,-0.0651366040110588,0.407449454069138,-0.0382947213947773,-0.0703237354755402,-0.0382938049733639,-0.0703269317746162,0.370746701955795,0.373924434185028,-0.0382947139441967,-0.070323720574379,-0.0651361346244812,0.40745022892952,-0.0651366040110588,0.407449454069138,-0.038294717669487,-0.0703237280249596,0.370746344327927,0.373930811882019,-0.0382956676185131,-0.0703205391764641,-0.0382947213947773,-0.0703237354755402,-0.0651361271739006,0.407450199127197,-0.0382956676185131,-0.0703205391764641,0.37074476480484,0.373930126428604
8.48200035095215,0.370555907487869,0.373828500509262,-0.0382697507739067,-0.0703256353735924,-0.0648098215460777,0.407511740922928,-0.0382706634700298,-0.0703224390745163,-0.038269754499197,-0.070325642824173,0.370554357767105,0.373827904462814,-0.0382706597447395,-0.0703224316239357,-0.0648093447089195,0.407512485980988,-0.0648098215460777,0.407511740922928,-0.0382706634700298,-0.0703224390745163,0.370553970336914,0.373834252357483,-0.0382715798914433,-0.0703192427754402,-0.0382706671953201,-0.0703224465250969,-0.0648093447089195,0.407512485980988,-0.0382715798914433,-0.0703192427754402,0.37055242061615,0.37383359670639
8.48260021209717,0.370363354682922,0.373732328414917,-0.0382456742227077,-0.0703243464231491,-0.0644829645752907,0.407573699951172,-0.0382466204464436,-0.0703211426734924,-0.038245677947998,-0.0703243538737297,0.370361715555191,0.373731672763824,-0.0382465831935406,-0.0703211426734924,-0.064482294023037,0.407574474811554,-0.0644829645752907,0.407573699951172,-0.0382466204464436,-0.0703211426734924,0.37036144733429,0.373738050460815,-0.038247536867857,-0.0703179463744164,-0.0382465869188309,-0.070321150124073,-0.0644822865724564,0.407574445009232,-0.038247536867857,-0.0703179463744164,0.370359867811203,0.373737365007401
8.48320007324219,0.370170563459396,0.373636424541473,-0.0382216461002827,-0.0703230649232864,-0.064155638217926,0.40763533115387,-0.0382225550711155,-0.0703198611736298,-0.0382216461002827,-0.0703230574727058,0.37016898393631,0.373635768890381,-0.0382225550711155,-0.0703198537230492,-0.0641549676656723,0.407636135816574,-0.064155638217926,0.40763533115387,-0.0382225550711155,-0.0703198611736298,0.370168656110764,0.373642176389694,-0.0382234677672386,-0.0703166648745537,-0.0382225550711155,-0.0703198611736298,-0.0641549676656723,0.407636135816574,-0.0382234677672386,-0.0703166648745537,0.370167076587677,0.373641490936279
8.48379993438721,0.369977563619614,0.373540848493576,-0.0381976217031479,-0.0703217834234238,-0.0638284459710121,0.407696634531021,-0.038198534399271,-0.0703185796737671,-0.0381976254284382,-0.0703217908740044,0.369975984096527,0.373540163040161,-0.038198497146368,-0.0703185796737671,-0.0638275817036629,0.407697439193726,-0.0638284459710121,0.407696634531021,-0.038198534399271,-0.0703185796737671,0.369975656270981,0.373546570539474,-0.0381994508206844,-0.0703153908252716,-0.0381985045969486,-0.0703185945749283,-0.0638275817036629,0.407697439193726,-0.0381994508206844,-0.0703153908252716,0.369974106550217,0.373545914888382
8.48439979553223,0.369784414768219,0.37344554066658,-0.0381735824048519,-0.0703205168247223,-0.0635007917881012,0.407757580280304,-0.038174495100975,-0.0703173130750656,-0.0381735861301422,-0.0703205242753029,0.369782716035843,0.373444885015488,-0.0381744876503944,-0.0703173130750656,-0.0635001137852669,0.407758384943008,-0.0635007917881012,0.407757580280304,-0.0381744913756847,-0.070317305624485,0.369782477617264,0.373451262712479,-0.0381754077970982,-0.0703141242265701,-0.038174495100975,-0.0703173279762268,-0.0635001137852669,0.407758384943008,-0.0381754040718079,-0.0703141167759895,0.36978080868721,0.373450607061386
8.48499965667725,0.369590908288956,0.373350530862808,-0.0381495505571365,-0.0703192725777626,-0.0631730630993843,0.407818228006363,-0.038150493055582,-0.0703160539269447,-0.0381495542824268,-0.0703192725777626,0.369589388370514,0.373349905014038,-0.0381504558026791,-0.0703160539269447,-0.0631721988320351,0.40781906247139,-0.0631730630993843,0.407818228006363,-0.038150493055582,-0.0703160539269447,0.369589030742645,0.373356282711029,-0.0381514094769955,-0.0703128576278687,-0.0381504632532597,-0.0703160688281059,-0.0631721988320351,0.40781906247139,-0.0381514094769955,-0.0703128576278687,0.369587451219559,0.373355597257614
8.48560047149658,0.369397282600403,0.373255878686905,-0.038125567138195,-0.0703180134296417,-0.062845267355442,0.407878458499908,-0.0381264723837376,-0.070314809679985,-0.038125567138195,-0.0703180134296417,0.369395673274994,0.373255252838135,-0.0381264686584473,-0.0703148022294044,-0.0628443956375122,0.407879322767258,-0.062845267355442,0.407878458499908,-0.0381264723837376,-0.070314809679985,0.369395405054092,0.373261630535126,-0.0381273850798607,-0.070311613380909,-0.0381264761090279,-0.0703148171305656,-0.0628443956375122,0.407879322767258,-0.0381273813545704,-0.0703116059303284,0.369393825531006,0.373260945081711
8.4862003326416,0.369203418493271,0.373161554336548,-0.0381015576422215,-0.070316769182682,-0.0625170171260834,0.407938480377197,-0.0381024666130543,-0.0703135654330254,-0.0381015613675117,-0.0703167766332626,0.369201838970184,0.373160868883133,-0.0381024591624737,-0.0703135654330254,-0.0625163391232491,0.407939285039902,-0.0625170171260834,0.407938480377197,-0.038102462887764,-0.0703135579824448,0.36920154094696,0.373167246580124,-0.0381033755838871,-0.0703103616833687,-0.0381024666130543,-0.070313572883606,-0.0625163391232491,0.407939285039902,-0.0381033755838871,-0.0703103616833687,0.369199931621552,0.373166590929031
8.48680019378662,0.369009345769882,0.37306746840477,-0.0380775928497314,-0.0703155323863029,-0.0621884949505329,0.407998114824295,-0.0380784645676613,-0.0703123286366463,-0.0380775965750217,-0.0703155398368835,0.369007766246796,0.373066842556,-0.038078460842371,-0.0703123211860657,-0.0621880143880844,0.407998889684677,-0.0621884949505329,0.407998114824295,-0.0380784645676613,-0.0703123286366463,0.369007468223572,0.373073220252991,-0.0380794107913971,-0.0703091248869896,-0.0380784682929516,-0.0703123360872269,-0.0621880143880844,0.407998889684677,-0.0380794070661068,-0.070309117436409,0.369005799293518,0.373072594404221
8.48740005493164,0.368815094232559,0.372973710298538,-0.0380536057054996,-0.0703143104910851,-0.0618601031601429,0.408057421445847,-0.0380545109510422,-0.0703110992908478,-0.0380536094307899,-0.0703143179416656,0.368813425302505,0.37297311425209,-0.0380545072257519,-0.0703110918402672,-0.0618594251573086,0.408058226108551,-0.0618601031601429,0.408057421445847,-0.0380545109510422,-0.0703110992908478,0.368813216686249,0.372979462146759,-0.0380554236471653,-0.0703078955411911,-0.0380545109510422,-0.0703110992908478,-0.0618594214320183,0.408058196306229,-0.0380554236471653,-0.0703078955411911,0.368811517953873,0.372978836297989
8.48799991607666,0.368620485067368,0.372880339622498,-0.038029633462429,-0.0703130960464478,-0.0615314468741417,0.408116340637207,-0.0380305349826813,-0.0703098773956299,-0.038029633462429,-0.0703130960464478,0.368618905544281,0.372879654169083,-0.0380304977297783,-0.0703098848462105,-0.0615307688713074,0.408117145299911,-0.0615314468741417,0.408116340637207,-0.0380305349826813,-0.0703098773956299,0.368618726730347,0.372886091470718,-0.0380314476788044,-0.0703066810965538,-0.0380305014550686,-0.0703098922967911,-0.0615307688713074,0.408117145299911,-0.0380314439535141,-0.0703066736459732,0.368617057800293,0.372885406017303
8.48859977722168,0.368425786495209,0.372787207365036,-0.0380056649446487,-0.0703118890523911,-0.0612025260925293,0.408174991607666,-0.0380065701901913,-0.0703086704015732,-0.038005668669939,-0.0703118890523911,0.368424147367477,0.372786611318588,-0.038006566464901,-0.0703086704015732,-0.061201848089695,0.408175766468048,-0.0612025260925293,0.408174991607666,-0.0380065701901913,-0.0703086704015732,0.368423908948898,0.372792989015579,-0.0380074791610241,-0.0703054666519165,-0.0380065739154816,-0.0703086778521538,-0.061201848089695,0.408175766468048,-0.0380074791610241,-0.0703054666519165,0.368422329425812,0.372792303562164
8.4891996383667,0.368230819702148,0.372694402933121,-0.0379817150533199,-0.0703106895089149,-0.0608735345304012,0.408233255147934,-0.0379826202988625,-0.0703074708580971,-0.0379817187786102,-0.0703106895089149,0.368229299783707,0.372693806886673,-0.0379825755953789,-0.0703074708580971,-0.0608728602528572,0.408234059810638,-0.0608735345304012,0.408233255147934,-0.0379826165735722,-0.0703074634075165,0.368229061365128,0.372700184583664,-0.037983525544405,-0.0703042671084404,-0.0379825830459595,-0.0703074857592583,-0.0608728565275669,0.408234030008316,-0.0379835218191147,-0.0703042596578598,0.368227392435074,0.372699499130249
8.48980045318604,0.368035733699799,0.372601956129074,-0.0379577726125717,-0.0703094974160194,-0.0605442859232426,0.408291220664978,-0.0379586704075336,-0.070306271314621,-0.037957776337862,-0.0703094899654388,0.368034154176712,0.372601300477982,-0.0379586331546307,-0.070306271314621,-0.0605436116456985,0.40829199552536,-0.0605442859232426,0.408291220664978,-0.0379586704075336,-0.070306271314621,0.368033826351166,0.372607678174973,-0.0379595793783665,-0.0703030601143837,-0.0379586741328239,-0.0703062787652016,-0.0605436116456985,0.40829199552536,-0.0379595793783665,-0.0703030601143837,0.368032276630402,0.37260702252388
8.49040031433105,0.367840319871902,0.372509777545929,-0.0379338413476944,-0.0703083053231239,-0.0602147728204727,0.408348828554153,-0.0379347391426563,-0.0703050792217255,-0.0379338413476944,-0.0703083127737045,0.367838740348816,0.372509181499481,-0.0379347018897533,-0.0703050866723061,-0.0602140985429287,0.408349603414536,-0.0602147728204727,0.408348828554153,-0.0379347391426563,-0.0703050792217255,0.367838531732559,0.372515559196472,-0.0379356145858765,-0.07030189037323,-0.0379347093403339,-0.0703051015734673,-0.0602140985429287,0.408349603414536,-0.0379356108605862,-0.0703018829226494,0.367836862802505,0.372514873743057
8.49100017547607,0.367644757032394,0.37241792678833,-0.0379099175333977,-0.0703071281313896,-0.0598851963877678,0.40840607881546,-0.0379107892513275,-0.0703039169311523,-0.037909921258688,-0.0703071355819702,0.367643177509308,0.372417330741882,-0.0379107818007469,-0.0703039020299911,-0.0598845146596432,0.408406883478165,-0.0598851963877678,0.40840607881546,-0.0379107855260372,-0.0703039094805717,0.367642998695374,0.372423708438873,-0.0379116907715797,-0.0703006982803345,-0.0379107892513275,-0.0703039169311523,-0.0598845146596432,0.408406883478165,-0.0379116907715797,-0.0703006982803345,0.367641299962997,0.372423052787781
8.49160003662109,0.367449015378952,0.3723264336586,-0.0378859788179398,-0.0703059658408165,-0.0595553554594517,0.408463001251221,-0.0378868766129017,-0.070302739739418,-0.0378859825432301,-0.0703059732913971,0.367447376251221,0.372325837612152,-0.0378868728876114,-0.0703027322888374,-0.0595546737313271,0.408463835716248,-0.0595553554594517,0.408463001251221,-0.0378868766129017,-0.070302739739418,0.367447167634964,0.372332155704498,-0.0378877818584442,-0.0702995359897614,-0.037886880338192,-0.0703027471899986,-0.0595546737313271,0.408463835716248,-0.0378877818584442,-0.0702995285391808,0.36744549870491,0.372331529855728
8.49219989776611,0.367253005504608,0.372235178947449,-0.0378620810806751,-0.0703048035502434,-0.0592254474759102,0.408519566059113,-0.0378629788756371,-0.0703015848994255,-0.0378620848059654,-0.070304811000824,0.367251396179199,0.372234582901001,-0.0378629751503468,-0.0703015774488449,-0.0592245757579803,0.408520430326462,-0.0592254474759102,0.408519566059113,-0.0378629788756371,-0.0703015848994255,0.367251187562943,0.372240960597992,-0.0378638505935669,-0.0702983736991882,-0.0378629788756371,-0.0703015848994255,-0.0592245757579803,0.408520430326462,-0.0378638505935669,-0.0702983736991882,0.367249518632889,0.372240304946899
8.49279975891113,0.367056787014008,0.372144341468811,-0.0378381907939911,-0.0703036487102509,-0.0588950850069523,0.408575862646103,-0.0378390587866306,-0.070300430059433,-0.0378381945192814,-0.0703036561608315,0.367055207490921,0.372143656015396,-0.0378390550613403,-0.0703004226088524,-0.0588945969939232,0.408576637506485,-0.0588950850069523,0.408575862646103,-0.0378390550613403,-0.0703004226088524,0.367054909467697,0.372150063514709,-0.0378399640321732,-0.0702972114086151,-0.0378390587866306,-0.070300430059433,-0.0588945969939232,0.408576637506485,-0.0378399603068829,-0.0702972039580345,0.367053359746933,0.372149407863617
8.49339962005615,0.366860449314117,0.37205371260643,-0.0378142856061459,-0.0703025087714195,-0.0585648566484451,0.408631771802902,-0.0378151796758175,-0.0702992752194405,-0.0378142893314362,-0.0703025162220001,0.366858780384064,0.372053116559982,-0.0378151759505272,-0.0702992826700211,-0.0585641711950302,0.408632576465607,-0.0585648566484451,0.408631771802902,-0.0378151796758175,-0.0702992752194405,0.366858512163162,0.372059494256973,-0.0378160811960697,-0.0702960640192032,-0.0378151834011078,-0.0702992975711823,-0.0585641674697399,0.408632546663284,-0.0378160811960697,-0.0702960640192032,0.366856843233109,0.372058838605881
8.49400043487549,0.366663783788681,0.37196347117424,-0.0377904176712036,-0.0703013762831688,-0.0582343600690365,0.408687323331833,-0.0377912819385529,-0.0702981427311897,-0.0377904213964939,-0.0703013688325882,0.366662114858627,0.37196284532547,-0.0377912782132626,-0.0702981427311897,-0.058233480900526,0.40868815779686,-0.0582343600690365,0.408687323331833,-0.0377912819385529,-0.0702981427311897,0.366661936044693,0.371969223022461,-0.0377921797335148,-0.0702949240803719,-0.0377912856638432,-0.0702981501817703,-0.058233480900526,0.40868815779686,-0.0377921797335148,-0.0702949240803719,0.366660267114639,0.371968626976013
8.49460029602051,0.36646693944931,0.371873557567596,-0.0377665311098099,-0.0703002437949181,-0.057903416454792,0.408742606639862,-0.0377674251794815,-0.070297010242939,-0.0377665683627129,-0.0703002437949181,0.366465270519257,0.371872901916504,-0.0377674214541912,-0.0702970176935196,-0.0579029284417629,0.408743321895599,-0.057903416454792,0.408742606639862,-0.0377674251794815,-0.070297010242939,0.366465091705322,0.371879309415817,-0.037768330425024,-0.0702937915921211,-0.0377674289047718,-0.0702970251441002,-0.0579029247164726,0.408743292093277,-0.037768330425024,-0.0702937915921211,0.366463422775269,0.371878653764725
8.49520015716553,0.366269886493683,0.371783852577209,-0.0377426892518997,-0.0702991187572479,-0.0575725957751274,0.408797413110733,-0.0377435497939587,-0.0702959001064301,-0.0377426892518997,-0.0702991262078285,0.366268247365952,0.371783286333084,-0.0377435460686684,-0.0702958926558495,-0.057571716606617,0.40879824757576,-0.0575725957751274,0.408797413110733,-0.0377435497939587,-0.0702959001064301,0.36626809835434,0.371789664030075,-0.0377444513142109,-0.0702926740050316,-0.037743553519249,-0.0702959001064301,-0.057571716606617,0.40879824757576,-0.0377444513142109,-0.0702926740050316,0.366266429424286,0.371789038181305
8.49580001831055,0.366072565317154,0.371694624423981,-0.0377188213169575,-0.0702980160713196,-0.0572413317859173,0.408852010965347,-0.0377197153866291,-0.0702947750687599,-0.0377188250422478,-0.0702980235219002,0.366070985794067,0.371693998575211,-0.0377197116613388,-0.0702947750687599,-0.0572408325970173,0.408852726221085,-0.0572413317859173,0.408852010965347,-0.0377197153866291,-0.0702947750687599,0.366070836782455,0.371700435876846,-0.0377205833792686,-0.070291556417942,-0.0377197191119194,-0.0702947825193405,-0.0572408325970173,0.408852726221085,-0.0377205833792686,-0.070291556417942,0.366069138050079,0.371699720621109
8.49639987945557,0.365875124931335,0.371605694293976,-0.0376950018107891,-0.07029689848423,-0.056910190731287,0.408906191587448,-0.0376958586275578,-0.0702936798334122,-0.0376950055360794,-0.0702969059348106,0.365873485803604,0.371605038642883,-0.0376958549022675,-0.0702936723828316,-0.0569094978272915,0.408906936645508,-0.056910190731287,0.408906191587448,-0.0376958586275578,-0.0702936798334122,0.365873336791992,0.371611475944519,-0.03769676014781,-0.0702904462814331,-0.0376958623528481,-0.0702936872839928,-0.0569094978272915,0.408906936645508,-0.03769676014781,-0.0702904462814331,0.365871638059616,0.371610760688782
8.49699974060059,0.365677446126938,0.371516972780228,-0.0376711562275887,-0.0702958106994629,-0.0565785989165306,0.408960044384003,-0.0376720167696476,-0.0702925771474838,-0.037671159952879,-0.0702958181500435,0.365675806999207,0.371516406536102,-0.0376720130443573,-0.0702925696969032,-0.0565781034529209,0.408960789442062,-0.0565785989165306,0.408960044384003,-0.0376720167696476,-0.0702925771474838,0.365675628185272,0.371522784233093,-0.0376729145646095,-0.0702893510460854,-0.0376720204949379,-0.0702925845980644,-0.0565781034529209,0.408960789442062,-0.0376729145646095,-0.0702893510460854,0.365674078464508,0.371522128582001
8.49759960174561,0.365479588508606,0.371428668498993,-0.0376473218202591,-0.0702947154641151,-0.0562469400465488,0.409013539552689,-0.037648182362318,-0.0702914968132973,-0.0376473292708397,-0.0702947303652763,0.365477949380875,0.371428042650223,-0.0376481786370277,-0.0702914893627167,-0.0562464483082294,0.409014254808426,-0.0562469400465488,0.409013539552689,-0.037648182362318,-0.0702914968132973,0.365477800369263,0.371434420347214,-0.03764908015728,-0.0702882632613182,-0.0376481860876083,-0.0702915042638779,-0.0562464483082294,0.409014254808426,-0.03764908015728,-0.0702882632613182,0.365476131439209,0.371433794498444
8.49820041656494,0.365281492471695,0.37134063243866,-0.0376235023140907,-0.0702936425805092,-0.0559152252972126,0.409066677093506,-0.0376243963837624,-0.0702904015779495,-0.0376235395669937,-0.0702936425805092,0.365279883146286,0.371340066194534,-0.0376243591308594,-0.0702904090285301,-0.0559145361185074,0.409067451953888,-0.0559152252972126,0.409066677093506,-0.0376243963837624,-0.0702904015779495,0.365279704332352,0.371346414089203,-0.0376252569258213,-0.0702871829271317,-0.03762436658144,-0.0702904239296913,-0.0559145323932171,0.409067422151566,-0.037625253200531,-0.0702871754765511,0.365278035402298,0.371345788240433
8.49880027770996,0.365083247423172,0.371252924203873,-0.037599690258503,-0.0702925771474838,-0.0555832572281361,0.409119486808777,-0.0376005806028843,-0.0702893286943436,-0.0375997275114059,-0.0702925771474838,0.365081518888474,0.37125238776207,-0.0376005433499813,-0.0702893286943436,-0.0555827543139458,0.409120231866837,-0.0555832572281361,0.409119486808777,-0.0376005806028843,-0.0702893286943436,0.365081459283829,0.371258765459061,-0.0376014448702335,-0.0702861025929451,-0.0376005508005619,-0.0702893435955048,-0.0555827543139458,0.409120231866837,-0.0376014411449432,-0.0702860951423645,0.365079760551453,0.371258080005646
8.49940013885498,0.364884704351425,0.371165603399277,-0.0375758931040764,-0.0702915117144585,-0.055251020938158,0.409171938896179,-0.0375767797231674,-0.0702882632613182,-0.0375759303569794,-0.0702915117144585,0.364883095026016,0.371164977550507,-0.0375767461955547,-0.0702882707118988,-0.0552505291998386,0.409172713756561,-0.055251020938158,0.409171938896179,-0.0375767797231674,-0.0702882632613182,0.364882975816727,0.371171414852142,-0.0375776439905167,-0.0702850371599197,-0.037576749920845,-0.0702882781624794,-0.0552505254745483,0.409172683954239,-0.0375776439905167,-0.0702850371599197,0.364881306886673,0.371170789003372
8.5,0.364685982465744,0.371078580617905,-0.0375521034002304,-0.0702904537320137,-0.0549187436699867,0.409224063158035,-0.0375529937446117,-0.0702872201800346,-0.0375521406531334,-0.0702904611825943,0.36468443274498,0.371077984571457,-0.0375529862940311,-0.0702872052788734,-0.0549180544912815,0.409224808216095,-0.0549187436699867,0.409224063158035,-0.0375529937446117,-0.0702872201800346,0.364684224128723,0.37108439207077,-0.0375538505613804,-0.0702839866280556,-0.0375529937446117,-0.0702872201800346,-0.0549180507659912,0.409224778413773,-0.0375538505613804,-0.0702839866280556,0.364682495594025,0.371083676815033
