frequency_ghz,port1_rl_db,port2_rl_db,port3_rl_db,port4_rl_db
2.000000000000000000e+00,5.930367929026576501e-01,5.929828344204307600e-01,5.928784473686328216e-01,5.930035570609958340e-01
2.000299930572509766e+00,5.937124219917675472e-01,5.936585858266623106e-01,5.935541924568512595e-01,5.936803439378888214e-01
2.000600099563598633e+00,5.943921419420766794e-01,5.943390289036396545e-01,5.942337284041825374e-01,5.943605253158865676e-01
2.000900030136108398e+00,5.950753019074418448e-01,5.950224596623813200e-01,5.949173843891840674e-01,5.950435725068445869e-01
2.001199960708618164e+00,5.957622969050209161e-01,5.957091292788606607e-01,5.956046702788351244e-01,5.957307174494403945e-01
2.001499891281127930e+00,5.964524588885418144e-01,5.963995432012800801e-01,5.962942509066871954e-01,5.964219071725416210e-01
2.001800060272216797e+00,5.971456569426798477e-01,5.970935051693916362e-01,5.969884447891161683e-01,5.971156915157265210e-01
2.002099990844726562e+00,5.978427993837718279e-01,5.977916270514671560e-01,5.976857073089190120e-01,5.978128760160325017e-01
2.002399921417236328e+00,5.985433268780178118e-01,5.984923588011831219e-01,5.983856390011035309e-01,5.985146915631531783e-01
2.002700090408325195e+00,5.992473963347365595e-01,5.991971377602866022e-01,5.990909713289112037e-01,5.992192675690974912e-01
2.003000020980834961e+00,5.999559239171843306e-01,5.999046956096987238e-01,5.997988300019894137e-01,5.999270097893407705e-01
2.003299951553344727e+00,6.006665502737675855e-01,6.006171074691889489e-01,6.005107506121907246e-01,6.006394401741911304e-01
2.003599882125854492e+00,6.013816158166167547e-01,6.013324364320551396e-01,6.012255561162442863e-01,6.013554163392649254e-01
2.003900051116943359e+00,6.021001236995958683e-01,6.020504631456015110e-01,6.019445477426426105e-01,6.020731559870913241e-01
2.004199981689453125e+00,6.028219018485803105e-01,6.027728556027912576e-01,6.026669731264134855e-01,6.027969085403103167e-01
2.004499912261962891e+00,6.035479863055982497e-01,6.034992712714313257e-01,6.033920981366849290e-01,6.035219002467002714e-01
2.004800081253051758e+00,6.042762961651023668e-01,6.042278793723649954e-01,6.041211523888971868e-01,6.042522193931052499e-01
2.005100011825561523e+00,6.050094089390953833e-01,6.049615798406119405e-01,6.048540880737799386e-01,6.049855973030701106e-01
2.005399942398071289e+00,6.057455921280071598e-01,6.056982735806341056e-01,6.055914679534529776e-01,6.057218809295878970e-01
2.005700111389160156e+00,6.064852804039699841e-01,6.064378141797024391e-01,6.063309720147626036e-01,6.064621602745714490e-01
2.006000041961669922e+00,6.072289826013528291e-01,6.071817317440921791e-01,6.070751164361714025e-01,6.072060219662785974e-01
2.006299972534179688e+00,6.079752103812805508e-01,6.079289699605153752e-01,6.078218802268927634e-01,6.079542963408360867e-01
2.006599903106689453e+00,6.087262557597686863e-01,6.086792917630597932e-01,6.085728091525671735e-01,6.087053141174545434e-01
2.006900072097778320e+00,6.094803120007342701e-01,6.094343044883603344e-01,6.093265664980348495e-01,6.094590591540427482e-01
2.007200002670288086e+00,6.102381035520796360e-01,6.101921836019427170e-01,6.100851497570671800e-01,6.102176534421872578e-01
2.007499933242797852e+00,6.109989277392133822e-01,6.109533612291855320e-01,6.108461015716089015e-01,6.109796764041516282e-01
2.007800102233886719e+00,6.117638206104085707e-01,6.117193067455671818e-01,6.116119218158153625e-01,6.117454399331215820e-01
2.008100032806396484e+00,6.125322886487741814e-01,6.124889741581920344e-01,6.123800005685654524e-01,6.125151153500548729e-01
2.008399963378906250e+00,6.133033437718242720e-01,6.132604758431333680e-01,6.131530808951467515e-01,6.132876806542855164e-01
2.008699893951416016e+00,6.140801898950303261e-01,6.140370391948823947e-01,6.139284187482394461e-01,6.140635168213413042e-01
2.009000062942504883e+00,6.148597258798962351e-01,6.148162859941901370e-01,6.147075263374398579e-01,6.148432758227149186e-01
2.009299993515014648e+00,6.156424749584238354e-01,6.155993173564514587e-01,6.154904649616436130e-01,6.156265392887130261e-01
2.009599924087524414e+00,6.164288118867546906e-01,6.163856696245478828e-01,6.162786943369997772e-01,6.164137480099292077e-01
2.009900093078613281e+00,6.172193978535097658e-01,6.171764067741372095e-01,6.170686817174654282e-01,6.172043100157390549e-01
2.010200023651123047e+00,6.180132827501167991e-01,6.179710306725343383e-01,6.178629338737977594e-01,6.179991750139669504e-01
2.010499954223632812e+00,6.188102387692755446e-01,6.187686457928407435e-01,6.186594340090377786e-01,6.187978116674749396e-01
2.010799884796142578e+00,6.196108898661940589e-01,6.195700153198447913e-01,6.194604633088341972e-01,6.195983412060458440e-01
2.011100053787231445e+00,6.204156746429744240e-01,6.203753030355849685e-01,6.202658989841828285e-01,6.204042620392868912e-01
2.011399984359741211e+00,6.212248085425698951e-01,6.211836548442263295e-01,6.210741076100557700e-01,6.212130630194290237e-01
2.011699914932250977e+00,6.220359103376208454e-01,6.219962671500952611e-01,6.218864986297311104e-01,6.220249099589110209e-01
2.012000083923339844e+00,6.228513139244021835e-01,6.228113714304712722e-01,6.227026804674952176e-01,6.228406324456913223e-01
2.012300014495849609e+00,6.236704332177956944e-01,6.236314164437338770e-01,6.235222043159175387e-01,6.236617416839720374e-01
2.012599945068359375e+00,6.244929819726794396e-01,6.244544495134032314e-01,6.243452677854159916e-01,6.244846670562546054e-01
2.012900114059448242e+00,6.253195520867296242e-01,6.252807856061910474e-01,6.251721625883375211e-01,6.253117833205761311e-01
2.013200044631958008e+00,6.261507500842321550e-01,6.261121564695749653e-01,6.260023734759543323e-01,6.261434895980311222e-01
2.013499975204467773e+00,6.269839214535900540e-01,6.269458804090423110e-01,6.268371182324712354e-01,6.269770772110678791e-01
2.013799905776977539e+00,6.278213233773224378e-01,6.277837725408468295e-01,6.276749921503910201e-01,6.278155727862942959e-01
2.014100074768066406e+00,6.286631055526614720e-01,6.286247503198354458e-01,6.285159657346722772e-01,6.286574784485333689e-01
2.014400005340576172e+00,6.295071005620136440e-01,6.294707578768944378e-01,6.293607208414253584e-01,6.295030126373677426e-01
2.014699935913085938e+00,6.303569012156816642e-01,6.303191906938570011e-01,6.302101058094401465e-01,6.303525978564912258e-01
2.015000104904174805e+00,6.312087144213631706e-01,6.311717009524291377e-01,6.310622862590677951e-01,6.312054939394956543e-01
2.015300035476684570e+00,6.320652862002817951e-01,6.320284454330669099e-01,6.319188980243939380e-01,6.320611689177815240e-01
2.015599966049194336e+00,6.329242447387107839e-01,6.328883321974697607e-01,6.327787795958588202e-01,6.329225099671085264e-01
2.015899896621704102e+00,6.337877076103443086e-01,6.337524908094012144e-01,6.336422687855054470e-01,6.337854770511943681e-01
2.016200065612792969e+00,6.346548834048910681e-01,6.346197450905508575e-01,6.345096744267384459e-01,6.346534585438927678e-01
2.016499996185302734e+00,6.355250449926675982e-01,6.354909996729845023e-01,6.353802076911091445e-01,6.355251488633272272e-01
2.016799926757812500e+00,6.364005483886190362e-01,6.363655768000903157e-01,6.362552516406314584e-01,6.364008853561237133e-01
2.017100095748901367e+00,6.372792853787744294e-01,6.372441265645627517e-01,6.371337557907247318e-01,6.372788634559150012e-01
2.017400026321411133e+00,6.381611570709587733e-01,6.381259667756306042e-01,6.380161387559439845e-01,6.381613620893628047e-01
2.017699956893920898e+00,6.390459139698655422e-01,6.390124853266594407e-01,6.389022864119167089e-01,6.390478911190720090e-01
2.017999887466430664e+00,6.399363469523022818e-01,6.399028913989903700e-01,6.397917757172867370e-01,6.399386175432492108e-01
2.018300056457519531e+00,6.408288550840661735e-01,6.407962199736573217e-01,6.406857275765294180e-01,6.408325241055417010e-01
2.018599987030029297e+00,6.417263210676765750e-01,6.416934532106104427e-01,6.415827246645333659e-01,6.417305956863404992e-01
2.018899917602539062e+00,6.426260925460614004e-01,6.425945865956317338e-01,6.424834732947702909e-01,6.426319455679873061e-01
2.019200086593627930e+00,6.435315978101570078e-01,6.434998650445650226e-01,6.433885037937565610e-01,6.435371825507490984e-01
2.019500017166137695e+00,6.444395712044393987e-01,6.444089338199977535e-01,6.442971402373285361e-01,6.444460442218724605e-01
2.019799947738647461e+00,6.453517149776655248e-01,6.453209569896107833e-01,6.452096745669128053e-01,6.453582019819841253e-01
2.020100116729736328e+00,6.462681288122157364e-01,6.462364929468742414e-01,6.461257931404718047e-01,6.462751967130319075e-01
2.020400047302246094e+00,6.471875276129746002e-01,6.471575998720252576e-01,6.470451315571402739e-01,6.471961365711943470e-01
2.020699977874755859e+00,6.481116738068970484e-01,6.480808655228553761e-01,6.479696054479031631e-01,6.481203096779057926e-01
2.020999908447265625e+00,6.490389446160006459e-01,6.490089724414828121e-01,6.488970348307820935e-01,6.490477719172753623e-01
2.021300077438354492e+00,6.499693231980473440e-01,6.499409214733802287e-01,6.498284644486793660e-01,6.499802540394163941e-01
2.021600008010864258e+00,6.509048066493070550e-01,6.508760513449751706e-01,6.507639226033056223e-01,6.509152659069459279e-01
2.021899938583374023e+00,6.518436570885448589e-01,6.518145117132563282e-01,6.517029661765119108e-01,6.518553681014120915e-01
2.022200107574462891e+00,6.527864686841993169e-01,6.527575163795468205e-01,6.526466510881002714e-01,6.527989140841333748e-01
2.022500038146972656e+00,6.537326567055461446e-01,6.537051940947333772e-01,6.535930327725987254e-01,6.537455617000442754e-01
2.022799968719482422e+00,6.546832796589358017e-01,6.546557824074983323e-01,6.545436951383296620e-01,6.546972258605122663e-01
2.023099899291992188e+00,6.556378423000819300e-01,6.556107798173045342e-01,6.554986468792893817e-01,6.556522336814594176e-01
2.023400068283081055e+00,6.565962208142193113e-01,6.565688356610123178e-01,6.564564905482692669e-01,6.566107075807791071e-01
2.023699998855590820e+00,6.575577968517916094e-01,6.575312318271148149e-01,6.574192972600095830e-01,6.575730540227262555e-01
2.023999929428100586e+00,6.585244706130028991e-01,6.584967845422929900e-01,6.583852338689524242e-01,6.585400253403208559e-01
2.024300098419189453e+00,6.594944366834618599e-01,6.594677888322980630e-01,6.593552561793275535e-01,6.595108700788632206e-01
2.024600028991699219e+00,6.604680807649647711e-01,6.604426623475407876e-01,6.603285676841526008e-01,6.604850847253662671e-01
2.024899959564208984e+00,6.614457092430769958e-01,6.614204781315538018e-01,6.613069143530168059e-01,6.614642353593656043e-01
2.025199890136718750e+00,6.624274810978793004e-01,6.624020546097163509e-01,6.622884604470418157e-01,6.624456021962545904e-01
2.025500059127807617e+00,6.634135917985518605e-01,6.633877641364916977e-01,6.632740215061865285e-01,6.634324395077448866e-01
2.025799989700317383e+00,6.644028994334385541e-01,6.643778106858778676e-01,6.642647021797392082e-01,6.644225198126210152e-01
2.026099920272827148e+00,6.653964160804493044e-01,6.653717368180146474e-01,6.652585408981492865e-01,6.654159033239704923e-01
2.026400089263916016e+00,6.663942450053779165e-01,6.663696884512870788e-01,6.662559087032150495e-01,6.664148371519501568e-01
2.026700019836425781e+00,6.673953698950162439e-01,6.673714205869061278e-01,6.672578143799212658e-01,6.674168610762944986e-01
2.026999950408935547e+00,6.684011733537721378e-01,6.683773872929367199e-01,6.682631550187938529e-01,6.684227857381452864e-01
2.027299880981445312e+00,6.694103510200827278e-01,6.693871751688360572e-01,6.692732434498818161e-01,6.694335285897925480e-01
2.027600049972534180e+00,6.704240156627250258e-01,6.704009958180521256e-01,6.702870857614746658e-01,6.704478262210372685e-01
2.027899980545043945e+00,6.714414395538244040e-01,6.714184450329394593e-01,6.713046079402602562e-01,6.714659507281245387e-01
2.028199911117553711e+00,6.724632638710780208e-01,6.724404964280955577e-01,6.723266222160648731e-01,6.724879974867663535e-01
2.028500080108642578e+00,6.734882461962211631e-01,6.734666172106105186e-01,6.733523254385465062e-01,6.735144300272120077e-01
2.028800010681152344e+00,6.745186655399998399e-01,6.744963689856218192e-01,6.743818220929059803e-01,6.745442966992485356e-01
2.029099941253662109e+00,6.755517142729103863e-01,6.755305285531542081e-01,6.754158373861272047e-01,6.755790193904720464e-01
2.029400110244750977e+00,6.765897978361395948e-01,6.765689753207836388e-01,6.764538456454128879e-01,6.766170224088318141e-01
2.029700040817260742e+00,6.776312603806917689e-01,6.776110635578914687e-01,6.774963621792916557e-01,6.776600314936116476e-01
2.029999971389770508e+00,6.786777892937168044e-01,6.786577302357392760e-01,6.785424011012768375e-01,6.787061683744955998e-01
2.030299901962280273e+00,6.797273409915360887e-01,6.797077174004674260e-01,6.795922967674778992e-01,6.797566477941664465e-01
2.030600070953369141e+00,6.807815888396341331e-01,6.807626283843637438e-01,6.806466994321364039e-01,6.808122558019593651e-01
2.030900001525878906e+00,6.818398364263861255e-01,6.818209668493686593e-01,6.817055399925698866e-01,6.818712167676542757e-01
2.031199932098388672e+00,6.829031317807554569e-01,6.828834749274443894e-01,6.827680559361338775e-01,6.829335630557998860e-01
2.031500101089477539e+00,6.839694522546231337e-01,6.839506272382084306e-01,6.838350524023288912e-01,6.840013510070547254e-01
2.031800031661987305e+00,6.850394199006847318e-01,6.850220294042335123e-01,6.849059454263255464e-01,6.850728321869709037e-01
2.032099962234497070e+00,6.861142634392003448e-01,6.860982481124799914e-01,6.859810758686045729e-01,6.861484645379916092e-01
2.032399892807006836e+00,6.871940618500831377e-01,6.871770268327068720e-01,6.870610117706570374e-01,6.872283605937922202e-01
2.032700061798095703e+00,6.882778095681976183e-01,6.882602264470190079e-01,6.881447078449552945e-01,6.883122346754734222e-01
2.032999992370605469e+00,6.893658031018380372e-01,6.893481999711414954e-01,6.892318883022061637e-01,6.894006259196987507e-01
2.033299922943115234e+00,6.904568170232326940e-01,6.904411787016377922e-01,6.903244194333293393e-01,6.904923873176302962e-01
2.033600091934204102e+00,6.915530398666305256e-01,6.915365374689735889e-01,6.914201611057451125e-01,6.915900286774092631e-01
2.033900022506713867e+00,6.926534354213441658e-01,6.926380683917228165e-01,6.925208648410521306e-01,6.926908399942472983e-01
2.034199953079223633e+00,6.937575224110531513e-01,6.937429832134521801e-01,6.936250813751455579e-01,6.937956945431480449e-01
2.034499883651733398e+00,6.948660139423092907e-01,6.948523056356448180e-01,6.947343318877957641e-01,6.949060619312619203e-01
2.034800052642822266e+00,6.959799629739322757e-01,6.959653250655483125e-01,6.958478310604697681e-01,6.960196312695571264e-01
2.035099983215332031e+00,6.970970801311898724e-01,6.970839290958863455e-01,6.969652921018900660e-01,6.971370850481837245e-01
2.035399913787841797e+00,6.982195216723616760e-01,6.982048025163655192e-01,6.980871998402780054e-01,6.982601862543014182e-01
2.035700082778930664e+00,6.993447908745911157e-01,6.993319706680265480e-01,6.992138178121947156e-01,6.993868041571034144e-01
2.036000013351440430e+00,7.004757296682022627e-01,7.004627896559662004e-01,7.003444127984547185e-01,7.005175935989836900e-01
2.036299943923950195e+00,7.016108499387890829e-01,7.015975606404861731e-01,7.014794878971498671e-01,7.016530480820594162e-01
2.036600112915039062e+00,7.027497657053201063e-01,7.027373203049755990e-01,7.026185042663480873e-01,7.027927703462660824e-01
2.036900043487548828e+00,7.038936550124605951e-01,7.038813303626368922e-01,7.037630409815959220e-01,7.039366853243260724e-01
2.037199974060058594e+00,7.050410450630020254e-01,7.050303443086967103e-01,7.049103978196581410e-01,7.050857555407664679e-01
2.037499904632568359e+00,7.061932029136892552e-01,7.061830616770231606e-01,7.060629458675351522e-01,7.062384278474189703e-01
2.037800073623657227e+00,7.073503458673713329e-01,7.073399024257055467e-01,7.072204883635795358e-01,7.073964020589612600e-01
2.038100004196166992e+00,7.085114157860690209e-01,7.085018055184545416e-01,7.083816901152294454e-01,7.085579304012995516e-01
2.038399934768676758e+00,7.096776688099221131e-01,7.096674035673865566e-01,7.095476567966808590e-01,7.097251116276335203e-01
2.038700103759765625e+00,7.108481853802743888e-01,7.108381121598956742e-01,7.107179527485467663e-01,7.108956964622910046e-01
2.039000034332275391e+00,7.120223477198186490e-01,7.120128808070048665e-01,7.118928129238076830e-01,7.120713845067710990e-01
2.039299964904785156e+00,7.132012673129017877e-01,7.131921750448177999e-01,7.130725070478076688e-01,7.132505765098530182e-01
2.039599895477294922e+00,7.143851772307635573e-01,7.143763203448260102e-01,7.142560719819556203e-01,7.144357212781713429e-01
2.039900064468383789e+00,7.155739590727254740e-01,7.155653530343086821e-01,7.154445986594226703e-01,7.156249809778496562e-01
2.040199995040893555e+00,7.167667538281441431e-01,7.167590387165944099e-01,7.166385648841520073e-01,7.168178683591330813e-01
2.040499925613403320e+00,7.179633773181217649e-01,7.179571367688175609e-01,7.178355089072181450e-01,7.180159516202809789e-01
2.040800094604492188e+00,7.191657264015112183e-01,7.191596855722691695e-01,7.190375769521989424e-01,7.192191860002541404e-01
2.041100025177001953e+00,7.203728147667710635e-01,7.203658741455614134e-01,7.202448306662043720e-01,7.204254878123184103e-01
2.041399955749511719e+00,7.215838386346552502e-01,7.215784486689992283e-01,7.214557381175554784e-01,7.216379771320580172e-01
2.041699886322021484e+00,7.228004910706362640e-01,7.227945405449200944e-01,7.226724293043006453e-01,7.228546676294658191e-01
2.042000055313110352e+00,7.240205350173647414e-01,7.240150799668730874e-01,7.238929206567958907e-01,7.240756096717679835e-01
2.042299985885620117e+00,7.252450842193711722e-01,7.252408728118976411e-01,7.251181587769756076e-01,7.253015297992732036e-01
2.042599916458129883e+00,7.264750092114634628e-01,7.264717651878082050e-01,7.263481940789774383e-01,7.265318553189079598e-01
2.042900085449218750e+00,7.277094749738822754e-01,7.277068651696325663e-01,7.275828745635617434e-01,7.277676894212479208e-01
2.043200016021728516e+00,7.289488512056909730e-01,7.289454050018260300e-01,7.288229989214954907e-01,7.290067964254663968e-01
2.043499946594238281e+00,7.301932527599143130e-01,7.301907505154721090e-01,7.300666631512907623e-01,7.302521400027550680e-01
2.043800115585327148e+00,7.314418291042166231e-01,7.314395111231430935e-01,7.313155192795738335e-01,7.315020521346218274e-01
2.044100046157836914e+00,7.326954165836143673e-01,7.326929015671302947e-01,7.325688042261944144e-01,7.327553576023906334e-01
2.044399976730346680e+00,7.339543428584562879e-01,7.339528362577890652e-01,7.338279936657761127e-01,7.340152505032682129e-01
2.044699907302856445e+00,7.352174348159513650e-01,7.352156154191947790e-01,7.350913349022882848e-01,7.352786549430028185e-01
2.045000076293945312e+00,7.364858517268855209e-01,7.364841991827696388e-01,7.363599967415550562e-01,7.365473093815501082e-01
2.045300006866455078e+00,7.377574236528837703e-01,7.377572274277476305e-01,7.376324478667910522e-01,7.378202378924892946e-01
2.045599937438964844e+00,7.390355472457997843e-01,7.390361644997827106e-01,7.389107992613384024e-01,7.390992584520954534e-01
2.045900106430053711e+00,7.403179382345932424e-01,7.403189869353374863e-01,7.401930103013711904e-01,7.403826427027944135e-01
2.046200037002563477e+00,7.416060339753418607e-01,7.416060996539570738e-01,7.414806705767861272e-01,7.416698819272282694e-01
2.046499967575073242e+00,7.428979127934238758e-01,7.428993363245541826e-01,7.427733109429762726e-01,7.429630628557815086e-01
2.046799898147583008e+00,7.441954114263983344e-01,7.441970788238534418e-01,7.440709907070280904e-01,7.442615024205361252e-01
2.047100067138671875e+00,7.454972549541721838e-01,7.454999888354175708e-01,7.453733051593686154e-01,7.455643773997551182e-01
2.047399997711181641e+00,7.468050925088248748e-01,7.468079347458967954e-01,7.466807221214775137e-01,7.468722998303463090e-01
2.047699928283691406e+00,7.481162178521795214e-01,7.481206999946139469e-01,7.479933321774288046e-01,7.481856054894066022e-01
2.048000097274780273e+00,7.494344580187013438e-01,7.494372573463153886e-01,7.493111493782879107e-01,7.495034886478603164e-01
2.048300027847290039e+00,7.507560555705958816e-01,7.507603701471022850e-01,7.506330816853556964e-01,7.508254005603716141e-01
2.048599958419799805e+00,7.520836017230190240e-01,7.520882390594901823e-01,7.519608637720840427e-01,7.521538476984278576e-01
2.048899888992309570e+00,7.534158472382994631e-01,7.534207485433561668e-01,7.532934224966379988e-01,7.534869620720557881e-01
2.049200057983398438e+00,7.547528865619902438e-01,7.547587494170768796e-01,7.546314111310469253e-01,7.548249171747054564e-01
2.049499988555908203e+00,7.560958871044813900e-01,7.561027148875659742e-01,7.559741661814871616e-01,7.561689278089857025e-01
2.049799919128417969e+00,7.574434111579598783e-01,7.574504358230400580e-01,7.573217869830156657e-01,7.575165040171696340e-01
2.050100088119506836e+00,7.587962122330034198e-01,7.588042710073914510e-01,7.586755486560036177e-01,7.588696836888255692e-01
2.050400018692016602e+00,7.601539613042760379e-01,7.601623287098447923e-01,7.600325210705426437e-01,7.602285492754239371e-01
2.050699949264526367e+00,7.615172570013167830e-01,7.615265472685801562e-01,7.613960977621165860e-01,7.615926992697291675e-01
2.051000118255615234e+00,7.628863314798116635e-01,7.628951202450153790e-01,7.627653427802063568e-01,7.629619769227320436e-01
2.051300048828125000e+00,7.642596648021167116e-01,7.642689463816441098e-01,7.641378937204762467e-01,7.643362509748675704e-01
2.051599979400634766e+00,7.656381096486096771e-01,7.656488488396105963e-01,7.655178882480480063e-01,7.657156425616142847e-01
2.051899909973144531e+00,7.670228500839824104e-01,7.670326580606851019e-01,7.669022524091897441e-01,7.671006064044717521e-01
2.052200078964233398e+00,7.684127240846450047e-01,7.684227935142133870e-01,7.682913059165721315e-01,7.684908148465074973e-01
2.052500009536743164e+00,7.698064446459382815e-01,7.698176294658599650e-01,7.696864800012646057e-01,7.698860754469428747e-01
2.052799940109252930e+00,7.712055136222623064e-01,7.712185717999698875e-01,7.710857836563478340e-01,7.712866469278480963e-01
2.053100109100341797e+00,7.726114385218901814e-01,7.726242788088928393e-01,7.724915331797479467e-01,7.726923279428918878e-01
2.053400039672851562e+00,7.740225623933066901e-01,7.740357814392930802e-01,7.739041918590869873e-01,7.741039051091267442e-01
2.053699970245361328e+00,7.754383886073874521e-01,7.754520417562698054e-01,7.753191900908475986e-01,7.755206673897314662e-01
2.053999900817871094e+00,7.768599606528497903e-01,7.768740647252663223e-01,7.767411558337387056e-01,7.769432700076693843e-01
2.054300069808959961e+00,7.782871589835117510e-01,7.783007673320619935e-01,7.781679857242790321e-01,7.783710715598517460e-01
2.054600000381469727e+00,7.797193628458123360e-01,7.797340962767509431e-01,7.796012266172323013e-01,7.798038807913860726e-01
2.054899930953979492e+00,7.811576701608735629e-01,7.811732239084792084e-01,7.810398267923399640e-01,7.812430425855526606e-01
2.055200099945068359e+00,7.826001464658154383e-01,7.826172676379250515e-01,7.824832098247509471e-01,7.826859207090631765e-01
2.055500030517578125e+00,7.840496648302706095e-01,7.840665242641796651e-01,7.839325588707286574e-01,7.841357985274921560e-01
2.055799961090087891e+00,7.855034995590710611e-01,7.855213638772831075e-01,7.853865827562832580e-01,7.855917176959791304e-01
2.056099891662597656e+00,7.869632951235692175e-01,7.869821661003959523e-01,7.868468381518654020e-01,7.870519631530645821e-01
2.056400060653686523e+00,7.884285565456862210e-01,7.884484458938284535e-01,7.883124346062988508e-01,7.885175449735216668e-01
2.056699991226196289e+00,7.898997299839677355e-01,7.899200601996758664e-01,7.897846041186695754e-01,7.899897228480838862e-01
2.056999921798706055e+00,7.913771365456162554e-01,7.913970774980270129e-01,7.912606780274883400e-01,7.914673780165937256e-01
2.057300090789794922e+00,7.928593494379707618e-01,7.928802601663327287e-01,7.927443918760914698e-01,7.929507232089082480e-01
2.057600021362304688e+00,7.943482453797555687e-01,7.943689149653252457e-01,7.942325023584634325e-01,7.944398356231031633e-01
2.057899951934814453e+00,7.958420568895414604e-01,7.958632558991306505e-01,7.957267337555760101e-01,7.959336602990207954e-01
2.058199882507324219e+00,7.973414028870839942e-01,7.973634502607709340e-01,7.972258637088737165e-01,7.974350757524130140e-01
2.058500051498413086e+00,7.988462432529098711e-01,7.988693547956722263e-01,7.987316233135267618e-01,7.989409953060886416e-01
2.058799982070922852e+00,8.003566824693851833e-01,8.003812809690289409e-01,8.002429460288206231e-01,8.004522930818785964e-01
2.059099912643432617e+00,8.018743913961184910e-01,8.018987756241023890e-01,8.017605963482250520e-01,8.019697683179133341e-01
2.059400081634521484e+00,8.033965871985002671e-01,8.034219840288392422e-01,8.032830457971089633e-01,8.034934311978076948e-01
2.059700012207031250e+00,8.049254275570348893e-01,8.049505370531160331e-01,8.048121909447394362e-01,8.050221155796816186e-01
2.059999942779541016e+00,8.064593271721575141e-01,8.064853361402992693e-01,8.063464028064715183e-01,8.065574927871786981e-01
2.060300111770629883e+00,8.079998378394225300e-01,8.080263929000759404e-01,8.078873141694211668e-01,8.080984813332445782e-01
2.060600042343139648e+00,8.095454920633406992e-01,8.095729387150725209e-01,8.094339570710078480e-01,8.096456761598869178e-01
2.060899972915649414e+00,8.110971743331336636e-01,8.111262252001347761e-01,8.109861863919598512e-01,8.111984163411568582e-01
2.061199903488159180e+00,8.126556978741497073e-01,8.126840985007770524e-01,8.125438859479368059e-01,8.127573602535552721e-01
2.061500072479248047e+00,8.142198948426321303e-01,8.142497348246078293e-01,8.141084424478152171e-01,8.143224910082919044e-01
2.061800003051757812e+00,8.157890791672943731e-01,8.158193315675854596e-01,8.156786410706852175e-01,8.158930843705259894e-01
2.062099933624267578e+00,8.173654906560303690e-01,8.173968918091928382e-01,8.172549812496777699e-01,8.174695253121112559e-01
2.062400102615356445e+00,8.189471004574112589e-01,8.189782800658579331e-01,8.188375439626212060e-01,8.190520448671281262e-01
2.062700033187866211e+00,8.205359759641327466e-01,8.205681687860389983e-01,8.204257168685934465e-01,8.206413885257426433e-01
2.062999963760375977e+00,8.221292416196540609e-01,8.221624914992903266e-01,8.220206536297625100e-01,8.222357643192683696e-01
2.063299894332885742e+00,8.237306216399709058e-01,8.237635869817345746e-01,8.236212156824782582e-01,8.238380693126734489e-01
2.063600063323974609e+00,8.253364067271615756e-01,8.253710294945864057e-01,8.252279752392854828e-01,8.254442139946325252e-01
2.063899993896484375e+00,8.269488473058593803e-01,8.269840163578430214e-01,8.268408489953942286e-01,8.270577685531145251e-01
2.064199924468994141e+00,8.285675343098543033e-01,8.286037263110203055e-01,8.284606596303955017e-01,8.286775119550614521e-01
2.064500093460083008e+00,8.301936745230071857e-01,8.302295482402710647e-01,8.300859007306518045e-01,8.303038535212176052e-01
2.064800024032592773e+00,8.318247309189765737e-01,8.318611426160958944e-01,8.317173929094314744e-01,8.319354193919915597e-01
2.065099954605102539e+00,8.334625589706978754e-01,8.334999952345147900e-01,8.333551430513057579e-01,8.335749917228083561e-01
2.065399885177612305e+00,8.351054783683259375e-01,8.351439116039766075e-01,8.349995776071371667e-01,8.352189114457986285e-01
2.065700054168701172e+00,8.367561422152791639e-01,8.367951938622698593e-01,8.366496856110867686e-01,8.368699882887320474e-01
2.065999984741210938e+00,8.384125849245561701e-01,8.384525990335038870e-01,8.383070272444825832e-01,8.385273896303701013e-01
2.066299915313720703e+00,8.400756518430869679e-01,8.401162179007753972e-01,8.399706394576845758e-01,8.401909919758243639e-01
2.066600084304809570e+00,8.417443237792823219e-01,8.417858583092697744e-01,8.416403403536059091e-01,8.418612538345938701e-01
2.066900014877319336e+00,8.434202718467640469e-01,8.434628738800358239e-01,8.433168157272259435e-01,8.435383684263979553e-01
2.067199945449829102e+00,8.451024411930201374e-01,8.451455568135241014e-01,8.449988114178119680e-01,8.452208046659491769e-01
2.067500114440917969e+00,8.467923719382643988e-01,8.468354267988297268e-01,8.466880444643809511e-01,8.469108162109956206e-01
2.067800045013427734e+00,8.484867806311628957e-01,8.485308655561262237e-01,8.483830949163760904e-01,8.486061942355100918e-01
2.068099975585937500e+00,8.501884979006495424e-01,8.502329268585422373e-01,8.500851423486276426e-01,8.503095023676011666e-01
2.068399906158447266e+00,8.518967956313960865e-01,8.519423352999332399e-01,8.517939346732070760e-01,8.520188328030273706e-01
2.068700075149536133e+00,8.536111701898723148e-01,8.536580385906733515e-01,8.535093649872915744e-01,8.537342754884230667e-01
2.069000005722045898e+00,8.553334020785849923e-01,8.553807315998813721e-01,8.552315400664844969e-01,8.554570745695952994e-01
2.069299936294555664e+00,8.570612970104757311e-01,8.571094056443516740e-01,8.569599131545658777e-01,8.571858607341897862e-01
2.069600105285644531e+00,8.587967746253801771e-01,8.588444001280343132e-01,8.586958055369677822e-01,8.589218510417261365e-01
2.069900035858154297e+00,8.605371582242924422e-01,8.605877331136189134e-01,8.604367855813749300e-01,8.606640108875442952e-01
2.070199966430664062e+00,8.622859405009570821e-01,8.623364088786934500e-01,8.621854821635182020e-01,8.624132083364027812e-01
2.070499897003173828e+00,8.640414026331189046e-01,8.640922863549526101e-01,8.639407778477985467e-01,8.641692568599018687e-01
2.070800065994262695e+00,8.658022412577721649e-01,8.658548195449095042e-01,8.657033357540473428e-01,8.659315541097263313e-01
2.071099996566772461e+00,8.675708837559061859e-01,8.676238467298300616e-01,8.674719270922279790e-01,8.677007311235068743e-01
2.071399927139282227e+00,8.693459201457144347e-01,8.693996075686742930e-01,8.692487436780111931e-01,8.694768498674020352e-01
2.071700096130371094e+00,8.711281984027728909e-01,8.711823454963285585e-01,8.710308671364997979e-01,8.712602803381050975e-01
2.072000026702880859e+00,8.729164212110258614e-01,8.729729568464229539e-01,8.728208166872635232e-01,8.730507888084760859e-01
2.072299957275390625e+00,8.747135343924127282e-01,8.747698449926397668e-01,8.746166437615555678e-01,8.748470914521105923e-01
2.072599887847900391e+00,8.765164914960122955e-01,8.765727854778421202e-01,8.764193990316306859e-01,8.766510925650737862e-01
2.072900056838989258e+00,8.783265349415346757e-01,8.783839929565244731e-01,8.782301599650620405e-01,8.784623570805141224e-01
2.073199987411499023e+00,8.801429256040316229e-01,8.802011405260077304e-01,8.800478138118483784e-01,8.802798952916399688e-01
2.073499917984008789e+00,8.819671511952369425e-01,8.820269252313335251e-01,8.818725000510627687e-01,8.821045957515262215e-01
2.073800086975097656e+00,8.837983863554239594e-01,8.838580491902112701e-01,8.837029942338829880e-01,8.839370225693825578e-01
2.074100017547607422e+00,8.856365100936414159e-01,8.856968131112645803e-01,8.855423694750188535e-01,8.857760919050737813e-01
2.074399948120117188e+00,8.874810757372720849e-01,8.875430916105554457e-01,8.873880577565111949e-01,8.876224379281043575e-01
2.074700117111206055e+00,8.893338299357661514e-01,8.893963735344335708e-01,8.892412973105880969e-01,8.894750567168298039e-01
2.075000047683715820e+00,8.911933187062979211e-01,8.912566279728617591e-01,8.911010016882346951e-01,8.913357678186812905e-01
2.075299978256225586e+00,8.930600277856376445e-01,8.931237375970868531e-01,8.929680138597946293e-01,8.932034946269424847e-01
2.075599908828735352e+00,8.949333711428076876e-01,8.949989764362652478e-01,8.948420878868185158e-01,8.950780871617585177e-01
2.075900077819824219e+00,8.968150246484989374e-01,8.968805481625794496e-01,8.967242203356891039e-01,8.969607736208579096e-01
2.076200008392333984e+00,8.987033753511399770e-01,8.987702444183330863e-01,8.986125294558745535e-01,8.988503664219870126e-01
2.076499938964843750e+00,9.005992798387834064e-01,9.006665331416485731e-01,9.005102714125479135e-01,9.007467351850166892e-01
2.076800107955932617e+00,9.025031086603543251e-01,9.025716350236862029e-01,9.024129750945153461e-01,9.026516614279195272e-01
2.077100038528442383e+00,9.044120434697577871e-01,9.044828627098540075e-01,9.043236577147399924e-01,9.045629692610990258e-01
2.077399969100952148e+00,9.063306587612479648e-01,9.064010310441918961e-01,9.062423001560805380e-01,9.064809016997389390e-01
2.077699899673461914e+00,9.082561321476727567e-01,9.083275280253754191e-01,9.081688146304620624e-01,9.084086500037690248e-01
2.078000068664550781e+00,9.101888210734875306e-01,9.102615322566303124e-01,9.101016248125195496e-01,9.103414180837543501e-01
2.078299999237060547e+00,9.121295029505114282e-01,9.122027945120685377e-01,9.120422934952054916e-01,9.122831939926699940e-01
2.078599929809570312e+00,9.140774650492021758e-01,9.141519867214170647e-01,9.139913532248299388e-01,9.142323016945895775e-01
2.078900098800659180e+00,9.160321435398837142e-01,9.161071598359169510e-01,9.159466543219624279e-01,9.161886409703963174e-01
2.079200029373168945e+00,9.179951989226755593e-01,9.180714033023941179e-01,9.179103194909253860e-01,9.181522867842318858e-01
2.079499959945678711e+00,9.199654356373401232e-01,9.200430296297162913e-01,9.198818192518142256e-01,9.201243693241649702e-01
2.079799890518188477e+00,9.219440532179857817e-01,9.220223937748389664e-01,9.218600145471953500e-01,9.221036286270428706e-01
2.080100059509277344e+00,9.239306093802007736e-01,9.240082160963851710e-01,9.238470563039542505e-01,9.240906621013829092e-01
2.080399990081787109e+00,9.259230763329369118e-01,9.260037296169932874e-01,9.258413692018829799e-01,9.260848705716760998e-01
2.080699920654296875e+00,9.279255161793241724e-01,9.280057305890188069e-01,9.278427990884485776e-01,9.280879633047336430e-01
2.081000089645385742e+00,9.299340292710068789e-01,9.300160519264408787e-01,9.298524396490465138e-01,9.300987619336853474e-01
2.081300020217895508e+00,9.319513592092818488e-01,9.320340700216698249e-01,9.318704806476735270e-01,9.321161079147468609e-01
2.081599950790405273e+00,9.339763987301492598e-01,9.340601986378733734e-01,9.338955267243174152e-01,9.341423304099587543e-01
2.081899881362915039e+00,9.360085501408430542e-01,9.360935227860328611e-01,9.359293684755830567e-01,9.361767744582301098e-01
2.082200050354003906e+00,9.380499462805758082e-01,9.381350900484797251e-01,9.379709010911320144e-01,9.382182168508137465e-01
2.082499980926513672e+00,9.400973334883401256e-01,9.401847650452854754e-01,9.400189029029240029e-01,9.402678925766156937e-01
2.082799911499023438e+00,9.421549916150917525e-01,9.422421656017290204e-01,9.420760870280291410e-01,9.423256971396599679e-01
2.083100080490112305e+00,9.442185897921753224e-01,9.443075191585120765e-01,9.441421732941026601e-01,9.443911738760019103e-01
2.083400011062622070e+00,9.462914946605692768e-01,9.463807412050396772e-01,9.462157300372384672e-01,9.464640244412519943e-01
2.083699941635131836e+00,9.483719038833380299e-01,9.484622362936596662e-01,9.482961254322432865e-01,9.485468462689748970e-01
2.084000110626220703e+00,9.504609886689872056e-01,9.505527201047780927e-01,9.503853691777636170e-01,9.506364710725833111e-01
2.084300041198730469e+00,9.525575222230165950e-01,9.526498570092245544e-01,9.524826368426901890e-01,9.527342641910420129e-01
2.084599971771240234e+00,9.546628113494124435e-01,9.547563357306518839e-01,9.545884112000930788e-01,9.548406549951002908e-01
2.084899902343750000e+00,9.567765655805655634e-01,9.568701602141953533e-01,9.567028705902904662e-01,9.569549855194624532e-01
2.085200071334838867e+00,9.588970300121717472e-01,9.589932540589032328e-01,9.588241182653335359e-01,9.590774282464381573e-01
2.085500001907348633e+00,9.610261469486035546e-01,9.611236957820656901e-01,9.609551914135161521e-01,9.612083005708846883e-01
2.085799932479858398e+00,9.631649435632784195e-01,9.632621097076461414e-01,9.630940178003799534e-01,9.633472106522942280e-01
2.086100101470947266e+00,9.653106416823356017e-01,9.654100882543164008e-01,9.652409386766771515e-01,9.654951768648261101e-01
2.086400032043457031e+00,9.674658802212376951e-01,9.675648948388266835e-01,9.673956867862714137e-01,9.676510876733710464e-01
2.086699962615966797e+00,9.696283782368639859e-01,9.697294355043593050e-01,9.695596479313270954e-01,9.698153841993516489e-01
2.086999893188476562e+00,9.718004604778078814e-01,9.719016483799945982e-01,9.717312041713053183e-01,9.719887980004755512e-01
2.087300062179565430e+00,9.739805489452215692e-01,9.740841456809156140e-01,9.739124096223910065e-01,9.741689961051345215e-01
2.087599992752075195e+00,9.761688137015462896e-01,9.762727438949365677e-01,9.761016122399025496e-01,9.763596533343890105e-01
2.087899923324584961e+00,9.783656540069312069e-01,9.784707464696752455e-01,9.782996259946096229e-01,9.785571023171137917e-01
2.088200092315673828e+00,9.805719019114720325e-01,9.806777866995097792e-01,9.805061284689630119e-01,9.807646346245425528e-01
2.088500022888183594e+00,9.827865186012406662e-01,9.828932383604095380e-01,9.827201969563025274e-01,9.829804719545085501e-01
2.088799953460693359e+00,9.850089280216354215e-01,9.851175394074419556e-01,9.849439335184139166e-01,9.852041420158375029e-01
2.089099884033203125e+00,9.872407464661293597e-01,9.873489254487554101e-01,9.871759304433114224e-01,9.874372319868996994e-01
2.089400053024291992e+00,9.894803478666382990e-01,9.895909341186996944e-01,9.894173688884284612e-01,9.896778973217064124e-01
2.089699983596801758e+00,9.917303534583699065e-01,9.918411999498021325e-01,9.916676444592609219e-01,9.919287455322268743e-01
2.089999914169311523e+00,9.939869532737801716e-01,9.940997165214791043e-01,9.939255728055996775e-01,9.941876863848033707e-01
2.090300083160400391e+00,9.962541023230108150e-01,9.963676183486573912e-01,9.961933258932866853e-01,9.964555199979041600e-01
2.090600013732910156e+00,9.985293556812588900e-01,9.986438721172656852e-01,9.984694474328060787e-01,9.987321094236057961e-01
2.090899944305419922e+00,1.000814029916323955e+00,1.000929819322520009e+00,1.000754407955355862e+00,1.001018597294310641e+00
2.091200113296508789e+00,1.003107519543090520e+00,1.003224082953058316e+00,1.003047870593358759e+00,1.003313385600921759e+00
2.091500043869018555e+00,1.005409011114670959e+00,1.005526888611357084e+00,1.005351308992216364e+00,1.005616808440199073e+00
2.091799974441528320e+00,1.007720962506459816e+00,1.007840281503859847e+00,1.007662952648329835e+00,1.007928853062971752e+00
2.092099905014038086e+00,1.010041082926800060e+00,1.010161230124863252e+00,1.009984332088431858e+00,1.010250797878613049e+00
2.092400074005126953e+00,1.012370363930033212e+00,1.012491909053753636e+00,1.012315004255849749e+00,1.012582101794128775e+00
2.092700004577636719e+00,1.014709467526398345e+00,1.014830714466450123e+00,1.014653219456810085e+00,1.014921281065944925e+00
2.092999935150146484e+00,1.017056636469072739e+00,1.017180420844528754e+00,1.017002346887023734e+00,1.017270994417865282e+00
2.093300104141235352e+00,1.019414164010850499e+00,1.019538814256517822e+00,1.019359539855003050e+00,1.019628537634192256e+00
2.093600034713745117e+00,1.021780313022038644e+00,1.021905210345259940e+00,1.021726958453032408e+00,1.021996051089073099e+00
2.093899965286254883e+00,1.024155599793684868e+00,1.024282369853342534e+00,1.024103019204211984e+00,1.024372609433925829e+00
2.094199895858764648e+00,1.026539421269436536e+00,1.026667643919924711e+00,1.026488158587910204e+00,1.026759489211250598e+00
2.094500064849853516e+00,1.028934773643199518e+00,1.029062466391725605e+00,1.028882490275793149e+00,1.029154821522606289e+00
2.094799995422363281e+00,1.031336660042608822e+00,1.031467212350861473e+00,1.031287127772904988e+00,1.031558814193280549e+00
2.095099925994873047e+00,1.033750666668192597e+00,1.033880973102693446e+00,1.033700662017162042e+00,1.033974103602894656e+00
2.095400094985961914e+00,1.036171922573144499e+00,1.036304862976401786e+00,1.036123995074545112e+00,1.036397367818669757e+00
2.095700025558471680e+00,1.038603526781279651e+00,1.038737844479444394e+00,1.038556372591825205e+00,1.038830240949355721e+00
2.095999956130981445e+00,1.041045361085984222e+00,1.041180497602355981e+00,1.040998886128642997e+00,1.041273324050413729e+00
2.096299886703491211e+00,1.043495457865712961e+00,1.043632645308910867e+00,1.043450537641467557e+00,1.043725990789483804e+00
2.096600055694580078e+00,1.045956349237848082e+00,1.046094454475643643e+00,1.045911654954731596e+00,1.046187660674897435e+00
2.096899986267089844e+00,1.048427545024359642e+00,1.048566397133025685e+00,1.048382940980213673e+00,1.048658829905495971e+00
2.097199916839599609e+00,1.050906922195454563e+00,1.051046731724870620e+00,1.050863197313855801e+00,1.051140830192241360e+00
2.097500085830688477e+00,1.053395839788051846e+00,1.053537817837040702e+00,1.053353590066766099e+00,1.053631835879225598e+00
2.097800016403198242e+00,1.055896001059398293e+00,1.056037718802428582e+00,1.055854145629284702e+00,1.056132736966639785e+00
2.098099946975708008e+00,1.058405165137072057e+00,1.058549094723473027e+00,1.058364147480768347e+00,1.058643229034110123e+00
2.098400115966796875e+00,1.060924461513440775e+00,1.061069100806899312e+00,1.060883532169423660e+00,1.061164440451132673e+00
2.098700046539306641e+00,1.063453803015799171e+00,1.063599429069580493e+00,1.063413284248827750e+00,1.063693931245188962e+00
2.098999977111816406e+00,1.065991982819525896e+00,1.066138987199737542e+00,1.065952730113198799e+00,1.066234682408600198e+00
2.099299907684326172e+00,1.068540799270183195e+00,1.068688668678960729e+00,1.068503509465017265e+00,1.068785399322449869e+00
2.099600076675415039e+00,1.071100083811258319e+00,1.071248977217075016e+00,1.071063253203295096e+00,1.071346251695480589e+00
2.099900007247924805e+00,1.073668843919254101e+00,1.073819954024686441e+00,1.073632316767379358e+00,1.073916902191845102e+00
2.100199937820434570e+00,1.076247177333850669e+00,1.076399593147742362e+00,1.076213124371737218e+00,1.076496504023960910e+00
2.100500106811523438e+00,1.078836450849691930e+00,1.078990448831483651e+00,1.078802913591075052e+00,1.079087780687290721e+00
2.100800037384033203e+00,1.081436358405205356e+00,1.081591447448023713e+00,1.081402854642728117e+00,1.081688500274166742e+00
2.101099967956542969e+00,1.084046178466604227e+00,1.084202150526926145e+00,1.084013728131161258e+00,1.084299815724436344e+00
2.101399898529052734e+00,1.086666038357766428e+00,1.086822847209312659e+00,1.086633724088080122e+00,1.086922085400577442e+00
2.101700067520141602e+00,1.089296832903856149e+00,1.089454602106141756e+00,1.089264824696016820e+00,1.089552708320100205e+00
2.101999998092651367e+00,1.091937028622926187e+00,1.092096361569496299e+00,1.091907253709741843e+00,1.092195926990819688e+00
2.102299928665161133e+00,1.094588366562899706e+00,1.094748707766658224e+00,1.094558755160059071e+00,1.094847437470431117e+00
2.102600097656250000e+00,1.097249556121832725e+00,1.097411936936175447e+00,1.097221490105899200e+00,1.097511172975314420e+00
2.102900028228759766e+00,1.099921094721405090e+00,1.100085188610762987e+00,1.099893871431111059e+00,1.100184969448496197e+00
2.103199958801269531e+00,1.102603783180666541e+00,1.102768910357990739e+00,1.102578029046695995e+00,1.102869079048599321e+00
2.103499889373779297e+00,1.105297326708694294e+00,1.105463027928599073e+00,1.105271521062238360e+00,1.105564142575905962e+00
2.103800058364868164e+00,1.108001003011263697e+00,1.108168073461194059e+00,1.107976440145818309e+00,1.108269055792699298e+00
2.104099988937377930e+00,1.110714958244865436e+00,1.110883098549622527e+00,1.110691434668063415e+00,1.110985082105043764e+00
2.104399919509887695e+00,1.113440522295092494e+00,1.113610675685913431e+00,1.113417468435995650e+00,1.113712010425604637e+00
2.104700088500976562e+00,1.116175457190344611e+00,1.116347628088120603e+00,1.116154155438433326e+00,1.116450017670531203e+00
2.105000019073486328e+00,1.118922261385205008e+00,1.119095106874097745e+00,1.118902084253730944e+00,1.119197798242713038e+00
2.105299949645996094e+00,1.121680444271661248e+00,1.121853409163428239e+00,1.121660297937380424e+00,1.121957374066606672e+00
2.105600118637084961e+00,1.124447951052211403e+00,1.124624023678448825e+00,1.124429560279387008e+00,1.124727323952329661e+00
2.105900049209594727e+00,1.127227266377810677e+00,1.127404913518440743e+00,1.127209227420607807e+00,1.127507649787226063e+00
2.106199979782104492e+00,1.130018605008664023e+00,1.130196495800052103e+00,1.130001285962567659e+00,1.130299908658017216e+00
2.106499910354614258e+00,1.132819772237745548e+00,1.132999261029441485e+00,1.132803218794142586e+00,1.133103734131480911e+00
2.106800079345703125e+00,1.135632122205531447e+00,1.135812826893215943e+00,1.135616860104583736e+00,1.135917381820573890e+00
2.107100009918212891e+00,1.138455522536025999e+00,1.138637234437251289e+00,1.138440496017514736e+00,1.138742329452384405e+00
2.107399940490722656e+00,1.141290260899585185e+00,1.141473398519070370e+00,1.141276984257541649e+00,1.141579428577224720e+00
2.107700109481811523e+00,1.144136333374101699e+00,1.144321682261860484e+00,1.144124158103005717e+00,1.144427544827293142e+00
2.108000040054321289e+00,1.146993576949528970e+00,1.147180996408614595e+00,1.146982407518258196e+00,1.147287214099029340e+00
2.108299970626831055e+00,1.149862545277057224e+00,1.150051055494681673e+00,1.149852316325012946e+00,1.150157295113892975e+00
2.108599901199340820e+00,1.152743162848182346e+00,1.152931850600743324e+00,1.152733031289076226e+00,1.153039006711621406e+00
2.108900070190429688e+00,1.155634307307638275e+00,1.155824992788826666e+00,1.155625883279061350e+00,1.155932411021222572e+00
2.109200000762939453e+00,1.158537077450210395e+00,1.158729273625360712e+00,1.158529498965384708e+00,1.158836980863690025e+00
2.109499931335449219e+00,1.161451431526474565e+00,1.161644597377025967e+00,1.161444734380994381e+00,1.161753697965204113e+00
2.109800100326538086e+00,1.164376224709736896e+00,1.164571677767827440e+00,1.164371475065320238e+00,1.164680770339174831e+00
2.110100030899047852e+00,1.167314621265278962e+00,1.167510759938855891e+00,1.167310017901582953e+00,1.167620278775707066e+00
2.110399961471557617e+00,1.170264424874460252e+00,1.170461661538540366e+00,1.170260985977237267e+00,1.170571394831062761e+00
2.110699892044067383e+00,1.173225086762233360e+00,1.173423889946420884e+00,1.173222583833467336e+00,1.173534006509364902e+00
2.111000061035156250e+00,1.176197542255789763e+00,1.176398252245272502e+00,1.176196052927193758e+00,1.176508735353527513e+00
2.111299991607666016e+00,1.179182243900302351e+00,1.179384071667120004e+00,1.179181715782093853e+00,1.179494864084668304e+00
2.111599922180175781e+00,1.182178488898643964e+00,1.182382327261414012e+00,1.182178926693515875e+00,1.182493495636943726e+00
2.111900091171264648e+00,1.185186984930794107e+00,1.185390855623298823e+00,1.185187917065248175e+00,1.185503348005968682e+00
2.112200021743774414e+00,1.188207042196284924e+00,1.188413983875775681e+00,1.188209551474674885e+00,1.188525590487011119e+00
2.112499952316284180e+00,1.191239805305960520e+00,1.191447160033495045e+00,1.191242499779262998e+00,1.191560487644571342e+00
2.112799882888793945e+00,1.194283710386681241e+00,1.194493041269962141e+00,1.194288380463149668e+00,1.194606638424517087e+00
2.113100051879882812e+00,1.197340557372673420e+00,1.197550865890910199e+00,1.197345469647266736e+00,1.197664969425340509e+00
2.113399982452392578e+00,1.200409780446215269e+00,1.200620711995217027e+00,1.200415680330233048e+00,1.200736129131300789e+00
2.113699913024902344e+00,1.203489910117595763e+00,1.203703037757161809e+00,1.203497450308295580e+00,1.203818300777365957e+00
2.114000082015991211e+00,1.206583054821195322e+00,1.206798804207301012e+00,1.206592247561460107e+00,1.206913129864574552e+00
2.114300012588500977e+00,1.209688236607657563e+00,1.209905712006666523e+00,1.209698423496639474e+00,1.210020651018745896e+00
2.114599943161010742e+00,1.212807196274674260e+00,1.213024754088709356e+00,1.212817243776523446e+00,1.213140707449364530e+00
2.114900112152099609e+00,1.215936859700876393e+00,1.216156447037164856e+00,1.215948715984353834e+00,1.216272507397357483e+00
2.115200042724609375e+00,1.219079399940004027e+00,1.219301029339025177e+00,1.219093277371436024e+00,1.219417690881890781e+00
2.115499973297119141e+00,1.222235242237548647e+00,1.222457659328410662e+00,1.222248837702417879e+00,1.222575331491131401e+00
2.115799903869628906e+00,1.225403066269353802e+00,1.225627026396543418e+00,1.225418647436642194e+00,1.225745471964939881e+00
2.116100072860717773e+00,1.228582870117725268e+00,1.228809987039612306e+00,1.228599641501290973e+00,1.228927897778910872e+00
2.116400003433227539e+00,1.231777379858147503e+00,1.232003963983654193e+00,1.231793754079813619e+00,1.232123431403133296e+00
2.116699934005737305e+00,1.234982946566482775e+00,1.235212158553543382e+00,1.235001868909550549e+00,1.235331424450969218e+00
2.117000102996826172e+00,1.238202034645735639e+00,1.238432792980663333e+00,1.238222036940118453e+00,1.238552907837610961e+00
2.117300033569335938e+00,1.241434106967396422e+00,1.241666153437316122e+00,1.241454509593370226e+00,1.241786251652339468e+00
2.117599964141845703e+00,1.244677426013989008e+00,1.244911982164605080e+00,1.244700210869363666e+00,1.245033732395888659e+00
2.117899894714355469e+00,1.247936257323198683e+00,1.248171034611638364e+00,1.247960179943446102e+00,1.248293008253431369e+00
2.118200063705444336e+00,1.251207487100819193e+00,1.251443441962827086e+00,1.251231758549433470e+00,1.251565649955931336e+00
2.118499994277954102e+00,1.254491500902823464e+00,1.254729272572436827e+00,1.254516241887939865e+00,1.254852815303002300e+00
2.118799924850463867e+00,1.257788368988490557e+00,1.258027835443591647e+00,1.257814877400438736e+00,1.258151406603685629e+00
2.119100093841552734e+00,1.261098251705092821e+00,1.261340131135132658e+00,1.261126933631207869e+00,1.261464020194209779e+00
2.119400024414062500e+00,1.264421799316599149e+00,1.264666096152120778e+00,1.264450914987398145e+00,1.264789373705015096e+00
2.119699954986572266e+00,1.267759087871451751e+00,1.268004037784338678e+00,1.267789619492596609e+00,1.268128742821661437e+00
2.119999885559082031e+00,1.271109809398452972e+00,1.271356239707966740e+00,1.271140402294827165e+00,1.271481232483591572e+00
2.120300054550170898e+00,1.274473175604839081e+00,1.274721771067456100e+00,1.274505564424992743e+00,1.274847457084131941e+00
2.120599985122680664e+00,1.277850572064240353e+00,1.278100167824274491e+00,1.277884219451486558e+00,1.278227330040251353e+00
2.120899915695190430e+00,1.281241557284455101e+00,1.281492807825064029e+00,1.281275874690427363e+00,1.281619485277375459e+00
2.121200084686279297e+00,1.284646085227263201e+00,1.284898804283243434e+00,1.284681997504271589e+00,1.285026639850011421e+00
2.121500015258789062e+00,1.288063978923976283e+00,1.288318397289762274e+00,1.288101218047404961e+00,1.288447615109523881e+00
2.121799945831298828e+00,1.291496545441731758e+00,1.291752531566418227e+00,1.291534105738786353e+00,1.291880993703945490e+00
2.122100114822387695e+00,1.294941265594785840e+00,1.295199460873989850e+00,1.294981839035195259e+00,1.295329558354127997e+00
2.122400045394897461e+00,1.298401939826223650e+00,1.298661745603214790e+00,1.298442577622149985e+00,1.298791000685346697e+00
2.122699975967407227e+00,1.301875597383963301e+00,1.302136293602409678e+00,1.301917198568193879e+00,1.302267964241479170e+00
2.122999906539916992e+00,1.305363489691344636e+00,1.305626336086029848e+00,1.305405867835159217e+00,1.305756744023465199e+00
2.123300075531005859e+00,1.308865238291446520e+00,1.309129592482073168e+00,1.308909171165850926e+00,1.309260884249036305e+00
2.123600006103515625e+00,1.312380928423346971e+00,1.312646755073234361e+00,1.312426069735043166e+00,1.312779425708511249e+00
2.123899936676025391e+00,1.315911186523004650e+00,1.316178771511045120e+00,1.315957132540055419e+00,1.316311623391077434e+00
2.124200105667114258e+00,1.319455060148365888e+00,1.319725085434458212e+00,1.319502534361601143e+00,1.319858032992558439e+00
2.124500036239624023e+00,1.323014304581991984e+00,1.323284961519648251e+00,1.323062190387685355e+00,1.323419089375115432e+00
2.124799966812133789e+00,1.326586503809567663e+00,1.326860080065979997e+00,1.326636381746960636e+00,1.326995017035844660e+00
2.125099897384643555e+00,1.330173788228008469e+00,1.330448542039051274e+00,1.330224934250125779e+00,1.330583754003307417e+00
2.125400066375732422e+00,1.333776105249222299e+00,1.334052352306366318e+00,1.333828264574247857e+00,1.334189255701133003e+00
2.125699996948242188e+00,1.337391913106819041e+00,1.337670250480318845e+00,1.337446900320349297e+00,1.337806992598529421e+00
2.125999927520751953e+00,1.341023630445288273e+00,1.341304060180441127e+00,1.341078762260057067e+00,1.341441107980925196e+00
2.126300096511840820e+00,1.344669597258898674e+00,1.344951614171392640e+00,1.344726248330124552e+00,1.345089570234543341e+00
2.126600027084350586e+00,1.348331223358019360e+00,1.348614294880558617e+00,1.348388258401830520e+00,1.348753136512353290e+00
2.126899957656860352e+00,1.352006354958675827e+00,1.352291025069741082e+00,1.352064851197827489e+00,1.352430781337387700e+00
2.127199888229370117e+00,1.355696500040630692e+00,1.355983402002632232e+00,1.355756697488530893e+00,1.356123431679020497e+00
2.127500057220458984e+00,1.359401915804044902e+00,1.359691288336684067e+00,1.359463858645661105e+00,1.359831626734762322e+00
2.127799987792968750e+00,1.363121865921208320e+00,1.363412954730533588e+00,1.363185299576980203e+00,1.363554862341901153e+00
2.128099918365478516e+00,1.366857717723169996e+00,1.367150750321902919e+00,1.366921679832175496e+00,1.367292409276340548e+00
2.128400087356567383e+00,1.370608440512749659e+00,1.370903535827499242e+00,1.370674335466463889e+00,1.371046015589462375e+00
2.128700017929077148e+00,1.374374685983156263e+00,1.374671202343301424e+00,1.374441147861181545e+00,1.374814245276148039e+00
2.128999948501586914e+00,1.378156537609953824e+00,1.378454671565609413e+00,1.378223413225164506e+00,1.378598471771719680e+00
2.129300117492675781e+00,1.381952682462581850e+00,1.382252220321253056e+00,1.382021549941685690e+00,1.382397811382405806e+00
2.129600048065185547e+00,1.385765041460579106e+00,1.386066748436575180e+00,1.385835333620588417e+00,1.386211859053215978e+00
2.129899978637695312e+00,1.389593027932193525e+00,1.389896296142170584e+00,1.389664564245766121e+00,1.390042378023863989e+00
2.130199909210205078e+00,1.393435900264268668e+00,1.393741351407329576e+00,1.393509378176462477e+00,1.393887691513182148e+00
2.130500078201293945e+00,1.397294951931644214e+00,1.397601773078074094e+00,1.397369729543166184e+00,1.397749690997029504e+00
2.130800008773803711e+00,1.401170288515566575e+00,1.401478072722150969e+00,1.401245569040077577e+00,1.401626934912814093e+00
2.131099939346313477e+00,1.405060487456022855e+00,1.405371135937941940e+00,1.405137584240965243e+00,1.405520949425367316e+00
2.131400108337402344e+00,1.408966588708105094e+00,1.409279698128735436e+00,1.409045485160618671e+00,1.409429092374208325e+00
2.131700038909912109e+00,1.412889415559123396e+00,1.413203660423486774e+00,1.412969274514887630e+00,1.413354065090615563e+00
2.131999969482421875e+00,1.416827775646147813e+00,1.417144113258223648e+00,1.416909083625367050e+00,1.417295357698182823e+00
2.132299900054931641e+00,1.420782298408102218e+00,1.421101148250891510e+00,1.420865343726703145e+00,1.421252693471525053e+00
2.132600069046020508e+00,1.424753347025415007e+00,1.425072649218674936e+00,1.424837240399859706e+00,1.425225674206282767e+00
2.132899999618530273e+00,1.428739818154033170e+00,1.429062112988978894e+00,1.428825123673252318e+00,1.429216041091316614e+00
2.133199930191040039e+00,1.432742566222067637e+00,1.433067714933575321e+00,1.432829791512723272e+00,1.433222454925610956e+00
2.133500099182128906e+00,1.436762681352001803e+00,1.437089474247332799e+00,1.436851839404138298e+00,1.437244455747238581e+00
2.133800029754638672e+00,1.440799180288412806e+00,1.441127324834756473e+00,1.440889413350293413e+00,1.441283487703154620e+00
2.134099960327148438e+00,1.444852244211440651e+00,1.445181394695826960e+00,1.444943002786699404e+00,1.445338925626554971e+00
2.134399890899658203e+00,1.448920651389609127e+00,1.449253630289792705e+00,1.449013932748799638e+00,1.449410771210054794e+00
2.134700059890747070e+00,1.453007178755974182e+00,1.453342004034843038e+00,1.453101870622700575e+00,1.453499805099639275e+00
2.134999990463256836e+00,1.457110515352994184e+00,1.457446217818565204e+00,1.457206019541998021e+00,1.457604620130700246e+00
2.135299921035766602e+00,1.461230190802467632e+00,1.461567753035089456e+00,1.461327450716152665e+00,1.461728452328374672e+00
2.135600090026855469e+00,1.465366448175606351e+00,1.465707007387113459e+00,1.465465561203888933e+00,1.465867895074153493e+00
2.135900020599365234e+00,1.469520455015672855e+00,1.469863022277400066e+00,1.469620720578014295e+00,1.470024651783352176e+00
2.136199951171875000e+00,1.473692116442538502e+00,1.474034914754907222e+00,1.473792902286326312e+00,1.474198049859125836e+00
2.136499881744384766e+00,1.477879141326996049e+00,1.478225046973076662e+00,1.477981938327829425e+00,1.478388540531039519e+00
2.136800050735473633e+00,1.482084588421507476e+00,1.482433056533777549e+00,1.482188938800151901e+00,1.482596690772508774e+00
2.137099981307983398e+00,1.486307646076887590e+00,1.486657058201926507e+00,1.486412738976606196e+00,1.486823004087479028e+00
2.137399911880493164e+00,1.490547394630093114e+00,1.490899715529436564e+00,1.490654819078666149e+00,1.491064762167277458e+00
2.137700080871582031e+00,1.494804355731721213e+00,1.495158952844924949e+00,1.494913988486096912e+00,1.495325643427895645e+00
2.138000011444091797e+00,1.499079908555793539e+00,1.499436245419371261e+00,1.499190253863333044e+00,1.499602918327689327e+00
2.138299942016601562e+00,1.503372156312896113e+00,1.503731370448128324e+00,1.503484762182693890e+00,1.503899083082911758e+00
2.138600111007690430e+00,1.507682965309415701e+00,1.508043460723991425e+00,1.507796498673193097e+00,1.508212889539914725e+00
2.138900041580200195e+00,1.512011622230402974e+00,1.512374617905239749e+00,1.512126537849680430e+00,1.512543898000068943e+00
2.139199972152709961e+00,1.516358127578634418e+00,1.516722843159011180e+00,1.516474713992164380e+00,1.516893206885030709e+00
2.139499902725219727e+00,1.520721923221801886e+00,1.521089521682429169e+00,1.520840398276892103e+00,1.521260162544710859e+00
2.139800071716308594e+00,1.525105029772826359e+00,1.525474274080192316e+00,1.525224886613133712e+00,1.525646375913343622e+00
2.140100002288818359e+00,1.529505405090799686e+00,1.529875582846882409e+00,1.529626991220045529e+00,1.530049625550753190e+00
2.140399932861328125e+00,1.533923907920750063e+00,1.534297556583540389e+00,1.534046988899389286e+00,1.534471446961849006e+00
2.140700101852416992e+00,1.538360883306506333e+00,1.538736058606022361e+00,1.538486010941657156e+00,1.538911894289259008e+00
2.141000032424926758e+00,1.542815856248928696e+00,1.543194448055203116e+00,1.542942409895730060e+00,1.543369700029291414e+00
2.141299962997436523e+00,1.547290803833057060e+00,1.547670400565883675e+00,1.547418266415297117e+00,1.547847565181164065e+00
2.141599893569946289e+00,1.551782685178352938e+00,1.552164970178165682e+00,1.551912341834669640e+00,1.552343417533872394e+00
2.141900062561035156e+00,1.556294448067337743e+00,1.556678613785736021e+00,1.556425085574860923e+00,1.556857949774482552e+00
2.142199993133544922e+00,1.560824687143026468e+00,1.561210068880262147e+00,1.560957319879574534e+00,1.561390867325460174e+00
2.142499923706054688e+00,1.565373331646730870e+00,1.565761784294960934e+00,1.565506875197977044e+00,1.565942288348101119e+00
2.142800092697143555e+00,1.569941102213147754e+00,1.570331301182212425e+00,1.570076764052512619e+00,1.570513974865177298e+00
2.143100023269653320e+00,1.574528962112114128e+00,1.574921377803763178e+00,1.574665468809053115e+00,1.575104005688315878e+00
2.143399953842163086e+00,1.579134530617561927e+00,1.579529649627475330e+00,1.579273899240013712e+00,1.579713813072882278e+00
2.143699884414672852e+00,1.583759932656402025e+00,1.584156953221125264e+00,1.583900744597343202e+00,1.584341854854977916e+00
2.144000053405761719e+00,1.588404260437295434e+00,1.588803852275253670e+00,1.588546661426412987e+00,1.588990167912657236e+00
2.144299983978271484e+00,1.593068108145186290e+00,1.593470744941012152e+00,1.593211917098539265e+00,1.593657029227171451e+00
2.144599914550781250e+00,1.597751216775648020e+00,1.598156210173793834e+00,1.597897218025619237e+00,1.598343948038185580e+00
2.144900083541870117e+00,1.602454638097534856e+00,1.602861435910722054e+00,1.602602393506331824e+00,1.603049619074201182e+00
2.145200014114379883e+00,1.607177783745574740e+00,1.607586617337666279e+00,1.607326101497552617e+00,1.607776346638996490e+00
2.145499944686889648e+00,1.611919831540176595e+00,1.612332074674529991e+00,1.612070495690002936e+00,1.612522254401346222e+00
2.145800113677978516e+00,1.616682824691230147e+00,1.617095800018038210e+00,1.616834870395060353e+00,1.617288095777189127e+00
2.146100044250488281e+00,1.621465349076279816e+00,1.621880257815365933e+00,1.621619578335051548e+00,1.622073467674808311e+00
2.146399974822998047e+00,1.626267700776349079e+00,1.626685472746551397e+00,1.626422834385060412e+00,1.626879226962710590e+00
2.146699905395507812e+00,1.631090191481240348e+00,1.631510215041451772e+00,1.631248565419214591e+00,1.631705376176056044e+00
2.147000074386596680e+00,1.635932505858790131e+00,1.636355966650211657e+00,1.636091914691193416e+00,1.636551476610207390e+00
2.147300004959106445e+00,1.640796307959899281e+00,1.641221884196498726e+00,1.640957211719568098e+00,1.641418404554979782e+00
2.147599935531616211e+00,1.645678969206939568e+00,1.646107834893346444e+00,1.645842940363285933e+00,1.646304901261214315e+00
2.147900104522705078e+00,1.650583509401417848e+00,1.651013720589061151e+00,1.650748927325146553e+00,1.651212425827148556e+00
2.148200035095214844e+00,1.655507430829473048e+00,1.655940344008277831e+00,1.655675230902247108e+00,1.656141667826908748e+00
2.148499965667724609e+00,1.660453806735365800e+00,1.660889429270808737e+00,1.660621857239495736e+00,1.661090227322611135e+00
2.148799896240234375e+00,1.665419742039026652e+00,1.665857926456121074e+00,1.665590752408480979e+00,1.666060526786536045e+00
2.149100065231323242e+00,1.670407217508416364e+00,1.670847593310688106e+00,1.670579986503037517e+00,1.671050678178382709e+00
2.149399995803833008e+00,1.675415501076208180e+00,1.675857498862225015e+00,1.675590036595094201e+00,1.676062958442083417e+00
2.149699926376342773e+00,1.680445867968574980e+00,1.680890263790666195e+00,1.680620736505136215e+00,1.681095607120700608e+00
2.150000095367431641e+00,1.685495512604182178e+00,1.685943184297037600e+00,1.685673169769207114e+00,1.686149901842611598e+00
2.150300025939941406e+00,1.690568210890081691e+00,1.691016755349836753e+00,1.690747845516962666e+00,1.691225949612255031e+00
2.150599956512451172e+00,1.695660435814988487e+00,1.696113450053332361e+00,1.695842552123805413e+00,1.696322793883865199e+00
2.150899887084960938e+00,1.700776827011114545e+00,1.701230569867461462e+00,1.700959772724085717e+00,1.701441290733760825e+00
2.151200056076049805e+00,1.705912367551283060e+00,1.706370666447719397e+00,1.706098246159894138e+00,1.706582180592969289e+00
2.151499986648559570e+00,1.711070960537400598e+00,1.711530528383755856e+00,1.711258279901102464e+00,1.711744293480000012e+00
2.151799917221069336e+00,1.716251524654205607e+00,1.716713355977166344e+00,1.716440878797205194e+00,1.716927759327286918e+00
2.152100086212158203e+00,1.721454041425614534e+00,1.721918630776877457e+00,1.721645359110612450e+00,1.722134322139211804e+00
2.152400016784667969e+00,1.726678259768003043e+00,1.727145243613039893e+00,1.726871465668271766e+00,1.727362510822806119e+00
2.152699947357177734e+00,1.731924909591949779e+00,1.732394236825469669e+00,1.732119340682857223e+00,1.732612733852650910e+00
2.153000116348266602e+00,1.737192501155181423e+00,1.737665365247474281e+00,1.737389895809292373e+00,1.737884827831374102e+00
2.153300046920776367e+00,1.742483962273962295e+00,1.742958952407913431e+00,1.742682795795098993e+00,1.743179434424249497e+00
2.153599977493286133e+00,1.747797433634533437e+00,1.748275113057809804e+00,1.747998492561433803e+00,1.748497036504714330e+00
2.153899908065795898e+00,1.753133525790668390e+00,1.753614651164994154e+00,1.753336987206317810e+00,1.753837398125554614e+00
2.154200077056884766e+00,1.758492771505816510e+00,1.758975924692599335e+00,1.758697352088889332e+00,1.759199926170554651e+00
2.154500007629394531e+00,1.763874925504181679e+00,1.764360172930810045e+00,1.764081703560430814e+00,1.764585856340199266e+00
2.154799938201904297e+00,1.769279626834695529e+00,1.769767366359559002e+00,1.769488232902706182e+00,1.769993858939239662e+00
2.155100107192993164e+00,1.774707170570553050e+00,1.775197264728567204e+00,1.774918108821263996e+00,1.775426717139834576e+00
2.155400037765502930e+00,1.780157672448682948e+00,1.780651077562428242e+00,1.780369941834138769e+00,1.780880560900767406e+00
2.155699968338012695e+00,1.785632192249564820e+00,1.786128072899121344e+00,1.785847153089645589e+00,1.786358847666533745e+00
2.155999898910522461e+00,1.791129602416018152e+00,1.791628426819635855e+00,1.791346186693468789e+00,1.791859919147775759e+00
2.156300067901611328e+00,1.796650391470995256e+00,1.797151708054798513e+00,1.796869157999486655e+00,1.797386015003332949e+00
2.156599998474121094e+00,1.802195769605755560e+00,1.802699817340306598e+00,1.802416302909143564e+00,1.802934847941627616e+00
2.156899929046630859e+00,1.807763010009079130e+00,1.808269825261828334e+00,1.807986428143641966e+00,1.808506064202960451e+00
2.157200098037719727e+00,1.813355368076156271e+00,1.813865072526613442e+00,1.813581258374355798e+00,1.814102946211039846e+00
2.157500028610229492e+00,1.818971249789038902e+00,1.819483596957938376e+00,1.819198845286442268e+00,1.819723522636040869e+00
2.157799959182739258e+00,1.824612242362757986e+00,1.825127000661303844e+00,1.824841349469596086e+00,1.825368402963380099e+00
2.158099889755249023e+00,1.830276286787914986e+00,1.830794115945746592e+00,1.830508617189376519e+00,1.831036595199756256e+00
2.158400058746337891e+00,1.835965413641726052e+00,1.836485557419651915e+00,1.836199454802633024e+00,1.836729213272294547e+00
2.158699989318847656e+00,1.841678298492992472e+00,1.842201269346508408e+00,1.841913714202717545e+00,1.842446526560630682e+00
2.158999919891357422e+00,1.847415573693942159e+00,1.847942505089537502e+00,1.847653865024620590e+00,1.848188642520846692e+00
2.159300088882446289e+00,1.853177115606015501e+00,1.853706433274094012e+00,1.853418512170208032e+00,1.853955074263276215e+00
2.159600019454956055e+00,1.858964849137030306e+00,1.859497533057016261e+00,1.859207258933073259e+00,1.859746317014853823e+00
2.159899950027465820e+00,1.864776691000863629e+00,1.865311452476001497e+00,1.865022355970445300e+00,1.865561993949819364e+00
2.160200119018554688e+00,1.870613913850189380e+00,1.871150740834688797e+00,1.870861299420565782e+00,1.871404040529745849e+00
2.160500049591064453e+00,1.876475965665437506e+00,1.877016115459597678e+00,1.876725152935284635e+00,1.877270602685754630e+00
2.160799980163574219e+00,1.882363464824402755e+00,1.882905869851525971e+00,1.882614511435596105e+00,1.883161780191349388e+00
2.161099910736083984e+00,1.888276029667711242e+00,1.888822306670459028e+00,1.888529768709946710e+00,1.889078752387240101e+00
2.161400079727172852e+00,1.894214041132614490e+00,1.894762603416143776e+00,1.894470535513006704e+00,1.895023090315197667e+00
2.161700010299682617e+00,1.900178068242481588e+00,1.900730058236226760e+00,1.900437068066587409e+00,1.900990443242939198e+00
2.161999940872192383e+00,1.906167605630928463e+00,1.906723150821434842e+00,1.906428852795451601e+00,1.906984510064469118e+00
2.162300109863281250e+00,1.912183202946888372e+00,1.912741482778427260e+00,1.912446880107374625e+00,1.913004852376516851e+00
2.162600040435791016e+00,1.918225646726307909e+00,1.918785562614385709e+00,1.918489870394488372e+00,1.919051650898860872e+00
2.162899971008300781e+00,1.924292622132270703e+00,1.924856576566932098e+00,1.924560953122508078e+00,1.925123357768800503e+00
2.163199901580810547e+00,1.930386782816735813e+00,1.930953954829734087e+00,1.930657269631982587e+00,1.931221594916828099e+00
2.163500070571899414e+00,1.936507001281553508e+00,1.937077258346755704e+00,1.936779439497361643e+00,1.937346821118284712e+00
2.163800001144409180e+00,1.942653858880726503e+00,1.943227055816234117e+00,1.942928668419046989e+00,1.943498678769854049e+00
2.164099931716918945e+00,1.948827797263960049e+00,1.949404051596388410e+00,1.949103952841764631e+00,1.949677581904732060e+00
2.164400100708007812e+00,1.955027716304915453e+00,1.955607245586255205e+00,1.955306999672060453e+00,1.955882072354188983e+00
2.164700031280517578e+00,1.961255759351480998e+00,1.961837268115371957e+00,1.961537184390523603e+00,1.962114564505825554e+00
2.164999961853027344e+00,1.967509217682515299e+00,1.968093994861602081e+00,1.967793453669233195e+00,1.968374237694213713e+00
2.165299892425537109e+00,1.973791334247567253e+00,1.974379561182306730e+00,1.974077721004591002e+00,1.974660366883472573e+00
2.165600061416625977e+00,1.980100536008112755e+00,1.980691693878799731e+00,1.980389338452601899e+00,1.980973933663319420e+00
2.165899991989135742e+00,1.986435695412076763e+00,1.987030717917173561e+00,1.986728440496689618e+00,1.987315744169775522e+00
2.166199922561645508e+00,1.992800089137732655e+00,1.993398242072447424e+00,1.993094602932431680e+00,1.993683421094460062e+00
2.166500091552734375e+00,1.999192279173052533e+00,1.999792555905559155e+00,1.999488351023015253e+00,2.000080916799921393e+00
2.166800022125244141e+00,2.005611873110874299e+00,2.006215183210051656e+00,2.005910972527261027e+00,2.006504583151923260e+00
2.167099952697753906e+00,2.012058858493376512e+00,2.012664985984368826e+00,2.012360306544344279e+00,2.012957084282374964e+00
2.167399883270263672e+00,2.018534674654100414e+00,2.019143195536083013e+00,2.018838490456687396e+00,2.019437822076866507e+00
2.167700052261352539e+00,2.025039501372779327e+00,2.025650909124546040e+00,2.025345502412564169e+00,2.025947706756859645e+00
2.167999982833862305e+00,2.031571454835334301e+00,2.032186556137968392e+00,2.031879770872115909e+00,2.032483915392011120e+00
2.168299913406372070e+00,2.038131526444791675e+00,2.038750673292315074e+00,2.038443573844156198e+00,2.039050022669296691e+00
2.168600082397460938e+00,2.044720929837372747e+00,2.045343377717683264e+00,2.045034938287786819e+00,2.045644565458607733e+00
2.168900012969970703e+00,2.051339869480609313e+00,2.051964271238893023e+00,2.051657340273564500e+00,2.052268855583688989e+00
2.169199943542480469e+00,2.057986780024610773e+00,2.058615130507635449e+00,2.058306588487146982e+00,2.058921196629424966e+00
2.169500112533569336e+00,2.064663118510524864e+00,2.065294984164998127e+00,2.064986020858260662e+00,2.065603065908758307e+00
2.169800043106079102e+00,2.071369000521802839e+00,2.072004088957714707e+00,2.071693620729329499e+00,2.072314088859025905e+00
2.170099973678588867e+00,2.078104916090390386e+00,2.078742534915038132e+00,2.078431974473242239e+00,2.079054811087507559e+00
2.170399904251098633e+00,2.084868898054105468e+00,2.085511226634734872e+00,2.085199138503218919e+00,2.085824175790398805e+00
2.170700073242187500e+00,2.091663610206782487e+00,2.092308666398809969e+00,2.091996002506109509e+00,2.092624402709940323e+00
2.171000003814697266e+00,2.098488106185408153e+00,2.099136178417069676e+00,2.098822480994364081e+00,2.099453930717317451e+00
2.171299934387207031e+00,2.105342137021917637e+00,2.105992678301339627e+00,2.105680833604938407e+00,2.106313016422898698e+00
2.171600103378295898e+00,2.112226274619542377e+00,2.112881614258431462e+00,2.112567247512414870e+00,2.113203424225224225e+00
2.171900033950805664e+00,2.119141416437355208e+00,2.119798545664139944e+00,2.119484631126228980e+00,2.120123539234144872e+00
2.172199964523315430e+00,2.126085487302176169e+00,2.126747378644229691e+00,2.126432986978410433e+00,2.127074483361325097e+00
2.172499895095825195e+00,2.133061220961050442e+00,2.133726389627210285e+00,2.133411863958780241e+00,2.134056607895488789e+00
2.172800064086914062e+00,2.140068056958051912e+00,2.140735297041138629e+00,2.140419965639763777e+00,2.141066938334017955e+00
2.173099994659423828e+00,2.147105305932442754e+00,2.147777024163205706e+00,2.147459746343107323e+00,2.148110405389061395e+00
2.173399925231933594e+00,2.154173778661468752e+00,2.154848897493509607e+00,2.154531430781536638e+00,2.155184144053935213e+00
2.173700094223022461e+00,2.161273568703572234e+00,2.161952229045128071e+00,2.161633729504462309e+00,2.162289696520342197e+00
2.174000024795532227e+00,2.168404195288998082e+00,2.169086094825302347e+00,2.168766975811208919e+00,2.169426696075944960e+00
2.174299955368041992e+00,2.175566675283091111e+00,2.176251784073767404e+00,2.175932944600295738e+00,2.176595316179463335e+00
2.174599885940551758e+00,2.182761011868369572e+00,2.183448704716338895e+00,2.183128699830603647e+00,2.183794895188873930e+00
2.174900054931640625e+00,2.189987000530813965e+00,2.190678803427232424e+00,2.190359013342528360e+00,2.191025527742358037e+00
2.175199985504150391e+00,2.197244737823816685e+00,2.197940110950877379e+00,2.197619154006444475e+00,2.198290193228773504e+00
2.175499916076660156e+00,2.204535631157320097e+00,2.205234314634805681e+00,2.204911238191978651e+00,2.205585386500477973e+00
2.175800085067749023e+00,2.211856251481815416e+00,2.212559162572588889e+00,2.212236893556526418e+00,2.212914826517422995e+00
2.176100015640258789e+00,2.219211764406848530e+00,2.219916950369084763e+00,2.219594860893891575e+00,2.220275050768774516e+00
2.176399946212768555e+00,2.226599655871925432e+00,2.227308581063533133e+00,2.226984614301112497e+00,2.227668560561438582e+00
2.176700115203857422e+00,2.234018401365750695e+00,2.234731967266198716e+00,2.234407799782733406e+00,2.235095582726363883e+00
2.177000045776367188e+00,2.241472799249038417e+00,2.242188823486345850e+00,2.241864832871279134e+00,2.242553609339431819e+00
2.177299976348876953e+00,2.248958356197673147e+00,2.249678737321023192e+00,2.249353800571139317e+00,2.250046295552498243e+00
2.177599906921386719e+00,2.256478383015942502e+00,2.257200963129845306e+00,2.256876615396787411e+00,2.257572318631067443e+00
2.177900075912475586e+00,2.264032317842127551e+00,2.264757606858870176e+00,2.264432306972831377e+00,2.265130351136077191e+00
2.178200006484985352e+00,2.271618202115885055e+00,2.272349453203040603e+00,2.272021639073449784e+00,2.272724072606302492e+00
2.178499937057495117e+00,2.279238991610434972e+00,2.279972017070645229e+00,2.279644375141859136e+00,2.280350056447767670e+00
2.178800106048583984e+00,2.286892679523038652e+00,2.287629788063054281e+00,2.287302365859456899e+00,2.288010912135619357e+00
2.179100036621093750e+00,2.294581486834483375e+00,2.295322268978108760e+00,2.294993689003804072e+00,2.295705808373736723e+00
2.179399967193603516e+00,2.302303646291864236e+00,2.303048016893485705e+00,2.302719445264583165e+00,2.303434679941680052e+00
2.179699897766113281e+00,2.310059651225222055e+00,2.310808385327471459e+00,2.310479566287557684e+00,2.311197952569761238e+00
2.180000066757202148e+00,2.317852368176601452e+00,2.318603484029118977e+00,2.318275194646314930e+00,2.318996738875359398e+00
2.180299997329711914e+00,2.325678302607315118e+00,2.326434580661842499e+00,2.326104323263596729e+00,2.326829755349754336e+00
2.180599927902221680e+00,2.333540190473640585e+00,2.334300048213883816e+00,2.333969316125435789e+00,2.334697249748303172e+00
2.180900096893310547e+00,2.341436476879650286e+00,2.342200001122669573e+00,2.341867886865007353e+00,2.342600515276326512e+00
2.181200027465820312e+00,2.349368599972189386e+00,2.350134718098296105e+00,2.349803920638232846e+00,2.350539074727283406e+00
2.181499958038330078e+00,2.357336156442889852e+00,2.358106960116670869e+00,2.357773476268938850e+00,2.358513037138377122e+00
2.181799888610839844e+00,2.365340033212722126e+00,2.366113322689900045e+00,2.365780025465234804e+00,2.366522841634639551e+00
2.182100057601928711e+00,2.373377397342308903e+00,2.374156645891179362e+00,2.373821993108164996e+00,2.374569339048598238e+00
2.182399988174438477e+00,2.381453368261390757e+00,2.382235044635470533e+00,2.381900660229669064e+00,2.382649327918233251e+00
2.182699918746948242e+00,2.389564718549992417e+00,2.390349061249549489e+00,2.390014947664883316e+00,2.390767920668432467e+00
2.183000087738037109e+00,2.397711778592255705e+00,2.398500676788823949e+00,2.398165772310709709e+00,2.398921899329283569e+00
2.183300018310546875e+00,2.405894450944247254e+00,2.406689435812960021e+00,2.406351990252144635e+00,2.407113624101433480e+00
2.183599948883056641e+00,2.414117251863065139e+00,2.414912700286489855e+00,2.414576970530161848e+00,2.415340643220411199e+00
2.183900117874145508e+00,2.422374017771898203e+00,2.423174983445053776e+00,2.422837713237179003e+00,2.423605692751237939e+00
2.184200048446655273e+00,2.430669181980788629e+00,2.431473549714952220e+00,2.431135752261135874e+00,2.431907621949471299e+00
2.184499979019165039e+00,2.439001646656389966e+00,2.439809613135326849e+00,2.439471742644479413e+00,2.440247475298881863e+00
2.184799909591674805e+00,2.447370329343576234e+00,2.448181957660530372e+00,2.447843438374087022e+00,2.448623466617452671e+00
2.185100078582763672e+00,2.455777789367569852e+00,2.456592606049364136e+00,2.456254290541646679e+00,2.457037793996182273e+00
2.185400009155273438e+00,2.464222928666345513e+00,2.465042142739942044e+00,2.464702526491413082e+00,2.465490122274624163e+00
2.185699939727783203e+00,2.472705908021166632e+00,2.473528484069421829e+00,2.473189520947435938e+00,2.473979700807496851e+00
2.186000108718872070e+00,2.481227914230172082e+00,2.482053745973638925e+00,2.481713581981744632e+00,2.482508798223466151e+00
2.186300039291381836e+00,2.489787084883974266e+00,2.490616996007567252e+00,2.490276739284859708e+00,2.491075490126474890e+00
2.186599969863891602e+00,2.498385284872897127e+00,2.499219534463629877e+00,2.498878856443470298e+00,2.499681145617679512e+00
2.186899900436401367e+00,2.507022137571706111e+00,2.507861082682880216e+00,2.507520167759405005e+00,2.508325723741062774e+00
2.187200069427490234e+00,2.515698646545095229e+00,2.516541235976023749e+00,2.516199141501588521e+00,2.517009147779454725e+00
2.187500000000000000e+00,2.524414503698751311e+00,2.525260928456341425e+00,2.524918294861836721e+00,2.525732409492743358e+00
2.187799930572509766e+00,2.533168861481089884e+00,2.534019329167519707e+00,2.533676779420917846e+00,2.534495289271191609e+00
2.188100099563598633e+00,2.541963443756732222e+00,2.542818040954175185e+00,2.542474199419697101e+00,2.543297408903471446e+00
2.188400030136108398e+00,2.550797867635173688e+00,2.551656273311301959e+00,2.551312437422073920e+00,2.552138968502038807e+00
2.188699960708618164e+00,2.559672090312330450e+00,2.560533760591149566e+00,2.560190330427818850e+00,2.561021038408012984e+00
2.188999891281127930e+00,2.568586569643978024e+00,2.569452600470300663e+00,2.569108349850512951e+00,2.569942677919635265e+00
2.189300060272216797e+00,2.577542147964322350e+00,2.578411410599505516e+00,2.578066302634520301e+00,2.578906076678920911e+00
2.189599990844726562e+00,2.586537027435289016e+00,2.587410846375675089e+00,2.587066060444454418e+00,2.587908449306445036e+00
2.189899921417236328e+00,2.595573136774352641e+00,2.596451053153501665e+00,2.596105803841614712e+00,2.596952945951257696e+00
2.190200090408325195e+00,2.604650212393132769e+00,2.605531570460565050e+00,2.605186177624607247e+00,2.606039044984404640e+00
2.190500020980834961e+00,2.613769202815555026e+00,2.614654983878761829e+00,2.614307837012430635e+00,2.615164935431005144e+00
2.190799951553344727e+00,2.622928744739491336e+00,2.623818020580030552e+00,2.623471339511660005e+00,2.624332861854931753e+00
2.191099882125854492e+00,2.632129918736532126e+00,2.633023095855077322e+00,2.632676094401985800e+00,2.633542169171898983e+00
2.191400051116943359e+00,2.641373518903916029e+00,2.642270583582722487e+00,2.641922865421863165e+00,2.642793515585485586e+00
2.191699981689453125e+00,2.650659175652755550e+00,2.651560385684397225e+00,2.651212631268432318e+00,2.652086694488403396e+00
2.191999912261962891e+00,2.659986857141067862e+00,2.660892391227498877e+00,2.660543500688458352e+00,2.661422844070491234e+00
2.192300081253051758e+00,2.669357326637626482e+00,2.670265914676566155e+00,2.669917271468313924e+00,2.670800610565395861e+00
2.192600011825561523e+00,2.678770657937435296e+00,2.679684234697918832e+00,2.679334544600916246e+00,2.680223091131983093e+00
2.192899942398071289e+00,2.688225506063250503e+00,2.689142804072609749e+00,2.688793337376215842e+00,2.689687053633583069e+00
2.193200111389160156e+00,2.697724876055392240e+00,2.698645344978402250e+00,2.698295563858220447e+00,2.699194242345177130e+00
2.193500041961669922e+00,2.707266436247459218e+00,2.708191776780214610e+00,2.707842753537794245e+00,2.708744501322397635e+00
2.193799972534179688e+00,2.716851752127733999e+00,2.717781396408510908e+00,2.717430561340039130e+00,2.718338128225974870e+00
2.194099903106689453e+00,2.726480966596547706e+00,2.727415637064081189e+00,2.727064206453382766e+00,2.727975985137280457e+00
2.194400072097778320e+00,2.736154766317567599e+00,2.737092685398984759e+00,2.736741330586148102e+00,2.737657967150599614e+00
2.194700002670288086e+00,2.745872843762231064e+00,2.746814129412704641e+00,2.746461901447668108e+00,2.747383685044566537e+00
2.194999933242797852e+00,2.755634105291907332e+00,2.756580362604801770e+00,2.756228306395760885e+00,2.757154538003590449e+00
2.195300102233886719e+00,2.765440438588833150e+00,2.766391002950112199e+00,2.766038242827605131e+00,2.766970215000775113e+00
2.195600032806396484e+00,2.775292507143119369e+00,2.776245702777970781e+00,2.775893475345978079e+00,2.776829850775057285e+00
2.195899963378906250e+00,2.785187971482861347e+00,2.786147190487933578e+00,2.785794645641693101e+00,2.786735197677788101e+00
2.196199893951416016e+00,2.795131021075357936e+00,2.796092636976999835e+00,2.795739158479165987e+00,2.796685517596747772e+00
2.196500062942504883e+00,2.805117594588822705e+00,2.806084215170633556e+00,2.805731523161258067e+00,2.806682895254071219e+00
2.196799993515014648e+00,2.815150763516973242e+00,2.816122036313103649e+00,2.815767357722890996e+00,2.816724432948482626e+00
2.197099924087524414e+00,2.825230227822728590e+00,2.826205149437787778e+00,2.825850459417934779e+00,2.826812401549894549e+00
2.197400093078613281e+00,2.835356330744503772e+00,2.836335179871900536e+00,2.835980617693233619e+00,2.836947062477630954e+00
2.197700023651123047e+00,2.845527335327184382e+00,2.846510260778250867e+00,2.846155885425257992e+00,2.847127908224673210e+00
2.197999954223632812e+00,2.855745708631144630e+00,2.856733110890056437e+00,2.856377717490854451e+00,2.857356564082613737e+00
2.198299884796142578e+00,2.866011667921986028e+00,2.867003072955247145e+00,2.866648390245460476e+00,2.867630436277182060e+00
2.198600053787231445e+00,2.876324312208038858e+00,2.877319551872431269e+00,2.876963766103051601e+00,2.877952890425769628e+00
2.198899984359741211e+00,2.886683723235182519e+00,2.887684150859904264e+00,2.887327851440722348e+00,2.888322011505619624e+00
2.199199914932250977e+00,2.897092154270574760e+00,2.898095680790370388e+00,2.897739886874489912e+00,2.898738778894839996e+00
2.199500083923339844e+00,2.907547884029187735e+00,2.908556502031611313e+00,2.908199870949735200e+00,2.909204385429538853e+00
2.199800014495849609e+00,2.918050517350020634e+00,2.919063774962705082e+00,2.918706247730622927e+00,2.919716491980104855e+00
2.200099945068359375e+00,2.928603096352588864e+00,2.929620117374423849e+00,2.929262700529152053e+00,2.930278936542702883e+00
2.200400114059448242e+00,2.939204024797724024e+00,2.940225211033947517e+00,2.939867877661596296e+00,2.940889088753798397e+00
2.200700044631958008e+00,2.949854460580359827e+00,2.950878774926055659e+00,2.950520540610016340e+00,2.951547752252579038e+00
2.200999975204467773e+00,2.960552445935207277e+00,2.961582042550425786e+00,2.961223859888813870e+00,2.962256871652768186e+00
2.201299905776977539e+00,2.971300905063298359e+00,2.972333780144585269e+00,2.971976628159751499e+00,2.973014709403067890e+00
2.201600074768066406e+00,2.982098071565683739e+00,2.983135772995402668e+00,2.982778213524750921e+00,2.983822208403728471e+00
2.201900005340576172e+00,2.992946145890975629e+00,2.993986944900011160e+00,2.993630274299625249e+00,2.994679664673811637e+00
2.202199935913085938e+00,3.003842527842551124e+00,3.004888888196794561e+00,3.004530671346981041e+00,3.005586243651976019e+00
2.202500104904174805e+00,3.014792391044900377e+00,3.015841407393012652e+00,3.015483161418856639e+00,3.016545735108720372e+00
2.202800035476684570e+00,3.025790747364295985e+00,3.026844341491598644e+00,3.026486017960043906e+00,3.027553959231787495e+00
2.203099966049194336e+00,3.036838970009871463e+00,3.037897931175639332e+00,3.037539463778732962e+00,3.038612772817051777e+00
2.203399896621704102e+00,3.047940479429110283e+00,3.049003916494433142e+00,3.048643660505423902e+00,3.049724946245380597e+00
2.203700065612792969e+00,3.059093044935532468e+00,3.060159388240473621e+00,3.059800289438117993e+00,3.060885888847903580e+00
2.203999996185302734e+00,3.070295352872698391e+00,3.071366530504267445e+00,3.071007665628196381e+00,3.072099946109911439e+00
2.204299926757812500e+00,3.081551352990802961e+00,3.082627291530933178e+00,3.082266850061948560e+00,3.083365933414194959e+00
2.204600095748901367e+00,3.092858978775758771e+00,3.093939030650281197e+00,3.093578706831014546e+00,3.094685466965464649e+00
2.204900026321411133e+00,3.104219860957602162e+00,3.105303002881898422e+00,3.104943416380898213e+00,3.106054836340439884e+00
2.205199956893920898e+00,3.115633013945790619e+00,3.116720418695089201e+00,3.116360773086237934e+00,3.117477833015644517e+00
2.205499887466430664e+00,3.127098341210778898e+00,3.128189795002258577e+00,3.127829329846429918e+00,3.128954836747483981e+00
2.205800056457519531e+00,3.138617232899491682e+00,3.139714307422381001e+00,3.139353268200153924e+00,3.140485234622229616e+00
2.206099987030029297e+00,3.150189371420769824e+00,3.151290844707199224e+00,3.150929017197731774e+00,3.152067835126534767e+00
2.206399917602539062e+00,3.161815601443154655e+00,3.162920834338905252e+00,3.162560748451394677e+00,3.163705211046591970e+00
2.206700086593627930e+00,3.173497377353435400e+00,3.174605663332336736e+00,3.174243817363857190e+00,3.175396872696520489e+00
2.207000017166137695e+00,3.185231454133098161e+00,3.186345291956198533e+00,3.185982336640592827e+00,3.187142048571297792e+00
2.207299947738647461e+00,3.197020867400651944e+00,3.198137798010833421e+00,3.197776386670793780e+00,3.198942352295808256e+00
2.207600116729736328e+00,3.208865117119792387e+00,3.209987112482359795e+00,3.209624847231888900e+00,3.210796951112067532e+00
2.207900047302246094e+00,3.220763435913931438e+00,3.221889833914596935e+00,3.221529607727986910e+00,3.222707447497897171e+00
2.208199977874755859e+00,3.232719272459326554e+00,3.233849761814374002e+00,3.233487031288636793e+00,3.234672733520944199e+00
2.208499908447265625e+00,3.244729301356377604e+00,3.245863694862014093e+00,3.245501998248169873e+00,3.246694825832492359e+00
2.208800077438354492e+00,3.256795548423883524e+00,3.257934884549445798e+00,3.257573335298624251e+00,3.258772685248123135e+00
2.209100008010864258e+00,3.268918360381750432e+00,3.270061482824903720e+00,3.269698910095520272e+00,3.270906439384345887e+00
2.209399938583374023e+00,3.281098096450435264e+00,3.282244428567591132e+00,3.281883271982018790e+00,3.283097651113019211e+00
2.209700107574462891e+00,3.293333320174749446e+00,3.294485419576211438e+00,3.294122952934315673e+00,3.295344622540185675e+00
2.210000038146972656e+00,3.305626991286832350e+00,3.306783228094414717e+00,3.306421452482689816e+00,3.307649635188441017e+00
2.210299968719482422e+00,3.317977269231658255e+00,3.319138155162722370e+00,3.318775888964686338e+00,3.320013343077381940e+00
2.210599899291992188e+00,3.330387646556911552e+00,3.331550012362552327e+00,3.331186885586054913e+00,3.332432876699502611e+00
2.210900068283081055e+00,3.342853416947116241e+00,3.344021664890752810e+00,3.343659695562720024e+00,3.344910099822785199e+00
2.211199998855590820e+00,3.355378713783490063e+00,3.356549849368283489e+00,3.356187716723442627e+00,3.357447720594930907e+00
2.211499929428100586e+00,3.367961105071444194e+00,3.369138139000885879e+00,3.368774601989776407e+00,3.370042970213266820e+00
2.211800098419189453e+00,3.380603577428777484e+00,3.381783575742515424e+00,3.381421327348183681e+00,3.382697863311936448e+00
2.212100028991699219e+00,3.393305054406576371e+00,3.394489649899283368e+00,3.394127068345726972e+00,3.395410039368694122e+00
2.212399959564208984e+00,3.406067315739696788e+00,3.407255681642230805e+00,3.406892672092892038e+00,3.408183474906163024e+00
2.212699890136718750e+00,3.418887145101125569e+00,3.420080638651890048e+00,3.419717587872696640e+00,3.421015973799365728e+00
2.213000059127807617e+00,3.431768069375242369e+00,3.432964807303270582e+00,3.432603292407634843e+00,3.433908963058283526e+00
2.213299989700317383e+00,3.444709099644617467e+00,3.445910895903223636e+00,3.445548215794164371e+00,3.446863331567691979e+00
2.213599920272827148e+00,3.457711513716563267e+00,3.458917627991372257e+00,3.458553912635389693e+00,3.459877130862261119e+00
2.213900089263916016e+00,3.470774223807250980e+00,3.471984156537081034e+00,3.471621617048064934e+00,3.472952788365159638e+00
2.214200019836425781e+00,3.483899099816874401e+00,3.485113545063945217e+00,3.484751328889515776e+00,3.486090347737668793e+00
2.214499950408935547e+00,3.497086012488040296e+00,3.498305216216835323e+00,3.497940977180289845e+00,3.499289019406393031e+00
2.214799880981445312e+00,3.510333967790060239e+00,3.511557013822497186e+00,3.511194007878442491e+00,3.512549239209253216e+00
2.215100049972534180e+00,3.523645804485164845e+00,3.524872261174267773e+00,3.524508132249958514e+00,3.525873313046379298e+00
2.215399980545043945e+00,3.537017845506441382e+00,3.538247372835094495e+00,3.537885826875220019e+00,3.539258607901766940e+00
2.215699911117553711e+00,3.550454623692035128e+00,3.551687749002338634e+00,3.551326593087697603e+00,3.552707714642857617e+00
2.216000080108642578e+00,3.563953197040278909e+00,3.565192063541407386e+00,3.564829913592875599e+00,3.566219206261118213e+00
2.216300010681152344e+00,3.577517418536612759e+00,3.578758392420721357e+00,3.578395834933546737e+00,3.579795116852695802e+00
2.216599941253662109e+00,3.591143039303916762e+00,3.592388699799787588e+00,3.592027723623253621e+00,3.593434816895721529e+00
2.216900110244750977e+00,3.604834197006120178e+00,3.606084501621436900e+00,3.605722682311339966e+00,3.607139185012610660e+00
2.217200040817260742e+00,3.618589654712821790e+00,3.619845410626654658e+00,3.619482573201334041e+00,3.620907352324146622e+00
2.217499971389770508e+00,3.632411778410886694e+00,3.633668446902738491e+00,3.633306177181145902e+00,3.634741442817214896e+00
2.217799901962280273e+00,3.646296592720000174e+00,3.647558888309730740e+00,3.647196897887659439e+00,3.648640616056337382e+00
2.218100070953369141e+00,3.660247315122073797e+00,3.661515464031380951e+00,3.661152643472505019e+00,3.662605771974436930e+00
2.218400001525878906e+00,3.674265093798708026e+00,3.675536195747250989e+00,3.675174043986384920e+00,3.676636746360989250e+00
2.218699932098388672e+00,3.688349394991792263e+00,3.689624083249513298e+00,3.689261842607179265e+00,3.690733985561822639e+00
2.219000101089477539e+00,3.702498755564693322e+00,3.703777927828719285e+00,3.703414503515459977e+00,3.704897514573813666e+00
2.219300031661987305e+00,3.716716954129026806e+00,3.717998704292877488e+00,3.717636904137188836e+00,3.719128600068545509e+00
2.219599962234497070e+00,3.731000947787161515e+00,3.732287729848687174e+00,3.731925789067512156e+00,3.733426177946797431e+00
2.219899892807006836e+00,3.745353280785533201e+00,3.746643944592688680e+00,3.746282155588104068e+00,3.747791967552594361e+00
2.220200061798095703e+00,3.759772543042927850e+00,3.761067231490323515e+00,3.760704999091279532e+00,3.762224744926654818e+00
2.220499992370605469e+00,3.774262378052781308e+00,3.775559403042306528e+00,3.775197427572191344e+00,3.776727710683955852e+00
2.220799922943115234e+00,3.788817869010320916e+00,3.790120385186142471e+00,3.789758303147498175e+00,3.791298315802669627e+00
2.221100091934204102e+00,3.803444973110237548e+00,3.804750680031716570e+00,3.804388674185383401e+00,3.805938199358134266e+00
2.221400022506713867e+00,3.818140245011281131e+00,3.819449280915634848e+00,3.819087610586432646e+00,3.820648082012779057e+00
2.221699953079223633e+00,3.832906039463944037e+00,3.834218140958393306e+00,3.833856655681131986e+00,3.835426812170251054e+00
2.221999883651733398e+00,3.847740927837108860e+00,3.849057543961067918e+00,3.848696289672079551e+00,3.850277062469085632e+00
2.222300052642822266e+00,3.862646148185505002e+00,3.863966921976277114e+00,3.863605427157978500e+00,3.865196213283297766e+00
2.222599983215332031e+00,3.877623649989112131e+00,3.878947749422372748e+00,3.878586593315792364e+00,3.880187337023675020e+00
2.222899913787841797e+00,3.892670113667535237e+00,3.893999538795118731e+00,3.893637702760595509e+00,3.895250441212357195e+00
2.223200082778930664e+00,3.907790549218407072e+00,3.909121713297179390e+00,3.908760112591143088e+00,3.910384219497142766e+00
2.223500013351440430e+00,3.922980504899083343e+00,3.924318131674016108e+00,3.923956808920534112e+00,3.925588571480743028e+00
2.223799943923950195e+00,3.938245144591739688e+00,3.939584151324968531e+00,3.939222997099452339e+00,3.940867313170210995e+00
2.224100112915039062e+00,3.953581674299748716e+00,3.954924390458872452e+00,3.954564769324156792e+00,3.956219005017487689e+00
2.224400043487548828e+00,3.968990881214585542e+00,3.970337918118910903e+00,3.969976569105763353e+00,3.971644159861975609e+00
2.224699974060058594e+00,3.984473500944182511e+00,3.985823586158041998e+00,3.985462615453414958e+00,3.987140897580436327e+00
2.224999904632568359e+00,4.000029535267241698e+00,4.001383773873525840e+00,4.001023542693951995e+00,4.002712320185039196e+00
2.225300073623657227e+00,4.015661694393135583e+00,4.017018125803518025e+00,4.016657563405152231e+00,4.018358185109047298e+00
2.225600004196166992e+00,4.031366693460427086e+00,4.032728055492235342e+00,4.032366993640820851e+00,4.034078142196150907e+00
2.225899934768676758e+00,4.047146689071794867e+00,4.048511117323592146e+00,4.048152101970043049e+00,4.049874039920395852e+00
2.226200103759765625e+00,4.063003887302351735e+00,4.064370949109402886e+00,4.064010867903686375e+00,4.065744872350279593e+00
2.226500034332275391e+00,4.078934165421057578e+00,4.080306249838429267e+00,4.079947028841454326e+00,4.081691641263827997e+00
2.226799964904785156e+00,4.094942336519794779e+00,4.096316557059508590e+00,4.095957430448438075e+00,4.097714631149065312e+00
2.227099895477294922e+00,4.111026985159574210e+00,4.112404815043974260e+00,4.112044857361380146e+00,4.113816021813876844e+00
2.227400064468383789e+00,4.127187518966809243e+00,4.128570439987248264e+00,4.128209663658740425e+00,4.129990793664227056e+00
2.227699995040893555e+00,4.143425822323122176e+00,4.144812080170709123e+00,4.144451823153102232e+00,4.146246241495203044e+00
2.227999925613403320e+00,4.159741962923890313e+00,4.161131679841012954e+00,4.160771831669006993e+00,4.162579204417104606e+00
2.228300094604492188e+00,4.176137104880447204e+00,4.177528486388365714e+00,4.177169926063768912e+00,4.178988070874922300e+00
2.228600025177001953e+00,4.192610793035997041e+00,4.194006102798700120e+00,4.193645797747932669e+00,4.195478168086706816e+00
2.228899955749511719e+00,4.209162423829118538e+00,4.210561832105108593e+00,4.210203300331388121e+00,4.212045694324019429e+00
2.229199886322021484e+00,4.225794871726233026e+00,4.227195956869572946e+00,4.226837810144928653e+00,4.228693078710380249e+00
2.229500055313110352e+00,4.242506347940725675e+00,4.243910710738296288e+00,4.243552386392563491e+00,4.245420407993857559e+00
2.229799985885620117e+00,4.259296968433654129e+00,4.260705671678310935e+00,4.260345130531604241e+00,4.262228773777266611e+00
2.230099916458129883e+00,4.276169020367677653e+00,4.277581571104451363e+00,4.277222736372275236e+00,4.279116919051928036e+00
2.230400085449218750e+00,4.293123938105692261e+00,4.294538381620340850e+00,4.294178501601350284e+00,4.296086485545652423e+00
2.230700016021728516e+00,4.310156289306071642e+00,4.311574836125956267e+00,4.311215973422374503e+00,4.313137717332535814e+00
2.230999946594238281e+00,4.327273021837411804e+00,4.328695248486748248e+00,4.328336288242113916e+00,4.330271130190958218e+00
2.231300115585327148e+00,4.344473154303222451e+00,4.345897764197470536e+00,4.345539168559864329e+00,4.347486571482257034e+00
2.231600046157836914e+00,4.361755913940017493e+00,4.363182771626986423e+00,4.362823625647417103e+00,4.364785350019026566e+00
2.231899976730346680e+00,4.379120820433511696e+00,4.380550821759847224e+00,4.380192127018909254e+00,4.382166788067226371e+00
2.232199907302856445e+00,4.396569377655378474e+00,4.398002494000281537e+00,4.397644643091263461e+00,4.399632969777209190e+00
2.232500076293945312e+00,4.414102661348263901e+00,4.415539129285468434e+00,4.415181314950230806e+00,4.417183017377039889e+00
2.232800006866455078e+00,4.431719536825352357e+00,4.433159472930704226e+00,4.432802264226917366e+00,4.434816575570468267e+00
2.233099937438964844e+00,4.449423234910737435e+00,4.450864566831038260e+00,4.450507150113408805e+00,4.452537060962251658e+00
2.233400106430053711e+00,4.467211522125154488e+00,4.468655365900479737e+00,4.468297238732196419e+00,4.470342497465455089e+00
2.233700037002563477e+00,4.485084145738157169e+00,4.486531796227598790e+00,4.486173903005781227e+00,4.488232957373604393e+00
2.233999967575073242e+00,4.503045853094142181e+00,4.504496182847378627e+00,4.504137035781043075e+00,4.506209934742570589e+00
2.234299898147583008e+00,4.521093787868395886e+00,4.522545071088664770e+00,4.522187519561220448e+00,4.524275639006646088e+00
2.234600067138671875e+00,4.539226207317386574e+00,4.540682404087801771e+00,4.540324117177515717e+00,4.542427246340216662e+00
2.234899997711181641e+00,4.557450134481682902e+00,4.558906897691255899e+00,4.558549361808730715e+00,4.560666395181765864e+00
2.235199928283691406e+00,4.575760026480636178e+00,4.577219492841083870e+00,4.576862106390969132e+00,4.578994645669843599e+00
2.235500097274780273e+00,4.594158360873992208e+00,4.595621626892630651e+00,4.595262919757729492e+00,4.597411615221704828e+00
2.235800027847290039e+00,4.612647443216579823e+00,4.614112242898401384e+00,4.613754513597561946e+00,4.615917410776206431e+00
2.236099958419799805e+00,4.631224091570035561e+00,4.632691672767777824e+00,4.632335585333525962e+00,4.634512418177384241e+00
2.236399888992309570e+00,4.649892625242740607e+00,4.651362914101934365e+00,4.651004753904014244e+00,4.653200319550901298e+00
2.236700057983398438e+00,4.668652813121572542e+00,4.670124059753325341e+00,4.669766190159224450e+00,4.671974911450450740e+00
2.236999988555908203e+00,4.687501085555406455e+00,4.688976270880218067e+00,4.688618804697065379e+00,4.690843695347130193e+00
2.237299919128417969e+00,4.706443024132404673e+00,4.707919710523475132e+00,4.707561541858328980e+00,4.709802536006452378e+00
2.237600088119506836e+00,4.725477021317175286e+00,4.726954197205198049e+00,4.726596802869503122e+00,4.728855234816982112e+00
2.237900018692016602e+00,4.744602331640307646e+00,4.746083762018823649e+00,4.745725538838819091e+00,4.747998261663941122e+00
2.238199949264526367e+00,4.763821619506090066e+00,4.765304571100587694e+00,4.764945940530006752e+00,4.767236161303443076e+00
2.238500118255615234e+00,4.783133014708345065e+00,4.784618089745486635e+00,4.784259697087590801e+00,4.786566563468237945e+00
2.238800048828125000e+00,4.802539382237124954e+00,4.804026668089520058e+00,4.803668562082613391e+00,4.805992041244512514e+00
2.239099979400634766e+00,4.822040791045260733e+00,4.823530416964267431e+00,4.823171549935459268e+00,4.825511502228758687e+00
2.239399909973144531e+00,4.841636457025366269e+00,4.843127298895394617e+00,4.842769227253167941e+00,4.845124882979303216e+00
2.239700078964233398e+00,4.861327480832875914e+00,4.862821185405445945e+00,4.862463319590176525e+00,4.864837049873481867e+00
2.240000009536743164e+00,4.881115285340544396e+00,4.882610584013499455e+00,4.882252103605741134e+00,4.884642573048981085e+00
2.240299940109252930e+00,4.900999390268835576e+00,4.902496064082986216e+00,4.902138620602348063e+00,4.904545395052900325e+00
2.240600109100341797e+00,4.920981573128631048e+00,4.922480128713684344e+00,4.922119817542557563e+00,4.924545920685162059e+00
2.240900039672851562e+00,4.941060625681067187e+00,4.942559453820821069e+00,4.942202315104767152e+00,4.944644900908338414e+00
2.241199970245361328e+00,4.961237964731746608e+00,4.962739528934604571e+00,4.962380448408090672e+00,4.964840006551304974e+00
2.241499900817871094e+00,4.981515000351938838e+00,4.983016239483385235e+00,4.982656473083720172e+00,4.985136238023763156e+00
2.241800069808959961e+00,5.001888931327547638e+00,5.003392453135403706e+00,5.003032476430454345e+00,5.005530021069839464e+00
2.242100000381469727e+00,5.022363025241482148e+00,5.023870087762123404e+00,5.023508313493855404e+00,5.026024114693398381e+00
2.242399930953979492e+00,5.042938430497113877e+00,5.044445451545328751e+00,5.044085037288973616e+00,5.046618659859507972e+00
2.242700099945068359e+00,5.063614222913331631e+00,5.065122818696481843e+00,5.064762188336561444e+00,5.067314631924718427e+00
2.243000030517578125e+00,5.084392119605601223e+00,5.085901025322161928e+00,5.085541156762146464e+00,5.088111655659851351e+00
2.243299961090087891e+00,5.105271334834945662e+00,5.106781610792038961e+00,5.106421283012930523e+00,5.109009626511639368e+00
2.243599891662597656e+00,5.126254211497361268e+00,5.127764290661692925e+00,5.127402653793645015e+00,5.130011451553429858e+00
2.243900060653686523e+00,5.147337434913017873e+00,5.148849893655388144e+00,5.148488730822746717e+00,5.151116571299489522e+00
2.244199991226196289e+00,5.168526950153885302e+00,5.170040103665932918e+00,5.169677031514398280e+00,5.172323558791863896e+00
2.244499921798706055e+00,5.189818479492096515e+00,5.191334396594116107e+00,5.190970605874550614e+00,5.193638134405547113e+00
2.244800090789794922e+00,5.211217215390214541e+00,5.212732121259787910e+00,5.212368013697652458e+00,5.215054399724385448e+00
2.245100021362304688e+00,5.232718994335367135e+00,5.234236270175691708e+00,5.233871885507367594e+00,5.236578320059903646e+00
2.245399951934814453e+00,5.254327732307437770e+00,5.255843988301660552e+00,5.255482001343409593e+00,5.258205694739404912e+00
2.245699882507324219e+00,5.276043353936858082e+00,5.277560774875630578e+00,5.277195168787516266e+00,5.279941403083593165e+00
2.246000051498413086e+00,5.297863557801777645e+00,5.299382395199840445e+00,5.299017386476880809e+00,5.301785375849217274e+00
2.246299982070922852e+00,5.319794386889916460e+00,5.321312160872881947e+00,5.320947588291318198e+00,5.323735680512116097e+00
2.246599912643432617e+00,5.341831850567121620e+00,5.343351197738313907e+00,5.342985921297348284e+00,5.345792855573632707e+00
2.246900081634521484e+00,5.363979148361486260e+00,5.365498250762134269e+00,5.365131462996473033e+00,5.367961541079175447e+00
2.247200012207031250e+00,5.386236046210858497e+00,5.387754191686112470e+00,5.387387865995788339e+00,5.390237869362111134e+00
2.247499942779541016e+00,5.408601646639100480e+00,5.410121599293935546e+00,5.409753230263008028e+00,5.412624792937692497e+00
2.247800111770629883e+00,5.431078228340523673e+00,5.432597949123534775e+00,5.432230336101182999e+00,5.435122240370723112e+00
2.248100042343139648e+00,5.453667180250645785e+00,5.455185688061375160e+00,5.454815513590215659e+00,5.457730853133931248e+00
2.248399972915649414e+00,5.476366857774312535e+00,5.477886670091342225e+00,5.477515387503663291e+00,5.480453140384723199e+00
2.248699903488159180e+00,5.499178526726014482e+00,5.500698462494684193e+00,5.500328941631776658e+00,5.503284657491239074e+00
2.249000072479248047e+00,5.522102903757012626e+00,5.523623736744025514e+00,5.523252665178949528e+00,5.526232547887738988e+00
2.249300003051757812e+00,5.545144734069333836e+00,5.546662628707900389e+00,5.546289656993330652e+00,5.549291925812857684e+00
2.249599933624267578e+00,5.568297172090615810e+00,5.569814345976265457e+00,5.569442478165781196e+00,5.572467316200939713e+00
2.249900102615356445e+00,5.591564299509571789e+00,5.593081984388351913e+00,5.592710047816943586e+00,5.595758062131234389e+00
2.250200033187866211e+00,5.614948424935640503e+00,5.616467158866313092e+00,5.616090623657221670e+00,5.619161863092255516e+00
2.250499963760375977e+00,5.638448293699308778e+00,5.639966761339122669e+00,5.639589501219352208e+00,5.642684331679769016e+00
2.250799894332885742e+00,5.662064898160376281e+00,5.663582610532927220e+00,5.663204706017994639e+00,5.666322589979601254e+00
2.251100063323974609e+00,5.685801593563769352e+00,5.687317129408490324e+00,5.686938075909892198e+00,5.690080352254378582e+00
2.251399993896484375e+00,5.709653658215293248e+00,5.711167639492299664e+00,5.710789580600072135e+00,5.713953826590216778e+00
2.251699924468994141e+00,5.733626328676264094e+00,5.735138805806902162e+00,5.734758967601779389e+00,5.737947688742267793e+00
2.252000093460083008e+00,5.757716277873089261e+00,5.759229522520529443e+00,5.758847869842683487e+00,5.762061483708876608e+00
2.252300024032592773e+00,5.781927738375333803e+00,5.783438568007271741e+00,5.783056659752680240e+00,5.786295075382112962e+00
2.252599954605102539e+00,5.806260001911978108e+00,5.807770454629376466e+00,5.807388117458593513e+00,5.810647176724149432e+00
2.252899885177612305e+00,5.830714643366250449e+00,5.832223847872167966e+00,5.831837495028233675e+00,5.835125468728289633e+00
2.253200054168701172e+00,5.855291468599235216e+00,5.856796631221158123e+00,5.856411906123849320e+00,5.859723065464191194e+00
2.253499984741210938e+00,5.879989348760004120e+00,5.881494551294574435e+00,5.881107879247705839e+00,5.884443234726343341e+00
2.253799915313720703e+00,5.904811009077752360e+00,5.906316940828148176e+00,5.905926936800729443e+00,5.909287988764199362e+00
2.254100084304809570e+00,5.929758927704414262e+00,5.931260248644379729e+00,5.930870305152071253e+00,5.934257862510484927e+00
2.254400014877319336e+00,5.954829382437544893e+00,5.956329788868157671e+00,5.955937968213723899e+00,5.959352345982718013e+00
2.254699945449829102e+00,5.980028117732068438e+00,5.981526293654090054e+00,5.981133181938074195e+00,5.984570964138962168e+00
2.255000114440917969e+00,6.005351385359569250e+00,6.006847056293366904e+00,6.006452612746592479e+00,6.009918466548560545e+00
2.255300045013427734e+00,6.030801690624802092e+00,6.032296350856920952e+00,6.031898727135191152e+00,6.035391410049390615e+00
2.255599975585937500e+00,6.056380805357484576e+00,6.057870028489970693e+00,6.057473867011907487e+00,6.060994422126219305e+00
2.255899906158447266e+00,6.082088333723256746e+00,6.083576455452313958e+00,6.083176633303196468e+00,6.086722103476148504e+00
2.256200075149536133e+00,6.107923357037673640e+00,6.109410745395581266e+00,6.109008710935236230e+00,6.112582848746027864e+00
2.256500005722045898e+00,6.133890299676044933e+00,6.135373997480896513e+00,6.134971024131743889e+00,6.138571816735963971e+00
2.256799936294555664e+00,6.159987708059974310e+00,6.161469167378709422e+00,6.161062197028948972e+00,6.164692431293005370e+00
2.257100105285644531e+00,6.186216029670075223e+00,6.187695274458564043e+00,6.187287261621645662e+00,6.190942159057232885e+00
2.257400035858154297e+00,6.212576713765749048e+00,6.214052177631771201e+00,6.213643114573454973e+00,6.217326018652421737e+00
2.257699966430664062e+00,6.239070433133544924e+00,6.240543472823661730e+00,6.240131683097390081e+00,6.243843830715557708e+00
2.257999897003173828e+00,6.265697346854981475e+00,6.267166374658886596e+00,6.266751194918795953e+00,6.270494996447113500e+00
2.258300065994262695e+00,6.292459682750676464e+00,6.293925091070784461e+00,6.293509700652808903e+00,6.297279560909707641e+00
2.258599996566772461e+00,6.319355614662185872e+00,6.320818543215560581e+00,6.320399972669378030e+00,6.324200358365042796e+00
2.258899927139282227e+00,6.346388828735124221e+00,6.347847920606208838e+00,6.347427210024002342e+00,6.351258249415349333e+00
2.259200096130371094e+00,6.373558494655874540e+00,6.375013299148150736e+00,6.374591085991639261e+00,6.378449122305577035e+00
2.259500026702880859e+00,6.400865474597409843e+00,6.402316524884641424e+00,6.401891532113421768e+00,6.405780633190319762e+00
2.259799957275390625e+00,6.428312097871855535e+00,6.429759092207746107e+00,6.429331271533179404e+00,6.433250127221894488e+00
2.260099887847900391e+00,6.455896277772980696e+00,6.457339406928416459e+00,6.456908902351483626e+00,6.460858388674832753e+00
2.260400056838989258e+00,6.483620356187460132e+00,6.485059456270536593e+00,6.484626567426884591e+00,6.488606662647432799e+00
2.260699987411499023e+00,6.511486506070587765e+00,6.512920379434143037e+00,6.512484773329484611e+00,6.516497012732914484e+00
2.260999917984008789e+00,6.539493642873464019e+00,6.540922902404053829e+00,6.540485867079054216e+00,6.544526188677069811e+00
2.261300086975097656e+00,6.567642534014374256e+00,6.569065878721085383e+00,6.568625610213381094e+00,6.572699801674249720e+00
2.261600017547607422e+00,6.595934606425021052e+00,6.597354319691360658e+00,6.596910695493603427e+00,6.601016409066421176e+00
2.261899948120117188e+00,6.624370355958114409e+00,6.625784731852225384e+00,6.625339057521387964e+00,6.629475999922424201e+00
2.262200117111206055e+00,6.652950195578064552e+00,6.654360476463243579e+00,6.653910565270138022e+00,6.658080815320746915e+00
2.262500047683715820e+00,6.681676830706390291e+00,6.683081458180160972e+00,6.682629648762611119e+00,6.686830024921656346e+00
2.262799978256225586e+00,6.710551087937978387e+00,6.711949350474172071e+00,6.711493350304164274e+00,6.715727589258811747e+00
2.263099908828735352e+00,6.739570435537359572e+00,6.740964259379738976e+00,6.740504450891128485e+00,6.744772266107748493e+00
2.263400077819824219e+00,6.768741252383858154e+00,6.770126286595631981e+00,6.769664133851724941e+00,6.773964823037019301e+00
2.263700008392333984e+00,6.798054784931265360e+00,6.799438667913007883e+00,6.798972454162733214e+00,6.803307394777360351e+00
2.263999938964843750e+00,6.827523101209392209e+00,6.828899706907351153e+00,6.828429187113227883e+00,6.832799327946820434e+00
2.264300107955932617e+00,6.857141618606120481e+00,6.858510800769286320e+00,6.858038902006862614e+00,6.862440241447292699e+00
2.264600038528442383e+00,6.886911811180139509e+00,6.888274771958664999e+00,6.887796626646119691e+00,6.892234429381025151e+00
2.264899969100952148e+00,6.916834437704176608e+00,6.918190225823313000e+00,6.917708448216801642e+00,6.922180052196273969e+00
2.265199899673461914e+00,6.946908387838014676e+00,6.948259061680345461e+00,6.947773519083528804e+00,6.952280887819187072e+00
2.265500068664550781e+00,6.977138942364740970e+00,6.978480674962032282e+00,6.977992540147313072e+00,6.982534572584616406e+00
2.265799999237060547e+00,7.007523421258071927e+00,7.008858856072159860e+00,7.008365592952113587e+00,7.012945529969897507e+00
2.266099929809570312e+00,7.038064146736444648e+00,7.039392520646990725e+00,7.038895370295992215e+00,7.043509041016900341e+00
2.266400098800659180e+00,7.068760809276449564e+00,7.070082006295431931e+00,7.069580689900945458e+00,7.074231014502104564e+00
2.266700029373168945e+00,7.099616346893322216e+00,7.100929917285345283e+00,7.100424893459161169e+00,7.105111428517611571e+00
2.266999959945678711e+00,7.130631569068357933e+00,7.131936768511724090e+00,7.131426095769658247e+00,7.136148927295860922e+00
2.267299890518188477e+00,7.161805461540292406e+00,7.163102239021482909e+00,7.162587038611104795e+00,7.167349654331544251e+00
2.267600059509277344e+00,7.193139435419143801e+00,7.194428487625344815e+00,7.193908095235810762e+00,7.198707071756223819e+00
2.267899990081787109e+00,7.224635592197574674e+00,7.225915371667603893e+00,7.225391229894597700e+00,7.230227658629826415e+00
2.268199920654296875e+00,7.256293512016656067e+00,7.257565964774860490e+00,7.257036230291165957e+00,7.261910751956075494e+00
2.268500089645385742e+00,7.288116369385400972e+00,7.289377217227135830e+00,7.288844445768205560e+00,7.293758165307365537e+00
2.268800020217895508e+00,7.320100352788571740e+00,7.321355610992999807e+00,7.320815504070958823e+00,7.325768991158794208e+00
2.269099950790405273e+00,7.352252209325339294e+00,7.353497305303369203e+00,7.352952333874066326e+00,7.357943234563744994e+00
2.269399881362915039e+00,7.384570454219728575e+00,7.385805643700003920e+00,7.385255607222802610e+00,7.390285210040116404e+00
2.269700050354003906e+00,7.417054522618164114e+00,7.418280839410908989e+00,7.417724265840707432e+00,7.422794774375543803e+00
2.269999980926513672e+00,7.449708144909457985e+00,7.450923351622988910e+00,7.450362377785086920e+00,7.455472431057417637e+00
2.270299911499023438e+00,7.482529324929979353e+00,7.483736723709650818e+00,7.483168388940855564e+00,7.488319492858680704e+00
2.270600080490112305e+00,7.515520556906870375e+00,7.516717166160864494e+00,7.516144726257510733e+00,7.521335506917091962e+00
2.270900011062622070e+00,7.548683856060016240e+00,7.549870852618996153e+00,7.549291816702532465e+00,7.554524437023784067e+00
2.271199941635131836e+00,7.582020352370111738e+00,7.583194696259573320e+00,7.582610529929153742e+00,7.587883356418203107e+00
2.271500110626220703e+00,7.615528624634477772e+00,7.616692914059769670e+00,7.616101138883932364e+00,7.621416112123799103e+00
2.271800041198730469e+00,7.649211066068126286e+00,7.650365281646457127e+00,7.649765988600808697e+00,7.655123120176532403e+00
2.272099971771240234e+00,7.683067609683908117e+00,7.684210738127964291e+00,7.683605047425446699e+00,7.689004994334719179e+00
2.272399902343750000e+00,7.717101471849634464e+00,7.718234593080425476e+00,7.717620065195846202e+00,7.723064195690147571e+00
2.272700071334838867e+00,7.751312493012290972e+00,7.752431593849724578e+00,7.751814105823807921e+00,7.757298396839233945e+00
2.273000001907348633e+00,7.785700462677281664e+00,7.786809038257046289e+00,7.786183834192677899e+00,7.791714015783609781e+00
2.273299932479858398e+00,7.820268896398664182e+00,7.821364980985511473e+00,7.820732289145313487e+00,7.826305909538920247e+00
2.273600101470947266e+00,7.855017956651707323e+00,7.856101154348960058e+00,7.855461374436913502e+00,7.861079392405274646e+00
2.273900032043457031e+00,7.889947533425262449e+00,7.891018081655087002e+00,7.890370438965921274e+00,7.896033711636483154e+00
2.274199962615966797e+00,7.925059982600766162e+00,7.926116440458920387e+00,7.925462001880644536e+00,7.931170137646582852e+00
2.274499893188476562e+00,7.960355669203593720e+00,7.961397594717702475e+00,7.960736928207423624e+00,7.966490600548061352e+00
2.274800062179565430e+00,7.995835806202067353e+00,7.996864750496990304e+00,7.996195482811395472e+00,8.001993011135116518e+00
2.275099992752075195e+00,8.031499852657637106e+00,8.032517324129155867e+00,8.031837130918640710e+00,8.037683865564160257e+00
2.275399923324584961e+00,8.067350315383153614e+00,8.068355881558945342e+00,8.067667324858643241e+00,8.073559409560433053e+00
2.275700092315673828e+00,8.103390507524736108e+00,8.104381353618789419e+00,8.103684374879319918e+00,8.109622696731888070e+00
2.276000022888183594e+00,8.139619664503911167e+00,8.140593999779543566e+00,8.139889487646396304e+00,8.145874812171294721e+00
2.276299953460693359e+00,8.176037102788509259e+00,8.176996772782992196e+00,8.176283376884011744e+00,8.182316524239180211e+00
2.276599884033203125e+00,8.212645777786770296e+00,8.213590900694390129e+00,8.212867362690737139e+00,8.218949554817676528e+00
2.276900053024291992e+00,8.249450170988497533e+00,8.250375828080825258e+00,8.249645179626989844e+00,8.255776139313846684e+00
2.277199983596801758e+00,8.286440106829944696e+00,8.287358934217561313e+00,8.286612834956217810e+00,8.292793505820306166e+00
2.277499914169311523e+00,8.323628431654467974e+00,8.324528031077523593e+00,8.323775681452440622e+00,8.330007735143334813e+00
2.277800083160400391e+00,8.361012480393492652e+00,8.361893282518563453e+00,8.361133861448303506e+00,8.367413522377088242e+00
2.278100013732910156e+00,8.398594622074362803e+00,8.399458267515786503e+00,8.398688745169078373e+00,8.405012487068903582e+00
2.278399944305419922e+00,8.436370161942587487e+00,8.437219444684348701e+00,8.436436422652509037e+00,8.442813854684924735e+00
2.278700113296508789e+00,8.474347130513592674e+00,8.475176955294140058e+00,8.474383789976968728e+00,8.480815662205552385e+00
2.279000043869018555e+00,8.512521681098201398e+00,8.513336540869524072e+00,8.512532362004002096e+00,8.519012824995357391e+00
2.279299974441528320e+00,8.550897601693295158e+00,8.551693464430467628e+00,8.550880724579570824e+00,8.557413547597196413e+00
2.279599905014038086e+00,8.589474761746670239e+00,8.590254384434873103e+00,8.589430184533194179e+00,8.596013905844472447e+00
2.279900074005126953e+00,8.628256676915528445e+00,8.629017214394705704e+00,8.628181415896644779e+00,8.634819643053315730e+00
2.280200004577636719e+00,8.667243644719066609e+00,8.667984252565704040e+00,8.667136865570700621e+00,8.673826910139958102e+00
2.280499935150146484e+00,8.706434273653512079e+00,8.707155938206508239e+00,8.706295008072538977e+00,8.713040058314211578e+00
2.280800104141235352e+00,8.745832393077069611e+00,8.746535811128516968e+00,8.745661663638189864e+00,8.752460196544578963e+00
2.281100034713745117e+00,8.785437082417242749e+00,8.786120633454263640e+00,8.785235394504841366e+00,8.792087839202460842e+00
2.281399965286254883e+00,8.825250964705471546e+00,8.825913849829341018e+00,8.825016820200517031e+00,8.831924852430091732e+00
2.281699895858764648e+00,8.865273373375305965e+00,8.865918693500100645e+00,8.865008000496866103e+00,8.871971623297707055e+00
2.282000064849853516e+00,8.905508459268798305e+00,8.906132149228611183e+00,8.905209274936344954e+00,8.912226470687610203e+00
2.282299995422363281e+00,8.945956266360132858e+00,8.946558667678605303e+00,8.945621155815569381e+00,8.952694912303977404e+00
2.282599925994873047e+00,8.986617612059628613e+00,8.987197463542075937e+00,8.986248156252493402e+00,8.993378902497573435e+00
2.282900094985961914e+00,9.027491919847937751e+00,9.028050713271435157e+00,9.027087882346869208e+00,9.034274811957249796e+00
2.283200025558471680e+00,9.068583459789955725e+00,9.069119904170761970e+00,9.068140977335641395e+00,9.075385770031180854e+00
2.283499956130981445e+00,9.109889971598008174e+00,9.110404174981029612e+00,9.109412217706317705e+00,9.116715158686606202e+00
2.283799886703491211e+00,9.151415394283720417e+00,9.151906575134788113e+00,9.150900352871415677e+00,9.158260375003250076e+00
2.284100055694580078e+00,9.193160786622240011e+00,9.193628212495005059e+00,9.192606452820175633e+00,9.200025440460514403e+00
2.284399986267089844e+00,9.235126025339793543e+00,9.235570195297302831e+00,9.234532618019791528e+00,9.242012151047545032e+00
2.284699916839599609e+00,9.277313018155453506e+00,9.277732919047540605e+00,9.276681531726591601e+00,9.284217818989136006e+00
2.285000085830688477e+00,9.319721463696255981e+00,9.320118479683067392e+00,9.319048591499708323e+00,9.326645959449029633e+00
2.285300016403198242e+00,9.362355518908357155e+00,9.362724495955978554e+00,9.361641443386236716e+00,9.369298312656406225e+00
2.285599946975708008e+00,9.405212403730427440e+00,9.405557721270238147e+00,9.404458157428264187e+00,9.412176132771284287e+00
2.285900115966796875e+00,9.448296241545005358e+00,9.448616070793455890e+00,9.447498472724042529e+00,9.455279156786808414e+00
2.286200046539306641e+00,9.491606737293096785e+00,9.491900129561381405e+00,9.490764858379019842e+00,9.498608734640088258e+00
2.286499977111816406e+00,9.535147000586274402e+00,9.535413483037604720e+00,9.534262221869742149e+00,9.542164944395288728e+00
2.286799907684326172e+00,9.578915174013717504e+00,9.579155549016835636e+00,9.577984349975208644e+00,9.585951172371098394e+00
2.287100076675415039e+00,9.622914774533548155e+00,9.623125663752503556e+00,9.621938232532555091e+00,9.629968659637599515e+00
2.287400007247924805e+00,9.667145394469942588e+00,9.667329196615103371e+00,9.666123805110274247e+00,9.674216779747133899e+00
2.287699937820434570e+00,9.711609923686317813e+00,9.711762756643585348e+00,9.710539644402967241e+00,9.718698550655286539e+00
2.288000106811523438e+00,9.756307184520084164e+00,9.756432948702357777e+00,9.755189176250022243e+00,9.763410238421828424e+00
2.288300037384033203e+00,9.801237630242550125e+00,9.801337374399176738e+00,9.800072530368584722e+00,9.808361720201812517e+00
2.288599967956542969e+00,9.846406911925305039e+00,9.846474538601965421e+00,9.845192112742040536e+00,9.853544615520473116e+00
2.288899898529052734e+00,9.891811140767208244e+00,9.891849324880784167e+00,9.890545970286833466e+00,9.898966039345744150e+00
2.289200067520141602e+00,9.937455260346904851e+00,9.937462472149569237e+00,9.936139330762781441e+00,9.944625403537045827e+00
2.289499998092651367e+00,9.983338632326594464e+00,9.983315198968389481e+00,9.981969168210770960e+00,9.990522371488857800e+00
2.289799928665161133e+00,1.002946265301724083e+01,1.002940477664806807e+01,1.002804092372714351e+01,1.003665974586954057e+01
2.290100097656250000e+00,1.007582727175354620e+01,1.007573812142374514e+01,1.007435039702130197e+01,1.008303865136135968e+01
2.290400028228759766e+00,1.012243459156338332e+01,1.012231177068410481e+01,1.012090346357649828e+01,1.012965976396736956e+01
2.290699958801269531e+00,1.016928485695519235e+01,1.016912947902100406e+01,1.016769725890623377e+01,1.017652169836047449e+01
2.290999889373779297e+00,1.021637885429140979e+01,1.021619020576207859e+01,1.021473554529714001e+01,1.022362945850640514e+01
2.291300058364868164e+00,1.026372011202773216e+01,1.026349736606138308e+01,1.026201825828983338e+01,1.027098055627023676e+01
2.291599988937377930e+00,1.031130659406324135e+01,1.031104745661923339e+01,1.030954576240603515e+01,1.031857780518044265e+01
2.291899919509887695e+00,1.035913942149638700e+01,1.035884469146285980e+01,1.035731931992253152e+01,1.036642424959213038e+01
2.292200088500976562e+00,1.040722254564580140e+01,1.040689112880327727e+01,1.040533924279602296e+01,1.041451414235779893e+01
2.292500019073486328e+00,1.045555282267634922e+01,1.045518465270671271e+01,1.045360786979851042e+01,1.046285551157742866e+01
2.292799949645996094e+00,1.050413362028641728e+01,1.050372690799546405e+01,1.050212672508004097e+01,1.051144429468820185e+01
2.293100118637084961e+00,1.055296577847857975e+01,1.055252357090660098e+01,1.055089565771959847e+01,1.056028342040486834e+01
2.293400049209594727e+00,1.060204758995148389e+01,1.060156545541293482e+01,1.059991380049214982e+01,1.060937509360854492e+01
2.293699979782104492e+00,1.065138301311636937e+01,1.065086117064465832e+01,1.064918080695989389e+01,1.065871681418541428e+01
2.293999910354614258e+00,1.070097000945856358e+01,1.070041154355292434e+01,1.069870253707639485e+01,1.070831216845461498e+01
2.294300079345703125e+00,1.075081375442210430e+01,1.075021334188173938e+01,1.074847506902641925e+01,1.075816031945454299e+01
2.294600009918212891e+00,1.080090989306185278e+01,1.080026869414996149e+01,1.079850310033440053e+01,1.080826333757154245e+01
2.294899940490722656e+00,1.085126282209033910e+01,1.085057877944732496e+01,1.084878446595561030e+01,1.085861865295672679e+01
2.295200109481811523e+00,1.090187002278130812e+01,1.090114386501439014e+01,1.089932141770241003e+01,1.090923078887084330e+01
2.295500040054321289e+00,1.095273495037911360e+01,1.095196465287112986e+01,1.095011247866207782e+01,1.096009804535300169e+01
2.295799970626831055e+00,1.100385568922473922e+01,1.100304330568946654e+01,1.100116117641828595e+01,1.101122003436574204e+01
2.296099901199340820e+00,1.105523477020843082e+01,1.105437635743592750e+01,1.105246368984296979e+01,1.106260121167096422e+01
2.296400070190429688e+00,1.110687232803043756e+01,1.110596788234607679e+01,1.110402446432485846e+01,1.111423619294449239e+01
2.296700000762939453e+00,1.115876771463315364e+01,1.115782007767797523e+01,1.115584203244910100e+01,1.116613319507860425e+01
2.296999931335449219e+00,1.121092158542166040e+01,1.120992643410775003e+01,1.120791676045580765e+01,1.121828267903438991e+01
2.297300100326538086e+00,1.126333389768901938e+01,1.126229003831710429e+01,1.126025010584616126e+01,1.127069451351167118e+01
2.297600030899047852e+00,1.131600528418638874e+01,1.131491636993255412e+01,1.131284058643163704e+01,1.132336376798773259e+01
2.297899961471557617e+00,1.136893945530708194e+01,1.136780077449559379e+01,1.136568860376288903e+01,1.137628969313467664e+01
2.298199892044067383e+00,1.142212958941459178e+01,1.142094203240881178e+01,1.141879682898114190e+01,1.142947692076696775e+01
2.298500061035156250e+00,1.147558209124051842e+01,1.147434440465319128e+01,1.147216096508504890e+01,1.148292044512715826e+01
2.298799991607666016e+00,1.152929240855960558e+01,1.152800231029110734e+01,1.152578567213091887e+01,1.153662550028158407e+01
2.299099922180175781e+00,1.158326427447713769e+01,1.158192254032029922e+01,1.157966958647778100e+01,1.159058615580236662e+01
2.299400091171264648e+00,1.163749570915443954e+01,1.163610082907715793e+01,1.163380870385336863e+01,1.164480852114735576e+01
2.299700021743774414e+00,1.169198737613723438e+01,1.169053646793413748e+01,1.168820876944306519e+01,1.169928525253873275e+01
2.299999952316284180e+00,1.174673601505726594e+01,1.174523347129574624e+01,1.174286448582998510e+01,1.175402248339111821e+01
