frequency,S11_re,S11_im,S12_re,S12_im,S13_re,S13_im,S14_re,S14_im,S21_re,S21_im,S22_re,S22_im,S23_re,S23_im,S24_re,S24_im,S31_re,S31_im,S32_re,S32_im,S33_re,S33_im,S34_re,S34_im,S41_re,S41_im,S42_re,S42_im,S43_re,S43_im,S44_re,S44_im
7.90000009536743,0.476199984550476,0.504741728305817,0.0461491234600544,-0.0905732065439224,-0.0905030146241188,0.268621414899826,0.0461477972567081,-0.0905717760324478,0.0461491271853447,-0.090573213994503,0.476197570562363,0.504741907119751,0.0461482405662537,-0.0905711650848389,-0.0905019789934158,0.268622606992722,-0.0905030146241188,0.268621414899826,0.046148244291544,-0.0905711725354195,0.476198077201843,0.504745244979858,0.0461468212306499,-0.0905697047710419,0.0461477972567081,-0.0905717685818672,-0.0905019715428352,0.268622577190399,0.046146847307682,-0.0905697122216225,0.47619503736496,0.504744172096252
7.90059995651245,0.476146012544632,0.504571676254272,0.046168576925993,-0.0906039699912071,-0.0903164893388748,0.268700510263443,0.0461672507226467,-0.0906025394797325,0.0461685806512833,-0.0906039774417877,0.476143687963486,0.504571855068207,0.0461676754057407,-0.090601921081543,-0.0903153792023659,0.268701672554016,-0.0903165489435196,0.268700510263443,0.046167679131031,-0.0906019285321236,0.476144075393677,0.504575133323669,0.0461662821471691,-0.0906004756689072,0.0461672730743885,-0.0906025320291519,-0.0903153792023659,0.268701672554016,0.0461662821471691,-0.0906004756689072,0.476141095161438,0.504574120044708
7.90119981765747,0.476091682910919,0.504401803016663,0.0461880154907703,-0.0906347408890724,-0.0901297628879547,0.26877948641777,0.0461866855621338,-0.0906333103775978,0.0461880192160606,-0.0906347408890724,0.476089477539063,0.504401922225952,0.0461871065199375,-0.0906326845288277,-0.0901287272572517,0.268780648708344,-0.0901297703385353,0.26877948641777,0.0461871139705181,-0.0906326994299889,0.476089864969254,0.50440514087677,0.0461857095360756,-0.0906312316656113,0.0461867079138756,-0.0906333029270172,-0.0901287272572517,0.268780648708344,0.0461857132613659,-0.0906312316656113,0.476086854934692,0.504404187202454
7.90180015563965,0.476037263870239,0.504231870174408,0.046207420527935,-0.0906655117869377,-0.0899430364370346,0.268858343362808,0.0462060943245888,-0.0906640738248825,0.0462074242532253,-0.0906655117869377,0.476034969091415,0.504232108592987,0.0462065376341343,-0.0906634479761124,-0.0899418741464615,0.268859535455704,-0.0899430513381958,0.268858373165131,0.0462065227329731,-0.0906634703278542,0.476035475730896,0.504235327243805,0.0462051220238209,-0.090661995112896,0.0462060943245888,-0.0906640738248825,-0.0899418741464615,0.268859535455704,0.0462051257491112,-0.0906620025634766,0.476032495498657,0.504234313964844
7.90240001678467,0.475982666015625,0.504062116146088,0.0462268106639385,-0.0906962752342224,-0.0897559970617294,0.268937140703201,0.046225480735302,-0.0906948447227478,0.0462268143892288,-0.090696282684803,0.475980371236801,0.504062294960022,0.0462259016931057,-0.0906942263245583,-0.0897549018263817,0.268938332796097,-0.08975600451231,0.268937170505524,0.0462259091436863,-0.0906942412257195,0.475980877876282,0.50406551361084,0.0462245047092438,-0.0906927734613419,0.046225480735302,-0.0906948447227478,-0.0897549018263817,0.268938332796097,0.0462245084345341,-0.0906927809119225,0.475977838039398,0.504064500331879
7.90299987792969,0.475927859544754,0.503892421722412,0.0462461523711681,-0.0907270535826683,-0.0895688831806183,0.269015848636627,0.0462448224425316,-0.0907256230711937,0.0462461560964584,-0.0907270684838295,0.475925505161285,0.503892600536346,0.0462452657520771,-0.0907249972224236,-0.0895677208900452,0.2690170109272,-0.0895688906311989,0.26901587843895,0.0462452694773674,-0.0907250121235847,0.475925952196121,0.503895819187164,0.0462438687682152,-0.0907235443592072,0.0462448224425316,-0.0907256230711937,-0.0895677208900452,0.2690170109272,0.0462438724935055,-0.0907235518097878,0.475923031568527,0.503894805908203
7.90360021591187,0.475872844457626,0.503722786903381,0.0462654903531075,-0.0907578319311142,-0.0893815159797668,0.269094437360764,0.0462641604244709,-0.090756393969059,0.0462654940783978,-0.0907578393816948,0.475870400667191,0.503722965717316,0.0462646074593067,-0.0907557755708694,-0.0893804132938385,0.269095599651337,-0.0893815159797668,0.269094437360764,0.0462646149098873,-0.0907557904720306,0.475870937108994,0.503726243972778,0.0462632067501545,-0.090754322707653,0.0462641604244709,-0.090756393969059,-0.0893804132938385,0.269095599651337,0.0462632104754448,-0.0907543301582336,0.475867927074432,0.503725230693817
7.90420007705688,0.47581747174263,0.50355327129364,0.0462848097085953,-0.0907886102795601,-0.08919408172369,0.26917290687561,0.0462835021317005,-0.0907871797680855,0.0462848134338856,-0.0907886177301407,0.475815176963806,0.503553450107574,0.0462839230895042,-0.0907865539193153,-0.0891929715871811,0.269174098968506,-0.08919408172369,0.26917290687561,0.046283908188343,-0.0907865762710571,0.475815713405609,0.503556668758392,0.0462825037539005,-0.0907851010560989,0.0462835021317005,-0.0907871797680855,-0.0891929715871811,0.269174098968506,0.0462825037539005,-0.0907851010560989,0.475812703371048,0.503555715084076
7.9047999382019,0.475762099027634,0.503383874893188,0.0463040806353092,-0.0908194035291672,-0.0890064463019371,0.269251316785812,0.0463027693331242,-0.0908179581165314,0.0463040843605995,-0.0908194109797478,0.475759714841843,0.503383934497833,0.0463031940162182,-0.0908173397183418,-0.0890053361654282,0.269252479076385,-0.0890064463019371,0.269251316785812,0.0463032014667988,-0.0908173471689224,0.475760191679001,0.503387272357941,0.0463017970323563,-0.0908158794045448,0.0463027730584145,-0.090817965567112,-0.0890053361654282,0.269252479076385,0.0463018007576466,-0.0908158868551254,0.475757122039795,0.503386199474335
7.90539979934692,0.475706338882446,0.503214418888092,0.046323373913765,-0.0908501893281937,-0.0888186171650887,0.269329607486725,0.0463220402598381,-0.0908487439155579,0.0463233552873135,-0.0908501967787743,0.475704044103622,0.503214657306671,0.0463224872946739,-0.0908481255173683,-0.0888175740838051,0.269330769777298,-0.0888187512755394,0.269329577684402,0.0463224947452545,-0.0908481329679489,0.475704431533813,0.503217935562134,0.0463210679590702,-0.0908466726541519,0.0463220402598381,-0.0908487439155579,-0.0888175666332245,0.269330739974976,0.0463210716843605,-0.0908466801047325,0.475701451301575,0.503216922283173
7.9060001373291,0.475650519132614,0.50304514169693,0.046342596411705,-0.0908809676766396,-0.0886307954788208,0.269407778978348,0.0463412888348103,-0.0908795371651649,0.0463426001369953,-0.0908809751272202,0.475648075342178,0.503045380115509,0.0463417135179043,-0.090878926217556,-0.0886296257376671,0.269408971071243,-0.0886307954788208,0.269407778978348,0.0463417172431946,-0.0908789336681366,0.475648611783981,0.503048658370972,0.0463403128087521,-0.0908774584531784,0.0463412888348103,-0.0908795371651649,-0.0886296108365059,0.269408941268921,0.0463403128087521,-0.0908774584531784,0.47564560174942,0.50304764509201
7.90659999847412,0.475594222545624,0.502876043319702,0.0463618226349354,-0.0909117683768272,-0.0884426385164261,0.269485861063004,0.0463604889810085,-0.090910330414772,0.0463618263602257,-0.0909117683768272,0.475592046976089,0.502876222133636,0.0463609360158443,-0.0909097045660019,-0.0884415209293365,0.269487023353577,-0.0884426385164261,0.269485861063004,0.0463609434664249,-0.0909097269177437,0.475592464208603,0.502879440784454,0.0463595390319824,-0.0909082442522049,0.0463604927062988,-0.0909103378653526,-0.0884415209293365,0.269487023353577,0.0463595390319824,-0.0909082517027855,0.475589454174042,0.502878487110138
7.90719985961914,0.475538015365601,0.502706944942474,0.0463810227811337,-0.0909425616264343,-0.088254414498806,0.26956382393837,0.0463796891272068,-0.0909411311149597,0.046381026506424,-0.0909425690770149,0.475535690784454,0.502707123756409,0.0463801398873329,-0.0909405052661896,-0.0882533043622971,0.269564986228943,-0.0882544293999672,0.269563853740692,0.0463801212608814,-0.0909405201673508,0.475536108016968,0.502710402011871,0.0463787391781807,-0.0909390449523926,0.0463796891272068,-0.0909411311149597,-0.0882533043622971,0.269564986228943,0.046378742903471,-0.0909390524029732,0.475533068180084,0.50270938873291
7.90780019760132,0.475481450557709,0.502537906169891,0.0464001782238483,-0.090973362326622,-0.088066004216671,0.269641697406769,0.0463988408446312,-0.0909719243645668,0.0464001819491386,-0.0909733697772026,0.475479185581207,0.50253814458847,0.0463992953300476,-0.0909713134169579,-0.088064894080162,0.269642889499664,-0.0880660116672516,0.269641727209091,0.0463992990553379,-0.0909713208675385,0.475479662418365,0.502541363239288,0.0463978908956051,-0.0909698456525803,0.0463988445699215,-0.0909719318151474,-0.088064894080162,0.269642889499664,0.0463978946208954,-0.0909698531031609,0.475476562976837,0.502540409564972
7.90840005874634,0.47542467713356,0.502368986606598,0.046419333666563,-0.0910041704773903,-0.0878774598240852,0.269719481468201,0.0464179962873459,-0.0910027250647545,0.0464193373918533,-0.0910041779279709,0.475422382354736,0.502369225025177,0.046418447047472,-0.0910021215677261,-0.0878763496875763,0.269720643758774,-0.0878774598240852,0.269719481468201,0.0464184507727623,-0.0910021215677261,0.475422948598862,0.50237250328064,0.0464170463383198,-0.0910006463527679,0.0464179962873459,-0.0910027250647545,-0.0878763496875763,0.269720643758774,0.0464170463383198,-0.0910006463527679,0.475419819355011,0.502371490001678
7.90899991989136,0.475367724895477,0.502200186252594,0.0464384406805038,-0.0910349786281586,-0.0876887142658234,0.269797146320343,0.0464371256530285,-0.0910335257649422,0.0464384444057941,-0.0910349860787392,0.475365430116653,0.502200424671173,0.0464375540614128,-0.0910329148173332,-0.0876876637339592,0.269798308610916,-0.0876887142658234,0.269797146320343,0.0464375615119934,-0.0910329297184944,0.475365906953812,0.502203643321991,0.0464361533522606,-0.0910314545035362,0.0464371293783188,-0.0910335332155228,-0.0876876637339592,0.269798308610916,0.0464361570775509,-0.0910314619541168,0.475362837314606,0.502202689647675
7.90959978103638,0.47531059384346,0.502031445503235,0.0464575476944447,-0.0910657942295074,-0.0874998494982719,0.269874721765518,0.0464562177658081,-0.0910643488168716,0.0464575476944447,-0.0910657942295074,0.475308299064636,0.502031683921814,0.0464566648006439,-0.0910637304186821,-0.0874987244606018,0.269875854253769,-0.0874998494982719,0.269874721765518,0.0464566648006439,-0.0910637378692627,0.475308686494827,0.502034902572632,0.0464552566409111,-0.0910622626543045,0.0464562177658081,-0.0910643488168716,-0.0874987244606018,0.269875854253769,0.0464552603662014,-0.0910622701048851,0.475305646657944,0.502033889293671
7.91020011901855,0.475253134965897,0.50186288356781,0.0464766100049019,-0.0910965949296951,-0.0873107761144638,0.269952178001404,0.0464752949774265,-0.0910951569676399,0.0464766137301922,-0.0910966098308563,0.47525081038475,0.5018630027771,0.0464757271111012,-0.0910945385694504,-0.087309718132019,0.269953340291977,-0.0873107761144638,0.269952178001404,0.0464757308363914,-0.091094546020031,0.475251376628876,0.501866340637207,0.0464743189513683,-0.0910930782556534,0.0464752949774265,-0.0910951569676399,-0.087309718132019,0.269953340291977,0.0464743450284004,-0.0910930782556534,0.475248336791992,0.501865267753601
7.91079998016357,0.475195586681366,0.50169426202774,0.0464956685900688,-0.091127410531044,-0.0871216431260109,0.270029544830322,0.046494334936142,-0.0911259725689888,0.0464956723153591,-0.0911274179816246,0.475193232297897,0.50169450044632,0.0464947819709778,-0.0911253541707993,-0.0871205255389214,0.270030677318573,-0.0871216431260109,0.270029544830322,0.0464947856962681,-0.0911253616213799,0.475193679332733,0.501697719097137,0.0464933775365353,-0.0911238864064217,0.046494334936142,-0.0911259725689888,-0.0871205255389214,0.270030677318573,0.0464933812618256,-0.0911238864064217,0.47519063949585,0.501696705818176
7.91139984130859,0.475137829780579,0.501525819301605,0.0465146824717522,-0.0911582335829735,-0.0869323164224625,0.270106762647629,0.0465133711695671,-0.0911567881703377,0.0465146861970425,-0.0911582410335541,0.47513535618782,0.50152599811554,0.0465138182044029,-0.0911561623215675,-0.0869311317801476,0.270107954740524,-0.0869323238730431,0.270106792449951,0.0465138033032417,-0.0911561846733093,0.475135922431946,0.501529276371002,0.0465124137699604,-0.0911547020077705,0.0465133711695671,-0.0911567881703377,-0.0869311317801476,0.270107954740524,0.0465124174952507,-0.0911547094583511,0.475132882595062,0.501528263092041
7.91200017929077,0.475079774856567,0.501357436180115,0.0465336963534355,-0.0911890491843224,-0.0867427885532379,0.270183920860291,0.0465323626995087,-0.0911876112222672,0.0465336963534355,-0.0911890640854836,0.475077420473099,0.501357614994049,0.0465328097343445,-0.091186985373497,-0.0867416113615036,0.270185112953186,-0.0867427885532379,0.270183920860291,0.0465328171849251,-0.0911870077252388,0.475077867507935,0.501360893249512,0.046531405299902,-0.0911855176091194,0.0465323626995087,-0.0911876112222672,-0.086741603910923,0.270185083150864,0.0465314276516438,-0.0911855250597,0.475074827671051,0.501359879970551
7.91260004043579,0.475021481513977,0.501189172267914,0.046552661806345,-0.0912198722362518,-0.0865531340241432,0.270260959863663,0.0465513505041599,-0.0912184342741966,0.0465526655316353,-0.0912198796868324,0.475019156932831,0.501189410686493,0.0465517975389957,-0.0912178158760071,-0.0865520164370537,0.270262122154236,-0.0865531414747238,0.270260989665985,0.046551801264286,-0.0912178233265877,0.475019603967667,0.501192688941956,0.046550415456295,-0.0912163406610489,0.0465513728559017,-0.0912184342741966,-0.0865520164370537,0.270262122154236,0.0465504191815853,-0.0912163481116295,0.475016564130783,0.50119161605835
7.91319990158081,0.474963039159775,0.501020967960358,0.0465716272592545,-0.0912507101893425,-0.086363285779953,0.270337909460068,0.0465702936053276,-0.0912492573261261,0.0465716309845448,-0.0912507101893425,0.474960684776306,0.501021146774292,0.0465707443654537,-0.0912486463785172,-0.0863621607422829,0.270339071750641,-0.086363285779953,0.270337909460068,0.046570748090744,-0.0912486463785172,0.474961251020432,0.501024425029755,0.0465693585574627,-0.0912471637129784,0.0465703122317791,-0.0912492573261261,-0.0863621607422829,0.270339071750641,0.046569362282753,-0.091247171163559,0.474958091974258,0.501023411750793
7.91379976272583,0.474904358386993,0.500852882862091,0.0465905517339706,-0.0912815406918526,-0.0861733630299568,0.270414710044861,0.0465892553329468,-0.0912800878286362,0.0465905554592609,-0.0912815481424332,0.47490206360817,0.500853061676025,0.0465896837413311,-0.0912794768810272,-0.0861721783876419,0.270415902137756,-0.086173377931118,0.270414739847183,0.0465896874666214,-0.0912794843316078,0.47490257024765,0.500856339931488,0.0465883016586304,-0.091278001666069,0.0465892590582371,-0.0912800878286362,-0.0861721783876419,0.270415902137756,0.0465883016586304,-0.091278001666069,0.474899411201477,0.500855326652527
7.91440010070801,0.474845439195633,0.500684916973114,0.0466094650328159,-0.091312363743782,-0.0859832614660263,0.270491480827332,0.0466081537306309,-0.0913109183311462,0.0466094687581062,-0.0913123711943626,0.474843144416809,0.500685095787048,0.0466085784137249,-0.0913102999329567,-0.0859820619225502,0.270492613315582,-0.0859832614660263,0.270491480827332,0.0466085858643055,-0.0913103148341179,0.474843710660934,0.500688314437866,0.0466071963310242,-0.0913088321685791,0.0466081537306309,-0.0913109183311462,-0.0859820619225502,0.270492613315582,0.0466072000563145,-0.0913088396191597,0.474840551614761,0.500687301158905
7.91499996185303,0.474786400794983,0.500517010688782,0.0466283373534679,-0.0913432091474533,-0.0857929512858391,0.270568072795868,0.0466270446777344,-0.0913417488336563,0.0466283410787582,-0.0913432165980339,0.474784046411514,0.500517129898071,0.0466274730861187,-0.091341145336628,-0.0857918187975883,0.270569235086441,-0.0857929512858391,0.270568072795868,0.046627476811409,-0.0913411527872086,0.47478449344635,0.500520408153534,0.046626091003418,-0.0913396701216698,0.0466270484030247,-0.0913417562842369,-0.0857918187975883,0.270569235086441,0.046626091003418,-0.0913396701216698,0.474781453609467,0.500519394874573
7.91559982299805,0.474727123975754,0.500349164009094,0.0466472133994102,-0.091374047100544,-0.0856024399399757,0.270644575357437,0.0466458946466446,-0.0913725942373276,0.0466472133994102,-0.091374047100544,0.474724680185318,0.500349342823029,0.0466463230550289,-0.0913719832897186,-0.0856013223528862,0.270645767450333,-0.0856024399399757,0.270644575357437,0.0466463267803192,-0.0913719907402992,0.474725276231766,0.500352561473846,0.0466449595987797,-0.0913705006241798,0.0466458946466446,-0.0913725942373276,-0.0856013149023056,0.27064573764801,0.04664496332407,-0.0913705080747604,0.474722236394882,0.50035160779953
7.91620016098022,0.474667549133301,0.500181436538696,0.0466660372912884,-0.0914048850536346,-0.0854118689894676,0.270720988512039,0.0466647371649742,-0.0914034396409988,0.0466660410165787,-0.0914048925042152,0.474665224552155,0.500181615352631,0.0466651953756809,-0.0914028212428093,-0.0854107514023781,0.270722150802612,-0.0854118838906288,0.270721018314362,0.0466651767492294,-0.0914028361439705,0.47466579079628,0.500184834003448,0.0466637872159481,-0.0914013460278511,0.0466647408902645,-0.0914034470915794,-0.0854107514023781,0.270722150802612,0.0466637872159481,-0.0914013460278511,0.474662631750107,0.500183880329132
7.91680002212524,0.474607855081558,0.500013768672943,0.0466848574578762,-0.0914357304573059,-0.0852211117744446,0.270797282457352,0.0466835424304008,-0.0914342850446701,0.0466848611831665,-0.0914357379078865,0.474605470895767,0.500014007091522,0.046683993190527,-0.0914336591959,-0.0852199196815491,0.270798444747925,-0.0852211192250252,0.270797312259674,0.0466840006411076,-0.0914336740970612,0.474606037139893,0.50001722574234,0.0466826073825359,-0.0914321914315224,0.0466835424304008,-0.0914342850446701,-0.0852199196815491,0.270798444747925,0.0466826073825359,-0.0914321914315224,0.474602997303009,0.500016272068024
7.91739988327026,0.474547892808914,0.499846220016479,0.0467036366462708,-0.0914665833115578,-0.0850302129983902,0.270873486995697,0.0467023402452469,-0.0914651229977608,0.0467036403715611,-0.0914665907621384,0.47454559803009,0.499846518039703,0.0467027947306633,-0.0914645120501518,-0.0850290209054947,0.27087464928627,-0.0850302204489708,0.270873516798019,0.0467027984559536,-0.0914645195007324,0.474546074867249,0.499849736690521,0.0467013865709305,-0.0914630368351936,0.0467023402452469,-0.0914651229977608,-0.0850290209054947,0.27087464928627,0.0467013902962208,-0.0914630368351936,0.474543035030365,0.49984872341156
7.91800022125244,0.474487721920013,0.499678820371628,0.0467224158346653,-0.0914974436163902,-0.0848391205072403,0.27094954252243,0.0467211194336414,-0.0914959833025932,0.0467224158346653,-0.0914974510669708,0.47448542714119,0.499679028987885,0.0467215292155743,-0.0914953872561455,-0.0848379284143448,0.270950734615326,-0.0848391279578209,0.270949572324753,0.0467215329408646,-0.0914953872561455,0.474485993385315,0.499682307243347,0.0467201620340347,-0.0914938896894455,0.0467211194336414,-0.0914959833025932,-0.0848379284143448,0.270950734615326,0.046720165759325,-0.0914938971400261,0.474482834339142,0.499681293964386
7.91860008239746,0.474427372217178,0.499511450529099,0.0467411875724792,-0.0915282815694809,-0.0846478939056396,0.271025508642197,0.0467398874461651,-0.0915268212556839,0.0467411912977695,-0.0915282890200615,0.47442501783371,0.499511629343033,0.0467403046786785,-0.0915262252092361,-0.0846467763185501,0.271026700735092,-0.0846478939056396,0.271025508642197,0.0467403046786785,-0.0915262252092361,0.474425613880157,0.499514907598495,0.0467389337718487,-0.0915247276425362,0.0467398874461651,-0.0915268212556839,-0.0846467614173889,0.27102667093277,0.046738937497139,-0.0915247350931168,0.474422454833984,0.499513924121857
7.91919994354248,0.474366754293442,0.499344199895859,0.046759869903326,-0.0915591567754745,-0.0844564810395241,0.271101415157318,0.0467585772275925,-0.091557689011097,0.0467598736286163,-0.0915591567754745,0.474364459514618,0.499344438314438,0.0467590279877186,-0.091557078063488,-0.0844553485512733,0.271102547645569,-0.0844564810395241,0.271101415157318,0.0467590317130089,-0.0915570855140686,0.474365055561066,0.499347686767578,0.046757660806179,-0.091555580496788,0.0467585772275925,-0.091557689011097,-0.0844553485512733,0.271102547645569,0.0467576645314693,-0.0915555879473686,0.47436186671257,0.499346673488617
7.9197998046875,0.474306017160416,0.499177068471909,0.0467785969376564,-0.0915900021791458,-0.0842649415135384,0.271177142858505,0.046777255833149,-0.09158855676651,0.0467786006629467,-0.0915900096297264,0.474303692579269,0.499177217483521,0.0467777103185654,-0.0915879458189011,-0.0842637345194817,0.271178305149078,-0.0842649415135384,0.271177142858505,0.0467777140438557,-0.0915879458189011,0.474304139614105,0.499180525541306,0.0467762984335423,-0.0915864706039429,0.046777255833149,-0.09158855676651,-0.0842637345194817,0.271178305149078,0.0467763431370258,-0.0915864482522011,0.474301099777222,0.499179512262344
7.92040014266968,0.474244952201843,0.499009996652603,0.0467972792685032,-0.0916208550333977,-0.0840732529759407,0.271252781152725,0.0467959344387054,-0.0916194096207619,0.0467972792685032,-0.0916208550333977,0.474242717027664,0.499010175466537,0.0467963889241219,-0.0916187986731529,-0.0840720608830452,0.271253973245621,-0.0840732529759407,0.271252781152725,0.0467963926494122,-0.0916188061237335,0.474243223667145,0.499013513326645,0.0467950217425823,-0.0916173011064529,0.0467959381639957,-0.0916194170713425,-0.0840720534324646,0.271253943443298,0.0467950254678726,-0.0916173085570335,0.474240064620972,0.499012500047684
7.9210000038147,0.474183738231659,0.498843044042587,0.0468159094452858,-0.0916517302393913,-0.0838813856244087,0.2713283598423,0.0468146093189716,-0.0916502624750137,0.0468159131705761,-0.0916517302393913,0.474181413650513,0.498843222856522,0.0468150228261948,-0.091649666428566,-0.083880178630352,0.271329462528229,-0.0838813856244087,0.2713283598423,0.0468150265514851,-0.091649666428566,0.474181950092316,0.498846530914307,0.0468136556446552,-0.0916481763124466,0.0468146093189716,-0.0916502624750137,-0.083880178630352,0.271329462528229,0.0468136593699455,-0.0916481837630272,0.474178910255432,0.498845517635345
7.92159986495972,0.474122285842896,0.498676151037216,0.0468344986438751,-0.0916826128959656,-0.0836893692612648,0.271403759717941,0.0468332022428513,-0.0916811525821686,0.0468345023691654,-0.0916826203465462,0.474119961261749,0.498676389455795,0.0468336567282677,-0.091680534183979,-0.0836881697177887,0.271404892206192,-0.0836893692612648,0.271403759717941,0.046833660453558,-0.0916805416345596,0.474120587110519,0.498679637908936,0.0468322895467281,-0.0916790440678596,0.0468332022428513,-0.0916811525821686,-0.0836881697177887,0.271404892206192,0.0468322895467281,-0.0916790440678596,0.474117368459702,0.498678624629974
7.92220020294189,0.474060773849487,0.498509407043457,0.0468531288206577,-0.091713473200798,-0.0834971740841866,0.271479099988937,0.0468518286943436,-0.0917120054364204,0.0468531288206577,-0.091713473200798,0.474058300256729,0.498509645462036,0.0468522422015667,-0.0917114093899727,-0.0834960415959358,0.271480232477188,-0.0834971740841866,0.271479099988937,0.046852245926857,-0.0917114168405533,0.474058896303177,0.498512864112854,0.0468508712947369,-0.0917099192738533,0.0468518286943436,-0.0917120054364204,-0.0834960415959358,0.271480232477188,0.0468508750200272,-0.0917099192738533,0.474055856466293,0.498511850833893
7.92280006408691,0.473998844623566,0.498342722654343,0.0468717105686665,-0.0917443409562111,-0.0833048447966576,0.271554291248322,0.0468703657388687,-0.0917428955435753,0.0468717142939568,-0.0917443484067917,0.473996430635452,0.498342961072922,0.046870868653059,-0.0917422622442245,-0.0833037048578262,0.271555423736572,-0.0833048447966576,0.271554291248322,0.0468708723783493,-0.0917422696948051,0.47399714589119,0.49834617972374,0.0468694530427456,-0.0917407795786858,0.046870369464159,-0.0917428955435753,-0.0833037048578262,0.271555423736572,0.0468694567680359,-0.0917407870292664,0.473993986845016,0.498345196247101
7.92339992523193,0.473936825990677,0.498176127672195,0.0468902476131916,-0.0917752236127853,-0.0831123813986778,0.271629393100739,0.0468889065086842,-0.0917737782001495,0.0468902513384819,-0.0917752236127853,0.473934382200241,0.498176366090775,0.0468894056975842,-0.0917731449007988,-0.0831111744046211,0.271630525588989,-0.0831123813986778,0.271629393100739,0.0468894094228745,-0.0917731523513794,0.473934948444366,0.498179584741592,0.0468880347907543,-0.0917716398835182,0.0468889512121677,-0.0917737632989883,-0.0831111744046211,0.271630525588989,0.0468880385160446,-0.0917716473340988,0.473931908607483,0.498178631067276
7.92399978637695,0.473874568939209,0.498009651899338,0.0469087846577168,-0.091806098818779,-0.0829197242856026,0.271704375743866,0.0469074845314026,-0.091804638504982,0.046908788383007,-0.0918061062693596,0.473872125148773,0.498009860515594,0.0469079427421093,-0.0918040126562119,-0.0829185172915459,0.271705508232117,-0.0829197242856026,0.271704375743866,0.0469079464673996,-0.0918040201067924,0.473872750997543,0.498013138771057,0.0469065271317959,-0.0918025448918343,0.0469074845314026,-0.091804638504982,-0.0829185172915459,0.271705508232117,0.0469065271317959,-0.0918025448918343,0.473869532346725,0.498012125492096
7.92460012435913,0.473811984062195,0.49784329533577,0.0469272769987583,-0.0918369963765144,-0.0827269405126572,0.271779239177704,0.0469259731471539,-0.0918355286121368,0.0469272769987583,-0.0918369963765144,0.473809629678726,0.497843503952026,0.0469264313578606,-0.0918349027633667,-0.0827257260680199,0.271780371665955,-0.0827269405126572,0.271779239177704,0.0469264350831509,-0.0918349102139473,0.473810255527496,0.497846782207489,0.0469250604510307,-0.0918334126472473,0.0469259731471539,-0.0918355286121368,-0.0827257260680199,0.271780371665955,0.0469250604510307,-0.0918334126472473,0.473807096481323,0.49784579873085
7.92519998550415,0.473749339580536,0.497676998376846,0.0469457618892193,-0.0918678715825081,-0.0825339555740356,0.271853983402252,0.0469444617629051,-0.0918664038181305,0.0469457618892193,-0.0918678715825081,0.4737468957901,0.497677236795425,0.0469449162483215,-0.0918657854199409,-0.0825327411293983,0.271855145692825,-0.0825339555740356,0.271853983402252,0.0469448789954185,-0.0918658152222633,0.47374752163887,0.497680485248566,0.0469435006380081,-0.0918643102049828,0.0469444617629051,-0.0918664038181305,-0.0825327411293983,0.271855145692825,0.0469435043632984,-0.0918643176555634,0.473744362592697,0.497679531574249
7.92579984664917,0.473686367273331,0.49751079082489,0.0469642467796803,-0.0918987467885017,-0.0823408365249634,0.271928608417511,0.0469629019498825,-0.0918973013758659,0.046964205801487,-0.0918987691402435,0.473684042692184,0.497511029243469,0.0469633601605892,-0.091896690428257,-0.0823396220803261,0.271929770708084,-0.082340843975544,0.271928638219833,0.0469633638858795,-0.0918966978788376,0.473684698343277,0.497514337301254,0.0469619855284691,-0.091895192861557,0.0469629019498825,-0.0918973013758659,-0.0823396220803261,0.271929770708084,0.0469619892537594,-0.0918952003121376,0.473681479692459,0.497513324022293
7.92640018463135,0.473623216152191,0.497344732284546,0.0469826422631741,-0.0919296517968178,-0.0821475237607956,0.272003173828125,0.0469813384115696,-0.0919281914830208,0.0469826459884644,-0.0919296592473984,0.473620921373367,0.497344970703125,0.0469818003475666,-0.0919275730848312,-0.0821463763713837,0.272004276514053,-0.082147590816021,0.272003173828125,0.0469818040728569,-0.0919275805354118,0.473621487617493,0.497348219156265,0.0469804257154465,-0.0919260755181313,0.0469813384115696,-0.0919281989336014,-0.0821463763713837,0.272004276514053,0.0469804294407368,-0.0919260755181313,0.47361832857132,0.497347235679626
7.92700004577637,0.473559886217117,0.497178763151169,0.0470010787248611,-0.0919605419039726,-0.0819540768861771,0.272077560424805,0.0469997748732567,-0.0919590666890144,0.0470010824501514,-0.0919605493545532,0.473557591438293,0.497179001569748,0.0470001921057701,-0.0919584855437279,-0.0819528624415398,0.272078722715378,-0.0819540843367577,0.272077590227127,0.0470001958310604,-0.0919584855437279,0.473558187484741,0.497182250022888,0.0469988211989403,-0.0919569805264473,0.0469997748732567,-0.0919590666890144,-0.0819528624415398,0.272078722715378,0.0469988211989403,-0.0919569805264473,0.473555028438568,0.497181266546249
7.92759990692139,0.473496317863464,0.497012853622437,0.0470194704830647,-0.0919914394617081,-0.081760510802269,0.272151917219162,0.0470181666314602,-0.0919899642467499,0.0470194704830647,-0.0919914394617081,0.473494052886963,0.497013092041016,0.0470185801386833,-0.0919893682003021,-0.0817592963576317,0.27215301990509,-0.081760510802269,0.272151917219162,0.0470185838639736,-0.0919893756508827,0.473494499921799,0.497016340494156,0.0470172055065632,-0.0919878706336021,0.0470181666314602,-0.0919899642467499,-0.0817592963576317,0.27215301990509,0.0470172092318535,-0.0919878780841827,0.473491460084915,0.497015357017517
7.92819976806641,0.473432630300522,0.496847093105316,0.0470378138124943,-0.0920223370194435,-0.0815667435526848,0.272226095199585,0.0470365099608898,-0.0920208692550659,0.0470378175377846,-0.0920223444700241,0.473430156707764,0.496847331523895,0.0470369718968868,-0.092020258307457,-0.0815655291080475,0.272227227687836,-0.0815667435526848,0.272226095199585,0.0470369756221771,-0.0920202657580376,0.473430901765823,0.496850579977036,0.0470355935394764,-0.0920187532901764,0.0470365509390831,-0.0920208469033241,-0.0815655291080475,0.272227227687836,0.0470355972647667,-0.092018760740757,0.473427623510361,0.496849656105042
7.92880010604858,0.473368704319,0.496681392192841,0.0470561943948269,-0.0920532196760178,-0.0813729092478752,0.272300153970718,0.0470548942685127,-0.0920517444610596,0.0470561981201172,-0.0920532196760178,0.473366290330887,0.496681690216064,0.0470553115010262,-0.0920511558651924,-0.0813716873526573,0.272301286458969,-0.0813729092478752,0.272300153970718,0.0470553152263165,-0.092051163315773,0.473366856575012,0.49668487906456,0.047053936868906,-0.0920496582984924,0.0470548942685127,-0.0920517444610596,-0.0813716873526573,0.272301286458969,0.047053936868906,-0.0920496582984924,0.473363697528839,0.496683984994888
7.9293999671936,0.47330442070961,0.496515810489655,0.0470744520425797,-0.0920841544866562,-0.0811787545681,0.272374123334885,0.0470731444656849,-0.0920826867222786,0.0470744520425797,-0.0920841544866562,0.473302066326141,0.496516108512878,0.0470736473798752,-0.0920820459723473,-0.0811775997281075,0.272375255823135,-0.0811787545681,0.272374123334885,0.0470736511051655,-0.0920820534229279,0.473302632570267,0.496519356966019,0.0470722764730453,-0.0920805484056473,0.0470731481909752,-0.0920826867222786,-0.0811775997281075,0.272375255823135,0.0470722764730453,-0.0920805484056473,0.473299473524094,0.49651837348938
7.92999982833862,0.47324001789093,0.496350318193436,0.0470927841961384,-0.0921150371432304,-0.0809845924377441,0.272447973489761,0.0470914803445339,-0.0921135693788528,0.0470927841961384,-0.0921150371432304,0.473237723112106,0.496350586414337,0.0470918975770473,-0.0921129733324051,-0.0809833705425262,0.272449105978012,-0.0809845924377441,0.272447973489761,0.0470919013023376,-0.0921129807829857,0.473238199949265,0.496353834867477,0.0470905229449272,-0.0921114757657051,0.0470914840698242,-0.0921135768294334,-0.0809833705425262,0.272449105978012,0.0470905229449272,-0.0921114757657051,0.473235011100769,0.496352881193161
7.9306001663208,0.473175376653671,0.496185004711151,0.0471110753715038,-0.0921459347009659,-0.0807902365922928,0.272521734237671,0.0471097715198994,-0.0921444669365883,0.0471110343933105,-0.0921459645032883,0.473173081874847,0.496185183525085,0.0471101887524128,-0.0921438708901405,-0.0807890221476555,0.272522866725922,-0.0807902365922928,0.272521734237671,0.0471101924777031,-0.0921438783407211,0.473173588514328,0.49618849158287,0.0471088103950024,-0.0921423733234406,0.0471097715198994,-0.0921444743871689,-0.0807890072464943,0.272522836923599,0.0471088103950024,-0.0921423733234406,0.473170429468155,0.496187508106232
7.93120002746582,0.4731105864048,0.496019661426544,0.0471292771399021,-0.0921768695116043,-0.0805956199765205,0.272595316171646,0.0471279732882977,-0.0921754017472267,0.0471292771399021,-0.0921768695116043,0.473108172416687,0.496019929647446,0.0471284762024879,-0.0921747609972954,-0.0805944576859474,0.272596448659897,-0.0805956199765205,0.272595316171646,0.0471284352242947,-0.0921747907996178,0.473108798265457,0.496023178100586,0.0471270978450775,-0.0921732559800148,0.0471279732882977,-0.0921754017472267,-0.0805944576859474,0.272596448659897,0.0471271015703678,-0.0921732634305954,0.473105639219284,0.496022254228592
7.93179988861084,0.47304555773735,0.495854526758194,0.0471475161612034,-0.0922077745199203,-0.0804009363055229,0.272668838500977,0.0471462123095989,-0.0922062993049622,0.0471475198864937,-0.0922077745199203,0.473043143749237,0.495854794979095,0.0471466742455959,-0.0922056883573532,-0.080399714410305,0.272669970989227,-0.0804009363055229,0.272668838500977,0.0471466369926929,-0.0922057181596756,0.473043769598007,0.495858043432236,0.0471452958881855,-0.0922041907906532,0.0471462123095989,-0.0922062993049622,-0.0803997069597244,0.272669941186905,0.0471452996134758,-0.0922041982412338,0.473040610551834,0.495857030153275
7.93240022659302,0.472980290651321,0.495689511299133,0.0471657104790211,-0.0922386944293976,-0.0802060514688492,0.272742211818695,0.0471644103527069,-0.09223722666502,0.0471657142043114,-0.0922387018799782,0.472977817058563,0.495689690113068,0.0471648685634136,-0.092236615717411,-0.0802048444747925,0.272743344306946,-0.0802060514688492,0.272742211818695,0.0471648685634136,-0.092236615717411,0.472978442907333,0.49569296836853,0.0471634939312935,-0.0922351107001305,0.0471644103527069,-0.09223722666502,-0.0802048444747925,0.272743344306946,0.0471634939312935,-0.0922351107001305,0.472975432872772,0.495691984891891
7.93300008773804,0.472914785146713,0.49552446603775,0.0471839085221291,-0.0922696068882942,-0.0800111144781113,0.272815495729446,0.047182597219944,-0.0922681391239166,0.0471839085221291,-0.0922696068882942,0.472912490367889,0.495524764060974,0.0471830181777477,-0.0922675430774689,-0.0800098925828934,0.272816628217697,-0.0800111144781113,0.272815495729446,0.047183021903038,-0.0922675505280495,0.47291311621666,0.495527982711792,0.0471816398203373,-0.0922660380601883,0.047182597219944,-0.0922681391239166,-0.0800098925828934,0.272816628217697,0.0471816435456276,-0.0922660455107689,0.472909778356552,0.495527058839798
7.93359994888306,0.472849071025848,0.495359659194946,0.0472020097076893,-0.0923005566000938,-0.0798159092664719,0.272888660430908,0.0472007431089878,-0.0922990515828133,0.0472020097076893,-0.0923005640506744,0.472846776247025,0.495359897613525,0.0472012050449848,-0.0922984406352043,-0.0798147544264793,0.272889763116837,-0.0798159092664719,0.272888660430908,0.0472012087702751,-0.0922984480857849,0.472847402095795,0.495363146066666,0.0471998304128647,-0.0922969430685043,0.0472007468342781,-0.0922990590333939,-0.0798147544264793,0.272889763116837,0.0471998304128647,-0.0922969505190849,0.472844243049622,0.495362222194672
7.93419981002808,0.472783178091049,0.495194852352142,0.0472201965749264,-0.0923314467072487,-0.0796206444501877,0.272961676120758,0.0472188889980316,-0.0923299789428711,0.0472202003002167,-0.0923314541578293,0.472780883312225,0.495195150375366,0.047219306230545,-0.0923293903470039,-0.0796194225549698,0.272962808609009,-0.0796206444501877,0.272961676120758,0.0472193099558353,-0.0923293903470039,0.472781479358673,0.495198398828506,0.0472179315984249,-0.0923278853297234,0.0472188889980316,-0.0923299789428711,-0.0796194225549698,0.272962808609009,0.0472179725766182,-0.092327855527401,0.472778350114822,0.49519744515419
7.93480014801025,0.472717106342316,0.495030224323273,0.0472382940351963,-0.0923623815178871,-0.0794251188635826,0.273034632205963,0.0472369864583015,-0.0923609063029289,0.0472382940351963,-0.0923623815178871,0.472714692354202,0.495030522346497,0.047237403690815,-0.0923603102564812,-0.0794238820672035,0.273035705089569,-0.0794251188635826,0.273034602403641,0.0472374074161053,-0.0923603177070618,0.472715437412262,0.495033740997314,0.0472360253334045,-0.0923588126897812,0.0472369864583015,-0.0923609063029289,-0.0794238820672035,0.273035705089569,0.0472360253334045,-0.0923588126897812,0.472712159156799,0.495032757520676
7.93540000915527,0.472650855779648,0.494865626096725,0.0472563430666924,-0.0923933312296867,-0.0792294517159462,0.273107409477234,0.0472550354897976,-0.0923918485641479,0.0472563430666924,-0.0923933312296867,0.472648441791534,0.494865953922272,0.0472555458545685,-0.0923912227153778,-0.0792282894253731,0.273108512163162,-0.0792295187711716,0.273107379674911,0.0472555495798588,-0.0923912227153778,0.472649067640305,0.494869202375412,0.0472541637718678,-0.0923897176980972,0.0472550354897976,-0.0923918485641479,-0.0792282894253731,0.273108512163162,0.0472541637718678,-0.0923897176980972,0.472645878791809,0.494868218898773
7.93599987030029,0.472584277391434,0.494701266288757,0.0472743920981884,-0.0924242660403252,-0.0790337324142456,0.273180097341537,0.0472730845212936,-0.0924227982759476,0.0472743920981884,-0.0924242660403252,0.47258186340332,0.494701504707336,0.0472735911607742,-0.0924221575260162,-0.0790325030684471,0.273181200027466,-0.0790337324142456,0.273180097341537,0.0472735948860645,-0.0924221649765968,0.47258248925209,0.494704782962799,0.0472722128033638,-0.0924206525087357,0.0472730845212936,-0.0924227982759476,-0.0790325030684471,0.273181200027466,0.0472722128033638,-0.0924206525087357,0.472579330205917,0.49470379948616
7.93660020828247,0.472517520189285,0.494536876678467,0.0472924783825874,-0.0924551710486412,-0.0788377448916435,0.273252665996552,0.0472911708056927,-0.092453695833683,0.0472924821078777,-0.0924551710486412,0.472515106201172,0.494537144899368,0.0472915917634964,-0.0924531072378159,-0.0788365080952644,0.27325376868248,-0.0788377448916435,0.273252665996552,0.0472915917634964,-0.0924531072378159,0.472515881061554,0.494540423154831,0.047290250658989,-0.0924515724182129,0.0472911708056927,-0.092453695833683,-0.0788365080952644,0.27325376868248,0.0472902543842793,-0.0924515798687935,0.472512722015381,0.494539469480515
7.93720006942749,0.47245055437088,0.494372636079788,0.0473104789853096,-0.0924861058592796,-0.0786415636539459,0.273325115442276,0.0473091676831245,-0.092484638094902,0.0473104827105999,-0.0924861133098602,0.472448289394379,0.494372934103012,0.0473096333444118,-0.0924840271472931,-0.0786403864622116,0.273326188325882,-0.0786415636539459,0.273325115442276,0.0473096370697021,-0.0924840345978737,0.472448796033859,0.494376182556152,0.0473082512617111,-0.0924825221300125,0.0473091676831245,-0.092484638094902,-0.0786403864622116,0.273326188325882,0.0473082512617111,-0.0924825221300125,0.472445607185364,0.494375228881836
7.93779993057251,0.472383409738541,0.494208574295044,0.0473284758627415,-0.0925170555710793,-0.0784453153610229,0.273397445678711,0.0473271645605564,-0.0925155729055405,0.0473284758627415,-0.0925170555710793,0.472381055355072,0.494208782911301,0.0473275855183601,-0.0925149917602539,-0.0784440785646439,0.273398548364639,-0.0784453153610229,0.273397445678711,0.0473275892436504,-0.0925149992108345,0.472381681203842,0.494212090969086,0.047326248139143,-0.0925134569406509,0.0473271645605564,-0.0925155803561211,-0.0784440785646439,0.273398548364639,0.0473262518644333,-0.0925134643912315,0.472378492355347,0.494211077690125
7.93839979171753,0.472316116094589,0.4940445125103,0.0473464243113995,-0.0925479978322983,-0.0782488659024239,0.273469626903534,0.0473451130092144,-0.0925465226173401,0.0473464280366898,-0.0925480052828789,0.472313702106476,0.494044780731201,0.0473455786705017,-0.0925459116697311,-0.0782477036118507,0.273470729589462,-0.0782488733530045,0.273469656705856,0.047345582395792,-0.0925459191203117,0.472314327955246,0.494048029184341,0.047344196587801,-0.0925444141030312,0.0473451130092144,-0.0925465226173401,-0.0782477036118507,0.273470729589462,0.047344196587801,-0.0925444141030312,0.472311168909073,0.494047075510025
7.93900012969971,0.472248494625092,0.49388062953949,0.0473643690347672,-0.0925789400935173,-0.0780523642897606,0.27354171872139,0.0473630577325821,-0.0925774648785591,0.0473643727600574,-0.0925789475440979,0.472246021032333,0.493880897760391,0.0473635233938694,-0.0925768539309502,-0.0780511274933815,0.273542821407318,-0.0780523642897606,0.27354171872139,0.0473635271191597,-0.0925768613815308,0.472246706485748,0.493884146213531,0.0473621413111687,-0.0925753563642502,0.0473630577325821,-0.0925774648785591,-0.0780511274933815,0.273542821407318,0.0473621413111687,-0.0925753563642502,0.472243547439575,0.493883162736893
7.93959999084473,0.472180634737015,0.493716776371002,0.0473822690546513,-0.0926098972558975,-0.0778555870056152,0.273613691329956,0.0473810024559498,-0.0926083996891975,0.0473822690546513,-0.0926099047064781,0.472178339958191,0.493717044591904,0.0473814271390438,-0.0926078110933304,-0.0778543576598167,0.273614823818207,-0.0778555870056152,0.273613691329956,0.0473814271390438,-0.0926078110933304,0.472178906202316,0.493720322847366,0.0473800823092461,-0.0926062762737274,0.0473810024559498,-0.0926083996891975,-0.0778543576598167,0.273614823818207,0.0473800823092461,-0.0926062762737274,0.472175747156143,0.493719398975372
7.94019985198975,0.472112655639648,0.493553131818771,0.0474001653492451,-0.0926408395171165,-0.0776586830615997,0.27368551492691,0.0473988987505436,-0.0926393494009972,0.0474001690745354,-0.0926408469676971,0.472110271453857,0.493553400039673,0.0473993234336376,-0.0926387682557106,-0.0776574537158012,0.273686647415161,-0.0776586979627609,0.273685544729233,0.0473993234336376,-0.0926387682557106,0.47211104631424,0.493556618690491,0.0473979786038399,-0.0926372334361076,0.0473988987505436,-0.0926393494009972,-0.0776574537158012,0.273686647415161,0.0473979786038399,-0.0926372334361076,0.472107708454132,0.493555694818497
7.94080018997192,0.472044467926025,0.493389546871185,0.047418013215065,-0.092671811580658,-0.0774616524577141,0.273757249116898,0.0474167466163635,-0.092670314013958,0.0474180169403553,-0.092671811580658,0.472042053937912,0.493389785289764,0.0474172122776508,-0.0926696956157684,-0.0774604231119156,0.273758381605148,-0.0774616599082947,0.27375727891922,0.0474172160029411,-0.092669703066349,0.472042679786682,0.493393033742905,0.0474158301949501,-0.0926681980490685,0.0474167466163635,-0.092670314013958,-0.0774604231119156,0.273758381605148,0.0474158301949501,-0.0926681980490685,0.472039520740509,0.493392109870911
7.94140005111694,0.471975952386856,0.493226051330566,0.0474358610808849,-0.0927027687430382,-0.0772644355893135,0.273828864097595,0.0474345944821835,-0.0927012637257576,0.0474358648061752,-0.0927027687430382,0.471973568201065,0.493226319551468,0.0474350601434708,-0.0927006527781487,-0.077263131737709,0.273829996585846,-0.0772644355893135,0.273828864097595,0.0474350638687611,-0.0927006602287292,0.471974343061447,0.493229597806931,0.0474337190389633,-0.0926991254091263,0.0474345944821835,-0.0927012637257576,-0.077263131737709,0.273829996585846,0.0474337227642536,-0.0926991328597069,0.47197100520134,0.493228644132614
7.94199991226196,0.471907407045364,0.493062704801559,0.0474537052214146,-0.0927337110042572,-0.0770670175552368,0.273900359869003,0.0474524348974228,-0.0927322134375572,0.0474537052214146,-0.0927337110042572,0.471904993057251,0.493062973022461,0.0474528633058071,-0.0927316248416901,-0.0770657807588577,0.273901462554932,-0.0770670175552368,0.273900359869003,0.0474528633058071,-0.0927316322922707,0.471905618906021,0.493066191673279,0.0474515222012997,-0.0927300900220871,0.0474524348974228,-0.0927322134375572,-0.0770657807588577,0.273901462554932,0.0474515222012997,-0.0927300900220871,0.471902459859848,0.493065267801285
7.94259977340698,0.471838533878326,0.492899388074875,0.0474715456366539,-0.0927646458148956,-0.0768695324659348,0.273971706628799,0.0474702343344688,-0.092763178050518,0.0474715493619442,-0.0927646532654762,0.471836119890213,0.492899715900421,0.0474707037210464,-0.0927625596523285,-0.0768682956695557,0.273972809314728,-0.0768695324659348,0.273971706628799,0.0474707037210464,-0.0927625671029091,0.471836745738983,0.492902934551239,0.0474693141877651,-0.0927610471844673,0.0474702343344688,-0.092763178050518,-0.0768682956695557,0.273972809314728,0.0474693179130554,-0.0927610546350479,0.471833556890488,0.492902010679245
7.94320011138916,0.471769452095032,0.492736220359802,0.0474892966449261,-0.0927956327795982,-0.0766718462109566,0.274042934179306,0.047487985342741,-0.0927941501140594,0.0474892966449261,-0.0927956327795982,0.471767038106918,0.492736548185349,0.0474884957075119,-0.0927935168147087,-0.0766706094145775,0.274044066667557,-0.0766718536615372,0.274042963981628,0.0474884957075119,-0.0927935168147087,0.471767663955688,0.492739796638489,0.0474871098995209,-0.0927920043468475,0.047487985342741,-0.0927941501140594,-0.0766706094145775,0.274044066667557,0.0474871136248112,-0.0927920117974281,0.471764504909515,0.492738842964172
7.94379997253418,0.471700102090836,0.492573201656342,0.0475070476531982,-0.0928265973925591,-0.0764739811420441,0.274114102125168,0.0475057736039162,-0.0928250923752785,0.0475070476531982,-0.0928265973925591,0.4716976583004,0.492573529481888,0.0475061982870102,-0.0928245112299919,-0.0764727964997292,0.274115175008774,-0.0764739811420441,0.274114102125168,0.0475062020123005,-0.0928245186805725,0.471698403358459,0.492576718330383,0.0475048571825027,-0.0928229764103889,0.0475057736039162,-0.0928250923752785,-0.0764727964997292,0.274115175008774,0.0475048571825027,-0.0928229764103889,0.471695303916931,0.492575794458389
7.9443998336792,0.471630662679672,0.492410242557526,0.0475247465074062,-0.0928575769066811,-0.0762760266661644,0.274185061454773,0.0475234724581242,-0.0928560793399811,0.0475247465074062,-0.0928575769066811,0.471628278493881,0.492410570383072,0.0475239455699921,-0.0928554683923721,-0.0762747973203659,0.274186193943024,-0.0762760266661644,0.274185061454773,0.0475239492952824,-0.0928554758429527,0.471628904342651,0.492413848638535,0.047522597014904,-0.0928539335727692,0.0475234724581242,-0.0928560793399811,-0.0762747973203659,0.274186193943024,0.0475226007401943,-0.0928539410233498,0.471625715494156,0.492412865161896
7.94500017166138,0.47156098484993,0.492247462272644,0.0475424863398075,-0.0928885266184807,-0.076077826321125,0.274255961179733,0.0475412160158157,-0.0928870290517807,0.0475424863398075,-0.0928885266184807,0.471558511257172,0.492247730493546,0.0475416444242001,-0.0928864404559135,-0.0760765895247459,0.274257034063339,-0.076077826321125,0.274255961179733,0.0475416481494904,-0.0928864479064941,0.471559286117554,0.492250949144363,0.047540295869112,-0.0928849056363106,0.0475412160158157,-0.0928870290517807,-0.0760765895247459,0.274257034063339,0.0475402995944023,-0.0928849130868912,0.471556007862091,0.492250084877014
7.9456000328064,0.471491038799286,0.492084741592407,0.0475601814687252,-0.0929194986820221,-0.0758795589208603,0.274326682090759,0.0475588664412498,-0.0929180160164833,0.0475601404905319,-0.0929195135831833,0.471488565206528,0.492085009813309,0.047559380531311,-0.0929173901677132,-0.0758783221244812,0.27432781457901,-0.0758795663714409,0.274326711893082,0.047559380531311,-0.0929173901677132,0.471489280462265,0.492088317871094,0.0475579909980297,-0.0929158702492714,0.0475588664412498,-0.0929180160164833,-0.0758783221244812,0.27432781457901,0.0475579909980297,-0.0929158702492714,0.47148609161377,0.492087364196777
7.94619989395142,0.471420884132385,0.491922169923782,0.047577828168869,-0.0929504707455635,-0.0756810978055,0.274397313594818,0.0475765541195869,-0.0929489731788635,0.0475778318941593,-0.0929504781961441,0.471418529748917,0.491922438144684,0.0475770272314548,-0.0929483622312546,-0.075679786503315,0.274398416280746,-0.0756810978055,0.274397313594818,0.0475769825279713,-0.092948392033577,0.471419155597687,0.491925686597824,0.0475756376981735,-0.092946857213974,0.0475765541195869,-0.0929489731788635,-0.075679786503315,0.274398416280746,0.0475756376981735,-0.092946857213974,0.471415966749191,0.49192476272583
7.94680023193359,0.471350491046906,0.491759598255157,0.0475954711437225,-0.0929814502596855,-0.0754824429750443,0.274467825889587,0.0475941561162472,-0.0929799675941467,0.0475954711437225,-0.0929814502596855,0.471348077058792,0.491759955883026,0.0475946292281151,-0.0929793640971184,-0.075481191277504,0.274468898773193,-0.0754824429750443,0.274467825889587,0.0475946292281151,-0.0929793640971184,0.471348851919174,0.491763204336166,0.047593280673027,-0.0929778292775154,0.0475942008197308,-0.0929799452424049,-0.075481191277504,0.274468898773193,0.047593280673027,-0.0929778292775154,0.471345603466034,0.491762310266495
7.94740009307861,0.471279919147491,0.491597473621368,0.0476130656898022,-0.0930124223232269,-0.0752835720777512,0.274538189172745,0.0476117730140686,-0.0930109396576881,0.0476130694150925,-0.0930124297738075,0.471277743577957,0.491597503423691,0.0476122424006462,-0.0930103212594986,-0.0752823352813721,0.274539321660995,-0.0752835795283318,0.274538218975067,0.0476122461259365,-0.0930103287100792,0.471278309822083,0.491600900888443,0.0476108714938164,-0.0930087938904762,0.0476117730140686,-0.0930109396576881,-0.0752823352813721,0.274539321660995,0.0476108752191067,-0.0930088013410568,0.471275120973587,0.491599917411804
7.94799995422363,0.471209287643433,0.491435080766678,0.0476306565105915,-0.0930434018373489,-0.0750846639275551,0.274608433246613,0.0476293638348579,-0.0930419117212296,0.0476306602358818,-0.0930434092879295,0.471207112073898,0.491435170173645,0.0476298369467258,-0.0930413007736206,-0.0750834122300148,0.274609535932541,-0.0750846639275551,0.274608433246613,0.0476298406720161,-0.0930413082242012,0.471207618713379,0.491438537836075,0.047628466039896,-0.0930397734045982,0.0476293638348579,-0.0930419117212296,-0.0750834122300148,0.274609535932541,0.0476284697651863,-0.0930397808551788,0.471204221248627,0.491437762975693
7.94859981536865,0.471138268709183,0.491272896528244,0.0476482287049294,-0.0930743813514709,-0.0748855471611023,0.274678558111191,0.0476469323039055,-0.0930728986859322,0.0476482324302197,-0.0930743888020515,0.471135914325714,0.491273194551468,0.0476474054157734,-0.093072272837162,-0.0748842880129814,0.274679630994797,-0.0748855471611023,0.274678558111191,0.0476474091410637,-0.0930722877383232,0.471136689186096,0.491276353597641,0.0476460345089436,-0.0930707529187202,0.0476469323039055,-0.0930728986859322,-0.0748842880129814,0.274679630994797,0.0476460382342339,-0.0930707603693008,0.471133261919022,0.491275638341904
7.94920015335083,0.471067309379578,0.49111071228981,0.0476657710969448,-0.0931053683161736,-0.074686236679554,0.274748563766479,0.0476644784212112,-0.0931038782000542,0.0476657748222351,-0.0931053757667542,0.471064627170563,0.491111218929291,0.0476649478077888,-0.0931032598018646,-0.0746849924325943,0.27474969625473,-0.0746862441301346,0.274748593568802,0.0476649515330791,-0.0931032672524452,0.471065431833267,0.491114437580109,0.0476635806262493,-0.0931017398834229,0.0476644784212112,-0.0931038782000542,-0.0746849924325943,0.27474969625473,0.0476635843515396,-0.0931017473340034,0.471062213182449,0.491113424301147
7.94980001449585,0.47099569439888,0.49094894528389,0.0476832911372185,-0.0931363627314568,-0.0744868591427803,0.274818450212479,0.0476820170879364,-0.0931348651647568,0.0476832948625088,-0.0931363627314568,0.470993310213089,0.490949213504791,0.0476824901998043,-0.0931342542171478,-0.07448560744524,0.274819523096085,-0.0744868591427803,0.274818450212479,0.0476824715733528,-0.0931342616677284,0.470994114875793,0.490952402353287,0.047681100666523,-0.0931327268481255,0.0476820170879364,-0.0931348651647568,-0.07448560744524,0.274819523096085,0.047681100666523,-0.0931327268481255,0.470990657806396,0.490951627492905
7.95039987564087,0.470924317836761,0.490786910057068,0.0477007851004601,-0.0931673496961594,-0.0742872953414917,0.274888187646866,0.0476995073258877,-0.0931658521294594,0.0477007851004601,-0.0931673496961594,0.470921725034714,0.490787446498871,0.0476999878883362,-0.093165248632431,-0.0742860436439514,0.274889290332794,-0.0742872953414917,0.274888187646866,0.0476999878883362,-0.093165248632431,0.470922231674194,0.490790814161301,0.0476985909044743,-0.0931637138128281,0.0476995073258877,-0.0931658521294594,-0.0742860436439514,0.274889290332794,0.0476985946297646,-0.0931637212634087,0.4709193110466,0.49078968167305
7.95100021362305,0.470852434635162,0.490625351667404,0.047718271613121,-0.0931983441114426,-0.074087530374527,0.274957805871964,0.0477169789373875,-0.0931968465447426,0.0477182753384113,-0.0931983515620232,0.47084978222847,0.490625828504562,0.0477174520492554,-0.0931962355971336,-0.0740862786769867,0.274958878755569,-0.0740875378251076,0.274957835674286,0.0477174520492554,-0.0931962430477142,0.470850586891174,0.490629017353058,0.0477160811424255,-0.0931947082281113,0.0477169789373875,-0.0931968465447426,-0.0740862786769867,0.274958878755569,0.0477160811424255,-0.0931947082281113,0.470847398042679,0.490628063678741
7.95160007476807,0.470780193805695,0.49046391248703,0.0477357171475887,-0.0932293385267258,-0.0738877132534981,0.275027334690094,0.0477344430983067,-0.0932278335094452,0.0477357171475887,-0.0932293385267258,0.470777988433838,0.490463972091675,0.0477349162101746,-0.0932272300124168,-0.0738864541053772,0.275028377771378,-0.0738877132534981,0.275027334690094,0.0477349162101746,-0.0932272300124168,0.470778554677963,0.490467369556427,0.0477335229516029,-0.0932257026433945,0.0477344430983067,-0.0932278335094452,-0.0738864541053772,0.275028377771378,0.0477335229516029,-0.0932257026433945,0.47077539563179,0.490466415882111
7.95219993591309,0.470708131790161,0.490302234888077,0.0477531589567661,-0.093260332942009,-0.0736876875162125,0.27509668469429,0.047751858830452,-0.093258835375309,0.0477531589567661,-0.093260332942009,0.470705479383469,0.490302801132202,0.0477523356676102,-0.0932582318782806,-0.0736863017082214,0.275097817182541,-0.0736876875162125,0.27509668469429,0.0477523356676102,-0.0932582318782806,0.470706254243851,0.490305960178375,0.04775096103549,-0.0932566970586777,0.047751858830452,-0.093258835375309,-0.0736863017082214,0.275097817182541,0.0477509647607803,-0.0932567045092583,0.470703154802322,0.490304976701736
7.95279979705811,0.470635592937469,0.490141034126282,0.0477705486118793,-0.0932913348078728,-0.0734874680638313,0.275165915489197,0.047769270837307,-0.0932898297905922,0.0477705486118793,-0.0932913348078728,0.470633119344711,0.490141332149506,0.0477697476744652,-0.0932892188429832,-0.0734862089157104,0.275166988372803,-0.0734874680638313,0.275165915489197,0.0477697476744652,-0.0932892262935638,0.470633924007416,0.490144550800323,0.0477683767676353,-0.0932876914739609,0.047769270837307,-0.0932898297905922,-0.0734862089157104,0.275166988372803,0.0477683767676353,-0.0932876914739609,0.470630526542664,0.490143775939941
7.95340013504028,0.470562905073166,0.489979773759842,0.0477879382669926,-0.0933223366737366,-0.0732871815562248,0.275234997272491,0.0477866642177105,-0.093320831656456,0.0477879382669926,-0.0933223366737366,0.470560491085052,0.489980131387711,0.0477871373295784,-0.093320220708847,-0.0732857957482338,0.27523609995842,-0.0732871815562248,0.275234997272491,0.0477871373295784,-0.0933202281594276,0.470561265945435,0.489983230829239,0.0477857403457165,-0.0933186933398247,0.0477866642177105,-0.093320831656456,-0.0732857957482338,0.27523609995842,0.0477857664227486,-0.0933186858892441,0.470557868480682,0.489982545375824
7.9539999961853,0.470489978790283,0.489818751811981,0.0478052757680416,-0.0933533310890198,-0.0730865672230721,0.275304019451141,0.0478040017187595,-0.0933518335223198,0.0478052794933319,-0.0933533310890198,0.470487534999847,0.489819020032883,0.0478044785559177,-0.0933512225747108,-0.0730853080749512,0.275305092334747,-0.0730865672230721,0.275304019451141,0.047804482281208,-0.0933512300252914,0.470488339662552,0.489822238683701,0.0478031262755394,-0.0933496952056885,0.0478040054440498,-0.0933518409729004,-0.0730853080749512,0.275305092334747,0.0478031300008297,-0.0933496952056885,0.4704849421978,0.489821463823318
7.95459985733032,0.470416933298111,0.489657640457153,0.047822616994381,-0.0933843329548836,-0.0728859007358551,0.275372862815857,0.0478213392198086,-0.0933828353881836,0.047822616994381,-0.0933843329548836,0.470414310693741,0.489658206701279,0.0478218197822571,-0.0933822393417358,-0.0728846341371536,0.275373935699463,-0.0728859007358551,0.275372862815857,0.0478218197822571,-0.0933822393417358,0.47041529417038,0.48966109752655,0.0478204637765884,-0.0933806970715523,0.0478213392198086,-0.0933828353881836,-0.0728846341371536,0.275373935699463,0.0478204637765884,-0.0933806970715523,0.470411956310272,0.489660382270813
7.9552001953125,0.47034364938736,0.489496797323227,0.0478399507701397,-0.093415342271328,-0.0726851671934128,0.275441586971283,0.0478386506438255,-0.0934138372540474,0.04783995449543,-0.0934153497219086,0.470340967178345,0.489497303962708,0.0478391535580158,-0.0934132263064384,-0.0726837664842606,0.275442689657211,-0.0726851671934128,0.275441586971283,0.0478391535580158,-0.093413233757019,0.470342010259628,0.489500254392624,0.0478377528488636,-0.0934116989374161,0.0478386506438255,-0.0934138372540474,-0.0726837664842606,0.275442689657211,0.0478377565741539,-0.0934117063879967,0.470338612794876,0.489499479532242
7.95580005645752,0.47027000784874,0.489336103200912,0.0478572435677052,-0.0934463515877724,-0.0724840983748436,0.275510191917419,0.0478559359908104,-0.0934448465704918,0.0478572435677052,-0.0934463515877724,0.470267653465271,0.489336431026459,0.0478564389050007,-0.0934442356228828,-0.0724828392267227,0.275511264801025,-0.0724840983748436,0.275510191917419,0.047856442630291,-0.0934442430734634,0.470268458127975,0.489339590072632,0.0478550419211388,-0.0934427082538605,0.0478559620678425,-0.0934448540210724,-0.0724828392267227,0.275511264801025,0.0478550642728806,-0.0934427157044411,0.470265001058578,0.48933881521225
7.95639991760254,0.470196336507797,0.489175409078598,0.0478744767606258,-0.0934773683547974,-0.0722829699516296,0.275578647851944,0.0478731989860535,-0.0934758558869362,0.0478744767606258,-0.0934773683547974,0.470193982124329,0.489175736904144,0.047873679548502,-0.0934752523899078,-0.0722817108035088,0.27557972073555,-0.0722829699516296,0.275578647851944,0.0478736832737923,-0.0934752598404884,0.470194756984711,0.489178866147995,0.0478723235428333,-0.0934737175703049,0.0478732027113438,-0.0934758633375168,-0.0722817108035088,0.27557972073555,0.0478723272681236,-0.0934737250208855,0.470191359519958,0.489178150892258
7.95699977874756,0.47012260556221,0.489014685153961,0.0478917360305786,-0.0935083851218224,-0.0720816478133202,0.275646984577179,0.0478904582560062,-0.0935068726539612,0.0478917360305786,-0.0935083851218224,0.470119953155518,0.489015191793442,0.0478909388184547,-0.0935062617063522,-0.0720803812146187,0.275648057460785,-0.0720816478133202,0.275646984577179,0.047890942543745,-0.0935062691569328,0.470120579004288,0.489018589258194,0.0478895604610443,-0.0935047268867493,0.0478904582560062,-0.0935068726539612,-0.0720803812146187,0.275648057460785,0.0478895641863346,-0.0935047343373299,0.470117568969727,0.489017397165298
7.95760011672974,0.470048129558563,0.488854616880417,0.0479089468717575,-0.0935393944382668,-0.0718802660703659,0.275715172290802,0.0479076690971851,-0.0935378894209862,0.0479089505970478,-0.0935394018888474,0.470045924186707,0.488854676485062,0.0479081459343433,-0.0935372859239578,-0.0718788653612137,0.275716304779053,-0.0718802660703659,0.275715172290802,0.0479081496596336,-0.0935372933745384,0.470046550035477,0.488858073949814,0.047906793653965,-0.0935357436537743,0.0479076690971851,-0.0935378894209862,-0.0718788653612137,0.275716304779053,0.047906793653965,-0.0935357436537743,0.47004309296608,0.488857299089432
7.95819997787476,0.469974011182785,0.488694071769714,0.0479261577129364,-0.0935704112052917,-0.0716786757111549,0.275783240795135,0.0479248538613319,-0.0935689136385918,0.0479261577129364,-0.0935704112052917,0.469971388578415,0.488694578409195,0.0479253567755222,-0.0935683026909828,-0.0716772824525833,0.275784343481064,-0.0716786757111549,0.275783240795135,0.0479253567755222,-0.0935683026909828,0.469972223043442,0.48869776725769,0.0479239784181118,-0.0935667604207993,0.0479248538613319,-0.0935689136385918,-0.0716772824525833,0.275784343481064,0.0479239784181118,-0.0935667604207993,0.469969004392624,0.488696783781052
7.95879983901978,0.46989917755127,0.48853412270546,0.0479433126747608,-0.0936014279723167,-0.071476899087429,0.275851190090179,0.0479420349001884,-0.0935999229550362,0.0479433164000511,-0.0936014354228973,0.469897001981735,0.488534212112427,0.0479425154626369,-0.0935993194580078,-0.0714756324887276,0.275852262973785,-0.0714769065380096,0.275851219892502,0.0479425154626369,-0.0935993269085884,0.469897598028183,0.488537669181824,0.0479411631822586,-0.0935977846384048,0.0479420349001884,-0.0935999229550362,-0.0714756324887276,0.275852262973785,0.0479411631822586,-0.0935977846384048,0.469894409179688,0.488536655902863
7.95940017700195,0.469824492931366,0.488373994827271,0.0479604974389076,-0.0936324521899223,-0.0712749287486076,0.275919020175934,0.0479591898620129,-0.0936309471726418,0.0479604974389076,-0.0936324521899223,0.469822108745575,0.488374292850494,0.0479596927762032,-0.0936303362250328,-0.0712736621499062,0.275920063257217,-0.0712749287486076,0.275919020175934,0.0479596965014935,-0.0936303436756134,0.469822913408279,0.488377511501312,0.0479583144187927,-0.0936288088560104,0.0479591898620129,-0.0936309471726418,-0.0712736621499062,0.275920063257217,0.0479583144187927,-0.0936288088560104,0.469819515943527,0.48837673664093
7.96000003814697,0.469749510288239,0.488214045763016,0.0479776039719582,-0.0936634838581085,-0.0710728988051414,0.275986701250076,0.0479763224720955,-0.0936619713902473,0.0479776039719582,-0.0936634838581085,0.469747126102448,0.488214373588562,0.0479767993092537,-0.093661367893219,-0.0710714980959892,0.275987803936005,-0.0710728988051414,0.275986701250076,0.047976803034544,-0.0936613753437996,0.469747960567474,0.488217562437057,0.0479754470288754,-0.0936598256230354,0.0479763224720955,-0.0936619713902473,-0.0710714980959892,0.275987803936005,0.0479754470288754,-0.0936598256230354,0.469744741916656,0.488216549158096
7.96059989929199,0.469674527645111,0.488054096698761,0.0479947067797184,-0.0936945080757141,-0.0708706602454185,0.276054233312607,0.047993429005146,-0.0936929956078529,0.0479947067797184,-0.0936945080757141,0.469671875238419,0.488054603338242,0.0479939058423042,-0.0936923921108246,-0.0708693936467171,0.276055306196213,-0.0708706602454185,0.276054233312607,0.0479939095675945,-0.0936923995614052,0.469672918319702,0.488057553768158,0.0479925535619259,-0.0936908423900604,0.047993429005146,-0.0936929956078529,-0.0708693936467171,0.276055306196213,0.0479925535619259,-0.0936908423900604,0.469669491052628,0.488056778907776
7.96120023727417,0.469598948955536,0.487894535064697,0.0480117872357368,-0.0937255397439003,-0.0706682428717613,0.27612167596817,0.0480105057358742,-0.0937240272760391,0.0480117872357368,-0.0937255397439003,0.4695965051651,0.487894803285599,0.0480109862983227,-0.0937234163284302,-0.0706668347120285,0.276122748851776,-0.0706682428717613,0.27612167596817,0.048010990023613,-0.0937234237790108,0.469597339630127,0.487897992134094,0.048009630292654,-0.0937218740582466,0.0480105057358742,-0.0937240272760391,-0.0706668347120285,0.276122748851776,0.0480096340179443,-0.0937218815088272,0.469593942165375,0.487897276878357
7.96180009841919,0.469523310661316,0.487734973430634,0.048028863966465,-0.0937565639615059,-0.0704657509922981,0.276188939809799,0.0480275601148605,-0.0937550589442253,0.048028863966465,-0.0937565714120865,0.469521135091782,0.487735062837601,0.0480280630290508,-0.093754455447197,-0.0704643502831459,0.276190042495728,-0.0704657509922981,0.276188939809799,0.0480280630290508,-0.093754455447197,0.469521731138229,0.487738460302353,0.0480267070233822,-0.0937528982758522,0.0480275824666023,-0.0937550589442253,-0.0704643502831459,0.276190042495728,0.0480267070233822,-0.0937528982758522,0.469518572092056,0.487737447023392
7.96239995956421,0.469447404146194,0.487575620412827,0.0480458922684193,-0.0937876030802727,-0.0702629387378693,0.276256114244461,0.0480446107685566,-0.0937860906124115,0.0480458922684193,-0.0937876030802727,0.469445198774338,0.487575680017471,0.0480450913310051,-0.0937854796648026,-0.0702616572380066,0.276257157325745,-0.0702629387378693,0.276256114244461,0.0480450950562954,-0.0937854871153831,0.469445794820786,0.487579077482224,0.0480437353253365,-0.093783937394619,0.0480446107685566,-0.0937860906124115,-0.0702616572380066,0.276257157325745,0.0480437353253365,-0.093783937394619,0.469442635774612,0.487578064203262
7.96299982070923,0.469371646642685,0.487415969371796,0.0480628944933414,-0.0938186347484589,-0.0700601935386658,0.276323109865189,0.0480616092681885,-0.0938171222805977,0.0480628944933414,-0.0938186347484589,0.469369024038315,0.487416505813599,0.0480621159076691,-0.0938165113329887,-0.0700587779283524,0.276324182748795,-0.0700601935386658,0.276323109865189,0.0480620972812176,-0.0938165262341499,0.469369828701019,0.487419694662094,0.0480607375502586,-0.0938149765133858,0.0480616092681885,-0.0938171222805977,-0.0700587779283524,0.276324182748795,0.0480607375502586,-0.0938149765133858,0.469366669654846,0.487418711185455
7.96360015869141,0.469295412302017,0.487256795167923,0.0480798929929733,-0.0938496738672256,-0.069857120513916,0.276390016078949,0.0480786077678204,-0.0938481613993645,0.0480798967182636,-0.0938496738672256,0.46929270029068,0.487257301807404,0.0480790920555592,-0.0938475579023361,-0.0698558390140533,0.27639102935791,-0.069857120513916,0.276390016078949,0.0480790920555592,-0.0938475579023361,0.469293564558029,0.487260460853577,0.0480777360498905,-0.0938460156321526,0.0480786077678204,-0.0938481613993645,-0.0698558390140533,0.27639102935791,0.0480777360498905,-0.0938460007309914,0.469290405511856,0.487259536981583
7.96420001983643,0.469218552112579,0.487097978591919,0.0480968430638313,-0.0938807055354118,-0.0696538537740707,0.276456773281097,0.0480955839157104,-0.0938792005181313,0.0480968430638313,-0.0938807055354118,0.469216376543045,0.487098097801208,0.0480960682034492,-0.0938785895705223,-0.0696525722742081,0.276457816362381,-0.0696538537740707,0.276456773281097,0.0480960682034492,-0.0938785970211029,0.469217002391815,0.487101465463638,0.0480947084724903,-0.0938770398497581,0.0480955839157104,-0.0938792005181313,-0.0696525722742081,0.276457816362381,0.0480947084724903,-0.0938770473003387,0.46921381354332,0.487100511789322
7.96479988098145,0.469141930341721,0.486938983201981,0.048113789409399,-0.0939117521047592,-0.0694506466388702,0.276523351669312,0.0481125079095364,-0.093910239636898,0.048113789409399,-0.0939117521047592,0.469139814376831,0.486939072608948,0.0481129884719849,-0.0939096286892891,-0.0694492384791374,0.276524424552917,-0.0694506540894508,0.276523381471634,0.0481129921972752,-0.0939096361398697,0.469140380620956,0.4869424700737,0.0481116324663162,-0.0939080789685249,0.0481125079095364,-0.093910239636898,-0.0694492384791374,0.276524424552917,0.0481116361916065,-0.0939080864191055,0.469137191772461,0.486941516399384
7.96540021896362,0.469065248966217,0.48677995800972,0.0481307096779346,-0.093942791223526,-0.0692471191287041,0.276589840650558,0.048129428178072,-0.0939412787556648,0.0481307134032249,-0.0939427986741066,0.469062894582748,0.486780256032944,0.0481299124658108,-0.0939406678080559,-0.069245845079422,0.276590883731842,-0.0692471265792847,0.276589870452881,0.0481299124658108,-0.0939406678080559,0.469063460826874,0.486783683300018,0.0481285527348518,-0.0939391255378723,0.048129428178072,-0.0939412787556648,-0.069245845079422,0.276590883731842,0.0481285527348518,-0.0939391255378723,0.469060510396957,0.4867824614048
7.96600008010864,0.468988060951233,0.486621350049973,0.0481476113200188,-0.0939738377928734,-0.069043405354023,0.276656210422516,0.0481463223695755,-0.0939723253250122,0.0481476113200188,-0.0939738377928734,0.468985676765442,0.486621648073196,0.0481468290090561,-0.0939717143774033,-0.0690421238541603,0.276657283306122,-0.069043405354023,0.276656210422516,0.0481468327343464,-0.0939717218279839,0.468986511230469,0.486624836921692,0.0481454730033875,-0.0939701646566391,0.0481463223695755,-0.0939723253250122,-0.0690421238541603,0.276657283306122,0.0481454730033875,-0.0939701646566391,0.468983083963394,0.48662406206131
7.96659994125366,0.468911051750183,0.486462533473969,0.0481644794344902,-0.0940048843622208,-0.0688396170735359,0.276722401380539,0.048163216561079,-0.0940033718943596,0.0481644831597805,-0.0940048918128014,0.468908399343491,0.486463010311127,0.0481637008488178,-0.0940027683973312,-0.0688383355736732,0.276723444461823,-0.0688396245241165,0.276722431182861,0.0481637008488178,-0.0940027683973312,0.468908965587616,0.486466407775879,0.0481623411178589,-0.0940012112259865,0.048163216561079,-0.0940033718943596,-0.0688383355736732,0.276723444461823,0.0481623448431492,-0.0940012112259865,0.468905866146088,0.486465483903885
7.96719980239868,0.468833237886429,0.486304312944412,0.0481813214719296,-0.0940359383821487,-0.0686356425285339,0.276788473129272,0.0481800362467766,-0.0940344259142876,0.0481813251972198,-0.0940359458327293,0.468831062316895,0.486304372549057,0.0481805466115475,-0.094033807516098,-0.0686343610286713,0.276789546012878,-0.0686356425285339,0.276788502931595,0.0481805466115475,-0.094033807516098,0.468831717967987,0.486307799816132,0.0481791831552982,-0.0940322577953339,0.0481800362467766,-0.0940344259142876,-0.0686343610286713,0.276789546012878,0.0481791868805885,-0.0940322652459145,0.468828499317169,0.486306816339493
7.96780014038086,0.468755632638931,0.486145824193954,0.0481981374323368,-0.0940669849514961,-0.0684316009283066,0.276854395866394,0.0481968782842159,-0.0940654724836349,0.0481981411576271,-0.0940669924020767,0.468753010034561,0.48614639043808,0.0481973811984062,-0.0940648540854454,-0.0684301927685738,0.276855498552322,-0.0684316009283066,0.276854395866394,0.0481973849236965,-0.094064861536026,0.468754053115845,0.486149311065674,0.0481960251927376,-0.0940633118152618,0.0481968782842159,-0.0940654724836349,-0.0684301927685738,0.276855498552322,0.0481960251927376,-0.0940633118152618,0.468750655651093,0.486148536205292
7.96840000152588,0.468677520751953,0.485987812280655,0.0482149533927441,-0.0940980389714241,-0.0682273656129837,0.276920229196548,0.0482136681675911,-0.0940965190529823,0.0482149533927441,-0.0940980389714241,0.468675374984741,0.485987931489944,0.0482141748070717,-0.094095915555954,-0.068226084113121,0.27692124247551,-0.0682273656129837,0.276920229196548,0.048214178532362,-0.0940959230065346,0.468675941228867,0.485991299152374,0.0482128374278545,-0.0940943583846092,0.0482136681675911,-0.0940965190529823,-0.068226084113121,0.27692124247551,0.0482128374278545,-0.0940943583846092,0.468672752380371,0.485990315675735
7.9689998626709,0.468599557876587,0.485829532146454,0.0482317395508289,-0.0941290855407715,-0.0680229365825653,0.276985883712769,0.0482304804027081,-0.0941275730729103,0.0482317432761192,-0.0941290929913521,0.468597024679184,0.485829859972,0.0482309646904469,-0.0941269621253014,-0.068021647632122,0.27698689699173,-0.0680229365825653,0.276985883712769,0.0482309646904469,-0.0941269621253014,0.468597769737244,0.485833138227463,0.0482296012341976,-0.0941254049539566,0.0482304804027081,-0.0941275730729103,-0.068021647632122,0.27698689699173,0.0482296012341976,-0.0941254049539566,0.468594461679459,0.485832273960114
7.96960020065308,0.468521177768707,0.485671550035477,0.0482485070824623,-0.0941601470112801,-0.0678184479475021,0.277051389217377,0.048247218132019,-0.0941586270928383,0.0482485070824623,-0.0941601470112801,0.468518674373627,0.485671937465668,0.0482477284967899,-0.0941580235958099,-0.067816898226738,0.277052462100983,-0.0678184479475021,0.277051389217377,0.0482477284967899,-0.0941580310463905,0.468519479036331,0.485675126314163,0.0482463650405407,-0.0941564664244652,0.048247218132019,-0.0941586270928383,-0.067816898226738,0.277052462100983,0.048246368765831,-0.0941564738750458,0.468516081571579,0.485674291849136
7.9702000617981,0.468442529439926,0.485513716936111,0.048265241086483,-0.0941912084817886,-0.067613497376442,0.277116805315018,0.04826395586133,-0.0941896811127663,0.048265241086483,-0.0941912084817886,0.468440145254135,0.48551407456398,0.0482644401490688,-0.0941890850663185,-0.0676122084259987,0.277117848396301,-0.067613497376442,0.277116805315018,0.0482644438743591,-0.0941890925168991,0.46844094991684,0.485517263412476,0.0482630990445614,-0.0941875204443932,0.04826395586133,-0.0941896811127663,-0.0676122084259987,0.277117848396301,0.0482631027698517,-0.0941875278949738,0.468437552452087,0.485516458749771
7.97079992294312,0.4683638215065,0.485356032848358,0.0482819490134716,-0.0942222625017166,-0.0674086138606071,0.277182042598724,0.0482806637883186,-0.0942207425832748,0.0482819490134716,-0.0942222625017166,0.468361288309097,0.485356330871582,0.0482811518013477,-0.0942201390862465,-0.0674073174595833,0.277183085680008,-0.0674086138606071,0.277182042598724,0.048281155526638,-0.0942201465368271,0.468362152576447,0.485359609127045,0.04827980697155,-0.0942185819149017,0.0482806637883186,-0.0942207425832748,-0.0674073174595833,0.277183085680008,0.0482798106968403,-0.0942185893654823,0.468358844518661,0.485358744859695
7.97139978408813,0.468284785747528,0.48519840836525,0.0482986383140087,-0.0942533314228058,-0.0672036707401276,0.277247160673141,0.0482973717153072,-0.0942518040537834,0.0482986383140087,-0.0942533314228058,0.468282431364059,0.485198765993118,0.0482978597283363,-0.0942512005567551,-0.0672023817896843,0.277248173952103,-0.0672036707401276,0.277247160673141,0.0482978597283363,-0.0942512080073357,0.468283146619797,0.485202014446259,0.0482964962720871,-0.0942496508359909,0.0482973717153072,-0.0942518040537834,-0.0672023817896843,0.277248173952103,0.0482964962720871,-0.0942496433854103,0.468279808759689,0.485201150178909
7.97200012207031,0.468205660581589,0.485040992498398,0.0483153201639652,-0.0942843928933144,-0.0669985339045525,0.277312099933624,0.048314031213522,-0.0942828729748726,0.0483153201639652,-0.0942843928933144,0.468203097581863,0.485041320323944,0.0483145155012608,-0.0942822694778442,-0.0669972449541092,0.277313143014908,-0.0669985339045525,0.277312099933624,0.0483145155012608,-0.0942822694778442,0.468203961849213,0.485044538974762,0.0483131557703018,-0.0942807123064995,0.048314031213522,-0.0942828729748726,-0.0669972449541092,0.277313143014908,0.0483131557703018,-0.0942807123064995,0.468200713396072,0.485043674707413
7.97259998321533,0.468126177787781,0.484883606433868,0.0483319498598576,-0.0943154618144035,-0.0667930617928505,0.27737694978714,0.0483306832611561,-0.0943139344453812,0.0483319498598576,-0.0943154618144035,0.468123763799667,0.484883964061737,0.0483311712741852,-0.0943133234977722,-0.0667917802929878,0.277378022670746,-0.0667930692434311,0.277376979589462,0.0483311749994755,-0.0943133309483528,0.468124508857727,0.484887182712555,0.0483298078179359,-0.0943117663264275,0.0483306832611561,-0.0943139344453812,-0.0667917802929878,0.277378022670746,0.0483298078179359,-0.0943117663264275,0.468121230602264,0.48488637804985
7.97319984436035,0.468046516180038,0.484726428985596,0.0483485758304596,-0.0943465232849121,-0.0665876716375351,0.277441620826721,0.0483472906053066,-0.0943450033664703,0.0483485795557499,-0.0943465307354927,0.46804416179657,0.484726756811142,0.0483477786183357,-0.094344399869442,-0.0665862485766411,0.277442663908005,-0.0665876716375351,0.277441620826721,0.0483477786183357,-0.094344399869442,0.468044877052307,0.48472997546196,0.048346433788538,-0.0943428352475166,0.0483472906053066,-0.0943450033664703,-0.0665862485766411,0.277442663908005,0.0483464375138283,-0.0943428426980972,0.468041598796844,0.484729140996933
7.97380018234253,0.467966735363007,0.484569311141968,0.048365157097578,-0.0943775996565819,-0.0663819536566734,0.277506202459335,0.0483638904988766,-0.0943760648369789,0.0483651608228683,-0.0943776071071625,0.467964351177216,0.484569698572159,0.048364382237196,-0.0943754687905312,-0.0663805231451988,0.277507245540619,-0.0663819536566734,0.277506202459335,0.048364382237196,-0.0943754687905312,0.467965096235275,0.484572887420654,0.0483630374073982,-0.0943738967180252,0.0483638904988766,-0.0943760648369789,-0.0663805231451988,0.277507245540619,0.0483630411326885,-0.0943739041686058,0.46796178817749,0.484572052955627
7.97440004348755,0.46788677573204,0.484412342309952,0.0483817309141159,-0.0944086611270905,-0.0661761686205864,0.277570605278015,0.0483804643154144,-0.0944071412086487,0.0483817346394062,-0.0944086760282516,0.46788427233696,0.484412729740143,0.0483809821307659,-0.0944065377116203,-0.0661747455596924,0.277571648359299,-0.0661761686205864,0.277570605278015,0.0483809597790241,-0.0944065451622009,0.467885136604309,0.484415978193283,0.0483796149492264,-0.094404973089695,0.0483804643154144,-0.0944071412086487,-0.0661747455596924,0.277571648359299,0.0483796149492264,-0.094404973089695,0.467881858348846,0.484415173530579
7.97499990463257,0.46780651807785,0.48425555229187,0.048398282378912,-0.0944397374987602,-0.0659701898694038,0.277634859085083,0.0483970157802105,-0.0944382175803185,0.048398282378912,-0.0944397449493408,0.467804044485092,0.484255969524384,0.0483975261449814,-0.0944376066327095,-0.0659687668085098,0.277635931968689,-0.0659701973199844,0.277634888887405,0.0483975298702717,-0.0944376140832901,0.467804878950119,0.484259158372879,0.0483961626887321,-0.0944360494613647,0.0483970157802105,-0.0944382175803185,-0.0659687668085098,0.277635931968689,0.0483961626887321,-0.0944360494613647,0.467801541090012,0.48425829410553
7.97559976577759,0.467726081609726,0.484098851680756,0.048414833843708,-0.09447081387043,-0.0657640248537064,0.277699053287506,0.0484135411679745,-0.0944692865014076,0.048414833843708,-0.09447081387043,0.467723608016968,0.484099268913269,0.0484140291810036,-0.0944686830043793,-0.0657625943422318,0.277700066566467,-0.0657640248537064,0.277699053287506,0.0484140291810036,-0.0944686830043793,0.467724472284317,0.484102487564087,0.0484127067029476,-0.0944671183824539,0.0484135411679745,-0.0944692865014076,-0.0657625943422318,0.277700066566467,0.0484127104282379,-0.0944671258330345,0.46772101521492,0.484101623296738
7.97620010375977,0.4676453769207,0.483942270278931,0.0484313257038593,-0.0945018976926804,-0.0655576586723328,0.27776300907135,0.0484300404787064,-0.094500370323658,0.0484313257038593,-0.0945018976926804,0.467643022537231,0.483942657709122,0.048430547118187,-0.094499759376049,-0.0655563622713089,0.277764052152634,-0.0655576586723328,0.27776300907135,0.0484305508434772,-0.0944997668266296,0.467643707990646,0.48394587635994,0.0484292060136795,-0.0944981947541237,0.0484300404787064,-0.094500370323658,-0.0655563622713089,0.277764052152634,0.0484292060136795,-0.0944981947541237,0.467640459537506,0.483945101499557
7.97679996490479,0.46756449341774,0.483785837888718,0.0484477989375591,-0.0945329740643501,-0.0653512254357338,0.277826875448227,0.0484465323388577,-0.0945314392447472,0.0484477989375591,-0.0945329740643501,0.467562139034271,0.483786255121231,0.0484470203518867,-0.0945308431982994,-0.0653499364852905,0.277827888727188,-0.0653512328863144,0.277826905250549,0.048447024077177,-0.09453085064888,0.467562824487686,0.483789473772049,0.0484457015991211,-0.0945292711257935,0.0484465323388577,-0.0945314392447472,-0.0653499364852905,0.277827888727188,0.0484457015991211,-0.0945292711257935,0.467559576034546,0.483788639307022
7.9773998260498,0.467483431100845,0.483629584312439,0.0484642684459686,-0.0945640504360199,-0.0651446133852005,0.277890592813492,0.0484630018472672,-0.0945625230669975,0.0484642721712589,-0.0945640578866005,0.467481076717377,0.48362997174263,0.0484635084867477,-0.0945619195699692,-0.065143309533596,0.277891606092453,-0.0651446133852005,0.277890592813492,0.048463512212038,-0.0945619195699692,0.467481821775436,0.483633190393448,0.0484621450304985,-0.0945603549480438,0.0484630018472672,-0.0945625230669975,-0.065143309533596,0.277891606092453,0.0484621450304985,-0.0945603549480438,0.467478543519974,0.483632385730743
7.97800016403198,0.467402130365372,0.48347344994545,0.0484807081520557,-0.0945951342582703,-0.0649379268288612,0.277954131364822,0.048479437828064,-0.0945935994386673,0.0484807081520557,-0.0945951342582703,0.467399716377258,0.483473777770996,0.0484799295663834,-0.0945930033922195,-0.0649364963173866,0.277955174446106,-0.0649379268288612,0.277954131364822,0.0484799332916737,-0.0945930108428001,0.467400580644608,0.483476996421814,0.0484785847365856,-0.0945914313197136,0.0484794415533543,-0.0945936068892479,-0.0649364963173866,0.277955174446106,0.0484785884618759,-0.0945914313197136,0.467397183179855,0.483476161956787
7.978600025177,0.467320710420609,0.483317345380783,0.0484971255064011,-0.0946262180805206,-0.0647309198975563,0.278017550706863,0.0484958551824093,-0.0946246832609177,0.0484971031546593,-0.0946262255311012,0.467318207025528,0.483317732810974,0.0484963469207287,-0.0946240797638893,-0.0647296160459518,0.278018563985825,-0.0647309198975563,0.278017550706863,0.0484963469207287,-0.0946240797638893,0.4673191010952,0.483320981264114,0.0484949983656406,-0.094622515141964,0.0484958551824093,-0.0946246832609177,-0.0647296160459518,0.278018563985825,0.0484949983656406,-0.094622515141964,0.467315673828125,0.483320146799088
7.97919988632202,0.467239052057266,0.483161449432373,0.0485134907066822,-0.0946573093533516,-0.0645239800214767,0.278080821037292,0.0485122427344322,-0.094655767083168,0.0485134907066822,-0.0946573093533516,0.467236578464508,0.483161866664886,0.0485127344727516,-0.0946551710367203,-0.0645224079489708,0.278081864118576,-0.0645239874720573,0.278080850839615,0.0485127344727516,-0.0946551784873009,0.467237263917923,0.48316502571106,0.0485113859176636,-0.0946535989642143,0.0485122427344322,-0.094655767083168,-0.0645224079489708,0.278081864118576,0.0485113859176636,-0.0946535989642143,0.46723398566246,0.483164250850677
7.9798002243042,0.4671570956707,0.48300564289093,0.0485298708081245,-0.094688393175602,-0.0643165856599808,0.278144001960754,0.0485286042094231,-0.094686858355999,0.0485298745334148,-0.0946884006261826,0.467154622077942,0.483006060123444,0.0485291182994843,-0.0946862548589706,-0.0643152818083763,0.278144985437393,-0.0643165856599808,0.278144001960754,0.0485291220247746,-0.0946862623095512,0.467155486345291,0.483009338378906,0.0485277473926544,-0.0946846827864647,0.0485286042094231,-0.094686858355999,-0.0643152818083763,0.278144985437393,0.0485277511179447,-0.0946846902370453,0.467152178287506,0.483008474111557
7.98040008544922,0.467074990272522,0.482850074768066,0.0485462062060833,-0.0947194769978523,-0.0641092658042908,0.278207004070282,0.0485449619591236,-0.09471794962883,0.0485462099313736,-0.0947194844484329,0.467072457075119,0.482850402593613,0.048545453697443,-0.0947173461318016,-0.0641079545021057,0.278208017349243,-0.0641092658042908,0.278207004070282,0.0485454574227333,-0.0947173535823822,0.467073380947113,0.482853680849075,0.048544105142355,-0.0947157666087151,0.0485449619591236,-0.09471794962883,-0.0641079545021057,0.278208017349243,0.0485441088676453,-0.0947157740592957,0.467069953680038,0.482852846384048
7.98099994659424,0.466992676258087,0.482694506645203,0.0485625416040421,-0.0947505682706833,-0.0639018714427948,0.278269797563553,0.0485612936317921,-0.0947490334510803,0.0485625416040421,-0.0947505682706833,0.466990202665329,0.482694953680038,0.0485617853701115,-0.0947484374046326,-0.0639003068208694,0.278270870447159,-0.0639018714427948,0.278269797563553,0.0485617890954018,-0.0947484448552132,0.466991037130356,0.482698112726212,0.0485604368150234,-0.094746857881546,0.0485612936317921,-0.0947490334510803,-0.0639003068208694,0.278270870447159,0.0485604368150234,-0.094746857881546,0.466987609863281,0.482697337865829
7.98159980773926,0.466910123825073,0.482539176940918,0.0485788471996784,-0.0947816669940948,-0.063694030046463,0.278332531452179,0.0485775731503963,-0.0947801247239113,0.0485788471996784,-0.0947816669940948,0.466907620429993,0.482539504766464,0.048578068614006,-0.0947795286774635,-0.063692718744278,0.278333514928818,-0.0636940374970436,0.278332561254501,0.048578068614006,-0.0947795286774635,0.466908484697342,0.482542783021927,0.0485767461359501,-0.0947779566049576,0.0485775731503963,-0.0947801247239113,-0.063692718744278,0.278333514928818,0.0485767461359501,-0.0947779566049576,0.466905057430267,0.4825419485569
7.98220014572144,0.466827392578125,0.482383966445923,0.0485951229929924,-0.0948127582669258,-0.0634862557053566,0.278395086526871,0.0485938526690006,-0.0948112234473228,0.0485951043665409,-0.0948127657175064,0.466824859380722,0.482384294271469,0.04859434440732,-0.0948106199502945,-0.0634848177433014,0.278396129608154,-0.0634862557053566,0.278395086526871,0.0485943481326103,-0.0948106274008751,0.466825753450394,0.482387542724609,0.0485930219292641,-0.0948090478777885,0.0485938526690006,-0.0948112234473228,-0.0634848177433014,0.278396129608154,0.0485930219292641,-0.0948090478777885,0.466822445392609,0.48238667845726
7.98280000686646,0.466744363307953,0.482228845357895,0.0486113801598549,-0.0948438495397568,-0.0632782876491547,0.278457492589951,0.0486101023852825,-0.0948423147201538,0.0486113801598549,-0.0948438495397568,0.466742008924484,0.482229202985764,0.0486106239259243,-0.0948417186737061,-0.0632768422365189,0.278458505868912,-0.0632782876491547,0.278457492589951,0.0486106239259243,-0.0948417261242867,0.466742694377899,0.482232391834259,0.048609271645546,-0.0948401391506195,0.0486101061105728,-0.0948423221707344,-0.0632768422365189,0.278458505868912,0.048609271645546,-0.0948401391506195,0.466739445924759,0.482231616973877
7.98339986801147,0.466661274433136,0.482073813676834,0.0486276037991047,-0.0948749557137489,-0.0630701258778572,0.278519749641418,0.0486263521015644,-0.0948734059929848,0.0486276037991047,-0.0948749557137489,0.466658771038055,0.482074230909348,0.0486268512904644,-0.094872809946537,-0.0630688145756721,0.27852076292038,-0.0630701258778572,0.278519749641418,0.0486268512904644,-0.094872809946537,0.46665957570076,0.482077479362488,0.0486254990100861,-0.0948712378740311,0.0486263558268547,-0.0948734134435654,-0.0630686804652214,0.278520792722702,0.0486254990100861,-0.0948712378740311,0.466656267642975,0.482076615095139
7.98400020599365,0.46657782793045,0.48191899061203,0.0486438237130642,-0.0949060544371605,-0.0628617703914642,0.278581887483597,0.0486425533890724,-0.0949045121669769,0.0486438237130642,-0.0949060544371605,0.466575443744659,0.481919378042221,0.0486430712044239,-0.0949039161205292,-0.0628604665398598,0.278582900762558,-0.0628617703914642,0.278581887483597,0.0486430712044239,-0.0949039161205292,0.466576337814331,0.481922626495361,0.0486417002975941,-0.0949023365974426,0.0486425533890724,-0.0949045121669769,-0.0628604665398598,0.278582900762558,0.0486417002975941,-0.0949023365974426,0.466572910547256,0.481921821832657
7.98460006713867,0.466494292020798,0.481764286756516,0.0486599951982498,-0.0949371531605721,-0.0626533553004265,0.278643876314163,0.0486587509512901,-0.0949356183409691,0.0486599951982498,-0.0949371531605721,0.46649181842804,0.481764703989029,0.0486592426896095,-0.0949350073933601,-0.0626519173383713,0.278644889593124,-0.0626533553004265,0.278643876314163,0.0486592464148998,-0.0949350148439407,0.466492682695389,0.481767922639847,0.0486579164862633,-0.0949334278702736,0.0486587509512901,-0.0949356183409691,-0.0626519173383713,0.278644889593124,0.0486579202115536,-0.0949334353208542,0.466489434242249,0.48176708817482
7.98519992828369,0.466410517692566,0.481609761714935,0.0486761666834354,-0.0949682593345642,-0.0624447502195835,0.278705686330795,0.0486748926341534,-0.0949667170643806,0.0486761666834354,-0.0949682593345642,0.466407984495163,0.481610119342804,0.0486754141747952,-0.0949661135673523,-0.0624433048069477,0.278706729412079,-0.0624447502195835,0.278705686330795,0.0486754141747952,-0.0949661135673523,0.466408908367157,0.481613367795944,0.0486740618944168,-0.0949645414948463,0.0486749149858952,-0.0949667096138,-0.0624433048069477,0.278706729412079,0.0486740618944168,-0.0949645414948463,0.466405600309372,0.48161256313324
7.98579978942871,0.466326534748077,0.481455296278,0.0486923083662987,-0.0949993580579758,-0.0622359476983547,0.278767377138138,0.0486910380423069,-0.0949978232383728,0.0486922860145569,-0.0949993655085564,0.466324031352997,0.481455683708191,0.0486915558576584,-0.0949972122907639,-0.0622345022857189,0.278768390417099,-0.0622359476983547,0.278767377138138,0.0486915558576584,-0.0949972122907639,0.466324895620346,0.481458902359009,0.04869020357728,-0.0949956402182579,0.0486910380423069,-0.0949978232383728,-0.0622345022857189,0.278768390417099,0.04869020357728,-0.0949956402182579,0.466321498155594,0.481458067893982
7.98640012741089,0.46624231338501,0.481301039457321,0.048708401620388,-0.0950304716825485,-0.062026958912611,0.278828948736191,0.048707153648138,-0.095028929412365,0.048708401620388,-0.0950304716825485,0.466239809989929,0.48130139708519,0.0487076677381992,-0.095028318464756,-0.0620256364345551,0.278829902410507,-0.062026958912611,0.278828948736191,0.0487076453864574,-0.0950283259153366,0.466240674257278,0.481304585933685,0.0487063191831112,-0.0950267463922501,0.048707153648138,-0.095028929412365,-0.0620256364345551,0.278829902410507,0.0487063191831112,-0.0950267463922501,0.466237396001816,0.481303811073303
7.98699998855591,0.466157913208008,0.48114687204361,0.0487245172262192,-0.0950615778565407,-0.0618178993463516,0.278890341520309,0.0487232618033886,-0.0950600281357765,0.0487245172262192,-0.0950615778565407,0.466155409812927,0.481147259473801,0.0487237609922886,-0.0950594320893288,-0.0618165843188763,0.278891295194626,-0.0618178993463516,0.278890341520309,0.0487237609922886,-0.0950594320893288,0.466156274080276,0.481150448322296,0.048722431063652,-0.0950578525662422,0.0487232618033886,-0.0950600281357765,-0.0618165843188763,0.278891295194626,0.048722431063652,-0.0950578525662422,0.466152876615524,0.481149673461914
7.98759984970093,0.466073334217072,0.480992823839188,0.0487405769526958,-0.0950926840305328,-0.0616087801754475,0.278951525688171,0.0487393252551556,-0.0950911417603493,0.0487405769526958,-0.0950926840305328,0.466070860624313,0.480993270874023,0.048739816993475,-0.0950905382633209,-0.0616073310375214,0.278952538967133,-0.0616087801754475,0.278951525688171,0.0487398207187653,-0.0950905457139015,0.466071724891663,0.480996459722519,0.0487384907901287,-0.0950889587402344,0.0487393252551556,-0.0950911417603493,-0.0616073310375214,0.278952538967133,0.048738494515419,-0.095088966190815,0.466068357229233,0.480995655059814
7.98820018768311,0.465988487005234,0.4808389544487,0.0487566366791725,-0.0951237976551056,-0.0613993443548679,0.279012650251389,0.0487553812563419,-0.0951222479343414,0.0487566366791725,-0.0951237976551056,0.465985983610153,0.480839371681213,0.0487558804452419,-0.0951216518878937,-0.0613978877663612,0.27901366353035,-0.0613993443548679,0.279012650251389,0.0487558804452419,-0.0951216518878937,0.465986847877502,0.480842560529709,0.0487545505166054,-0.0951200649142265,0.0487553812563419,-0.0951222479343414,-0.0613978877663612,0.27901366353035,0.0487545505166054,-0.0951200649142265,0.465983480215073,0.480841785669327
7.98880004882813,0.465903431177139,0.480685174465179,0.0487726666033268,-0.0951549038290977,-0.0611898377537727,0.279073566198349,0.0487713925540447,-0.0951533615589142,0.0487726666033268,-0.0951549112796783,0.465900957584381,0.480685591697693,0.0487719103693962,-0.0951527580618858,-0.0611882582306862,0.279074609279633,-0.0611898452043533,0.279073596000671,0.0487719140946865,-0.0951527655124664,0.465901851654053,0.480688810348511,0.0487705580890179,-0.0951511785387993,0.0487713925540447,-0.0951533615589142,-0.0611882582306862,0.279074609279633,0.0487705580890179,-0.0951511785387993,0.465898454189301,0.480688005685806
7.98939990997314,0.465818226337433,0.480531632900238,0.048788670450449,-0.0951860100030899,-0.0609800145030022,0.279134422540665,0.0487873964011669,-0.0951844751834869,0.0487886480987072,-0.0951860323548317,0.46581569314003,0.480531990528107,0.0487879179418087,-0.0951838716864586,-0.0609786920249462,0.279135346412659,-0.0609800145030022,0.279134422540665,0.048787921667099,-0.0951838791370392,0.465816587209702,0.480535209178925,0.0487865619361401,-0.095182292163372,0.0487873964011669,-0.0951844751834869,-0.0609786920249462,0.279135346412659,0.0487865619361401,-0.095182292163372,0.465813279151917,0.480534374713898
7.98999977111816,0.465732723474503,0.480378121137619,0.0488046482205391,-0.0952171310782433,-0.0607702620327473,0.279195040464401,0.0488033927977085,-0.0952155888080597,0.0488046519458294,-0.0952171459794044,0.465730249881744,0.480378568172455,0.0488038957118988,-0.0952149853110313,-0.0607688054442406,0.27919602394104,-0.0607702620327473,0.279195040464401,0.0488038957118988,-0.0952149853110313,0.465731114149094,0.480381786823273,0.0488025657832623,-0.0952134057879448,0.0488033927977085,-0.0952155888080597,-0.0607688054442406,0.27919602394104,0.0488025657832623,-0.0952134057879448,0.465727746486664,0.480380952358246
7.99060010910034,0.465647131204605,0.480224788188934,0.0488205999135971,-0.0952482521533966,-0.0605601780116558,0.279255509376526,0.0488193444907665,-0.095246709883213,0.0488205999135971,-0.0952482521533966,0.465644657611847,0.48022523522377,0.0488198474049568,-0.0952461063861847,-0.0605588592588902,0.279256492853165,-0.0605601780116558,0.279255509376526,0.0488198474049568,-0.0952461063861847,0.465645551681519,0.480228394269943,0.04881851375103,-0.0952445194125175,0.0488193444907665,-0.095246709883213,-0.0605588592588902,0.279256492853165,0.0488185174763203,-0.0952445268630981,0.465642124414444,0.480227619409561
7.99119997024536,0.465561240911484,0.480071604251862,0.0488365441560745,-0.09527937322855,-0.0603500381112099,0.279315859079361,0.0488352924585342,-0.0952778235077858,0.0488365478813648,-0.0952793806791306,0.465558737516403,0.480072051286697,0.0488357916474342,-0.0952772200107574,-0.0603487156331539,0.279316842556,-0.0603500455617905,0.279315888881683,0.0488357953727245,-0.095277227461338,0.465559661388397,0.480075240135193,0.048834465444088,-0.0952756404876709,0.0488352924585342,-0.0952778235077858,-0.0603487156331539,0.279316842556,0.048834465444088,-0.0952756404876709,0.465556234121323,0.480074465274811
7.99179983139038,0.465475231409073,0.479918539524078,0.0488524474203587,-0.0953104943037033,-0.0601397082209587,0.279376059770584,0.0488511919975281,-0.0953089445829391,0.0488524474203587,-0.0953104943037033,0.465472668409348,0.479918956756592,0.0488517135381699,-0.0953083336353302,-0.060138251632452,0.279377073049545,-0.0601397082209587,0.279376059770584,0.0488516911864281,-0.095308355987072,0.465473592281342,0.47992217540741,0.0488503575325012,-0.0953067541122437,0.0488511919975281,-0.0953089445829391,-0.060138251632452,0.279377073049545,0.0488503575325012,-0.0953067541122437,0.465470165014267,0.479921400547028
7.99240016937256,0.465388864278793,0.479765623807907,0.0488683395087719,-0.0953416153788567,-0.0599293150007725,0.279436081647873,0.0488670840859413,-0.0953400656580925,0.0488683395087719,-0.0953416153788567,0.465386360883713,0.479766041040421,0.0488675832748413,-0.0953394621610641,-0.0599278584122658,0.279437094926834,-0.0599293150007725,0.279436081647873,0.0488675832748413,-0.0953394696116447,0.465387254953384,0.479769229888916,0.0488662533462048,-0.0953378826379776,0.0488670840859413,-0.0953400656580925,-0.0599278584122658,0.279437094926834,0.0488662533462048,-0.095337875187397,0.465383857488632,0.479768484830856
7.99300003051758,0.465302377939224,0.479612857103348,0.0488842017948627,-0.09537273645401,-0.0597187280654907,0.279495984315872,0.0488829463720322,-0.0953711792826653,0.048884205520153,-0.0953727439045906,0.465299904346466,0.479613274335861,0.0488834716379642,-0.0953705832362175,-0.0597171373665333,0.279497027397156,-0.0597187280654907,0.279495984315872,0.0488834753632545,-0.0953705906867981,0.465300798416138,0.479616522789001,0.0488821417093277,-0.0953689962625504,0.0488829463720322,-0.0953711792826653,-0.0597171373665333,0.279497027397156,0.0488821417093277,-0.0953689962625504,0.465297371149063,0.479615688323975
7.9935998916626,0.465215742588043,0.4794602394104,0.0489000678062439,-0.095403864979744,-0.0595079511404037,0.279555708169937,0.0488987900316715,-0.0954023152589798,0.0489000678062439,-0.095403864979744,0.465213239192963,0.479460626840591,0.0488993115723133,-0.0954017117619514,-0.0595064908266068,0.279556721448898,-0.059507954865694,0.27955573797226,0.0488993115723133,-0.0954017117619514,0.465214163064957,0.479463905096054,0.0488979779183865,-0.0954001247882843,0.0488987900316715,-0.0954023152589798,-0.0595064908266068,0.279556721448898,0.0488979779183865,-0.0954001247882843,0.465210765600204,0.47946310043335
7.99420022964478,0.465128839015961,0.479307740926743,0.0489158555865288,-0.0954349860548973,-0.0592968463897705,0.279615312814713,0.0489146001636982,-0.0954334363341331,0.0489158593118191,-0.0954349935054779,0.465126305818558,0.479308187961578,0.0489151477813721,-0.0954328328371048,-0.0592955239117146,0.279616326093674,-0.0592968463897705,0.279615312814713,0.0489151515066624,-0.0954328402876854,0.465127229690552,0.479311347007751,0.0489137917757034,-0.0954312458634377,0.0489146001636982,-0.0954334363341331,-0.0592955239117146,0.279616326093674,0.0489137955009937,-0.0954312533140182,0.465123802423477,0.479310572147369
7.99480009078979,0.465041756629944,0.479155421257019,0.0489316657185555,-0.0954661220312119,-0.0590858198702335,0.279674768447876,0.0489304326474667,-0.0954645574092865,0.0489316657185555,-0.0954661220312119,0.465039253234863,0.479155838489532,0.0489309318363667,-0.0954639613628387,-0.059084489941597,0.279675722122192,-0.0590858198702335,0.279674768447876,0.048930935561657,-0.0954639688134193,0.465040177106857,0.479159086942673,0.0489296019077301,-0.0954623818397522,0.0489304326474667,-0.0954645574092865,-0.059084489941597,0.279675722122192,0.0489296019077301,-0.0954623743891716,0.465036779642105,0.479158282279968
7.99539995193481,0.464954406023026,0.479003220796585,0.04894744977355,-0.0954972505569458,-0.0588747411966324,0.279734045267105,0.0489461906254292,-0.095495693385601,0.04894744977355,-0.0954972505569458,0.464951902627945,0.479003638029099,0.0489467158913612,-0.0954950973391533,-0.0588732771575451,0.279734998941422,-0.0588747411966324,0.279734045267105,0.0489467196166515,-0.0954950973391533,0.464952826499939,0.479006856679916,0.0489453785121441,-0.0954935029149055,0.0489461906254292,-0.095495693385601,-0.0588732771575451,0.279734998941422,0.0489453822374344,-0.0954935029149055,0.464949399232864,0.479006111621857
7.99599981307983,0.464866876602173,0.478851139545441,0.0489632003009319,-0.0955283716320992,-0.0586633235216141,0.279793173074722,0.0489619448781013,-0.095526821911335,0.0489632040262222,-0.0955283790826797,0.464864403009415,0.478851586580276,0.0489624477922916,-0.0955262258648872,-0.0586619302630424,0.279794156551361,-0.0586633235216141,0.279793173074722,0.0489624515175819,-0.0955262333154678,0.464865297079086,0.47885474562645,0.0489611364901066,-0.0955246314406395,0.0489619448781013,-0.095526821911335,-0.0586619302630424,0.279794156551361,0.0489611364901066,-0.0955246314406395,0.464861899614334,0.47885400056839
7.99660015106201,0.464779227972031,0.478699266910553,0.048978928476572,-0.0955595076084137,-0.0584517829120159,0.279852151870728,0.0489776730537415,-0.0955579578876495,0.048978928476572,-0.0955595076084137,0.464776605367661,0.478699654340744,0.0489781983196735,-0.0955573543906212,-0.0584503896534443,0.279853135347366,-0.0584517829120159,0.279852151870728,0.0489781983196735,-0.0955573543906212,0.464777618646622,0.478702872991562,0.0489768646657467,-0.0955557599663734,0.0489776730537415,-0.0955579578876495,-0.0584503896534443,0.279853135347366,0.0489768646657467,-0.0955557599663734,0.46477422118187,0.47870209813118
7.99720001220703,0.46469122171402,0.478547424077988,0.0489946492016315,-0.0955906435847282,-0.0582400560379028,0.279910951852798,0.048993393778801,-0.0955890938639641,0.0489946529269218,-0.0955906510353088,0.464688658714294,0.478547900915146,0.0489939004182816,-0.0955884903669357,-0.0582386516034603,0.279911935329437,-0.0582400560379028,0.279910951852798,0.0489939004182816,-0.0955884903669357,0.464689642190933,0.478551089763641,0.0489925667643547,-0.095586895942688,0.048993393778801,-0.0955890938639641,-0.0582386516034603,0.279911935329437,0.0489925667643547,-0.095586895942688,0.464686274528503,0.478550285100937
7.99779987335205,0.464603185653687,0.478395819664001,0.0490103252232075,-0.0956217721104622,-0.0580282621085644,0.27996963262558,0.0490090698003769,-0.095620222389698,0.0490103289484978,-0.0956217795610428,0.464600533246994,0.478396236896515,0.049009595066309,-0.0956196188926697,-0.0580268576741219,0.279970586299896,-0.0580282621085644,0.27996963262558,0.0490095987915993,-0.0956196263432503,0.464601576328278,0.47839942574501,0.0490082614123821,-0.0956180244684219,0.0490090698003769,-0.095620222389698,-0.0580268576741219,0.279970586299896,0.0490082614123821,-0.0956180244684219,0.464598149061203,0.478398680686951
7.99840021133423,0.464514762163162,0.478244334459305,0.0490259937942028,-0.0956529080867767,-0.057816281914711,0.280028164386749,0.0490247383713722,-0.0956513583660126,0.0490259975194931,-0.0956529155373573,0.464512199163437,0.478244751691818,0.0490252412855625,-0.0956507548689842,-0.0578148141503334,0.280029118061066,-0.057816281914711,0.280028164386749,0.0490252412855625,-0.0956507548689842,0.46451324224472,0.478247970342636,0.0490239299833775,-0.0956491604447365,0.0490247383713722,-0.0956513583660126,-0.0578148141503334,0.280029118061066,0.0490239299833775,-0.0956491604447365,0.464509814977646,0.478247225284576
7.99900007247925,0.464426249265671,0.47809299826622,0.0490416139364243,-0.0956840589642525,-0.0576041042804718,0.280086517333984,0.0490403808653355,-0.0956824943423271,0.0490416139364243,-0.0956840589642525,0.464423656463623,0.478093415498734,0.0490409061312675,-0.0956818908452988,-0.0576027035713196,0.280087500810623,-0.0576041042804718,0.280086517333984,0.0490409061312675,-0.09568190574646,0.464424699544907,0.478096574544907,0.0490395687520504,-0.095680296421051,0.0490403808653355,-0.0956824943423271,-0.0576027035713196,0.280087500810623,0.0490395724773407,-0.0956803038716316,0.464421272277832,0.478095829486847
7.99959993362427,0.464337468147278,0.47794184088707,0.0490572303533554,-0.095715194940567,-0.0573918074369431,0.280144721269608,0.0490559935569763,-0.0957136377692223,0.0490572303533554,-0.095715194940567,0.46433499455452,0.477942228317261,0.0490565225481987,-0.0957130268216133,-0.0573904067277908,0.280145674943924,-0.0573918074369431,0.280144721269608,0.049056526273489,-0.0957130342721939,0.464335888624191,0.477945387363434,0.0490551888942719,-0.0957114398479462,0.0490559935569763,-0.0957136377692223,-0.0573904067277908,0.280145674943924,0.0490551888942719,-0.0957114398479462,0.464332491159439,0.477944642305374
8.00020027160645,0.464248508214951,0.477790713310242,0.0490728430449963,-0.0957463383674622,-0.0571793168783188,0.280202776193619,0.0490715838968754,-0.0957447737455368,0.0490728430449963,-0.0957463383674622,0.464246034622192,0.4777911901474,0.0490721091628075,-0.0957441776990891,-0.057177908718586,0.280203729867935,-0.0571793168783188,0.280202776193619,0.0490721091628075,-0.0957441776990891,0.464246958494186,0.477794378995895,0.0490707941353321,-0.0957425758242607,0.0490715838968754,-0.0957447737455368,-0.057177908718586,0.280203729867935,0.0490707941353321,-0.0957425758242607,0.464243561029434,0.477793633937836
8.00080013275146,0.464159399271011,0.477639824151993,0.0490884035825729,-0.0957774743437767,-0.0569666996598244,0.280260682106018,0.0490871630609035,-0.0957759171724319,0.0490884035825729,-0.0957774743437767,0.464156895875931,0.477640271186829,0.0490876957774162,-0.0957753136754036,-0.0569652915000916,0.280261635780334,-0.0569666996598244,0.280260682106018,0.0490876957774162,-0.0957753136754036,0.464157819747925,0.477643460035324,0.0490863546729088,-0.0957737192511559,0.0490871630609035,-0.0957759171724319,-0.0569652915000916,0.280261635780334,0.0490863546729088,-0.0957737192511559,0.46415439248085,0.477642685174942
8.00139999389648,0.464069992303848,0.477489024400711,0.049103956669569,-0.0958086177706718,-0.0567539557814598,0.280318379402161,0.0491027198731899,-0.0958070531487465,0.049103956669569,-0.0958086177706718,0.464067548513412,0.477489531040192,0.0491032525897026,-0.0958064645528793,-0.056752547621727,0.280319362878799,-0.0567539557814598,0.280318379402161,0.0491032525897026,-0.0958064645528793,0.464068472385406,0.477492719888687,0.0491019152104855,-0.0958048701286316,0.0491027198731899,-0.0958070531487465,-0.0567524842917919,0.280319362878799,0.0491019152104855,-0.095804862678051,0.464065045118332,0.477491974830627
8.0019998550415,0.463980466127396,0.477338463068008,0.0491195097565651,-0.095839761197567,-0.05654102191329,0.280375987291336,0.0491182506084442,-0.0958381965756416,0.0491195134818554,-0.0958397686481476,0.46397790312767,0.477338910102844,0.0491187572479248,-0.0958376079797745,-0.0565395504236221,0.280376940965652,-0.05654102191329,0.280375987291336,0.0491187572479248,-0.0958376079797745,0.46397876739502,0.477342069149017,0.0491174384951591,-0.0958359986543655,0.0491182506084442,-0.0958381965756416,-0.0565395504236221,0.280376940965652,0.0491174422204494,-0.0958360061049461,0.46397539973259,0.47734135389328
8.00259971618652,0.463890701532364,0.477187991142273,0.0491350144147873,-0.0958709046244621,-0.0563280284404755,0.280433386564255,0.0491337552666664,-0.0958693474531174,0.0491350144147873,-0.0958709046244621,0.463888198137283,0.477188438177109,0.049134261906147,-0.0958687588572502,-0.0563265569508076,0.280434340238571,-0.0563280284404755,0.280433386564255,0.049134261906147,-0.0958687588572502,0.463889122009277,0.477191597223282,0.0491329431533813,-0.0958671495318413,0.0491337552666664,-0.0958693474531174,-0.0563265569508076,0.280434340238571,0.0491329431533813,-0.0958671495318413,0.463885575532913,0.477190881967545
8.00319957733154,0.463800698518753,0.477037638425827,0.049150463193655,-0.0959020629525185,-0.0561147145926952,0.280490666627884,0.0491492487490177,-0.0959004908800125,0.049150463193655,-0.0959020629525185,0.463798105716705,0.477038085460663,0.0491497553884983,-0.0958999022841454,-0.0561133064329624,0.2804916203022,-0.0561147145926952,0.280490666627884,0.0491497553884983,-0.0958999022841454,0.463799178600311,0.477041333913803,0.0491484180092812,-0.0958982929587364,0.0491492487490177,-0.0959004908800125,-0.0561133064329624,0.2804916203022,0.0491484180092812,-0.0958982929587364,0.46379566192627,0.477040588855743
8.00380039215088,0.463710486888885,0.476887494325638,0.0491659566760063,-0.095933198928833,-0.0559014081954956,0.280547767877579,0.0491646975278854,-0.0959316492080688,0.0491659566760063,-0.095933198928833,0.463707983493805,0.476887941360474,0.0491652265191078,-0.0959310457110405,-0.0558999292552471,0.280548721551895,-0.0559014081954956,0.280547767877579,0.049165204167366,-0.0959310457110405,0.463708907365799,0.476891100406647,0.0491638891398907,-0.0959294438362122,0.0491646975278854,-0.0959316492080688,-0.0558999292552471,0.280548721551895,0.0491638891398907,-0.0959294438362122,0.463705480098724,0.476890355348587
8.0044002532959,0.463620066642761,0.476737439632416,0.0491813756525517,-0.0959643572568893,-0.0556879080832005,0.280604720115662,0.0491801351308823,-0.095962792634964,0.0491813756525517,-0.0959643572568893,0.463617473840714,0.476737886667252,0.0491806454956532,-0.0959621891379356,-0.0556864328682423,0.280605673789978,-0.0556879080832005,0.280604720115662,0.0491806492209435,-0.0959621965885162,0.463618546724319,0.476741105318069,0.0491793304681778,-0.0959605872631073,0.0491801388561726,-0.0959628000855446,-0.0556864328682423,0.280605673789978,0.0491793304681778,-0.0959605872631073,0.463615030050278,0.47674036026001
8.00500011444092,0.46352943778038,0.476587623357773,0.0491967909038067,-0.0959955081343651,-0.0554741509258747,0.28066149353981,0.0491955317556858,-0.0959939509630203,0.0491967909038067,-0.0959955081343651,0.463526964187622,0.476588040590286,0.0491960868239403,-0.095993347465992,-0.0554727390408516,0.280662447214127,-0.0554741509258747,0.28066149353981,0.0491960868239403,-0.095993347465992,0.463527888059616,0.476591229438782,0.0491947494447231,-0.095991738140583,0.0491955317556858,-0.0959939509630203,-0.0554727390408516,0.280662447214127,0.0491947494447231,-0.095991738140583,0.463524460792542,0.476590514183044
8.00559997558594,0.463438659906387,0.476437866687775,0.0492121838033199,-0.0960266664624214,-0.0552603378891945,0.280718147754669,0.0492109432816505,-0.0960250943899155,0.0492121838033199,-0.0960266664624214,0.463436156511307,0.47643831372261,0.0492114722728729,-0.0960244983434677,-0.0552589222788811,0.280719071626663,-0.0552603378891945,0.280718147754669,0.0492114722728729,-0.0960244983434677,0.463437080383301,0.476441502571106,0.0492101348936558,-0.0960228964686394,0.0492109432816505,-0.0960250943899155,-0.0552589222788811,0.280719071626663,0.0492101348936558,-0.0960228964686394,0.463433653116226,0.476440757513046
8.00619983673096,0.463347673416138,0.476288259029388,0.0492275655269623,-0.0960578173398972,-0.0550463981926441,0.280774593353271,0.0492263026535511,-0.0960562527179718,0.0492275655269623,-0.0960578173398972,0.46334508061409,0.476288676261902,0.0492268353700638,-0.0960556492209435,-0.0550449825823307,0.280775517225266,-0.0550463981926441,0.280774593353271,0.0492268390953541,-0.096055656671524,0.463346034288406,0.476291924715042,0.0492255166172981,-0.0960540473461151,0.0492263026535511,-0.0960562527179718,-0.0550449825823307,0.280775517225266,0.0492255166172981,-0.0960540473461151,0.463342607021332,0.476291179656982
8.00679969787598,0.463256448507309,0.476138859987259,0.0492428988218307,-0.0960889682173729,-0.0548322685062885,0.280830919742584,0.0492416620254517,-0.0960874035954475,0.049242902547121,-0.0960889756679535,0.463253855705261,0.476139336824417,0.049242191016674,-0.0960868075489998,-0.0548307858407497,0.280831903219223,-0.0548322685062885,0.280830919742584,0.049242191016674,-0.0960868075489998,0.463254898786545,0.47614249587059,0.0492408499121666,-0.0960851982235909,0.0492416620254517,-0.0960874035954475,-0.0548307858407497,0.280831903219223,0.0492408499121666,-0.0960851982235909,0.463251411914825,0.476141780614853
8.007399559021,0.463164985179901,0.475989580154419,0.0492582283914089,-0.0961201265454292,-0.0546180121600628,0.280887067317963,0.0492569655179977,-0.0961185619235039,0.0492582283914089,-0.0961201265454292,0.463162481784821,0.475989997386932,0.0492575243115425,-0.0961179658770561,-0.054616529494524,0.280888020992279,-0.0546180121600628,0.280887067317963,0.0492575243115425,-0.0961179658770561,0.463163405656815,0.47599321603775,0.0492561794817448,-0.0961163491010666,0.0492569655179977,-0.0961185619235039,-0.054616529494524,0.280888020992279,0.0492561794817448,-0.0961163491010666,0.46315997838974,0.475992470979691
8.00800037384033,0.463073283433914,0.475840419530869,0.049273531883955,-0.0961512848734856,-0.0544035695493221,0.280943065881729,0.0492722876369953,-0.0961497128009796,0.049273531883955,-0.0961512848734856,0.463070809841156,0.475840866565704,0.0492728017270565,-0.0961491242051125,-0.0544020868837833,0.280944019556046,-0.0544035695493221,0.280943065881729,0.0492728017270565,-0.0961491242051125,0.463071912527084,0.475844085216522,0.0492715053260326,-0.0961475148797035,0.0492722876369953,-0.0961497128009796,-0.0544020868837833,0.280944019556046,0.0492715053260326,-0.0961475148797035,0.46306836605072,0.475843340158463
8.00860023498535,0.462981522083282,0.475691467523575,0.0492888316512108,-0.0961824432015419,-0.0541889332234859,0.280998885631561,0.0492875650525093,-0.0961808785796165,0.0492888316512108,-0.0961824432015419,0.462979048490524,0.475691914558411,0.049288097769022,-0.0961802750825882,-0.0541874505579472,0.280999839305878,-0.0541889332234859,0.280998885631561,0.0492881014943123,-0.0961802825331688,0.462979942560196,0.475695073604584,0.0492867790162563,-0.0961786657571793,0.0492875650525093,-0.0961808785796165,-0.0541874505579472,0.280999839305878,0.0492867790162563,-0.0961786657571793,0.462976574897766,0.475694358348846
8.00920009613037,0.462889552116394,0.475542575120926,0.04930404946208,-0.0962136089801788,-0.053974237293005,0.281054526567459,0.0493028350174427,-0.0962120369076729,0.04930404946208,-0.0962136089801788,0.462886959314346,0.475543081760406,0.0493033453822136,-0.0962114408612251,-0.0539727509021759,0.281055480241776,-0.0539742410182953,0.281054556369781,0.0493033453822136,-0.0962114483118057,0.462888032197952,0.475546270608902,0.0493020266294479,-0.0962098389863968,0.0493028350174427,-0.0962120369076729,-0.0539727509021759,0.281055480241776,0.0493020266294479,-0.0962098389863968,0.462884515523911,0.475545555353165
8.00979995727539,0.462797284126282,0.475393950939178,0.0493193119764328,-0.0962447598576546,-0.0537593588232994,0.281110048294067,0.0493180565536022,-0.0962432026863098,0.0493193157017231,-0.0962447673082352,0.462794780731201,0.475394427776337,0.0493185855448246,-0.0962426066398621,-0.05375786870718,0.281111001968384,-0.0537593588232994,0.281110048294067,0.0493185855448246,-0.0962426066398621,0.462795704603195,0.47539758682251,0.0493172667920589,-0.0962409824132919,0.0493180565536022,-0.0962432026863098,-0.05375786870718,0.281111001968384,0.0493172667920589,-0.0962409824132919,0.462792187929153,0.475396871566772
8.01039981842041,0.46270477771759,0.475245416164398,0.0493345074355602,-0.0962759330868721,-0.053544282913208,0.281165391206741,0.0493332706391811,-0.0962743610143661,0.0493345074355602,-0.0962759330868721,0.462702304124832,0.475245833396912,0.0493337996304035,-0.0962737649679184,-0.0535427927970886,0.281166344881058,-0.053544282913208,0.281165391206741,0.0493338033556938,-0.096273772418499,0.462703227996826,0.475249081850052,0.0493324846029282,-0.0962721481919289,0.0493332706391811,-0.0962743610143661,-0.0535427927970886,0.281166344881058,0.0493324846029282,-0.0962721481919289,0.462699860334396,0.475248336791992
8.01099967956543,0.462612330913544,0.475097090005875,0.0493496954441071,-0.096307098865509,-0.0533291511237621,0.281220585107803,0.0493484549224377,-0.0963055193424225,0.0493496954441071,-0.096307098865509,0.462609648704529,0.475097507238388,0.0493489913642406,-0.0963049307465553,-0.0533275976777077,0.28122153878212,-0.0533291511237621,0.281220585107803,0.0493489913642406,-0.0963049307465553,0.462610632181168,0.475100666284561,0.0493476688861847,-0.0963033139705658,0.0493484549224377,-0.0963055193424225,-0.0533275976777077,0.28122153878212,0.0493476688861847,-0.0963033139705658,0.462607204914093,0.475099980831146
8.01159954071045,0.462519377470016,0.474948793649673,0.0493648573756218,-0.0963382571935654,-0.053113766014576,0.281275600194931,0.0493636354804039,-0.09633669257164,0.0493648573756218,-0.0963382571935654,0.462516784667969,0.474949270486832,0.0493641495704651,-0.0963360890746117,-0.0531123392283916,0.281276524066925,-0.053113766014576,0.281275600194931,0.0493641495704651,-0.0963360890746117,0.462517857551575,0.47495248913765,0.0493628494441509,-0.0963344797492027,0.0493636354804039,-0.09633669257164,-0.0531123392283916,0.281276524066925,0.0493628494441509,-0.0963344797492027,0.462514340877533,0.474951773881912
8.01220035552979,0.462426215410233,0.474800765514374,0.0493800081312656,-0.0963694304227829,-0.0528982542455196,0.281330466270447,0.0493787713348866,-0.0963678583502769,0.0493800081312656,-0.0963694304227829,0.462423771619797,0.474801242351532,0.0493793077766895,-0.0963672548532486,-0.05289676040411,0.281331390142441,-0.0528982542455196,0.281330466270447,0.0493793077766895,-0.0963672548532486,0.46242481470108,0.474804401397705,0.0493779815733433,-0.0963656380772591,0.0493787936866283,-0.0963678434491158,-0.05289676040411,0.281331390142441,0.0493779852986336,-0.0963656455278397,0.462421327829361,0.474803686141968
8.0128002166748,0.462333053350449,0.474652826786041,0.049395140260458,-0.0964005962014198,-0.0526826195418835,0.281385153532028,0.0493938960134983,-0.0963990166783333,0.049395140260458,-0.0964005962014198,0.462330490350723,0.474653333425522,0.0493944324553013,-0.0963984280824661,-0.0526811257004738,0.281386107206345,-0.0526826195418835,0.281385153532028,0.0493944063782692,-0.0963984280824661,0.462331533432007,0.474656492471695,0.0493931137025356,-0.096396803855896,0.0493938997387886,-0.0963990241289139,-0.0526811257004738,0.281386107206345,0.0493931137025356,-0.096396803855896,0.462328016757965,0.47465580701828
8.01340007781982,0.462239593267441,0.474505096673965,0.0494102388620377,-0.0964317619800568,-0.0524668619036674,0.281439691781998,0.049408994615078,-0.0964301899075508,0.0494102388620377,-0.0964317619800568,0.462237030267715,0.474505573511124,0.049409531056881,-0.0964295864105225,-0.0524653680622578,0.281440585851669,-0.0524668619036674,0.281439691781998,0.0494095347821712,-0.0964295938611031,0.462237954139709,0.474508762359619,0.049408208578825,-0.0964279770851135,0.049408994615078,-0.0964301899075508,-0.0524653680622578,0.281440585851669,0.049408208578825,-0.0964279770851135,0.46223458647728,0.474508047103882
8.01399993896484,0.462145924568176,0.474357485771179,0.0494253113865852,-0.0964629352092743,-0.0522509105503559,0.281494051218033,0.0494240932166576,-0.0964613556861877,0.0494253113865852,-0.0964629352092743,0.462143421173096,0.474357962608337,0.0494246073067188,-0.0964607670903206,-0.0522494204342365,0.281494975090027,-0.0522509105503559,0.281494051218033,0.0494246073067188,-0.0964607670903206,0.462144404649734,0.474361181259155,0.0494233034551144,-0.0964591428637505,0.0494240932166576,-0.0964613556861877,-0.0522494204342365,0.281494975090027,0.0494233034551144,-0.0964591428637505,0.46214097738266,0.474360466003418
8.01459980010986,0.462052047252655,0.474210023880005,0.0494403578341007,-0.0964941084384918,-0.0520347766578197,0.281548261642456,0.0494391359388828,-0.0964925289154053,0.0494403578341007,-0.0964941084384918,0.462049573659897,0.474210530519485,0.0494396463036537,-0.0964919328689575,-0.0520332790911198,0.28154918551445,-0.0520347766578197,0.281548261642456,0.049439650028944,-0.0964919403195381,0.462050527334213,0.474213689565659,0.0494383499026299,-0.0964903086423874,0.0494391359388828,-0.0964925289154053,-0.0520332790911198,0.28154918551445,0.0494383499026299,-0.0964903086423874,0.462047129869461,0.474212974309921
8.01519966125488,0.461958080530167,0.474062770605087,0.0494553968310356,-0.0965252816677094,-0.0518185794353485,0.281602293252945,0.0494541749358177,-0.0965236946940422,0.0494553968310356,-0.0965252816677094,0.461955457925797,0.474063187837601,0.0494546927511692,-0.096523106098175,-0.0518170222640038,0.281603246927261,-0.0518185794353485,0.281602293252945,0.0494546927511692,-0.096523106098175,0.461956381797791,0.474066376686096,0.049453392624855,-0.0965214893221855,0.0494541749358177,-0.0965236946940422,-0.0518170222640038,0.281603246927261,0.049453392624855,-0.0965214893221855,0.461952954530716,0.474065691232681
8.01580047607422,0.461863696575165,0.473915636539459,0.0494704321026802,-0.0965564474463463,-0.0516021996736526,0.281656175851822,0.0494691655039787,-0.0965548753738403,0.0494704321026802,-0.0965564474463463,0.461861193180084,0.473916053771973,0.0494697280228138,-0.0965542793273926,-0.0516007021069527,0.281657069921494,-0.0516021996736526,0.281656175851822,0.049469705671072,-0.0965542867779732,0.461862236261368,0.473919242620468,0.0494683794677258,-0.096552662551403,0.0494691655039787,-0.0965548753738403,-0.0516007021069527,0.281657069921494,0.0494683794677258,-0.096552662551403,0.461858630180359,0.473918586969376
8.01640033721924,0.461769193410873,0.473768562078476,0.0494853928685188,-0.0965876281261444,-0.051385622471571,0.281709879636765,0.0494841486215591,-0.0965860486030579,0.0494853928685188,-0.0965876281261444,0.461766630411148,0.473769098520279,0.0494847111403942,-0.0965854600071907,-0.0513841286301613,0.281710773706436,-0.051385622471571,0.281709879636765,0.0494847111403942,-0.0965854600071907,0.461767733097076,0.473772257566452,0.0494833625853062,-0.0965838357806206,0.0494841486215591,-0.0965860486030579,-0.0513841286301613,0.281710773706436,0.0494833886623383,-0.09658382833004,0.461764186620712,0.473771572113037
8.01700019836426,0.461674600839615,0.473621815443039,0.0495003499090672,-0.0966188013553619,-0.0511688627302647,0.281763404607773,0.0494991317391396,-0.0966172218322754,0.0495003499090672,-0.0966188013553619,0.46167203783989,0.473622292280197,0.0494996719062328,-0.0966166332364082,-0.0511674322187901,0.281764358282089,-0.0511688627302647,0.281763404607773,0.0494996719062328,-0.0966166332364082,0.461672961711884,0.47362545132637,0.0494983419775963,-0.0966150015592575,0.0494991317391396,-0.0966172218322754,-0.0511674322187901,0.281764358282089,0.0494983419775963,-0.0966150015592575,0.461669534444809,0.473624795675278
8.01760005950928,0.461579620838165,0.473475068807602,0.049515325576067,-0.0966499820351601,-0.0509520396590233,0.281816780567169,0.0495140589773655,-0.0966483950614929,0.049515325576067,-0.0966499820351601,0.46157705783844,0.473475575447083,0.0495146177709103,-0.0966477990150452,-0.050950538367033,0.281817674636841,-0.0509520396590233,0.281816780567169,0.0495146214962006,-0.0966478064656258,0.461578130722046,0.4734787940979,0.0495132952928543,-0.0966461822390556,0.0495140589773655,-0.0966483950614929,-0.050950538367033,0.281817674636841,0.0495132952928543,-0.0966461822390556,0.461574614048004,0.473478019237518
8.0181999206543,0.461484670639038,0.473328590393066,0.0495302267372608,-0.0966811627149582,-0.050735030323267,0.281869977712631,0.0495289824903011,-0.096679575741291,0.0495302267372608,-0.0966811627149582,0.461482107639313,0.473329097032547,0.0495295450091362,-0.0966789796948433,-0.050733532756567,0.281870901584625,-0.050735030323267,0.281869977712631,0.0495295450091362,-0.0966789796948433,0.461483061313629,0.473332285881042,0.0495282188057899,-0.0966773554682732,0.0495289824903011,-0.096679575741291,-0.050733532756567,0.281870901584625,0.0495282188057899,-0.0966773554682732,0.461479663848877,0.473331570625305
8.01879978179932,0.461389362812042,0.473182260990143,0.0495451241731644,-0.0967123433947563,-0.0505179055035114,0.281923025846481,0.0495439022779465,-0.0967107564210892,0.0495451241731644,-0.0967123433947563,0.461386770009995,0.473182708024979,0.0495444163680077,-0.096710167825222,-0.0505164042115211,0.281923919916153,-0.0505179055035114,0.281923025846481,0.0495444163680077,-0.096710167825222,0.4613878428936,0.473185926675797,0.0495431125164032,-0.0967085361480713,0.0495439022779465,-0.0967107564210892,-0.0505164042115211,0.281923919916153,0.0495431125164032,-0.0967085361480713,0.461384326219559,0.473185211420059
8.01939964294434,0.46129384636879,0.473035991191864,0.0495599918067455,-0.0967435166239738,-0.0503005832433701,0.281975895166397,0.0495587736368179,-0.0967419371008873,0.0495599918067455,-0.0967435166239738,0.461291283369064,0.473036527633667,0.0495593100786209,-0.0967413410544395,-0.0502990856766701,0.281976819038391,-0.0503005832433701,0.281975895166397,0.0495593100786209,-0.0967413410544395,0.461292326450348,0.47303968667984,0.0495579838752747,-0.0967397093772888,0.0495587736368179,-0.0967419371008873,-0.0502990856766701,0.281976819038391,0.0495579838752747,-0.0967397093772888,0.461288720369339,0.473039031028748
8.02000045776367,0.46119812130928,0.472889959812164,0.0495748557150364,-0.096774697303772,-0.0500831454992294,0.282028585672379,0.0495736338198185,-0.0967731103301048,0.0495748557150364,-0.096774697303772,0.461195528507233,0.472890496253967,0.04957415163517,-0.0967725217342377,-0.0500816404819489,0.282029509544373,-0.0500831454992294,0.282028585672379,0.04957415163517,-0.0967725217342377,0.461196601390839,0.472893625497818,0.0495728477835655,-0.0967708975076675,0.0495736375451088,-0.0967731177806854,-0.0500816404819489,0.282029509544373,0.0495728477835655,-0.0967708975076675,0.461193114519119,0.472892940044403
8.02060031890869,0.461102247238159,0.472744107246399,0.0495896935462952,-0.0968058854341507,-0.0498655810952187,0.28208115696907,0.0495884455740452,-0.096804291009903,0.0495896935462952,-0.0968058854341507,0.461099684238434,0.47274461388588,0.0495890118181705,-0.0968036949634552,-0.0498640760779381,0.28208202123642,-0.0498655810952187,0.28208115696907,0.0495890155434608,-0.0968037024140358,0.461100727319717,0.472747772932053,0.0495876856148243,-0.0968020781874657,0.0495884455740452,-0.096804291009903,-0.0498640760779381,0.28208202123642,0.0495876856148243,-0.0968020781874657,0.461097240447998,0.472747087478638
8.02120018005371,0.461006253957748,0.472598373889923,0.0496045015752316,-0.0968370661139488,-0.0496478267014027,0.282133489847183,0.0496032536029816,-0.0968354791402817,0.0496045015752316,-0.0968370661139488,0.461003661155701,0.472598880529404,0.0496038198471069,-0.0968348905444145,-0.0496463216841221,0.282134383916855,-0.0496478267014027,0.282133489847183,0.0496038198471069,-0.0968348905444145,0.461004614830017,0.472602039575577,0.0496024899184704,-0.0968332514166832,0.0496032536029816,-0.0968354791402817,-0.0496463216841221,0.282134383916855,0.0496024936437607,-0.0968332588672638,0.461001217365265,0.472601354122162
8.02180004119873,0.460909783840179,0.472452789545059,0.0496192798018456,-0.0968682542443275,-0.0494299530982971,0.282185703516006,0.0496180541813374,-0.0968666672706604,0.0496192798018456,-0.0968682542443275,0.460907340049744,0.472453266382217,0.0496185794472694,-0.0968660786747932,-0.0494284480810165,0.282186627388,-0.0494299530982971,0.282185703516006,0.0496185794472694,-0.0968660786747932,0.460908323526382,0.472456514835358,0.0496172718703747,-0.0968644395470619,0.0496180541813374,-0.0968666672706604,-0.0494284480810165,0.282186627388,0.049617275595665,-0.0968644395470619,0.460904806852341,0.47245579957962
8.02239990234375,0.460813403129578,0.472307443618774,0.0496340356767178,-0.0968994423747063,-0.0492118895053864,0.282237708568573,0.0496328137814999,-0.0968978404998779,0.0496340356767178,-0.0968994423747063,0.460810840129852,0.472307860851288,0.0496333763003349,-0.0968972519040108,-0.0492103844881058,0.282238602638245,-0.0492118895053864,0.282237708568573,0.0496333763003349,-0.0968972593545914,0.460811764001846,0.472311079502106,0.0496320463716984,-0.09689562022686,0.0496328137814999,-0.0968978404998779,-0.0492103844881058,0.282238602638245,0.0496320463716984,-0.09689562022686,0.460808396339417,0.472310394048691
8.02299976348877,0.460716605186462,0.472162157297134,0.0496487841010094,-0.0969306230545044,-0.0489937104284763,0.282289624214172,0.0496475547552109,-0.0969290286302567,0.0496487841010094,-0.0969306230545044,0.460714042186737,0.472162693738937,0.0496481023728848,-0.0969284400343895,-0.0489921979606152,0.282290518283844,-0.0489937104284763,0.282289624214172,0.0496481023728848,-0.0969284400343895,0.460715115070343,0.472165822982788,0.0496467761695385,-0.0969268158078194,0.0496475547552109,-0.0969290286302567,-0.0489921979606152,0.282290518283844,0.0496467761695385,-0.0969268158078194,0.460711598396301,0.472165167331696
8.02359962463379,0.460619777441025,0.472017049789429,0.0496635250747204,-0.0969618111848831,-0.0487753339111805,0.28234127163887,0.0496622771024704,-0.096960224211216,0.0496635250747204,-0.0969618111848831,0.460617184638977,0.472017586231232,0.049662820994854,-0.0969596281647682,-0.0487738288938999,0.282342195510864,-0.0487753339111805,0.28234127163887,0.0496628247201443,-0.0969596356153488,0.460618257522583,0.47202068567276,0.0496615171432495,-0.0969580039381981,0.0496622771024704,-0.096960224211216,-0.0487738288938999,0.282342195510864,0.0496615171432495,-0.0969579964876175,0.460614770650864,0.47202005982399
8.02420043945313,0.460522711277008,0.471872121095657,0.0496782176196575,-0.0969929993152618,-0.0485568381845951,0.282392799854279,0.0496769919991493,-0.0969914123415947,0.0496782176196575,-0.0969929993152618,0.46052011847496,0.471872627735138,0.0496775098145008,-0.0969908162951469,-0.0485553294420242,0.28239369392395,-0.0485568381845951,0.282392799854279,0.0496775135397911,-0.0969908237457275,0.460521131753922,0.471875846385956,0.0496762059628963,-0.0969891920685768,0.0496769919991493,-0.0969914123415947,-0.0485553294420242,0.28239369392395,0.0496762059628963,-0.0969891920685768,0.460517674684525,0.471875101327896
8.02480030059814,0.46042537689209,0.47172737121582,0.0496928803622723,-0.0970241948962212,-0.0483382903039455,0.282444149255753,0.0496916584670544,-0.0970226004719734,0.0496928803622723,-0.0970241948962212,0.460422813892365,0.471727907657623,0.0496921986341476,-0.0970220044255257,-0.0483367815613747,0.282445043325424,-0.0483382903039455,0.282444149255753,0.0496921986341476,-0.0970220044255257,0.460423856973648,0.471731007099152,0.0496908947825432,-0.0970203727483749,0.0496916584670544,-0.0970226004719734,-0.0483367815613747,0.282445043325424,0.0496908947825432,-0.0970203727483749,0.460420370101929,0.471730381250381
8.02540016174316,0.460327863693237,0.471582740545273,0.0497075393795967,-0.0970553755760193,-0.0481194220483303,0.282495319843292,0.0497063137590885,-0.0970537886023521,0.049707543104887,-0.0970553830265999,0.460325300693512,0.471583276987076,0.0497068390250206,-0.097053200006485,-0.0481179095804691,0.282496213912964,-0.0481194220483303,0.282495319843292,0.0497068390250206,-0.097053200006485,0.460326313972473,0.471586495637894,0.0497055314481258,-0.0970515608787537,0.0497063137590885,-0.0970537886023521,-0.0481179095804691,0.282496213912964,0.0497055314481258,-0.0970515608787537,0.460322797298431,0.471585750579834
8.02600002288818,0.460230141878128,0.471438318490982,0.0497221685945988,-0.0970865786075592,-0.04790049046278,0.282546311616898,0.0497209466993809,-0.0970849767327309,0.0497221685945988,-0.0970865786075592,0.460227578878403,0.471438825130463,0.0497214645147324,-0.0970843881368637,-0.0478989817202091,0.282547205686569,-0.04790049046278,0.282546311616898,0.0497214645147324,-0.0970843881368637,0.460228681564331,0.471441984176636,0.0497201569378376,-0.0970827490091324,0.0497209466993809,-0.0970849767327309,-0.0478989817202091,0.282547205686569,0.0497201606631279,-0.097082756459713,0.460225135087967,0.471441298723221
8.0265998840332,0.460132271051407,0.471294015645981,0.049736775457859,-0.0971177667379379,-0.0476813763380051,0.282597154378891,0.0497355461120605,-0.0971161723136902,0.049736775457859,-0.0971177667379379,0.460129737854004,0.471294611692429,0.0497360900044441,-0.097115583717823,-0.0476798675954342,0.282598048448563,-0.0476813763380051,0.282597154378891,0.0497360937297344,-0.097115583717823,0.460130721330643,0.471297740936279,0.04973478987813,-0.0971139445900917,0.0497355461120605,-0.0971161723136902,-0.0476798675954342,0.282598048448563,0.04973478987813,-0.0971139445900917,0.460127294063568,0.471297025680542
8.02719974517822,0.460034191608429,0.471149951219559,0.0497513711452484,-0.0971489623188972,-0.0474622175097466,0.282647848129272,0.0497501417994499,-0.0971473604440689,0.0497513711452484,-0.0971489623188972,0.460031628608704,0.471150457859039,0.049750667065382,-0.0971467718482018,-0.0474607013165951,0.282648742198944,-0.0474622175097466,0.282647848129272,0.049750667065382,-0.0971467718482018,0.46003258228302,0.471153616905212,0.0497493594884872,-0.0971451327204704,0.0497501417994499,-0.0971473604440689,-0.0474607013165951,0.282648742198944,0.0497493594884872,-0.0971451327204704,0.460029155015945,0.471152931451797
8.02779960632324,0.459935784339905,0.471005976200104,0.0497659407556057,-0.0971801429986954,-0.0472428612411022,0.282698303461075,0.0497646927833557,-0.0971785634756088,0.0497659407556057,-0.0971801429986954,0.459933251142502,0.471006512641907,0.0497652404010296,-0.0971779748797417,-0.0472413450479507,0.282699197530746,-0.0472428612411022,0.282698303461075,0.0497652404010296,-0.0971779748797417,0.459934324026108,0.47100967168808,0.0497639290988445,-0.0971763283014297,0.0497646927833557,-0.0971785634756088,-0.0472413450479507,0.282699197530746,0.0497639290988445,-0.0971763283014297,0.459930837154388,0.47100904583931
8.02840042114258,0.459837377071381,0.470862179994583,0.0497804582118988,-0.0972113534808159,-0.0470233149826527,0.282748609781265,0.0497792325913906,-0.0972097516059875,0.0497804582118988,-0.0972113534808159,0.459834724664688,0.470862716436386,0.0497798025608063,-0.0972091630101204,-0.0470217987895012,0.282749503850937,-0.0470233149826527,0.282748609781265,0.0497798025608063,-0.0972091630101204,0.459835797548294,0.470865875482559,0.0497784949839115,-0.0972075164318085,0.0497792325913906,-0.0972097516059875,-0.0470217987895012,0.282749503850937,0.0497784949839115,-0.0972075164318085,0.459832310676575,0.470865190029144
8.0290002822876,0.459738612174988,0.470718622207642,0.0497949719429016,-0.0972425490617752,-0.0468035861849785,0.282798767089844,0.0497937425971031,-0.0972409546375275,0.0497949719429016,-0.0972425490617752,0.459736049175262,0.470719128847122,0.0497943162918091,-0.0972403585910797,-0.046802069991827,0.282799631357193,-0.0468035899102688,0.282798796892166,0.0497943162918091,-0.0972403585910797,0.459737211465836,0.470722258090973,0.0497930087149143,-0.0972387194633484,0.0497937425971031,-0.0972409546375275,-0.046802069991827,0.282799631357193,0.0497930087149143,-0.0972387194633484,0.459733545780182,0.47072160243988
8.02960014343262,0.459639728069305,0.470575124025345,0.0498094819486141,-0.0972737446427345,-0.0465838015079498,0.282848715782166,0.0498082526028156,-0.0972721502184868,0.0498094819486141,-0.0972737446427345,0.45963716506958,0.470575630664825,0.0498088002204895,-0.097271554172039,-0.0465822853147984,0.282849609851837,-0.0465838015079498,0.282848715782166,0.0498088002204895,-0.097271554172039,0.459638267755508,0.470578789710999,0.0498074926435947,-0.0972699224948883,0.0498082526028156,-0.0972721502184868,-0.0465822853147984,0.282849609851837,0.0498075149953365,-0.0972699150443077,0.459634631872177,0.470578104257584
8.03020000457764,0.459540605545044,0.470431834459305,0.0498239621520042,-0.0973049402236938,-0.0463638305664063,0.282898515462875,0.049822736531496,-0.0973033457994461,0.0498239621520042,-0.0973049402236938,0.459538042545319,0.470432341098785,0.0498232841491699,-0.0973027572035789,-0.0463623106479645,0.282899409532547,-0.0463638305664063,0.282898515462875,0.0498232841491699,-0.0973027572035789,0.459539145231247,0.470435529947281,0.0498219765722752,-0.0973011180758476,0.049822736531496,-0.0973033457994461,-0.0463623106479645,0.282899409532547,0.0498219765722752,-0.0973011180758476,0.459535628557205,0.470434874296188
8.03079986572266,0.459441304206848,0.470288693904877,0.0498384162783623,-0.0973361358046532,-0.0461436733603477,0.282948166131973,0.0498371869325638,-0.0973345413804054,0.0498383939266205,-0.0973361432552338,0.4594387114048,0.47028923034668,0.0498377345502377,-0.0973339527845383,-0.0461421571671963,0.282949030399323,-0.0461436733603477,0.282948166131973,0.0498377345502377,-0.0973339527845383,0.459439814090729,0.470292389392853,0.0498364269733429,-0.0973323062062263,0.0498371869325638,-0.0973345413804054,-0.0461421571671963,0.282949030399323,0.0498364269733429,-0.0973322987556458,0.459436327219009,0.47029173374176
8.03139972686768,0.459341734647751,0.470145761966705,0.0498528368771076,-0.0973673388361931,-0.0459234565496445,0.282997578382492,0.0498516112565994,-0.0973657444119453,0.0498528368771076,-0.0973673388361931,0.459339171648026,0.470146268606186,0.0498521812260151,-0.0973651483654976,-0.045921940356493,0.282998442649841,-0.0459234640002251,0.282997608184814,0.0498521812260151,-0.0973651483654976,0.459340304136276,0.470149397850037,0.0498508736491203,-0.0973635166883469,0.0498516112565994,-0.0973657444119453,-0.045921940356493,0.282998442649841,0.0498508736491203,-0.0973635166883469,0.459336787462234,0.470148772001266
8.0319995880127,0.459242045879364,0.470002949237823,0.0498672351241112,-0.0973985493183136,-0.0457030646502972,0.283046871423721,0.0498660281300545,-0.0973969399929047,0.0498672351241112,-0.0973985493183136,0.459239482879639,0.470003455877304,0.0498665794730186,-0.0973963513970375,-0.04570147767663,0.283047705888748,-0.0457030646502972,0.283046871423721,0.0498665794730186,-0.0973963513970375,0.459240645170212,0.470006585121155,0.0498652681708336,-0.0973947048187256,0.0498660281300545,-0.0973969399929047,-0.04570147767663,0.283047705888748,0.0498652681708336,-0.0973947048187256,0.459237098693848,0.470005989074707
8.03260040283203,0.459142237901688,0.469860285520554,0.0498816221952438,-0.0974297374486923,-0.0454824790358543,0.283095926046371,0.0498803928494453,-0.0974281430244446,0.0498816259205341,-0.0974297448992729,0.459139555692673,0.469860792160034,0.0498809702694416,-0.0974275544285774,-0.0454809591174126,0.283096820116043,-0.0454824790358543,0.283095926046371,0.0498809702694416,-0.0974275544285774,0.459140658378601,0.46986398100853,0.0498796552419662,-0.0974259078502655,0.0498803928494453,-0.0974281430244446,-0.0454809591174126,0.283096820116043,0.0498796552419662,-0.0974259078502655,0.459137171506882,0.46986335515976
8.03320026397705,0.459042072296143,0.46971783041954,0.0498960129916668,-0.0974609404802322,-0.0452617071568966,0.283144861459732,0.0498947836458683,-0.0974593460559845,0.0498960129916668,-0.0974609404802322,0.459039509296417,0.469718366861343,0.0498953275382519,-0.0974587500095367,-0.0452601872384548,0.283145755529404,-0.0452617071568966,0.283144861459732,0.0498953275382519,-0.0974587500095367,0.459040611982346,0.469721555709839,0.0498940460383892,-0.0974571034312248,0.0498947836458683,-0.0974593460559845,-0.0452601872384548,0.283145755529404,0.0498940460383892,-0.0974571034312248,0.459037125110626,0.469720870256424
8.03380012512207,0.458941757678986,0.469575494527817,0.049910344183445,-0.0974921509623528,-0.0450408831238747,0.283193588256836,0.0499091148376465,-0.0974905490875244,0.049910344183445,-0.0974921509623528,0.458939254283905,0.469576090574265,0.0499096661806107,-0.0974899604916573,-0.0450393594801426,0.283194452524185,-0.0450408831238747,0.283193588256836,0.049909669905901,-0.0974899679422379,0.458940297365189,0.469579249620438,0.0499083809554577,-0.0974883139133453,0.0499091148376465,-0.0974905490875244,-0.0450393594801426,0.283194452524185,0.0499083809554577,-0.0974883139133453,0.45893669128418,0.469578593969345
8.03439998626709,0.458841323852539,0.469433397054672,0.0499246753752232,-0.0975233539938927,-0.0448198691010475,0.283242136240005,0.0499234460294247,-0.0975217595696449,0.0499246753752232,-0.0975233539938927,0.458838641643524,0.469433933496475,0.0499239936470985,-0.0975211560726166,-0.0448183491826057,0.283243030309677,-0.0448198691010475,0.283242136240005,0.0499239936470985,-0.0975211560726166,0.45883983373642,0.469437062740326,0.0499227046966553,-0.0975195094943047,0.0499234460294247,-0.0975217595696449,-0.0448183491826057,0.283243030309677,0.0499227084219456,-0.0975195169448853,0.458836227655411,0.469436466693878
8.03499984741211,0.458740621805191,0.469291418790817,0.0499389506876469,-0.0975545644760132,-0.0445988066494465,0.283290535211563,0.0499377436935902,-0.0975529477000237,0.0499389544129372,-0.0975545719265938,0.458737969398499,0.469292014837265,0.0499382950365543,-0.0975523665547371,-0.0445972830057144,0.283291399478912,-0.0445988066494465,0.283290535211563,0.0499382950365543,-0.0975523665547371,0.458739161491394,0.469295114278793,0.0499369837343693,-0.0975507199764252,0.0499377436935902,-0.0975529477000237,-0.044597215950489,0.283291399478912,0.0499369837343693,-0.0975507125258446,0.458735555410385,0.469294458627701
8.03559970855713,0.458639711141586,0.469149649143219,0.0499532222747803,-0.0975857675075531,-0.0443774200975895,0.283338725566864,0.0499519892036915,-0.0975841656327248,0.0499532222747803,-0.0975857675075531,0.458637148141861,0.469150185585022,0.0499525666236877,-0.097583569586277,-0.0443759001791477,0.283339589834213,-0.0443774908781052,0.283338725566864,0.0499525666236877,-0.097583569586277,0.458638250827789,0.469153344631195,0.0499512553215027,-0.0975819155573845,0.0499519892036915,-0.0975841656327248,-0.0443759001791477,0.283339589834213,0.0499512553215027,-0.0975819155573845,0.45863464474678,0.469152748584747
8.03619956970215,0.458538621664047,0.469008028507233,0.0499674901366234,-0.0976169779896736,-0.0441559888422489,0.283386796712875,0.0499662607908249,-0.0976153612136841,0.0499674901366234,-0.0976169779896736,0.458536088466644,0.469008564949036,0.0499668344855309,-0.0976147800683975,-0.0441544577479362,0.283387631177902,-0.0441559888422489,0.283386796712875,0.0499668344855309,-0.0976147800683975,0.45853716135025,0.469011694192886,0.0499655231833458,-0.097613126039505,0.0499662607908249,-0.0976153612136841,-0.0441544577479362,0.283387631177902,0.0499655269086361,-0.0976131334900856,0.458533555269241,0.469011068344116
8.03680038452148,0.458437263965607,0.468866586685181,0.0499817095696926,-0.0976481810212135,-0.0439345017075539,0.283434629440308,0.0499804988503456,-0.0976465716958046,0.0499817095696926,-0.0976481810212135,0.458434760570526,0.468867123126984,0.0499810501933098,-0.097645990550518,-0.0439328365027905,0.283435493707657,-0.0439345017075539,0.283434629440308,0.0499810501933098,-0.097645990550518,0.45843580365181,0.468870252370834,0.0499797612428665,-0.0976443290710449,0.0499804988503456,-0.0976465716958046,-0.0439328365027905,0.283435493707657,0.0499797612428665,-0.0976443290710449,0.458432197570801,0.468869626522064
8.0374002456665,0.458335727453232,0.468725293874741,0.0499959141016006,-0.0976793840527534,-0.0437126904726028,0.283482313156128,0.0499947108328342,-0.0976777821779251,0.0499959141016006,-0.0976793840527534,0.458333164453506,0.468725860118866,0.0499952621757984,-0.097677193582058,-0.0437111631035805,0.283483147621155,-0.0437126904726028,0.283482313156128,0.0499952621757984,-0.097677193582058,0.458334386348724,0.468728959560394,0.0499939732253551,-0.0976755395531654,0.0499947108328342,-0.0976777821779251,-0.0437111631035805,0.283483147621155,0.0499939732253551,-0.0976755395531654,0.458330780267715,0.468728363513947
8.03800010681152,0.458234131336212,0.468584150075912,0.050010122358799,-0.0977106019854546,-0.0434908308088779,0.283529788255692,0.0500088892877102,-0.097708985209465,0.050010122358799,-0.0977106019854546,0.458231508731842,0.46858474612236,0.0500094443559647,-0.0977084115147591,-0.0434892997145653,0.283530622720718,-0.0434908308088779,0.283529788255692,0.0500094443559647,-0.0977084115147591,0.45823273062706,0.468587875366211,0.0500081554055214,-0.0977067500352859,0.0500088892877102,-0.097708985209465,-0.0434893071651459,0.283530652523041,0.0500081554055214,-0.0977067500352859,0.458229094743729,0.468587249517441
8.03859996795654,0.458132177591324,0.468443244695663,0.0500242784619331,-0.0977418124675751,-0.0432687886059284,0.283577144145966,0.0500230453908443,-0.0977401956915855,0.0500242784619331,-0.0977418124675751,0.458129614591599,0.468443781137466,0.0500236228108406,-0.097739614546299,-0.0432672537863255,0.28357794880867,-0.0432687886059284,0.283577144145966,0.0500236228108406,-0.097739614546299,0.458130776882172,0.46844694018364,0.0500223077833652,-0.0977379605174065,0.0500230677425861,-0.0977401956915855,-0.0432672537863255,0.28357794880867,0.0500223077833652,-0.0977379605174065,0.458127170801163,0.468446314334869
8.03919982910156,0.458030134439468,0.468302458524704,0.0500384233891964,-0.0977730229496956,-0.0430466905236244,0.283624261617661,0.0500371903181076,-0.0977714136242867,0.0500384233891964,-0.0977730229496956,0.458027571439743,0.468303024768829,0.0500377677381039,-0.0977708175778389,-0.0430450886487961,0.283625096082687,-0.0430466905236244,0.283624261617661,0.0500377677381039,-0.0977708175778389,0.458028703927994,0.46830615401268,0.0500364564359188,-0.0977691635489464,0.0500371903181076,-0.0977714136242867,-0.0430450886487961,0.283625096082687,0.0500364564359188,-0.0977691635489464,0.458025217056274,0.46830552816391
8.03979969024658,0.457927912473679,0.468161821365356,0.0500525459647179,-0.0978042259812355,-0.0428243391215801,0.283671200275421,0.0500513389706612,-0.0978026241064072,0.0500525459647179,-0.0978042259812355,0.457925260066986,0.468162417411804,0.0500518679618835,-0.0978020429611206,-0.0428227372467518,0.283672034740448,-0.0428243391215801,0.283671200275421,0.0500518679618835,-0.0978020429611206,0.457926332950592,0.468165516853333,0.0500505976378918,-0.0978003740310669,0.0500513389706612,-0.0978026241064072,-0.0428227372467518,0.283672034740448,0.0500505976378918,-0.0978003740310669,0.457922726869583,0.468164950609207
8.0403995513916,0.45782545208931,0.468021422624588,0.0500666387379169,-0.0978354439139366,-0.0426018722355366,0.28371798992157,0.0500654280185699,-0.0978338345885277,0.0500666387379169,-0.0978354439139366,0.457822769880295,0.468021959066391,0.0500659830868244,-0.0978332459926605,-0.0426002703607082,0.283718824386597,-0.0426018722355366,0.28371798992157,0.0500659830868244,-0.0978332459926605,0.457823932170868,0.468025088310242,0.0500646904110909,-0.0978315845131874,0.0500654280185699,-0.0978338345885277,-0.0426002703607082,0.283718824386597,0.0500646904110909,-0.0978315845131874,0.457820326089859,0.468024522066116
8.04100036621094,0.457722753286362,0.467881172895432,0.0500807017087936,-0.0978666618466377,-0.0423792824149132,0.283764541149139,0.0500795133411884,-0.0978650450706482,0.0500807017087936,-0.0978666618466377,0.457720071077347,0.467881709337234,0.0500800684094429,-0.097864456474781,-0.0423777513206005,0.283765405416489,-0.0423792861402035,0.283764570951462,0.0500800684094429,-0.097864456474781,0.457721173763275,0.467884838581085,0.0500787757337093,-0.0978628024458885,0.0500795133411884,-0.0978650450706482,-0.0423777513206005,0.283765405416489,0.0500787757337093,-0.0978628024458885,0.457717686891556,0.467884212732315
8.04160022735596,0.457619816064835,0.467741042375565,0.0500947758555412,-0.0978978648781776,-0.0421565137803555,0.283810973167419,0.0500935465097427,-0.0978962555527687,0.0500947795808315,-0.0978978723287582,0.457617253065109,0.46774160861969,0.0500941276550293,-0.0978956744074821,-0.0421549752354622,0.283811807632446,-0.0421565137803555,0.283810973167419,0.0500941276550293,-0.0978956744074821,0.457618355751038,0.467744767665863,0.0500928089022636,-0.0978940054774284,0.0500935465097427,-0.0978962555527687,-0.0421549752354622,0.283811807632446,0.0500928089022636,-0.0978940054774284,0.457614749670029,0.467744141817093
8.04220008850098,0.457516759634018,0.467601150274277,0.0501088090240955,-0.0979290902614594,-0.0419336222112179,0.28385716676712,0.0501075722277164,-0.0979274660348892,0.0501088090240955,-0.0979290902614594,0.457514196634293,0.46760168671608,0.050108153373003,-0.0979268774390221,-0.0419320166110992,0.28385803103447,-0.0419336222112179,0.28385716676712,0.0501081570982933,-0.0979268848896027,0.457515329122543,0.467604845762253,0.0501068383455276,-0.0979252308607101,0.0501075722277164,-0.0979274660348892,-0.0419320166110992,0.28385803103447,0.0501068383455276,-0.0979252308607101,0.457511723041534,0.467604279518127
8.042799949646,0.4574134349823,0.467461377382278,0.0501228086650372,-0.0979603007435799,-0.0417106188833714,0.283903270959854,0.0501215979456902,-0.0979586839675903,0.0501228086650372,-0.0979603007435799,0.457410901784897,0.467461973428726,0.0501221567392349,-0.0979581102728844,-0.0417090803384781,0.283904075622559,-0.0417106188833714,0.283903270959854,0.0501221567392349,-0.0979581102728844,0.457412034273148,0.467465102672577,0.0501208640635014,-0.0979564413428307,0.0501215979456902,-0.0979586839675903,-0.0417090803384781,0.283904075622559,0.0501208640635014,-0.0979564338922501,0.457408428192139,0.467464536428452
8.04339981079102,0.457309991121292,0.467321872711182,0.0501368045806885,-0.0979915112257004,-0.0414873585104942,0.283949077129364,0.0501355677843094,-0.0979899019002914,0.0501368045806885,-0.0979915112257004,0.457307428121567,0.467322438955307,0.0501361526548862,-0.0979893207550049,-0.041485819965601,0.283949911594391,-0.0414874255657196,0.283949106931686,0.0501361526548862,-0.0979893207550049,0.45730859041214,0.467325508594513,0.0501348599791527,-0.0979876518249512,0.0501355677843094,-0.0979899019002914,-0.041485819965601,0.283949911594391,0.0501348599791527,-0.0979876518249512,0.457304954528809,0.467324942350388
8.04399967193604,0.457206308841705,0.467182457447052,0.0501507669687271,-0.0980227366089821,-0.0412640459835529,0.283994764089584,0.0501495376229286,-0.0980211198329926,0.0501507669687271,-0.0980227366089821,0.45720374584198,0.467182993888855,0.0501501187682152,-0.0980205312371254,-0.0412625074386597,0.283995598554611,-0.0412640459835529,0.283994764089584,0.0501501187682152,-0.0980205312371254,0.457204908132553,0.467186123132706,0.0501488223671913,-0.0980188697576523,0.0501495376229286,-0.0980211198329926,-0.04126251116395,0.283995628356934,0.0501488223671913,-0.0980188697576523,0.457201302051544,0.46718555688858
8.04459953308105,0.457102507352829,0.467043191194534,0.0501647107303143,-0.0980539545416832,-0.0410406216979027,0.28404027223587,0.050163496285677,-0.0980523303151131,0.0501647107303143,-0.0980539545416832,0.457099825143814,0.467043787240982,0.0501640550792217,-0.0980517491698265,-0.0410390123724937,0.284041106700897,-0.0410406216979027,0.28404027223587,0.0501640550792217,-0.0980517491698265,0.457101076841354,0.467046916484833,0.0501627624034882,-0.0980500876903534,0.050163496285677,-0.0980523303151131,-0.0410390123724937,0.284041106700897,0.0501627624034882,-0.0980500802397728,0.457097470760345,0.467046350240707
8.04520034790039,0.456998467445374,0.46690422296524,0.0501786433160305,-0.0980851724743843,-0.0408170111477375,0.284085601568222,0.0501774065196514,-0.0980835556983948,0.0501786433160305,-0.0980851724743843,0.456995785236359,0.466904759407043,0.0501779839396477,-0.098082959651947,-0.0408154688775539,0.284086436033249,-0.0408170111477375,0.284085601568222,0.0501779839396477,-0.0980829671025276,0.456997066736221,0.466907858848572,0.0501766949892044,-0.0980812981724739,0.0501774065196514,-0.0980835556983948,-0.0408154688775539,0.284086436033249,0.0501766949892044,-0.0980812981724739,0.456993460655212,0.466907292604446
8.04580020904541,0.456894159317017,0.466765314340591,0.0501925460994244,-0.0981163904070854,-0.0405932813882828,0.284130722284317,0.0501913093030453,-0.0981147736310959,0.0501925460994244,-0.0981163904070854,0.456891655921936,0.466765880584717,0.0501918904483318,-0.0981141850352287,-0.0405916720628738,0.284131556749344,-0.0405932813882828,0.284130722284317,0.0501918904483318,-0.0981141850352287,0.456892758607864,0.46676903963089,0.0501905977725983,-0.098112516105175,0.0501913093030453,-0.0981147736310959,-0.0405916720628738,0.284131556749344,0.0501905977725983,-0.098112516105175,0.456889182329178,0.46676841378212
8.04640007019043,0.456789791584015,0.466626644134521,0.050206396728754,-0.0981476083397865,-0.0403693690896034,0.284175664186478,0.0502052083611488,-0.0981459841132164,0.050206396728754,-0.0981476083397865,0.456787109375,0.466627180576324,0.0502057671546936,-0.0981454029679298,-0.0403677597641945,0.284176498651505,-0.0403693690896034,0.284175664186478,0.0502057671546936,-0.0981454029679298,0.45678836107254,0.466630339622498,0.0502044707536697,-0.0981437340378761,0.0502052083611488,-0.0981459841132164,-0.0403677597641945,0.284176498651505,0.0502044707536697,-0.0981437340378761,0.456784754991531,0.466629713773727
8.04699993133545,0.456685096025467,0.466488063335419,0.0502202659845352,-0.0981788262724876,-0.0401452705264091,0.284220427274704,0.0502190552651882,-0.0981772094964981,0.0502202659845352,-0.0981788262724876,0.456682413816452,0.466488689184189,0.0502196103334427,-0.098176620900631,-0.0401437282562256,0.284221261739731,-0.0401452705264091,0.284220427274704,0.050219614058733,-0.0981766283512115,0.456683695316315,0.466491788625717,0.0502183176577091,-0.0981749519705772,0.0502190552651882,-0.0981772094964981,-0.0401437282562256,0.284221261739731,0.0502183176577091,-0.0981749519705772,0.456680089235306,0.466491222381592
8.04759979248047,0.456580311059952,0.466349720954895,0.0502340793609619,-0.0982100516557693,-0.0399211309850216,0.284265011548996,0.050232894718647,-0.0982084348797798,0.0502340793609619,-0.0982100516557693,0.456577688455582,0.466350317001343,0.0502334572374821,-0.0982078462839127,-0.0399195142090321,0.2842658162117,-0.0399211309850216,0.284265011548996,0.0502334572374821,-0.0982078462839127,0.45657879114151,0.466353446245193,0.0502321608364582,-0.0982061699032784,0.050232894718647,-0.0982084274291992,-0.0399195142090321,0.2842658162117,0.0502321608364582,-0.0982061773538589,0.456575185060501,0.466352880001068
8.04819965362549,0.45647519826889,0.466211587190628,0.0502479188144207,-0.0982412695884705,-0.0396967940032482,0.284309387207031,0.0502466857433319,-0.0982396528124809,0.0502479188144207,-0.0982412695884705,0.456472635269165,0.466212183237076,0.0502472706139088,-0.0982390642166138,-0.0396951846778393,0.284310221672058,-0.0396967940032482,0.284309387207031,0.0502472706139088,-0.0982390642166138,0.456473767757416,0.466215282678604,0.0502459704875946,-0.0982373952865601,0.0502466857433319,-0.0982396528124809,-0.0396951846778393,0.284310221672058,0.0502459928393364,-0.0982373878359795,0.456470161676407,0.466214716434479
8.04880046844482,0.456370025873184,0.466073542833328,0.0502617061138153,-0.0982724875211716,-0.0394722782075405,0.284353584051132,0.0502604879438877,-0.098270870745182,0.0502617061138153,-0.0982724875211716,0.456367492675781,0.466074168682098,0.0502610504627228,-0.0982702821493149,-0.0394707359373569,0.284354388713837,-0.0394722782075405,0.284353584051132,0.0502610504627228,-0.0982702821493149,0.456368535757065,0.466077297925949,0.050259780138731,-0.0982686132192612,0.0502604879438877,-0.098270870745182,-0.0394707359373569,0.284354388713837,0.050259780138731,-0.0982686132192612,0.456365019083023,0.466076701879501
8.04940032958984,0.456264644861221,0.46593576669693,0.050275482237339,-0.0983037129044533,-0.0392476543784142,0.284397631883621,0.0502742454409599,-0.0983020886778831,0.050275482237339,-0.0983037129044533,0.456262022256851,0.4659363925457,0.0502748303115368,-0.0983015149831772,-0.0392460413277149,0.284398436546326,-0.0392476543784142,0.284397631883621,0.0502748303115368,-0.0983015149831772,0.456263154745102,0.465939491987228,0.0502735339105129,-0.0982998386025429,0.0502742454409599,-0.0983020886778831,-0.0392460413277149,0.284398436546326,0.0502735562622547,-0.0982998311519623,0.456259548664093,0.465938925743103
8.05000019073486,0.456159055233002,0.465798139572144,0.0502892062067986,-0.0983349308371544,-0.0390229746699333,0.284441441297531,0.0502880178391933,-0.0983333140611649,0.0502892062067986,-0.0983349308371544,0.456156402826309,0.465798735618591,0.0502885766327381,-0.0983327254652977,-0.0390212908387184,0.284442275762558,-0.0390229746699333,0.284441441297531,0.0502885766327381,-0.0983327254652977,0.456157505512238,0.465801864862442,0.0502872802317142,-0.098331056535244,0.0502880178391933,-0.0983333140611649,-0.0390212908387184,0.284442275762558,0.0502872802317142,-0.098331056535244,0.456153899431229,0.465801268815994
8.05060005187988,0.456053197383881,0.465660691261292,0.0503029264509678,-0.0983661562204361,-0.0387980453670025,0.284485071897507,0.0503017343580723,-0.098364531993866,0.0503029264509678,-0.0983661562204361,0.456050515174866,0.465661257505417,0.0503023006021976,-0.09836395829916,-0.0387963615357876,0.284485876560211,-0.0387980453670025,0.284485071897507,0.0503023006021976,-0.09836395829916,0.456051677465439,0.465664446353912,0.0503010004758835,-0.0983622819185257,0.0503017380833626,-0.0983645394444466,-0.0387963615357876,0.284485876560211,0.0503010004758835,-0.0983622819185257,0.45604807138443,0.465663880109787
8.0511999130249,0.455947190523148,0.465523421764374,0.0503166429698467,-0.0983973816037178,-0.038572933524847,0.284528523683548,0.0503154285252094,-0.0983957648277283,0.0503166429698467,-0.0983973816037178,0.4559445977211,0.465524017810822,0.0503159910440445,-0.0983951762318611,-0.0385713800787926,0.284529328346252,-0.038572933524847,0.284528523683548,0.0503159910440445,-0.0983951762318611,0.455945819616318,0.46552711725235,0.0503147207200527,-0.0983934998512268,0.0503154285252094,-0.0983957648277283,-0.0385713800787926,0.284529328346252,0.0503147207200527,-0.0983934998512268,0.455942124128342,0.465526580810547
8.05179977416992,0.455840975046158,0.46538633108139,0.0503303036093712,-0.0984286144375801,-0.0383477695286274,0.284571766853333,0.050329115241766,-0.0984269827604294,0.0503303036093712,-0.0984286144375801,0.455838352441788,0.465386927127838,0.0503297001123428,-0.0984264016151428,-0.0383462198078632,0.284572601318359,-0.0383477695286274,0.284571766853333,0.0503297001123428,-0.0984264016151428,0.455839455127716,0.465390056371689,0.050328403711319,-0.0984247252345085,0.050329115241766,-0.0984269827604294,-0.0383461564779282,0.284572601318359,0.050328403711319,-0.0984247252345085,0.45583587884903,0.465389460325241
8.05239963531494,0.455734521150589,0.465249419212341,0.0503439605236053,-0.0984598323702812,-0.0381224267184734,0.284614890813828,0.0503427721560001,-0.0984582081437111,0.0503439605236053,-0.0984598323702812,0.455732017755508,0.465250015258789,0.0503433607518673,-0.0984576269984245,-0.0381208769977093,0.28461566567421,-0.0381224267184734,0.284614890813828,0.0503433607518673,-0.0984576269984245,0.455733150243759,0.465253114700317,0.0503420606255531,-0.0984559506177902,0.0503427721560001,-0.0984582081437111,-0.0381208769977093,0.28461566567421,0.0503420606255531,-0.0984559506177902,0.45572954416275,0.465252578258514
8.05300045013428,0.455627977848053,0.465112686157227,0.0503576137125492,-0.0984910577535629,-0.0378969684243202,0.284657776355743,0.0503564216196537,-0.0984894335269928,0.0503576137125492,-0.0984910577535629,0.45562532544136,0.465113312005997,0.050356961786747,-0.0984888523817062,-0.0378953479230404,0.284658581018448,-0.0378969684243202,0.284657776355743,0.0503569655120373,-0.0984888598322868,0.455626577138901,0.465116411447525,0.0503556914627552,-0.0984871760010719,0.0503564216196537,-0.0984894335269928,-0.0378953479230404,0.284658581018448,0.0503556914627552,-0.0984871760010719,0.455622971057892,0.465115875005722
8.0536003112793,0.455521285533905,0.464976131916046,0.0503712110221386,-0.0985222831368446,-0.0376713238656521,0.284700453281403,0.0503700263798237,-0.0985206663608551,0.0503712147474289,-0.0985222905874252,0.45551860332489,0.464976698160172,0.0503706075251102,-0.0985200777649879,-0.0376697741448879,0.284701287746429,-0.0376713238656521,0.284700453281403,0.0503706075251102,-0.0985200777649879,0.455519795417786,0.464979887008667,0.0503693111240864,-0.0985184013843536,0.0503700263798237,-0.0985206663608551,-0.0376697741448879,0.284701287746429,0.0503693111240864,-0.0985184013843536,0.455516159534454,0.464979290962219
8.05420017242432,0.455414205789566,0.464839696884155,0.050384808331728,-0.0985535159707069,-0.037445567548275,0.28474298119545,0.0503836162388325,-0.0985518917441368,0.050384808331728,-0.0985535159707069,0.455411583185196,0.464840352535248,0.0503842011094093,-0.0985513031482697,-0.0374440141022205,0.284743785858154,-0.037445567548275,0.28474298119545,0.0503842011094093,-0.0985513031482697,0.455412834882736,0.464843451976776,0.0503829047083855,-0.0985496267676353,0.0503836162388325,-0.0985518917441368,-0.0374440141022205,0.284743785858154,0.0503829047083855,-0.0985496267676353,0.455409228801727,0.464842885732651
8.05480003356934,0.455307096242905,0.464703559875488,0.0503983944654465,-0.0985847488045692,-0.0372196994721889,0.284785330295563,0.0503971837460995,-0.0985831171274185,0.0503983944654465,-0.0985847488045692,0.455304473638535,0.464704155921936,0.0503977686166763,-0.0985825210809708,-0.0372180715203285,0.284786075353622,-0.0372196994721889,0.284785330295563,0.0503977686166763,-0.0985825210809708,0.455305695533752,0.464707314968109,0.0503964722156525,-0.0985808596014977,0.0503971837460995,-0.0985831171274185,-0.0372180715203285,0.284786075353622,0.0503964722156525,-0.0985808596014977,0.455302089452744,0.464706718921661
8.05539989471436,0.455199658870697,0.464567512273788,0.0504119284451008,-0.098615974187851,-0.036993645131588,0.284827440977097,0.0504107400774956,-0.0986143350601196,0.0504119321703911,-0.0986159816384315,0.455197155475616,0.464568167924881,0.0504113025963306,-0.0986137688159943,-0.0369920879602432,0.284828215837479,-0.036993645131588,0.284827440977097,0.0504113025963306,-0.0986137688159943,0.455198287963867,0.464571237564087,0.0504100322723389,-0.0986120775341988,0.0504107400774956,-0.0986143350601196,-0.0369920879602432,0.284828215837479,0.0504100322723389,-0.0986120775341988,0.455194681882858,0.464570701122284
8.05599975585938,0.455092161893845,0.464431703090668,0.0504254624247551,-0.0986471995711327,-0.0367674753069878,0.284869372844696,0.0504242703318596,-0.0986455678939819,0.0504254624247551,-0.0986471995711327,0.455089539289474,0.464432328939438,0.0504248328506947,-0.0986449867486954,-0.0367658473551273,0.284870147705078,-0.0367674753069878,0.284869372844696,0.0504248328506947,-0.0986449867486954,0.455090790987015,0.464435428380966,0.0504235588014126,-0.0986433029174805,0.0504242703318596,-0.0986455678939819,-0.0367658473551273,0.284870147705078,0.0504235588014126,-0.0986433029174805,0.455087065696716,0.464434891939163
8.05659961700439,0.454984396696091,0.464296072721481,0.0504389628767967,-0.098678432404995,-0.0365411229431629,0.284911125898361,0.0504377707839012,-0.0986767932772636,0.0504389628767967,-0.098678432404995,0.454981774091721,0.464296668767929,0.0504383370280266,-0.0986762195825577,-0.0365395657718182,0.284911930561066,-0.0365411229431629,0.284911125898361,0.0504383370280266,-0.0986762195825577,0.454982995986938,0.464299768209457,0.0504370592534542,-0.0986745357513428,0.0504377707839012,-0.0986767932772636,-0.0365395657718182,0.284911930561066,0.0504370592534542,-0.0986745357513428,0.454979300498962,0.464299231767654
8.05720043182373,0.454876452684402,0.464160591363907,0.050452459603548,-0.0987096577882767,-0.0363147221505642,0.284952700138092,0.0504512675106525,-0.0987080186605453,0.050452459603548,-0.0987096577882767,0.454873919487,0.464161187410355,0.0504518076777458,-0.0987074449658394,-0.0363130308687687,0.284953474998474,-0.0363147221505642,0.284952700138092,0.0504518114030361,-0.09870745241642,0.454875081777573,0.464164346456528,0.0504505336284637,-0.0987057611346245,0.0504512675106525,-0.0987080186605453,-0.0363130308687687,0.284953474998474,0.0504505336284637,-0.0987057611346245,0.454871475696564,0.464163810014725
8.05780029296875,0.45476832985878,0.464025318622589,0.050465926527977,-0.098740890622139,-0.0360881425440311,0.284994035959244,0.0504647083580494,-0.0987392514944077,0.050465926527977,-0.098740890622139,0.454765737056732,0.464025974273682,0.0504652746021748,-0.0987386777997017,-0.0360864512622356,0.284994870424271,-0.0360881425440311,0.284994035959244,0.0504652746021748,-0.0987386777997017,0.45476695895195,0.464029043912888,0.0504640005528927,-0.0987369865179062,0.0504647083580494,-0.0987392514944077,-0.0360864512622356,0.284994870424271,0.0504640005528927,-0.0987369865179062,0.454763382673264,0.464028507471085
8.05840015411377,0.454660028219223,0.463890224695206,0.0504793412983418,-0.0987721160054207,-0.0358613803982735,0.285035222768784,0.0504781492054462,-0.0987704992294312,0.0504793412983418,-0.0987721160054207,0.454657524824142,0.463890820741653,0.0504787378013134,-0.0987699031829834,-0.035859689116478,0.285036027431488,-0.0358613803982735,0.285035222768784,0.0504787415266037,-0.098769910633564,0.454658627510071,0.463893949985504,0.050477460026741,-0.0987682193517685,0.0504781492054462,-0.0987704992294312,-0.035859689116478,0.285036027431488,0.050477460026741,-0.0987682193517685,0.454654932022095,0.463893413543701
8.05900001525879,0.454551547765732,0.463755279779434,0.0504927709698677,-0.098803348839283,-0.0356344431638718,0.285076200962067,0.0504915565252304,-0.0988017171621323,0.0504927709698677,-0.098803348839283,0.454548925161362,0.463755905628204,0.0504921488463879,-0.0988011434674263,-0.035632811486721,0.285076975822449,-0.0356344431638718,0.285076200962067,0.0504921488463879,-0.0988011434674263,0.454550057649612,0.463759005069733,0.0504908710718155,-0.0987994447350502,0.0504915565252304,-0.0988017171621323,-0.035632811486721,0.285076975822449,0.0504908710718155,-0.0987994447350502,0.454546451568604,0.46375846862793
8.05959987640381,0.454442858695984,0.463620543479919,0.0505061522126198,-0.0988345816731453,-0.0354074500501156,0.285117000341415,0.050504956394434,-0.098832942545414,0.0505061522126198,-0.0988345816731453,0.454440146684647,0.463621199131012,0.0505055487155914,-0.0988323614001274,-0.0354058220982552,0.285117775201797,-0.0354074500501156,0.285117000341415,0.0505055487155914,-0.0988323614001274,0.454441398382187,0.46362429857254,0.0505042746663094,-0.0988306775689125,0.050504956394434,-0.098832942545414,-0.0354058220982552,0.285117775201797,0.0505042746663094,-0.0988306775689125,0.454437792301178,0.463623732328415
8.06019973754883,0.454333961009979,0.463486015796661,0.0505195483565331,-0.0988658145070076,-0.0351802781224251,0.285157591104507,0.0505183562636375,-0.0988641753792763,0.0505195483565331,-0.0988658145070076,0.454331248998642,0.463486641645432,0.0505189262330532,-0.0988635942339897,-0.0351786538958549,0.28515836596489,-0.0351802781224251,0.285157591104507,0.0505189262330532,-0.0988635942339897,0.454332500696182,0.463489770889282,0.0505176447331905,-0.0988619104027748,0.0505183562636375,-0.0988641753792763,-0.0351786538958549,0.28515836596489,0.0505176447331905,-0.0988619104027748,0.454328894615173,0.463489234447479
8.06079959869385,0.454224824905396,0.463351637125015,0.0505328960716724,-0.0988970473408699,-0.0349529273808002,0.285198003053665,0.0505316965281963,-0.0988954082131386,0.0505328960716724,-0.0988970473408699,0.454222202301025,0.463352262973785,0.050532266497612,-0.098894827067852,-0.0349513664841652,0.285198777914047,-0.0349529273808002,0.285198003053665,0.050532266497612,-0.098894827067852,0.454223394393921,0.463355422019958,0.0505309887230396,-0.0988931432366371,0.0505316965281963,-0.0988954082131386,-0.0349513664841652,0.285198777914047,0.0505309924483299,-0.0988931506872177,0.454219818115234,0.463354915380478
8.06140041351318,0.454115480184555,0.463217467069626,0.0505462326109409,-0.0989282801747322,-0.0347255319356918,0.285238206386566,0.0505450367927551,-0.0989266410470009,0.0505462326109409,-0.0989282801747322,0.454112976789474,0.463218122720718,0.0505456067621708,-0.0989260524511337,-0.0347239002585411,0.285238981246948,-0.0347255319356918,0.285238206386566,0.0505456067621708,-0.0989260524511337,0.454114139080048,0.463221222162247,0.0505443252623081,-0.0989243686199188,0.0505450367927551,-0.0989266410470009,-0.0347239002585411,0.285238981246948,0.0505443252623081,-0.0989243686199188,0.454110532999039,0.463220715522766
8.0620002746582,0.454006105661392,0.463083475828171,0.0505595169961452,-0.0989595055580139,-0.0344979539513588,0.285278230905533,0.0505583249032497,-0.0989578738808632,0.0505595169961452,-0.0989595055580139,0.454003483057022,0.463084131479263,0.0505589172244072,-0.0989572927355766,-0.0344962514936924,0.285279005765915,-0.0344979539513588,0.285278230905533,0.0505589172244072,-0.0989572927355766,0.454004645347595,0.463087230920792,0.0505576394498348,-0.0989556014537811,0.0505583249032497,-0.0989578738808632,-0.0344962514936924,0.285279005765915,0.0505576394498348,-0.0989556014537811,0.454001039266586,0.463086694478989
8.06260013580322,0.453896403312683,0.462949693202972,0.0505728013813496,-0.0989907458424568,-0.0342701934278011,0.285318046808243,0.0505716055631638,-0.0989891067147255,0.0505728013813496,-0.0989907458424568,0.453893780708313,0.46295028924942,0.0505721978843212,-0.0989885255694389,-0.0342685654759407,0.285318821668625,-0.0342701934278011,0.285318046808243,0.0505721978843212,-0.0989885255694389,0.453895062208176,0.462953448295593,0.0505709163844585,-0.0989868268370628,0.0505716055631638,-0.0989891067147255,-0.0342685654759407,0.285318821668625,0.0505709163844585,-0.0989868268370628,0.453891336917877,0.462952941656113
8.06319999694824,0.453786611557007,0.462816119194031,0.050586074590683,-0.0990219861268997,-0.0340423248708248,0.285357683897018,0.0505848787724972,-0.0990203395485878,0.050586074590683,-0.0990219861268997,0.453783959150314,0.462816715240479,0.0505854748189449,-0.0990197584033012,-0.0340406894683838,0.285358428955078,-0.0340423248708248,0.285357683897018,0.0505854748189449,-0.0990197658538818,0.453785240650177,0.462819814682007,0.0505841933190823,-0.0990180671215057,0.0505848787724972,-0.0990203395485878,-0.0340406894683838,0.285358428955078,0.0505841970443726,-0.0990180745720863,0.453781545162201,0.462819308042526
8.06379985809326,0.453676551580429,0.462682664394379,0.0505993217229843,-0.0990532115101814,-0.0338142700493336,0.285397112369537,0.0505981259047985,-0.0990515723824501,0.0505993217229843,-0.0990532115101814,0.453673899173737,0.462683290243149,0.0505986921489239,-0.0990509986877441,-0.0338127091526985,0.285397887229919,-0.0338142700493336,0.285397112369537,0.0505986921489239,-0.0990509986877441,0.45367506146431,0.462686419487,0.0505974143743515,-0.0990493074059486,0.0505981259047985,-0.0990515723824501,-0.0338127091526985,0.285397887229919,0.0505974143743515,-0.0990493074059486,0.453671485185623,0.462685883045197
8.06439971923828,0.453566253185272,0.462549448013306,0.050612535327673,-0.0990844517946243,-0.0335862450301647,0.2854363322258,0.0506113395094872,-0.0990828052163124,0.050612535327673,-0.0990844517946243,0.453563660383224,0.462550044059753,0.0506119355559349,-0.0990822240710258,-0.033584538847208,0.285437077283859,-0.0335862450301647,0.2854363322258,0.0506119355559349,-0.0990822240710258,0.453564882278442,0.462553143501282,0.0506106577813625,-0.0990805327892303,0.0506113395094872,-0.0990828052163124,-0.033584538847208,0.285437077283859,0.0506106577813625,-0.0990805327892303,0.453561216592789,0.462552636861801
8.0649995803833,0.453455895185471,0.462416380643845,0.0506257452070713,-0.0991156846284866,-0.0333578996360302,0.285475343465805,0.0506245531141758,-0.0991140455007553,0.0506257452070713,-0.0991156846284866,0.4534532725811,0.46241706609726,0.0506251230835915,-0.0991134643554688,-0.0333562642335892,0.28547614812851,-0.0333578996360302,0.285475343465805,0.0506251230835915,-0.0991134643554688,0.453454405069351,0.462420105934143,0.0506238453090191,-0.0991117730736732,0.0506245531141758,-0.0991140455007553,-0.0333562642335892,0.28547614812851,0.0506238453090191,-0.0991117730736732,0.453450798988342,0.46241956949234
8.06560039520264,0.453345268964767,0.462283492088318,0.0506389290094376,-0.0991469174623489,-0.0331295095384121,0.285514205694199,0.0506377331912518,-0.0991452783346176,0.0506389290094376,-0.0991469174623489,0.453342646360397,0.46228414773941,0.0506383031606674,-0.0991446971893311,-0.0331278741359711,0.285514950752258,-0.0331295095384121,0.285514175891876,0.0506383031606674,-0.0991446971893311,0.453343898057938,0.462287247180939,0.0506370477378368,-0.0991430059075356,0.0506377331912518,-0.0991452783346176,-0.0331278741359711,0.285514950752258,0.0506370477378368,-0.0991430059075356,0.453340202569962,0.462286710739136
8.06620025634766,0.453234434127808,0.462150812149048,0.0506520792841911,-0.0991781502962112,-0.0329009406268597,0.285552829504013,0.050650879740715,-0.0991765111684799,0.0506520830094814,-0.0991781577467918,0.453231811523438,0.46215146780014,0.0506514795124531,-0.099175937473774,-0.0328993052244186,0.285553604364395,-0.0329009406268597,0.285552829504013,0.0506514795124531,-0.099175937473774,0.4532330930233,0.462154597043991,0.0506501980125904,-0.0991742387413979,0.050650879740715,-0.0991765037178993,-0.0328993052244186,0.285553604364395,0.0506501980125904,-0.0991742387413979,0.453229397535324,0.462154060602188
8.06680011749268,0.453123450279236,0.462018311023712,0.0506652258336544,-0.0992093905806541,-0.0326722599565983,0.285591274499893,0.0506640300154686,-0.0992077440023422,0.0506652034819126,-0.0992093905806541,0.453120827674866,0.462018936872482,0.0506645999848843,-0.0992071628570557,-0.0326706245541573,0.285592049360275,-0.0326722599565983,0.285591274499893,0.0506646037101746,-0.0992071703076363,0.453122049570084,0.462022095918655,0.0506633222103119,-0.0992054790258408,0.0506640300154686,-0.0992077440023422,-0.0326706245541573,0.285592049360275,0.0506633222103119,-0.0992054790258408,0.453118443489075,0.462021589279175
8.0673999786377,0.453012317419052,0.461886018514633,0.0506783165037632,-0.0992406234145164,-0.0324434004724026,0.285629540681839,0.0506771244108677,-0.0992389842867851,0.0506783165037632,-0.0992406234145164,0.45300966501236,0.461886674165726,0.0506777204573154,-0.0992384105920792,-0.0324417613446712,0.285630315542221,-0.0324434004724026,0.285629540681839,0.0506777204573154,-0.0992384105920792,0.453010827302933,0.461889773607254,0.0506764389574528,-0.0992367044091225,0.0506771244108677,-0.0992389842867851,-0.0324417613446712,0.285630315542221,0.0506764389574528,-0.0992367044091225,0.453007251024246,0.461889266967773
8.06799983978271,0.452900916337967,0.461753964424133,0.050691407173872,-0.0992718636989594,-0.0322144292294979,0.285667568445206,0.0506902113556862,-0.099270224571228,0.050691407173872,-0.0992718636989594,0.452898293733597,0.461754590272903,0.0506908074021339,-0.0992696434259415,-0.0322128608822823,0.28566837310791,-0.0322144329547882,0.285667598247528,0.0506908074021339,-0.0992696434259415,0.452899426221848,0.461757689714432,0.0506895259022713,-0.0992679446935654,0.0506902113556862,-0.099270224571228,-0.0322128608822823,0.28566837310791,0.0506895259022713,-0.0992679446935654,0.452895879745483,0.461757183074951
8.06859970092773,0.452789396047592,0.461621999740601,0.0507044903934002,-0.0993031039834023,-0.0319853462278843,0.285705417394638,0.0507032908499241,-0.0993014574050903,0.0507044903934002,-0.0993031039834023,0.452786654233932,0.461622714996338,0.0507038868963718,-0.0993008762598038,-0.031983707100153,0.28570619225502,-0.0319853462278843,0.285705417394638,0.0507038868963718,-0.0993008762598038,0.452787935733795,0.461625754833221,0.0507026091217995,-0.0992991775274277,0.0507032908499241,-0.0993014574050903,-0.031983707100153,0.28570619225502,0.0507026091217995,-0.0992991775274277,0.452784359455109,0.461625248193741
8.06919956207275,0.452677667140961,0.461490273475647,0.0507175177335739,-0.0993343442678452,-0.0317560844123363,0.285743087530136,0.0507163219153881,-0.0993326976895332,0.0507175177335739,-0.0993343442678452,0.452674925327301,0.461490988731384,0.0507169179618359,-0.0993321239948273,-0.0317545123398304,0.285743832588196,-0.0317560844123363,0.285743087530136,0.0507169179618359,-0.0993321239948273,0.452676177024841,0.461493998765945,0.0507156364619732,-0.0993304178118706,0.0507163219153881,-0.0993326976895332,-0.0317545123398304,0.285743832588196,0.0507156364619732,-0.0993304178118706,0.452672630548477,0.46149355173111
8.06980037689209,0.45256569981575,0.461358726024628,0.0507305413484573,-0.0993655771017075,-0.0315267108380795,0.285780549049377,0.0507293678820133,-0.0993639305233955,0.0507305413484573,-0.0993655771017075,0.45256307721138,0.461359411478043,0.0507299415767193,-0.099363349378109,-0.0315250717103481,0.285781294107437,-0.0315267108380795,0.285780549049377,0.0507299415767193,-0.099363349378109,0.452564269304276,0.461362510919571,0.0507286824285984,-0.0993616506457329,0.0507293678820133,-0.0993639305233955,-0.0315250717103481,0.285781294107437,0.0507286824285984,-0.0993616506457329,0.452560544013977,0.46136200428009
8.07040023803711,0.452453553676605,0.46122744679451,0.0507435575127602,-0.0993968099355698,-0.0312971584498882,0.28581777215004,0.0507423579692841,-0.0993951633572578,0.0507435575127602,-0.0993968099355698,0.452450931072235,0.46122807264328,0.0507429577410221,-0.0993945822119713,-0.0312955193221569,0.285818547010422,-0.0312971584498882,0.28581777215004,0.0507429614663124,-0.0993945896625519,0.452452212572098,0.461231172084808,0.0507416762411594,-0.0993928909301758,0.0507423579692841,-0.0993951633572578,-0.0312955193221569,0.285818547010422,0.0507416762411594,-0.0993928909301758,0.452448517084122,0.461230665445328
8.07100009918213,0.452341288328171,0.461096286773682,0.0507565215229988,-0.0994280502200127,-0.031067568808794,0.285854876041412,0.0507553480565548,-0.0994264036417007,0.0507565215229988,-0.0994280502200127,0.452338665723801,0.461096912622452,0.0507559217512608,-0.0994258299469948,-0.0310658551752567,0.28585559129715,-0.031067568808794,0.285854876041412,0.0507559217512608,-0.0994258299469948,0.452339798212051,0.46110001206398,0.050754688680172,-0.0994241237640381,0.0507553480565548,-0.0994264036417007,-0.0310658551752567,0.28585559129715,0.050754688680172,-0.0994241237640381,0.452336251735687,0.461099535226822
8.07159996032715,0.452228724956512,0.460965305566788,0.0507694780826569,-0.0994592979550362,-0.0308377258479595,0.285891711711884,0.0507683046162128,-0.099457636475563,0.0507694780826569,-0.0994592979550362,0.452226102352142,0.460965931415558,0.0507688820362091,-0.0994570627808571,-0.0308360829949379,0.285892456769943,-0.0308377258479595,0.285891711711884,0.0507688820362091,-0.0994570627808571,0.452227294445038,0.460969090461731,0.05076764523983,-0.099455364048481,0.0507683046162128,-0.099457636475563,-0.0308360829949379,0.285892456769943,0.05076764523983,-0.099455364048481,0.452223688364029,0.46096858382225
8.07219982147217,0.45211598277092,0.460834503173828,0.0507824346423149,-0.0994905382394791,-0.0306078400462866,0.285928338766098,0.0507812313735485,-0.099488876760006,0.0507824346423149,-0.0994905382394791,0.452113389968872,0.460835218429565,0.0507818348705769,-0.0994883030653,-0.030606197193265,0.285929083824158,-0.0306078400462866,0.285928338766098,0.0507818348705769,-0.0994883030653,0.452114701271057,0.460838258266449,0.050780575722456,-0.0994866043329239,0.0507812313735485,-0.099488876760006,-0.030606197193265,0.285929083824158,0.050780575722456,-0.0994866043329239,0.452110975980759,0.460837781429291
8.07279968261719,0.45200315117836,0.460703939199448,0.0507953278720379,-0.099521778523922,-0.0303777139633894,0.285964787006378,0.0507941581308842,-0.0995201244950294,0.0507953278720379,-0.099521778523922,0.452000588178635,0.460704654455185,0.0507947579026222,-0.0995195433497429,-0.030376136302948,0.28596556186676,-0.0303777139633894,0.285964787006378,0.0507947579026222,-0.0995195433497429,0.452001839876175,0.460707724094391,0.0507934987545013,-0.0995178446173668,0.0507941581308842,-0.0995201244950294,-0.030376136302948,0.28596556186676,0.0507934987545013,-0.0995178446173668,0.451998174190521,0.46070721745491
8.07339954376221,0.451890140771866,0.460573613643646,0.0508082248270512,-0.0995530113577843,-0.0301475431770086,0.286001056432724,0.0508070737123489,-0.0995513573288918,0.0508082248270512,-0.0995530113577843,0.451887518167496,0.460574239492416,0.0508076511323452,-0.0995507836341858,-0.0301459636539221,0.286001771688461,-0.0301475431770086,0.286001056432724,0.0508076511323452,-0.0995507836341858,0.451888740062714,0.460577368736267,0.050806388258934,-0.0995490849018097,0.0508070737123489,-0.0995513573288918,-0.0301459655165672,0.286001801490784,0.050806388258934,-0.0995490849018097,0.451885133981705,0.460576862096786
8.07400035858154,0.45177686214447,0.460443437099457,0.0508211106061935,-0.0995842516422272,-0.0299171954393387,0.286037117242813,0.0508199371397495,-0.0995825976133347,0.0508211106061935,-0.0995842516422272,0.451774269342422,0.460444092750549,0.0508205145597458,-0.0995820239186287,-0.0299155451357365,0.286037802696228,-0.0299171954393387,0.286037117242813,0.0508205145597458,-0.0995820239186287,0.451775550842285,0.460447192192078,0.0508192516863346,-0.099580317735672,0.0508199371397495,-0.0995825976133347,-0.0299155451357365,0.286037802696228,0.0508192516863346,-0.099580317735672,0.451771855354309,0.460446685552597
8.07460021972656,0.451663464307785,0.460313379764557,0.0508339665830135,-0.0996154844760895,-0.02968680113554,0.286072909832001,0.0508327931165695,-0.0996138378977776,0.0508339665830135,-0.0996154844760895,0.451660722494125,0.460314065217972,0.0508333966135979,-0.0996132493019104,-0.0296850856393576,0.286073684692383,-0.02968680113554,0.286072909832001,0.0508333742618561,-0.0996132642030716,0.45166203379631,0.4603171646595,0.0508321113884449,-0.0996115505695343,0.0508327931165695,-0.0996138378977776,-0.0296850856393576,0.286073684692383,0.0508321113884449,-0.0996115505695343,0.451658368110657,0.460316687822342
8.07520008087158,0.451549768447876,0.460183650255203,0.0508467964828014,-0.099646732211113,-0.0294561646878719,0.286108553409576,0.0508456230163574,-0.0996450781822205,0.0508467964828014,-0.099646732211113,0.451547175645828,0.460184276103973,0.0508462265133858,-0.0996445044875145,-0.02945451810956,0.286109328269958,-0.0294561646878719,0.286108553409576,0.050846204161644,-0.0996445119380951,0.451548457145691,0.460187405347824,0.0508449375629425,-0.0996427908539772,0.0508456230163574,-0.0996450781822205,-0.02945451810956,0.286109328269958,0.0508449375629425,-0.0996427908539772,0.451544761657715,0.460186898708344
8.0757999420166,0.451435983181,0.460054039955139,0.0508595928549767,-0.0996779724955559,-0.0292253531515598,0.28614404797554,0.0508584193885326,-0.0996763110160828,0.0508595928549767,-0.0996779724955559,0.45143336057663,0.460054725408554,0.0508589968085289,-0.0996757373213768,-0.029223769903183,0.286144763231277,-0.0292253531515598,0.28614404797554,0.0508589968085289,-0.0996757373213768,0.451434642076492,0.460057765245438,0.0508577637374401,-0.0996740385890007,0.0508584193885326,-0.0996763110160828,-0.029223769903183,0.286144763231277,0.0508577637374401,-0.0996740385890007,0.451430946588516,0.460057318210602
8.07639980316162,0.451322048902512,0.459924608469009,0.0508724115788937,-0.0997092053294182,-0.0289945676922798,0.28617924451828,0.0508712120354176,-0.0997075513005257,0.0508724115788937,-0.0997092053294182,0.451319336891174,0.459925323724747,0.0508718155324459,-0.0997069850564003,-0.0289928466081619,0.28617998957634,-0.0289945676922798,0.28617924451828,0.0508718155324459,-0.0997069850564003,0.451320737600327,0.459928393363953,0.0508705303072929,-0.099705271422863,0.0508712120354176,-0.0997075513005257,-0.0289928466081619,0.28617998957634,0.0508705340325832,-0.0997052788734436,0.451316952705383,0.459927916526794
8.07699966430664,0.451207786798477,0.459795445203781,0.0508851520717144,-0.0997404530644417,-0.028763534501195,0.286214292049408,0.0508839748799801,-0.0997387990355492,0.0508851520717144,-0.0997404530644417,0.451205193996429,0.459796130657196,0.0508845783770084,-0.0997382178902626,-0.0287618171423674,0.286215007305145,-0.028763534501195,0.286214292049408,0.0508845821022987,-0.0997382253408432,0.451206505298615,0.45979917049408,0.0508833155035973,-0.0997365042567253,0.0508839748799801,-0.0997387990355492,-0.0287618171423674,0.286215007305145,0.0508833155035973,-0.0997365042567253,0.451202809810638,0.459798693656921
8.07759952545166,0.451093435287476,0.459666401147842,0.0508979074656963,-0.099771685898304,-0.0285323914140463,0.286249130964279,0.0508967339992523,-0.0997700393199921,0.0508979074656963,-0.099771685898304,0.451090812683105,0.459667056798935,0.0508973114192486,-0.0997694656252861,-0.0285306759178638,0.286249816417694,-0.0285323914140463,0.286249130964279,0.0508973114192486,-0.0997694656252861,0.451092153787613,0.459670156240463,0.0508960485458374,-0.0997677519917488,0.0508967339992523,-0.0997700393199921,-0.0285306759178638,0.286249816417694,0.0508960485458374,-0.0997677445411682,0.451088458299637,0.459669679403305
8.078200340271,0.450978964567184,0.459537535905838,0.0509106367826462,-0.0998029336333275,-0.028301078826189,0.286283731460571,0.0509094335138798,-0.099801279604435,0.0509106367826462,-0.0998029336333275,0.450976312160492,0.45953831076622,0.0509100407361984,-0.0998006984591484,-0.0282994229346514,0.286284446716309,-0.028301078826189,0.286283731460571,0.0509100407361984,-0.0998006984591484,0.450977563858032,0.459541320800781,0.0509087741374969,-0.0997989848256111,0.0509094335138798,-0.099801279604435,-0.0282994229346514,0.286284446716309,0.0509087741374969,-0.0997989848256111,0.450973898172379,0.459540873765945
8.07880020141602,0.450864166021347,0.459408968687057,0.0509233325719833,-0.0998341739177704,-0.0280696507543325,0.286318153142929,0.0509221330285072,-0.0998325124382973,0.0509233325719833,-0.0998341739177704,0.450861483812332,0.459409654140472,0.0509227365255356,-0.0998319387435913,-0.0280679985880852,0.286318898200989,-0.0280696507543325,0.286318153142929,0.0509227365255356,-0.0998319387435913,0.450862884521484,0.459412693977356,0.0509214997291565,-0.0998302325606346,0.0509221330285072,-0.0998325124382973,-0.0280679985880852,0.286318898200989,0.0509214997291565,-0.0998302325606346,0.450859099626541,0.459412276744843
8.07940006256104,0.450749218463898,0.459280550479889,0.0509359985589981,-0.0998654067516327,-0.0278381165117025,0.28635236620903,0.0509348250925541,-0.0998637601733208,0.0509360022842884,-0.0998654142022133,0.450746595859528,0.459281265735626,0.0509354323148727,-0.0998631864786148,-0.02783646248281,0.286353081464767,-0.0278381165117025,0.28635236620903,0.0509354323148727,-0.0998631864786148,0.45074787735939,0.45928430557251,0.0509341433644295,-0.0998614802956581,0.0509348250925541,-0.0998637601733208,-0.02783646248281,0.286353081464767,0.0509341433644295,-0.0998614802956581,0.450744181871414,0.459283858537674
8.07999992370605,0.450634121894836,0.459152340888977,0.0509486608207226,-0.0998966619372368,-0.0276064090430737,0.286386370658875,0.0509474836289883,-0.0998949930071831,0.0509486608207226,-0.0998966619372368,0.450631499290466,0.459153026342392,0.0509480684995651,-0.0998944193124771,-0.0276048202067614,0.286387056112289,-0.0276064090430737,0.286386370658875,0.0509480684995651,-0.0998944193124771,0.450632810592651,0.459156095981598,0.0509468279778957,-0.0998927131295204,0.0509474836289883,-0.0998949930071831,-0.0276048202067614,0.286387056112289,0.0509468279778957,-0.0998927131295204,0.450629115104675,0.45915561914444
8.08059978485107,0.450518906116486,0.459024310112,0.0509612932801247,-0.0999278947710991,-0.0273746568709612,0.286420166492462,0.0509600937366486,-0.0999262407422066,0.0509612932801247,-0.0999278947710991,0.450516194105148,0.459024965763092,0.0509607009589672,-0.0999256670475006,-0.0273729357868433,0.286420881748199,-0.0273746568709612,0.286420166492462,0.0509607009589672,-0.0999256670475006,0.450517475605011,0.45902806520462,0.0509594604372978,-0.0999239534139633,0.0509600937366486,-0.0999262407422066,-0.0273729357868433,0.286420881748199,0.0509594604372978,-0.0999239534139633,0.450513809919357,0.459027618169785
8.08119964599609,0.450403362512589,0.458896428346634,0.0509739182889462,-0.099959135055542,-0.0271426625549793,0.286453783512115,0.05097271874547,-0.0999574735760689,0.0509739182889462,-0.099959135055542,0.450400799512863,0.458897203207016,0.0509733259677887,-0.0999568998813629,-0.027141010388732,0.28645446896553,-0.0271426625549793,0.286453783512115,0.0509733259677887,-0.0999568998813629,0.450402081012726,0.4589002430439,0.0509720854461193,-0.0999551936984062,0.05097271874547,-0.0999574735760689,-0.027141010388732,0.28645446896553,0.0509720854461193,-0.0999551936984062,0.45039838552475,0.458899766206741
8.08180046081543,0.450287729501724,0.458768874406815,0.0509864911437035,-0.0999903827905655,-0.0269106309860945,0.286487132310867,0.0509853400290012,-0.0999887138605118,0.0509864948689938,-0.0999903902411461,0.450285047292709,0.458769530057907,0.0509859248995781,-0.0999881401658058,-0.0269089061766863,0.286487847566605,-0.0269106309860945,0.286487132310867,0.0509859248995781,-0.0999881401658058,0.450286328792572,0.458772599697113,0.0509846583008766,-0.0999864265322685,0.0509853400290012,-0.0999887138605118,-0.0269089061766863,0.286487847566605,0.0509846583008766,-0.0999864265322685,0.450282663106918,0.4587721824646
8.08240032196045,0.450171887874603,0.458641409873962,0.0509990602731705,-0.100021630525589,-0.0266783535480499,0.286520332098007,0.0509979054331779,-0.100019961595535,0.0509990602731705,-0.100021630525589,0.450169175863266,0.4586421251297,0.0509984903037548,-0.100019387900829,-0.0266767628490925,0.286521047353745,-0.0266783535480499,0.286520332098007,0.0509984903037548,-0.100019387900829,0.450170606374741,0.458645135164261,0.0509972237050533,-0.100017666816711,0.0509979054331779,-0.100019961595535,-0.0266767628490925,0.286521047353745,0.0509972237050533,-0.100017666816711,0.45016685128212,0.458644777536392
8.08300018310547,0.450055837631226,0.458514183759689,0.0510116182267666,-0.100052863359451,-0.0264460388571024,0.286553293466568,0.0510104447603226,-0.100051201879978,0.0510116182267666,-0.100052863359451,0.450053155422211,0.458514869213104,0.0510110259056091,-0.100050628185272,-0.0264443792402744,0.286553978919983,-0.0264460388571024,0.286553293466568,0.0510110259056091,-0.100050628185272,0.450054526329041,0.45851793885231,0.05100978910923,-0.100048914551735,0.0510104447603226,-0.100051201879978,-0.0264443792402744,0.286553978919983,0.05100978910923,-0.100048914551735,0.450050920248032,0.458517551422119
8.08360004425049,0.449939668178558,0.458387166261673,0.0510241538286209,-0.100084103643894,-0.0262135472148657,0.286586076021194,0.0510229729115963,-0.100082442164421,0.0510241538286209,-0.100084103643894,0.449937015771866,0.45838788151741,0.0510235838592052,-0.100081875920296,-0.0262118894606829,0.286586731672287,-0.0262135472148657,0.286586076021194,0.0510235838592052,-0.100081875920296,0.449938297271729,0.458390951156616,0.0510223135352135,-0.100080147385597,0.0510229729115963,-0.100082442164421,-0.0262118894606829,0.286586731672287,0.0510223172605038,-0.100080154836178,0.449934631586075,0.458390533924103
8.08419990539551,0.44982323050499,0.458260327577591,0.0510366521775723,-0.100115351378918,-0.0259809494018555,0.286618620157242,0.0510354749858379,-0.100113682448864,0.0510366521775723,-0.100115351378918,0.44982060790062,0.458261042833328,0.0510360822081566,-0.100113116204739,-0.0259792916476727,0.286619275808334,-0.0259809494018555,0.286618620157242,0.0510360822081566,-0.100113116204739,0.449821889400482,0.458264082670212,0.0510348416864872,-0.10011138767004,0.0510354749858379,-0.100113682448864,-0.0259792916476727,0.286619275808334,0.0510348416864872,-0.10011138767004,0.449818134307861,0.458263695240021
8.08479976654053,0.449706673622131,0.458133727312088,0.0510491207242012,-0.100146591663361,-0.0257481765002012,0.286650955677032,0.0510479658842087,-0.100144922733307,0.0510491207242012,-0.100146591663361,0.449704051017761,0.458134412765503,0.0510485805571079,-0.100144356489182,-0.0257465150207281,0.286651641130447,-0.0257481765002012,0.286650955677032,0.0510485805571079,-0.100144356489182,0.449705332517624,0.458137482404709,0.0510473102331161,-0.100142627954483,0.0510479658842087,-0.100144922733307,-0.0257465150207281,0.286651641130447,0.0510473102331161,-0.100142627954483,0.449701607227325,0.458137065172195
8.08539962768555,0.449589997529984,0.458007276058197,0.0510616116225719,-0.100177831947803,-0.0255152974277735,0.286683082580566,0.0510604344308376,-0.10017616301775,0.0510616116225719,-0.100177831947803,0.449587255716324,0.458008021116257,0.0510610193014145,-0.100175589323044,-0.0255136378109455,0.286683797836304,-0.0255152974277735,0.286683082580566,0.0510610193014145,-0.100175589323044,0.449588596820831,0.458011090755463,0.0510597787797451,-0.100173875689507,0.0510604344308376,-0.10017616301775,-0.0255136378109455,0.286683797836304,0.0510597787797451,-0.100173875689507,0.449584901332855,0.458010643720627
8.08600044250488,0.449472963809967,0.457881093025208,0.0510740466415882,-0.100209079682827,-0.0252823121845722,0.286715030670166,0.0510728694498539,-0.100207410752773,0.0510740466415882,-0.100209079682827,0.449470281600952,0.457881778478622,0.0510734729468822,-0.100206829607487,-0.0252806507050991,0.286715686321259,-0.0252823121845722,0.286715030670166,0.0510734766721725,-0.100206837058067,0.44947162270546,0.457884848117828,0.0510722137987614,-0.100205115973949,0.0510728694498539,-0.100207410752773,-0.0252806507050991,0.286715686321259,0.0510722137987614,-0.100205115973949,0.449467927217484,0.457884401082993
8.0866003036499,0.449355870485306,0.457755029201508,0.0510864779353142,-0.10024032741785,-0.0250491537153721,0.286746740341187,0.0510853230953217,-0.100238651037216,0.0510864779353142,-0.10024032741785,0.449353218078613,0.457755833864212,0.0510858818888664,-0.100238099694252,-0.0250474903732538,0.286747455596924,-0.0250491537153721,0.286746740341187,0.0510858856141567,-0.100238107144833,0.449354529380798,0.457758843898773,0.0510846897959709,-0.100236348807812,0.0510853230953217,-0.100238651037216,-0.0250474903732538,0.286747455596924,0.0510846897959709,-0.100236348807812,0.449350833892822,0.457758396863937
8.08720016479492,0.449238568544388,0.457629233598709,0.0510988496243954,-0.100271575152874,-0.0248158872127533,0.28677824139595,0.0510976947844028,-0.10026989877224,0.0510988496243954,-0.100271575152874,0.449235945940018,0.457629978656769,0.0510983094573021,-0.100269332528114,-0.024814223870635,0.286778926849365,-0.0248158872127533,0.28677824139595,0.0510983094573021,-0.100269332528114,0.44923722743988,0.457633078098297,0.0510970652103424,-0.100267596542835,0.0510976947844028,-0.10026989877224,-0.024814223870635,0.286778926849365,0.0510970652103424,-0.100267596542835,0.449233531951904,0.457632571458817
8.08780002593994,0.449121057987213,0.457503616809845,0.0511112213134766,-0.100302822887897,-0.0245824493467808,0.28680956363678,0.0511101149022579,-0.100301124155521,0.0511112213134766,-0.100302822887897,0.449118405580521,0.457504361867905,0.0511106811463833,-0.100300580263138,-0.0245808530598879,0.286810219287872,-0.0245824493467808,0.28680956363678,0.0511106811463833,-0.100300580263138,0.449119836091995,0.457507401704788,0.0511094816029072,-0.100298821926117,0.0511101149022579,-0.100301124155521,-0.0245808530598879,0.286810219287872,0.0511094816029072,-0.100298821926117,0.44911602139473,0.457507014274597
8.08839988708496,0.449003368616104,0.45737823843956,0.051123633980751,-0.100334033370018,-0.0243489723652601,0.286840617656708,0.0511224307119846,-0.100332386791706,0.051123633980751,-0.100334033370018,0.449000716209412,0.45737898349762,0.0511230416595936,-0.100331813097,-0.0243473071604967,0.286841303110123,-0.0243489723652601,0.286840617656708,0.0511230416595936,-0.100331813097,0.449002116918564,0.457382023334503,0.0511217974126339,-0.100330084562302,0.0511224307119846,-0.100332386791706,-0.0243473071604967,0.286841303110123,0.0511217974126339,-0.100330084562302,0.448998302221298,0.457381576299667
8.08899974822998,0.448885560035706,0.457253009080887,0.0511359423398972,-0.100365296006203,-0.0241153221577406,0.286871522665024,0.0511347837746143,-0.100363612174988,0.0511359423398972,-0.100365296006203,0.448882848024368,0.457253754138947,0.0511353947222233,-0.100363038480282,-0.0241135898977518,0.286872208118439,-0.0241153221577406,0.286871522665024,0.0511353984475136,-0.100363045930862,0.448884218931198,0.457256823778152,0.0511341094970703,-0.100361339747906,0.0511347837746143,-0.100363612174988,-0.0241135898977518,0.286872208118439,0.0511341094970703,-0.100361339747906,0.448880523443222,0.457256406545639
8.089599609375,0.44876754283905,0.45712798833847,0.0511482432484627,-0.100396543741226,-0.0238815005868673,0.286902189254761,0.0511470884084702,-0.100394867360592,0.0511482432484627,-0.100396543741226,0.448764860630035,0.457128793001175,0.0511476546525955,-0.100394316017628,-0.0238798335194588,0.286902844905853,-0.0238815005868673,0.286902189254761,0.0511476546525955,-0.100394316017628,0.448766142129898,0.457131803035736,0.0511464551091194,-0.100392557680607,0.0511470884084702,-0.100394867360592,-0.0238798335194588,0.286902844905853,0.0511464551091194,-0.100392557680607,0.448762506246567,0.457131385803223
8.09020042419434,0.448649317026138,0.457003206014633,0.0511605404317379,-0.100427784025669,-0.0236476380378008,0.286932587623596,0.0511593818664551,-0.100426107645035,0.0511605404317379,-0.100427784025669,0.448646605014801,0.457003980875015,0.051159992814064,-0.100425526499748,-0.0236459039151669,0.286933273077011,-0.0236476380378008,0.286932587623596,0.051159992814064,-0.100425526499748,0.448647946119308,0.457006961107254,0.0511587522923946,-0.10042379796505,0.0511593818664551,-0.100426107645035,-0.0236459039151669,0.286933273077011,0.0511587560176849,-0.10042380541563,0.448644310235977,0.457006633281708
8.09080028533936,0.448530942201614,0.456878662109375,0.0511728301644325,-0.100459009408951,-0.0234136041253805,0.28696283698082,0.0511716268956661,-0.100457355380058,0.0511728301644325,-0.100459009408951,0.448528200387955,0.456879377365112,0.0511722378432751,-0.100456789135933,-0.0234118700027466,0.286963492631912,-0.0234136041253805,0.28696283698082,0.0511722378432751,-0.100456789135933,0.44852951169014,0.456882417201996,0.0511709935963154,-0.100455060601234,0.0511716268956661,-0.100457355380058,-0.0234118700027466,0.286963492631912,0.0511709935963154,-0.100455060601234,0.448525875806808,0.456882029771805
8.09140014648438,0.448412388563156,0.456754237413406,0.0511850193142891,-0.100490286946297,-0.0231794007122517,0.286992877721786,0.0511839129030704,-0.100488588213921,0.0511850193142891,-0.100490286946297,0.448409676551819,0.456754952669144,0.0511844754219055,-0.100488036870956,-0.0231776647269726,0.286993563175201,-0.0231794007122517,0.286992877721786,0.0511844754219055,-0.100488036870956,0.448411047458649,0.456758052110672,0.0511832796037197,-0.100486278533936,0.0511839129030704,-0.100488588213921,-0.0231776647269726,0.286993533372879,0.0511832796037197,-0.100486278533936,0.448407351970673,0.456757605075836
8.09200000762939,0.448293626308441,0.456630021333694,0.0511972941458225,-0.100521504878998,-0.0229450203478336,0.287022680044174,0.05119613930583,-0.100519828498363,0.0511972941458225,-0.100521504878998,0.448290973901749,0.456630796194077,0.0511967092752457,-0.100519277155399,-0.0229434221982956,0.287023335695267,-0.0229450203478336,0.287022680044174,0.0511967092752457,-0.100519277155399,0.448292255401611,0.456633806228638,0.0511954613029957,-0.10051754117012,0.05119613930583,-0.100519828498363,-0.0229434221982956,0.287023335695267,0.0511954613029957,-0.10051754117012,0.448288530111313,0.456633448600769
8.09259986877441,0.448174595832825,0.456506103277206,0.0512095168232918,-0.10055273771286,-0.0227106045931578,0.287052243947983,0.0512083172798157,-0.100551083683968,0.0512095168232918,-0.10055273771286,0.44817191362381,0.456506848335266,0.0512089319527149,-0.100550509989262,-0.0227088686078787,0.287052929401398,-0.0227106045931578,0.287052243947983,0.0512089319527149,-0.100550509989262,0.448173314332962,0.456509858369827,0.0512076839804649,-0.100548774003983,0.0512083172798157,-0.100551083683968,-0.0227088686078787,0.287052929401398,0.0512076839804649,-0.100548774003983,0.448169708251953,0.456509500741959
8.09319972991943,0.448055595159531,0.456382364034653,0.0512216910719872,-0.100583985447884,-0.0224760212004185,0.287081658840179,0.0512205325067043,-0.100582309067249,0.0512216910719872,-0.100583985447884,0.448052912950516,0.45638307929039,0.05122110247612,-0.100581765174866,-0.0224743485450745,0.287082314491272,-0.0224760212004185,0.287081658840179,0.05122110247612,-0.100581765174866,0.448054254055023,0.456386148929596,0.0512199066579342,-0.100580006837845,0.0512205325067043,-0.100582309067249,-0.0224743485450745,0.287082314491272,0.0512199066579342,-0.100580006837845,0.448050439357758,0.456385731697083
8.09379959106445,0.447936236858368,0.456258744001389,0.0512338541448116,-0.100615225732327,-0.022241398692131,0.287110835313797,0.0512326471507549,-0.100613571703434,0.0512338541448116,-0.100615225732327,0.447933554649353,0.456259518861771,0.0512333102524281,-0.100612975656986,-0.0222396608442068,0.28711149096489,-0.022241398692131,0.287110835313797,0.0512333102524281,-0.100612975656986,0.447934955358505,0.456262528896332,0.0512320175766945,-0.10061126947403,0.0512326471507549,-0.100613571703434,-0.0222396608442068,0.28711149096489,0.0512320175766945,-0.10061126947403,0.447931259870529,0.456262171268463
8.09440040588379,0.447816789150238,0.456135392189026,0.0512459613382816,-0.100646480917931,-0.0220065359026194,0.287139743566513,0.0512448512017727,-0.100644774734974,0.0512459613382816,-0.100646480917931,0.447814136743546,0.45613619685173,0.0512454211711884,-0.100644238293171,-0.02200479619205,0.287140429019928,-0.0220065359026194,0.287139743566513,0.0512454211711884,-0.100644238293171,0.447815418243408,0.456139206886292,0.0512442253530025,-0.10064247995615,0.0512448512017727,-0.100644774734974,-0.02200479619205,0.287140429019928,0.0512442253530025,-0.10064247995615,0.447811782360077,0.4561388194561
8.09500026702881,0.447697073221207,0.456012308597565,0.0512581132352352,-0.100677706301212,-0.0217715706676245,0.287168502807617,0.0512569099664688,-0.10067605227232,0.0512581132352352,-0.100677706301212,0.447694510221481,0.456013053655624,0.0512575730681419,-0.100675456225872,-0.0217698980122805,0.287169188261032,-0.0217715706676245,0.287168502807617,0.0512575730681419,-0.100675456225872,0.447695821523666,0.456016093492508,0.0512563288211823,-0.100673727691174,0.0512569099664688,-0.10067605227232,-0.0217698980122805,0.287169188261032,0.0512563288211823,-0.100673727691174,0.447692155838013,0.456015676259995
8.09560012817383,0.447577357292175,0.455889344215393,0.0512702129781246,-0.100708961486816,-0.0215365029871464,0.287197053432465,0.0512690022587776,-0.100707292556763,0.0512702129781246,-0.100708961486816,0.447574555873871,0.455890119075775,0.0512696206569672,-0.100706733763218,-0.0215347595512867,0.287197679281235,-0.0215365029871464,0.287197053432465,0.0512696206569672,-0.100706733763218,0.447576016187668,0.455893129110336,0.0512683764100075,-0.100704982876778,0.0512690022587776,-0.100707292556763,-0.0215347595512867,0.287197679281235,0.0512683801352978,-0.100704990327358,0.447572201490402,0.455892771482468
8.09619998931885,0.447457313537598,0.455766618251801,0.0512822531163692,-0.100740216672421,-0.0213013309985399,0.287225365638733,0.0512810945510864,-0.100738532841206,0.0512822531163692,-0.100740216672421,0.447454631328583,0.455767452716827,0.051281712949276,-0.10073796659708,-0.0212995894253254,0.287225991487503,-0.0213013309985399,0.287225365638733,0.051281712949276,-0.10073796659708,0.447456061840057,0.455770403146744,0.0512805171310902,-0.100736208260059,0.0512810945510864,-0.100738532841206,-0.0212995894253254,0.287225991487503,0.0512805171310902,-0.100736208260059,0.447452336549759,0.455770075321198
8.09679985046387,0.447337210178375,0.455644130706787,0.0512943379580975,-0.100771434605122,-0.0210659876465797,0.2872534096241,0.0512931793928146,-0.100769750773907,0.0512943379580975,-0.100771434605122,0.447334378957748,0.455644875764847,0.0512938015162945,-0.100769191980362,-0.0210642460733652,0.287254095077515,-0.0210659876465797,0.2872534096241,0.0512938015162945,-0.100769191980362,0.447335839271545,0.45564791560173,0.0512925535440445,-0.100767455995083,0.0512931793928146,-0.100769750773907,-0.0210642460733652,0.287254095077515,0.0512925535440445,-0.100767455995083,0.447332084178925,0.455647528171539
8.09739971160889,0.447216749191284,0.455521792173386,0.0513063669204712,-0.100802674889565,-0.0208304729312658,0.287281304597855,0.0513051636517048,-0.100801020860672,0.0513063706457615,-0.100802682340145,0.447214096784592,0.455522567033768,0.0513058304786682,-0.100800432264805,-0.0208287294954062,0.287281960248947,-0.0208304729312658,0.287281304597855,0.0513058304786682,-0.100800432264805,0.447215527296066,0.455525577068329,0.0513045340776443,-0.100798726081848,0.0513051636517048,-0.100801020860672,-0.0208287294954062,0.287281960248947,0.0513045340776443,-0.100798726081848,0.447211742401123,0.45552521944046
8.09799957275391,0.447096228599548,0.455399692058563,0.051318347454071,-0.100833937525749,-0.0205949246883392,0.28730896115303,0.0513172335922718,-0.100832238793373,0.051318347454071,-0.100833937525749,0.447093576192856,0.455400496721268,0.0513178035616875,-0.10083169490099,-0.0205931831151247,0.287309616804123,-0.0205949246883392,0.28730896115303,0.0513178035616875,-0.10083169490099,0.447094857692719,0.455403506755829,0.0513166040182114,-0.100829929113388,0.0513172335922718,-0.100832238793373,-0.0205931831151247,0.287309616804123,0.0513166040182114,-0.100829929113388,0.447091221809387,0.455403119325638
8.09860038757324,0.446975499391556,0.455277800559998,0.0513304099440575,-0.10086514800787,-0.0203592050820589,0.287336349487305,0.0513292029500008,-0.100863486528397,0.0513304099440575,-0.10086514800787,0.446972846984863,0.455278635025024,0.0513297729194164,-0.100862942636013,-0.0203574616461992,0.28733703494072,-0.0203592050820589,0.287336349487305,0.0513297729194164,-0.100862942636013,0.446974158287048,0.455281585454941,0.0513285733759403,-0.100861184298992,0.0513292029500008,-0.100863486528397,-0.0203574616461992,0.28733703494072,0.0513285733759403,-0.100861184298992,0.446970522403717,0.455281227827072
8.09920024871826,0.446854561567307,0.455156117677689,0.0513423234224319,-0.100896410644054,-0.0201233197003603,0.287363618612289,0.0513411685824394,-0.10089472681284,0.0513423271477222,-0.100896418094635,0.446851909160614,0.455156892538071,0.051341786980629,-0.100894168019295,-0.0201215744018555,0.287364274263382,-0.0201233215630054,0.287363648414612,0.051341786980629,-0.100894168019295,0.446853369474411,0.455159962177277,0.051340539008379,-0.100892432034016,0.0513411685824394,-0.10089472681284,-0.0201215744018555,0.287364274263382,0.051340539008379,-0.100892432034016,0.446849584579468,0.455159544944763
8.09980010986328,0.446733593940735,0.455034673213959,0.05135428160429,-0.100927650928497,-0.0198873952031136,0.28739058971405,0.0513531230390072,-0.100925967097282,0.05135428160429,-0.100927650928497,0.44673079252243,0.455035477876663,0.051353745162487,-0.100925400853157,-0.0198856499046087,0.287391275167465,-0.0198873952031136,0.28739058971405,0.051353745162487,-0.100925400853157,0.446732252836227,0.455038487911224,0.0513524934649467,-0.100923664867878,0.0513531230390072,-0.100925967097282,-0.0198856499046087,0.287391275167465,0.0513524934649467,-0.100923664867878,0.446728467941284,0.455038130283356
8.1003999710083,0.446612268686295,0.454913437366486,0.0513662323355675,-0.100958876311779,-0.0196513049304485,0.287417411804199,0.0513650253415108,-0.100957222282887,0.0513661839067936,-0.100958906114101,0.446609556674957,0.454914182424545,0.0513656474649906,-0.100956648588181,-0.0196495596319437,0.287418037652969,-0.0196513049304485,0.287417411804199,0.0513656474649906,-0.100956648588181,0.446611046791077,0.454917192459106,0.0513643957674503,-0.100954912602901,0.0513650253415108,-0.100957222282887,-0.0196495596319437,0.287418037652969,0.0513643957674503,-0.100954912602901,0.446607291698456,0.45491686463356
8.10099983215332,0.446490854024887,0.454792380332947,0.0513781309127808,-0.100990131497383,-0.0194150432944298,0.287443935871124,0.0513769723474979,-0.100988447666168,0.0513781309127808,-0.100990131497383,0.446488171815872,0.454793155193329,0.0513775907456875,-0.100987873971462,-0.0194132979959249,0.287444621324539,-0.0194150432944298,0.287443935871124,0.0513775907456875,-0.100987873971462,0.446489542722702,0.454796224832535,0.0513763427734375,-0.100986137986183,0.0513769723474979,-0.100988447666168,-0.0194132979959249,0.287444621324539,0.0513763427734375,-0.100986137986183,0.446485847234726,0.454795807600021
8.10159969329834,0.446369260549545,0.454671561717987,0.0513899698853493,-0.101021379232407,-0.0191787481307983,0.287470310926437,0.0513888597488403,-0.101019680500031,0.0513899698853493,-0.101021379232407,0.44636657834053,0.454672336578369,0.051389429718256,-0.101019136607647,-0.0191770009696484,0.287470936775208,-0.0191787481307983,0.287470310926437,0.0513894334435463,-0.101019136607647,0.446368008852005,0.45467534661293,0.0513882339000702,-0.101017378270626,0.0513888597488403,-0.101019680500031,-0.0191770009696484,0.287470936775208,0.0513882339000702,-0.101017378270626,0.446364313364029,0.454675018787384
8.10219955444336,0.446247428655624,0.454550921916962,0.0514018535614014,-0.101052612066269,-0.0189422871917486,0.287496447563171,0.0514007396996021,-0.101050905883312,0.0514018535614014,-0.10105261951685,0.446244806051254,0.454551726579666,0.0514013171195984,-0.101050369441509,-0.0189405381679535,0.287497043609619,-0.0189422871917486,0.287496447563171,0.0514013171195984,-0.101050369441509,0.446246266365051,0.454554736614227,0.0514001175761223,-0.101048611104488,0.0514007396996021,-0.101050905883312,-0.0189405381679535,0.287497043609619,0.0514001175761223,-0.101048611104488,0.446242481470108,0.454554408788681
8.1028003692627,0.446125566959381,0.454430520534515,0.051413681358099,-0.101083859801292,-0.0187056548893452,0.287522345781326,0.05141257122159,-0.101082153618336,0.051413681358099,-0.101083859801292,0.446122884750366,0.454431295394897,0.0514131486415863,-0.101081609725952,-0.0187039040029049,0.287522971630096,-0.0187056548893452,0.287522345781326,0.0514131486415863,-0.101081609725952,0.446124345064163,0.454434305429459,0.0514119453728199,-0.101079858839512,0.05141257122159,-0.101082153618336,-0.0187039040029049,0.287522971630096,0.0514119453728199,-0.101079858839512,0.446120530366898,0.454434007406235
8.10340023040771,0.446003377437592,0.454310357570648,0.0514255054295063,-0.101115107536316,-0.0184689182788134,0.287548005580902,0.0514243952929974,-0.101113393902779,0.0514255054295063,-0.101115107536316,0.446000725030899,0.45431113243103,0.0514249689877033,-0.101112857460976,-0.0184671692550182,0.287548631429672,-0.0184689182788134,0.287548005580902,0.0514249689877033,-0.101112857460976,0.446002185344696,0.454314202070236,0.0514237694442272,-0.101111091673374,0.0514243952929974,-0.101113393902779,-0.0184671692550182,0.287548631429672,0.0514237694442272,-0.101111091673374,0.445998400449753,0.454313814640045
8.10400009155273,0.445881098508835,0.454190373420715,0.051437322050333,-0.101146332919598,-0.0182320866733789,0.287573456764221,0.0514361634850502,-0.101144649088383,0.051437322050333,-0.101146332919598,0.445878446102142,0.454191148281097,0.05143678560853,-0.101144082844257,-0.0182303357869387,0.287574112415314,-0.0182320866733789,0.287573456764221,0.05143678560853,-0.101144082844257,0.445879906415939,0.454194188117981,0.0514355823397636,-0.101142317056656,0.0514361634850502,-0.101144649088383,-0.0182303357869387,0.287574112415314,0.0514355823397636,-0.101142317056656,0.445876061916351,0.454193860292435
8.10459995269775,0.445758640766144,0.454070597887039,0.0514490827918053,-0.101177580654621,-0.0179951507598162,0.287598729133606,0.0514479726552963,-0.101175874471664,0.0514490827918053,-0.101177580654621,0.445755988359451,0.454071402549744,0.0514485463500023,-0.101175330579281,-0.0179933998733759,0.287599325180054,-0.0179951507598162,0.287598729133606,0.0514485463500023,-0.101175330579281,0.445757478475571,0.454074412584305,0.0514473468065262,-0.101173564791679,0.0514479726552963,-0.101175874471664,-0.0179933998733759,0.287599325180054,0.0514473468065262,-0.101173564791679,0.445753693580627,0.454074084758759
8.10519981384277,0.445635974407196,0.453951060771942,0.0514608398079872,-0.101208820939064,-0.0177579820156097,0.287623763084412,0.0514596812427044,-0.101207137107849,0.0514608398079872,-0.101208820939064,0.445633322000504,0.453951865434647,0.0514603033661842,-0.101206570863724,-0.0177562311291695,0.287624359130859,-0.0177579820156097,0.287623763084412,0.0514603033661842,-0.101206570863724,0.445634663105011,0.45395490527153,0.0514590553939342,-0.101204834878445,0.0514596812427044,-0.101207137107849,-0.0177562311291695,0.287624359130859,0.0514590553939342,-0.101204834878445,0.445630937814713,0.453954577445984
8.10579967498779,0.445513248443604,0.453831732273102,0.0514725856482983,-0.101240046322346,-0.0175207797437906,0.287648528814316,0.0514714270830154,-0.101238369941711,0.0514725856482983,-0.101240046322346,0.445510476827621,0.453832536935806,0.0514720529317856,-0.101237796247005,-0.0175190269947052,0.287649154663086,-0.0175207797437906,0.287648528814316,0.0514720529317856,-0.101237796247005,0.445511937141418,0.453835546970367,0.0514708012342453,-0.101236060261726,0.0514714270830154,-0.101238369941711,-0.0175190269947052,0.287649154663086,0.0514708012342453,-0.101236060261726,0.445508152246475,0.453835159540176
8.10639953613281,0.445390194654465,0.453712612390518,0.0514843314886093,-0.101271279156208,-0.0172834787517786,0.287673115730286,0.0514831691980362,-0.101269587874413,0.0514843314886093,-0.101271279156208,0.445387423038483,0.453713417053223,0.0514837950468063,-0.101269029080868,-0.0172816570848227,0.287673741579056,-0.0172834787517786,0.287673115730286,0.0514837987720966,-0.101269029080868,0.44538888335228,0.453716456890106,0.0514825470745564,-0.101267285645008,0.0514831691980362,-0.101269587874413,-0.0172816570848227,0.287673741579056,0.0514825470745564,-0.101267285645008,0.445385158061981,0.45371612906456
8.10700035095215,0.445266932249069,0.453593701124191,0.051495973020792,-0.101302541792393,-0.017046008259058,0.287697464227676,0.0514948591589928,-0.101300843060017,0.051495973020792,-0.101302541792393,0.445264309644699,0.453594505786896,0.051495436578989,-0.101300291717052,-0.0170442555099726,0.287698060274124,-0.017046008259058,0.287697464227676,0.051495436578989,-0.101300291717052,0.445265769958496,0.453597515821457,0.0514942370355129,-0.101298533380032,0.0514948591589928,-0.101300843060017,-0.0170442555099726,0.287698060274124,0.0514942370355129,-0.101298533380032,0.445262014865875,0.453597217798233
8.10760021209717,0.445143669843674,0.453475087881088,0.0515076518058777,-0.101333774626255,-0.0168084409087896,0.28772160410881,0.0515065416693687,-0.101332068443298,0.0515076518058777,-0.101333774626255,0.445140987634659,0.453475832939148,0.051507119089365,-0.101331532001495,-0.0168066881597042,0.287722200155258,-0.0168084409087896,0.28772160410881,0.051507119089365,-0.101331532001495,0.445142418146133,0.453478842973709,0.0515059158205986,-0.101329758763313,0.0515065416693687,-0.101332068443298,-0.0168066881597042,0.287722200155258,0.0515059158205986,-0.101329758763313,0.445138603448868,0.453478515148163
8.10820007324219,0.445020139217377,0.453356564044952,0.0515193268656731,-0.101365000009537,-0.0165707059204578,0.287745505571365,0.0515181683003902,-0.101363323628902,0.0515193305909634,-0.101365007460117,0.445017486810684,0.453357398509979,0.0515187941491604,-0.101362757384777,-0.0165689513087273,0.287746131420135,-0.0165707059204578,0.287745505571365,0.0515187941491604,-0.101362757384777,0.445018917322159,0.453360378742218,0.0515175424516201,-0.101361013948917,0.0515181683003902,-0.101363323628902,-0.0165689513087273,0.287746131420135,0.0515175424516201,-0.101361013948917,0.445015072822571,0.453360021114349
8.10879993438721,0.444896429777145,0.453238308429718,0.0515309982001781,-0.101396225392818,-0.0163328051567078,0.287769198417664,0.0515297874808311,-0.101394556462765,0.0515309982001781,-0.101396225392818,0.444893807172775,0.453239113092422,0.0515304617583752,-0.101393975317478,-0.0163311176002026,0.287769794464111,-0.0163328051567078,0.287769198417664,0.0515304617583752,-0.101393975317478,0.444895207881927,0.453242123126984,0.0515292137861252,-0.101392231881618,0.0515297874808311,-0.101394556462765,-0.0163311176002026,0.287769794464111,0.0515292137861252,-0.101392231881618,0.444891393184662,0.45324182510376
8.10939979553223,0.444772660732269,0.45312026143074,0.0515425615012646,-0.101427480578423,-0.0160948727279902,0.287792652845383,0.0515414029359818,-0.101425781846046,0.0515425615012646,-0.101427480578423,0.444769889116287,0.453121066093445,0.0515420287847519,-0.101425223052502,-0.0160931181162596,0.28779324889183,-0.0160948727279902,0.287792652845383,0.0515420287847519,-0.101425223052502,0.444771349430084,0.453124076128006,0.0515408255159855,-0.101423472166061,0.0515414029359818,-0.101425781846046,-0.0160931181162596,0.28779324889183,0.0515408255159855,-0.101423472166061,0.444767594337463,0.453123778104782
8.10999965667725,0.444648563861847,0.453002482652664,0.0515541695058346,-0.101458705961704,-0.0158567726612091,0.287815868854523,0.0515529587864876,-0.101457037031651,0.0515541695058346,-0.101458705961704,0.444645822048187,0.453003317117691,0.0515536330640316,-0.101456455886364,-0.0158550869673491,0.28781646490097,-0.0158567726612091,0.287815868854523,0.0515536330640316,-0.101456455886364,0.444647401571274,0.45300629734993,0.0515523888170719,-0.101454719901085,0.0515529587864876,-0.101457037031651,-0.0158550869673491,0.28781646490097,0.0515523888170719,-0.101454719901085,0.444643497467041,0.453005939722061
8.11060047149658,0.444524377584457,0.452884882688522,0.0515656732022762,-0.10148997604847,-0.015618646517396,0.287838906049728,0.051564559340477,-0.101488262414932,0.0515656732022762,-0.10148997604847,0.444521635770798,0.452885687351227,0.0515652373433113,-0.101487673819065,-0.0156168900430202,0.287839472293854,-0.015618646517396,0.287838906049728,0.0515652373433113,-0.101487673819065,0.444523096084595,0.452888697385788,0.051563985645771,-0.101485937833786,0.051564559340477,-0.101488262414932,-0.0156168900430202,0.287839472293854,0.051563985645771,-0.101485937833786,0.444519370794296,0.452888369560242
8.1112003326416,0.444399923086166,0.452767491340637,0.051577266305685,-0.101521179080009,-0.0153802838176489,0.287861675024033,0.0515761561691761,-0.101519480347633,0.051577266305685,-0.101521179080009,0.444397300481796,0.452768296003342,0.0515767373144627,-0.101518929004669,-0.0153785943984985,0.28786227107048,-0.0153802838176489,0.287861675024033,0.0515767373144627,-0.101518929004669,0.444398760795593,0.452771306037903,0.0515754818916321,-0.10151718556881,0.0515761561691761,-0.101519480347633,-0.0153785943984985,0.28786227107048,0.0515754818916321,-0.10151718556881,0.444394886493683,0.452771008014679
8.11180019378662,0.444275498390198,0.452650308609009,0.0515888072550297,-0.101552411913872,-0.015141892246902,0.28788423538208,0.0515876449644566,-0.101550720632076,0.0515888072550297,-0.101552411913872,0.444272756576538,0.452651143074036,0.051588274538517,-0.101550161838531,-0.0151401329785585,0.287884801626205,-0.015141892246902,0.28788423538208,0.051588274538517,-0.101550161838531,0.444274216890335,0.452654153108597,0.0515870228409767,-0.101548418402672,0.0515876449644566,-0.101550720632076,-0.0151401329785585,0.287884801626205,0.0515870228409767,-0.101548418402672,0.444270342588425,0.452653855085373
8.11240005493164,0.444150686264038,0.452533423900604,0.0516002923250198,-0.101583659648895,-0.0149032659828663,0.287906557321548,0.0515991784632206,-0.101581938564777,0.0516002923250198,-0.101583659648895,0.444148033857346,0.452534258365631,0.0515997596085072,-0.101581409573555,-0.0149015076458454,0.287907153367996,-0.0149032659828663,0.287906557321548,0.0515997596085072,-0.101581409573555,0.444149494171143,0.45253723859787,0.0515985526144505,-0.101579636335373,0.0515991784632206,-0.101581938564777,-0.0149015076458454,0.287907153367996,0.0515985526144505,-0.101579636335373,0.444145619869232,0.452536910772324
8.11299991607666,0.444025844335556,0.452416628599167,0.0516117215156555,-0.101614914834499,-0.0146646108478308,0.28792867064476,0.0516106076538563,-0.101613201200962,0.0516117215156555,-0.101614914834499,0.444023132324219,0.452417522668839,0.0516112893819809,-0.101612620055676,-0.0146628525108099,0.287929266691208,-0.0146646108478308,0.28792867064476,0.0516112893819809,-0.101612620055676,0.444024533033371,0.452420443296432,0.0516100339591503,-0.101610876619816,0.0516106076538563,-0.101613201200962,-0.0146628525108099,0.287929266691208,0.0516100339591503,-0.101610876619816,0.444020837545395,0.452420175075531
8.11359977722168,0.443900763988495,0.452300161123276,0.0516232438385487,-0.101646117866039,-0.0144257918000221,0.287950545549393,0.0516220331192017,-0.101644456386566,0.0516232438385487,-0.101646117866039,0.443898022174835,0.452300995588303,0.0516227073967457,-0.101643867790699,-0.014424029737711,0.287951111793518,-0.0144257918000221,0.287950545549393,0.0516227073967457,-0.101643867790699,0.443899601697922,0.452304005622864,0.0516214594244957,-0.101642124354839,0.0516220331192017,-0.101644456386566,-0.0144240316003561,0.28795114159584,0.0516214594244957,-0.101642124354839,0.443895757198334,0.45230370759964
8.1141996383667,0.443775594234467,0.452183872461319,0.0516346581280231,-0.101677373051643,-0.0141868749633431,0.287972211837769,0.0516335442662239,-0.101675659418106,0.0516346581280231,-0.101677373051643,0.443772822618484,0.452184706926346,0.0516341254115105,-0.101675115525723,-0.0141851827502251,0.287972778081894,-0.0141868749633431,0.287972211837769,0.0516341254115105,-0.101675115525723,0.443774282932281,0.452187716960907,0.0516329221427441,-0.101673349738121,0.0516335442662239,-0.101675659418106,-0.0141851827502251,0.287972778081894,0.0516329221427441,-0.101673349738121,0.443770468235016,0.452187418937683
8.11480045318604,0.443650096654892,0.452067822217941,0.0516460686922073,-0.101708605885506,-0.0139477932825685,0.287993609905243,0.0516449064016342,-0.10170690715313,0.0516460686922073,-0.101708605885506,0.443647503852844,0.452068716287613,0.0516455881297588,-0.101706333458424,-0.0139461010694504,0.287994205951691,-0.0139477932825685,0.287993609905243,0.0516455881297588,-0.101706333458424,0.443648904561996,0.452071636915207,0.0516443327069283,-0.101704582571983,0.0516449064016342,-0.10170690715313,-0.0139461010694504,0.287994205951691,0.0516443327069283,-0.101704582571983,0.443645089864731,0.452071338891983
8.11540031433105,0.443524569272995,0.45195198059082,0.0516574755311012,-0.101739838719368,-0.0137086845934391,0.288014829158783,0.0516563579440117,-0.10173811763525,0.0516574755311012,-0.101739838719368,0.443521857261658,0.45195284485817,0.0516569390892982,-0.101737588644028,-0.0137069225311279,0.288015365600586,-0.0137086845934391,0.288014829158783,0.0516569390892982,-0.101737588644028,0.443523317575455,0.451955854892731,0.0516557842493057,-0.101735785603523,0.0516563579440117,-0.10173811763525,-0.0137069225311279,0.288015365600586,0.0516557842493057,-0.101735785603523,0.443519562482834,0.451955527067184
8.11600017547607,0.443398833274841,0.451836466789246,0.05166881904006,-0.10177106410265,-0.013469404540956,0.288035780191422,0.0516677051782608,-0.101769365370274,0.05166881904006,-0.10177106410265,0.443396210670471,0.451837241649628,0.0516683347523212,-0.101768799126148,-0.0134675046429038,0.288036376237869,-0.013469404540956,0.288035780191422,0.0516683347523212,-0.101768799126148,0.443397790193558,0.451840132474899,0.0516671054065228,-0.101767033338547,0.0516677051782608,-0.101769365370274,-0.0134675046429038,0.288036376237869,0.0516671054065228,-0.101767033338547,0.44339382648468,0.451839983463287
8.11660003662109,0.44327312707901,0.451720863580704,0.0516801849007607,-0.101802296936512,-0.0132300350815058,0.288056492805481,0.0516790449619293,-0.101800583302975,0.0516801849007607,-0.101802296936512,0.443270295858383,0.451721847057343,0.0516796782612801,-0.101800031960011,-0.0132281351834536,0.288057088851929,-0.0132300350815058,0.288056492805481,0.0516796782612801,-0.101800031960011,0.443271636962891,0.451724886894226,0.0516784749925137,-0.10179827362299,0.0516790449619293,-0.101800583302975,-0.0132281351834536,0.288057088851929,0.0516784749925137,-0.10179827362299,0.443268120288849,0.451724320650101
8.11719989776611,0.443146824836731,0.451605945825577,0.0516915209591389,-0.101833529770374,-0.0129905017092824,0.288076996803284,0.0516903810203075,-0.101831831037998,0.0516915209591389,-0.101833529770374,0.443143993616104,0.451606899499893,0.0516910143196583,-0.101831264793873,-0.0129886018112302,0.288077622652054,-0.0129905017092824,0.288076996803284,0.0516910143196583,-0.101831264793873,0.443145573139191,0.451609790325165,0.0516898073256016,-0.101829506456852,0.0516903810203075,-0.101831823587418,-0.0129886018112302,0.288077622652054,0.0516898073256016,-0.101829506456852,0.44314181804657,0.451609432697296
8.11779975891113,0.443020522594452,0.451490998268127,0.0517028272151947,-0.101864762604237,-0.0127508044242859,0.28809729218483,0.0517016835510731,-0.10186305642128,0.0517028272151947,-0.101864762604237,0.443017929792404,0.45149177312851,0.0517023205757141,-0.101862505078316,-0.0127490414306521,0.288097888231277,-0.0127508044242859,0.28809729218483,0.0517023205757141,-0.101862505078316,0.443019449710846,0.451494663953781,0.0517010875046253,-0.101860731840134,0.0517016835510731,-0.10186305642128,-0.0127490414306521,0.288097888231277,0.0517011135816574,-0.101860724389553,0.443015515804291,0.451494514942169
8.11839962005615,0.442894279956818,0.451376080513,0.0517141260206699,-0.101895995438099,-0.0125110819935799,0.288117378950119,0.0517129823565483,-0.101894296705723,0.0517141260206699,-0.101895995438099,0.442891657352448,0.451376885175705,0.051713615655899,-0.101893737912178,-0.0125091811642051,0.288117945194244,-0.0125110819935799,0.288117378950119,0.051713615655899,-0.101893737912178,0.442893028259277,0.451380014419556,0.0517124086618423,-0.101891964673996,0.0517129823565483,-0.101894296705723,-0.0125091811642051,0.288117945194244,0.0517124086618423,-0.101891964673996,0.442889094352722,0.451379835605621
8.11900043487549,0.442767649888992,0.451261699199677,0.0517253912985325,-0.101927228271961,-0.0122711956501007,0.288137197494507,0.0517242476344109,-0.101925522089005,0.0517253912985325,-0.101927228271961,0.442764788866043,0.451262623071671,0.0517248809337616,-0.10192496329546,-0.0122694298624992,0.28813773393631,-0.0122711956501007,0.288137197494507,0.0517248809337616,-0.10192496329546,0.44276636838913,0.451265543699265,0.0517236813902855,-0.101923197507858,0.0517242476344109,-0.101925522089005,-0.0122694298624992,0.28813773393631,0.0517236813902855,-0.101923197507858,0.442762613296509,0.451265186071396
8.11960029602051,0.44264081120491,0.451147466897964,0.0517366267740726,-0.101958461105824,-0.0120311453938484,0.288156777620316,0.0517355091869831,-0.101956747472286,0.0517366267740726,-0.101958461105824,0.442638158798218,0.451148241758347,0.0517361424863338,-0.101956196129322,-0.0120293796062469,0.288157343864441,-0.0120311453938484,0.288156777620316,0.0517361424863338,-0.101956196129322,0.442639529705048,0.451151311397552,0.0517349392175674,-0.10195442289114,0.0517355091869831,-0.101956747472286,-0.0120293796062469,0.288157343864441,0.0517349392175674,-0.10195442289114,0.442635774612427,0.451150983572006
8.12020015716553,0.442514032125473,0.451033294200897,0.051747877150774,-0.101989679038525,-0.011791069060564,0.288176119327545,0.0517467148602009,-0.101987980306149,0.0517478808760643,-0.101989686489105,0.442511379718781,0.451034069061279,0.0517473518848419,-0.101987421512604,-0.0117893032729626,0.288176685571671,-0.0117910709232092,0.288176149129868,0.0517473518848419,-0.101987421512604,0.442512959241867,0.451036959886551,0.0517461486160755,-0.101985655725002,0.0517467148602009,-0.101987980306149,-0.0117893032729626,0.288176685571671,0.0517461486160755,-0.101985655725002,0.44250899553299,0.451036810874939
8.12080001831055,0.442386835813522,0.450919538736343,0.0517590790987015,-0.102020919322968,-0.0115508316084743,0.28819528222084,0.0517579168081284,-0.102019213140011,0.0517590790987015,-0.102020919322968,0.442384213209152,0.450920343399048,0.0517585761845112,-0.102018661797047,-0.0115490648895502,0.288195818662643,-0.0115508316084743,0.28819528222084,0.0517585761845112,-0.102018661797047,0.442385792732239,0.450923234224319,0.0517573431134224,-0.102016881108284,0.0517579168081284,-0.102019213140011,-0.0115490648895502,0.288195818662643,0.0517573431134224,-0.102016881108284,0.442381829023361,0.450923085212708
8.12139987945557,0.442259669303894,0.450805902481079,0.051770243793726,-0.10205215215683,-0.0113105680793524,0.288214147090912,0.0517691075801849,-0.102050445973873,0.051770243793726,-0.10205215215683,0.442256838083267,0.450806856155396,0.0517697408795357,-0.102049887180328,-0.0113086635246873,0.288214713335037,-0.0113105680793524,0.288214147090912,0.0517697408795357,-0.102049887180328,0.442258417606354,0.450809746980667,0.051768533885479,-0.102048113942146,0.0517691075801849,-0.102050445973873,-0.0113086635246873,0.288214713335037,0.051768533885479,-0.102048113942146,0.442254662513733,0.450809389352798
8.12199974060059,0.442132323980331,0.450692415237427,0.0517814084887505,-0.102083377540112,-0.0110700037330389,0.288232803344727,0.0517802946269512,-0.102081671357155,0.0517814084887505,-0.102083377540112,0.442129492759705,0.450693398714066,0.051780927926302,-0.10208111256361,-0.0110682360827923,0.28823333978653,-0.0110700037330389,0.288232803344727,0.051780927926302,-0.10208111256361,0.442131072282791,0.450696289539337,0.0517797209322453,-0.102079339325428,0.0517802946269512,-0.102081671357155,-0.0110682360827923,0.28823333978653,0.0517797209322453,-0.102079339325428,0.442127108573914,0.450696110725403
8.12259960174561,0.4420046210289,0.450579434633255,0.0517925620079041,-0.102114610373974,-0.0108295548707247,0.288251250982285,0.0517914220690727,-0.102112896740437,0.0517925620079041,-0.102114610373974,0.442001968622208,0.450580179691315,0.0517920590937138,-0.102112337946892,-0.0108276484534144,0.288251787424088,-0.0108295548707247,0.288251250982285,0.0517920590937138,-0.102112337946892,0.442003548145294,0.450583040714264,0.0517908520996571,-0.10211057215929,0.0517914220690727,-0.102112896740437,-0.0108276484534144,0.288251787424088,0.0517908520996571,-0.10211057215929,0.441999584436417,0.450582921504974
8.12320041656494,0.441876888275146,0.450466424226761,0.0518036596477032,-0.102145835757256,-0.0105888051912189,0.288269460201263,0.0518025457859039,-0.102144129574299,0.0518036596477032,-0.102145835757256,0.441874325275421,0.450467228889465,0.051803182810545,-0.102143570780754,-0.0105870356783271,0.288269966840744,-0.0105888051912189,0.288269460201263,0.051803182810545,-0.102143570780754,0.441875666379929,0.450470298528671,0.0518019758164883,-0.102141790091991,0.0518025457859039,-0.102144129574299,-0.0105870356783271,0.288269966840744,0.0518019758164883,-0.102141790091991,0.441871702671051,0.450470149517059
8.12380027770996,0.441748827695847,0.450353890657425,0.0518147796392441,-0.102177061140537,-0.010347893461585,0.288287401199341,0.0518136583268642,-0.102175347507,0.0518147796392441,-0.102177061140537,0.441746205091476,0.450354665517807,0.0518142990767956,-0.102174796164036,-0.0103462617844343,0.288287967443466,-0.010347893461585,0.288287401199341,0.0518142990767956,-0.102174796164036,0.441747784614563,0.450357556343079,0.0518130920827389,-0.102173022925854,0.0518136583268642,-0.102175347507,-0.0103462617844343,0.288287967443466,0.0518130920827389,-0.102173022925854,0.441743820905685,0.450357377529144
8.12440013885498,0.441620975732803,0.450241178274155,0.0518258661031723,-0.102208286523819,-0.0101069584488869,0.288305133581161,0.0518247224390507,-0.102206580340862,0.0518258661031723,-0.102208286523819,0.441618204116821,0.450242161750793,0.0518253594636917,-0.102206021547318,-0.010105324909091,0.288305670022964,-0.0101069584488869,0.288305133581161,0.0518253594636917,-0.102206021547318,0.441619724035263,0.450245022773743,0.051824152469635,-0.102204240858555,0.0518247224390507,-0.102206580340862,-0.0101053258404136,0.288305699825287,0.051824152469635,-0.102204240858555,0.44161581993103,0.450244903564453
8.125,0.441492557525635,0.450129121541977,0.0518369153141975,-0.102239519357681,-0.00986613798886538,0.288322627544403,0.0518357753753662,-0.102237798273563,0.0518369153141975,-0.102239519357681,0.44148975610733,0.450130134820938,0.0518364161252975,-0.102237246930599,-0.00986422877758741,0.288323193788528,-0.00986613798886538,0.288322627544403,0.0518364161252975,-0.102237246930599,0.441491484642029,0.450132757425308,0.0518352091312408,-0.102235466241837,0.0518357753753662,-0.102237798273563,-0.00986422877758741,0.288323193788528,0.0518352091312408,-0.102235466241837,0.441487610340118,0.450132638216019
8.12559986114502,0.441364318132401,0.450016856193542,0.051847942173481,-0.102270744740963,-0.00962474290281534,0.288339912891388,0.0518468208611012,-0.102269031107426,0.051847942173481,-0.102270744740963,0.441361546516418,0.450017839670181,0.0518474616110325,-0.102268479764462,-0.00962310936301947,0.288340449333191,-0.00962474290281534,0.288339912891388,0.0518474616110325,-0.102268479764462,0.441363096237183,0.450020730495453,0.0518462583422661,-0.102266691625118,0.0518468208611012,-0.102269031107426,-0.00962310936301947,0.288340449333191,0.0518462583422661,-0.102266691625118,0.441359162330627,0.450020611286163
8.12619972229004,0.441235572099686,0.449905306100845,0.0518589839339256,-0.102301970124245,-0.0093837371096015,0.288356930017471,0.051857840269804,-0.102300256490707,0.0518589839339256,-0.102301970124245,0.441232979297638,0.44990611076355,0.0518584810197353,-0.102299705147743,-0.00938182789832354,0.288357466459274,-0.0093837371096015,0.288356930017471,0.0518584810197353,-0.102299705147743,0.441234558820724,0.449908971786499,0.0518573001027107,-0.102297924458981,0.051857840269804,-0.102300256490707,-0.00938182789832354,0.288357466459274,0.0518573001027107,-0.102297924458981,0.441230595111847,0.449908822774887
8.12679958343506,0.441106796264648,0.449793726205826,0.0518699698150158,-0.102333188056946,-0.00914215855300426,0.288373708724976,0.0518688522279263,-0.102331474423409,0.0518699698150158,-0.102333188056946,0.441104203462601,0.44979453086853,0.0518694929778576,-0.102330923080444,-0.00914038624614477,0.288374245166779,-0.00914215948432684,0.288373738527298,0.0518694929778576,-0.102330923080444,0.441105782985687,0.449797421693802,0.0518682822585106,-0.102329142391682,0.0518688522279263,-0.102331474423409,-0.00914038624614477,0.288374245166779,0.0518682822585106,-0.102329142391682,0.441101849079132,0.449797242879868
8.12740039825439,0.440977931022644,0.449682474136353,0.0518809445202351,-0.102364413440228,-0.00890069548040628,0.288390278816223,0.0518798269331455,-0.10236269235611,0.0518809445202351,-0.102364413440228,0.440975308418274,0.449683219194412,0.0518804676830769,-0.102362148463726,-0.00889892224222422,0.288390815258026,-0.00890069641172886,0.288390308618546,0.0518804676830769,-0.102362148463726,0.440976858139038,0.449686080217361,0.0518792644143105,-0.102360360324383,0.0518798269331455,-0.10236269235611,-0.00889892224222422,0.288390815258026,0.0518792644143105,-0.102360360324383,0.440972954034805,0.449685990810394
8.12800025939941,0.440848797559738,0.449571371078491,0.0518918968737125,-0.102395638823509,-0.00865907222032547,0.288406610488892,0.0518907532095909,-0.102393925189972,0.0518918968737125,-0.102395638823509,0.440846234560013,0.449572175741196,0.0518913939595222,-0.102393381297588,-0.00865743588656187,0.288407146930695,-0.00865907222032547,0.288406610488892,0.0518913939595222,-0.102393381297588,0.440847754478455,0.449575066566467,0.0518902093172073,-0.102391593158245,0.0518907532095909,-0.102393925189972,-0.00865743588656187,0.288407146930695,0.0518902093172073,-0.102391593158245,0.440843850374222,0.449574947357178
8.12860012054443,0.440719753503799,0.449460357427597,0.0519028343260288,-0.102426864206791,-0.00841742753982544,0.288422703742981,0.0519017204642296,-0.102425143122673,0.0519028380513191,-0.102426871657372,0.440716922283173,0.449461311101913,0.0519023574888706,-0.102424591779709,-0.00841551553457975,0.288423240184784,-0.00841742753982544,0.288422703742981,0.0519023612141609,-0.102424599230289,0.440718472003937,0.449464231729507,0.0519011542201042,-0.102422811090946,0.0519017204642296,-0.102425143122673,-0.00841551553457975,0.288423240184784,0.0519011542201042,-0.102422811090946,0.440714567899704,0.449464082717896
8.12919998168945,0.440590292215347,0.449349731206894,0.0519137494266033,-0.102458089590073,-0.00817548390477896,0.288438558578491,0.0519126281142235,-0.102456375956535,0.0519137494266033,-0.102458089590073,0.440587669610977,0.449350535869598,0.0519132725894451,-0.102455817162991,-0.00817384663969278,0.288439065217972,-0.00817548390477896,0.288438558578491,0.0519132725894451,-0.102455817162991,0.440589249134064,0.44935342669487,0.0519120618700981,-0.102454036474228,0.0519126281142235,-0.102456375956535,-0.00817384663969278,0.288439065217972,0.0519120618700981,-0.102454036474228,0.440585345029831,0.449353337287903
8.12979984283447,0.44046089053154,0.44923922419548,0.0519246235489845,-0.102489307522774,-0.00793365761637688,0.2884541451931,0.0519234836101532,-0.102487593889236,0.0519246235489845,-0.102489307522774,0.440458059310913,0.449240207672119,0.0519241467118263,-0.102487042546272,-0.00793174467980862,0.288454681634903,-0.00793365761637688,0.2884541451931,0.0519241467118263,-0.102487042546272,0.440459430217743,0.449243277311325,0.0519229657948017,-0.102485254406929,0.0519234836101532,-0.102487593889236,-0.00793174467980862,0.288454681634903,0.0519229657948017,-0.102485254406929,0.440455943346024,0.449242740869522
8.13039970397949,0.440331071615219,0.449129104614258,0.0519354976713657,-0.102520525455475,-0.00769153423607349,0.288469552993774,0.0519343800842762,-0.102518811821938,0.0519354976713657,-0.102520540356636,0.440328270196915,0.449130088090897,0.0519350208342075,-0.102518260478973,-0.00768975866958499,0.288470059633255,-0.00769153423607349,0.288469552993774,0.0519350208342075,-0.102518260478973,0.440329819917679,0.449132978916168,0.0519338138401508,-0.10251647233963,0.0519343800842762,-0.102518811821938,-0.00768975866958499,0.288470059633255,0.0519338138401508,-0.10251647233963,0.440325945615768,0.449132829904556
8.13099956512451,0.440201342105865,0.44901904463768,0.0519463382661343,-0.102551750838757,-0.00744938990101218,0.288484692573547,0.0519452206790447,-0.102550037205219,0.0519463382661343,-0.102551750838757,0.440198510885239,0.449020028114319,0.0519458614289761,-0.102549478411674,-0.00744761433452368,0.288485199213028,-0.00744938990101218,0.288484692573547,0.0519458614289761,-0.102549478411674,0.440200090408325,0.44902291893959,0.0519446544349194,-0.102547697722912,0.0519452206790447,-0.102550037205219,-0.00744761433452368,0.288485199213028,0.0519446805119514,-0.102547697722912,0.440196186304092,0.449022769927979
8.13160037994385,0.440071165561676,0.448909401893616,0.0519571714103222,-0.102582976222038,-0.00720708724111319,0.288499563932419,0.0519560538232327,-0.10258125513792,0.0519571714103222,-0.102582976222038,0.440068393945694,0.448910415172577,0.0519566982984543,-0.102580703794956,-0.00720531074330211,0.288500100374222,-0.00720708724111319,0.288499563932419,0.0519566982984543,-0.102580703794956,0.440069973468781,0.448913305997849,0.0519554875791073,-0.102578908205032,0.0519560538232327,-0.10258125513792,-0.00720531074330211,0.288500100374222,0.0519554875791073,-0.102578908205032,0.440066009759903,0.448913127183914
8.13220024108887,0.439940869808197,0.44879999756813,0.0519680008292198,-0.102614194154739,-0.0069646262563765,0.288514256477356,0.0519668571650982,-0.102612473070621,0.0519680008292198,-0.102614194154739,0.439938277006149,0.448800802230835,0.0519675239920616,-0.102611914277077,-0.00696298619732261,0.288514733314514,-0.0069646262563765,0.288514256477356,0.0519675277173519,-0.102611921727657,0.439939618110657,0.448803901672363,0.0519663132727146,-0.102610133588314,0.0519668571650982,-0.102612473070621,-0.00696298619732261,0.288514733314514,0.0519663132727146,-0.102610133588314,0.439935743808746,0.448803782463074
8.13280010223389,0.43981060385704,0.44869065284729,0.0519787706434727,-0.10264541208744,-0.0067221443168819,0.288528680801392,0.0519776493310928,-0.102643691003323,0.0519787706434727,-0.10264541208744,0.439807832241058,0.448691666126251,0.0519782975316048,-0.102643139660358,-0.00672036688774824,0.288529187440872,-0.00672214478254318,0.288528710603714,0.0519782975316048,-0.102643139660358,0.439809381961823,0.448694556951523,0.0519770868122578,-0.102641351521015,0.0519776493310928,-0.102643691003323,-0.00672036688774824,0.288529187440872,0.0519770868122578,-0.102641351521015,0.439805716276169,0.448694199323654
8.13339996337891,0.439680188894272,0.448581576347351,0.0519895367324352,-0.102676622569561,-0.00647964235395193,0.288542866706848,0.0519884191453457,-0.102674908936024,0.0519895367324352,-0.102676622569561,0.439677387475967,0.44858255982399,0.0519890636205673,-0.10267436504364,-0.00647772708907723,0.288543373346329,-0.00647964235395193,0.288542866706848,0.0519890636205673,-0.10267436504364,0.439678758382797,0.448585659265518,0.0519878529012203,-0.102672569453716,0.0519884191453457,-0.102674908936024,-0.00647772708907723,0.288543373346329,0.0519878529012203,-0.102672569453716,0.439675062894821,0.448585361242294
8.13399982452393,0.439549386501312,0.448472917079926,0.0520002916455269,-0.102707847952843,-0.00623698392882943,0.288556814193726,0.0519991517066956,-0.102706134319305,0.0520002916455269,-0.102707847952843,0.439546793699265,0.44847372174263,0.051999818533659,-0.102705575525761,-0.00623506726697087,0.288557291030884,-0.00623698392882943,0.288556814193726,0.051999818533659,-0.102705575525761,0.439548373222351,0.448476582765579,0.051998607814312,-0.102703787386417,0.0519991517066956,-0.102706134319305,-0.00623506726697087,0.288557291030884,0.051998607814312,-0.102703787386417,0.439544409513474,0.448476433753967
8.13459968566895,0.439418613910675,0.448364317417145,0.0520109944045544,-0.102739065885544,-0.0059940293431282,0.288570493459702,0.0520098768174648,-0.102737344801426,0.0520109944045544,-0.102739065885544,0.439415812492371,0.448365300893784,0.0520105212926865,-0.102736793458462,-0.0059922500513494,0.288571029901505,-0.0059940293431282,0.288570493459702,0.0520105212926865,-0.102736793458462,0.439417392015457,0.448368191719055,0.0520093329250813,-0.102734997868538,0.0520098768174648,-0.102737344801426,-0.0059922500513494,0.288571029901505,0.0520093329250813,-0.102734997868538,0.43941342830658,0.448368012905121
8.13519954681396,0.439287424087524,0.448256075382233,0.0520216934382915,-0.102770283818245,-0.00575119350105524,0.288583993911743,0.0520205721259117,-0.102768555283546,0.0520216934382915,-0.102770283818245,0.43928462266922,0.448257088661194,0.0520212166011333,-0.102768011391163,-0.00574927637353539,0.288584470748901,-0.00575119350105524,0.288583993911743,0.0520212166011333,-0.102768011391163,0.439286231994629,0.44826003909111,0.0520200282335281,-0.102766215801239,0.0520205721259117,-0.102768555283546,-0.00574927637353539,0.288584470748901,0.0520200580358505,-0.102766208350658,0.43928250670433,0.448259681463242
8.1358003616333,0.439156323671341,0.44814795255661,0.0520323812961578,-0.102801501750946,-0.00550792599096894,0.288597226142883,0.052031259983778,-0.102799773216248,0.0520323812961578,-0.102801501750946,0.439153522253036,0.448148965835571,0.0520319081842899,-0.102799221873283,-0.00550614576786757,0.288597732782364,-0.00550792599096894,0.288597226142883,0.0520319081842899,-0.102799221873283,0.43915531039238,0.448151648044586,0.052030723541975,-0.10279743373394,0.052031259983778,-0.102799773216248,-0.00550614576786757,0.288597732782364,0.052030723541975,-0.10279743373394,0.439151406288147,0.448151499032974
8.13640022277832,0.439025074243546,0.448040097951889,0.0520430617034435,-0.102832712233067,-0.00526477629318833,0.288610219955444,0.0520419403910637,-0.102830983698368,0.0520430617034435,-0.102832712233067,0.439022481441498,0.448040902614594,0.0520425885915756,-0.102830439805984,-0.00526313344016671,0.288610696792603,-0.00526477629318833,0.288610219955444,0.0520425885915756,-0.102830439805984,0.439023852348328,0.448043972253799,0.0520413778722286,-0.102828644216061,0.0520419403910637,-0.102830983698368,-0.00526313344016671,0.288610696792603,0.0520413778722286,-0.102828644216061,0.439020127058029,0.448043614625931
8.13700008392334,0.438893616199493,0.447932422161102,0.052053689956665,-0.102863930165768,-0.00502160843461752,0.288622945547104,0.0520525686442852,-0.102862194180489,0.052053689956665,-0.102863930165768,0.438890784978867,0.447933405637741,0.0520532168447971,-0.102861650288105,-0.00501982681453228,0.288623422384262,-0.00502160843461752,0.288622945547104,0.0520532168447971,-0.102861650288105,0.438892364501953,0.447936296463013,0.0520520284771919,-0.102859854698181,0.0520525686442852,-0.102862194180489,-0.00501982728019357,0.288623452186584,0.0520520284771919,-0.102859854698181,0.438888490200043,0.447936207056046
8.13759994506836,0.438761919736862,0.447825074195862,0.0520643070340157,-0.102895133197308,-0.00477828457951546,0.288635462522507,0.0520631857216358,-0.10289341956377,0.0520643070340157,-0.102895133197308,0.438759118318558,0.447826027870178,0.052063837647438,-0.102892875671387,-0.00477636558935046,0.288635939359665,-0.00477828457951546,0.288635462522507,0.052063837647438,-0.102892875671387,0.438760668039322,0.447828948497772,0.0520626492798328,-0.102891072630882,0.0520631857216358,-0.10289341956377,-0.00477636558935046,0.288635939359665,0.0520626492798328,-0.102891072630882,0.438756912946701,0.447828769683838
8.13819980621338,0.438630104064941,0.447717905044556,0.0520749166607857,-0.102926358580589,-0.00453466735780239,0.28864774107933,0.0520737953484058,-0.102924630045891,0.0520749166607857,-0.102926358580589,0.438627332448959,0.447718858718872,0.0520744435489178,-0.102924086153507,-0.00453288573771715,0.288648188114166,-0.00453466735780239,0.28864774107933,0.0520744435489178,-0.102924086153507,0.438628941774368,0.447721779346466,0.0520732365548611,-0.102922283113003,0.0520737953484058,-0.102924630045891,-0.00453288573771715,0.288648188114166,0.0520732365548611,-0.102922283113003,0.438625007867813,0.447721600532532
8.1387996673584,0.438498079776764,0.447611033916473,0.0520854741334915,-0.10295757651329,-0.00429116981104016,0.28865972161293,0.052084356546402,-0.102955833077431,0.0520854741334915,-0.10295757651329,0.438495397567749,0.447611957788467,0.0520850047469139,-0.102955289185047,-0.00428924942389131,0.288660198450089,-0.00429116981104016,0.28865972161293,0.0520850047469139,-0.102955289185047,0.438496947288513,0.447614878416061,0.0520838424563408,-0.102953493595123,0.052084356546402,-0.102955833077431,-0.00428924942389131,0.288660198450089,0.0520838424563408,-0.102953493595123,0.438493102788925,0.447614699602127
8.13939952850342,0.438365966081619,0.447504341602325,0.0520960204303265,-0.10298877954483,-0.00404737982898951,0.288671493530273,0.0520949028432369,-0.102987051010132,0.0520960204303265,-0.10298877954483,0.438363313674927,0.447505325078964,0.0520955771207809,-0.102986499667168,-0.00404559634625912,0.288671970367432,-0.00404737982898951,0.288671493530273,0.0520955510437489,-0.102986507117748,0.438364893198013,0.447508215904236,0.0520943887531757,-0.102984704077244,0.0520949028432369,-0.102987051010132,-0.00404559634625912,0.288671970367432,0.0520943887531757,-0.102984704077244,0.438360929489136,0.447508037090302
8.14000034332275,0.438233733177185,0.447397917509079,0.0521065667271614,-0.103019997477531,-0.00380357215180993,0.28868305683136,0.0521054416894913,-0.103018268942833,0.0521065667271614,-0.103019997477531,0.438231021165848,0.447398871183395,0.0521060973405838,-0.103017717599869,-0.00380178820341825,0.288683503866196,-0.00380357215180993,0.28868305683136,0.0521060973405838,-0.103017717599869,0.438232600688934,0.447401762008667,0.0521049350500107,-0.103015914559364,0.0521054416894913,-0.103018268942833,-0.00380178820341825,0.288683503866196,0.0521049350500107,-0.103015914559364,0.438228726387024,0.447401612997055
8.14060020446777,0.438101261854172,0.447291731834412,0.0521171018481255,-0.103051207959652,-0.00355974724516273,0.288694322109222,0.0521159805357456,-0.103049471974373,0.0521171018481255,-0.103051207959652,0.438098609447479,0.447292655706406,0.0521166287362576,-0.103048920631409,-0.00355782569386065,0.288694828748703,-0.00355974724516273,0.288694322109222,0.0521166287362576,-0.103048920631409,0.438100159168243,0.447295546531677,0.0521154440939426,-0.103047125041485,0.0521159805357456,-0.103049471974373,-0.00355782569386065,0.288694828748703,0.0521154440939426,-0.103047125041485,0.438096255064011,0.447295367717743
8.14120006561279,0.437968671321869,0.447185784578323,0.0521275773644447,-0.103082410991192,-0.00331563036888838,0.288705408573151,0.0521264560520649,-0.103080675005913,0.0521275773644447,-0.103082410991192,0.437965989112854,0.447186708450317,0.0521271117031574,-0.103080131113529,-0.00331384572200477,0.288705855607986,-0.00331563036888838,0.288705408573151,0.0521271117031574,-0.103080131113529,0.437967568635941,0.447189569473267,0.052125945687294,-0.103078328073025,0.0521264560520649,-0.103080675005913,-0.00331384572200477,0.288705855607986,0.052125945687294,-0.103078328073025,0.43796369433403,0.447189480066299
8.14179992675781,0.437836021184921,0.447080016136169,0.052138052880764,-0.103113628923893,-0.00307149696163833,0.288716197013855,0.0521369315683842,-0.103111892938614,0.052138052880764,-0.103113628923893,0.437833249568939,0.447080999612808,0.0521375797688961,-0.10311134159565,-0.00306971184909344,0.288716703653336,-0.00307149696163833,0.288716197013855,0.0521375797688961,-0.10311134159565,0.437834829092026,0.44708389043808,0.0521364212036133,-0.103109546005726,0.0521369315683842,-0.103111892938614,-0.00306971184909344,0.288716703653336,0.0521364212036133,-0.103109546005726,0.437831044197083,0.447083711624146
8.14239978790283,0.437703102827072,0.446974545717239,0.0521485172212124,-0.103144824504852,-0.00282720918767154,0.28872674703598,0.0521473959088326,-0.103143095970154,0.0521485172212124,-0.103144824504852,0.43770045042038,0.446975558996201,0.0521480478346348,-0.10314254462719,-0.002825423842296,0.288727223873138,-0.00282720918767154,0.28872674703598,0.0521480478346348,-0.10314254462719,0.437702029943466,0.446978390216827,0.0521468631923199,-0.103140749037266,0.0521473959088326,-0.103143095970154,-0.002825423842296,0.288727223873138,0.0521468631923199,-0.103140749037266,0.437698125839233,0.446978271007538
8.14299964904785,0.437570124864578,0.446869313716888,0.0521589256823063,-0.103176034986973,-0.00258290581405163,0.288737028837204,0.0521578043699265,-0.103174306452274,0.0521589256823063,-0.103176034986973,0.437567353248596,0.446870267391205,0.0521584823727608,-0.10317375510931,-0.00258111977018416,0.288737505674362,-0.00258290604688227,0.288737058639526,0.0521584823727608,-0.10317375510931,0.437568932771683,0.446873128414154,0.0521572940051556,-0.103171952068806,0.0521578043699265,-0.103174306452274,-0.0025811200030148,0.288737535476685,0.0521572940051556,-0.103171952068806,0.43756502866745,0.446872979402542
8.14360046386719,0.437436878681183,0.446764290332794,0.0521693304181099,-0.103207245469093,-0.00233844900503755,0.288747161626816,0.0521682351827621,-0.103205509483814,0.0521693304181099,-0.103207245469093,0.437434107065201,0.446765303611755,0.0521688833832741,-0.10320495814085,-0.00233666249550879,0.288747578859329,-0.00233844900503755,0.288747161626816,0.0521688833832741,-0.10320495814085,0.437435686588287,0.446768134832382,0.0521676950156689,-0.103203155100346,0.0521682351827621,-0.103205509483814,-0.00233666272833943,0.288747608661652,0.0521676950156689,-0.103203155100346,0.437431812286377,0.446768015623093
8.14420032501221,0.437303483486176,0.446659535169601,0.0521797239780426,-0.103238441050053,-0.0020938387606293,0.288756966590881,0.0521786026656628,-0.103236712515354,0.0521797239780426,-0.103238441050053,0.437300711870193,0.446660488843918,0.0521792806684971,-0.10323616117239,-0.0020920520182699,0.28875744342804,-0.0020938387606293,0.288756966590881,0.0521792806684971,-0.10323616117239,0.437302380800247,0.446663349866867,0.0521780885756016,-0.103234358131886,0.0521786026656628,-0.103236712515354,-0.0020920520182699,0.28875744342804,0.0521780885756016,-0.103234358131886,0.43729841709137,0.446663290262222
8.14480018615723,0.437170028686523,0.446554988622665,0.0521901100873947,-0.103269651532173,-0.00184921361505985,0.28876656293869,0.0521889925003052,-0.103267915546894,0.0521901100873947,-0.103269651532173,0.437167257070541,0.446555972099304,0.0521896444261074,-0.10326736420393,-0.00184742640703917,0.288767009973526,-0.00184921361505985,0.28876656293869,0.0521896444261074,-0.10326736420393,0.437168806791306,0.446558892726898,0.0521884821355343,-0.103265561163425,0.0521889925003052,-0.103267915546894,-0.00184742640703917,0.288767009973526,0.0521884821355343,-0.103265561163425,0.437164962291718,0.446558713912964
8.14540004730225,0.43703630566597,0.446450710296631,0.0522004440426826,-0.103300854563713,-0.00160457345191389,0.288775891065598,0.0521993227303028,-0.103299126029015,0.0522004440426826,-0.103300854563713,0.437033653259277,0.446451723575592,0.0522000007331371,-0.10329857468605,-0.0016026480589062,0.288776338100433,-0.00160457345191389,0.288775891065598,0.0522000007331371,-0.10329857468605,0.437035232782364,0.446454584598541,0.0521988123655319,-0.103296771645546,0.0521993227303028,-0.103299126029015,-0.0016026480589062,0.288776338100433,0.0521988123655319,-0.103296771645546,0.437031328678131,0.446454435586929
8.14599990844727,0.436902493238449,0.446346640586853,0.05221077054739,-0.103332065045834,-0.0013595053460449,0.288785010576248,0.0522096492350101,-0.103330329060555,0.05221077054739,-0.103332065045834,0.436899781227112,0.446347653865814,0.0522103272378445,-0.10332977771759,-0.00135771720670164,0.288785427808762,-0.0013595053460449,0.288785010576248,0.0522103272378445,-0.10332977771759,0.436901360750198,0.446350514888763,0.0522091425955296,-0.103327967226505,0.0522096492350101,-0.103330329060555,-0.00135771720670164,0.288785427808762,0.0522091425955296,-0.103327967226505,0.436897456645966,0.446350365877151
8.14659976959229,0.436768442392349,0.446242868900299,0.0522210858762264,-0.103363260626793,-0.00111456064041704,0.288793832063675,0.0522199645638466,-0.103361524641514,0.0522210896015167,-0.103363268077374,0.436765849590302,0.446243822574615,0.0522206202149391,-0.10336098074913,-0.00111277215182781,0.288794279098511,-0.00111456064041704,0.288793832063675,0.0522206202149391,-0.10336098074913,0.436767369508743,0.446246713399887,0.052219457924366,-0.103359170258045,0.0522199645638466,-0.103361524641514,-0.00111277215182781,0.288794279098511,0.052219457924366,-0.103359170258045,0.436763525009155,0.446246564388275
8.1471996307373,0.436634391546249,0.446139365434647,0.0522313490509987,-0.103394463658333,-0.000869601615704596,0.288802415132523,0.052230279892683,-0.103392727673054,0.0522313490509987,-0.103394463658333,0.436631709337234,0.446140289306641,0.0522309318184853,-0.10339218378067,-0.000867675058543682,0.288802862167358,-0.000869601615704596,0.288802415132523,0.0522309318184853,-0.10339218378067,0.436633348464966,0.446143180131912,0.0522297434508801,-0.103390373289585,0.052230279892683,-0.103392727673054,-0.000867675058543682,0.288802862167358,0.0522297434508801,-0.103390373289585,0.436629414558411,0.4461430311203
8.14780044555664,0.436500132083893,0.446035951375961,0.0522416308522224,-0.103425666689873,-0.000624353531748056,0.288810759782791,0.0522405318915844,-0.103423930704594,0.0522416308522224,-0.103425666689873,0.436497360467911,0.446036964654922,0.0522411875426769,-0.10342338681221,-0.000622564170043916,0.288811206817627,-0.000624353531748056,0.288810759782791,0.0522411875426769,-0.10342338681221,0.436498939990997,0.446039825677872,0.0522400252521038,-0.103421568870544,0.0522405318915844,-0.103423930704594,-0.000622564170043916,0.288811206817627,0.0522400252521038,-0.103421568870544,0.436495095491409,0.446039706468582
8.14840030670166,0.436365723609924,0.445932924747467,0.0522518791258335,-0.103456862270832,-0.000378953962353989,0.288818836212158,0.0522507801651955,-0.103455126285553,0.0522518791258335,-0.103456862270832,0.436362951993942,0.445933848619461,0.052251435816288,-0.103454574942589,-0.000377164193196222,0.288819283246994,-0.000378953962353989,0.288818836212158,0.052251435816288,-0.103454574942589,0.436364561319351,0.445936799049377,0.0522502698004246,-0.103452764451504,0.0522507801651955,-0.103455126285553,-0.000377164193196222,0.288819283246994,0.0522502698004246,-0.103452764451504,0.436360627412796,0.445936620235443
8.14900016784668,0.436231136322021,0.445830047130585,0.0522620938718319,-0.103488065302372,-0.00013367882638704,0.288826704025269,0.0522609986364841,-0.103486321866512,0.0522620938718319,-0.103488065302372,0.436228394508362,0.445831060409546,0.0522616766393185,-0.103485777974129,-0.00013175091589801,0.288827151060104,-0.000133678840938956,0.288826733827591,0.0522616766393185,-0.103485777974129,0.436229974031448,0.445833921432495,0.0522604659199715,-0.103483974933624,0.0522609986364841,-0.103486321866512,-0.00013175091589801,0.288827151060104,0.0522604659199715,-0.103483974933624,0.436226099729538,0.445833802223206
8.1496000289917,0.436096340417862,0.445727467536926,0.0522723011672497,-0.103519260883331,0.000111884779471438,0.288834303617477,0.0522712059319019,-0.103517524898052,0.0522723011672497,-0.103519260883331,0.43609356880188,0.445728480815887,0.0522718653082848,-0.103516981005669,0.000113675407192204,0.288834750652313,0.000111884779471438,0.288834303617477,0.0522718653082848,-0.103516981005669,0.436095267534256,0.445731312036514,0.0522706992924213,-0.103515170514584,0.0522712059319019,-0.103517524898052,0.000113675407192204,0.288834750652313,0.0522706992924213,-0.103515170514584,0.436091393232346,0.445731222629547
8.15019989013672,0.435961544513702,0.445625096559525,0.0522825047373772,-0.103550456464291,0.000357461191015318,0.288841664791107,0.052281379699707,-0.103548713028431,0.0522825047373772,-0.103550456464291,0.435958832502365,0.445626109838486,0.0522820390760899,-0.103548176586628,0.000359252211637795,0.288842082023621,0.000357461191015318,0.288841664791107,0.0522820390760899,-0.103548176586628,0.435960412025452,0.445628941059113,0.0522808730602264,-0.103546358644962,0.052281379699707,-0.103548713028431,0.000359252211637795,0.288842082023621,0.0522808730602264,-0.103546358644962,0.435956507921219,0.445628851652145
8.15079975128174,0.435826420783997,0.445522993803024,0.0522926524281502,-0.10358165204525,0.000603187829256058,0.288848787546158,0.0522915534675121,-0.103579916059971,0.0522926524281502,-0.10358165204525,0.435823678970337,0.445523977279663,0.052292212843895,-0.103579372167587,0.000604979228228331,0.288849174976349,0.000603187829256058,0.288848787546158,0.052292212843895,-0.103579372167587,0.435825347900391,0.445526838302612,0.0522910468280315,-0.103577561676502,0.0522915534675121,-0.103579916059971,0.000604979228228331,0.288849174976349,0.0522910468280315,-0.103577561676502,0.435821384191513,0.445526748895645
8.15139961242676,0.435691267251968,0.445421189069748,0.0523027889430523,-0.103612847626209,0.000848789000883698,0.288855642080307,0.0523016676306725,-0.10361111164093,0.0523027889430523,-0.103612847626209,0.435688585042953,0.445422112941742,0.0523023493587971,-0.103610567748547,0.00085071858484298,0.28885605931282,0.000848789000883698,0.288855642080307,0.0523023493587971,-0.103610567748547,0.43569016456604,0.445425003767014,0.0523011609911919,-0.103608757257462,0.0523016676306725,-0.10361111164093,0.00085071858484298,0.28885605931282,0.0523011609911919,-0.103608757257462,0.435686200857162,0.445424914360046
8.15200042724609,0.435555934906006,0.445319533348083,0.052312895655632,-0.103644043207169,0.00109467748552561,0.288862228393555,0.0523118004202843,-0.103642307221889,0.052312895655632,-0.103644043207169,0.435553163290024,0.445320516824722,0.0523124821484089,-0.103641763329506,0.00109660741873085,0.288862645626068,0.00109467748552561,0.288862228393555,0.0523124821484089,-0.103641763329506,0.435554832220078,0.445323348045349,0.0523112900555134,-0.10363994538784,0.0523118004202843,-0.103642307221889,0.00109660741873085,0.288862645626068,0.0523112900555134,-0.10363994538784,0.4355508685112,0.445323258638382
8.15260028839111,0.435420423746109,0.445218175649643,0.0523229949176311,-0.103675238788128,0.00134085328318179,0.288868576288223,0.0523218959569931,-0.103673495352268,0.0523229949176311,-0.103675238788128,0.435417771339417,0.445219159126282,0.052322581410408,-0.103672951459885,0.00134264584630728,0.288868993520737,0.00134085328318179,0.288868576288223,0.0523225851356983,-0.103672958910465,0.435419350862503,0.445222020149231,0.0523214191198349,-0.103671133518219,0.0523219220340252,-0.103673487901688,0.00134264584630728,0.288868993520737,0.0523214191198349,-0.103671133518219,0.435415506362915,0.445221900939941
8.15320014953613,0.435284793376923,0.445117056369781,0.0523330867290497,-0.103706434369087,0.00158690277021378,0.288874715566635,0.0523319654166698,-0.103704690933228,0.0523330867290497,-0.103706434369087,0.435282051563263,0.44511803984642,0.0523326508700848,-0.103704147040844,0.00158869568258524,0.288875102996826,0.00158690277021378,0.288874715566635,0.0523326508700848,-0.103704147040844,0.435283720493317,0.44512090086937,0.0523314848542213,-0.103702329099178,0.0523319654166698,-0.103704690933228,0.00158869568258524,0.288875102996826,0.0523314848542213,-0.103702329099178,0.435279756784439,0.44512078166008
8.15380001068115,0.435149103403091,0.445016145706177,0.0523431450128555,-0.103737615048885,0.00183310091961175,0.288880556821823,0.0523420497775078,-0.103735886514187,0.0523431450128555,-0.103737615048885,0.435146331787109,0.445017158985138,0.0523427128791809,-0.103735335171223,0.00183489418122917,0.288880944252014,0.00183310091961175,0.288880556821823,0.0523427128791809,-0.103735335171223,0.435147911310196,0.445019990205765,0.0523415468633175,-0.103733517229557,0.0523420497775078,-0.103735886514187,0.00183489418122917,0.288880944252014,0.0523415468633175,-0.103733517229557,0.435144066810608,0.445019900798798
8.15439987182617,0.435012996196747,0.444915503263474,0.0523531772196293,-0.103768810629845,0.00207931012846529,0.288886159658432,0.0523520782589912,-0.103767067193985,0.0523531772196293,-0.103768810629845,0.435010403394699,0.444916516542435,0.0523527413606644,-0.103766530752182,0.00208110362291336,0.288886547088623,0.00207931012846529,0.288886159658432,0.0523527413606644,-0.103766530752182,0.435011923313141,0.444919347763062,0.0523515716195107,-0.103764712810516,0.0523520782589912,-0.103767067193985,0.00208110362291336,0.288886547088623,0.0523515716195107,-0.103764712810516,0.435008108615875,0.444919288158417
8.15499973297119,0.434877038002014,0.444815129041672,0.0523631758987904,-0.103800006210804,0.00232566753402352,0.288891494274139,0.0523621030151844,-0.103798255324364,0.0523631758987904,-0.103800006210804,0.434874296188354,0.444816112518311,0.0523627623915672,-0.103797718882561,0.00232759932987392,0.288891911506653,0.00232566753402352,0.288891494274139,0.0523627623915672,-0.103797718882561,0.434875875711441,0.44481897354126,0.0523615963757038,-0.103795893490314,0.0523621030151844,-0.103798255324364,0.00232759932987392,0.288891911506653,0.0523615963757038,-0.103795893490314,0.434872001409531,0.444818884134293
8.15559959411621,0.43474081158638,0.444714993238449,0.0523731894791126,-0.103831201791763,0.00257231062278152,0.28889662027359,0.0523720942437649,-0.103829443454742,0.0523731894791126,-0.103831201791763,0.434738039970398,0.444715976715088,0.0523727796971798,-0.103828907012939,0.00257410504855216,0.288897007703781,0.00257231062278152,0.28889662027359,0.0523727796971798,-0.103828907012939,0.434739619493484,0.444718837738037,0.0523715876042843,-0.103827089071274,0.0523720942437649,-0.103829443454742,0.00257410504855216,0.288897007703781,0.0523715876042843,-0.103827089071274,0.434735774993896,0.444718718528748
8.15620040893555,0.434604406356812,0.444615066051483,0.0523831471800804,-0.103862382471561,0.00281882612034678,0.288901448249817,0.0523820742964745,-0.103860624134541,0.0523831471800804,-0.103862382471561,0.434601634740829,0.444616109132767,0.0523827336728573,-0.103860095143318,0.00282075861468911,0.28890186548233,0.00281882612034678,0.288901448249817,0.0523827336728573,-0.103860095143318,0.434603333473206,0.444618880748749,0.0523815713822842,-0.103858277201653,0.0523820742964745,-0.103860624134541,0.00282075861468911,0.28890186548233,0.0523815713822842,-0.103858277201653,0.434599369764328,0.444618850946426
8.15680027008057,0.434467941522598,0.444515407085419,0.0523931235074997,-0.10389357060194,0.00306562636978924,0.288906037807465,0.0523920245468616,-0.103891812264919,0.0523931235074997,-0.10389357060194,0.434465050697327,0.444516450166702,0.0523926876485348,-0.103891283273697,0.00306742172688246,0.288906425237656,0.00306562636978924,0.288906037807465,0.0523926876485348,-0.103891283273697,0.434466749429703,0.444519221782684,0.0523915253579617,-0.103889457881451,0.0523920245468616,-0.103891812264919,0.00306742172688246,0.288906425237656,0.0523915253579617,-0.103889457881451,0.43446284532547,0.444519221782684
8.15740013122559,0.434331268072128,0.444416016340256,0.0524030439555645,-0.103924751281738,0.00331229856237769,0.288910388946533,0.0524019710719585,-0.103923000395298,0.0524030439555645,-0.103924751281738,0.434328407049179,0.444417059421539,0.0524026304483414,-0.103922463953495,0.00331423222087324,0.288910776376724,0.00331229856237769,0.288910388946533,0.0524026304483414,-0.103922463953495,0.434330075979233,0.444419860839844,0.052401464432478,-0.103920646011829,0.0524019710719585,-0.103923000395298,0.00331423222087324,0.288910776376724,0.052401464432478,-0.103920646011829,0.434326112270355,0.444419801235199
8.15799999237061,0.434194356203079,0.444316834211349,0.0524129830300808,-0.103955939412117,0.00355917983688414,0.2889144718647,0.0524118579924107,-0.103954195976257,0.0524129830300808,-0.103955939412117,0.434191673994064,0.444317877292633,0.0524125434458256,-0.103953652083874,0.00356104481033981,0.288914889097214,0.00355917983688414,0.2889144718647,0.0524125434458256,-0.103953652083874,0.434193253517151,0.444320678710938,0.0524113774299622,-0.103951834142208,0.0524118579924107,-0.103954195976257,0.00356104481033981,0.288914889097214,0.0524113774299622,-0.103951834142208,0.434189349412918,0.444320619106293
8.15859985351563,0.434057503938675,0.444217920303345,0.0524228624999523,-0.103987127542496,0.00380621454678476,0.288918286561966,0.0524217635393143,-0.103985384106636,0.0524228624999523,-0.103987127542496,0.434054672718048,0.444218993186951,0.0524224527180195,-0.103984840214252,0.00380801083520055,0.288918703794479,0.00380621454678476,0.288918286561966,0.0524224527180195,-0.103984840214252,0.434056341648102,0.444221794605255,0.0524212829768658,-0.103983014822006,0.0524217635393143,-0.103985384106636,0.00380801083520055,0.288918703794479,0.0524212829768658,-0.103983014822006,0.434052348136902,0.44422173500061
8.15919971466064,0.433920234441757,0.444119274616241,0.0524327307939529,-0.104018308222294,0.00405318895354867,0.288921862840652,0.0524316318333149,-0.104016557335854,0.0524327307939529,-0.104018308222294,0.433917582035065,0.444120287895203,0.0524323284626007,-0.104016020894051,0.00405512331053615,0.288922280073166,0.00405318895354867,0.288921862840652,0.0524323284626007,-0.104016020894051,0.433919221162796,0.444123178720474,0.0524311549961567,-0.104014202952385,0.0524316318333149,-0.104016557335854,0.00405512331053615,0.288922280073166,0.0524311549961567,-0.104014202952385,0.433915257453918,0.444123089313507
8.15979957580566,0.433783054351807,0.444020867347717,0.0524425990879536,-0.104049488902092,0.0043004471808672,0.288925230503082,0.0524414777755737,-0.104047738015652,0.0524425990879536,-0.104049488902092,0.433780312538147,0.444021910429001,0.0524421632289886,-0.104047194123268,0.0043022446334362,0.288925617933273,0.0043004471808672,0.288925230503082,0.0524421632289886,-0.104047194123268,0.433781892061234,0.444024711847305,0.0524409972131252,-0.104045376181602,0.0524414777755737,-0.104047738015652,0.0043022446334362,0.288925617933273,0.0524409972131252,-0.104045376181602,0.433778047561646,0.444024682044983
8.160400390625,0.433645635843277,0.443922698497772,0.0524524115025997,-0.104080677032471,0.0045477133244276,0.288928270339966,0.0524513348937035,-0.10407891869545,0.0524524115025997,-0.104080677032471,0.433642894029617,0.443923741579056,0.0524519979953766,-0.104078382253647,0.00454958016052842,0.288928657770157,0.0045477133244276,0.288928270339966,0.0524519979953766,-0.104078382253647,0.433644562959671,0.44392654299736,0.0524508319795132,-0.104076556861401,0.0524513348937035,-0.10407891869545,0.00454958016052842,0.288928657770157,0.0524508319795132,-0.104076556861401,0.433640629053116,0.443926513195038
8.16100025177002,0.433508098125458,0.443824768066406,0.0524622090160847,-0.104111850261688,0.00479512475430965,0.28893107175827,0.0524611361324787,-0.104110099375248,0.0524622090160847,-0.104111850261688,0.433505326509476,0.443825840950012,0.0524618029594421,-0.104109555482864,0.00479692313820124,0.288931459188461,0.00479512475430965,0.28893107175827,0.0524618029594421,-0.104109555482864,0.433507025241852,0.443828642368317,0.0524606369435787,-0.104107730090618,0.0524611361324787,-0.104110099375248,0.00479692313820124,0.288931459188461,0.0524606369435787,-0.104107730090618,0.433503031730652,0.443828582763672
8.16160011291504,0.433370411396027,0.443727165460587,0.0524720065295696,-0.104143030941486,0.00504254456609488,0.288933664560318,0.0524709299206734,-0.104141272604465,0.0524720065295696,-0.104143030941486,0.433367669582367,0.443728148937225,0.0524715967476368,-0.104140736162663,0.00504434248432517,0.288934051990509,0.00504254456609488,0.288933664560318,0.0524715967476368,-0.104140736162663,0.433369278907776,0.443731009960175,0.0524704270064831,-0.104138903319836,0.0524709299206734,-0.104141272604465,0.00504434248432517,0.288934051990509,0.0524704270064831,-0.104138903319836,0.433365434408188,0.443730920553207
8.16219997406006,0.433232635259628,0.443629682064056,0.0524817891418934,-0.104174211621284,0.00529010826721787,0.288935989141464,0.0524806901812553,-0.104172453284264,0.0524817891418934,-0.104174211621284,0.433229804039001,0.443630754947662,0.0524813868105412,-0.104171924293041,0.00529197510331869,0.28893631696701,0.00529010826721787,0.288935989141464,0.0524813868105412,-0.104171924293041,0.433231502771378,0.443633586168289,0.0524802207946777,-0.104170098900795,0.0524806901812553,-0.104172453284264,0.00529197510331869,0.28893631696701,0.0524802207946777,-0.104170098900795,0.4332275390625,0.443633526563644
8.16279983520508,0.433094590902328,0.443532556295395,0.0524915233254433,-0.104205384850502,0.0055377478711307,0.288938015699387,0.0524904504418373,-0.104203633964062,0.0524915233254433,-0.104205384850502,0.433091908693314,0.443533569574356,0.0524911172688007,-0.104203097522259,0.00553961610421538,0.288938403129578,0.0055377478711307,0.288938015699387,0.0524911172688007,-0.104203097522259,0.433093458414078,0.443536430597305,0.052489947527647,-0.104201264679432,0.0524904504418373,-0.104203633964062,0.00553961610421538,0.288938403129578,0.052489947527647,-0.104201264679432,0.433089643716812,0.443536370992661
8.1633996963501,0.432956427335739,0.44343563914299,0.0525012500584126,-0.1042365655303,0.0057855318300426,0.28893980383873,0.052500169724226,-0.104234807193279,0.0525012500584126,-0.1042365655303,0.432953745126724,0.443436712026596,0.0525008365511894,-0.104234270751476,0.00578733114525676,0.288940191268921,0.0057855318300426,0.28893980383873,0.0525008365511894,-0.104234270751476,0.432955414056778,0.443439513444901,0.0524996966123581,-0.104232437908649,0.052500169724226,-0.104234807193279,0.00578733114525676,0.288940191268921,0.0524996966123581,-0.104232437908649,0.432951509952545,0.443439483642578
8.16399955749512,0.432818204164505,0.443338960409164,0.0525109656155109,-0.104267738759518,0.00603339169174433,0.288941353559494,0.0525098852813244,-0.104265972971916,0.0525109656155109,-0.104267738759518,0.432815551757813,0.44334003329277,0.0525105558335781,-0.104265443980694,0.0060351905412972,0.288941711187363,0.00603339169174433,0.288941353559494,0.0525105558335781,-0.104265443980694,0.432817131280899,0.443342834711075,0.0525093860924244,-0.104263611137867,0.0525098852813244,-0.104265972971916,0.00603519147261977,0.288941740989685,0.0525093860924244,-0.104263611137867,0.432813167572021,0.443342834711075
8.16460037231445,0.432679802179337,0.443242579698563,0.0525206699967384,-0.104298911988735,0.00628125621005893,0.288942635059357,0.0525195710361004,-0.104297146201134,0.0525206699967384,-0.104298911988735,0.432677090167999,0.443243622779846,0.0525202378630638,-0.104296617209911,0.0062831942923367,0.288943022489548,0.00628125621005893,0.288942635059357,0.0525202378630638,-0.104296617209911,0.432678788900375,0.443246483802795,0.0525190979242325,-0.104294791817665,0.0525195710361004,-0.104297146201134,0.0062831942923367,0.288943022489548,0.0525190979242325,-0.104294791817665,0.432674825191498,0.443246394395828
8.16520023345947,0.432541221380234,0.44314643740654,0.052530325949192,-0.104330085217953,0.00652926508337259,0.288943648338318,0.0525292456150055,-0.104328326880932,0.052530325949192,-0.104330085217953,0.432538449764252,0.443147450685501,0.0525299161672592,-0.104327790439129,0.00653120269998908,0.288944005966187,0.00652926508337259,0.288943648338318,0.0525299161672592,-0.104327790439129,0.43254017829895,0.443150281906128,0.0525287464261055,-0.104325957596302,0.0525292456150055,-0.104328326880932,0.00653120269998908,0.288944005966187,0.0525287464261055,-0.104325957596302,0.432536244392395,0.443150222301483
8.16580009460449,0.432402580976486,0.443050533533096,0.0525399707257748,-0.10436125844717,0.00677741691470146,0.2889444231987,0.0525388941168785,-0.10435950756073,0.0525399707257748,-0.10436125844717,0.432399868965149,0.443051546812057,0.0525395646691322,-0.104358963668346,0.00677935546264052,0.288944810628891,0.00677741691470146,0.2889444231987,0.0525395646691322,-0.104358963668346,0.432401448488235,0.443054378032684,0.0525383949279785,-0.10435713082552,0.0525388941168785,-0.10435950756073,0.00677935546264052,0.288944810628891,0.0525383949279785,-0.10435713082552,0.43239763379097,0.443054378032684
8.16639995574951,0.43226370215416,0.442954868078232,0.0525496080517769,-0.104392431676388,0.00702571123838425,0.288944929838181,0.0525485016405582,-0.104390673339367,0.0525496080517769,-0.104392431676388,0.432260990142822,0.442955881357193,0.0525491982698441,-0.104390129446983,0.00702751288190484,0.288945317268372,0.00702571123838425,0.288944929838181,0.0525491982698441,-0.104390129446983,0.432262718677521,0.44295871257782,0.0525480322539806,-0.104388304054737,0.0525485016405582,-0.104390673339367,0.00702751288190484,0.288945317268372,0.0525480322539806,-0.104388304054737,0.432258725166321,0.442958682775497
8.16699981689453,0.43212479352951,0.442859470844269,0.0525591857731342,-0.104423590004444,0.00727394130080938,0.288945198059082,0.0525581128895283,-0.104421839118004,0.0525591857731342,-0.104423590004444,0.432121962308884,0.442860543727875,0.0525587797164917,-0.104421302676201,0.00727581232786179,0.288945555686951,0.00727394130080938,0.288945198059082,0.0525587797164917,-0.104421302676201,0.43212366104126,0.442863345146179,0.0525576360523701,-0.104419469833374,0.0525581128895283,-0.104421839118004,0.00727581232786179,0.288945555686951,0.0525576360523701,-0.104419469833374,0.432119727134705,0.442863315343857
8.16759967803955,0.43198561668396,0.442764312028885,0.0525687821209431,-0.104454763233662,0.00752231432124972,0.28894516825676,0.0525676868855953,-0.104453012347221,0.0525687821209431,-0.104454763233662,0.431982904672623,0.442765384912491,0.0525683797895908,-0.104452475905418,0.00752425426617265,0.288945525884628,0.00752231432124972,0.28894516825676,0.0525683797895908,-0.104452475905418,0.431984633207321,0.442768186330795,0.0525672361254692,-0.104450635612011,0.0525676868855953,-0.104453012347221,0.00752425426617265,0.288945525884628,0.0525672361254692,-0.104450635612011,0.431980669498444,0.442768186330795
8.16819953918457,0.431846380233765,0.442669421434402,0.0525783523917198,-0.104485929012299,0.00777082983404398,0.288944900035858,0.0525772497057915,-0.104484170675278,0.0525783523917198,-0.104485929012299,0.431843608617783,0.442670494318008,0.0525779463350773,-0.104483641684055,0.00777270132675767,0.288945287466049,0.00777082983404398,0.288944900035858,0.0525779463350773,-0.104483641684055,0.431845337152481,0.442673355340958,0.0525767989456654,-0.104481808841228,0.0525772497057915,-0.104484170675278,0.00777270132675767,0.288945287466049,0.0525767989456654,-0.104481808841228,0.431841343641281,0.442673295736313
8.16880035400391,0.431706994771957,0.442574799060822,0.0525878854095936,-0.104517102241516,0.00801948644220829,0.288944363594055,0.0525868088006973,-0.104515336453915,0.0525878854095936,-0.104517102241516,0.43170428276062,0.442575842142105,0.052587479352951,-0.104514800012112,0.00802128855139017,0.288944721221924,0.00801948644220829,0.288944363594055,0.052587479352951,-0.104514800012112,0.431705981492996,0.442578673362732,0.0525863617658615,-0.104512967169285,0.0525868088006973,-0.104515336453915,0.00802128855139017,0.288944721221924,0.0525863617658615,-0.104512967169285,0.431701958179474,0.442578673362732
8.16940021514893,0.431567400693893,0.44248041510582,0.0525974109768867,-0.104548260569572,0.0082680769264698,0.288943588733673,0.0525963343679905,-0.104546494781971,0.0525974109768867,-0.104548260569572,0.431564748287201,0.442481517791748,0.0525970309972763,-0.104545965790749,0.0082700178027153,0.288943916559219,0.0082680769264698,0.288943588733673,0.0525970309972763,-0.104545965790749,0.431566387414932,0.44248428940773,0.0525958649814129,-0.104544132947922,0.0525963343679905,-0.104546494781971,0.0082700178027153,0.288943916559219,0.0525958649814129,-0.104544132947922,0.431562483310699,0.44248428940773
8.17000007629395,0.431427806615829,0.442386269569397,0.0526069290935993,-0.104579426348209,0.00851687882095575,0.28894254565239,0.0526058301329613,-0.104577668011189,0.0526069290935993,-0.104579426348209,0.431424975395203,0.442387402057648,0.0526065267622471,-0.104577139019966,0.00851874984800816,0.288942873477936,0.00851687882095575,0.28894254565239,0.0526065267622471,-0.104577139019966,0.431426674127579,0.44239017367363,0.0526053570210934,-0.104575291275978,0.0526058301329613,-0.104577668011189,0.00851874984800816,0.288942873477936,0.0526053570210934,-0.104575291275978,0.431422770023346,0.442390143871307
8.17059993743896,0.431287944316864,0.442292422056198,0.0526164174079895,-0.104610592126846,0.00876568257808685,0.288941234350204,0.0526153147220612,-0.104608833789825,0.0526164174079895,-0.104610592126846,0.431285232305527,0.442293524742126,0.0526160150766373,-0.104608297348022,0.00876762345433235,0.288941562175751,0.00876568257808685,0.288941234350204,0.0526160150766373,-0.104608297348022,0.431286931037903,0.442296296358109,0.0526148453354836,-0.104606457054615,0.0526153147220612,-0.104608833789825,0.00876762345433235,0.288941562175751,0.0526148453354836,-0.104606457054615,0.43128302693367,0.442296296358109
8.17119979858398,0.431148052215576,0.442198783159256,0.0526258461177349,-0.104641750454903,0.00901469588279724,0.288939654827118,0.0526247695088387,-0.104639984667301,0.0526258461177349,-0.104641750454903,0.431145280599594,0.442199856042862,0.0526254735887051,-0.104639455676079,0.0090164989233017,0.288939982652664,0.00901469588279724,0.288939654827118,0.0526254735887051,-0.104639455676079,0.43114697933197,0.442202687263489,0.0526243224740028,-0.104637622833252,0.0526247695088387,-0.104639984667301,0.0090164989233017,0.288939982652664,0.0526243224740028,-0.104637615382671,0.431143015623093,0.442202657461166
8.171799659729,0.431007951498032,0.442105442285538,0.0526353232562542,-0.10467291623354,0.00926371291279793,0.288937836885452,0.0526342205703259,-0.104671150445938,0.0526353232562542,-0.10467291623354,0.431005239486694,0.442106544971466,0.0526349134743214,-0.104670614004135,0.0092655848711729,0.288938164710999,0.00926371291279793,0.288937836885452,0.0526349171996117,-0.104670621454716,0.431006819009781,0.442109316587448,0.0526337474584579,-0.104668773710728,0.0526342429220676,-0.104671142995358,0.0092655848711729,0.288938164710999,0.0526337474584579,-0.104668773710728,0.431002885103226,0.442109346389771
8.17240047454834,0.43086776137352,0.442012310028076,0.0526447333395481,-0.104704067111015,0.00951279886066914,0.288935750722885,0.0526436567306519,-0.104702301323414,0.0526447333395481,-0.104704067111015,0.430864989757538,0.442013412714005,0.0526443347334862,-0.104701772332191,0.00951467268168926,0.288936078548431,0.00951279886066914,0.288935750722885,0.0526443347334862,-0.104701772332191,0.430866688489914,0.442016214132309,0.0526431873440742,-0.104699932038784,0.0526436567306519,-0.104702301323414,0.00951467268168926,0.288936078548431,0.0526431873440742,-0.104699932038784,0.430862784385681,0.442016214132309
8.17300033569336,0.430727362632751,0.441919505596161,0.052654143422842,-0.104735225439072,0.00976202636957169,0.288933396339417,0.0526530407369137,-0.104733467102051,0.052654143422842,-0.104735225439072,0.430724591016769,0.441920608282089,0.0526537410914898,-0.104732930660248,0.00976389925926924,0.28893369436264,0.00976202636957169,0.288933396339417,0.0526537410914898,-0.104732930660248,0.430726289749146,0.441923379898071,0.0526525713503361,-0.10473109036684,0.0526530407369137,-0.104733467102051,0.00976389925926924,0.28893369436264,0.0526525713503361,-0.10473109036684,0.430722385644913,0.441923409700394
8.17360019683838,0.430586844682693,0.441826909780502,0.0526634939014912,-0.104766383767128,0.0100113227963448,0.288930773735046,0.0526624172925949,-0.104764625430107,0.0526634939014912,-0.104766383767128,0.430584192276001,0.441828042268753,0.052663117647171,-0.104764081537724,0.0100132655352354,0.288931131362915,0.0100113227963448,0.288930773735046,0.052663117647171,-0.104764081537724,0.430585741996765,0.441830784082413,0.0526619739830494,-0.104762241244316,0.0526624172925949,-0.104764625430107,0.0100132655352354,0.288931131362915,0.0526619739830494,-0.104762241244316,0.430581837892532,0.441830784082413
8.1742000579834,0.430446177721024,0.441734582185745,0.0526728592813015,-0.104797534644604,0.010260758921504,0.288927912712097,0.0526717826724052,-0.104795776307583,0.0526728592813015,-0.104797534644604,0.430443525314331,0.441735684871674,0.0526724830269814,-0.10479524731636,0.0102625638246536,0.288928240537643,0.010260758921504,0.288927912712097,0.0526724830269814,-0.10479524731636,0.430445194244385,0.441738456487656,0.0526713132858276,-0.104793399572372,0.0526717826724052,-0.104795776307583,0.0102626327425241,0.288928240537643,0.0526713393628597,-0.104793392121792,0.430441200733185,0.441738486289978
8.17479991912842,0.430305480957031,0.441642493009567,0.0526822172105312,-0.10482869297266,0.0105101950466633,0.288924753665924,0.0526811182498932,-0.104826927185059,0.0526822172105312,-0.10482869297266,0.430302709341049,0.441643625497818,0.0526818186044693,-0.104826390743256,0.0105120688676834,0.28892508149147,0.0105101950466633,0.288924753665924,0.0526818186044693,-0.104826390743256,0.430304348468781,0.4416463971138,0.0526806749403477,-0.104824550449848,0.0526811182498932,-0.104826927185059,0.0105120688676834,0.28892508149147,0.0526806749403477,-0.104824550449848,0.43030047416687,0.441646367311478
8.17539978027344,0.43016454577446,0.441550672054291,0.0526915229856968,-0.104859843850136,0.0107597708702087,0.288921386003494,0.0526904463768005,-0.104858078062534,0.0526915229856968,-0.104859843850136,0.430161774158478,0.441551804542542,0.0526911504566669,-0.104857549071312,0.0107616437599063,0.288921684026718,0.0107597708702087,0.288921386003494,0.0526911504566669,-0.104857549071312,0.430163443088531,0.441554546356201,0.0526899807155132,-0.104855708777905,0.0526904463768005,-0.104858078062534,0.0107616437599063,0.288921684026718,0.0526899807155132,-0.104855708777905,0.430159538984299,0.441554576158524
8.17599964141846,0.430023461580276,0.441459119319916,0.0527008175849915,-0.104891002178192,0.0110093457624316,0.288917720317841,0.0526997409760952,-0.104889236390591,0.0527008175849915,-0.104891002178192,0.430020719766617,0.441460251808167,0.0527004227042198,-0.104888707399368,0.0110112894326448,0.288918018341064,0.0110093457624316,0.288917720317841,0.0527004227042198,-0.104888707399368,0.430022478103638,0.441462993621826,0.05269930139184,-0.10488685965538,0.0526997409760952,-0.104889236390591,0.0110112894326448,0.288918018341064,0.05269930139184,-0.10488685965538,0.430018484592438,0.441463053226471
8.17660045623779,0.429882258176804,0.44136780500412,0.0527100823819637,-0.104922145605087,0.0112591274082661,0.288913786411285,0.0527090057730675,-0.104920379817486,0.052710086107254,-0.104922153055668,0.429879605770111,0.441368937492371,0.0527097135782242,-0.104919858276844,0.0112610021606088,0.288914054632187,0.0112591274082661,0.288913786411285,0.0527097135782242,-0.104919858276844,0.429881304502487,0.44137167930603,0.0527085661888123,-0.104918003082275,0.0527090057730675,-0.104920379817486,0.0112610030919313,0.288914084434509,0.0527085661888123,-0.104918003082275,0.429877370595932,0.441371738910675
8.17720031738281,0.429741054773331,0.441276758909225,0.0527193434536457,-0.104953303933144,0.0115089099854231,0.288909584283829,0.0527182891964912,-0.104951530694962,0.0527193434536457,-0.104953303933144,0.429738223552704,0.441277891397476,0.0527189634740353,-0.10495100915432,0.0115108527243137,0.288909882307053,0.0115089099854231,0.288909584283829,0.0527189634740353,-0.10495100915432,0.429739952087402,0.441280692815781,0.0527178198099136,-0.104949153959751,0.0527182891964912,-0.104951530694962,0.0115108527243137,0.288909882307053,0.0527178198099136,-0.104949153959751,0.429736077785492,0.441280692815781
8.17780017852783,0.429599583148956,0.441186010837555,0.0527285896241665,-0.104984454810619,0.0117588974535465,0.288905143737793,0.0527275092899799,-0.104982674121857,0.0527285896241665,-0.104984454810619,0.429596811532974,0.441187143325806,0.0527282170951366,-0.104982152581215,0.0117607032880187,0.288905411958694,0.0117588974535465,0.288905143737793,0.0527282170951366,-0.104982152581215,0.429598599672318,0.441189885139465,0.0527270697057247,-0.104980304837227,0.0527275092899799,-0.104982674121857,0.0117607032880187,0.288905411958694,0.0527270697057247,-0.104980304837227,0.429594576358795,0.44118994474411
8.17840003967285,0.429457992315292,0.441095501184464,0.0527378097176552,-0.105015605688095,0.0120088141411543,0.288900405168533,0.0527367517352104,-0.105013824999332,0.0527378097176552,-0.105015605688095,0.429455161094666,0.441096574068069,0.052737433463335,-0.10501329600811,0.0120106898248196,0.288900703191757,0.0120088150724769,0.288900434970856,0.052737433463335,-0.10501329600811,0.429456919431686,0.441099375486374,0.0527362860739231,-0.105011455714703,0.0527367517352104,-0.105013824999332,0.0120106898248196,0.288900703191757,0.0527362860739231,-0.105011455714703,0.429452985525131,0.441099435091019
8.17899990081787,0.429316282272339,0.441005229949951,0.0527470149099827,-0.10504674166441,0.0122588677331805,0.288895428180695,0.0527459383010864,-0.105044975876808,0.0527470149099827,-0.10504674166441,0.429313451051712,0.44100633263588,0.052746620029211,-0.105044446885586,0.0122608123347163,0.288895696401596,0.0122588677331805,0.288895428180695,0.052746620029211,-0.105044446885586,0.429315268993378,0.441009104251862,0.0527454949915409,-0.105042591691017,0.0527459383010864,-0.105044975876808,0.0122608123347163,0.288895696401596,0.0527454949915409,-0.105042591691017,0.429311275482178,0.441009163856506
8.17959976196289,0.429174393415451,0.44091522693634,0.0527561940252781,-0.105077892541885,0.0125090591609478,0.288890153169632,0.0527551136910915,-0.105076111853123,0.0527561940252781,-0.105077892541885,0.429171741008759,0.440916359424591,0.0527557954192162,-0.105075590312481,0.0125109348446131,0.288890451192856,0.0125090591609478,0.288890153169632,0.0527557954192162,-0.105075590312481,0.42917338013649,0.440919101238251,0.052754670381546,-0.105073727667332,0.0527551136910915,-0.105076111853123,0.0125109348446131,0.288890451192856,0.052754670381546,-0.105073727667332,0.429169416427612,0.440919160842896
8.18019962310791,0.429032385349274,0.440825462341309,0.0527653358876705,-0.105109035968781,0.0127593157812953,0.28888463973999,0.0527642853558064,-0.105107255280018,0.0527653358876705,-0.105109035968781,0.429029613733292,0.440826624631882,0.0527649633586407,-0.105106726288795,0.0127611923962831,0.288884967565536,0.0127593157812953,0.28888463973999,0.0527649633586407,-0.105106726288795,0.429031431674957,0.440829396247864,0.0527638159692287,-0.105104885995388,0.0527642853558064,-0.105107255280018,0.0127611923962831,0.288884967565536,0.0527638159692287,-0.105104885995388,0.429027408361435,0.440829396247864
8.18080043792725,0.428890317678452,0.440736025571823,0.0527744702994823,-0.105140171945095,0.0130096394568682,0.288878858089447,0.0527733936905861,-0.105138406157494,0.0527744702994823,-0.105140171945095,0.428887605667114,0.440737098455429,0.0527741014957428,-0.105137877166271,0.0130115170031786,0.288879156112671,0.0130096394568682,0.288878858089447,0.0527741014957428,-0.105137877166271,0.428889334201813,0.440739929676056,0.0527729541063309,-0.105136021971703,0.0527733936905861,-0.105138406157494,0.0130115170031786,0.288879156112671,0.0527729541063309,-0.105136021971703,0.428885340690613,0.440739929676056
8.18140029907227,0.428748160600662,0.440646797418594,0.0527835786342621,-0.10517131537199,0.0132600292563438,0.288872808218002,0.0527824983000755,-0.105169542133808,0.0527835786342621,-0.10517131537199,0.428745359182358,0.440647900104523,0.0527832321822643,-0.105169013142586,0.0132619766518474,0.288873106241226,0.0132600292563438,0.288872808218002,0.0527832321822643,-0.105169013142586,0.428747087717056,0.440650671720505,0.0527820587158203,-0.105167157948017,0.0527824983000755,-0.105169542133808,0.0132619766518474,0.288873106241226,0.0527820587158203,-0.105167157948017,0.428743094205856,0.44065073132515
8.18200016021729,0.428605645895004,0.440557837486267,0.0527926757931709,-0.105202458798885,0.013510555960238,0.288866519927979,0.0527915954589844,-0.105200685560703,0.0527926757931709,-0.105202458798885,0.428603023290634,0.440558969974518,0.0527923293411732,-0.1052001491189,0.0135125005617738,0.28886678814888,0.013510555960238,0.288866519927979,0.0527923293411732,-0.1052001491189,0.428604692220688,0.440561711788177,0.0527911558747292,-0.105198301374912,0.0527915954589844,-0.105200685560703,0.0135125005617738,0.28886678814888,0.0527911558747292,-0.105198301374912,0.42860072851181,0.440561801195145
8.1826000213623,0.428463190793991,0.440469175577164,0.0528017617762089,-0.1052335947752,0.0137610780075192,0.288859933614731,0.0528006888926029,-0.105231821537018,0.0528017617762089,-0.1052335947752,0.428460389375687,0.44047024846077,0.0528013929724693,-0.105231285095215,0.0137630235403776,0.288860201835632,0.0137610780075192,0.288859933614731,0.0528013929724693,-0.105231285095215,0.428462237119675,0.440473079681396,0.0528002455830574,-0.105229444801807,0.0528006888926029,-0.105231821537018,0.0137630235403776,0.288860201835632,0.0528002455830574,-0.105229437351227,0.42845818400383,0.440473079681396
8.18319988250732,0.428320586681366,0.440380752086639,0.0528107956051826,-0.105264738202095,0.0140117341652513,0.288853079080582,0.0528097413480282,-0.105262957513332,0.0528107956051826,-0.105264738202095,0.428317874670029,0.440381854772568,0.0528104491531849,-0.10526242852211,0.0140136796981096,0.288853347301483,0.0140117341652513,0.288853079080582,0.0528104491531849,-0.10526242852211,0.428319603204727,0.44038462638855,0.052809301763773,-0.105260565876961,0.0528097413480282,-0.105262957513332,0.0140136796981096,0.288853347301483,0.052809301763773,-0.105260565876961,0.428315579891205,0.44038462638855
8.18379974365234,0.428177803754807,0.440292537212372,0.0528198480606079,-0.10529587417841,0.0142625253647566,0.288845956325531,0.0528187938034534,-0.105294093489647,0.0528198480606079,-0.10529587417841,0.428175032138824,0.440293699502945,0.0528194718062878,-0.105293564498425,0.0142644019797444,0.288846224546432,0.0142625253647566,0.288845956325531,0.0528194718062878,-0.105293564498425,0.428176820278168,0.440296411514282,0.0528183504939079,-0.105291701853275,0.0528187938034534,-0.105294093489647,0.0142644019797444,0.288846224546432,0.0528183504939079,-0.105291701853275,0.428172826766968,0.440296500921249
8.18439960479736,0.42803493142128,0.440204650163651,0.0528288595378399,-0.105326995253563,0.0145133100450039,0.288838565349579,0.0528278090059757,-0.105325222015381,0.0528288595378399,-0.105326995253563,0.428032130002975,0.440205782651901,0.0528284944593906,-0.105324700474739,0.0145152565091848,0.288838863372803,0.0145133100450039,0.288838565349579,0.0528284944593906,-0.105324700474739,0.428033977746964,0.440208524465561,0.0528273694217205,-0.10532284528017,0.0528278090059757,-0.105325222015381,0.0145152565091848,0.288838863372803,0.0528273694217205,-0.10532284528017,0.428029954433441,0.440208584070206
8.1850004196167,0.427891910076141,0.440117001533508,0.0528378486633301,-0.105358146131039,0.0147642306983471,0.288830935955048,0.0528367683291435,-0.105356357991695,0.0528378486633301,-0.105358146131039,0.427889138460159,0.440118134021759,0.0528375022113323,-0.105355821549892,0.0147661762312055,0.288831204175949,0.0147642306983471,0.288830935955048,0.0528375022113323,-0.105355821549892,0.427890956401825,0.440120905637741,0.0528363548219204,-0.105353966355324,0.0528367683291435,-0.105356357991695,0.0147661762312055,0.288831204175949,0.0528363548219204,-0.105353966355324,0.427886962890625,0.440120965242386
8.18560028076172,0.427748769521713,0.440029561519623,0.0528468191623688,-0.105389267206192,0.0150152137503028,0.288823008537292,0.0528457686305046,-0.105387486517429,0.0528468191623688,-0.105389267206192,0.427745997905731,0.440030783414841,0.0528464540839195,-0.105386964976788,0.0150170912966132,0.288823246955872,0.0150152137503028,0.288823008537292,0.0528464540839195,-0.105386964976788,0.42774772644043,0.4400335252285,0.0528453327715397,-0.105385102331638,0.0528457686305046,-0.105387486517429,0.0150170912966132,0.288823246955872,0.0528453327715397,-0.105385102331638,0.427743703126907,0.440033584833145
8.18620014190674,0.427605420351028,0.439942479133606,0.0528557896614075,-0.105420395731926,0.0152662601321936,0.288814812898636,0.0528547130525112,-0.105418615043163,0.0528557896614075,-0.105420395731926,0.427602767944336,0.439943671226501,0.0528553985059261,-0.105418093502522,0.0152681404724717,0.288815081119537,0.0152662601321936,0.288814812898636,0.0528553985059261,-0.105418093502522,0.427604466676712,0.439946383237839,0.0528542771935463,-0.105416230857372,0.0528547130525112,-0.105418615043163,0.0152681404724717,0.288815081119537,0.0528542771935463,-0.105416230857372,0.427600473165512,0.439946472644806
8.18680000305176,0.427462041378021,0.439855635166168,0.0528647042810917,-0.10545152425766,0.0155173726379871,0.2888063788414,0.0528636500239372,-0.105449743568897,0.0528647042810917,-0.10545152425766,0.427459299564362,0.439856827259064,0.0528643354773521,-0.105449222028255,0.0155193191021681,0.288806617259979,0.0155173726379871,0.2888063788414,0.0528643354773521,-0.105449222028255,0.427461087703705,0.439859509468079,0.0528632141649723,-0.105447366833687,0.0528636500239372,-0.105449743568897,0.0155193191021681,0.288806617259979,0.0528632141649723,-0.105447366833687,0.427457094192505,0.439859598875046
8.18739986419678,0.427318543195724,0.439769059419632,0.052873607724905,-0.105482652783394,0.015768613666296,0.288797616958618,0.0528725534677505,-0.105480872094631,0.052873607724905,-0.105482652783394,0.427315771579742,0.439770191907883,0.0528732687234879,-0.105480343103409,0.0157704930752516,0.28879788517952,0.015768613666296,0.288797616958618,0.0528732687234879,-0.105480343103409,0.427317470312119,0.439772933721542,0.0528721436858177,-0.10547848790884,0.0528725795447826,-0.105480872094631,0.0157704930752516,0.28879788517952,0.0528721436858177,-0.10547848790884,0.427313625812531,0.43977302312851
8.1879997253418,0.427174836397171,0.439682751893997,0.0528825297951698,-0.105513781309128,0.0160198509693146,0.288788646459579,0.0528814494609833,-0.105512000620365,0.0528825297951698,-0.105513781309128,0.427172183990479,0.43968391418457,0.0528821386396885,-0.105511479079723,0.0160217992961407,0.288788884878159,0.0160198509693146,0.288788646459579,0.0528821386396885,-0.105511479079723,0.427173882722855,0.439686626195908,0.0528810173273087,-0.105509616434574,0.0528814494609833,-0.105512000620365,0.0160217992961407,0.288788884878159,0.0528810136020184,-0.105509608983994,0.427169889211655,0.439686715602875
8.18859958648682,0.42703104019165,0.439596682786942,0.0528913922607899,-0.105544909834862,0.0162712875753641,0.288779377937317,0.0528903156518936,-0.105543114244938,0.0528913922607899,-0.105544909834862,0.427028298377991,0.439597845077515,0.0528910271823406,-0.105542600154877,0.0162732377648354,0.288779646158218,0.0162712875753641,0.288779377937317,0.0528910271823406,-0.105542600154877,0.427030116319656,0.439600586891174,0.0528899058699608,-0.105540737509727,0.0528903156518936,-0.105543114244938,0.0162732377648354,0.288779646158218,0.0528899058699608,-0.105540737509727,0.427026122808456,0.439600676298141
8.18920040130615,0.426887214183807,0.43951091170311,0.0529002472758293,-0.105576030910015,0.0165227185934782,0.288769841194153,0.0528991706669331,-0.105574242770672,0.0529002472758293,-0.105576030910015,0.426884382963181,0.439512073993683,0.0528998821973801,-0.10557372123003,0.0165246669203043,0.288770079612732,0.0165227185934782,0.288769841194153,0.0528998821973801,-0.10557372123003,0.426886141300201,0.439514815807343,0.0528987608850002,-0.105571858584881,0.0528991706669331,-0.105574242770672,0.0165246687829494,0.288770109415054,0.0528987608850002,-0.105571858584881,0.426882207393646,0.43951490521431
8.18980026245117,0.426743119955063,0.439425349235535,0.0529090724885464,-0.105607151985168,0.0167742799967527,0.288760006427765,0.0529080219566822,-0.105605371296406,0.0529090724885464,-0.105607151985168,0.426740407943726,0.439426571130753,0.0529087036848068,-0.105604842305183,0.0167762283235788,0.288760304450989,0.0167742799967527,0.288760006427765,0.0529087036848068,-0.105604842305183,0.426742166280746,0.43942928314209,0.052907582372427,-0.105602979660034,0.0529080219566822,-0.105605363845825,0.0167762283235788,0.288760304450989,0.052907582372427,-0.105602972209454,0.426738202571869,0.439429402351379
8.19040012359619,0.426598876714706,0.439340084791183,0.0529178902506828,-0.105638265609741,0.0170258339494467,0.288749933242798,0.0529168136417866,-0.105636484920979,0.0529178902506828,-0.105638265609741,0.426596254110336,0.439341276884079,0.0529175214469433,-0.105635970830917,0.0170277822762728,0.288750171661377,0.0170258339494467,0.288749933242798,0.0529175214469433,-0.105635970830917,0.426597982645035,0.439344018697739,0.0529163964092731,-0.105634093284607,0.0529168136417866,-0.105636484920979,0.0170277822762728,0.288750171661377,0.0529163964092731,-0.105634093284607,0.426593989133835,0.439344137907028
8.19099998474121,0.426454663276672,0.439255118370056,0.0529266744852066,-0.105669386684895,0.0172775853425264,0.288739591836929,0.0529256202280521,-0.105667598545551,0.0529266744852066,-0.105669386684895,0.426451951265335,0.439256340265274,0.0529263354837894,-0.10566708445549,0.017279464751482,0.288739860057831,0.0172775853425264,0.288739591836929,0.0529263354837894,-0.10566708445549,0.426453739404678,0.439259022474289,0.0529252104461193,-0.10566521435976,0.0529256202280521,-0.105667598545551,0.0172794666141272,0.288739889860153,0.0529252104461193,-0.10566521435976,0.426449716091156,0.439259111881256
8.19159984588623,0.426310241222382,0.439170449972153,0.0529354475438595,-0.105700507760048,0.0175293311476707,0.288728982210159,0.0529343709349632,-0.105698719620705,0.0529354475438595,-0.105700507760048,0.4263074696064,0.439171612262726,0.0529350824654102,-0.105698205530643,0.0175312794744968,0.288729220628738,0.0175293311476707,0.288728982210159,0.0529350824654102,-0.105698205530643,0.426309287548065,0.439174324274063,0.0529339872300625,-0.105696327984333,0.0529343709349632,-0.105698719620705,0.0175312794744968,0.288729220628738,0.0529339872300625,-0.105696327984333,0.426305294036865,0.43917441368103
8.19219970703125,0.426165759563446,0.439085960388184,0.0529441870748997,-0.105731621384621,0.0177811365574598,0.288718074560165,0.0529431365430355,-0.105729833245277,0.0529441870748997,-0.105731621384621,0.426162898540497,0.439087122678757,0.0529438257217407,-0.105729311704636,0.0177830848842859,0.288718342781067,0.0177811365574598,0.288718074560165,0.0529438257217407,-0.105729311704636,0.42616468667984,0.439089834690094,0.0529427044093609,-0.105727449059486,0.0529431365430355,-0.105729833245277,0.0177830848842859,0.288718342781067,0.0529427044093609,-0.105727449059486,0.426160722970963,0.439089953899384
8.19279956817627,0.426021069288254,0.439001768827438,0.0529529266059399,-0.105762727558613,0.0180330704897642,0.288706928491592,0.0529518723487854,-0.10576093941927,0.0529529266059399,-0.105762727558613,0.426018297672272,0.439002931118011,0.0529525876045227,-0.105760425329208,0.0180350206792355,0.288707137107849,0.0180330704897642,0.288706928491592,0.0529525876045227,-0.105760425329208,0.426019996404648,0.439005643129349,0.0529514662921429,-0.105758562684059,0.0529518723487854,-0.10576093941927,0.0180350206792355,0.288707137107849,0.0529514662921429,-0.105758562684059,0.426016002893448,0.439005762338638
8.19340038299561,0.42587623000145,0.438917845487595,0.0529616326093674,-0.105793856084347,0.0182850621640682,0.288695484399796,0.0529605783522129,-0.105792067945004,0.0529616326093674,-0.105793856084347,0.42587348818779,0.438919007778168,0.0529612936079502,-0.105791546404362,0.0182869434356689,0.288695722818375,0.0182850621640682,0.288695484399796,0.0529612936079502,-0.105791546404362,0.425875276327133,0.438921719789505,0.0529601685702801,-0.105789668858051,0.0529605783522129,-0.105792067945004,0.0182869434356689,0.288695722818375,0.0529601685702801,-0.105789668858051,0.425871223211288,0.438921868801117
8.19400024414063,0.425731331110001,0.438834220170975,0.0529703237116337,-0.105824962258339,0.0185371171683073,0.288683772087097,0.0529692694544792,-0.105823174118996,0.0529703237116337,-0.105824962258339,0.425728589296341,0.438835382461548,0.0529699884355068,-0.105822652578354,0.0185390673577785,0.288684010505676,0.0185371171683073,0.288683772087097,0.0529699884355068,-0.105822652578354,0.425730377435684,0.438838094472885,0.0529688633978367,-0.105820789933205,0.0529692694544792,-0.105823174118996,0.0185390673577785,0.288684010505676,0.0529688633978367,-0.105820782482624,0.425726413726807,0.438838213682175
8.19460010528564,0.425586223602295,0.438750803470612,0.0529789887368679,-0.105856075882912,0.018789229914546,0.288671791553497,0.0529779344797134,-0.105854287743568,0.0529789887368679,-0.105856075882912,0.425583571195602,0.438751995563507,0.0529786497354507,-0.105853766202927,0.0187911801040173,0.288672029972076,0.018789229914546,0.288671791553497,0.0529786497354507,-0.105853766202927,0.425585329532623,0.438754707574844,0.0529775246977806,-0.105851888656616,0.0529779344797134,-0.105854287743568,0.0187911801040173,0.288672029972076,0.0529775246977806,-0.105851888656616,0.425581365823746,0.438754856586456
8.19519996643066,0.425441086292267,0.438667684793472,0.0529876425862312,-0.105887182056904,0.0190415401011705,0.288659542798996,0.0529865883290768,-0.105885393917561,0.0529876425862312,-0.105887182056904,0.42543837428093,0.438668876886368,0.0529873073101044,-0.105884872376919,0.0190433524549007,0.288659781217575,0.0190415401011705,0.288659542798996,0.0529873073101044,-0.105884872376919,0.42544013261795,0.438671588897705,0.0529861822724342,-0.10588300973177,0.0529865883290768,-0.105885393917561,0.0190433524549007,0.288659781217575,0.0529861822724342,-0.10588300973177,0.425436198711395,0.438671708106995
8.19579982757568,0.425295799970627,0.438584804534912,0.0529962629079819,-0.105918295681477,0.0192937701940536,0.288647025823593,0.0529952347278595,-0.105916492640972,0.0529962629079819,-0.105918295681477,0.425293117761612,0.438586056232452,0.0529959313571453,-0.105915986001492,0.0192957203835249,0.28864723443985,0.0192937701940536,0.288647025823593,0.0529959313571453,-0.105915986001492,0.425294876098633,0.43858876824379,0.0529948063194752,-0.105914115905762,0.0529952347278595,-0.105916492640972,0.0192957203835249,0.28864723443985,0.0529948063194752,-0.105914115905762,0.425290942192078,0.438588887453079
8.1963996887207,0.42515042424202,0.438502222299576,0.0530048795044422,-0.105949401855469,0.0195461269468069,0.288634181022644,0.0530038252472878,-0.105947613716125,0.0530048795044422,-0.105949401855469,0.425147712230682,0.438503473997116,0.0530045442283154,-0.105947084724903,0.0195480771362782,0.288634449243546,0.0195461269468069,0.288634181022644,0.0530045442283154,-0.105947084724903,0.425149500370026,0.438506186008453,0.0530034191906452,-0.105945214629173,0.0530038252472878,-0.105947613716125,0.0195480771362782,0.288634449243546,0.0530034191906452,-0.105945214629173,0.425145417451859,0.438506335020065
8.19699954986572,0.425004929304123,0.438419997692108,0.053013488650322,-0.10598050057888,0.0197985451668501,0.288621157407761,0.0530124045908451,-0.105978712439537,0.053013488650322,-0.10598050057888,0.425002217292786,0.438421159982681,0.0530131533741951,-0.105978190898895,0.0198004934936762,0.288621366024017,0.0197985451668501,0.288621157407761,0.0530131533741951,-0.105978190898895,0.425003975629807,0.438423842191696,0.053012028336525,-0.105976320803165,0.0530124045908451,-0.105978712439537,0.0198004934936762,0.288621366024017,0.053012028336525,-0.105976320803165,0.424999952316284,0.438424050807953
8.19760036468506,0.424859315156937,0.438337951898575,0.0530220344662666,-0.106011614203453,0.020051084458828,0.288607776165009,0.0530210062861443,-0.106009811162949,0.0530220344662666,-0.106011614203453,0.424856573343277,0.43833914399147,0.0530216991901398,-0.106009297072887,0.0200530365109444,0.288607984781265,0.020051084458828,0.288607776165009,0.0530216991901398,-0.106009297072887,0.424858391284943,0.438341856002808,0.0530205741524696,-0.106007419526577,0.0530210062861443,-0.106009811162949,0.0200530365109444,0.288607984781265,0.0530205741524696,-0.106007419526577,0.424854308366776,0.43834200501442
8.19820022583008,0.424713581800461,0.438256144523621,0.0530305728316307,-0.106042705476284,0.0203036163002253,0.288594156503677,0.0530295446515083,-0.106040917336941,0.0530305728316307,-0.106042705476284,0.424710839986801,0.438257336616516,0.0530302412807941,-0.106040395796299,0.0203055646270514,0.288594394922256,0.0203036163002253,0.288594156503677,0.0530302412807941,-0.106040395796299,0.4247125685215,0.438260108232498,0.0530291423201561,-0.106038518249989,0.0530295446515083,-0.106040917336941,0.0203055646270514,0.288594394922256,0.0530291423201561,-0.106038518249989,0.4247085750103,0.43826025724411
8.1988000869751,0.424567729234695,0.438174694776535,0.0530391074717045,-0.106073804199696,0.0205562710762024,0.288580238819122,0.0530380792915821,-0.106072016060352,0.0530391074717045,-0.106073804199696,0.424564868211746,0.438175886869431,0.0530387721955776,-0.106071494519711,0.0205582212656736,0.288580477237701,0.0205562710762024,0.288580238819122,0.0530387721955776,-0.106071494519711,0.424566715955734,0.438178539276123,0.0530376769602299,-0.1060696169734,0.0530380792915821,-0.106072016060352,0.0205582212656736,0.288580477237701,0.0530376769602299,-0.1060696169734,0.424562722444534,0.43817874789238
8.19939994812012,0.424421638250351,0.438093453645706,0.0530476346611977,-0.106104910373688,0.020808981731534,0.288566082715988,0.0530465766787529,-0.106103107333183,0.0530476346611977,-0.106104910373688,0.424418926239014,0.438094615936279,0.0530472993850708,-0.106102585792542,0.0208109356462955,0.288566291332245,0.020808981731534,0.288566082715988,0.0530472993850708,-0.106102585792542,0.424420744180679,0.438097357749939,0.0530461743474007,-0.106100715696812,0.0530465766787529,-0.106103107333183,0.0208109356462955,0.288566291332245,0.0530461743474007,-0.106100715696812,0.424416810274124,0.438097506761551
8.19999980926514,0.424275547266006,0.438012450933456,0.0530561022460461,-0.106136001646519,0.0210618190467358,0.28855162858963,0.0530550703406334,-0.106134206056595,0.0530561022460461,-0.106136001646519,0.424272865056992,0.438013732433319,0.0530557669699192,-0.106133691966534,0.0210637040436268,0.288551837205887,0.0210618190467358,0.28855162858963,0.0530557669699192,-0.106133691966534,0.424274623394012,0.438016384840012,0.0530546680092812,-0.106131814420223,0.0530550703406334,-0.106134206056595,0.0210637729614973,0.288551837205887,0.0530546680092812,-0.106131814420223,0.42427060008049,0.438016593456268
8.20059967041016,0.424129247665405,0.437931805849075,0.0530645623803139,-0.10616710036993,0.0213146451860666,0.288536936044693,0.0530635342001915,-0.106165304780006,0.0530645623803139,-0.10616710036993,0.424126595258713,0.437933027744293,0.0530642531812191,-0.106164790689945,0.0213165264576674,0.288537114858627,0.0213146451860666,0.288536936044693,0.0530642531812191,-0.106164790689945,0.424128353595734,0.437935709953308,0.0530631542205811,-0.106162913143635,0.0530635342001915,-0.106165304780006,0.0213165264576674,0.288537114858627,0.0530631542205811,-0.106162913143635,0.424124330282211,0.437935948371887
8.20119953155518,0.423982977867126,0.437851399183273,0.0530730374157429,-0.106198184192181,0.0215675942599773,0.288521885871887,0.0530719831585884,-0.106196396052837,0.0530730374157429,-0.106198184192181,0.423980206251144,0.437852650880814,0.0530727058649063,-0.106195881962776,0.0215695444494486,0.288522094488144,0.0215675942599773,0.288521885871887,0.0530727058649063,-0.106195881962776,0.423981964588165,0.437855303287506,0.0530716106295586,-0.106194004416466,0.0530719831585884,-0.106196396052837,0.0215695444494486,0.288522094488144,0.0530716106295586,-0.106194004416466,0.42397803068161,0.437855452299118
8.20180034637451,0.423836469650269,0.437771290540695,0.0530814602971077,-0.106229290366173,0.0218205992132425,0.288506627082825,0.053080428391695,-0.106227479875088,0.0530814602971077,-0.106229290366173,0.423833787441254,0.437772542238235,0.0530811250209808,-0.106226973235607,0.0218224786221981,0.288506805896759,0.0218205992132425,0.288506627082825,0.0530811250209808,-0.106226973235607,0.423835545778275,0.437775164842606,0.0530800260603428,-0.106225088238716,0.053080428391695,-0.106227479875088,0.0218224786221981,0.288506805896759,0.0530800260603428,-0.106225088238716,0.423831522464752,0.43777534365654
8.20240020751953,0.423689961433411,0.437691420316696,0.0530898682773113,-0.106260374188423,0.0220735892653465,0.288491070270538,0.0530888140201569,-0.106258571147919,0.0530898682773113,-0.106260374188423,0.423687130212784,0.437692612409592,0.0530895404517651,-0.106258064508438,0.0220755394548178,0.288491278886795,0.0220735892653465,0.288491070270538,0.0530895404517651,-0.106258064508438,0.423688948154449,0.437695324420929,0.0530884377658367,-0.106256186962128,0.0530888177454472,-0.106258578598499,0.0220755394548178,0.288491278886795,0.0530884377658367,-0.106256186962128,0.423684895038605,0.437695503234863
8.20300006866455,0.423543214797974,0.437611818313599,0.053098276257515,-0.106291465461254,0.0223267674446106,0.288475215435028,0.0530972182750702,-0.10628966242075,0.053098276257515,-0.106291465461254,0.423540383577347,0.437613040208817,0.0530979447066784,-0.106289148330688,0.0223286543041468,0.288475394248962,0.0223267711699009,0.28847524523735,0.0530979447066784,-0.106289148330688,0.423542320728302,0.437615722417831,0.0530968196690083,-0.106287278234959,0.0530972182750702,-0.10628966242075,0.0223286543041468,0.288475394248962,0.0530968196690083,-0.106287278234959,0.423538267612457,0.437615901231766
8.20359992980957,0.423396348953247,0.437532484531403,0.0531066209077835,-0.106322556734085,0.0225799363106489,0.288459122180939,0.0531055629253387,-0.106320753693581,0.0531066209077835,-0.106322556734085,0.423393696546555,0.437533766031265,0.0531063117086887,-0.106320232152939,0.0225818902254105,0.288459300994873,0.0225799363106489,0.288459122180939,0.053106315433979,-0.106320239603519,0.423395454883575,0.437536418437958,0.0531051866710186,-0.106318362057209,0.0531055629253387,-0.106320753693581,0.0225818902254105,0.288459300994873,0.0531051866710186,-0.106318347156048,0.423391431570053,0.437536597251892
8.20419979095459,0.423249423503876,0.43745344877243,0.0531149543821812,-0.106353640556335,0.0228332951664925,0.288442701101303,0.0531139262020588,-0.106351837515831,0.0531149543821812,-0.106353640556335,0.423246711492538,0.437454700469971,0.053114652633667,-0.10635132342577,0.0228351783007383,0.28844290971756,0.0228332951664925,0.288442701101303,0.053114652633667,-0.10635132342577,0.423248499631882,0.437457382678986,0.0531135536730289,-0.106349445879459,0.0531139262020588,-0.106351837515831,0.0228351783007383,0.28844290971756,0.0531135536730289,-0.106349445879459,0.423244506120682,0.437457591295242
8.20479965209961,0.423102468252182,0.437374711036682,0.0531233139336109,-0.106384731829166,0.0230865702033043,0.288426071405411,0.0531222559511662,-0.106382928788662,0.0531233139336109,-0.106384731829166,0.423099666833878,0.437375962734222,0.0531229823827744,-0.10638240724802,0.0230885222554207,0.288426250219345,0.0230865720659494,0.288426101207733,0.0531229823827744,-0.10638240724802,0.423101454973221,0.437378615140915,0.0531218610703945,-0.10638053715229,0.0531222559511662,-0.106382928788662,0.0230885222554207,0.288426250219345,0.0531218610703945,-0.10638053715229,0.423097372055054,0.437378793954849
8.20540046691895,0.422955185174942,0.437296211719513,0.0531316101551056,-0.106415808200836,0.0233399663120508,0.288409113883972,0.0531305782496929,-0.106414005160332,0.0531316101551056,-0.106415808200836,0.422952502965927,0.437297403812408,0.0531312823295593,-0.106413505971432,0.0233419183641672,0.288409292697906,0.0233399663120508,0.288409113883972,0.0531312823295593,-0.106413505971432,0.42295429110527,0.437300145626068,0.053130179643631,-0.10641160607338,0.0531305782496929,-0.106414005160332,0.0233419183641672,0.288409292697906,0.053130179643631,-0.10641160607338,0.422950267791748,0.43730029463768
8.20600032806396,0.422807991504669,0.437217980623245,0.0531398989260197,-0.106446884572506,0.0235934164375067,0.288391888141632,0.053138867020607,-0.106445081532001,0.0531398989260197,-0.106446884572506,0.422805219888687,0.437219202518463,0.0531395711004734,-0.106444574892521,0.0235953684896231,0.288392066955566,0.0235934164375067,0.288391888141632,0.0531395711004734,-0.106444574892521,0.42280700802803,0.4372219145298,0.0531384721398354,-0.10644269734621,0.053138867020607,-0.106445081532001,0.0235953684896231,0.288392066955566,0.0531384684145451,-0.10644268989563,0.422803074121475,0.437222063541412
8.20660018920898,0.422660499811172,0.437139987945557,0.0531481802463531,-0.106477968394756,0.0238469876348972,0.288374394178391,0.0531471259891987,-0.106476165354252,0.0531481802463531,-0.106477968394756,0.422657817602158,0.437141269445419,0.0531478524208069,-0.106475651264191,0.0238489396870136,0.288374572992325,0.0238469876348972,0.288374394178391,0.0531478524208069,-0.106475658714771,0.422659665346146,0.437143981456757,0.0531467236578465,-0.1064737662673,0.0531471259891987,-0.106476165354252,0.0238489396870136,0.288374572992325,0.0531467236578465,-0.1064737662673,0.422655582427979,0.437144130468369
8.207200050354,0.422513008117676,0.437062352895737,0.0531564019620419,-0.106509037315845,0.0241005402058363,0.288356602191925,0.0531553775072098,-0.106507241725922,0.0531564019620419,-0.106509037315845,0.422510385513306,0.437063664197922,0.0531561002135277,-0.10650672763586,0.0241024922579527,0.288356781005859,0.0241005402058363,0.288356602191925,0.0531560741364956,-0.106506735086441,0.422512143850327,0.437066286802292,0.0531550012528896,-0.10650485008955,0.0531553775072098,-0.106507241725922,0.0241024922579527,0.288356781005859,0.0531550012528896,-0.10650485008955,0.422508090734482,0.437066465616226
8.20779991149902,0.422365456819534,0.436984986066818,0.0531646497547626,-0.106540121138096,0.0243542157113552,0.288338541984558,0.0531635917723179,-0.106538318097591,0.0531646497547626,-0.106540121138096,0.422362685203552,0.436986207962036,0.0531643442809582,-0.10653780400753,0.0243561677634716,0.288338720798492,0.0243542157113552,0.288338541984558,0.0531643442809582,-0.10653780400753,0.422364562749863,0.436988890171051,0.053163219243288,-0.106535919010639,0.0531635917723179,-0.106538318097591,0.0243561677634716,0.288338720798492,0.053163219243288,-0.106535919010639,0.422360569238663,0.436989098787308
8.20839977264404,0.422217637300491,0.436907887458801,0.0531728528439999,-0.106571197509766,0.0246080104261637,0.28832021355629,0.0531717985868454,-0.106569394469261,0.0531728528439999,-0.106571197509766,0.422214955091476,0.436909109354019,0.0531725510954857,-0.106568887829781,0.0246099606156349,0.288320362567902,0.0246080104261637,0.28832021355629,0.0531725510954857,-0.106568887829781,0.422216862440109,0.436911761760712,0.0531714260578156,-0.106566995382309,0.0531717985868454,-0.106569394469261,0.0246099606156349,0.288320362567902,0.0531714260578156,-0.106566995382309,0.42221274971962,0.436911970376968
8.20899963378906,0.422069817781448,0.436831027269363,0.053181029856205,-0.106602273881435,0.0248617865145206,0.288301587104797,0.0531799979507923,-0.106600470840931,0.053181029856205,-0.106602273881435,0.422067165374756,0.436832278966904,0.0531807281076908,-0.106599949300289,0.0248637367039919,0.288301736116409,0.0248617865145206,0.288301587104797,0.0531807281076908,-0.106599949300289,0.422068953514099,0.436834901571274,0.0531796291470528,-0.106598064303398,0.0531799979507923,-0.106600470840931,0.0248637367039919,0.288301736116409,0.0531796291470528,-0.106598064303398,0.422064930200577,0.436835110187531
8.2096004486084,0.421921968460083,0.436754465103149,0.053189218044281,-0.106633335351944,0.0251156836748123,0.288282662630081,0.0531881898641586,-0.106631524860859,0.053189218044281,-0.106633335351944,0.421919167041779,0.43675571680069,0.0531888902187347,-0.106631025671959,0.0251176338642836,0.288282841444016,0.0251156836748123,0.288282662630081,0.0531888902187347,-0.106631025671959,0.421920925378799,0.436758369207382,0.0531877912580967,-0.106629140675068,0.0531881898641586,-0.106631524860859,0.0251176338642836,0.288282841444016,0.0531877912580967,-0.106629140675068,0.421917021274567,0.436758577823639
8.21020030975342,0.421773791313171,0.436678111553192,0.0531973540782928,-0.106664411723614,0.0253695603460073,0.288263499736786,0.0531963258981705,-0.106662601232529,0.0531973540782928,-0.106664411723614,0.421771049499512,0.436679422855377,0.0531970262527466,-0.106662102043629,0.0253715123981237,0.288263648748398,0.0253695603460073,0.288263499736786,0.0531970262527466,-0.106662102043629,0.421772956848145,0.436682105064392,0.0531959570944309,-0.106660209596157,0.0531963258981705,-0.106662601232529,0.0253715123981237,0.288263648748398,0.0531959570944309,-0.106660209596157,0.421768873929977,0.436682254076004
8.21080017089844,0.421625703573227,0.436602145433426,0.0532054789364338,-0.106695488095284,0.0256235543638468,0.288244038820267,0.0532044544816017,-0.106693677604198,0.0532054789364338,-0.106695488095284,0.421622902154922,0.436603397130966,0.0532051548361778,-0.106693170964718,0.0256255101412535,0.288244187831879,0.0256235543638468,0.288244038820267,0.0532051548361778,-0.106693170964718,0.421624779701233,0.436606019735336,0.0532040819525719,-0.106691278517246,0.0532044544816017,-0.106693677604198,0.0256255101412535,0.288244187831879,0.0532040819525719,-0.106691278517246,0.421620696783066,0.436606287956238
8.21140003204346,0.421477407217026,0.436526447534561,0.0532135963439941,-0.106726549565792,0.0258776023983955,0.288224279880524,0.0532125718891621,-0.106724746525288,0.0532135963439941,-0.106726549565792,0.421474605798721,0.436527699232101,0.0532132722437382,-0.106724232435226,0.0258795563131571,0.288224458694458,0.0258776023983955,0.288224279880524,0.0532132722437382,-0.106724232435226,0.421476483345032,0.436530292034149,0.0532121993601322,-0.106722332537174,0.0532125718891621,-0.106724746525288,0.0258795563131571,0.288224458694458,0.0532121993601322,-0.106722332537174,0.421472489833832,0.436530530452728
8.21199989318848,0.42132905125618,0.436450958251953,0.0532216839492321,-0.106757618486881,0.0261317659169436,0.288204252719879,0.0532206296920776,-0.106755807995796,0.0532216839492321,-0.106757618486881,0.421326279640198,0.436452209949493,0.0532213822007179,-0.106755293905735,0.0261337161064148,0.288204371929169,0.0261317659169436,0.288204252719879,0.0532213822007179,-0.106755293905735,0.421328067779541,0.436454832553864,0.0532202571630478,-0.106753401458263,0.0532206296920776,-0.106755807995796,0.0261337161064148,0.288204371929169,0.0532202571630478,-0.106753401458263,0.421324074268341,0.436455130577087
8.2125997543335,0.4211805164814,0.436375766992569,0.0532297603785992,-0.10678867995739,0.0263858400285244,0.288183957338333,0.0532287321984768,-0.106786862015724,0.0532297603785992,-0.10678867995739,0.421177744865417,0.436377048492432,0.0532294362783432,-0.106786347925663,0.0263877958059311,0.288184106349945,0.0263858400285244,0.288183957338333,0.0532294362783432,-0.106786347925663,0.421179503202438,0.436379671096802,0.0532283596694469,-0.106784470379353,0.0532287321984768,-0.106786862015724,0.0263877958059311,0.288184106349945,0.0532283596694469,-0.106784470379353,0.421175539493561,0.436379909515381
8.21319961547852,0.421031922101974,0.436300903558731,0.0532378032803535,-0.106819741427898,0.026640173047781,0.288163393735886,0.0532367751002312,-0.106817930936813,0.0532378032803535,-0.106819741427898,0.42102912068367,0.436302155256271,0.0532374829053879,-0.106817424297333,0.0266420543193817,0.288163483142853,0.026640173047781,0.288163393735886,0.0532374829053879,-0.106817424297333,0.421030938625336,0.436304777860641,0.0532364062964916,-0.106815524399281,0.0532367751002312,-0.106817930936813,0.0266420543193817,0.288163483142853,0.0532364062964916,-0.106815524399281,0.421026915311813,0.436305046081543
8.21380043029785,0.420883178710938,0.43622624874115,0.0532458424568176,-0.106850795447826,0.0268944092094898,0.288142472505569,0.053244810551405,-0.106848984956741,0.0532458424568176,-0.106850795447826,0.420880436897278,0.436227560043335,0.0532455146312714,-0.10684847086668,0.0268963668495417,0.288142651319504,0.0268944092094898,0.288142472505569,0.0532455146312714,-0.10684847086668,0.420882195234299,0.436230152845383,0.0532444454729557,-0.106846585869789,0.053244810551405,-0.106848984956741,0.0268963668495417,0.288142651319504,0.0532444454729557,-0.106846585869789,0.420878201723099,0.436230391263962
8.21440029144287,0.420734345912933,0.436151891946793,0.0532538183033466,-0.106881856918335,0.0271487701684237,0.288121342658997,0.053252786397934,-0.10688004642725,0.0532538183033466,-0.106881856918335,0.420731574296951,0.436153203248978,0.0532535500824451,-0.106879539787769,0.02715072222054,0.288121461868286,0.0271487701684237,0.288121342658997,0.0532535500824451,-0.106879539787769,0.420733332633972,0.436155796051025,0.0532524213194847,-0.106877647340298,0.053252786397934,-0.10688004642725,0.02715072222054,0.288121461868286,0.0532524213194847,-0.106877647340298,0.420729368925095,0.436156034469604
8.21500015258789,0.42058539390564,0.436077803373337,0.0532618090510368,-0.106912918388844,0.0274031739681959,0.288099884986877,0.0532608106732368,-0.106911100447178,0.0532618090510368,-0.106912918388844,0.420582681894302,0.436079174280167,0.0532615184783936,-0.106910593807697,0.0274051278829575,0.288100033998489,0.0274031739681959,0.288099884986877,0.0532615184783936,-0.106910593807697,0.420584440231323,0.436081767082214,0.0532604418694973,-0.106908701360226,0.0532608106732368,-0.106911100447178,0.0274051278829575,0.288100033998489,0.0532604418694973,-0.106908701360226,0.420580446720123,0.436082005500793
8.21560001373291,0.420436382293701,0.436004042625427,0.0532698035240173,-0.106943972408772,0.0276576951146126,0.288078159093857,0.0532687716186047,-0.106942161917686,0.0532698035240173,-0.106943972408772,0.420433640480042,0.436005353927612,0.0532694794237614,-0.106941655278206,0.027659647166729,0.288078278303146,0.0276576951146126,0.288078159093857,0.0532694794237614,-0.106941655278206,0.420435398817062,0.436007976531982,0.0532684028148651,-0.106939755380154,0.0532687716186047,-0.106942161917686,0.027659647166729,0.288078278303146,0.0532684028148651,-0.106939755380154,0.420431435108185,0.436008214950562
8.21619987487793,0.420287162065506,0.435930579900742,0.0532777309417725,-0.10697503387928,0.0279121957719326,0.288056164979935,0.0532767251133919,-0.106973208487034,0.0532777309417725,-0.10697503387928,0.420284390449524,0.435931801795959,0.0532774329185486,-0.106972701847553,0.027914147824049,0.288056284189224,0.0279121957719326,0.288056164979935,0.0532774329185486,-0.106972701847553,0.420286267995834,0.435934454202652,0.0532763563096523,-0.10697079449892,0.0532767251133919,-0.106973208487034,0.027914147824049,0.288056284189224,0.0532763563096523,-0.10697079449892,0.42028221487999,0.435934722423553
8.21679973602295,0.420137912034988,0.435857325792313,0.053285650908947,-0.107006072998047,0.0281668063253164,0.288033843040466,0.0532846450805664,-0.107004255056381,0.053285650908947,-0.107006072998047,0.420135200023651,0.435858577489853,0.0532853789627552,-0.107003748416901,0.0281687621027231,0.288033992052078,0.0281668063253164,0.288033843040466,0.0532853789627552,-0.107003748416901,0.420137047767639,0.435861229896545,0.0532842800021172,-0.107001855969429,0.0532846450805664,-0.107004255056381,0.0281687621027231,0.288033992052078,0.0532842800021172,-0.107001855969429,0.420132964849472,0.435861498117447
8.21739959716797,0.419988512992859,0.435784369707108,0.0532935857772827,-0.107037119567394,0.0284213982522488,0.288011312484741,0.0532925613224506,-0.107035309076309,0.0532935857772827,-0.107037119567394,0.419985771179199,0.435785681009293,0.0532932691276073,-0.107034794986248,0.0284234210848808,0.288011431694031,0.0284213982522488,0.288011312484741,0.0532932691276073,-0.107034794986248,0.419987678527832,0.435788303613663,0.0532921962440014,-0.107032909989357,0.0532925613224506,-0.107035309076309,0.0284234210848808,0.288011431694031,0.0532921962440014,-0.107032909989357,0.41998365521431,0.435788542032242
8.2180004119873,0.419839084148407,0.435711711645126,0.0533014722168446,-0.107068166136742,0.0286761056631804,0.28798845410347,0.0533004365861416,-0.107066355645657,0.0533014722168446,-0.107068166136742,0.41983637213707,0.435713052749634,0.0533011741936207,-0.107065849006176,0.0286780595779419,0.287988543510437,0.0286761056631804,0.28798845410347,0.0533011741936207,-0.107065849006176,0.419838219881058,0.435715615749359,0.0533000715076923,-0.107063949108124,0.0533004365861416,-0.107066355645657,0.0286780595779419,0.287988543510437,0.0533000715076923,-0.107063949108124,0.419834136962891,0.435715883970261
8.21860027313232,0.419689565896988,0.435639292001724,0.0533093400299549,-0.107099212706089,0.0289309248328209,0.287965297698975,0.0533083118498325,-0.107097394764423,0.0533093400299549,-0.107099212706089,0.419686704874039,0.435640633106232,0.0533090457320213,-0.107096888124943,0.0289328768849373,0.287965416908264,0.0289309248328209,0.287965297698975,0.0533090457320213,-0.107096888124943,0.419688612222672,0.435643225908279,0.0533079467713833,-0.107094995677471,0.0533083118498325,-0.107097394764423,0.0289328768849373,0.287965416908264,0.0533079467713833,-0.107094995677471,0.419684648513794,0.435643523931503
8.21920013427734,0.419539839029312,0.435567229986191,0.053317204117775,-0.107130259275436,0.0291857197880745,0.287941873073578,0.0533161759376526,-0.107128448784351,0.053317204117775,-0.107130259275436,0.419537007808685,0.435568571090698,0.0533168874680996,-0.10712793469429,0.0291876718401909,0.287941962480545,0.0291857197880745,0.287941873073578,0.0533168874680996,-0.10712793469429,0.419539004564285,0.435571134090424,0.0533158108592033,-0.107126034796238,0.0533161759376526,-0.107128448784351,0.0291876755654812,0.287941992282867,0.0533158108592033,-0.107126034796238,0.419534891843796,0.435571402311325
8.21979999542236,0.419390082359314,0.435495376586914,0.0533250123262405,-0.107161298394203,0.0294406302273273,0.28791818022728,0.0533239804208279,-0.107159487903118,0.0533250123262405,-0.107161298394203,0.419387310743332,0.435496717691422,0.0533247403800488,-0.107158973813057,0.0294425822794437,0.287918269634247,0.0294406302273273,0.28791818022728,0.0533247403800488,-0.107158973813057,0.419389188289642,0.435499310493469,0.0533236414194107,-0.107157081365585,0.0533239804208279,-0.107159487903118,0.0294425822794437,0.287918269634247,0.0533236414194107,-0.107157081365585,0.419385105371475,0.435499548912048
8.22039985656738,0.419240146875381,0.435423880815506,0.0533328056335449,-0.107192344963551,0.0296955145895481,0.287894189357758,0.0533317998051643,-0.107190527021885,0.0533328093588352,-0.107192352414131,0.419237405061722,0.435425162315369,0.0533325374126434,-0.107190020382404,0.0296974666416645,0.287894278764725,0.0296955145895481,0.287894189357758,0.0533325374126434,-0.107190020382404,0.419239282608032,0.435427755117416,0.0533314645290375,-0.107188120484352,0.0533317998051643,-0.107190527021885,0.0296974666416645,0.287894278764725,0.0533314645290375,-0.107188120484352,0.419235229492188,0.43542805314064
8.2209997177124,0.419090121984482,0.435352563858032,0.0533406212925911,-0.107223376631737,0.0299505107104778,0.287869900465012,0.0533395931124687,-0.107221566140652,0.0533406212925911,-0.107223376631737,0.419087380170822,0.43535390496254,0.0533403269946575,-0.107221059501171,0.0299524627625942,0.287869989871979,0.0299505107104778,0.287869900465012,0.0533403269946575,-0.107221059501171,0.419089317321777,0.43535652756691,0.0533392578363419,-0.107219167053699,0.0533395931124687,-0.107221566140652,0.0299524627625942,0.287869989871979,0.0533392578363419,-0.107219167053699,0.419085323810577,0.435356765985489
8.22159957885742,0.418940156698227,0.435281574726105,0.0533483773469925,-0.107254415750504,0.0302055533975363,0.287845343351364,0.0533473491668701,-0.107252597808838,0.0533483773469925,-0.107254415750504,0.4189373254776,0.435282915830612,0.053348109126091,-0.107252098619938,0.0302075743675232,0.287845432758331,0.0302055533975363,0.287845343351364,0.053348109126091,-0.107252098619938,0.418939232826233,0.435285538434982,0.0533470138907433,-0.107250198721886,0.0533473491668701,-0.107252597808838,0.0302075743675232,0.287845432758331,0.0533470138907433,-0.107250198721886,0.418935120105743,0.435285836458206
8.22220039367676,0.418789863586426,0.435210913419724,0.0533561520278454,-0.10728544741869,0.0304607022553682,0.28782045841217,0.053355123847723,-0.107283644378185,0.0533561520278454,-0.10728544741869,0.418787121772766,0.435212194919586,0.05335583537817,-0.107283130288124,0.0304626561701298,0.287820547819138,0.0304607022553682,0.28782045841217,0.05335583537817,-0.107283130288124,0.418789029121399,0.435214847326279,0.0533547587692738,-0.107281230390072,0.053355123847723,-0.107283644378185,0.0304626561701298,0.287820547819138,0.0533547587692738,-0.107281230390072,0.418785035610199,0.43521511554718
8.22280025482178,0.418639600276947,0.435140520334244,0.0533638671040535,-0.107316493988037,0.030715761706233,0.287795335054398,0.0533628389239311,-0.107314668595791,0.0533638671040535,-0.107316493988037,0.418636828660965,0.435141831636429,0.0533635765314102,-0.107314169406891,0.0307177156209946,0.287795394659042,0.030715761706233,0.287795335054398,0.0533635765314102,-0.107314169406891,0.418638736009598,0.435144424438477,0.0533625036478043,-0.107312269508839,0.0533628389239311,-0.107314668595791,0.0307177156209946,0.287795394659042,0.0533625222742558,-0.107312254607677,0.418634653091431,0.435144692659378
8.2234001159668,0.418489217758179,0.435070395469666,0.053371574729681,-0.107347525656223,0.0309709999710321,0.287769913673401,0.0533705428242683,-0.107345700263977,0.053371574729681,-0.107347525656223,0.418486475944519,0.435071736574173,0.0533713065087795,-0.107345193624496,0.0309730228036642,0.287770003080368,0.0309709999710321,0.287769913673401,0.0533713065087795,-0.107345193624496,0.418488383293152,0.435074299573898,0.0533702336251736,-0.107343293726444,0.0533705428242683,-0.107345700263977,0.0309730228036642,0.287770003080368,0.0533702336251736,-0.107343293726444,0.418484300374985,0.435074597597122
8.22399997711182,0.418338656425476,0.435000538825989,0.0533792711794376,-0.107378542423248,0.0312262792140245,0.28774419426918,0.0533782429993153,-0.107376731932163,0.0533792711794376,-0.107378542423248,0.418335914611816,0.435001879930496,0.0533789843320847,-0.107376225292683,0.0312282312661409,0.287744283676147,0.0312262792140245,0.28774419426918,0.0533789843320847,-0.107376225292683,0.418337881565094,0.435004442930222,0.0533779077231884,-0.107374332845211,0.0533782429993153,-0.107376731932163,0.0312282312661409,0.287744283676147,0.0533779077231884,-0.107374332845211,0.418333828449249,0.435004740953445
8.22459983825684,0.418188184499741,0.434930920600891,0.0533869341015816,-0.107409581542015,0.0314816012978554,0.287718206644058,0.0533859357237816,-0.107407763600349,0.0533869341015816,-0.107409581542015,0.418185383081436,0.434932351112366,0.0533866509795189,-0.107407256960869,0.0314835533499718,0.287718296051025,0.0314816012978554,0.287718206644058,0.0533866509795189,-0.107407256960869,0.418187230825424,0.434934914112091,0.0533855706453323,-0.107405342161655,0.0533859357237816,-0.107407763600349,0.0314835533499718,0.287718296051025,0.0533855706453323,-0.107405342161655,0.418183207511902,0.434935212135315
8.22519969940186,0.418037444353104,0.434861689805984,0.0533945932984352,-0.107440605759621,0.0317369624972343,0.287691920995712,0.0533935651183128,-0.107438780367374,0.0533945932984352,-0.107440605759621,0.418034732341766,0.434863060712814,0.0533943325281143,-0.107438281178474,0.031738918274641,0.287692010402679,0.0317369624972343,0.287691920995712,0.0533943325281143,-0.107438281178474,0.41803652048111,0.434865653514862,0.053393229842186,-0.107436373829842,0.0533935651183128,-0.107438780367374,0.031738918274641,0.287692010402679,0.053393229842186,-0.107436373829842,0.418032556772232,0.434865951538086
8.22579956054688,0.4178866147995,0.434792667627335,0.0534022152423859,-0.107471629977226,0.0319923646748066,0.28766530752182,0.0534012168645859,-0.10746980458498,0.0534022152423859,-0.107471629977226,0.41788387298584,0.434794038534164,0.0534019581973553,-0.10746930539608,0.0319943204522133,0.28766542673111,0.0319923646748066,0.28766530752182,0.0534019581973553,-0.10746930539608,0.417885780334473,0.43479660153389,0.0534008778631687,-0.107467398047447,0.0534012168645859,-0.10746980458498,0.0319943204522133,0.28766542673111,0.0534008778631687,-0.107467398047447,0.417881816625595,0.434796929359436
8.22640037536621,0.417735755443573,0.434723943471909,0.0534098371863365,-0.107502646744251,0.0322478115558624,0.287638485431671,0.0534088052809238,-0.107500828802586,0.0534098371863365,-0.107502646744251,0.417732983827591,0.434725344181061,0.0534095726907253,-0.107500329613686,0.0322498306632042,0.287638545036316,0.0322478115558624,0.287638485431671,0.0534095726907253,-0.107500329613686,0.417734950780869,0.434727877378464,0.0534084998071194,-0.107498422265053,0.0534088052809238,-0.107500828802586,0.0322498306632042,0.287638545036316,0.0534084998071194,-0.107498422265053,0.417730867862701,0.434728264808655
8.22700023651123,0.417584776878357,0.434655606746674,0.0534174181520939,-0.107533670961857,0.0325032956898212,0.287611305713654,0.0534164160490036,-0.107531845569611,0.0534174181520939,-0.107533670961857,0.417582035064697,0.434656888246536,0.053417157381773,-0.107531346380711,0.032505314797163,0.287611395120621,0.0325032956898212,0.287611305713654,0.053417157381773,-0.107531346380711,0.41758394241333,0.434659481048584,0.0534160807728767,-0.107529439032078,0.0534164160490036,-0.107531845569611,0.032505314797163,0.287611395120621,0.0534160807728767,-0.107529439032078,0.417579859495163,0.434659838676453
8.22760009765625,0.417433619499207,0.434587448835373,0.053424995392561,-0.107564687728882,0.0327588878571987,0.287583887577057,0.0534239895641804,-0.107562869787216,0.053424995392561,-0.107564687728882,0.417430907487869,0.434588760137558,0.0534247308969498,-0.107562370598316,0.0327609069645405,0.287583976984024,0.0327588878571987,0.287583887577057,0.0534247308969498,-0.107562370598316,0.417432814836502,0.434591352939606,0.0534236542880535,-0.107560455799103,0.0534239895641804,-0.107562869787216,0.0327609069645405,0.287583976984024,0.0534236542880535,-0.107560455799103,0.41742879152298,0.434591710567474
8.22819995880127,0.417282551527023,0.434519559144974,0.053432535380125,-0.107595704495907,0.0330145172774792,0.287556141614914,0.0534315556287766,-0.10759387165308,0.053432535380125,-0.107595704495907,0.417279690504074,0.434520870447159,0.0534322708845139,-0.107593379914761,0.0330165401101112,0.287556231021881,0.0330145172774792,0.287556141614914,0.0534322746098042,-0.107593387365341,0.417281627655029,0.434523522853851,0.0534311980009079,-0.107591472566128,0.0534315556287766,-0.10759387165308,0.0330165401101112,0.287556231021881,0.0534311980009079,-0.107591472566128,0.417277574539185,0.434523820877075
8.22879981994629,0.417131245136261,0.434451997280121,0.0534400641918182,-0.107626721262932,0.0332701914012432,0.28752812743187,0.05343908816576,-0.107624895870686,0.0534400641918182,-0.107626721262932,0.417128443717957,0.434453368186951,0.0534398071467876,-0.107624404132366,0.0332721434533596,0.287528187036514,0.0332701914012432,0.28752812743187,0.0534398071467876,-0.107624404132366,0.417130321264267,0.434455901384354,0.0534387305378914,-0.107622489333153,0.05343908816576,-0.107624895870686,0.0332721434533596,0.287528187036514,0.0534387305378914,-0.107622489333153,0.417126268148422,0.434456288814545
8.22939968109131,0.416979879140854,0.434384703636169,0.0534475930035114,-0.107657738029957,0.0335258990526199,0.287499845027924,0.0534465871751308,-0.10765590518713,0.0534475930035114,-0.107657738029957,0.416977077722549,0.434386104345322,0.0534473285079002,-0.10765540599823,0.0335278548300266,0.287499904632568,0.0335258990526199,0.287499845027924,0.0534473285079002,-0.10765540599823,0.41697895526886,0.434388667345047,0.0534462593495846,-0.107653498649597,0.0534465871751308,-0.10765590518713,0.0335278548300266,0.287499904632568,0.0534462593495846,-0.107653498649597,0.416974902153015,0.434388965368271
8.22999954223633,0.416828334331512,0.434317737817764,0.0534550845623016,-0.107688747346401,0.0337816476821899,0.287471234798431,0.0534540787339211,-0.107686921954155,0.0534550845623016,-0.107688747346401,0.416825592517853,0.434319108724594,0.0534548237919807,-0.107686415314674,0.0337836667895317,0.287471264600754,0.0337816476821899,0.287471234798431,0.0534548237919807,-0.107686415314674,0.416827470064163,0.434321671724319,0.0534537509083748,-0.107684515416622,0.0534540787339211,-0.107686921954155,0.0337836667895317,0.287471264600754,0.0534537509083748,-0.107684515416622,0.416823446750641,0.434321969747543
8.23060035705566,0.416676759719849,0.434251010417938,0.0534625686705112,-0.107719764113426,0.0340375006198883,0.287442356348038,0.0534615367650986,-0.107717931270599,0.0534625686705112,-0.107719764113426,0.416674047708511,0.434252381324768,0.0534623079001904,-0.107717432081699,0.0340394526720047,0.287442356348038,0.0340375006198883,0.287442356348038,0.0534623079001904,-0.107717432081699,0.416675925254822,0.434254914522171,0.0534612350165844,-0.107715524733067,0.0534615367650986,-0.107717931270599,0.0340394526720047,0.287442356348038,0.0534612350165844,-0.107715517282486,0.416671901941299,0.43425527215004
8.23120021820068,0.416525155305862,0.434184610843658,0.0534700192511082,-0.10775076597929,0.0342933237552643,0.287413150072098,0.0534690134227276,-0.107748933136463,0.0534700192511082,-0.10775076597929,0.416522324085236,0.434185922145844,0.0534697584807873,-0.107748448848724,0.034295279532671,0.287413209676743,0.0342933237552643,0.287413150072098,0.0534697584807873,-0.107748448848724,0.416524350643158,0.434188574552536,0.0534686855971813,-0.10774652659893,0.0534690134227276,-0.107748933136463,0.034295279532671,0.287413209676743,0.0534686855971813,-0.10774652659893,0.416520267724991,0.43418887257576
8.2318000793457,0.416373282670975,0.434118419885635,0.0534774586558342,-0.107781775295734,0.0345492549240589,0.287383705377579,0.0534764304757118,-0.107779942452908,0.0534774586558342,-0.107781775295734,0.41637060046196,0.434119820594788,0.0534772016108036,-0.107779443264008,0.0345512069761753,0.287383764982224,0.0345492549240589,0.287383705377579,0.0534772016108036,-0.107779443264008,0.41637247800827,0.434122383594513,0.0534761250019073,-0.107777535915375,0.0534764304757118,-0.107779942452908,0.0345512069761753,0.287383764982224,0.0534761250019073,-0.107777535915375,0.416368454694748,0.434122741222382
8.23239994049072,0.416221529245377,0.434052646160126,0.0534848682582378,-0.107812769711018,0.0348052196204662,0.287353932857513,0.0534838624298573,-0.107810944318771,0.0534848682582378,-0.107812769711018,0.416218817234039,0.434054017066956,0.0534846112132072,-0.107810437679291,0.0348071716725826,0.287353962659836,0.0348052196204662,0.287353932857513,0.0534846112132072,-0.107810437679291,0.416220724582672,0.434056580066681,0.053483534604311,-0.107808537781239,0.0534838624298573,-0.107810944318771,0.0348071716725826,0.287353962659836,0.053483534604311,-0.107808537781239,0.416216671466827,0.434056907892227
8.23299980163574,0.416069626808167,0.433987081050873,0.0534922704100609,-0.107843779027462,0.0350611545145512,0.287323892116547,0.0534912422299385,-0.107841953635216,0.0534922704100609,-0.107843779027462,0.416066825389862,0.43398842215538,0.0534920133650303,-0.107841454446316,0.0350631028413773,0.287323921918869,0.0350611545145512,0.287323892116547,0.0534920133650303,-0.107841454446316,0.41606867313385,0.433990985155106,0.053490936756134,-0.107839539647102,0.0534912422299385,-0.107841953635216,0.0350631028413773,0.287323921918869,0.053490936756134,-0.107839539647102,0.41606467962265,0.433991342782974
8.23359966278076,0.415917545557022,0.433921754360199,0.0534996390342712,-0.107874780893326,0.0353171899914742,0.287293553352356,0.0534986332058907,-0.107872948050499,0.0534996390342712,-0.107874780893326,0.41591477394104,0.433923155069351,0.0534993782639503,-0.107872448861599,0.0353192090988159,0.287293583154678,0.0353171899914742,0.287293553352356,0.0534993782639503,-0.107872448861599,0.415916740894318,0.433925688266754,0.0534983053803444,-0.107870534062386,0.0534986332058907,-0.107872948050499,0.0353192090988159,0.287293583154678,0.0534983053803444,-0.107870534062386,0.415912687778473,0.433926075696945
8.23419952392578,0.415765404701233,0.433856755495071,0.0535069964826107,-0.107905775308609,0.0355733335018158,0.287262916564941,0.0535059906542301,-0.107903942465782,0.0535069964826107,-0.107905775308609,0.415762692689896,0.433858186006546,0.0535067394375801,-0.107903443276882,0.0355752855539322,0.287262976169586,0.0355733335018158,0.287262916564941,0.0535067394375801,-0.107903443276882,0.415764600038528,0.433860719203949,0.0535056628286839,-0.107901535928249,0.0535059906542301,-0.107903942465782,0.0355752855539322,0.287262976169586,0.0535056628286839,-0.107901535928249,0.415760546922684,0.433861047029495
8.23480033874512,0.415613263845444,0.43379208445549,0.0535143204033375,-0.107936769723892,0.0358294472098351,0.287232041358948,0.0535133145749569,-0.107934929430485,0.0535143204033375,-0.107936769723892,0.415610462427139,0.43379345536232,0.0535140633583069,-0.107934445142746,0.0358313955366611,0.287232041358948,0.0358294472098351,0.287232041358948,0.0535140633583069,-0.107934445142746,0.415612310171127,0.433796018362045,0.0535130128264427,-0.107932515442371,0.0535133145749569,-0.107934929430485,0.0358313955366611,0.287232041358948,0.0535130128264427,-0.107932515442371,0.415608286857605,0.433796375989914
8.23540019989014,0.41546094417572,0.43372768163681,0.053521640598774,-0.107967771589756,0.0360855869948864,0.287200778722763,0.0535206571221352,-0.107965923845768,0.053521640598774,-0.107967771589756,0.415458142757416,0.433729082345963,0.0535213835537434,-0.107965432107449,0.0360876061022282,0.287200808525085,0.0360855869948864,0.287200778722763,0.0535213835537434,-0.107965432107449,0.415460109710693,0.433731615543365,0.0535203069448471,-0.107963524758816,0.0535206571221352,-0.107965923845768,0.0360876061022282,0.287200808525085,0.0535203069448471,-0.107963524758816,0.415455967187881,0.433731973171234
8.23600006103516,0.41530853509903,0.433663547039032,0.0535289458930492,-0.107998751103878,0.0363418348133564,0.287169307470322,0.0535279400646687,-0.107996925711632,0.0535289458930492,-0.107998751103878,0.415305733680725,0.433664947748184,0.0535286664962769,-0.107996433973312,0.0363437868654728,0.287169307470322,0.0363418348133564,0.287169307470322,0.0535286664962769,-0.107996433973312,0.415307700634003,0.433667480945587,0.0535276383161545,-0.107994504272938,0.0535279400646687,-0.107996925711632,0.0363437868654728,0.287169307470322,0.0535276383161545,-0.107994504272938,0.415303587913513,0.433667868375778
8.23659992218018,0.415156036615372,0.4335997402668,0.05353619530797,-0.108029745519161,0.0365981161594391,0.287137508392334,0.0535352192819118,-0.108027905225754,0.05353619530797,-0.108029745519161,0.415153235197067,0.433601140975952,0.0535359680652618,-0.108027413487434,0.0366000682115555,0.287137508392334,0.0365981161594391,0.287137508392334,0.0535359680652618,-0.108027413487434,0.41515526175499,0.433603674173355,0.0535349175333977,-0.108025498688221,0.0535352192819118,-0.108027905225754,0.0366000682115555,0.287137508392334,0.0535349175333977,-0.108025498688221,0.415151089429855,0.433604031801224
8.2371997833252,0.415003448724747,0.433536171913147,0.0535434633493423,-0.108060732483864,0.0368543602526188,0.287105411291122,0.0535424873232841,-0.108058899641037,0.0535434633493423,-0.108060732483864,0.415000647306442,0.433537602424622,0.0535432100296021,-0.108058400452137,0.0368563793599606,0.287105441093445,0.0368543602526188,0.287105411291122,0.0535432100296021,-0.108058400452137,0.415002524852753,0.43354007601738,0.0535421594977379,-0.108056485652924,0.0535424873232841,-0.108058899641037,0.0368563793599606,0.287105441093445,0.0535421594977379,-0.108056485652924,0.41499850153923,0.433540493249893
8.23779964447021,0.414850741624832,0.433472961187363,0.0535507202148438,-0.108091719448566,0.0371107757091522,0.287073016166687,0.0535496957600117,-0.10808988660574,0.0535507202148438,-0.108091719448566,0.414848029613495,0.433474332094193,0.0535504668951035,-0.10808938741684,0.0371127277612686,0.287073016166687,0.0371107757091522,0.287073016166687,0.0535504668951035,-0.10808938741684,0.414849907159805,0.433476865291595,0.0535493940114975,-0.108087465167046,0.0535496957600117,-0.10808988660574,0.0371127277612686,0.287073016166687,0.0535493940114975,-0.108087465167046,0.414845883846283,0.433477252721786
8.23840045928955,0.41469794511795,0.433409929275513,0.0535579212009907,-0.108122698962688,0.0373671613633633,0.287040382623672,0.0535569414496422,-0.108120858669281,0.0535579212009907,-0.108122698962688,0.414695203304291,0.43341138958931,0.0535576716065407,-0.108120374381542,0.0373691134154797,0.28704035282135,0.0373671613633633,0.287040382623672,0.0535576716065407,-0.108120374381542,0.414697200059891,0.433413922786713,0.0535566173493862,-0.108118444681168,0.0535569414496422,-0.108120858669281,0.0373691134154797,0.28704035282135,0.0535566173493862,-0.108118444681168,0.414693146944046,0.433414280414581
8.23900032043457,0.414545148611069,0.433347284793854,0.053565114736557,-0.10815367847681,0.0376235693693161,0.287007361650467,0.0535641349852085,-0.108151845633984,0.053565114736557,-0.10815367847681,0.414542376995087,0.433348685503006,0.0535648614168167,-0.108151353895664,0.0376255251467228,0.287007361650467,0.0376235693693161,0.287007361650467,0.0535648614168167,-0.108151353895664,0.414544254541397,0.433351218700409,0.0535638369619846,-0.108149439096451,0.0535641349852085,-0.108151845633984,0.0376255251467228,0.287007361650467,0.0535638369619846,-0.108149439096451,0.414540261030197,0.4333516061306
8.23960018157959,0.414392173290253,0.433284878730774,0.0535722970962524,-0.108184665441513,0.0378800183534622,0.286974102258682,0.0535713173449039,-0.108182825148106,0.0535722970962524,-0.108184665441513,0.414389461278915,0.433286309242249,0.0535720512270927,-0.108182333409786,0.037882037460804,0.286974102258682,0.0378800183534622,0.286974102258682,0.0535720512270927,-0.108182333409786,0.414391368627548,0.433288842439651,0.0535710193216801,-0.108180411159992,0.0535713173449039,-0.108182825148106,0.037882037460804,0.286974102258682,0.0535710193216801,-0.108180411159992,0.414387345314026,0.433289229869843
8.24020004272461,0.414239227771759,0.433222830295563,0.0535794757306576,-0.108215644955635,0.0381365641951561,0.286940544843674,0.053578469902277,-0.108213804662228,0.0535794757306576,-0.108215644955635,0.414236426353455,0.433224231004715,0.0535792261362076,-0.108213312923908,0.0381385162472725,0.286940574645996,0.0381365641951561,0.286940544843674,0.0535792261362076,-0.108213312923908,0.414238393306732,0.433226734399796,0.0535781495273113,-0.108211390674114,0.053578469902277,-0.108213804662228,0.0381385162472725,0.286940574645996,0.0535781495273113,-0.108211390674114,0.414234310388565,0.433227121829987
8.24079990386963,0.414086014032364,0.433160990476608,0.0535865910351276,-0.108246617019176,0.0383931398391724,0.286906719207764,0.0535856112837791,-0.108244776725769,0.0535865910351276,-0.108246617019176,0.414083302021027,0.433162420988083,0.0535863637924194,-0.10824428498745,0.0383950918912888,0.286906719207764,0.0383931398391724,0.286906719207764,0.0535863637924194,-0.10824428498745,0.414085268974304,0.433164954185486,0.0535853169858456,-0.108242370188236,0.0535856112837791,-0.108244776725769,0.0383950918912888,0.286906719207764,0.0535853169858456,-0.108242370188236,0.414081215858459,0.433165311813354
8.24139976501465,0.413932800292969,0.433099508285522,0.0535937212407589,-0.108277581632137,0.0386496819555759,0.286872565746307,0.0535927228629589,-0.10827574878931,0.0535937212407589,-0.108277581632137,0.413930147886276,0.433100938796997,0.0535935014486313,-0.108275264501572,0.0386516340076923,0.286872565746307,0.0386496819555759,0.286872565746307,0.0535935014486313,-0.108275264501572,0.413932055234909,0.433103442192078,0.0535924211144447,-0.108273334801197,0.0535927228629589,-0.10827574878931,0.0386516340076923,0.286872565746307,0.0535924211144447,-0.108273334801197,0.413928002119064,0.433103829622269
8.24199962615967,0.413779616355896,0.433038294315338,0.0536008253693581,-0.10830856859684,0.0389063246548176,0.28683814406395,0.0535998195409775,-0.108306728303432,0.0536008253693581,-0.10830856859684,0.413776874542236,0.433039724826813,0.0536005720496178,-0.108306236565113,0.0389082729816437,0.28683814406395,0.0389063246548176,0.28683814406395,0.0536005720496178,-0.108306236565113,0.413778811693192,0.433042198419571,0.0535995252430439,-0.108304306864738,0.0535998195409775,-0.108306720852852,0.0389082729816437,0.28683814406395,0.0535995252430439,-0.108304306864738,0.413774698972702,0.433042615652084
8.242600440979,0.413626223802567,0.432977348566055,0.0536078922450542,-0.108339533209801,0.039162989705801,0.286803364753723,0.0536069124937057,-0.108337685465813,0.0536078922450542,-0.108339533209801,0.413623452186584,0.43297877907753,0.053607665002346,-0.108337208628654,0.0391650088131428,0.286803364753723,0.039162989705801,0.286803364753723,0.053607665002346,-0.108337208628654,0.413625478744507,0.432981312274933,0.0536066144704819,-0.108335271477699,0.0536069124937057,-0.108337685465813,0.0391650088131428,0.286803364753723,0.0536066144704819,-0.108335271477699,0.413621336221695,0.432981699705124
8.24320030212402,0.413472801446915,0.432916700839996,0.0536149740219116,-0.108370505273342,0.0394196882843971,0.286768347024918,0.0536139719188213,-0.108368657529354,0.0536149740219116,-0.108370505273342,0.41347000002861,0.432918131351471,0.0536147244274616,-0.108368173241615,0.0394217111170292,0.286768347024918,0.0394196882843971,0.286768347024918,0.0536147244274616,-0.108368173241615,0.41347199678421,0.432920664548874,0.0536136776208878,-0.108366243541241,0.0536139719188213,-0.108368657529354,0.0394217111170292,0.286768347024918,0.0536136738955975,-0.10836623609066,0.413467884063721,0.43292111158371
8.24380016326904,0.413319230079651,0.432856380939484,0.0536219999194145,-0.108401469886303,0.0396764203906059,0.286733031272888,0.053621020168066,-0.108399622142315,0.0536219999194145,-0.108401469886303,0.413316488265991,0.432857811450958,0.0536217503249645,-0.108399137854576,0.0396783724427223,0.286733031272888,0.0396764203906059,0.286733031272888,0.0536217503249645,-0.108399137854576,0.413318485021591,0.432860314846039,0.0536207258701324,-0.108397208154202,0.053621020168066,-0.108399622142315,0.0396783724427223,0.286733031272888,0.0536207258701324,-0.108397208154202,0.413314372301102,0.432860732078552
8.24440002441406,0.413165658712387,0.432796329259872,0.0536290109157562,-0.108432427048683,0.0399331785738468,0.286697417497635,0.0536280386149883,-0.108430594205856,0.0536290146410465,-0.108432434499264,0.413162916898727,0.432797759771347,0.0536287911236286,-0.108430095016956,0.0399351939558983,0.286697417497635,0.0399331785738468,0.286697417497635,0.0536287911236286,-0.108430095016956,0.413164883852005,0.432800263166428,0.0536277443170547,-0.108428172767162,0.0536280386149883,-0.108430594205856,0.0399351939558983,0.286697417497635,0.0536277443170547,-0.108428172767162,0.413160711526871,0.432800680398941
8.24499988555908,0.413011968135834,0.432736575603485,0.0536360219120979,-0.108463391661644,0.0401900298893452,0.286661505699158,0.0536350421607494,-0.108461543917656,0.0536360219120979,-0.108463391661644,0.413009107112885,0.432738035917282,0.0536358021199703,-0.108461059629917,0.0401919819414616,0.286661505699158,0.0401900298893452,0.286661505699158,0.0536357760429382,-0.108461059629917,0.413011074066162,0.432740539312363,0.0536347515881062,-0.108459122478962,0.0536350458860397,-0.108461551368237,0.0401920527219772,0.286661505699158,0.0536347515881062,-0.108459122478962,0.413007110357285,0.432740926742554
8.2455997467041,0.412858098745346,0.432677090167999,0.0536430217325687,-0.108494348824024,0.0404468439519405,0.286625266075134,0.0536420196294785,-0.108492508530617,0.0536430217325687,-0.108494348824024,0.412855356931686,0.432678550481796,0.053642775863409,-0.108492024242878,0.0404488667845726,0.286625295877457,0.0404468476772308,0.286625295877457,0.053642775863409,-0.108492024242878,0.412857323884964,0.432681053876877,0.053641751408577,-0.108490094542503,0.0536420196294785,-0.108492508530617,0.0404488667845726,0.286625295877457,0.053641751408577,-0.108490094542503,0.412853240966797,0.43268147110939
8.24619960784912,0.412704259157181,0.43261793255806,0.0536499619483948,-0.108525305986404,0.040703758597374,0.286588788032532,0.0536489859223366,-0.108523465692997,0.0536499619483948,-0.108525305986404,0.412701547145844,0.432619392871857,0.0536497421562672,-0.108522973954678,0.0407057739794254,0.286588758230209,0.040703758597374,0.286588788032532,0.0536497421562672,-0.108522973954678,0.412703514099121,0.432621896266937,0.0536486953496933,-0.108521051704884,0.0536489859223366,-0.108523465692997,0.0407057739794254,0.286588758230209,0.0536486953496933,-0.108521051704884,0.412699401378632,0.432622313499451
8.24680042266846,0.412550270557404,0.432559043169022,0.0536569207906723,-0.108556263148785,0.0409606918692589,0.286551982164383,0.0536559149622917,-0.108554422855377,0.0536569207906723,-0.108556263148785,0.412547618150711,0.432560503482819,0.0536567009985447,-0.108553931117058,0.0409627147018909,0.286551982164383,0.0409606918692589,0.286551982164383,0.0536567009985447,-0.108553931117058,0.412549585103989,0.432562977075577,0.0536556243896484,-0.108552008867264,0.0536559149622917,-0.108554422855377,0.0409627147018909,0.286551982164383,0.0536556243896484,-0.108552008867264,0.412545382976532,0.432563424110413
8.24740028381348,0.412396281957626,0.43250048160553,0.0536638461053371,-0.108587212860584,0.0412176623940468,0.286514908075333,0.0536628402769566,-0.108585372567177,0.0536638461053371,-0.108587212860584,0.412393510341644,0.432501882314682,0.0536636263132095,-0.108584888279438,0.041219674050808,0.286514818668365,0.0412176623940468,0.286514908075333,0.0536636263132095,-0.108584888279438,0.412395507097244,0.432504385709763,0.0536625757813454,-0.108582951128483,0.0536628402769566,-0.108585372567177,0.041219674050808,0.286514818668365,0.0536625757813454,-0.108582951128483,0.412391424179077,0.432504862546921
8.2480001449585,0.412242144346237,0.432442188262939,0.053670734167099,-0.108618170022964,0.0414746552705765,0.286477506160736,0.0536697581410408,-0.108616322278976,0.053670734167099,-0.108618170022964,0.412239402532578,0.432443648576736,0.0536705404520035,-0.108615837991238,0.0414765998721123,0.286477446556091,0.0414746552705765,0.286477506160736,0.0536705404520035,-0.108615837991238,0.412241339683533,0.43244606256485,0.0536694675683975,-0.108613908290863,0.0536697581410408,-0.108616322278976,0.0414765998721123,0.286477446556091,0.0536694675683975,-0.108613908290863,0.412237375974655,0.432446539402008
8.24860000610352,0.412087887525558,0.432384163141251,0.0536776445806026,-0.108649119734764,0.041731670498848,0.286439806222916,0.0536766611039639,-0.108647264540195,0.0536776445806026,-0.108649119734764,0.412085235118866,0.432385623455048,0.0536773949861526,-0.108646780252457,0.0417336188256741,0.286439746618271,0.041731670498848,0.286439806222916,0.0536773949861526,-0.108646780252457,0.412087231874466,0.432388067245483,0.0536763742566109,-0.108644858002663,0.0536766611039639,-0.108647264540195,0.0417336188256741,0.286439746618271,0.0536763742566109,-0.108644858002663,0.412083178758621,0.432388573884964
8.24919986724854,0.411933720111847,0.432326465845108,0.0536844879388809,-0.108680054545403,0.0419887863099575,0.286401838064194,0.053683515638113,-0.108678214251995,0.0536844879388809,-0.108680054545403,0.411930978298187,0.432327926158905,0.0536842718720436,-0.108677737414837,0.0419907309114933,0.286401748657227,0.0419887863099575,0.286401838064194,0.0536842718720436,-0.108677737414837,0.411932945251465,0.432330429553986,0.0536832250654697,-0.108675800263882,0.053683515638113,-0.108678214251995,0.0419907309114933,0.286401748657227,0.0536832250654697,-0.108675800263882,0.411928862333298,0.432330846786499
8.24979972839355,0.411779344081879,0.432269066572189,0.0536913312971592,-0.108711004257202,0.0422458574175835,0.286363542079926,0.0536903515458107,-0.108709156513214,0.0536913312971592,-0.108711004257202,0.411776602268219,0.432270526885986,0.0536911375820637,-0.108708672225475,0.0422478020191193,0.286363452672958,0.0422458574175835,0.286363542079926,0.0536911375820637,-0.108708672225475,0.411778569221497,0.432272970676422,0.0536900907754898,-0.108706742525101,0.0536903515458107,-0.108709156513214,0.0422478020191193,0.286363452672958,0.0536900907754898,-0.108706742525101,0.411774486303329,0.43227344751358
8.25039958953857,0.411624908447266,0.432211965322495,0.0536981634795666,-0.108741946518421,0.0425029471516609,0.286324948072433,0.0536971837282181,-0.108740098774433,0.0536981634795666,-0.108741946518421,0.411622196435928,0.432213425636292,0.0536979474127293,-0.108739621937275,0.0425049625337124,0.286324858665466,0.0425029471516609,0.286324948072433,0.0536979474127293,-0.108739621937275,0.411624163389206,0.43221589922905,0.0536968931555748,-0.10873768478632,0.0536971837282181,-0.108740098774433,0.0425049625337124,0.286324858665466,0.0536968931555748,-0.10873768478632,0.411620050668716,0.432216376066208
8.25100040435791,0.411470413208008,0.432155132293701,0.0537049844861031,-0.108772896230221,0.0427601411938667,0.28628608584404,0.0537040084600449,-0.108771041035652,0.0537049844861031,-0.108772896230221,0.411467671394348,0.432156592607498,0.0537047423422337,-0.108770564198494,0.0427620857954025,0.286285996437073,0.0427601411938667,0.28628608584404,0.0537047423422337,-0.108770564198494,0.411469668149948,0.432159096002579,0.0537037178874016,-0.108768619596958,0.0537040084600449,-0.108771041035652,0.0427620857954025,0.286285996437073,0.0537037178874016,-0.108768619596958,0.411465555429459,0.432159513235092
8.25160026550293,0.411315858364105,0.432098597288132,0.0537117756903172,-0.108803823590279,0.0430172123014927,0.2862468957901,0.0537107698619366,-0.108801975846291,0.0537117496132851,-0.108803831040859,0.411313116550446,0.432100117206573,0.0537115633487701,-0.108801499009132,0.0430192947387695,0.286246806383133,0.0430172123014927,0.2862468957901,0.0537115633487701,-0.108801499009132,0.411315083503723,0.432102560997009,0.0537105090916157,-0.108799561858177,0.0537107698619366,-0.108801975846291,0.0430192947387695,0.286246806383133,0.0537105090916157,-0.108799561858177,0.411311000585556,0.432103008031845
8.25220012664795,0.411161184310913,0.432042360305786,0.0537185594439507,-0.108834758400917,0.0432745181024075,0.286207407712936,0.0537175536155701,-0.10883291810751,0.0537185594439507,-0.108834758400917,0.411158472299576,0.432043850421906,0.0537183173000813,-0.10883242636919,0.043276458978653,0.286207318305969,0.0432745181024075,0.286207407712936,0.0537183173000813,-0.108832433819771,0.411160409450531,0.432046294212341,0.0537172928452492,-0.108830481767654,0.0537175536155701,-0.10883291810751,0.0432764627039433,0.286207348108292,0.0537172928452492,-0.108830481767654,0.411156326532364,0.432046800851822
8.25279998779297,0.411006480455399,0.431986421346664,0.0537253059446812,-0.108865700662136,0.043531708419323,0.286167621612549,0.0537243038415909,-0.108863852918148,0.0537253059446812,-0.108865700662136,0.411003649234772,0.431987881660461,0.0537250638008118,-0.108863368630409,0.0435337238013744,0.286167562007904,0.043531708419323,0.286167621612549,0.0537250638008118,-0.108863368630409,0.411005616188049,0.431990385055542,0.0537240393459797,-0.108861424028873,0.0537243038415909,-0.108863852918148,0.0435337238013744,0.286167562007904,0.0537240393459797,-0.108861424028873,0.411001652479172,0.4319908618927
8.25339984893799,0.41085159778595,0.431930780410767,0.0537320151925087,-0.108896628022194,0.0437889881432056,0.286127537488937,0.0537310391664505,-0.108894772827625,0.0537320151925087,-0.108896628022194,0.410848885774612,0.431932330131531,0.0537318028509617,-0.108894303441048,0.0437910035252571,0.286127477884293,0.0437889881432056,0.286127537488937,0.0537318028509617,-0.108894303441048,0.41085085272789,0.431934744119644,0.0537307783961296,-0.108892358839512,0.0537310391664505,-0.108894772827625,0.0437910035252571,0.286127477884293,0.0537307783961296,-0.108892358839512,0.410846740007401,0.431935220956802
8.25399971008301,0.410696774721146,0.431875467300415,0.0537387244403362,-0.108927562832832,0.0440462939441204,0.286087185144424,0.053737748414278,-0.108925715088844,0.0537387244403362,-0.108927562832832,0.410694032907486,0.431876957416534,0.0537385083734989,-0.108925230801105,0.0440483130514622,0.28608712553978,0.0440462939441204,0.286087185144424,0.0537385083734989,-0.108925230801105,0.410695999860764,0.431879371404648,0.0537374578416348,-0.10892328619957,0.053737748414278,-0.108925715088844,0.0440483130514622,0.28608712553978,0.0537374578416348,-0.10892328619957,0.410691916942596,0.431879878044128
8.25459957122803,0.410541743040085,0.431820452213287,0.0537454225122929,-0.10895849019289,0.0443036258220673,0.286046504974365,0.0537444427609444,-0.108956634998322,0.0537454225122929,-0.10895849019289,0.410539001226425,0.43182185292244,0.0537452064454556,-0.108956150710583,0.0443056374788284,0.28604644536972,0.0443036258220673,0.286046504974365,0.0537452064454556,-0.108956150710583,0.410540968179703,0.43182435631752,0.0537441782653332,-0.108954213559628,0.0537444427609444,-0.108956634998322,0.0443056374788284,0.28604644536972,0.0537441782653332,-0.108954213559628,0.410536885261536,0.431824833154678
8.25520038604736,0.410386741161346,0.431765675544739,0.0537521094083786,-0.108989417552948,0.0445610396564007,0.286005556583405,0.0537511333823204,-0.108987562358379,0.0537521094083786,-0.108989417552948,0.410384058952332,0.431767165660858,0.0537519231438637,-0.108987063169479,0.0445629805326462,0.286005437374115,0.0445610396564007,0.286005556583405,0.0537519231438637,-0.108987063169479,0.410385966300964,0.431769609451294,0.0537508502602577,-0.108985148370266,0.0537511333823204,-0.108987562358379,0.0445629879832268,0.286005467176437,0.0537508502602577,-0.108985148370266,0.41038191318512,0.431770116090775
8.25580024719238,0.410231590270996,0.431711196899414,0.053758766502142,-0.109020330011845,0.0448183417320251,0.285964250564575,0.0537577867507935,-0.109018482267857,0.053758766502142,-0.109020330011845,0.410228908061981,0.431712716817856,0.053758580237627,-0.109017990529537,0.0448203571140766,0.285964161157608,0.0448183417320251,0.285964250564575,0.053758580237627,-0.109017990529537,0.410230815410614,0.431715101003647,0.053757555782795,-0.109016045928001,0.0537577867507935,-0.109018482267857,0.0448203571140766,0.285964161157608,0.053757555782795,-0.109016045928001,0.410226762294769,0.43171563744545
8.2564001083374,0.410076379776001,0.431657046079636,0.0537653602659702,-0.109051272273064,0.0450758039951324,0.285922676324844,0.0537644363939762,-0.109049394726753,0.0537653602659702,-0.109051272273064,0.410073667764664,0.431658565998077,0.0537651740014553,-0.109048925340176,0.0450777485966682,0.2859226167202,0.0450758039951324,0.285922676324844,0.0537651740014553,-0.109048925340176,0.410075694322586,0.431660979986191,0.0537641532719135,-0.10904698073864,0.0537644363939762,-0.109049394726753,0.0450777485966682,0.2859226167202,0.0537641532719135,-0.10904698073864,0.410071521997452,0.431661516427994
8.25699996948242,0.409921199083328,0.431603193283081,0.0537719987332821,-0.10908218473196,0.0453332141041756,0.28588080406189,0.0537710227072239,-0.109080329537392,0.0537719987332821,-0.10908218473196,0.409918487071991,0.431604713201523,0.0537718124687672,-0.109079837799072,0.0453351587057114,0.285880714654922,0.0453332141041756,0.28588080406189,0.0537718124687672,-0.109079837799072,0.409920424222946,0.431607156991959,0.0537707917392254,-0.109077893197536,0.0537710227072239,-0.109080329537392,0.0453351587057114,0.285880714654922,0.0537707917392254,-0.109077893197536,0.409916251897812,0.431607663631439
8.25759983062744,0.409765839576721,0.431549668312073,0.0537785775959492,-0.109113104641438,0.0455906502902508,0.285838633775711,0.053777601569891,-0.109111249446869,0.0537785775959492,-0.109113104641438,0.409763157367706,0.431551158428192,0.0537783913314342,-0.10911076515913,0.0455926582217216,0.285838544368744,0.0455906502902508,0.285838633775711,0.0537783913314342,-0.10911076515913,0.409765064716339,0.431553572416306,0.0537773706018925,-0.109108813107014,0.053777601569891,-0.109111249446869,0.0455926582217216,0.285838544368744,0.0537773706018925,-0.109108813107014,0.409760922193527,0.431554079055786
8.25819969177246,0.409610450267792,0.431496381759644,0.0537851490080357,-0.109144017100334,0.0458481684327126,0.285796135663986,0.0537842214107513,-0.109142139554024,0.0537851490080357,-0.109144017100334,0.409607708454132,0.431497842073441,0.0537849627435207,-0.109141677618027,0.045850183814764,0.285796076059341,0.0458481684327126,0.285796135663986,0.0537849627435207,-0.109141677618027,0.40960967540741,0.431500315666199,0.053783942013979,-0.109139733016491,0.0537842214107513,-0.109142139554024,0.045850183814764,0.285796076059341,0.053783942013979,-0.109139733016491,0.409605532884598,0.431500822305679
8.25879955291748,0.409454941749573,0.431443393230438,0.0537917092442513,-0.10917492210865,0.0461056418716908,0.285753399133682,0.0537907294929028,-0.109173074364662,0.0537917092442513,-0.10917492210865,0.409452229738235,0.431444942951202,0.0537915229797363,-0.109172590076923,0.0461077205836773,0.285753309726715,0.0461056418716908,0.285753399133682,0.0537915229797363,-0.109172590076923,0.409454196691513,0.431447356939316,0.0537904463708401,-0.109170660376549,0.0537907294929028,-0.109173074364662,0.0461077205836773,0.285753309726715,0.0537904463708401,-0.109170660376549,0.409450054168701,0.431447893381119
8.25940036773682,0.409299403429031,0.431390762329102,0.0537982583045959,-0.109205827116966,0.0463632009923458,0.28571030497551,0.0537972822785378,-0.109203979372978,0.0537982583045959,-0.109205827116966,0.409296691417694,0.431392282247543,0.0537980794906616,-0.109203480184078,0.0463652163743973,0.285710245370865,0.0463632009923458,0.28571030497551,0.0537980832159519,-0.109203487634659,0.409298688173294,0.431394726037979,0.0537970028817654,-0.109201557934284,0.0537972822785378,-0.109203979372978,0.0463652834296227,0.285710245370865,0.0537970028817654,-0.109201557934284,0.409294545650482,0.43139523267746
8.26000022888184,0.409143805503845,0.431338369846344,0.0538047552108765,-0.109236739575863,0.0466208457946777,0.285666942596436,0.0538038313388824,-0.109234862029552,0.0538047552108765,-0.109236739575863,0.409141033887863,0.431339889764786,0.0538046211004257,-0.109234377741814,0.0466227866709232,0.285666823387146,0.0466208457946777,0.285666942596436,0.0538046211004257,-0.109234377741814,0.409143060445786,0.431342303752899,0.0538035482168198,-0.10923245549202,0.0538038313388824,-0.109234862029552,0.0466227866709232,0.285666823387146,0.0538035482168198,-0.10923245549202,0.409138947725296,0.431342869997025
8.26060009002686,0.408988058567047,0.431286305189133,0.0538112930953503,-0.109267637133598,0.0468783713877201,0.285623252391815,0.0538103133440018,-0.109265774488449,0.0538112930953503,-0.109267637133598,0.408985376358032,0.431287854909897,0.0538110584020615,-0.109265320003033,0.0468803867697716,0.285623162984848,0.0468783713877201,0.285623252391815,0.0538110584020615,-0.109265320003033,0.408987402915955,0.431290239095688,0.0538100339472294,-0.109263367950916,0.0538103133440018,-0.109265774488449,0.0468803867697716,0.285623162984848,0.0538100339472294,-0.109263360500336,0.40898323059082,0.431290775537491
8.26119995117188,0.408832311630249,0.431234508752823,0.0538177713751793,-0.109298534691334,0.0471359901130199,0.285579264163971,0.0538167878985405,-0.109296679496765,0.0538177713751793,-0.109298534691334,0.408829629421234,0.431236058473587,0.0538175366818905,-0.109296217560768,0.0471379309892654,0.285579174757004,0.0471359901130199,0.285579264163971,0.0538175366818905,-0.109296217560768,0.408831566572189,0.431238502264023,0.0538165122270584,-0.109294272959232,0.0538167878985405,-0.109296679496765,0.0471379309892654,0.285579174757004,0.0538165122270584,-0.109294272959232,0.408827513456345,0.431239008903503
8.26179981231689,0.408676534891129,0.431183069944382,0.0538242384791374,-0.109329424798489,0.0473936200141907,0.285535007715225,0.0538232065737247,-0.109327599406242,0.0538242384791374,-0.109329424798489,0.408673733472824,0.431184589862823,0.0538240075111389,-0.109327115118504,0.0473956279456615,0.285534858703613,0.0473936200141907,0.285535007715225,0.0538240075111389,-0.109327115118504,0.408675789833069,0.431187033653259,0.0538229793310165,-0.109325163066387,0.0538232065737247,-0.109327599406242,0.0473956279456615,0.285534858703613,0.0538229793310165,-0.109325163066387,0.408671736717224,0.431187510490417
8.26239967346191,0.408520579338074,0.431131929159164,0.0538306459784508,-0.109360344707966,0.0476512685418129,0.285490423440933,0.0538296662271023,-0.109358482062817,0.0538306459784508,-0.109360344707966,0.408517897129059,0.431133449077606,0.0538304671645164,-0.109358005225658,0.0476532764732838,0.285490304231644,0.0476512685418129,0.285490423440933,0.0538304671645164,-0.109358005225658,0.408519893884659,0.43113586306572,0.0538294389843941,-0.109356053173542,0.0538296662271023,-0.109358482062817,0.0476532764732838,0.285490304231644,0.0538294389843941,-0.109356053173542,0.408515840768814,0.4311363697052
8.26299953460693,0.408364713191986,0.431081056594849,0.0538370460271835,-0.109391249716282,0.0479089356958866,0.285445541143417,0.0538361184298992,-0.109389364719391,0.0538370460271835,-0.109391249716282,0.408361971378326,0.431082546710968,0.0538369193673134,-0.109388880431652,0.0479109436273575,0.285445421934128,0.0479089356958866,0.285445541143417,0.0538368634879589,-0.109388902783394,0.408363938331604,0.431084990501404,0.0538358949124813,-0.109386935830116,0.0538361184298992,-0.109389364719391,0.0479109436273575,0.285445421934128,0.0538358949124813,-0.109386935830116,0.408359825611115,0.431085526943207
8.26360034942627,0.408208638429642,0.431030511856079,0.0538434870541096,-0.109422117471695,0.0481666140258312,0.285400360822678,0.0538425147533417,-0.109420262277126,0.0538434870541096,-0.109422117471695,0.408205926418304,0.431031972169876,0.0538432598114014,-0.10941980779171,0.0481686256825924,0.285400211811066,0.0481666140258312,0.285400360822678,0.0538432598114014,-0.10941980779171,0.40820786356926,0.43103438615799,0.0538422353565693,-0.109417855739594,0.0538425147533417,-0.109420262277126,0.0481686256825924,0.285400211811066,0.0538422353565693,-0.109417855739594,0.408203840255737,0.431034952402115
8.26420021057129,0.40805259346962,0.430980205535889,0.0538498759269714,-0.10945300757885,0.0484243780374527,0.285354852676392,0.0538488924503326,-0.109451152384281,0.0538498759269714,-0.10945300757885,0.408049792051315,0.43098172545433,0.0538496449589729,-0.109450697898865,0.0484263896942139,0.285354763269424,0.0484243780374527,0.285354852676392,0.0538496449589729,-0.109450697898865,0.408051818609238,0.430984139442444,0.0538486167788506,-0.109448745846748,0.0538488924503326,-0.109451152384281,0.0484263896942139,0.285354763269424,0.0538486167788506,-0.109448745846748,0.408047705888748,0.430984705686569
8.26480007171631,0.407896399497986,0.430930256843567,0.0538561977446079,-0.109483920037746,0.04868208989501,0.285309076309204,0.0538552179932594,-0.109482064843178,0.0538561977446079,-0.109483920037746,0.407893598079681,0.430931776762009,0.0538560189306736,-0.109481573104858,0.0486840307712555,0.285308957099915,0.04868208989501,0.285309076309204,0.0538560189306736,-0.109481573104858,0.407895624637604,0.430934190750122,0.0538549944758415,-0.109479628503323,0.0538552179932594,-0.109482064843178,0.0486840307712555,0.285308957099915,0.0538549944758415,-0.109479628503323,0.407891511917114,0.430934756994247
8.26539993286133,0.407740145921707,0.430880546569824,0.053862564265728,-0.109514787793159,0.0489398203790188,0.285263001918793,0.0538615882396698,-0.109512940049171,0.053862564265728,-0.109514787793159,0.407737344503403,0.430882066488266,0.053862389177084,-0.109512448310852,0.0489418245851994,0.285262852907181,0.0489398203790188,0.285263001918793,0.053862389177084,-0.109512448310852,0.407739400863647,0.430884510278702,0.0538613609969616,-0.109510503709316,0.0538615882396698,-0.109512940049171,0.0489418245851994,0.285262852907181,0.0538613609969616,-0.109510503709316,0.407735407352448,0.430885046720505
8.26599979400635,0.407583862543106,0.430831164121628,0.053868867456913,-0.109545677900314,0.0491976290941238,0.285216599702835,0.053867943584919,-0.109543800354004,0.053868867456913,-0.109545677900314,0.407581120729446,0.430832713842392,0.053868692368269,-0.109543345868587,0.0491996370255947,0.285216450691223,0.0491976290941238,0.285216599702835,0.053868692368269,-0.109543345868587,0.407583087682724,0.430835127830505,0.0538676716387272,-0.109541401267052,0.053867943584919,-0.109543800354004,0.0491996370255947,0.285216450691223,0.0538676716387272,-0.109541401267052,0.407579094171524,0.430835634469986
8.26659965515137,0.407427489757538,0.430782079696655,0.0538751669228077,-0.109576568007469,0.0494553819298744,0.285169869661331,0.0538741946220398,-0.109574712812901,0.0538751669228077,-0.109576568007469,0.407424807548523,0.430783659219742,0.053874995559454,-0.109574228525162,0.0494573898613453,0.285169750452042,0.0494553819298744,0.285169869661331,0.053874995559454,-0.109574228525162,0.407426863908768,0.430786043405533,0.0538739711046219,-0.109572283923626,0.0538741946220398,-0.109574712812901,0.0494573898613453,0.285169750452042,0.0538739673793316,-0.109572276473045,0.407422751188278,0.430786609649658
8.2672004699707,0.407271027565002,0.430733323097229,0.0538814589381218,-0.109607443213463,0.0497132204473019,0.285122871398926,0.0538804829120636,-0.109605588018894,0.0538814589381218,-0.109607443213463,0.40726837515831,0.430734902620316,0.0538812838494778,-0.109605111181736,0.0497151575982571,0.285122752189636,0.0497132204473019,0.285122871398926,0.0538812838494778,-0.109605111181736,0.407270401716232,0.430737257003784,0.0538803078234196,-0.109603136777878,0.0538804829120636,-0.109605588018894,0.0497151575982571,0.285122752189636,0.0538803078234196,-0.109603136777878,0.407266199588776,0.430737853050232
8.26780033111572,0.407114565372467,0.430684864521027,0.0538877435028553,-0.109638318419456,0.0499710030853748,0.285075545310974,0.0538867637515068,-0.109636455774307,0.0538877435028553,-0.109638318419456,0.407111912965775,0.430686473846436,0.0538875125348568,-0.109636001288891,0.0499730072915554,0.285075426101685,0.0499710030853748,0.285075545310974,0.0538875125348568,-0.109636001288891,0.407113939523697,0.430688828229904,0.0538865402340889,-0.109634019434452,0.0538867637515068,-0.109636455774307,0.0499730072915554,0.285075426101685,0.0538865402340889,-0.109634019434452,0.407109826803207,0.430689424276352
8.26840019226074,0.406958043575287,0.430636703968048,0.0538939610123634,-0.109669201076031,0.0502288639545441,0.285027951002121,0.0538929849863052,-0.109667338430882,0.0538939610123634,-0.109669201076031,0.406955361366272,0.430638253688812,0.0538937896490097,-0.109666869044304,0.0502308718860149,0.285027801990509,0.0502288639545441,0.285027951002121,0.0538937896490097,-0.109666869044304,0.40695732831955,0.430640667676926,0.0538928173482418,-0.109664887189865,0.0538929849863052,-0.109667338430882,0.0502308718860149,0.285027801990509,0.0538928173482418,-0.109664887189865,0.406953155994415,0.430641204118729
8.26900005340576,0.40680143237114,0.430588811635971,0.0539002269506454,-0.109700053930283,0.0504867434501648,0.284980028867722,0.0538992509245872,-0.109698198735714,0.0539002269506454,-0.109700053930283,0.406798660755157,0.430590391159058,0.0538999997079372,-0.109697736799717,0.0504887439310551,0.28497987985611,0.0504867434501648,0.284980028867722,0.0538999997079372,-0.109697736799717,0.406800746917725,0.430592805147171,0.0538989789783955,-0.109695792198181,0.0538992509245872,-0.109698198735714,0.0504887439310551,0.28497987985611,0.0538989789783955,-0.109695792198181,0.40679669380188,0.430593341588974
8.26959991455078,0.406644761562347,0.43054124712944,0.0539063811302185,-0.109730944037437,0.0507445596158504,0.284931838512421,0.0539054572582245,-0.109729066491127,0.0539063811302185,-0.109730944037437,0.406642019748688,0.430542826652527,0.0539062544703484,-0.109728582203388,0.0507466308772564,0.284931659698486,0.0507445596158504,0.284931838512421,0.0539062023162842,-0.10972860455513,0.40664404630661,0.430545210838318,0.0539052337408066,-0.109726637601852,0.0539054572582245,-0.109729066491127,0.0507466308772564,0.284931659698486,0.0539052337408066,-0.109726637601852,0.406639933586121,0.430545777082443
8.2701997756958,0.406488060951233,0.430493980646133,0.0539125762879848,-0.10976181179285,0.051002524793148,0.284883320331573,0.0539116524159908,-0.10975993424654,0.0539125762879848,-0.10976181179285,0.406485319137573,0.43049556016922,0.0539124011993408,-0.109759472310543,0.0510044656693935,0.284883141517639,0.051002524793148,0.284883320331573,0.0539124011993408,-0.109759472310543,0.406487375497818,0.430497974157333,0.053911380469799,-0.109757527709007,0.0539116524159908,-0.10975993424654,0.0510044656693935,0.284883141517639,0.053911380469799,-0.109757527709007,0.406483262777328,0.430498570203781
8.27079963684082,0.406331241130829,0.430447101593018,0.0539187677204609,-0.109792672097683,0.0512604378163815,0.284834444522858,0.0539177879691124,-0.109790809452534,0.0539187677204609,-0.109792672097683,0.406328499317169,0.430448651313782,0.0539185889065266,-0.109790332615376,0.0512623749673367,0.284834295511246,0.0512604378163815,0.284834444522858,0.0539185889065266,-0.109790332615376,0.406330615282059,0.43045100569725,0.0539175681769848,-0.109788380563259,0.0539177879691124,-0.109790809452534,0.0512623749673367,0.284834295511246,0.0539175681769848,-0.109788380563259,0.406326502561569,0.430451601743698
8.27140045166016,0.406174421310425,0.430400401353836,0.0539249442517757,-0.109823517501354,0.0515182949602604,0.284785360097885,0.0539239682257175,-0.109821662306786,0.0539249442517757,-0.109823517501354,0.406171649694443,0.4304019510746,0.0539247207343578,-0.109821207821369,0.0515202917158604,0.284785181283951,0.0515182949602604,0.284785360097885,0.0539247207343578,-0.109821207821369,0.406173676252365,0.430404335260391,0.0539236962795258,-0.109819248318672,0.0539239682257175,-0.109821662306786,0.0515202917158604,0.284785181283951,0.0539236962795258,-0.109819248318672,0.406169563531876,0.430404901504517
8.27200031280518,0.406017452478409,0.430354058742523,0.0539310090243816,-0.109854407608509,0.051776222884655,0.284735918045044,0.0539300851523876,-0.109852530062199,0.0539310090243816,-0.109854407608509,0.406014829874039,0.43035563826561,0.0539308935403824,-0.10985205322504,0.0517782233655453,0.284735709428787,0.051776222884655,0.284735918045044,0.0539308935403824,-0.10985205322504,0.406016737222672,0.430357992649078,0.0539298690855503,-0.109850101172924,0.0539300851523876,-0.109852530062199,0.0517782233655453,0.284735709428787,0.0539298690855503,-0.109850101172924,0.406012624502182,0.430358588695526
8.2726001739502,0.405860543251038,0.430307984352112,0.0539371743798256,-0.109885238111019,0.0520341657102108,0.284686148166656,0.0539361983537674,-0.109883382916451,0.0539371743798256,-0.109885238111019,0.405857801437378,0.430309593677521,0.0539369508624077,-0.109882928431034,0.0520361699163914,0.284685999155045,0.0520341657102108,0.284686148166656,0.0539369508624077,-0.109882928431034,0.4058598279953,0.430311918258667,0.0539359785616398,-0.109880954027176,0.0539361983537674,-0.109883382916451,0.0520361699163914,0.284685999155045,0.0539359785616398,-0.109880954027176,0.405855715274811,0.43031257390976
8.27320003509521,0.405703485012054,0.430262237787247,0.0539432242512703,-0.109916120767593,0.0522921793162823,0.284636080265045,0.0539423003792763,-0.109914235770702,0.0539432242512703,-0.109916120767593,0.40570080280304,0.430263817310333,0.0539431050419807,-0.109913758933544,0.0522941164672375,0.284635931253433,0.0522921793162823,0.284636080265045,0.0539431050419807,-0.109913758933544,0.405702829360962,0.430266171693802,0.053942084312439,-0.109911799430847,0.0539423003792763,-0.109914235770702,0.0522941164672375,0.284635931253433,0.053942084312439,-0.109911799430847,0.405698657035828,0.430266797542572
8.27379989624023,0.405546426773071,0.430216759443283,0.0539493188261986,-0.109946958720684,0.0525500737130642,0.284585773944855,0.0539483949542046,-0.109945081174374,0.0539493188261986,-0.109946958720684,0.405543655157089,0.43021833896637,0.0539491474628448,-0.109944626688957,0.0525521412491798,0.284585565328598,0.0525500737130642,0.284585773944855,0.0539491474628448,-0.109944626688957,0.405545741319656,0.430220752954483,0.0539481267333031,-0.109942674636841,0.0539483949542046,-0.109945081174374,0.0525521412491798,0.284585565328598,0.0539481267333031,-0.109942674636841,0.405541658401489,0.430221349000931
8.27439975738525,0.405389249324799,0.43017166852951,0.0539553537964821,-0.109977826476097,0.0528080426156521,0.284535080194473,0.0539544299244881,-0.109975934028625,0.0539553537964821,-0.109977826476097,0.405386507511139,0.430173218250275,0.0539552345871925,-0.109975464642048,0.0528101101517677,0.284534901380539,0.0528080426156521,0.284535080194473,0.0539552345871925,-0.109975464642048,0.405388534069061,0.430175602436066,0.0539541579782963,-0.109973534941673,0.0539544299244881,-0.109975934028625,0.0528101101517677,0.284534901380539,0.0539541579782963,-0.109973534941673,0.405384451150894,0.430176198482513
8.27499961853027,0.405232042074203,0.430126845836639,0.0539613775908947,-0.110008671879768,0.0530660860240459,0.28448411822319,0.0539604537189007,-0.110006786882877,0.0539613775908947,-0.110008671879768,0.405229389667511,0.430128395557404,0.0539612621068954,-0.110006310045719,0.0530680827796459,0.284483909606934,0.0530660860240459,0.28448411822319,0.0539612621068954,-0.110006310045719,0.405231326818466,0.430130749940872,0.0539602376520634,-0.110004365444183,0.0539604537189007,-0.110006786882877,0.0530680902302265,0.284483939409256,0.0539602376520634,-0.110004365444183,0.405227214097977,0.430131375789642
8.27560043334961,0.405074745416641,0.43008229136467,0.0539674460887909,-0.110039494931698,0.053324069827795,0.284432828426361,0.0539664700627327,-0.110037639737129,0.0539674460887909,-0.110039494931698,0.405072093009949,0.430083900690079,0.0539672262966633,-0.110037177801132,0.0533260069787502,0.284432679414749,0.053324069827795,0.284432828426361,0.0539672262966633,-0.110037177801132,0.405074119567871,0.430086225271225,0.0539662539958954,-0.110035203397274,0.0539664700627327,-0.110037639737129,0.0533260069787502,0.284432679414749,0.0539662539958954,-0.110035203397274,0.405070006847382,0.430086880922318
8.27620029449463,0.404917508363724,0.430038034915924,0.0539734065532684,-0.11007035523653,0.053582064807415,0.284381300210953,0.0539724826812744,-0.11006847769022,0.0539734065532684,-0.11007035523653,0.404914766550064,0.430039644241333,0.0539732873439789,-0.110067993402481,0.0535840652883053,0.284381091594696,0.053582064807415,0.284381300210953,0.0539732873439789,-0.110067993402481,0.404916822910309,0.430042028427124,0.0539722144603729,-0.110066071152687,0.0539724826812744,-0.11006847769022,0.0535840652883053,0.284381091594696,0.0539722144603729,-0.110066071152687,0.404912620782852,0.430042624473572
8.27680015563965,0.404760122299194,0.429994136095047,0.053979404270649,-0.11010118573904,0.053840059787035,0.284329384565353,0.0539784282445908,-0.110099323093891,0.053979404270649,-0.11010118573904,0.404757380485535,0.429995715618134,0.0539792366325855,-0.110098853707314,0.053842056542635,0.284329205751419,0.053840059787035,0.284329384565353,0.0539792366325855,-0.110098853707314,0.404759436845779,0.42999804019928,0.0539782680571079,-0.110096871852875,0.0539784282445908,-0.110099323093891,0.053842056542635,0.284329205751419,0.0539782680571079,-0.110096871852875,0.404755383729935,0.429998725652695
8.27740001678467,0.404602736234665,0.429950505495071,0.0539853982627392,-0.11013200879097,0.0540980659425259,0.284277200698853,0.0539843663573265,-0.110130175948143,0.0539853982627392,-0.11013200879097,0.404599994421005,0.42995211482048,0.0539851747453213,-0.110129691660404,0.0541001297533512,0.284276992082596,0.0540980659425259,0.284277200698853,0.0539851747453213,-0.110129691660404,0.404601991176605,0.429954469203949,0.0539842024445534,-0.110127709805965,0.0539843663573265,-0.110130175948143,0.0541001297533512,0.284276992082596,0.0539842024445534,-0.110127709805965,0.40459793806076,0.429955095052719
8.27799987792969,0.404445260763168,0.429907202720642,0.0539913289248943,-0.110162846744061,0.0543561428785324,0.284224689006805,0.0539903528988361,-0.110160991549492,0.0539913289248943,-0.110162846744061,0.404442489147186,0.429908752441406,0.0539911091327667,-0.110160544514656,0.0543581396341324,0.284224480390549,0.0543561428785324,0.284224689006805,0.0539911091327667,-0.110160544514656,0.404444485902786,0.429911106824875,0.0539901368319988,-0.110158562660217,0.0539903528988361,-0.110160991549492,0.0543581396341324,0.284224480390549,0.0539901368319988,-0.110158562660217,0.404440432786942,0.429911732673645
8.27859973907471,0.404287695884705,0.429864168167114,0.0539971999824047,-0.110193707048893,0.0546141564846039,0.284171879291534,0.0539962761104107,-0.110191822052002,0.0539971999824047,-0.110193707048893,0.404284983873367,0.429865777492523,0.0539970844984055,-0.110191345214844,0.0546162240207195,0.2841717004776,0.0546141564846039,0.284171879291534,0.0539970844984055,-0.110191345214844,0.40428701043129,0.429868102073669,0.0539960078895092,-0.110189415514469,0.0539962761104107,-0.110191822052002,0.0546162314713001,0.2841717004776,0.0539960078895092,-0.110189415514469,0.404282957315445,0.429868757724762
8.27919960021973,0.404130101203918,0.429821461439133,0.0540031120181084,-0.110224530100822,0.0548721849918365,0.284118801355362,0.0540021359920502,-0.110222667455673,0.0540031120181084,-0.110224530100822,0.404127418994904,0.429823100566864,0.0540029481053352,-0.110222198069096,0.0548742525279522,0.284118592739105,0.0548721849918365,0.284118801355362,0.0540029481053352,-0.110222198069096,0.404129415750504,0.42982542514801,0.0540019758045673,-0.110220216214657,0.0540021359920502,-0.110222667455673,0.0548742525279522,0.284118592739105,0.0540019758045673,-0.110220216214657,0.404125362634659,0.42982605099678
8.27980041503906,0.40397247672081,0.429779022932053,0.0540089644491673,-0.110255368053913,0.0551302768290043,0.284065395593643,0.0540080405771732,-0.110253483057022,0.0540089644491673,-0.110255368053913,0.403969764709473,0.429780662059784,0.0540088526904583,-0.110253013670444,0.0551322735846043,0.284065186977386,0.0551302768290043,0.284065395593643,0.0540088526904583,-0.110253013670444,0.403971791267395,0.429783016443253,0.0540078282356262,-0.110251054167747,0.0540080405771732,-0.110253483057022,0.0551322735846043,0.284065186977386,0.0540078282356262,-0.110251054167747,0.403967618942261,0.429783642292023
8.28040027618408,0.403814733028412,0.429736971855164,0.0540148094296455,-0.110286206007004,0.0553883090615273,0.284011662006378,0.0540138855576515,-0.110284321010113,0.0540148094296455,-0.110286206007004,0.403812110424042,0.429738581180573,0.0540146976709366,-0.110283851623535,0.0553903095424175,0.284011453390121,0.0553883090615273,0.284011662006378,0.0540146976709366,-0.110283851623535,0.403814166784286,0.429740905761719,0.0540136769413948,-0.110281892120838,0.0540138855576515,-0.110284321010113,0.0553903095424175,0.284011453390121,0.0540136769413948,-0.110281892120838,0.40380996465683,0.429741531610489
8.2810001373291,0.403657019138336,0.429695159196854,0.0540206991136074,-0.110317006707191,0.0556464120745659,0.283957630395889,0.0540197752416134,-0.1103151217103,0.0540206991136074,-0.110317006707191,0.403654396533966,0.429696768522263,0.0540205352008343,-0.110314667224884,0.0556484051048756,0.283957421779633,0.0556464120745659,0.283957630395889,0.0540205352008343,-0.110314667224884,0.403656452894211,0.429699122905731,0.0540195144712925,-0.110312722623348,0.0540197752416134,-0.1103151217103,0.0556484051048756,0.283957421779633,0.0540195144712925,-0.110312722623348,0.403652250766754,0.429699748754501
8.28159999847412,0.403499245643616,0.42965367436409,0.0540265291929245,-0.110347829759121,0.0559044480323792,0.283903270959854,0.0540256053209305,-0.110345937311649,0.0540265291929245,-0.110347829759121,0.403496563434601,0.429655283689499,0.0540263615548611,-0.110345490276814,0.0559065118432045,0.283903062343597,0.0559044480323792,0.283903270959854,0.0540263615548611,-0.110345490276814,0.403498560190201,0.429657638072968,0.0540253408253193,-0.110343530774117,0.0540256053209305,-0.110345937311649,0.0559065118432045,0.283903062343597,0.0540253408253193,-0.110343530774117,0.403494477272034,0.429658323526382
8.28219985961914,0.403341442346573,0.429612517356873,0.0540323480963707,-0.110378637909889,0.0561625584959984,0.283848643302917,0.0540313720703125,-0.110376782715321,0.0540323480963707,-0.110378637909889,0.403338730335236,0.429614126682281,0.0540321320295334,-0.110376328229904,0.0561645552515984,0.283848434686661,0.0561625584959984,0.283848643302917,0.0540321320295334,-0.110376328229904,0.403340727090836,0.429616451263428,0.0540311634540558,-0.110374353826046,0.0540313720703125,-0.110376782715321,0.0561645552515984,0.283848434686661,0.0540311634540558,-0.110374353826046,0.403336733579636,0.429617136716843
8.28279972076416,0.403183460235596,0.429571628570557,0.0540381073951721,-0.110409468412399,0.0564206019043922,0.283793717622757,0.0540371835231781,-0.110407575964928,0.0540381073951721,-0.110409468412399,0.403180778026581,0.429573237895966,0.0540379993617535,-0.11040710657835,0.0564225949347019,0.283793449401855,0.0564206019043922,0.283793717622757,0.0540379993617535,-0.11040710657835,0.40318289399147,0.429575592279434,0.0540369190275669,-0.110405176877975,0.0540371835231781,-0.110407575964928,0.0564226619899273,0.283793449401855,0.0540369190275669,-0.110405176877975,0.403178751468658,0.429576247930527
8.28339958190918,0.403025537729263,0.429531037807465,0.0540438592433929,-0.110440284013748,0.0566787198185921,0.283738434314728,0.0540429353713989,-0.110438399016857,0.0540438592433929,-0.110440284013748,0.403022855520248,0.429532647132874,0.0540437512099743,-0.11043793708086,0.0566807091236115,0.283738166093826,0.0566787198185921,0.283738434314728,0.0540437512099743,-0.11043793708086,0.403024971485138,0.42953497171402,0.0540427789092064,-0.110435947775841,0.0540429353713989,-0.110438399016857,0.0566807091236115,0.283738166093826,0.0540427789092064,-0.110435947775841,0.403020828962326,0.429535657167435
8.28400039672852,0.402867615222931,0.429490804672241,0.0540496036410332,-0.110471107065678,0.0569367595016956,0.283682823181152,0.0540486797690392,-0.110469214618206,0.0540496036410332,-0.110471107065678,0.402864933013916,0.42949241399765,0.0540494918823242,-0.110468745231628,0.0569387562572956,0.283682614564896,0.0569367595016956,0.283682823181152,0.0540494918823242,-0.110468745231628,0.402866929769516,0.429494768381119,0.0540485233068466,-0.11046676337719,0.0540486797690392,-0.110469214618206,0.0569387562572956,0.283682614564896,0.0540485233068466,-0.11046676337719,0.402862787246704,0.429495424032211
8.28460025787354,0.402709513902664,0.429450839757919,0.0540553368628025,-0.110501907765865,0.0571948774158955,0.283626973628998,0.0540544129908085,-0.110500022768974,0.0540553368628025,-0.110501907765865,0.402706801891327,0.429452449083328,0.0540552288293839,-0.110499560832977,0.0571968741714954,0.283626735210419,0.0571948774158955,0.283626973628998,0.0540552288293839,-0.110499560832977,0.402708858251572,0.429454773664474,0.054054256528616,-0.110497571527958,0.0540544129908085,-0.110500022768974,0.0571968741714954,0.283626735210419,0.054054256528616,-0.110497571527958,0.402704805135727,0.429455429315567
8.28520011901855,0.402551382780075,0.429411321878433,0.0540610589087009,-0.110532701015472,0.0574530735611916,0.283570766448975,0.0540601052343845,-0.110530816018581,0.0540610589087009,-0.110532701015472,0.402548909187317,0.42941278219223,0.0540608949959278,-0.110530361533165,0.0574549958109856,0.283570528030396,0.0574530735611916,0.283570766448975,0.0540608987212181,-0.110530368983746,0.40255081653595,0.429415255784988,0.0540599264204502,-0.110528379678726,0.0540601052343845,-0.110530816018581,0.0574549958109856,0.283570528030396,0.0540599264204502,-0.110528379678726,0.402546763420105,0.429415822029114
8.28579998016357,0.402393311262131,0.429371953010559,0.0540667213499546,-0.110563494265079,0.0577110536396503,0.28351429104805,0.0540657974779606,-0.11056162416935,0.0540667213499546,-0.110563494265079,0.402390599250793,0.429373562335968,0.0540665909647942,-0.110561162233353,0.0577131137251854,0.283514052629471,0.0577110536396503,0.28351429104805,0.0540665909647942,-0.110561162233353,0.402392715215683,0.429375827312469,0.0540655925869942,-0.110559187829494,0.0540657974779606,-0.11056162416935,0.0577131137251854,0.283514052629471,0.0540655925869942,-0.110559187829494,0.402388662099838,0.42937645316124
8.28639984130859,0.402235209941864,0.429332852363586,0.0540724061429501,-0.110594309866428,0.0579692386090755,0.283457458019257,0.054071456193924,-0.110592424869537,0.0540724061429501,-0.110594309866428,0.402232497930527,0.429334491491318,0.0540722720324993,-0.11059196293354,0.0579711683094501,0.283457249403,0.0579692386090755,0.283457458019257,0.0540722720324993,-0.11059196293354,0.402234613895416,0.429336756467819,0.0540712773799896,-0.110589988529682,0.054071456193924,-0.110592424869537,0.0579711683094501,0.283457249403,0.0540712773799896,-0.110589988529682,0.402230590581894,0.429337352514267
8.28699970245361,0.40207701921463,0.42929407954216,0.0540780536830425,-0.110625110566616,0.0582273602485657,0.283400356769562,0.0540771000087261,-0.110623225569725,0.0540780499577522,-0.110625103116035,0.402074337005615,0.429295718669891,0.0540779195725918,-0.110622756183147,0.0582292824983597,0.28340008854866,0.0582273602485657,0.283400356769562,0.0540779195725918,-0.110622756183147,0.402076452970505,0.429297983646393,0.0540769509971142,-0.110620781779289,0.0540771000087261,-0.110623225569725,0.0582292824983597,0.28340008854866,0.0540769509971142,-0.110620781779289,0.402072191238403,0.429298758506775
8.28759956359863,0.401918590068817,0.429255753755569,0.0540836900472641,-0.110655896365643,0.0584852732717991,0.283342927694321,0.054082740098238,-0.110654018819332,0.0540836900472641,-0.110655896365643,0.40191587805748,0.429257422685623,0.0540835596621037,-0.110653564333916,0.0584873296320438,0.283342659473419,0.0584852732717991,0.283342927694321,0.0540835596621037,-0.110653564333916,0.401918023824692,0.429259687662125,0.0540825612843037,-0.110651582479477,0.054082740098238,-0.110654018819332,0.0584873333573341,0.283342689275742,0.0540825612843037,-0.110651582479477,0.401914000511169,0.429260313510895
8.28820037841797,0.401760339736938,0.429217576980591,0.0540892966091633,-0.11068668961525,0.0587433874607086,0.283285200595856,0.0540883727371693,-0.110684804618359,0.0540892966091633,-0.11068668961525,0.401757657527924,0.429219245910645,0.0540891662240028,-0.110684357583523,0.0587453097105026,0.283284962177277,0.0587433911859989,0.283285230398178,0.0540891662240028,-0.110684357583523,0.401759773492813,0.429221510887146,0.0540881715714931,-0.110682383179665,0.0540883727371693,-0.110684804618359,0.0587453097105026,0.283284962177277,0.0540881715714931,-0.110682383179665,0.401755750179291,0.429222136735916
8.28880023956299,0.401602268218994,0.429179549217224,0.0540948919951916,-0.110717490315437,0.0590015724301338,0.283227145671844,0.0540939718484879,-0.110715597867966,0.0540948919951916,-0.110717490315437,0.401599377393723,0.429181396961212,0.0540947616100311,-0.110715143382549,0.0590034909546375,0.283226877450943,0.0590015724301338,0.283227145671844,0.0540947616100311,-0.110715143382549,0.401601284742355,0.429183840751648,0.0540937930345535,-0.110713161528111,0.0540939718484879,-0.110715597867966,0.0590034909546375,0.283226877450943,0.0540937930345535,-0.110713161528111,0.401597231626511,0.429184436798096
8.28940010070801,0.401443749666214,0.429142206907272,0.0541004799306393,-0.110748268663883,0.0592596828937531,0.283168762922287,0.0540995597839355,-0.110746383666992,0.0541004799306393,-0.110748268663883,0.401441067457199,0.429143816232681,0.0541003234684467,-0.110745929181576,0.0592616014182568,0.283168524503708,0.0592596828937531,0.283168762922287,0.0541003234684467,-0.110745929181576,0.401443183422089,0.429146081209183,0.0540993548929691,-0.110743954777718,0.0540995597839355,-0.110746383666992,0.0592616014182568,0.283168524503708,0.0540993548929691,-0.110743947327137,0.401438921689987,0.429146856069565
8.28999996185303,0.401285141706467,0.4291051030159,0.054106030613184,-0.11077905446291,0.0595177225768566,0.283110111951828,0.0541051104664803,-0.110777169466019,0.054106030613184,-0.11077906191349,0.401282519102097,0.429106771945953,0.0541058778762817,-0.110776722431183,0.0595196485519409,0.283109873533249,0.0595177225768566,0.283110111951828,0.0541058778762817,-0.110776722431183,0.401284575462341,0.42910897731781,0.0541049093008041,-0.110774740576744,0.0541051104664803,-0.110777169466019,0.0595196485519409,0.283109873533249,0.0541049093008041,-0.110774740576744,0.401280552148819,0.429109662771225
8.29059982299805,0.401126712560654,0.429068148136139,0.0541115738451481,-0.110809840261936,0.0597758255898952,0.283051133155823,0.0541106536984444,-0.110807955265045,0.0541115738451481,-0.110809840261936,0.401124060153961,0.429069817066193,0.0541114211082458,-0.110807500779629,0.0597777552902699,0.283050894737244,0.0597758255898952,0.283051133155823,0.0541114211082458,-0.110807500779629,0.401126176118851,0.429072082042694,0.0541104525327682,-0.11080551892519,0.0541106536984444,-0.110807955265045,0.0597777552902699,0.283050894737244,0.0541104525327682,-0.11080551892519,0.401122152805328,0.429072707891464
8.29119968414307,0.400968104600906,0.429031699895859,0.0541170835494995,-0.110840618610382,0.0600338615477085,0.282991856336594,0.0541161634027958,-0.11083872616291,0.0541170835494995,-0.110840618610382,0.400965392589569,0.429033368825912,0.0541169568896294,-0.110838286578655,0.0600357875227928,0.282991617918015,0.0600338615477085,0.282991856336594,0.0541169568896294,-0.110838286578655,0.400967508554459,0.429035633802414,0.0541159883141518,-0.110836297273636,0.0541161634027958,-0.11083872616291,0.0600357875227928,0.282991617918015,0.0541159883141518,-0.110836297273636,0.400963485240936,0.429036259651184
8.29179954528809,0.400809586048126,0.428995400667191,0.0541225858032703,-0.110871389508247,0.0602919608354568,0.282932281494141,0.0541216619312763,-0.110869511961937,0.0541225858032703,-0.110871389508247,0.400806903839111,0.428997009992599,0.0541224591434002,-0.110869057476521,0.0602938793599606,0.282932013273239,0.0602919608354568,0.282932281494141,0.0541224591434002,-0.110869057476521,0.400809019804001,0.428999274969101,0.0541214644908905,-0.110867075622082,0.0541216619312763,-0.110869511961937,0.0602938868105412,0.282932043075562,0.0541214644908905,-0.110867075622082,0.400805026292801,0.428999900817871
8.29240036010742,0.400651007890701,0.428959339857101,0.0541280545294285,-0.110902167856693,0.0605499893426895,0.282872349023819,0.0541271306574345,-0.110900282859802,0.0541280545294285,-0.110902167856693,0.400648385286331,0.428961008787155,0.0541279502213001,-0.110899835824966,0.060552041977644,0.282872080802917,0.0605499893426895,0.282872349023819,0.0541279502213001,-0.110899835824966,0.400650501251221,0.428963273763657,0.0541269853711128,-0.110897853970528,0.0541271306574345,-0.110900282859802,0.060552041977644,0.282872080802917,0.0541269853711128,-0.110897853970528,0.400646507740021,0.428963929414749
8.29300022125244,0.400492489337921,0.428923666477203,0.0541335120797157,-0.110932946205139,0.0608079433441162,0.282812178134918,0.0541325882077217,-0.110931061208248,0.0541335120797157,-0.110932946205139,0.400489807128906,0.428925275802612,0.0541334114968777,-0.110930606722832,0.0608099959790707,0.282811909914017,0.0608079433441162,0.282812178134918,0.0541334114968777,-0.110930606722832,0.400491923093796,0.428927540779114,0.0541324429214001,-0.110928617417812,0.0541325882077217,-0.110931061208248,0.0608099959790707,0.282811909914017,0.0541324429214001,-0.110928617417812,0.400487691164017,0.428928345441818
8.29360008239746,0.400333672761917,0.428888410329819,0.0541389584541321,-0.110963717103004,0.0610659644007683,0.282751679420471,0.0541380383074284,-0.110961832106113,0.0541389584541321,-0.110963717103004,0.400330990552902,0.428890079259872,0.0541388615965843,-0.110961377620697,0.0610680170357227,0.282751381397247,0.0610659644007683,0.282751679420471,0.0541388615965843,-0.110961377620697,0.400333106517792,0.428892344236374,0.0541378632187843,-0.110959403216839,0.0541380383074284,-0.110961824655533,0.0610680170357227,0.282751381397247,0.0541378892958164,-0.110959388315678,0.400329113006592,0.428892940282822
8.29419994354248,0.400175005197525,0.428853303194046,0.0541444011032581,-0.110994480550289,0.0613241717219353,0.282690793275833,0.0541434809565544,-0.110992595553398,0.0541444011032581,-0.110994480550289,0.400172382593155,0.4288549721241,0.054144274443388,-0.110992133617401,0.061326090246439,0.282690525054932,0.0613241717219353,0.282690793275833,0.054144274443388,-0.110992133617401,0.4001744389534,0.428857177495956,0.0541433095932007,-0.110990151762962,0.0541434809565544,-0.110992595553398,0.061326090246439,0.282690525054932,0.0541433095932007,-0.110990151762962,0.400170236825943,0.428858011960983
8.2947998046875,0.400016129016876,0.428818702697754,0.0541498064994812,-0.111025243997574,0.0615821816027164,0.282629668712616,0.0541488863527775,-0.111023359000683,0.0541498064994812,-0.111025243997574,0.400013506412506,0.428820371627808,0.0541496835649014,-0.111022904515266,0.0615842342376709,0.282629370689392,0.0615821816027164,0.282629668712616,0.0541496835649014,-0.111022904515266,0.400015562772751,0.428822606801987,0.0541487149894238,-0.111020915210247,0.0541488863527775,-0.111023359000683,0.0615842342376709,0.282629370689392,0.0541487149894238,-0.111020915210247,0.400011569261551,0.428823202848434
8.29539966583252,0.399857401847839,0.428784191608429,0.0541551783680916,-0.111056014895439,0.0618402436375618,0.282568156719208,0.0541542582213879,-0.111054122447968,0.0541551783680916,-0.111056014895439,0.399854719638824,0.428785860538483,0.0541550554335117,-0.111053675413132,0.0618421621620655,0.282567888498306,0.0618402436375618,0.282568156719208,0.0541550554335117,-0.111053675413132,0.399856626987457,0.428788304328918,0.0541540868580341,-0.111051686108112,0.0541542582213879,-0.111054122447968,0.0618421621620655,0.282567888498306,0.0541540868580341,-0.111051686108112,0.399852633476257,0.428788930177689
8.29599952697754,0.399698674678802,0.428750038146973,0.0541605651378632,-0.111086770892143,0.0620982386171818,0.282506436109543,0.0541596449911594,-0.111084878444672,0.0541605651378632,-0.111086770892143,0.399695813655853,0.428751915693283,0.0541604161262512,-0.111084423959255,0.0621002838015556,0.282506108283997,0.0620982386171818,0.282506436109543,0.0541604161262512,-0.111084423959255,0.39969789981842,0.42875412106514,0.0541594512760639,-0.111082442104816,0.0541596449911594,-0.111084878444672,0.0621002838015556,0.282506108283997,0.0541594475507736,-0.111082442104816,0.39969390630722,0.42875474691391
8.29660034179688,0.399539649486542,0.428716331720352,0.0541659221053123,-0.111117526888847,0.0623562894761562,0.282444328069687,0.0541649982333183,-0.111115626990795,0.0541659221053123,-0.111117526888847,0.39953675866127,0.428718149662018,0.0541657730937004,-0.111115179955959,0.0623582005500793,0.282444059848785,0.0623562894761562,0.282444328069687,0.0541657730937004,-0.111115179955959,0.39953887462616,0.428720414638519,0.0541648045182228,-0.111113198101521,0.0541649982333183,-0.111115626990795,0.0623582005500793,0.282444059848785,0.0541648045182228,-0.111113198101521,0.39953488111496,0.428721070289612
8.29720020294189,0.399380832910538,0.428682804107666,0.0541712120175362,-0.111148275434971,0.0626141279935837,0.282381981611252,0.0541702918708324,-0.11114639043808,0.0541712120175362,-0.111148275434971,0.399377971887589,0.428684651851654,0.0541711151599884,-0.111145928502083,0.0626161769032478,0.282381653785706,0.0626141279935837,0.282381981611252,0.0541711151599884,-0.111145928502083,0.399380058050156,0.428686916828156,0.0541701503098011,-0.111143946647644,0.0541702918708324,-0.11114639043808,0.0626163184642792,0.282381653785706,0.0541701503098011,-0.111143946647644,0.399376094341278,0.428687542676926
8.29780006408691,0.399221986532211,0.428649514913559,0.0541765503585339,-0.111179023981094,0.0628721639513969,0.282319277524948,0.0541756264865398,-0.111177131533623,0.0541765503585339,-0.111179023981094,0.39921909570694,0.428651392459869,0.0541764311492443,-0.111176691949368,0.0628742054104805,0.282318919897079,0.0628721639513969,0.282319277524948,0.0541764311492443,-0.111176691949368,0.399221211671829,0.428653657436371,0.0541754588484764,-0.111174702644348,0.0541756264865398,-0.111177131533623,0.0628742054104805,0.282318919897079,0.0541754588484764,-0.111174702644348,0.399217009544373,0.428654491901398
8.29839992523193,0.399062871932983,0.428616791963577,0.0541818253695965,-0.111209779977798,0.0631301254034042,0.282256245613098,0.0541809052228928,-0.111207887530327,0.0541818253695965,-0.111209779977798,0.399060219526291,0.428618431091309,0.054181732237339,-0.11120743304491,0.0631321668624878,0.282255917787552,0.0631301254034042,0.282256245613098,0.054181732237339,-0.11120743304491,0.399062305688858,0.42862069606781,0.0541807636618614,-0.111205443739891,0.0541809052228928,-0.111207887530327,0.0631321668624878,0.282255917787552,0.0541807636618614,-0.111205443739891,0.399058133363724,0.428621530532837
8.29899978637695,0.398903906345367,0.42858412861824,0.0541870966553688,-0.111240521073341,0.0633881390094757,0.282192915678024,0.0541861988604069,-0.11123862862587,0.0541870966553688,-0.111240521073341,0.39890131354332,0.428585857152939,0.054186999797821,-0.111238189041615,0.0633901879191399,0.282192587852478,0.0633881390094757,0.282192915678024,0.054186999797821,-0.111238189041615,0.398903369903564,0.428588092327118,0.0541860312223434,-0.111236192286015,0.0541861988604069,-0.11123862862587,0.0633901879191399,0.282192587852478,0.0541860312223434,-0.111236192286015,0.398898988962173,0.428589075803757
8.29959964752197,0.398744940757751,0.428551822900772,0.0541923530399799,-0.111271262168884,0.0636460781097412,0.282129287719727,0.0541914328932762,-0.111269377171993,0.0541923530399799,-0.111271262168884,0.398742139339447,0.428553700447083,0.0541922599077225,-0.111268922686577,0.0636479929089546,0.282128989696503,0.0636460781097412,0.282129287719727,0.0541922599077225,-0.111268922686577,0.398744225502014,0.428555935621262,0.0541912913322449,-0.111266933381557,0.0541914328932762,-0.111269377171993,0.0636479929089546,0.282128989696503,0.0541912913322449,-0.111266933381557,0.398740023374557,0.428556799888611
8.30020046234131,0.398585736751556,0.428519994020462,0.0541976019740105,-0.111302010715008,0.0639040768146515,0.282065331935883,0.0541966818273067,-0.111300118267536,0.0541976019740105,-0.111302010715008,0.398583143949509,0.428521692752838,0.0541974827647209,-0.1112996712327,0.0639059916138649,0.282065004110336,0.0639040768146515,0.282065331935883,0.0541974827647209,-0.1112996712327,0.398585200309753,0.428523927927017,0.0541965141892433,-0.1112976744771,0.0541966818273067,-0.111300118267536,0.0639059916138649,0.282065004110336,0.0541965402662754,-0.111297659575939,0.398580849170685,0.428524941205978
8.30080032348633,0.398426532745361,0.428488522768021,0.0542027913033962,-0.111332751810551,0.0641619935631752,0.282001078128815,0.0542018935084343,-0.111330844461918,0.0542027913033962,-0.111332751810551,0.398423850536346,0.428490161895752,0.0542026981711388,-0.111330397427082,0.064163900911808,0.282000720500946,0.0641619935631752,0.282001078128815,0.0542026981711388,-0.111330404877663,0.398425966501236,0.428492426872253,0.0542017295956612,-0.111328408122063,0.0542018935084343,-0.111330844461918,0.064163900911808,0.282000720500946,0.0542017295956612,-0.111328408122063,0.398422002792358,0.428493052721024
8.30140018463135,0.398267239332199,0.428457319736481,0.0542080216109753,-0.111363478004932,0.0644198358058929,0.281936496496201,0.0542071051895618,-0.111361585557461,0.0542080216109753,-0.111363478004932,0.398264586925507,0.428458958864212,0.0542079024016857,-0.111361138522625,0.0644218847155571,0.281936168670654,0.0644198358058929,0.281936496496201,0.0542079024016857,-0.111361138522625,0.398266673088074,0.428461223840714,0.0542069636285305,-0.111359141767025,0.0542071051895618,-0.111361585557461,0.0644218847155571,0.281936168670654,0.0542069636285305,-0.111359141767025,0.398262739181519,0.428461879491806
8.30200004577637,0.39810836315155,0.428426027297974,0.0542131923139095,-0.111394204199314,0.0646777302026749,0.28187158703804,0.0542122758924961,-0.111392319202423,0.0542131923139095,-0.111394204199314,0.398105472326279,0.428427904844284,0.0542130768299103,-0.111391872167587,0.064679779112339,0.281871289014816,0.0646777302026749,0.28187158703804,0.0542130768299103,-0.111391872167587,0.398107588291168,0.428430169820786,0.0542121380567551,-0.111389882862568,0.0542122758924961,-0.111392319202423,0.064679779112339,0.281871289014816,0.0542121380567551,-0.111389882862568,0.398103445768356,0.428431004285812
8.30259990692139,0.39794921875,0.428395301103592,0.0542183592915535,-0.111424937844276,0.0649355500936508,0.281806409358978,0.0542174391448498,-0.111423045396805,0.0542183592915535,-0.111424937844276,0.397946149110794,0.428397327661514,0.0542182400822639,-0.111422590911388,0.0649377331137657,0.281806081533432,0.0649355500936508,0.281806409358978,0.0542182400822639,-0.111422590911388,0.397948265075684,0.428399622440338,0.0542172975838184,-0.111420601606369,0.0542174391448498,-0.111423045396805,0.0649377331137657,0.281806081533432,0.0542172975838184,-0.111420601606369,0.397944301366806,0.428400218486786
8.30319976806641,0.397789835929871,0.428365021944046,0.0542234852910042,-0.111455664038658,0.0651934221386909,0.28174090385437,0.0542225912213326,-0.111453764140606,0.0542234852910042,-0.111455664038658,0.397787034511566,0.428366869688034,0.0542233698070049,-0.11145331710577,0.0651956051588058,0.281740546226501,0.0651934221386909,0.28174090385437,0.0542233698070049,-0.11145331710577,0.397789090871811,0.428369104862213,0.0542224049568176,-0.111451335251331,0.0542225912213326,-0.111453764140606,0.0651956051588058,0.281740546226501,0.0542224273085594,-0.11145132035017,0.397785127162933,0.428369790315628
8.30379962921143,0.397630453109741,0.428335070610046,0.0542286075651646,-0.11148639023304,0.065451480448246,0.281675010919571,0.0542276836931705,-0.111484490334988,0.0542286075651646,-0.11148639023304,0.397627830505371,0.4283367395401,0.0542285144329071,-0.111484043300152,0.0654533952474594,0.281674712896347,0.065451480448246,0.281675010919571,0.0542285144329071,-0.111484043300152,0.397629886865616,0.428338974714279,0.0542275458574295,-0.111482053995132,0.0542276836931705,-0.111484490334988,0.0654533952474594,0.281674712896347,0.0542275458574295,-0.111482053995132,0.397625952959061,0.428339660167694
8.30440044403076,0.397471219301224,0.428305208683014,0.0542336888611317,-0.111517116427422,0.0657093301415443,0.281608909368515,0.0542327985167503,-0.111515216529369,0.0542336888611317,-0.111517116427422,0.397468596696854,0.42830690741539,0.0542336031794548,-0.111514769494534,0.0657112449407578,0.281608581542969,0.0657093301415443,0.281608909368515,0.0542336031794548,-0.111514769494534,0.397470653057098,0.428309142589569,0.0542326606810093,-0.111512772738934,0.0542327985167503,-0.111515216529369,0.0657112449407578,0.281608581542969,0.0542326606810093,-0.111512772738934,0.397466510534286,0.428310006856918
8.30500030517578,0.397311985492706,0.42827570438385,0.0542387925088406,-0.111547827720642,0.0659670904278755,0.28154245018959,0.0542378723621368,-0.111545942723751,0.0542387925088406,-0.111547827720642,0.397309333086014,0.428277403116226,0.0542386770248413,-0.111545488238335,0.0659691393375397,0.281542092561722,0.0659670904278755,0.28154245018959,0.0542386770248413,-0.111545488238335,0.397311419248581,0.428279638290405,0.0542377382516861,-0.111543491482735,0.0542378723621368,-0.111545942723751,0.0659691393375397,0.281542092561722,0.0542377382516861,-0.111543491482735,0.397307276725769,0.428280502557755
8.3056001663208,0.397152453660965,0.428246706724167,0.0542438589036465,-0.111578539013863,0.0662247836589813,0.281475752592087,0.0542429648339748,-0.11157663911581,0.0542438589036465,-0.111578539013863,0.397149831056595,0.428248405456543,0.0542437434196472,-0.111576199531555,0.0662269592285156,0.281475365161896,0.0662247836589813,0.281475752592087,0.0542437434196472,-0.111576199531555,0.397151947021484,0.428250670433044,0.054242804646492,-0.111574202775955,0.0542429648339748,-0.11157663911581,0.0662269592285156,0.281475365161896,0.054242804646492,-0.111574202775955,0.397148013114929,0.428251326084137
8.30620002746582,0.396993190050125,0.428217858076096,0.0542488917708397,-0.111609257757664,0.0664826482534409,0.28140863776207,0.0542479977011681,-0.111607357859612,0.0542488917708397,-0.111609257757664,0.396990358829498,0.428219735622406,0.0542488060891628,-0.111606918275356,0.066484697163105,0.281408250331879,0.0664826482534409,0.28140863776207,0.0542488060891628,-0.111606918275356,0.396992415189743,0.428221970796585,0.0542478412389755,-0.111604921519756,0.0542479977011681,-0.111607357859612,0.066484697163105,0.281408250331879,0.0542478412389755,-0.111604921519756,0.396988481283188,0.428222596645355
8.30679988861084,0.396833807229996,0.428189277648926,0.0542539432644844,-0.111639961600304,0.066740445792675,0.281341254711151,0.0542530231177807,-0.111638054251671,0.0542539432644844,-0.111639961600304,0.396831214427948,0.428190976381302,0.0542538575828075,-0.111637622117996,0.066742479801178,0.28134086728096,0.066740445792675,0.281341254711151,0.0542538315057755,-0.111637629568577,0.396833300590515,0.428193211555481,0.0542528890073299,-0.111635632812977,0.0542530231177807,-0.111638054251671,0.066742479801178,0.28134086728096,0.0542528890073299,-0.111635625362396,0.396828889846802,0.428194224834442
8.30739974975586,0.39667421579361,0.428161114454269,0.054258931428194,-0.111670680344105,0.066998153924942,0.281273543834686,0.0542580373585224,-0.111668765544891,0.054258931428194,-0.111670680344105,0.396671622991562,0.42816287279129,0.0542588457465172,-0.111668333411217,0.067000187933445,0.281273186206818,0.066998153924942,0.281273543834686,0.0542588457465172,-0.111668333411217,0.396673709154129,0.428165078163147,0.0542578771710396,-0.111666336655617,0.0542580373585224,-0.111668765544891,0.067000187933445,0.281273186206818,0.0542578771710396,-0.111666336655617,0.396669566631317,0.428165882825851
8.30799961090088,0.396514773368835,0.428133219480515,0.0542639121413231,-0.111701376736164,0.0672559067606926,0.281205534934998,0.0542630143463612,-0.111699476838112,0.0542639121413231,-0.111701376736164,0.396512091159821,0.428134948015213,0.0542638264596462,-0.111699037253857,0.0672578141093254,0.281205177307129,0.0672559067606926,0.281205534934998,0.0542638264596462,-0.111699037253857,0.396514296531677,0.428137183189392,0.0542628839612007,-0.111697040498257,0.0542630143463612,-0.111699476838112,0.0672578141093254,0.281205177307129,0.0542628839612007,-0.111697040498257,0.396510154008865,0.428138017654419
8.30860042572021,0.396355301141739,0.428105652332306,0.0542689077556133,-0.111732073128223,0.0675135776400566,0.28113716840744,0.054268017411232,-0.111730180680752,0.0542689077556133,-0.111732073128223,0.396352559328079,0.428107380867004,0.0542688220739365,-0.111729726195335,0.0675156190991402,0.281136810779572,0.0675135776400566,0.28113716840744,0.0542688220739365,-0.111729726195335,0.396354734897614,0.428109586238861,0.0542678833007813,-0.111727729439735,0.054268017411232,-0.111730180680752,0.0675156190991402,0.281136810779572,0.0542678833007813,-0.111727729439735,0.396350651979446,0.42811045050621
8.30920028686523,0.39619579911232,0.428078383207321,0.0542738437652588,-0.111762776970863,0.0677713081240654,0.281068533658981,0.0542729496955872,-0.111760877072811,0.0542738437652588,-0.111762776970863,0.396193146705627,0.428080141544342,0.0542737618088722,-0.111760444939137,0.0677732080221176,0.281068205833435,0.0677713081240654,0.281068533658981,0.0542737618088722,-0.111760444939137,0.396195203065872,0.428082346916199,0.0542727969586849,-0.111758440732956,0.0542729496955872,-0.111760877072811,0.0677732080221176,0.281068205833435,0.0542727969586849,-0.111758440732956,0.396191149950027,0.428083151578903
8.30980014801025,0.396036237478256,0.428051471710205,0.0542787984013557,-0.111793473362923,0.0680290758609772,0.280999541282654,0.0542778819799423,-0.11179157346487,0.0542787984013557,-0.111793473362923,0.396033614873886,0.428053230047226,0.0542787127196789,-0.111791133880615,0.06803098320961,0.280999213457108,0.0680290758609772,0.280999541282654,0.0542787127196789,-0.111791133880615,0.396035701036453,0.428055375814438,0.0542777478694916,-0.111789129674435,0.0542778819799423,-0.11179157346487,0.06803098320961,0.280999213457108,0.0542777478694916,-0.111789129674435,0.396031558513641,0.428056210279465
8.31040000915527,0.395876705646515,0.428024798631668,0.0542836897075176,-0.111824162304401,0.0682866275310516,0.280930280685425,0.0542827993631363,-0.11182226985693,0.0542836897075176,-0.111824162304401,0.3958740234375,0.428026586771011,0.0542836077511311,-0.111821822822094,0.0682886689901352,0.280929923057556,0.0682866275310516,0.280930280685425,0.0542836077511311,-0.111821822822094,0.395876199007034,0.428028732538223,0.0542826950550079,-0.111819818615913,0.0542827993631363,-0.11182226985693,0.0682886689901352,0.280929923057556,0.0542826950550079,-0.111819818615913,0.395872056484222,0.428029626607895
8.31099987030029,0.395717054605484,0.427998512983322,0.054288599640131,-0.11185485124588,0.0685442388057709,0.280860722064972,0.0542877092957497,-0.111852958798409,0.054288599640131,-0.11185485124588,0.395714491605759,0.428000241518021,0.0542885176837444,-0.111852504312992,0.0685461387038231,0.280860364437103,0.0685442388057709,0.280860722064972,0.0542885176837444,-0.111852504312992,0.395716547966003,0.428002417087555,0.0542875789105892,-0.111850515007973,0.0542877092957497,-0.111852958798409,0.0685461387038231,0.280860364437103,0.0542875789105892,-0.111850515007973,0.395712405443192,0.428003311157227
8.31159973144531,0.39555749297142,0.427972465753555,0.054293479770422,-0.111885547637939,0.0688018873333931,0.28079080581665,0.0542925819754601,-0.111883632838726,0.054293479770422,-0.111885547637939,0.395554810762405,0.427974194288254,0.0542933940887451,-0.111883200705051,0.0688037946820259,0.280790477991104,0.0688018873333931,0.28079080581665,0.0542933940887451,-0.111883200705051,0.39555698633194,0.427976429462433,0.0542924553155899,-0.111881203949451,0.0542925819754601,-0.111883632838726,0.0688037946820259,0.280790477991104,0.0542924553155899,-0.111881203949451,0.395552843809128,0.427977293729782
8.31219959259033,0.395397901535034,0.427946746349335,0.0542983412742615,-0.111916221678257,0.0690593272447586,0.280720621347427,0.0542974509298801,-0.111914321780205,0.0542983412742615,-0.111916221678257,0.395395249128342,0.427948534488678,0.0542982369661331,-0.11191388219595,0.0690614879131317,0.280720174312592,0.0690593272447586,0.280720621347427,0.0542982369661331,-0.11191388219595,0.395397305488586,0.427950739860535,0.0542973205447197,-0.111911877989769,0.0542974509298801,-0.111914321780205,0.0690614879131317,0.280720174312592,0.0542973205447197,-0.111911870539188,0.395393162965775,0.427951604127884
8.31280040740967,0.395238310098648,0.427921384572983,0.0543031767010689,-0.111946910619736,0.0693169310688972,0.280650079250336,0.0543022826313972,-0.111945010721684,0.0543031767010689,-0.111946910619736,0.395235598087311,0.427923172712326,0.0543030947446823,-0.111944563686848,0.0693189650774002,0.280649691820145,0.0693169310688972,0.280650079250336,0.0543030947446823,-0.111944571137428,0.395237684249878,0.42792534828186,0.0543021559715271,-0.111942559480667,0.0543022826313972,-0.111945010721684,0.0693189650774002,0.280649691820145,0.0543021559715271,-0.111942559480667,0.395233541727066,0.427926182746887
8.31340026855469,0.395078539848328,0.427896320819855,0.0543079972267151,-0.111977592110634,0.0695744603872299,0.280579209327698,0.0543071031570435,-0.111975684762001,0.0543079972267151,-0.111977592110634,0.395075917243958,0.427898079156876,0.0543079152703285,-0.111975237727165,0.0695764943957329,0.280578851699829,0.0695744603872299,0.280579209327698,0.0543079152703285,-0.111975237727165,0.395078003406525,0.42790025472641,0.0543069764971733,-0.111973240971565,0.0543071031570435,-0.111975684762001,0.0695764943957329,0.280578851699829,0.0543069764971733,-0.111973240971565,0.395073890686035,0.427901089191437
8.31400012969971,0.394918859004974,0.427871555089951,0.0543128103017807,-0.112008266150951,0.0698320344090462,0.280508071184158,0.054311890155077,-0.112006358802319,0.0543128103017807,-0.112008266150951,0.394916266202927,0.427873313426971,0.0543127320706844,-0.112005919218063,0.0698340609669685,0.280507653951645,0.0698320344090462,0.280508071184158,0.0543127320706844,-0.112005919218063,0.394918352365494,0.427875518798828,0.0543117672204971,-0.112003915011883,0.054311890155077,-0.112006358802319,0.0698340609669685,0.280507653951645,0.0543117672204971,-0.112003915011883,0.394914239645004,0.427876353263855
8.31459999084473,0.394759178161621,0.427847146987915,0.0543175898492336,-0.112038932740688,0.0700895190238953,0.280436605215073,0.0543166734278202,-0.112037032842636,0.0543175898492336,-0.112038932740688,0.394756466150284,0.427848845720291,0.0543175116181374,-0.112036593258381,0.0700915455818176,0.280436187982559,0.0700895190238953,0.280436605215073,0.0543175116181374,-0.112036593258381,0.394758641719818,0.427851021289825,0.0543165728449821,-0.1120345890522,0.0543166734278202,-0.112037032842636,0.0700915455818176,0.280436187982559,0.0543165728449821,-0.1120345890522,0.394754528999329,0.427851945161819
8.31519985198975,0.394599437713623,0.427822977304459,0.054322361946106,-0.112069606781006,0.0703469142317772,0.280364781618118,0.0543214455246925,-0.112067699432373,0.054322361946106,-0.112069606781006,0.394596785306931,0.427824765443802,0.0543222799897194,-0.112067259848118,0.0703489482402802,0.280364394187927,0.0703469142317772,0.280364781618118,0.0543222799897194,-0.112067259848118,0.394598931074142,0.427826970815659,0.0543213412165642,-0.112065255641937,0.0543214455246925,-0.112067699432373,0.0703489482402802,0.280364394187927,0.0543213412165642,-0.112065255641937,0.394594818353653,0.427827805280685
8.31579971313477,0.394439727067947,0.427799195051193,0.0543270707130432,-0.112100280821323,0.0706043541431427,0.280292689800262,0.0543262027204037,-0.11209836602211,0.0543270707130432,-0.112100280821323,0.39443701505661,0.427800923585892,0.054327018558979,-0.112097941339016,0.0706063807010651,0.280292272567749,0.0706043541431427,0.280292689800262,0.054327018558979,-0.112097941339016,0.394439160823822,0.427803099155426,0.0543260797858238,-0.112095922231674,0.0543262027204037,-0.11209836602211,0.0706063807010651,0.280292272567749,0.0543260797858238,-0.112095922231674,0.394435077905655,0.427803963422775
8.31639957427979,0.394279927015305,0.427775621414185,0.0543318241834641,-0.11213093996048,0.0708618387579918,0.280220240354538,0.0543309077620506,-0.112129040062428,0.0543318241834641,-0.11213093996048,0.394277304410934,0.427777469158173,0.0543317459523678,-0.112128600478172,0.070863738656044,0.280219882726669,0.0708618387579918,0.280220240354538,0.0543317459523678,-0.112128600478172,0.394279420375824,0.427779644727707,0.0543308034539223,-0.112126588821411,0.0543309077620506,-0.112129040062428,0.070863738656044,0.280219882726669,0.0543308034539223,-0.112126588821411,0.394275337457657,0.427780508995056
8.31700038909912,0.394120126962662,0.427752435207367,0.0543365404009819,-0.112161599099636,0.0711191073060036,0.280147552490234,0.0543356500566006,-0.112159691751003,0.0543365143239498,-0.112161606550217,0.394117563962936,0.427754253149033,0.0543364658951759,-0.112159259617329,0.0711211338639259,0.280147135257721,0.0711191073060036,0.280147552490234,0.0543364658951759,-0.112159259617329,0.394119620323181,0.427756398916245,0.0543355233967304,-0.112157240509987,0.0543356500566006,-0.112159691751003,0.0711211338639259,0.280147135257721,0.0543355233967304,-0.112157240509987,0.394115537405014,0.427757292985916
8.31760025024414,0.393960356712341,0.427729576826096,0.0543412230908871,-0.112192250788212,0.0713764131069183,0.280074536800385,0.0543403327465057,-0.11219035834074,0.0543412230908871,-0.112192250788212,0.393957793712616,0.427731424570084,0.0543411448597908,-0.112189911305904,0.0713785737752914,0.280074059963226,0.0713764131069183,0.280074536800385,0.0543411448597908,-0.112189911305904,0.393959820270538,0.427733510732651,0.0543402060866356,-0.112187914550304,0.0543403327465057,-0.11219035834074,0.0713785737752914,0.280074059963226,0.0543402060866356,-0.112187914550304,0.393955767154694,0.427734434604645
8.31820011138916,0.393800616264343,0.427707016468048,0.0543458983302116,-0.112222909927368,0.0716337636113167,0.280001133680344,0.05434500426054,-0.112221002578735,0.0543458983302116,-0.112222909927368,0.393797963857651,0.427708834409714,0.0543458499014378,-0.112220570445061,0.071635790169239,0.28000071644783,0.0716337636113167,0.280001133680344,0.0543458499014378,-0.112220570445061,0.393800020217896,0.427711009979248,0.0543448850512505,-0.11221856623888,0.05434500426054,-0.112221002578735,0.071635790169239,0.28000071644783,0.0543448850512505,-0.11221856623888,0.393795907497406,0.42771190404892
8.31879997253418,0.393640726804733,0.427684754133224,0.0543505363166332,-0.112253569066525,0.071891151368618,0.279927402734756,0.054349672049284,-0.112251654267311,0.0543505363166332,-0.112253569066525,0.393638074398041,0.427686601877213,0.0543504618108273,-0.112251222133636,0.0718930438160896,0.279927015304565,0.071891151368618,0.279927402734756,0.0543504618108273,-0.112251222133636,0.393640249967575,0.427688717842102,0.0543495491147041,-0.112249217927456,0.054349672049284,-0.112251654267311,0.0718930438160896,0.279927015304565,0.0543495491147041,-0.112249217927456,0.393636107444763,0.427689611911774
8.3193998336792,0.393481016159058,0.42766284942627,0.0543551929295063,-0.112284205853939,0.072148323059082,0.27985343337059,0.054354302585125,-0.112282305955887,0.0543551929295063,-0.112284205853939,0.393478214740753,0.427664697170258,0.0543551184237003,-0.112281873822212,0.0721503496170044,0.279853016138077,0.072148323059082,0.27985343337059,0.0543551184237003,-0.112281881272793,0.393480390310287,0.427666813135147,0.0543542057275772,-0.112279862165451,0.054354302585125,-0.112282305955887,0.0721503496170044,0.279853016138077,0.0543542020022869,-0.11227985471487,0.393476277589798,0.427667707204819
8.31999969482422,0.393321067094803,0.427641212940216,0.0543597862124443,-0.112314864993095,0.0724053978919983,0.2797791659832,0.0543589219450951,-0.112312950193882,0.0543597862124443,-0.112314864993095,0.39331841468811,0.427643030881882,0.0543597154319286,-0.112312518060207,0.0724075511097908,0.279778689146042,0.0724053978919983,0.2797791659832,0.0543597154319286,-0.112312518060207,0.393320560455322,0.427645206451416,0.0543588027358055,-0.112310513854027,0.0543589219450951,-0.112312950193882,0.0724075511097908,0.279778689146042,0.0543588027358055,-0.112310513854027,0.393316477537155,0.427646100521088
8.32059955596924,0.39316114783287,0.427619904279709,0.0543643981218338,-0.11234550178051,0.0726626366376877,0.279704511165619,0.0543635077774525,-0.112343586981297,0.0543643981218338,-0.11234550178051,0.3931585252285,0.427621781826019,0.0543643534183502,-0.112343162298203,0.0726646557450294,0.279704064130783,0.0726626366376877,0.279704511165619,0.0543643534183502,-0.112343162298203,0.39316064119339,0.427623867988586,0.0543633885681629,-0.112341150641441,0.0543635077774525,-0.112343586981297,0.0726646557450294,0.279704064130783,0.0543633885681629,-0.112341150641441,0.393156558275223,0.42762479186058
8.32120037078857,0.393001317977905,0.427598923444748,0.0543689765036106,-0.112376146018505,0.0729198008775711,0.279629558324814,0.054368082433939,-0.112374231219292,0.0543689765036106,-0.112376146018505,0.39299863576889,0.427600771188736,0.054368931800127,-0.112373806536198,0.0729218199849129,0.279629111289978,0.0729198008775711,0.279629558324814,0.054368931800127,-0.112373806536198,0.393000811338425,0.427602887153625,0.0543679669499397,-0.112371794879436,0.054368082433939,-0.112374231219292,0.0729218199849129,0.279629111289978,0.0543679669499397,-0.112371794879436,0.392996728420258,0.427603781223297
8.32180023193359,0.392841458320618,0.427578240633011,0.0543735213577747,-0.11240678280592,0.0731769278645515,0.279554307460785,0.0543726533651352,-0.112404882907867,0.0543735213577747,-0.11240678280592,0.392838805913925,0.427580058574677,0.0543734729290009,-0.112404443323612,0.0731788799166679,0.279553920030594,0.0731769278645515,0.279554307460785,0.0543734729290009,-0.112404443323612,0.392840921878815,0.427582204341888,0.0543725378811359,-0.112402431666851,0.0543726533651352,-0.112404882907867,0.0731788799166679,0.279553920030594,0.0543725378811359,-0.112402431666851,0.392836898565292,0.427583128213882
8.32240009307861,0.392681479454041,0.42755788564682,0.0543780736625195,-0.112437412142754,0.0734340250492096,0.27947872877121,0.0543771907687187,-0.112435504794121,0.0543780736625195,-0.112437412142754,0.392678916454315,0.427559643983841,0.0543780066072941,-0.112435072660446,0.0734359845519066,0.279478311538696,0.0734340250492096,0.27947872877121,0.0543780066072941,-0.112435072660446,0.39268097281456,0.427561849355698,0.054377093911171,-0.112433068454266,0.0543771907687187,-0.112435504794121,0.0734359845519066,0.279478311538696,0.054377093911171,-0.112433068454266,0.392676889896393,0.427562773227692
8.32299995422363,0.392521679401398,0.427537858486176,0.0543826036155224,-0.112468048930168,0.0736910402774811,0.279402852058411,0.0543817132711411,-0.112466134130955,0.0543826036155224,-0.112468048930168,0.392518907785416,0.427539646625519,0.0543825328350067,-0.112465716898441,0.0736929923295975,0.279402405023575,0.0736910402774811,0.279402852058411,0.0543825328350067,-0.112465716898441,0.39252108335495,0.427541822195053,0.0543815940618515,-0.112463690340519,0.0543817132711411,-0.112466134130955,0.0736929923295975,0.279402405023575,0.0543816201388836,-0.112463682889938,0.392517000436783,0.427542716264725
8.32359981536865,0.392361640930176,0.427518099546432,0.054387092590332,-0.112498685717583,0.0739480927586555,0.279326677322388,0.0543862022459507,-0.112496763467789,0.054387092590332,-0.112498685717583,0.392359137535095,0.427519947290421,0.0543870478868484,-0.112496338784695,0.0739500373601913,0.279326200485229,0.0739480257034302,0.279326677322388,0.0543870478868484,-0.112496338784695,0.39236119389534,0.427522122859955,0.0543861128389835,-0.112494334578514,0.0543862022459507,-0.112496763467789,0.0739500373601913,0.279326200485229,0.0543861128389835,-0.112494334578514,0.39235708117485,0.427522987127304
8.32419967651367,0.392201811075211,0.427498698234558,0.0543915964663029,-0.112529307603836,0.0742050483822823,0.279250144958496,0.0543906800448895,-0.112527400255203,0.0543915964663029,-0.112529307603836,0.392199099063873,0.427500575780869,0.0543915294110775,-0.112526960670948,0.0742069929838181,0.27924969792366,0.0742050483822823,0.279250144958496,0.0543915294110775,-0.112526960670948,0.39220130443573,0.427502632141113,0.0543906204402447,-0.112524956464767,0.0543906800448895,-0.112527400255203,0.0742069929838181,0.27924969792366,0.0543906204402447,-0.112524956464767,0.392197161912918,0.42750358581543
8.32479953765869,0.392041772603989,0.427479594945908,0.0543960705399513,-0.112559929490089,0.0744620338082314,0.279173284769058,0.0543951503932476,-0.112558014690876,0.0543960705399513,-0.112559929490089,0.392039239406586,0.427481383085251,0.054396003484726,-0.112557597458363,0.0744639858603477,0.279172837734222,0.0744620338082314,0.279173284769058,0.054396003484726,-0.112557597458363,0.392041236162186,0.427483528852463,0.0543950907886028,-0.11255557090044,0.0543951503932476,-0.112558014690876,0.0744639858603477,0.279172837734222,0.0543950907886028,-0.11255557090044,0.392037183046341,0.427484482526779
8.32540035247803,0.391881883144379,0.427460819482803,0.0544004812836647,-0.112590551376343,0.0747189298272133,0.279096156358719,0.0543996170163155,-0.112588629126549,0.0544004812836647,-0.112590551376343,0.391879260540009,0.427462667226791,0.0544004663825035,-0.112588211894035,0.0747208744287491,0.279095679521561,0.0747189298272133,0.279096156358719,0.0544004663825035,-0.112588211894035,0.39188140630722,0.427464783191681,0.0543995015323162,-0.112586200237274,0.0543996170163155,-0.112588629126549,0.0747208744287491,0.279095679521561,0.0543995015323162,-0.112586200237274,0.391877263784409,0.427465707063675
8.32600021362305,0.391721904277802,0.427442282438278,0.0544049330055714,-0.112621158361435,0.0749757960438728,0.279018670320511,0.0544040463864803,-0.112619258463383,0.0544049330055714,-0.112621158361435,0.391719281673431,0.427444159984589,0.054404865950346,-0.112618826329708,0.0749778151512146,0.279018223285675,0.0749757960438728,0.279018670320511,0.054404865950346,-0.112618826329708,0.391721397638321,0.427446305751801,0.0544039607048035,-0.112616814672947,0.0544040463864803,-0.112619258463383,0.0749778151512146,0.279018223285675,0.0544039607048035,-0.112616814672947,0.391717344522476,0.427447259426117
8.32660007476807,0.391561895608902,0.427424192428589,0.0544093288481236,-0.112651780247688,0.07523263245821,0.278940886259079,0.054408460855484,-0.112649857997894,0.0544093288481236,-0.112651780247688,0.391559362411499,0.427426040172577,0.0544092878699303,-0.112649440765381,0.0752346515655518,0.278940409421921,0.07523263245821,0.278940886259079,0.0544092878699303,-0.112649440765381,0.391561359167099,0.427428126335144,0.0544083490967751,-0.112647421658039,0.054408460855484,-0.112649857997894,0.0752346515655518,0.278940409421921,0.0544083490967751,-0.112647421658039,0.391557335853577,0.42742908000946
8.32719993591309,0.391401946544647,0.427406340837479,0.0544137097895145,-0.112682394683361,0.07548937946558,0.278862804174423,0.054412841796875,-0.112680464982986,0.0544137097895145,-0.112682394683361,0.391399323940277,0.427408128976822,0.0544136986136436,-0.112680047750473,0.0754913836717606,0.278862327337265,0.07548937946558,0.278862804174423,0.0544136986136436,-0.112680047750473,0.391401499509811,0.427410274744034,0.0544127598404884,-0.112678028643131,0.054412841796875,-0.112680464982986,0.0754913836717606,0.278862327337265,0.0544127598404884,-0.112678028643131,0.391397416591644,0.427411258220673
8.32779979705811,0.391242027282715,0.427388817071915,0.0544180832803249,-0.112712994217873,0.0757461488246918,0.278784364461899,0.054417222738266,-0.112711079418659,0.0544180832803249,-0.112712994217873,0.391239404678345,0.42739063501358,0.054418072104454,-0.112710647284985,0.0757481679320335,0.278783917427063,0.0757461488246918,0.278784364461899,0.054418072104454,-0.112710647284985,0.391241520643234,0.42739275097847,0.0544171631336212,-0.112708643078804,0.054417222738266,-0.112711079418659,0.0757481679320335,0.278783917427063,0.0544171631336212,-0.112708643078804,0.391237407922745,0.427393734455109
8.32839965820313,0.39108207821846,0.427371561527252,0.054422453045845,-0.112743608653545,0.0760028883814812,0.278705656528473,0.0544215850532055,-0.112741678953171,0.054422453045845,-0.112743608653545,0.3910793364048,0.427373439073563,0.0544224120676517,-0.112741261720657,0.076004832983017,0.278705179691315,0.0760028883814812,0.278705656528473,0.0544224120676517,-0.112741261720657,0.391081571578979,0.42737552523613,0.0544215030968189,-0.112739242613316,0.0544215850532055,-0.112741678953171,0.076004832983017,0.278705179691315,0.0544215030968189,-0.112739242613316,0.39107745885849,0.427376538515091
8.32900047302246,0.390922099351883,0.427354723215103,0.0544268079102039,-0.112774208188057,0.0762595385313034,0.278626620769501,0.0544259175658226,-0.112772285938263,0.0544268079102039,-0.112774208188057,0.390919387340546,0.427356541156769,0.0544267445802689,-0.11277186870575,0.0762615501880646,0.27862611413002,0.0762595385313034,0.278626620769501,0.0544267445802689,-0.11277186870575,0.390921592712402,0.427358657121658,0.0544258318841457,-0.112769842147827,0.0544259175658226,-0.112772285938263,0.0762615501880646,0.27862611413002,0.0544258318841457,-0.112769842147827,0.390917479991913,0.427359610795975
8.32960033416748,0.390762090682983,0.427338123321533,0.0544311031699181,-0.112804800271988,0.0765161439776421,0.27854722738266,0.0544302426278591,-0.112802885472775,0.0544311031699181,-0.112804800271988,0.390759378671646,0.427339971065521,0.0544310696423054,-0.112802468240261,0.0765181630849838,0.278546780347824,0.0765161514282227,0.278547257184982,0.0544310696423054,-0.112802468240261,0.390761584043503,0.427342027425766,0.0544301606714725,-0.112800449132919,0.0544302426278591,-0.112802885472775,0.0765181630849838,0.278546780347824,0.0544301606714725,-0.112800449132919,0.390757471323013,0.427343040704727
8.3302001953125,0.390602082014084,0.427321821451187,0.0544353909790516,-0.11283540725708,0.0767727941274643,0.278467535972595,0.054434522986412,-0.112833470106125,0.0544353909790516,-0.11283540725708,0.390599429607391,0.42732372879982,0.0544353798031807,-0.112833060324192,0.0767747983336449,0.278467059135437,0.0767727941274643,0.278467535972595,0.0544353798031807,-0.112833060324192,0.390601605176926,0.427325814962387,0.0544344745576382,-0.112831048667431,0.054434522986412,-0.112833470106125,0.0767747983336449,0.278467059135437,0.0544344671070576,-0.11283103376627,0.390597462654114,0.427326768636703
8.33080005645752,0.390442073345184,0.427305907011032,0.0544396936893463,-0.112865999341011,0.0770293474197388,0.278387546539307,0.0544388331472874,-0.112864062190056,0.0544396936893463,-0.112865999341011,0.390439361333847,0.42730775475502,0.0544396601617336,-0.112863644957542,0.0770313516259193,0.278387069702148,0.0770293474197388,0.278387546539307,0.0544396601617336,-0.112863644957542,0.390441596508026,0.42730987071991,0.0544387511909008,-0.112861640751362,0.0544388331472874,-0.112864062190056,0.0770313516259193,0.278387069702148,0.0544387474656105,-0.112861625850201,0.390437424182892,0.427310854196548
8.33139991760254,0.390282064676285,0.427290290594101,0.0544439628720284,-0.112896583974361,0.077285923063755,0.278307229280472,0.0544430762529373,-0.112894669175148,0.0544439367949963,-0.112896583974361,0.390279442071915,0.427292108535767,0.054443933069706,-0.112894251942635,0.0772878602147102,0.278306722640991,0.077285923063755,0.278307229280472,0.054443933069706,-0.112894251942635,0.390281558036804,0.427294194698334,0.0544430203735828,-0.112892217934132,0.0544430762529373,-0.112894669175148,0.0772878602147102,0.278306722640991,0.0544430203735828,-0.112892217934132,0.390277534723282,0.427295207977295
8.33199977874756,0.39012211561203,0.427274942398071,0.0544481985270977,-0.112927168607712,0.0775423347949982,0.278226584196091,0.0544473342597485,-0.112925246357918,0.0544481985270977,-0.112927168607712,0.39011937379837,0.427276790142059,0.0544481910765171,-0.112924821674824,0.0775442719459534,0.278226107358932,0.0775423347949982,0.278226584196091,0.0544481910765171,-0.112924821674824,0.39012148976326,0.427278906106949,0.0544472523033619,-0.112922795116901,0.0544473342597485,-0.112925246357918,0.0775442719459534,0.278226107358932,0.0544472523033619,-0.112922795116901,0.390117466449738,0.427279889583588
8.33259963989258,0.389962047338486,0.427259981632233,0.0544524230062962,-0.112957760691643,0.0777987688779831,0.278145641088486,0.0544515587389469,-0.112955823540688,0.0544524230062962,-0.112957760691643,0.389959424734116,0.427261799573898,0.0544523857533932,-0.112955413758755,0.0778007730841637,0.278145164251328,0.0777987688779831,0.278145641088486,0.0544523857533932,-0.112955413758755,0.389961570501328,0.42726394534111,0.0544514767825603,-0.112953387200832,0.0544515587389469,-0.112955823540688,0.0778007730841637,0.278145164251328,0.0544514767825603,-0.112953379750252,0.389957398176193,0.427264869213104
8.33320045471191,0.389802008867264,0.427245259284973,0.054456640034914,-0.112988337874413,0.0780551210045815,0.278064399957657,0.0544557720422745,-0.112986408174038,0.054456640034914,-0.112988337874413,0.389799445867538,0.427247107028961,0.054456602782011,-0.112985983490944,0.078057125210762,0.278063893318176,0.0780551210045815,0.278064399957657,0.054456602782011,-0.112985983490944,0.389801561832428,0.427249222993851,0.0544556714594364,-0.112983971834183,0.0544557720422745,-0.112986408174038,0.078057125210762,0.278063893318176,0.0544556714594364,-0.112983971834183,0.389797419309616,0.42725020647049
8.33380031585693,0.389642059803009,0.42723086476326,0.0544608198106289,-0.113018915057182,0.0783114805817604,0.277982801198959,0.0544599592685699,-0.113016985356808,0.0544608198106289,-0.113018915057182,0.389639467000961,0.427232772111893,0.0544607862830162,-0.113016568124294,0.078313484787941,0.277982294559479,0.0783114805817604,0.277982801198959,0.0544607862830162,-0.113016568124294,0.389641553163528,0.42723485827446,0.0544599033892155,-0.113014541566372,0.0544599592685699,-0.113016985356808,0.078313484787941,0.277982294559479,0.0544599033892155,-0.113014541566372,0.389637470245361,0.427235841751099
8.33440017700195,0.389482051134109,0.427216827869415,0.0544649921357632,-0.113049484789371,0.0785678178071976,0.277900904417038,0.0544641315937042,-0.113047562539577,0.0544649846851826,-0.113049477338791,0.389479339122772,0.427218735218048,0.0544649846851826,-0.113047137856483,0.0785697624087334,0.277900397777557,0.0785678178071976,0.277900904417038,0.0544649846851826,-0.113047137856483,0.389481544494629,0.427220791578293,0.0544640496373177,-0.113045118749142,0.0544641315937042,-0.113047562539577,0.0785697624087334,0.277900397777557,0.0544640496373177,-0.113045118749142,0.389477461576462,0.427221804857254
8.33500003814697,0.38932204246521,0.427203118801117,0.0544691532850266,-0.113080054521561,0.078824058175087,0.27781867980957,0.0544682927429676,-0.113078132271767,0.0544691532850266,-0.113080061972141,0.38931941986084,0.427204966545105,0.0544691197574139,-0.113077715039253,0.0788259953260422,0.277818202972412,0.078824058175087,0.27781867980957,0.0544691197574139,-0.113077715039253,0.389321565628052,0.427207082509995,0.0544681884348392,-0.113075703382492,0.0544682927429676,-0.113078132271767,0.0788259953260422,0.277818202972412,0.0544681884348392,-0.113075703382492,0.389317452907562,0.427208095788956
8.33559989929199,0.389161974191666,0.42718967795372,0.0544732771813869,-0.113110616803169,0.0790801793336868,0.277736157178879,0.0544724240899086,-0.113108709454536,0.0544732771813869,-0.113110616803169,0.38915941119194,0.427191555500031,0.0544732511043549,-0.113108284771442,0.0790821835398674,0.277735620737076,0.0790801793336868,0.277736157178879,0.0544732511043549,-0.113108284771442,0.38916152715683,0.427193641662598,0.0544723384082317,-0.113106250762939,0.0544724240899086,-0.113108709454536,0.0790821835398674,0.277735620737076,0.0544723384082317,-0.113106250762939,0.389157444238663,0.427194625139236
8.33619976043701,0.389002054929733,0.42717656493187,0.054477397352457,-0.113141193985939,0.0793363377451897,0.277653306722641,0.0544765405356884,-0.113139264285564,0.054477397352457,-0.113141193985939,0.388999372720718,0.427178472280502,0.054477371275425,-0.113138847053051,0.0793383419513702,0.27765280008316,0.0793363377451897,0.277653306722641,0.054477371275425,-0.113138847053051,0.389001578092575,0.427180528640747,0.0544764585793018,-0.113136820495129,0.0544765405356884,-0.113139264285564,0.0793383419513702,0.27765280008316,0.0544764585793018,-0.113136820495129,0.388997495174408,0.427181512117386
8.33679962158203,0.388842016458511,0.427163749933243,0.0544814765453339,-0.113171756267548,0.0795924589037895,0.277570128440857,0.0544806234538555,-0.113169826567173,0.0544814765453339,-0.113171756267548,0.388839423656464,0.427165687084198,0.0544814765453339,-0.11316940933466,0.0795943960547447,0.277569621801376,0.0795924589037895,0.277570128440857,0.0544814765453339,-0.11316940933466,0.38884162902832,0.42716771364212,0.0544805712997913,-0.113167382776737,0.0544806234538555,-0.113169826567173,0.0795943960547447,0.277569621801376,0.0544805712997913,-0.113167382776737,0.388837456703186,0.427168756723404
8.33740043640137,0.388682037591934,0.427151322364807,0.054485559463501,-0.113202311098576,0.0798484683036804,0.277486652135849,0.0544846914708614,-0.11320037394762,0.054485559463501,-0.113202311098576,0.388679474592209,0.42715322971344,0.054485559463501,-0.113199979066849,0.079850472509861,0.277486145496368,0.0798484683036804,0.277486652135849,0.054485559463501,-0.113199979066849,0.388681590557098,0.427155286073685,0.0544846467673779,-0.113197945058346,0.0544846914708614,-0.11320037394762,0.079850472509861,0.277486145496368,0.0544846467673779,-0.113197945058346,0.388677448034286,0.427156269550323
8.33800029754639,0.388522088527679,0.427139133214951,0.0544896237552166,-0.113232873380184,0.0801045224070549,0.277402877807617,0.0544887594878674,-0.113230928778648,0.0544896237552166,-0.113232873380184,0.388519406318665,0.427141070365906,0.054489616304636,-0.113230511546135,0.0801065191626549,0.277402341365814,0.0801045224070549,0.277402877807617,0.054489616304636,-0.113230511546135,0.388521611690521,0.427143096923828,0.0544887147843838,-0.113228499889374,0.0544887594878674,-0.113230928778648,0.0801065191626549,0.277402341365814,0.0544887147843838,-0.113228492438793,0.388517498970032,0.427144110202789
8.33860015869141,0.388362109661102,0.427127301692963,0.0544936805963516,-0.113263428211212,0.0803604573011398,0.277318745851517,0.0544928126037121,-0.113261483609676,0.0544936805963516,-0.113263428211212,0.388359427452087,0.427129209041595,0.0544936545193195,-0.113261073827744,0.0803624466061592,0.277318209409714,0.0803604573011398,0.277318745851517,0.0544936545193195,-0.113261073827744,0.388361632823944,0.427131235599518,0.0544927716255188,-0.113259047269821,0.0544928126037121,-0.113261483609676,0.0803624466061592,0.277318209409714,0.0544927716255188,-0.113259047269821,0.388357520103455,0.427132308483124
8.33920001983643,0.38820207118988,0.427115738391876,0.0544976964592934,-0.113293953239918,0.0806163474917412,0.277234315872192,0.0544968135654926,-0.113292045891285,0.0544976703822613,-0.113293960690498,0.388199537992477,0.427117705345154,0.0544976703822613,-0.113291621208191,0.0806183442473412,0.277233779430389,0.0806163474917412,0.277234315872192,0.0544976703822613,-0.113291621208191,0.388201653957367,0.427119761705399,0.0544967614114285,-0.113289594650269,0.0544968135654926,-0.113292045891285,0.0806183442473412,0.277233779430389,0.0544967614114285,-0.113289594650269,0.388197511434555,0.42712077498436
8.33979988098145,0.38804218173027,0.427104532718658,0.0545016825199127,-0.113324515521526,0.0808722004294395,0.277149558067322,0.0545008517801762,-0.113322585821152,0.0545016825199127,-0.113324515521526,0.388039529323578,0.427106499671936,0.054501686245203,-0.113322161138058,0.0808742642402649,0.277149021625519,0.0808722004294395,0.277149558067322,0.054501686245203,-0.113322161138058,0.388041734695435,0.427108585834503,0.0545007772743702,-0.113320142030716,0.0545008517801762,-0.113322585821152,0.0808742642402649,0.277149021625519,0.0545007772743702,-0.113320142030716,0.388037532567978,0.427109599113464
8.34039974212646,0.387882202863693,0.427093714475632,0.0545056834816933,-0.113355055451393,0.0811280235648155,0.277064502239227,0.0545048303902149,-0.113353125751019,0.0545056834816933,-0.113355055451393,0.387879520654678,0.427095621824265,0.0545056611299515,-0.113352715969086,0.0811300128698349,0.277063935995102,0.0811280235648155,0.277064502239227,0.0545056611299515,-0.113352715969086,0.387881726026535,0.427097648382187,0.054504781961441,-0.113350674510002,0.0545048303902149,-0.113353125751019,0.0811300799250603,0.277063935995102,0.054504781961441,-0.113350674510002,0.387877613306046,0.427098661661148
8.34099960327148,0.387722134590149,0.427083104848862,0.0545096583664417,-0.11338559538126,0.0813837945461273,0.276979088783264,0.0545087940990925,-0.113383673131466,0.0545096583664417,-0.11338559538126,0.387719601392746,0.427085041999817,0.0545096360146999,-0.113383263349533,0.0813857838511467,0.276978552341461,0.0813837945461273,0.276979088783264,0.0545096360146999,-0.113383263349533,0.38772177696228,0.427087038755417,0.0545087493956089,-0.11338122934103,0.0545087940990925,-0.113383673131466,0.0813857838511467,0.276978552341461,0.0545087493956089,-0.11338122934103,0.387717694044113,0.4270880818367
8.34160041809082,0.387562215328217,0.42707285284996,0.054513618350029,-0.113416135311127,0.0816395282745361,0.276893377304077,0.0545127540826797,-0.113414205610752,0.0545135922729969,-0.113416142761707,0.387559682130814,0.427074790000916,0.0545135661959648,-0.1134138032794,0.0816414505243301,0.276892840862274,0.0816395282745361,0.276893377304077,0.0545135661959648,-0.1134138032794,0.387561827898026,0.427076786756516,0.0545126833021641,-0.113411761820316,0.0545127540826797,-0.113414205610752,0.0816414505243301,0.276892840862274,0.0545127093791962,-0.113411761820316,0.387557655572891,0.427077829837799
8.34220027923584,0.387402296066284,0.427062898874283,0.0545175410807133,-0.113446667790413,0.0818951427936554,0.276807367801666,0.0545166507363319,-0.113444738090038,0.0545175410807133,-0.113446667790413,0.387399733066559,0.427064806222916,0.0545175187289715,-0.113444343209267,0.081897146999836,0.276806831359863,0.0818951427936554,0.276807367801666,0.0545175187289715,-0.113444343209267,0.387401789426804,0.42706686258316,0.0545166060328484,-0.113442294299603,0.054516676813364,-0.113444730639458,0.081897146999836,0.276806831359863,0.0545166060328484,-0.113442294299603,0.387397855520248,0.427067935466766
8.34280014038086,0.387242406606674,0.427053272724152,0.0545214526355267,-0.113477192819118,0.0821507349610329,0.276721030473709,0.054520595818758,-0.113475278019905,0.0545214526355267,-0.113477192819118,0.387239784002304,0.427055239677429,0.0545214302837849,-0.113474853336811,0.0821526572108269,0.276720494031906,0.0821507349610329,0.276721030473709,0.0545214302837849,-0.113474853336811,0.387241989374161,0.427057266235352,0.054520521312952,-0.113472826778889,0.054520595818758,-0.113475278019905,0.0821526572108269,0.276720494031906,0.054520521312952,-0.113472826778889,0.387237906455994,0.427058279514313
8.34340000152588,0.387082487344742,0.427043974399567,0.0545253306627274,-0.113507725298405,0.0824062675237656,0.276634395122528,0.0545244701206684,-0.11350579559803,0.0545253306627274,-0.113507725298405,0.387079924345016,0.427045881748199,0.054525338113308,-0.113505378365517,0.0824081972241402,0.276633858680725,0.0824062675237656,0.276634395122528,0.054525338113308,-0.113505378365517,0.387082010507584,0.427047908306122,0.0545244291424751,-0.113503351807594,0.0545244701206684,-0.11350579559803,0.0824082568287849,0.276633828878403,0.0545244291424751,-0.113503351807594,0.387077957391739,0.42704901099205
8.3439998626709,0.386922478675842,0.427035003900528,0.0545292012393475,-0.113538257777691,0.0826617553830147,0.276547402143478,0.0545283369719982,-0.113536313176155,0.0545292012393475,-0.113538257777691,0.386919945478439,0.427036941051483,0.0545292049646378,-0.113535910844803,0.0826637521386147,0.276546835899353,0.0826617553830147,0.276547402143478,0.0545292049646378,-0.113535910844803,0.386922150850296,0.427038967609406,0.0545282997190952,-0.113533861935139,0.0545283369719982,-0.113536313176155,0.0826637521386147,0.276546835899353,0.0545282997190952,-0.113533861935139,0.386918067932129,0.427040010690689
8.34459972381592,0.386762589216232,0.427026301622391,0.0545330569148064,-0.113568767905235,0.082917220890522,0.276460111141205,0.054532203823328,-0.113566838204861,0.0545330569148064,-0.113568767905235,0.386760056018829,0.427028238773346,0.0545330680906773,-0.113566420972347,0.0829191356897354,0.276459574699402,0.082917220890522,0.276460111141205,0.0545330718159676,-0.113566435873508,0.386762171983719,0.427030295133591,0.0545321628451347,-0.113564401865005,0.054532203823328,-0.113566838204861,0.0829191356897354,0.276459574699402,0.0545321628451347,-0.113564401865005,0.386758089065552,0.427031338214874
8.34519958496094,0.386602729558945,0.427017956972122,0.0545369163155556,-0.113599292933941,0.0831725597381592,0.276372492313385,0.0545360520482063,-0.113597348332405,0.0545369163155556,-0.113599292933941,0.386600196361542,0.427019894123077,0.0545368939638138,-0.113596938550472,0.0831745341420174,0.276371955871582,0.0831725597381592,0.276372492313385,0.0545368939638138,-0.113596938550472,0.386602371931076,0.427021890878677,0.054536011070013,-0.113594904541969,0.0545360520482063,-0.113597348332405,0.0831745341420174,0.276371955871582,0.054536011070013,-0.113594897091389,0.386598199605942,0.427022993564606
8.34580039978027,0.386442869901657,0.427009910345078,0.0545407049357891,-0.113629803061485,0.0834279134869576,0.276284575462341,0.0545398741960526,-0.113627873361111,0.0545407049357891,-0.113629803061485,0.386440306901932,0.427011877298355,0.0545407086610794,-0.113627463579178,0.083429828286171,0.276284009218216,0.0834279134869576,0.276284575462341,0.0545407086610794,-0.113627463579178,0.386442452669144,0.427013874053955,0.0545398369431496,-0.113625429570675,0.0545398741960526,-0.113627873361111,0.083429828286171,0.276284009218216,0.0545398369431496,-0.113625429570675,0.386438310146332,0.427014946937561
8.34640026092529,0.386283069849014,0.427002191543579,0.0545445419847965,-0.11366032063961,0.0836831629276276,0.276196330785751,0.0545436814427376,-0.113658376038074,0.0545445382595062,-0.113660305738449,0.386280417442322,0.427004128694534,0.054544523358345,-0.113657981157303,0.0836851522326469,0.276195794343948,0.0836831629276276,0.276196330785751,0.054544523358345,-0.113657981157303,0.386282593011856,0.427006125450134,0.0545436404645443,-0.113655932247639,0.0545436814427376,-0.113658376038074,0.0836851522326469,0.276195794343948,0.0545436404645443,-0.113655932247639,0.386278510093689,0.427007257938385
8.34700012207031,0.38612312078476,0.426994770765305,0.0545483119785786,-0.113690815865993,0.0839383006095886,0.276107788085938,0.0545474551618099,-0.11368890106678,0.0545483119785786,-0.113690815865993,0.386120587587357,0.42699670791626,0.0545483157038689,-0.113688476383686,0.0839402824640274,0.27610719203949,0.0839383006095886,0.276107788085938,0.0545483231544495,-0.113688483834267,0.386122792959213,0.426998764276505,0.0545474141836166,-0.113686449825764,0.0545474551618099,-0.11368890106678,0.0839402824640274,0.27610719203949,0.0545474141836166,-0.113686449825764,0.386118650436401,0.42699983716011
8.34759998321533,0.385963320732117,0.426987677812576,0.05455207452178,-0.113721325993538,0.0841934606432915,0.276018887758255,0.0545512214303017,-0.113719396293163,0.05455207452178,-0.113721325993538,0.385960668325424,0.426989614963531,0.0545520856976509,-0.11371898651123,0.0841954350471497,0.27601832151413,0.0841934606432915,0.276018887758255,0.0545520856976509,-0.11371898651123,0.385962873697281,0.426991671323776,0.0545511804521084,-0.113716952502728,0.0545512214303017,-0.113719396293163,0.0841954350471497,0.27601832151413,0.0545511804521084,-0.113716952502728,0.385958790779114,0.42699271440506
8.34819984436035,0.385803490877151,0.426980912685394,0.0545558333396912,-0.113751836121082,0.0844485610723495,0.275929719209671,0.0545549690723419,-0.113749891519547,0.0545558333396912,-0.113751836121082,0.385800868272781,0.426982879638672,0.0545558407902718,-0.113749489188194,0.0844504833221436,0.275929123163223,0.0844485610723495,0.275929719209671,0.0545558147132397,-0.113749496638775,0.385803073644638,0.426984906196594,0.0545549318194389,-0.113747447729111,0.0545549690723419,-0.113749891519547,0.0844504833221436,0.275929123163223,0.0545549318194389,-0.113747447729111,0.385798990726471,0.426985949277878
8.34879970550537,0.385643720626831,0.426974505186081,0.0545595474541187,-0.113782323896885,0.0847035571932793,0.275840193033218,0.0545587167143822,-0.11378039419651,0.0545595474541187,-0.113782323896885,0.385641068220139,0.426976472139359,0.0545595586299896,-0.113779984414577,0.0847055464982986,0.275839596986771,0.0847035571932793,0.275840193033218,0.0545595586299896,-0.113779984414577,0.385643243789673,0.426978379487991,0.0545586831867695,-0.113777942955494,0.0545587167143822,-0.11378039419651,0.0847055464982986,0.275839596986771,0.0545586831867695,-0.113777942955494,0.385639190673828,0.426979511976242
8.34939956665039,0.385483950376511,0.426968306303024,0.054563257843256,-0.113812819123268,0.0849585086107254,0.275750368833542,0.0545624010264874,-0.113810896873474,0.054563257843256,-0.113812819123268,0.385481357574463,0.426970273256302,0.0545632690191269,-0.113810487091541,0.0849604904651642,0.275749772787094,0.0849585086107254,0.275750368833542,0.0545632690191269,-0.113810487091541,0.385483533143997,0.426972270011902,0.0545623674988747,-0.113808445632458,0.0545624010264874,-0.113810896873474,0.0849604904651642,0.275749772787094,0.0545623674988747,-0.113808445632458,0.385479390621185,0.426973402500153
8.35000038146973,0.385324150323868,0.426962524652481,0.0545669607818127,-0.113843314349651,0.0852134823799133,0.275660216808319,0.0545661002397537,-0.113841384649277,0.0545669607818127,-0.113843314349651,0.385321527719498,0.426964491605759,0.0545669421553612,-0.113840974867344,0.0852154493331909,0.275659620761871,0.0852134823799133,0.275660216808319,0.0545669421553612,-0.113840974867344,0.385323792695999,0.426966488361359,0.054566066712141,-0.11383893340826,0.0545661002397537,-0.113841384649277,0.0852154493331909,0.275659620761871,0.054566066712141,-0.11383893340826,0.385319620370865,0.426967531442642
8.35060024261475,0.38516440987587,0.426957011222839,0.0545706227421761,-0.113873794674873,0.0854683294892311,0.27556973695755,0.0545697957277298,-0.113871864974499,0.0545706227421761,-0.113873794674873,0.3851617872715,0.426958948373795,0.0545706376433372,-0.113871462643147,0.0854703038930893,0.275569170713425,0.0854683294892311,0.27556973695755,0.0545706376433372,-0.113871462643147,0.385163933038712,0.426960945129395,0.0545697622001171,-0.113869413733482,0.0545697957277298,-0.113871864974499,0.0854703038930893,0.275569170713425,0.0545697622001171,-0.113869413733482,0.385159909725189,0.426962077617645
8.35120010375977,0.385004639625549,0.426951795816422,0.0545742772519588,-0.113904282450676,0.0857230573892593,0.275478959083557,0.0545734465122223,-0.113902345299721,0.0545742772519588,-0.113904282450676,0.385002046823502,0.426953822374344,0.054574266076088,-0.113901950418949,0.0857250317931175,0.275478363037109,0.0857230573892593,0.275478959083557,0.054574266076088,-0.113901950418949,0.385004222393036,0.426955759525299,0.0545734167098999,-0.113899901509285,0.0545734465122223,-0.113902345299721,0.0857250317931175,0.275478363037109,0.0545734167098999,-0.113899901509285,0.385000169277191,0.426956921815872
8.35179996490479,0.384844928979874,0.426946938037872,0.054577924311161,-0.113934755325317,0.0859778076410294,0.275387853384018,0.0545771010220051,-0.113932833075523,0.054577924311161,-0.113934755325317,0.384842306375504,0.426948964595795,0.0545779392123222,-0.11393241584301,0.0859797894954681,0.275387287139893,0.0859778076410294,0.275387853384018,0.0545779131352901,-0.113932423293591,0.384844571352005,0.426950931549072,0.0545770637691021,-0.113930381834507,0.0545771010220051,-0.113932833075523,0.0859797894954681,0.275387287139893,0.0545770637691021,-0.113930381834507,0.384840428829193,0.426952004432678
8.3523998260498,0.384685277938843,0.426942378282547,0.0545815378427505,-0.113965250551701,0.0862324461340904,0.275296449661255,0.0545806810259819,-0.113963298499584,0.0545815378427505,-0.113965250551701,0.38468262553215,0.426944345235825,0.0545815527439117,-0.113962911069393,0.0862344279885292,0.27529588341713,0.0862324461340904,0.275296449661255,0.0545815527439117,-0.113962911069393,0.384684771299362,0.426946312189102,0.0545806512236595,-0.11396087706089,0.0545806810259819,-0.113963298499584,0.0862344279885292,0.27529588341713,0.0545806512236595,-0.11396087706089,0.384680658578873,0.426947474479675
8.35299968719482,0.384525507688522,0.426938146352768,0.0545851401984692,-0.113995715975761,0.0864870324730873,0.275204747915268,0.0545843094587326,-0.113993778824806,0.0545851401984692,-0.113995715975761,0.384522974491119,0.426940113306046,0.0545851588249207,-0.113993376493454,0.0864889994263649,0.275204122066498,0.0864870324730873,0.275204747915268,0.0545851588249207,-0.113993376493454,0.384525179862976,0.426942110061646,0.0545842796564102,-0.113991349935532,0.0545843094587326,-0.113993778824806,0.0864889994263649,0.275204122066498,0.0545842796564102,-0.113991349935532,0.384521007537842,0.426943212747574
8.35359954833984,0.384365826845169,0.426934212446213,0.0545887313783169,-0.114026188850403,0.08674156665802,0.275112688541412,0.0545878820121288,-0.114024259150028,0.0545887313783169,-0.114026188850403,0.384363323450089,0.426936239004135,0.0545887537300587,-0.114023856818676,0.0867435410618782,0.275112062692642,0.08674156665802,0.275112688541412,0.0545887537300587,-0.114023856818676,0.3843654692173,0.426938146352768,0.0545878447592258,-0.114021815359592,0.0545878820121288,-0.114024259150028,0.0867435410618782,0.275112062692642,0.0545878708362579,-0.114021800458431,0.384361356496811,0.426939308643341
8.35420036315918,0.384206175804138,0.426930636167526,0.0545922927558422,-0.114056669175625,0.086996041238308,0.275020271539688,0.0545914359390736,-0.114054717123508,0.0545922927558422,-0.114056669175625,0.384203642606735,0.426932603120804,0.054592315107584,-0.114054314792156,0.0869980156421661,0.27501967549324,0.086996041238308,0.275020271539688,0.054592315107584,-0.114054314792156,0.384205847978592,0.426934599876404,0.0545914098620415,-0.114052288234234,0.0545914359390736,-0.114054717123508,0.0869980156421661,0.27501967549324,0.0545914098620415,-0.114052288234234,0.384201735258102,0.426935732364655
8.3548002243042,0.384046614170074,0.426927328109741,0.0545958466827869,-0.114087127149105,0.0872504115104675,0.274927616119385,0.054594986140728,-0.114085182547569,0.0545958466827869,-0.114087127149105,0.384044021368027,0.426929295063019,0.0545958541333675,-0.114084772765636,0.0872523859143257,0.274926990270615,0.0872504115104675,0.274927616119385,0.0545958615839481,-0.114084787666798,0.384046167135239,0.426931262016296,0.0545949600636959,-0.114082753658295,0.054594986140728,-0.114085182547569,0.0872523859143257,0.274926990270615,0.0545949600636959,-0.114082753658295,0.384042114019394,0.426932394504547
8.35540008544922,0.383887052536011,0.426924377679825,0.0545993559062481,-0.114117585122585,0.0875047892332077,0.274834603071213,0.0545985251665115,-0.114115640521049,0.0545993559062481,-0.114117585122585,0.383884459733963,0.426926374435425,0.0545993745326996,-0.114115253090858,0.0875066891312599,0.274834007024765,0.0875047892332077,0.274834603071213,0.0545993745326996,-0.114115253090858,0.383886635303497,0.426928341388702,0.0545984953641891,-0.114113204181194,0.0545985251665115,-0.114115640521049,0.0875066891312599,0.274834007024765,0.0545984953641891,-0.114113204181194,0.383882462978363,0.426929473876953
8.35599994659424,0.383727490901947,0.426921725273132,0.0546028614044189,-0.114148050546646,0.087758980691433,0.274741291999817,0.0546020567417145,-0.11414610594511,0.0546028539538383,-0.114148035645485,0.383724868297577,0.426923722028732,0.0546028763055801,-0.114145703613758,0.0877609401941299,0.274740666151047,0.087758980691433,0.274741291999817,0.0546028763055801,-0.114145703613758,0.383727043867111,0.42692568898201,0.0546020343899727,-0.114143669605255,0.0546020567417145,-0.11414610594511,0.0877609401941299,0.274740666151047,0.0546020343899727,-0.114143669605255,0.383722901344299,0.426926791667938
8.35659980773926,0.383567899465561,0.426919370889664,0.054606381803751,-0.114178493618965,0.0880131870508194,0.274647682905197,0.0546055287122726,-0.114176563918591,0.054606381803751,-0.114178493618965,0.383565306663513,0.426921337842941,0.0546063967049122,-0.114176161587238,0.088015154004097,0.274647057056427,0.0880131870508194,0.274647682905197,0.0546063967049122,-0.114176161587238,0.38356751203537,0.426923364400864,0.05460549518466,-0.114174120128155,0.0546055287122726,-0.114176563918591,0.088015154004097,0.274647057056427,0.05460549518466,-0.114174120128155,0.383563339710236,0.426924496889114
8.35719966888428,0.383408337831497,0.426917374134064,0.0546098463237286,-0.114208959043026,0.0882673338055611,0.274553686380386,0.0546089857816696,-0.11420701444149,0.0546098463237286,-0.114208959043026,0.383405774831772,0.426919341087341,0.0546098574995995,-0.114206604659557,0.0882693007588387,0.274553060531616,0.0882673338055611,0.274553686380386,0.0546098649501801,-0.114206619560719,0.383407980203629,0.426921308040619,0.0546089895069599,-0.114204578101635,0.0546089857816696,-0.11420701444149,0.0882693007588387,0.274553060531616,0.0546089895069599,-0.114204578101635,0.383403867483139,0.426922470331192
8.3577995300293,0.383248865604401,0.426915675401688,0.0546132922172546,-0.114239402115345,0.0885213688015938,0.274459421634674,0.054612435400486,-0.114237457513809,0.0546132922172546,-0.114239402115345,0.383246272802353,0.426917642354965,0.0546133108437061,-0.114237062633038,0.0885233357548714,0.274458795785904,0.0885213688015938,0.274459421634674,0.0546133108437061,-0.114237062633038,0.383248537778854,0.426919609308243,0.0546124391257763,-0.114235021173954,0.054612435400486,-0.114237457513809,0.0885233357548714,0.274458795785904,0.0546124391257763,-0.114235021173954,0.383244395256042,0.426920741796494
8.35840034484863,0.383089363574982,0.426914274692535,0.0546167343854904,-0.114269845187664,0.0887753441929817,0.274364829063416,0.0546159036457539,-0.114267900586128,0.0546167343854904,-0.114269845187664,0.383086770772934,0.426916271448135,0.0546167567372322,-0.114267505705357,0.0887773036956787,0.274364203214645,0.0887753441929817,0.274364829063416,0.0546167567372322,-0.114267505705357,0.383088946342468,0.426918208599091,0.0546158775687218,-0.114265464246273,0.0546159036457539,-0.114267900586128,0.0887773036956787,0.274364203214645,0.0546158775687218,-0.114265464246273,0.383084833621979,0.426919400691986
8.35900020599365,0.382929891347885,0.426913201808929,0.0546201393008232,-0.114300288259983,0.0890293270349503,0.274269938468933,0.0546193085610867,-0.114298351109028,0.0546201393008232,-0.114300288259983,0.38292732834816,0.426915228366852,0.054620161652565,-0.114297956228256,0.0890312939882278,0.274269312620163,0.0890293270349503,0.274269938468933,0.054620161652565,-0.114297956228256,0.382929563522339,0.426917195320129,0.0546192862093449,-0.114295907318592,0.0546193085610867,-0.114298351109028,0.0890312939882278,0.274269312620163,0.0546192862093449,-0.114295907318592,0.382925450801849,0.426918298006058
8.35960006713867,0.382770419120789,0.42691245675087,0.0546235404908657,-0.114330731332302,0.0892831236124039,0.274174690246582,0.0546227097511292,-0.114328794181347,0.0546235404908657,-0.114330731332302,0.38276794552803,0.426914513111115,0.0546235591173172,-0.114328391849995,0.0892851576209068,0.274174064397812,0.0892831236124039,0.274174690246582,0.0546235591173172,-0.114328391849995,0.38277006149292,0.426916390657425,0.0546227134764194,-0.114326350390911,0.0546227097511292,-0.114328794181347,0.0892851576209068,0.274174064397812,0.0546227134764194,-0.114326350390911,0.382765978574753,0.426917612552643
8.36019992828369,0.382611036300659,0.426912039518356,0.0546269491314888,-0.114361152052879,0.0895369276404381,0.274079144001007,0.0546260997653008,-0.114359229803085,0.0546269491314888,-0.114361152052879,0.382608443498611,0.426914066076279,0.0546269789338112,-0.114358827471733,0.0895388871431351,0.274078518152237,0.0895369276404381,0.274079144001007,0.0546269789338112,-0.114358827471733,0.382610708475113,0.426915973424911,0.0546260997653008,-0.114356778562069,0.0546260997653008,-0.114359229803085,0.0895388871431351,0.274078518152237,0.0546260997653008,-0.114356778562069,0.382606655359268,0.426917135715485
8.36079978942871,0.382451683282852,0.426911920309067,0.0546303056180477,-0.114391602575779,0.0897906124591827,0.273983269929886,0.0546294786036015,-0.114389650523663,0.0546303056180477,-0.114391602575779,0.382449060678482,0.426913946866989,0.0546303316950798,-0.114389255642891,0.0897925719618797,0.273982644081116,0.0897906124591827,0.273983269929886,0.0546303316950798,-0.114389270544052,0.382451325654984,0.4269158244133,0.0546294823288918,-0.114387206733227,0.0546294786036015,-0.114389650523663,0.0897925719618797,0.273982644081116,0.0546294823288918,-0.114387206733227,0.382447242736816,0.426917046308517
8.36139965057373,0.38229238986969,0.426912128925323,0.0546336472034454,-0.114422030746937,0.090044304728508,0.273887097835541,0.0546328201889992,-0.11442007869482,0.0546336472034454,-0.114422030746937,0.382289797067642,0.426914095878601,0.0546336658298969,-0.114419683814049,0.0900461971759796,0.273886471986771,0.090044304728508,0.273887097835541,0.0546336658298969,-0.114419683814049,0.382292062044144,0.426916033029556,0.0546328201889992,-0.114417634904385,0.0546328201889992,-0.11442007869482,0.0900461971759796,0.273886471986771,0.0546328201889992,-0.114417634904385,0.382287830114365,0.426917254924774
8.36200046539307,0.382133096456528,0.426912605762482,0.0546369850635529,-0.114452451467514,0.0902978181838989,0.273790627717972,0.0546361245214939,-0.114450506865978,0.0546369850635529,-0.114452451467514,0.382130533456802,0.426914662122726,0.0546370036900043,-0.114450111985207,0.0902997776865959,0.273789972066879,0.0902978181838989,0.273790627717972,0.0546370036900043,-0.114450111985207,0.382132679224014,0.426916629076004,0.0546361319720745,-0.114448063075542,0.0546361245214939,-0.114450506865978,0.0902997776865959,0.273789972066879,0.0546361580491066,-0.114448063075542,0.382128596305847,0.426917761564255
8.36260032653809,0.381973743438721,0.426913499832153,0.0546402782201767,-0.114482864737511,0.0905513167381287,0.273693799972534,0.0546394512057304,-0.114480927586555,0.0546402782201767,-0.114482864737511,0.381971120834351,0.426915466785431,0.0546403042972088,-0.114480532705784,0.0905532762408257,0.273693144321442,0.0905513167381287,0.273693799972534,0.0546403042972088,-0.114480532705784,0.381973385810852,0.426917403936386,0.054639458656311,-0.114478476345539,0.0546394512057304,-0.114480927586555,0.0905532762408257,0.273693144321442,0.054639458656311,-0.114478476345539,0.381969273090363,0.426918625831604
8.36320018768311,0.381814569234848,0.426914632320404,0.0546435639262199,-0.114513285458088,0.09080471098423,0.273596674203873,0.0546427443623543,-0.114511355757713,0.0546435639262199,-0.114513285458088,0.3818119764328,0.426916658878326,0.0546435974538326,-0.114510953426361,0.090806670486927,0.27359601855278,0.09080471098423,0.273596674203873,0.0546435974538326,-0.114510953426361,0.38181409239769,0.426918566226959,0.0546427518129349,-0.114508904516697,0.0546427443623543,-0.114511355757713,0.090806670486927,0.27359601855278,0.0546427518129349,-0.114508904516697,0.381810039281845,0.426919758319855
8.36380004882813,0.381655275821686,0.426916092634201,0.0546468198299408,-0.114543698728085,0.0910581052303314,0.273499220609665,0.0546460188925266,-0.114541746675968,0.0546468198299408,-0.114543698728085,0.381652683019638,0.426918148994446,0.0546469055116177,-0.114541366696358,0.0910599902272224,0.273498594760895,0.0910581052303314,0.273499220609665,0.0546468794345856,-0.114541374146938,0.381654918193817,0.426920056343079,0.0546460039913654,-0.114539325237274,0.0546460263431072,-0.114541761577129,0.0910599902272224,0.273498594760895,0.0546460039913654,-0.114539325237274,0.381650865077972,0.426921218633652
8.36439990997314,0.381496101617813,0.426917880773544,0.0546500943601131,-0.114574111998081,0.0913112983107567,0.273401468992233,0.0546492673456669,-0.114572174847126,0.0546500943601131,-0.114574111998081,0.381493538618088,0.426919937133789,0.0546501502394676,-0.114571779966354,0.091313324868679,0.273400813341141,0.0913112983107567,0.273401468992233,0.0546501502394676,-0.114571779966354,0.381495773792267,0.426921874284744,0.0546492785215378,-0.11456973105669,0.0546492673456669,-0.114572174847126,0.091313324868679,0.273400813341141,0.0546492785215378,-0.11456973105669,0.3814916908741,0.426923036575317
8.36499977111816,0.381336897611618,0.426919966936111,0.0546533614397049,-0.114604525268078,0.0915645062923431,0.273303389549255,0.054652500897646,-0.114602588117123,0.0546533614397049,-0.114604525268078,0.381334334611893,0.426921993494034,0.0546533837914467,-0.114602193236351,0.0915664657950401,0.273302733898163,0.0915645062923431,0.273303389549255,0.0546533837914467,-0.114602193236351,0.381336599588394,0.426923960447311,0.0546525381505489,-0.114600129425526,0.054652500897646,-0.114602588117123,0.0915664657950401,0.273302733898163,0.0546525381505489,-0.114600129425526,0.381332516670227,0.426925152540207
8.36559963226318,0.381177842617035,0.426922410726547,0.0546565540134907,-0.114634931087494,0.09181759506464,0.273205012083054,0.0546557307243347,-0.114632986485958,0.0546565540134907,-0.114634931087494,0.381175249814987,0.42692443728447,0.0546566136181355,-0.114632591605186,0.0918196141719818,0.273204326629639,0.09181759506464,0.273205012083054,0.0546566136181355,-0.114632591605186,0.381177395582199,0.426926344633102,0.0546557419002056,-0.114630542695522,0.0546557307243347,-0.114632986485958,0.0918196141719818,0.273204326629639,0.0546557419002056,-0.114630542695522,0.381173342466354,0.42692756652832
8.36620044708252,0.381018668413162,0.426925122737885,0.0546597503125668,-0.11466533690691,0.0920706167817116,0.273106276988983,0.0546589456498623,-0.114663384854794,0.0546597465872765,-0.114665322005749,0.381016075611115,0.426927179098129,0.0546598024666309,-0.114662989974022,0.0920726358890533,0.273105621337891,0.0920706167817116,0.273106276988983,0.0546597763895988,-0.114662997424603,0.381018340587616,0.426929116249084,0.0546589307487011,-0.114660941064358,0.0546589456498623,-0.114663384854794,0.0920726358890533,0.273105621337891,0.0546589307487011,-0.114660941064358,0.381014287471771,0.42693030834198
8.36680030822754,0.380859613418579,0.426928222179413,0.0546629577875137,-0.114695735275745,0.0923235788941383,0.273007243871689,0.0546621009707451,-0.114693783223629,0.0546629279851913,-0.114695742726326,0.380857050418854,0.426930248737335,0.0546629838645458,-0.114693388342857,0.0923255234956741,0.273006588220596,0.0923235788941383,0.273007243871689,0.0546629913151264,-0.114693403244019,0.38085925579071,0.426932126283646,0.0546621456742287,-0.114691346883774,0.0546621009707451,-0.114693783223629,0.0923255234956741,0.273006588220596,0.0546621456742287,-0.114691346883774,0.380855202674866,0.426933348178864
8.36740016937256,0.380700647830963,0.426931589841843,0.0546661019325256,-0.11472611874342,0.0925764739513397,0.272907912731171,0.0546652749180794,-0.114724181592464,0.0546661019325256,-0.11472611874342,0.380698055028915,0.426933646202087,0.054666131734848,-0.114723786711693,0.0925784185528755,0.272907227277756,0.0925764739513397,0.272907912731171,0.054666131734848,-0.114723786711693,0.380700320005417,0.42693555355072,0.05466528236866,-0.114721722900867,0.0546652749180794,-0.114724181592464,0.0925784185528755,0.272907227277756,0.05466528236866,-0.114721722900867,0.380696147680283,0.426936715841293
8.36800003051758,0.38054159283638,0.426935255527496,0.0546692386269569,-0.114756517112255,0.092829242348671,0.272808223962784,0.0546684414148331,-0.114754572510719,0.0546692386269569,-0.114756517112255,0.380539000034332,0.426937311887741,0.0546692945063114,-0.114754170179367,0.0928311869502068,0.272807568311691,0.092829242348671,0.272808223962784,0.0546692945063114,-0.114754170179367,0.380541265010834,0.426939219236374,0.0546684488654137,-0.114752113819122,0.0546684414148331,-0.114754572510719,0.0928311869502068,0.272807568311691,0.0546684488654137,-0.114752113819122,0.380537152290344,0.426940411329269
8.3685998916626,0.380382627248764,0.426939249038696,0.0546723678708076,-0.11478690803051,0.0930820107460022,0.272708237171173,0.0546715669333935,-0.114784941077232,0.0546723678708076,-0.11478690803051,0.380380034446716,0.426941305398941,0.0546724274754524,-0.114784568548203,0.0930839627981186,0.272707581520081,0.0930820107460022,0.272708237171173,0.0546724274754524,-0.114784568548203,0.380382299423218,0.426943242549896,0.0546715781092644,-0.114782512187958,0.0546715669333935,-0.114784941077232,0.0930839627981186,0.272707581520081,0.0546715781092644,-0.114782512187958,0.380378246307373,0.426944404840469
8.36919975280762,0.38022369146347,0.426943570375443,0.0546754896640778,-0.114817298948765,0.0933346524834633,0.272607952356339,0.0546746850013733,-0.114815339446068,0.0546754896640778,-0.114817298948765,0.380221217870712,0.42694565653801,0.0546755120158195,-0.114814944565296,0.0933365970849991,0.272607266902924,0.0933346524834633,0.272607952356339,0.0546755194664001,-0.114814959466457,0.380223423242569,0.426947563886642,0.0546746738255024,-0.114812903106213,0.0546746850013733,-0.114815339446068,0.0933365970849991,0.272607266902924,0.0546746738255024,-0.114812903106213,0.380219250917435,0.42694878578186
8.36979961395264,0.380064904689789,0.426948219537735,0.0546785965561867,-0.114847674965858,0.0935871675610542,0.272507339715958,0.0546777695417404,-0.114845715463161,0.0546785965561867,-0.114847674965858,0.380062311887741,0.42695027589798,0.0546786300837994,-0.114845335483551,0.09358911216259,0.272506654262543,0.0935871675610542,0.272507339715958,0.0546786300837994,-0.114845335483551,0.380064457654953,0.426952213048935,0.0546777881681919,-0.114843286573887,0.0546777695417404,-0.114845715463161,0.09358911216259,0.272506654262543,0.0546777881681919,-0.114843286573887,0.380060404539108,0.426953434944153
8.37040042877197,0.37990590929985,0.426953166723251,0.0546816401183605,-0.114878043532372,0.0938396826386452,0.272406399250031,0.0546808391809464,-0.114876084029675,0.0546816401183605,-0.114878043532372,0.37990340590477,0.426955252885818,0.0546817034482956,-0.114875711500645,0.0938416197896004,0.272405713796616,0.0938396826386452,0.272406399250031,0.0546817034482956,-0.114875711500645,0.379905700683594,0.426957130432129,0.0546808578073978,-0.1148736551404,0.0546808391809464,-0.114876084029675,0.0938416197896004,0.272405713796616,0.0546808578073978,-0.1148736551404,0.379901558160782,0.426958382129669
8.37100028991699,0.379747182130814,0.426958441734314,0.0546847060322762,-0.114908427000046,0.094092071056366,0.27230516076088,0.054683905094862,-0.114906460046768,0.0546847060322762,-0.114908427000046,0.379744648933411,0.426960498094559,0.0546847693622112,-0.114906087517738,0.0940940082073212,0.272304475307465,0.094092071056366,0.27230516076088,0.0546847693622112,-0.114906094968319,0.379746854305267,0.426962405443192,0.0546839237213135,-0.114904031157494,0.054683905094862,-0.114906460046768,0.0940940082073212,0.272304475307465,0.0546839237213135,-0.114904023706913,0.379742681980133,0.426963657140732
8.37160015106201,0.379588425159454,0.4269640147686,0.0546877644956112,-0.114938788115978,0.0943443849682808,0.272203594446182,0.0546869337558746,-0.114936843514442,0.0546877644956112,-0.114938788115978,0.379585891962051,0.426966100931168,0.0546877980232239,-0.114936456084251,0.094346322119236,0.272202908992767,0.0943443849682808,0.272203594446182,0.0546877980232239,-0.114936456084251,0.379588007926941,0.4269680082798,0.0546869523823261,-0.114934407174587,0.0546869337558746,-0.114936843514442,0.094346322119236,0.272202908992767,0.0546869523823261,-0.114934392273426,0.379583954811096,0.426969230175018
8.37220001220703,0.379429697990417,0.426969945430756,0.0546907782554626,-0.114969149231911,0.0945965722203255,0.272101730108261,0.0546899549663067,-0.114967197179794,0.0546907782554626,-0.114969149231911,0.379427164793015,0.426972031593323,0.0546908155083656,-0.114966817200184,0.0945985093712807,0.272101014852524,0.0945965722203255,0.272101730108261,0.0546908155083656,-0.114966817200184,0.379429370164871,0.426973909139633,0.0546899735927582,-0.114964760839939,0.0546899549663067,-0.114967197179794,0.0945985093712807,0.272101014852524,0.0546899735927582,-0.114964760839939,0.379425227642059,0.426975131034851
8.37279987335205,0.379270970821381,0.426976174116135,0.054693765938282,-0.114999525249004,0.0948487520217896,0.271999508142471,0.0546929687261581,-0.114997565746307,0.054693765938282,-0.114999525249004,0.379268437623978,0.426978260278702,0.0546938292682171,-0.114997178316116,0.0948506891727448,0.271998792886734,0.0948487520217896,0.271999508142471,0.0546938292682171,-0.114997185766697,0.379270642995834,0.426980137825012,0.0546929873526096,-0.114995121955872,0.0546929687261581,-0.114997565746307,0.0948506891727448,0.271998792886734,0.0546929873526096,-0.114995121955872,0.379266500473022,0.426981389522552
8.37339973449707,0.379112333059311,0.426982700824738,0.0546967387199402,-0.115029886364937,0.0951008051633835,0.271896988153458,0.0546959415078163,-0.115027919411659,0.0546967387199402,-0.115029886364937,0.379109770059586,0.426984786987305,0.0546968318521976,-0.115027546882629,0.0951027423143387,0.271896302700043,0.0951008051633835,0.271896988153458,0.0546968318521976,-0.115027546882629,0.379112035036087,0.426986694335938,0.0546959862112999,-0.115025490522385,0.0546959415078163,-0.115027919411659,0.0951027423143387,0.271896302700043,0.0546959862112999,-0.115025490522385,0.379107981920242,0.426987916231155
8.37399959564209,0.378953695297241,0.426989585161209,0.0546997338533401,-0.115060232579708,0.095352791249752,0.27179417014122,0.0546989031136036,-0.115058287978172,0.0546997338533401,-0.115060232579708,0.378951162099838,0.426991671323776,0.0546997673809528,-0.115057900547981,0.0953547209501266,0.271793454885483,0.095352791249752,0.27179417014122,0.0546997673809528,-0.115057900547981,0.378953367471695,0.426993519067764,0.0546989254653454,-0.115055844187737,0.0546989031136036,-0.115058287978172,0.0953547209501266,0.271793454885483,0.0546989254653454,-0.115055844187737,0.378949344158173,0.426994740962982
8.37460041046143,0.378795146942139,0.426996678113937,0.054702665656805,-0.115090593695641,0.0956046506762505,0.271691054105759,0.0547018647193909,-0.115088634192944,0.054702665656805,-0.115090593695641,0.378792643547058,0.426998853683472,0.0547027289867401,-0.115088261663914,0.0956066325306892,0.271690279245377,0.0956046506762505,0.271691054105759,0.0547027289867401,-0.115088261663914,0.378794848918915,0.427000671625137,0.0547018833458424,-0.115086197853088,0.0547018647193909,-0.115088634192944,0.0956066325306892,0.271690279245377,0.0547018833458424,-0.115086197853088,0.378790736198425,0.427001982927322
8.37520027160645,0.378636628389359,0.427004188299179,0.054705586284399,-0.115120947360992,0.0958564952015877,0.271587580442429,0.0547047853469849,-0.115118987858295,0.054705586284399,-0.115120947360992,0.3786341547966,0.427006363868713,0.0547056794166565,-0.115118607878685,0.0958584249019623,0.271586835384369,0.0958564952015877,0.271587580442429,0.0547056794166565,-0.115118607878685,0.378636240959167,0.427008211612701,0.0547048337757587,-0.115116536617279,0.0547047853469849,-0.115118987858295,0.0958584249019623,0.271586835384369,0.0547048337757587,-0.115116536617279,0.378632217645645,0.427009433507919
8.37580013275146,0.378478139638901,0.427012056112289,0.0547085218131542,-0.115151278674603,0.0961082056164742,0.27148374915123,0.054707694798708,-0.115149319171906,0.0547085218131542,-0.115151278674603,0.37847563624382,0.427014142274857,0.0547085888683796,-0.115148954093456,0.0961101353168488,0.271483033895493,0.0961082056164742,0.27148374915123,0.0547085888683796,-0.115148954093456,0.378477841615677,0.427015990018845,0.0547077432274818,-0.115146890282631,0.054707694798708,-0.115149319171906,0.0961101353168488,0.271483033895493,0.0547077432274818,-0.115146890282631,0.378473699092865,0.427017241716385
8.37639999389648,0.378319770097733,0.427020192146301,0.0547113940119743,-0.115181617438793,0.0963597968220711,0.271379709243774,0.0547106005251408,-0.115179672837257,0.0547113940119743,-0.115181617438793,0.37831711769104,0.427022278308868,0.05471146479249,-0.115179307758808,0.0963617861270905,0.271378964185715,0.0963597968220711,0.271379709243774,0.05471146479249,-0.115179307758808,0.378319442272186,0.427024126052856,0.0547106489539146,-0.115177236497402,0.0547106005251408,-0.115179672837257,0.0963617861270905,0.271378964185715,0.0547106489539146,-0.115177236497402,0.378315299749374,0.427025347948074
8.3769998550415,0.378161311149597,0.427028596401215,0.0547142885625362,-0.115211963653564,0.0966113731265068,0.271275281906128,0.0547134950757027,-0.115210011601448,0.0547142885625362,-0.115211963653564,0.378158807754517,0.427030682563782,0.0547143593430519,-0.115209631621838,0.0966132953763008,0.271274536848068,0.0966113731265068,0.271275281906128,0.0547143593430519,-0.115209631621838,0.378161013126373,0.427032560110092,0.0547135137021542,-0.115207567811012,0.0547134950757027,-0.115210011601448,0.0966132953763008,0.271274536848068,0.0547135472297668,-0.115207560360432,0.378156870603561,0.42703378200531
8.37759971618652,0.378002941608429,0.427037358283997,0.0547171235084534,-0.115242317318916,0.0968628078699112,0.271170556545258,0.0547163262963295,-0.115240342915058,0.0547171235084534,-0.115242317318916,0.378000438213348,0.427039444446564,0.0547172166407108,-0.115239955484867,0.0968647971749306,0.271169811487198,0.0968628078699112,0.271170556545258,0.0547172166407108,-0.115239955484867,0.378002643585205,0.427041321992874,0.0547163747251034,-0.115237906575203,0.0547163262963295,-0.115240342915058,0.0968647971749306,0.271169811487198,0.0547163747251034,-0.115237899124622,0.37799859046936,0.427042543888092
8.37819957733154,0.377844631671906,0.427046418190002,0.0547199919819832,-0.115272626280785,0.0971142426133156,0.271065473556519,0.0547191686928272,-0.115270674228668,0.0547199919819832,-0.115272626280785,0.377842158079147,0.427048534154892,0.0547200404107571,-0.115270301699638,0.0971161723136902,0.271064758300781,0.0971142426133156,0.271065473556519,0.0547200404107571,-0.115270301699638,0.377844303846359,0.427050352096558,0.0547192245721817,-0.115268237888813,0.0547191686928272,-0.115270674228668,0.0971161723136902,0.271064758300781,0.0547192245721817,-0.115268237888813,0.377840310335159,0.42705163359642
8.37880039215088,0.377686351537704,0.427055805921555,0.0547228045761585,-0.115302950143814,0.0973654761910439,0.270960122346878,0.054722011089325,-0.115301005542278,0.0547228045761585,-0.115302957594395,0.377683818340302,0.427057892084122,0.0547228753566742,-0.115300618112087,0.0973674058914185,0.270959407091141,0.0973654761910439,0.270960122346878,0.0547228790819645,-0.115300633013248,0.377686023712158,0.427059769630432,0.0547220669686794,-0.115298561751842,0.054722011089325,-0.115301005542278,0.0973674058914185,0.270959407091141,0.0547220669686794,-0.115298561751842,0.377682030200958,0.427061051130295
8.3794002532959,0.377528160810471,0.427065521478653,0.0547256097197533,-0.115333274006844,0.0976167097687721,0.270854473114014,0.05472481995821,-0.115331336855888,0.0547256097197533,-0.115333274006844,0.37752565741539,0.427067577838898,0.0547256842255592,-0.115330949425697,0.0976186245679855,0.270853728055954,0.0976167097687721,0.270854473114014,0.0547256842255592,-0.115330949425697,0.377527892589569,0.427069455385208,0.0547248683869839,-0.115328893065453,0.05472481995821,-0.115331336855888,0.0976186245679855,0.270853728055954,0.0547248683869839,-0.115328893065453,0.37752377986908,0.427070766687393
8.38000011444092,0.377369999885559,0.427075535058975,0.0547284036874771,-0.115363612771034,0.0978677347302437,0.270748466253281,0.0547276064753532,-0.115361645817757,0.0547284036874771,-0.115363612771034,0.377367496490479,0.427077621221542,0.0547284707427025,-0.115361265838146,0.0978697165846825,0.270747691392899,0.0978677347302437,0.270748466253281,0.0547284707427025,-0.115361265838146,0.377369701862335,0.427079498767853,0.0547276586294174,-0.11535919457674,0.0547276064753532,-0.115361645817757,0.0978697165846825,0.270747691392899,0.0547276623547077,-0.115359209477901,0.377365618944168,0.427080780267715
8.38059997558594,0.377211838960648,0.427085846662521,0.0547311641275883,-0.115393929183483,0.0981187522411346,0.270642191171646,0.0547303669154644,-0.115391969680786,0.0547311641275883,-0.115393929183483,0.377209305763245,0.427087962627411,0.0547312349081039,-0.115391582250595,0.0981206744909286,0.270641416311264,0.0981187522411346,0.270642191171646,0.0547312349081039,-0.115391582250595,0.377211630344391,0.427089810371399,0.0547304190695286,-0.11538951843977,0.0547303669154644,-0.115391969680786,0.0981206744909286,0.270641416311264,0.0547304190695286,-0.11538951843977,0.377207517623901,0.427091091871262
8.38119983673096,0.377053767442703,0.427096515893936,0.0547339096665382,-0.115424230694771,0.0983696281909943,0.270535558462143,0.0547331161797047,-0.115422271192074,0.0547339096665382,-0.115424230694771,0.377051293849945,0.427098602056503,0.0547339878976345,-0.115421913564205,0.0983716174960136,0.270534783601761,0.0983696281909943,0.270535558462143,0.0547339878976345,-0.115421913564205,0.377053588628769,0.427100449800491,0.0547331720590591,-0.11541984975338,0.0547331161797047,-0.115422271192074,0.0983716174960136,0.270534783601761,0.0547331720590591,-0.11541984975338,0.377049386501312,0.427101761102676
8.38179969787598,0.376895755529404,0.427107483148575,0.0547366812825203,-0.11545454710722,0.0986205041408539,0.270428597927094,0.0547358319163322,-0.115452595055103,0.0547366477549076,-0.115454539656639,0.376893252134323,0.427109569311142,0.0547367222607136,-0.115452215075493,0.0986224189400673,0.270427823066711,0.0986205041408539,0.270428597927094,0.0547367222607136,-0.115452215075493,0.376895517110825,0.42711141705513,0.0547358840703964,-0.115450143814087,0.0547358319163322,-0.115452595055103,0.0986224338412285,0.270427852869034,0.0547358840703964,-0.115450143814087,0.37689146399498,0.427112758159637
8.382399559021,0.376737862825394,0.427118718624115,0.0547393783926964,-0.115484848618507,0.0988712385296822,0.270321369171143,0.0547385886311531,-0.115482896566391,0.0547393783926964,-0.115484848618507,0.376735270023346,0.427120864391327,0.0547394566237926,-0.115482516586781,0.0988731533288956,0.27032059431076,0.0988712385296822,0.270321369171143,0.0547394566237926,-0.115482516586781,0.376737475395203,0.427122712135315,0.0547386407852173,-0.115480445325375,0.0547385886311531,-0.115482896566391,0.0988731533288956,0.27032059431076,0.0547386407852173,-0.115480445325375,0.376733481884003,0.427123993635178
8.38300037384033,0.376579850912094,0.427130341529846,0.0547420792281628,-0.115515165030956,0.0991218313574791,0.270213782787323,0.0547412857413292,-0.115513198077679,0.0547420717775822,-0.115515150129795,0.376577377319336,0.427132487297058,0.0547421239316463,-0.115512825548649,0.0991237387061119,0.270213007926941,0.0991218313574791,0.270213782787323,0.0547421239316463,-0.115512825548649,0.37657967209816,0.427134305238724,0.054741308093071,-0.115510754287243,0.0547412857413292,-0.115513198077679,0.0991237387061119,0.270213007926941,0.054741308093071,-0.115510754287243,0.37657555937767,0.427135586738586
8.38360023498535,0.376422017812729,0.427142232656479,0.0547447316348553,-0.115545459091663,0.0993724167346954,0.27010589838028,0.0547439642250538,-0.115543484687805,0.0547447316348553,-0.115545459091663,0.376419544219971,0.427144408226013,0.0547448098659515,-0.115543119609356,0.0993743240833282,0.270105123519897,0.0993724167346954,0.27010589838028,0.0547448098659515,-0.115543119609356,0.376421689987183,0.427146196365356,0.0547440238296986,-0.115541055798531,0.0547439642250538,-0.115543484687805,0.0993743240833282,0.270105123519897,0.0547440238296986,-0.115541055798531,0.376417636871338,0.427147537469864
8.38420009613037,0.376264184713364,0.42715448141098,0.0547474138438702,-0.11557574570179,0.0996228531002998,0.26999768614769,0.0547465868294239,-0.115573793649673,0.0547474138438702,-0.11557574570179,0.376261711120605,0.42715659737587,0.0547474883496761,-0.115573421120644,0.0996247753500938,0.26999694108963,0.099622868001461,0.269997715950012,0.0547474883496761,-0.115573421120644,0.376263916492462,0.427158445119858,0.054746650159359,-0.115571357309818,0.0547465868294239,-0.115573793649673,0.0996247753500938,0.26999694108963,0.054746650159359,-0.115571357309818,0.376259803771973,0.427159756422043
8.38479995727539,0.376106381416321,0.427167028188705,0.0547500513494015,-0.115606047213078,0.0998731628060341,0.269889205694199,0.0547492541372776,-0.1156040802598,0.0547500513494015,-0.115606047213078,0.376103907823563,0.427169144153595,0.0547501295804977,-0.115603715181351,0.0998750776052475,0.269888430833817,0.0998731628060341,0.269889205694199,0.0547501295804977,-0.115603715181351,0.376106172800064,0.427170962095261,0.0547493174672127,-0.115601643919945,0.0547492541372776,-0.1156040802598,0.0998750776052475,0.269888430833817,0.0547493174672127,-0.115601643919945,0.376102119684219,0.427172303199768
8.38539981842041,0.375948786735535,0.427179872989655,0.0547526590526104,-0.115636341273785,0.100123450160027,0.269780367612839,0.0547518618404865,-0.115634381771088,0.0547526516020298,-0.115636333823204,0.375946223735809,0.427182048559189,0.0547527559101582,-0.115633994340897,0.100125357508659,0.269779562950134,0.100123450160027,0.269780367612839,0.0547527559101582,-0.115633994340897,0.375948399305344,0.427183836698532,0.0547519512474537,-0.115631930530071,0.0547518618404865,-0.115634381771088,0.100125357508659,0.269779562950134,0.0547519512474537,-0.115631930530071,0.375944435596466,0.42718517780304
8.38599967956543,0.375791072845459,0.42719304561615,0.0547552742063999,-0.115666620433331,0.100373603403568,0.269671201705933,0.0547544881701469,-0.115664668381214,0.0547552742063999,-0.115666620433331,0.375788509845734,0.427195191383362,0.0547553524374962,-0.115664280951023,0.100375510752201,0.269670426845551,0.100373603403568,0.269671201705933,0.0547553524374962,-0.115664280951023,0.375790804624557,0.42719703912735,0.0547545403242111,-0.115662217140198,0.0547544881701469,-0.115664668381214,0.100375510752201,0.269670426845551,0.0547545664012432,-0.115662209689617,0.37578672170639,0.42719829082489
8.38659954071045,0.375633418560028,0.427206575870514,0.0547578632831573,-0.115696914494038,0.100623615086079,0.269561767578125,0.0547570697963238,-0.11569494754076,0.0547578595578671,-0.115696899592876,0.37563094496727,0.427208691835403,0.0547579377889633,-0.115694560110569,0.100625522434711,0.269560992717743,0.100623615086079,0.269561767578125,0.0547579377889633,-0.115694560110569,0.375633209943771,0.427210450172424,0.0547571629285812,-0.115692503750324,0.0547570697963238,-0.11569494754076,0.100625522434711,0.269560992717743,0.0547571629285812,-0.115692503750324,0.375629156827927,0.427211821079254
8.38720035552979,0.375475913286209,0.427220314741135,0.054760467261076,-0.115727178752422,0.100873596966267,0.269451946020126,0.05475964397192,-0.115725219249725,0.054760467261076,-0.115727178752422,0.375473469495773,0.427222490310669,0.0547605194151402,-0.115724846720695,0.100875504314899,0.269451171159744,0.100873596966267,0.269451946020126,0.0547605194151402,-0.115724846720695,0.375475645065308,0.427224278450012,0.0547597073018551,-0.11572277545929,0.05475964397192,-0.115725219249725,0.100875504314899,0.269451171159744,0.0547597073018551,-0.11572277545929,0.375471591949463,0.42722561955452
8.3878002166748,0.375318437814713,0.427234470844269,0.0547630079090595,-0.115757450461388,0.101123459637165,0.269341886043549,0.0547621846199036,-0.115755490958691,0.0547630079090595,-0.115757450461388,0.37531590461731,0.427236616611481,0.0547630861401558,-0.115755125880241,0.101125344634056,0.269341081380844,0.101123459637165,0.269341886043549,0.0547630861401558,-0.115755125880241,0.375318139791489,0.427238404750824,0.0547622479498386,-0.115753054618835,0.0547621846199036,-0.115755490958691,0.101125344634056,0.269341081380844,0.054762277752161,-0.115753047168255,0.375314116477966,0.427239775657654
8.38840007781982,0.375160992145538,0.427248924970627,0.0547655373811722,-0.115787729620934,0.101373217999935,0.269231468439102,0.0547647438943386,-0.115785755217075,0.0547655373811722,-0.115787729620934,0.375158458948135,0.427251040935516,0.0547656491398811,-0.115785382688046,0.101375125348568,0.26923069357872,0.101373217999935,0.269231468439102,0.0547656193375587,-0.115785397589207,0.375160694122314,0.427252858877182,0.054764810949564,-0.11578331887722,0.0547647438943386,-0.115785755217075,0.101375125348568,0.26923069357872,0.054764810949564,-0.11578331887722,0.37515664100647,0.427254199981689
8.38899993896484,0.375003665685654,0.427263617515564,0.0547680296003819,-0.115817986428738,0.101622849702835,0.269120752811432,0.054767269641161,-0.115816034376621,0.0547680296003819,-0.115817986428738,0.375001102685928,0.427265793085098,0.0547681413590908,-0.115815654397011,0.101624757051468,0.26911997795105,0.101622849702835,0.269120752811432,0.0547681413590908,-0.115815654397011,0.375003337860107,0.427267551422119,0.0547673366963863,-0.115813590586185,0.0547672435641289,-0.115816041827202,0.101624757051468,0.26911997795105,0.0547673366963863,-0.115813590586185,0.374999284744263,0.427268952131271
8.38959980010986,0.374846309423447,0.427278697490692,0.0547705441713333,-0.115848258137703,0.101872399449348,0.269009709358215,0.0547697767615318,-0.115846283733845,0.0547705441713333,-0.115848258137703,0.374843746423721,0.427280873060226,0.0547706559300423,-0.115845918655396,0.101874299347401,0.269008934497833,0.101872399449348,0.269009709358215,0.0547706559300423,-0.115845918655396,0.374846011400223,0.427282631397247,0.0547698140144348,-0.11584385484457,0.0547697767615318,-0.115846283733845,0.101874299347401,0.269008934497833,0.0547698140144348,-0.11584385484457,0.374841958284378,0.4272840321064
8.39019966125488,0.37468895316124,0.427294105291367,0.0547730512917042,-0.115878514945507,0.10212192684412,0.268898338079453,0.0547722578048706,-0.115876540541649,0.0547730512917042,-0.115878514945507,0.374686509370804,0.427296251058578,0.0547731034457684,-0.11587618291378,0.102123834192753,0.26889756321907,0.10212192684412,0.268898338079453,0.0547731034457684,-0.11587618291378,0.374688774347305,0.427298039197922,0.054772324860096,-0.115874119102955,0.0547722578048706,-0.115876540541649,0.102123834192753,0.26889756321907,0.054772324860096,-0.115874119102955,0.374684751033783,0.427299410104752
8.39080047607422,0.374531775712967,0.427309781312943,0.0547754913568497,-0.115908779203892,0.102371200919151,0.268786728382111,0.0547747276723385,-0.115906804800034,0.0547754913568497,-0.115908779203892,0.374529302120209,0.427311927080154,0.0547756031155586,-0.115906432271004,0.102373085916042,0.268785923719406,0.102371200919151,0.268786728382111,0.0547756031155586,-0.115906432271004,0.374531596899033,0.42731374502182,0.0547747947275639,-0.115904375910759,0.0547747276723385,-0.115906804800034,0.102373085916042,0.268785923719406,0.0547747947275639,-0.115904375910759,0.374527543783188,0.42731511592865
8.39140033721924,0.374374657869339,0.427325785160065,0.0547779500484467,-0.115939006209373,0.10262043774128,0.2686747610569,0.0547771640121937,-0.115937061607838,0.0547779500484467,-0.115939006209373,0.374372214078903,0.427327960729599,0.0547780357301235,-0.115936696529388,0.102622389793396,0.268673926591873,0.10262043774128,0.2686747610569,0.0547780357301235,-0.115936696529388,0.374374449253082,0.42732971906662,0.0547772534191608,-0.115934625267982,0.0547771640121937,-0.115937061607838,0.102622389793396,0.268673926591873,0.0547772534191608,-0.115934625267982,0.37437030673027,0.42733108997345
8.39200019836426,0.374217569828033,0.427342116832733,0.0547803714871407,-0.115969263017178,0.102869652211666,0.268562465906143,0.0547795854508877,-0.115967318415642,0.0547803714871407,-0.115969263017178,0.374215066432953,0.427344262599945,0.0547804869711399,-0.115966945886612,0.102871552109718,0.268561661243439,0.102869652211666,0.268562465906143,0.0547804869711399,-0.115966945886612,0.374217361211777,0.427346080541611,0.0547796487808228,-0.115964867174625,0.0547795854508877,-0.115967318415642,0.102871552109718,0.268561661243439,0.0547796487808228,-0.115964867174625,0.374213218688965,0.427347421646118
8.39260005950928,0.374060541391373,0.427358746528625,0.0547827892005444,-0.115999519824982,0.103118672966957,0.268449872732162,0.0547820217907429,-0.115997552871704,0.0547827892005444,-0.115999519824982,0.37405800819397,0.42736092209816,0.0547828711569309,-0.115997187793255,0.103120632469654,0.268449068069458,0.103118672966957,0.268449872732162,0.0547828711569309,-0.115997187793255,0.374060243368149,0.427362710237503,0.0547820888459682,-0.115995101630688,0.0547820217907429,-0.115997552871704,0.103120632469654,0.268449068069458,0.0547820888459682,-0.115995101630688,0.374056249856949,0.427364081144333
8.3931999206543,0.373903602361679,0.427375704050064,0.0547851957380772,-0.116029761731625,0.103367663919926,0.268336921930313,0.0547844022512436,-0.116027794778347,0.0547851957380772,-0.116029761731625,0.373901158571243,0.427377879619598,0.0547853037714958,-0.116027422249317,0.103369556367397,0.268336087465286,0.103367663919926,0.268336921930313,0.0547853037714958,-0.116027422249317,0.373903274536133,0.427379637956619,0.054784469306469,-0.116025343537331,0.0547844022512436,-0.116027794778347,0.103369556367397,0.268336087465286,0.054784469306469,-0.116025343537331,0.373899281024933,0.427381068468094
8.39379978179932,0.373746693134308,0.427392989397049,0.0547875612974167,-0.116059996187687,0.103616453707218,0.268223702907562,0.0547867678105831,-0.116058029234409,0.0547875612974167,-0.116059996187687,0.373744159936905,0.427395164966583,0.0547876730561256,-0.11605766415596,0.103618338704109,0.268222898244858,0.103616453707218,0.268223702907562,0.0547876730561256,-0.11605766415596,0.373746424913406,0.427396923303604,0.0547868348658085,-0.116055592894554,0.0547867678105831,-0.116058029234409,0.103618338704109,0.268222898244858,0.0547868348658085,-0.116055592894554,0.373742431402206,0.427398324012756
8.39439964294434,0.373589873313904,0.427410542964935,0.0547899194061756,-0.116090230643749,0.103865213692188,0.268110156059265,0.0547891221940517,-0.116088256239891,0.0547899194061756,-0.116090230643749,0.373587310314178,0.42741271853447,0.0547900348901749,-0.116087906062603,0.103867098689079,0.268109321594238,0.103865213692188,0.268110156059265,0.0547900348901749,-0.116087906062603,0.373589545488358,0.427414506673813,0.0547892265021801,-0.116085827350616,0.0547891221940517,-0.116088256239891,0.103867098689079,0.268109321594238,0.0547892265021801,-0.116085827350616,0.373585551977158,0.427415907382965
8.39500045776367,0.373432993888855,0.42742845416069,0.0547922700643539,-0.116120465099812,0.104113832116127,0.267996311187744,0.0547914765775204,-0.116118490695953,0.0547922700643539,-0.116120465099812,0.373430579900742,0.427430599927902,0.0547923818230629,-0.116118118166924,0.104115717113018,0.267995476722717,0.104113832116127,0.267996311187744,0.0547923818230629,-0.116118118166924,0.373432815074921,0.427432388067245,0.0547915436327457,-0.116116046905518,0.0547914765775204,-0.116118490695953,0.104115717113018,0.267995446920395,0.0547915510833263,-0.116116061806679,0.373428672552109,0.427433788776398
8.39560031890869,0.373276352882385,0.427446633577347,0.0547945834696293,-0.116150684654713,0.104362301528454,0.267882168292999,0.0547938160598278,-0.116148717701435,0.0547945834696293,-0.116150684654713,0.373273849487305,0.427448838949203,0.0547946952283382,-0.116148345172405,0.10436425358057,0.267881274223328,0.104362301528454,0.267882168292999,0.0547946654260159,-0.116148345172405,0.373276114463806,0.427450597286224,0.0547938942909241,-0.11614628136158,0.0547938160598278,-0.116148717701435,0.10436425358057,0.267881274223328,0.0547938942909241,-0.11614628136158,0.373272061347961,0.427452027797699
8.39620018005371,0.373119652271271,0.42746514081955,0.0547968856990337,-0.116180911660194,0.104610741138458,0.267767637968063,0.0547960922122002,-0.116178937256336,0.0547968856990337,-0.116180911660194,0.373117208480835,0.427467346191406,0.054797001183033,-0.116178572177887,0.104612626135349,0.267766803503036,0.104610741138458,0.267767637968063,0.054797001183033,-0.116178579628468,0.373119443655014,0.427469074726105,0.0547961927950382,-0.116176508367062,0.0547960922122002,-0.116178937256336,0.10461263358593,0.267766833305359,0.0547961927950382,-0.116176508367062,0.373115360736847,0.427470505237579
8.39680004119873,0.372963160276413,0.427484005689621,0.0547991506755352,-0.116211123764515,0.104859039187431,0.267652869224548,0.054798386991024,-0.116209156811237,0.0547991506755352,-0.116211123764515,0.372960597276688,0.427486181259155,0.0547992736101151,-0.116208799183369,0.104860924184322,0.267652034759521,0.104859039187431,0.267652869224548,0.0547992736101151,-0.116208799183369,0.372962862253189,0.427487939596176,0.0547984912991524,-0.116206727921963,0.054798386991024,-0.116209156811237,0.104860924184322,0.267652034759521,0.0547984912991524,-0.116206727921963,0.372958838939667,0.427489370107651
8.39739990234375,0.372806549072266,0.427503168582916,0.0548014380037785,-0.116241350769997,0.105107240378857,0.267537713050842,0.0548006743192673,-0.116239368915558,0.0548014380037785,-0.116241350769997,0.37280410528183,0.427505344152451,0.054801557213068,-0.116239011287689,0.105109140276909,0.267536908388138,0.105107240378857,0.267537713050842,0.054801557213068,-0.116239011287689,0.372806370258331,0.427507102489471,0.0548007525503635,-0.116236940026283,0.0548006743192673,-0.116239368915558,0.105109140276909,0.267536908388138,0.0548007525503635,-0.116236940026283,0.372802227735519,0.427508503198624
8.39799976348877,0.372650176286697,0.427522629499435,0.0548036843538284,-0.116271547973156,0.105355314910412,0.267422318458557,0.0548029318451881,-0.11626959592104,0.0548036843538284,-0.116271547973156,0.37264758348465,0.427524775266647,0.0548038072884083,-0.11626922339201,0.105357192456722,0.26742148399353,0.105355314910412,0.267422318458557,0.0548038072884083,-0.11626922339201,0.372649848461151,0.427526563405991,0.0548029989004135,-0.116267137229443,0.0548029318451881,-0.11626959592104,0.105357192456722,0.26742148399353,0.0548029989004135,-0.116267137229443,0.372645854949951,0.42752793431282
8.39859962463379,0.372493743896484,0.427542388439178,0.0548059307038784,-0.116301760077477,0.105603285133839,0.267306566238403,0.0548051670193672,-0.116299793124199,0.0548059307038784,-0.116301760077477,0.372491240501404,0.427544593811035,0.0548060238361359,-0.11629943549633,0.105605162680149,0.267305731773376,0.105603285133839,0.267306566238403,0.0548060238361359,-0.11629943549633,0.37249344587326,0.427546322345734,0.0548052415251732,-0.116297364234924,0.0548051670193672,-0.116299793124199,0.105605162680149,0.267305731773376,0.0548052415251732,-0.116297349333763,0.372489511966705,0.427547752857208
8.39920043945313,0.372337430715561,0.427562475204468,0.0548081323504448,-0.116331972181797,0.105851173400879,0.267190515995026,0.0548073388636112,-0.116329997777939,0.0548081323504448,-0.116331972181797,0.372334957122803,0.427564650774002,0.0548082552850246,-0.11632964015007,0.105853043496609,0.267189681529999,0.105851173400879,0.267190515995026,0.0548082552850246,-0.11632964015007,0.372337102890015,0.427566438913345,0.054807472974062,-0.116327553987503,0.0548073388636112,-0.116329997777939,0.105853043496609,0.267189681529999,0.054807472974062,-0.116327553987503,0.372333109378815,0.427567839622498
8.39980030059814,0.372181117534637,0.427582859992981,0.0548103526234627,-0.116362161934376,0.106098897755146,0.267074167728424,0.0548095665872097,-0.116360202431679,0.0548103526234627,-0.116362161934376,0.372178614139557,0.427585065364838,0.0548104755580425,-0.116359829902649,0.106100782752037,0.267073303461075,0.106098897755146,0.267074167728424,0.0548104755580425,-0.116359829902649,0.372180879116058,0.427586853504181,0.0548096410930157,-0.116357758641243,0.0548095665872097,-0.116360202431679,0.106100782752037,0.267073303461075,0.0548096671700478,-0.116357751190662,0.372176855802536,0.427588224411011
8.40040016174316,0.372024863958359,0.42760357260704,0.0548125132918358,-0.116392366588116,0.106346555054188,0.266957491636276,0.0548117496073246,-0.116390384733677,0.0548125132918358,-0.116392366588116,0.372022479772568,0.427605807781219,0.0548126362264156,-0.116390034556389,0.106348425149918,0.266956657171249,0.106346555054188,0.266957491636276,0.0548126362264156,-0.116390034556389,0.372024714946747,0.427607536315918,0.0548118576407433,-0.116387955844402,0.0548117496073246,-0.116390384733677,0.106348425149918,0.266956657171249,0.0548118576407433,-0.116387955844402,0.372020602226257,0.427608966827393
8.40100002288818,0.371868759393692,0.427624613046646,0.054814662784338,-0.116422556340694,0.106594040989876,0.266840487718582,0.0548139289021492,-0.116420581936836,0.054814662784338,-0.116422556340694,0.371866315603256,0.42762678861618,0.0548148117959499,-0.116420224308968,0.106595978140831,0.266839623451233,0.106594040989876,0.266840487718582,0.0548147857189178,-0.116420231759548,0.371868580579758,0.427628576755524,0.0548140071332455,-0.116418153047562,0.0548139289021492,-0.116420581936836,0.106595978140831,0.266839623451233,0.0548140071332455,-0.116418153047562,0.37186461687088,0.427630007266998
8.4015998840332,0.371712774038315,0.427645981311798,0.0548168309032917,-0.116452738642693,0.106841504573822,0.266723185777664,0.0548160746693611,-0.116450779139996,0.0548168309032917,-0.116452738642693,0.371710330247879,0.427648186683655,0.0548169501125813,-0.116450414061546,0.106843382120132,0.266722351312637,0.106841504573822,0.266723185777664,0.0548169240355492,-0.116450414061546,0.371712535619736,0.427649885416031,0.0548161529004574,-0.116448350250721,0.0548160746693611,-0.116450779139996,0.106843382120132,0.266722351312637,0.0548161529004574,-0.116448350250721,0.371708482503891,0.427651345729828
8.40219974517822,0.371556758880615,0.427667617797852,0.0548189617693424,-0.116482928395271,0.107088819146156,0.266605615615845,0.0548181980848312,-0.116480961441994,0.0548189617693424,-0.116482928395271,0.371554344892502,0.427669852972031,0.0548190884292126,-0.116480596363544,0.107090696692467,0.266604721546173,0.107088819146156,0.266605615615845,0.0548190884292126,-0.116480596363544,0.371556550264359,0.427671551704407,0.0548182800412178,-0.116478517651558,0.0548181980848312,-0.116480961441994,0.107090696692467,0.266604721546173,0.0548182800412178,-0.116478517651558,0.371552497148514,0.427672982215881
8.40279960632324,0.37140080332756,0.427689552307129,0.0548210591077805,-0.11651311814785,0.107335977256298,0.266487687826157,0.0548203215003014,-0.116511128842831,0.0548210591077805,-0.11651311814785,0.371398448944092,0.42769181728363,0.05482117831707,-0.116510778665543,0.107337921857834,0.266486793756485,0.107335977256298,0.266487687826157,0.05482117831707,-0.116510778665543,0.371400654315948,0.427693516016006,0.0548204034566879,-0.116508692502975,0.0548203215003014,-0.116511128842831,0.107337921857834,0.266486793756485,0.0548204034566879,-0.116508692502975,0.371396571397781,0.427694946527481
8.40340042114258,0.371245056390762,0.427711874246597,0.0548231676220894,-0.116543285548687,0.107583053410053,0.266369462013245,0.0548223815858364,-0.116541311144829,0.0548231676220894,-0.116543285548687,0.371242582798004,0.427714079618454,0.0548232905566692,-0.11654095351696,0.107584975659847,0.266368538141251,0.107583053410053,0.266369462013245,0.0548232905566692,-0.11654095351696,0.371244788169861,0.42771577835083,0.0548224933445454,-0.116538889706135,0.0548223815858364,-0.116541311144829,0.107584990561008,0.266368567943573,0.0548224933445454,-0.116538889706135,0.371240794658661,0.427717238664627
8.4040002822876,0.371089309453964,0.427734434604645,0.0548252202570438,-0.116573467850685,0.107830084860325,0.266250878572464,0.054824486374855,-0.116571485996246,0.0548252202570438,-0.116573467850685,0.371086776256561,0.427736639976501,0.0548253729939461,-0.116571128368378,0.107831962406635,0.266250044107437,0.107830084860325,0.266250878572464,0.0548253729939461,-0.116571128368378,0.37108913064003,0.427738398313522,0.0548245646059513,-0.116569049656391,0.054824486374855,-0.116571485996246,0.107831962406635,0.266250044107437,0.0548245646059513,-0.116569049656391,0.371085077524185,0.427739858627319
8.40460014343262,0.370933651924133,0.427757322788239,0.0548273138701916,-0.116603635251522,0.10807690769434,0.266132026910782,0.0548265278339386,-0.116601660847664,0.0548272877931595,-0.116603642702103,0.370931148529053,0.427759557962418,0.0548274405300617,-0.116601303219795,0.10807878524065,0.266131162643433,0.10807690769434,0.266132026910782,0.0548274405300617,-0.116601303219795,0.370933383703232,0.427761316299438,0.0548266358673573,-0.116599217057228,0.0548265278339386,-0.116601660847664,0.10807878524065,0.266131162643433,0.0548266358673573,-0.116599217057228,0.370929390192032,0.427762746810913
8.40520000457764,0.370777994394302,0.427780568599701,0.0548293441534042,-0.116633795201778,0.108323581516743,0.266012847423553,0.054828554391861,-0.11663182079792,0.0548293441534042,-0.116633795201778,0.370775490999222,0.427782773971558,0.0548294708132744,-0.116631463170052,0.108325496315956,0.266011953353882,0.108323581516743,0.266012847423553,0.0548294708132744,-0.116631463170052,0.370777755975723,0.427784532308578,0.0548286996781826,-0.116629399359226,0.054828554391861,-0.11663182079792,0.108325496315956,0.266011953353882,0.0548286996781826,-0.116629399359226,0.370773762464523,0.427785962820053
8.40579986572266,0.370622366666794,0.427804082632065,0.0548313669860363,-0.116663962602615,0.108570218086243,0.265893399715424,0.054830577224493,-0.116661988198757,0.0548313669860363,-0.116663962602615,0.370619982481003,0.427806377410889,0.0548314936459064,-0.116661638021469,0.108572073280811,0.26589247584343,0.108570218086243,0.265893399715424,0.0548314936459064,-0.116661638021469,0.370622187852859,0.42780801653862,0.0548307150602341,-0.116659551858902,0.054830577224493,-0.116661988198757,0.108572073280811,0.26589247584343,0.0548307150602341,-0.116659551858902,0.370618134737015,0.427809476852417
8.40639972686768,0.370466947555542,0.427827954292297,0.0548333786427975,-0.116694122552872,0.108816705644131,0.265773594379425,0.0548325926065445,-0.116692148149014,0.0548333786427975,-0.116694122552872,0.370464444160461,0.427830159664154,0.0548335090279579,-0.116691790521145,0.108818560838699,0.265772700309753,0.108816705644131,0.265773594379425,0.0548335090279579,-0.116691790521145,0.37046679854393,0.427831888198853,0.0548327043652534,-0.116689711809158,0.0548325926065445,-0.116692148149014,0.108818560838699,0.265772700309753,0.0548327043652534,-0.116689711809158,0.370462715625763,0.42783334851265
8.4069995880127,0.370311588048935,0.427852094173431,0.054835356771946,-0.116724275052547,0.10906308144331,0.265653491020203,0.0548345930874348,-0.116722293198109,0.0548353269696236,-0.116724282503128,0.370309054851532,0.42785432934761,0.0548354536294937,-0.116721950471401,0.109064996242523,0.265652596950531,0.10906308144331,0.265653491020203,0.0548354536294937,-0.116721950471401,0.370311409235001,0.427856028079987,0.0548346824944019,-0.116719879209995,0.0548345930874348,-0.116722293198109,0.109064996242523,0.265652596950531,0.0548346824944019,-0.116719879209995,0.370307326316833,0.427857488393784
8.40760040283203,0.370156168937683,0.427876561880112,0.0548373237252235,-0.116754435002804,0.109309315681458,0.265533089637756,0.0548365637660027,-0.116752445697784,0.0548373162746429,-0.116754420101643,0.370153784751892,0.427878797054291,0.054837454110384,-0.116752102971077,0.109311170876026,0.265532195568085,0.109309315681458,0.265533089637756,0.054837454110384,-0.116752102971077,0.370156019926071,0.427880495786667,0.0548366755247116,-0.11675001680851,0.0548365637660027,-0.116752445697784,0.109311290085316,0.265532165765762,0.0548366755247116,-0.11675001680851,0.370151937007904,0.427881956100464
8.40820026397705,0.370001018047333,0.427901297807693,0.0548392757773399,-0.116784557700157,0.109555445611477,0.265412330627441,0.0548385232686996,-0.11678259819746,0.0548392757773399,-0.116784557700157,0.36999848484993,0.427903532981873,0.0548393838107586,-0.116782255470753,0.10955736041069,0.26541143655777,0.109555445611477,0.265412330627441,0.0548393838107586,-0.116782255470753,0.370000779628754,0.427905231714249,0.0548386052250862,-0.116780161857605,0.0548385232686996,-0.11678259819746,0.10955736041069,0.26541143655777,0.0548386052250862,-0.116780161857605,0.369996786117554,0.427906721830368
8.40880012512207,0.369845807552338,0.427926391363144,0.0548412017524242,-0.116814725100994,0.109801553189754,0.265291303396225,0.0548404417932034,-0.116812735795975,0.0548412017524242,-0.116814725100994,0.369843333959579,0.427928656339645,0.0548413582146168,-0.116812385618687,0.109803393483162,0.265290409326553,0.109801553189754,0.265291303396225,0.0548413582146168,-0.116812385618687,0.369845658540726,0.427930325269699,0.0548405610024929,-0.116810314357281,0.0548404417932034,-0.116812735795975,0.109803393483162,0.265290379524231,0.0548405610024929,-0.116810314357281,0.369841635227203,0.427931845188141
8.40939998626709,0.369690716266632,0.427951812744141,0.0548431389033794,-0.116844847798347,0.110047370195389,0.265169978141785,0.0548423565924168,-0.11684288084507,0.0548431389033794,-0.116844847798347,0.369688332080841,0.42795404791832,0.0548432432115078,-0.116842538118362,0.110049344599247,0.265169054269791,0.110047370195389,0.265169978141785,0.0548432432115078,-0.116842538118362,0.369690537452698,0.427955746650696,0.0548424981534481,-0.116840444505215,0.0548423565924168,-0.11684288084507,0.110049344599247,0.265169054269791,0.0548424981534481,-0.116840444505215,0.369686454534531,0.42795717716217
8.40999984741211,0.369535744190216,0.427977502346039,0.0548450127243996,-0.116874992847443,0.11029314994812,0.265048295259476,0.0548442602157593,-0.116873018443584,0.0548450127243996,-0.116874992847443,0.369533270597458,0.42797976732254,0.0548451766371727,-0.116872668266296,0.110295064747334,0.265047401189804,0.11029314994812,0.265048295259476,0.0548451766371727,-0.116872668266296,0.369535475969315,0.427981436252594,0.0548443756997585,-0.11687058955431,0.0548442602157593,-0.116873018443584,0.110295064747334,0.265047401189804,0.0548443756997585,-0.11687058955431,0.369531542062759,0.427982956171036
8.41059970855713,0.369380742311478,0.428003519773483,0.0548468828201294,-0.116905130445957,0.110538840293884,0.264926344156265,0.0548461526632309,-0.116903156042099,0.0548468790948391,-0.116905115544796,0.369378358125687,0.428005784749985,0.0548470169305801,-0.11690279841423,0.110540755093098,0.264925420284271,0.110538840293884,0.264926344156265,0.0548470169305801,-0.11690279841423,0.369380563497543,0.428007483482361,0.0548462644219398,-0.116900704801083,0.0548461526632309,-0.116903156042099,0.110540755093098,0.264925420284271,0.0548462718725204,-0.116900719702244,0.369376510381699,0.42800897359848
8.41119956970215,0.369225919246674,0.428029865026474,0.0548487678170204,-0.116935260593891,0.110784366726875,0.264804065227509,0.0548480078577995,-0.116933263838291,0.0548487678170204,-0.116935260593891,0.36922350525856,0.428032159805298,0.0548489019274712,-0.116932928562164,0.110786207020283,0.264803171157837,0.110784366726875,0.264804065227509,0.0548489019274712,-0.116932928562164,0.369225770235062,0.428033769130707,0.0548481270670891,-0.116930849850178,0.0548480078577995,-0.116933263838291,0.110786207020283,0.264803171157837,0.0548481270670891,-0.116930849850178,0.369221717119217,0.428035289049149
8.41180038452148,0.369071125984192,0.428056508302689,0.0548506155610085,-0.116965368390083,0.111029796302319,0.264681488275528,0.0548498556017876,-0.116963386535645,0.0548506155610085,-0.116965368390083,0.369068652391434,0.428058743476868,0.0548507533967495,-0.116963058710098,0.111031644046307,0.264680564403534,0.111029796302319,0.264681488275528,0.0548507533967495,-0.116963058710098,0.36907097697258,0.428060472011566,0.054849948734045,-0.116960972547531,0.0548498556017876,-0.116963386535645,0.111031644046307,0.264680564403534,0.0548499748110771,-0.116960972547531,0.369066953659058,0.428061932325363
8.4124002456665,0.368916451931,0.428083419799805,0.0548524521291256,-0.116995498538017,0.11127507686615,0.264558613300323,0.0548516698181629,-0.116993524134159,0.0548524521291256,-0.116995498538017,0.368914008140564,0.428085714578629,0.0548525899648666,-0.116993173956871,0.111276909708977,0.264557629823685,0.11127507686615,0.264558613300323,0.0548525899648666,-0.116993173956871,0.368916302919388,0.428087383508682,0.0548518113791943,-0.116991080343723,0.0548516698181629,-0.116993524134159,0.111276909708977,0.264557629823685,0.0548518113791943,-0.116991080343723,0.368912279605865,0.428088873624802
8.41300010681152,0.36876180768013,0.428110718727112,0.0548542551696301,-0.117025621235371,0.111520178616047,0.26443538069725,0.0548534952104092,-0.117023631930351,0.0548542551696301,-0.117025621235371,0.368759453296661,0.428113013505936,0.0548543967306614,-0.117023296654224,0.111522138118744,0.264434427022934,0.111520178616047,0.26443538069725,0.0548543967306614,-0.117023296654224,0.368761599063873,0.428114622831345,0.054853618144989,-0.117021210491657,0.0548534952104092,-0.117023631930351,0.111522153019905,0.264434456825256,0.054853618144989,-0.117021210491657,0.368757605552673,0.428116172552109
8.41359996795654,0.368607252836227,0.42813828587532,0.0548560507595539,-0.117055736482143,0.111765243113041,0.264311850070953,0.0548552609980106,-0.117053754627705,0.0548560507595539,-0.117055736482143,0.368604928255081,0.428140550851822,0.0548561811447144,-0.117053396999836,0.111767090857029,0.264310926198959,0.111765243113041,0.264311850070953,0.0548561848700047,-0.117053411900997,0.368607074022293,0.428142219781876,0.0548554137349129,-0.117051318287849,0.0548552609980106,-0.117053754627705,0.111767090857029,0.264310926198959,0.0548554137349129,-0.117051318287849,0.368603050708771,0.428143709897995
8.41419982910156,0.368452817201614,0.428166180849075,0.0548578053712845,-0.117085851728916,0.112010151147842,0.264188021421432,0.0548570454120636,-0.117083854973316,0.0548578053712845,-0.117085851728916,0.368450462818146,0.428168475627899,0.0548579692840576,-0.117083504796028,0.112012051045895,0.264187097549438,0.112010151147842,0.264188021421432,0.0548579692840576,-0.117083504796028,0.368452668190002,0.428170084953308,0.0548571944236755,-0.117081426084042,0.0548570454120636,-0.117083854973316,0.112012051045895,0.264187097549438,0.0548571944236755,-0.117081418633461,0.36844864487648,0.428171634674072
8.41479969024658,0.368298530578613,0.428194344043732,0.0548595450818539,-0.117115944623947,0.112254954874516,0.264063894748688,0.0548588261008263,-0.117113955318928,0.0548595450818539,-0.117115944623947,0.368296056985855,0.428196609020233,0.0548597127199173,-0.11711361259222,0.112256869673729,0.264062970876694,0.112254954874516,0.264063894748688,0.0548597127199173,-0.11711361259222,0.368298351764679,0.428198307752609,0.0548589490354061,-0.117111533880234,0.0548588261008263,-0.117113955318928,0.112256869673729,0.264062970876694,0.0548589490354061,-0.117111533880234,0.368294298648834,0.428199797868729
8.4153995513916,0.368144243955612,0.428222864866257,0.0548613145947456,-0.117146044969559,0.112499617040157,0.263939470052719,0.0548605620861053,-0.117144070565701,0.0548613145947456,-0.117146044969559,0.368141859769821,0.428225100040436,0.0548614524304867,-0.117143712937832,0.112501442432404,0.263938546180725,0.112499617040157,0.263939470052719,0.0548614524304867,-0.117143712937832,0.368144035339355,0.428226798772812,0.0548606850206852,-0.117141641676426,0.0548605620861053,-0.117144070565701,0.112501502037048,0.263938546180725,0.0548606850206852,-0.117141641676426,0.368140012025833,0.428228318691254
8.41600036621094,0.367990016937256,0.428251653909683,0.054863017052412,-0.11717614531517,0.112744152545929,0.263814717531204,0.0548622906208038,-0.117174156010151,0.0548630133271217,-0.11717613786459,0.36798757314682,0.428253978490829,0.0548631846904755,-0.117173820734024,0.112745992839336,0.26381379365921,0.112744152545929,0.263814717531204,0.0548631846904755,-0.117173820734024,0.367989838123322,0.428255617618561,0.0548624135553837,-0.117171734571457,0.0548622906208038,-0.117174156010151,0.112745992839336,0.26381379365921,0.0548624135553837,-0.117171734571457,0.367985844612122,0.428257137537003
8.41660022735596,0.367835938930511,0.428280770778656,0.0548647344112396,-0.117206230759621,0.112988539040089,0.263689666986465,0.0548639819025993,-0.117204241454601,0.0548647344112396,-0.117206230759621,0.367833524942398,0.428283095359802,0.0548649020493031,-0.117203906178474,0.112990438938141,0.263688713312149,0.112988539040089,0.263689666986465,0.0548649020493031,-0.117203913629055,0.367835700511932,0.428284734487534,0.0548641309142113,-0.117201812565327,0.0548639819025993,-0.117204241454601,0.112990438938141,0.263688713312149,0.0548641383647919,-0.117201827466488,0.3678317964077,0.428286284208298
8.41720008850098,0.367681890726089,0.428310215473175,0.0548664480447769,-0.117236316204071,0.113232813775539,0.26356428861618,0.0548656620085239,-0.117234334349632,0.0548664480447769,-0.117236316204071,0.367679536342621,0.428312510251999,0.0548665896058083,-0.117233999073505,0.113234713673592,0.263563364744186,0.113232813775539,0.26356428861618,0.0548665896058083,-0.117233999073505,0.367681741714478,0.42831414937973,0.0548658184707165,-0.117231905460358,0.0548656620085239,-0.117234334349632,0.113234713673592,0.263563364744186,0.0548658221960068,-0.117231920361519,0.367677748203278,0.428315669298172
8.417799949646,0.367527961730957,0.428339928388596,0.0548681207001209,-0.117266401648521,0.113476999104023,0.263438612222672,0.0548673644661903,-0.117264412343502,0.0548681207001209,-0.117266401648521,0.367525607347488,0.428342223167419,0.0548682622611523,-0.117264084517956,0.113478876650333,0.263437658548355,0.113476999104023,0.263438612222672,0.0548682622611523,-0.117264084517956,0.367527782917023,0.428343921899796,0.0548674948513508,-0.117262005805969,0.0548673644661903,-0.117264412343502,0.113478876650333,0.263437658548355,0.0548674948513508,-0.117261990904808,0.367523789405823,0.42834547162056
8.41839981079102,0.367374032735825,0.42837005853653,0.0548697337508202,-0.117296501994133,0.113721005618572,0.263312637805939,0.0548690035939217,-0.117294512689114,0.0548697337508202,-0.117296501994133,0.367371708154678,0.428372353315353,0.054869931191206,-0.117294162511826,0.113722890615463,0.263311684131622,0.113721005618572,0.263312637805939,0.054869931191206,-0.117294162511826,0.367373943328857,0.42837393283844,0.0548691563308239,-0.117292076349258,0.0548690035939217,-0.117294512689114,0.113722890615463,0.263311684131622,0.0548691563308239,-0.117292076349258,0.367369949817657,0.428375482559204
8.41899967193604,0.367220312356949,0.428400367498398,0.054871391505003,-0.117326572537422,0.113964915275574,0.263186365365982,0.0548706576228142,-0.117324590682983,0.0548713840544224,-0.117326557636261,0.367217987775803,0.428402662277222,0.0548715591430664,-0.117324240505695,0.11396674066782,0.263185381889343,0.113964915275574,0.263186365365982,0.0548715591430664,-0.117324240505695,0.367220133543015,0.428404301404953,0.0548707842826843,-0.117322154343128,0.0548706576228142,-0.117324590682983,0.11396674066782,0.263185381889343,0.0548707842826843,-0.117322154343128,0.367216140031815,0.428405821323395
8.41959953308105,0.367066621780396,0.428431004285812,0.0548730082809925,-0.117356643080711,0.114208653569221,0.263059765100479,0.054872278124094,-0.117354646325111,0.0548730082809925,-0.117356643080711,0.367064267396927,0.428433358669281,0.0548731759190559,-0.117354318499565,0.114210538566113,0.26305878162384,0.114208653569221,0.263059765100479,0.0548731759190559,-0.117354318499565,0.367066413164139,0.42843496799469,0.0548724047839642,-0.117352224886417,0.054872278124094,-0.117354646325111,0.114210538566113,0.26305878162384,0.0548724047839642,-0.117352224886417,0.367062449455261,0.428436487913132
8.42020034790039,0.366913110017776,0.428461968898773,0.0548746138811111,-0.117386698722839,0.114452295005322,0.26293283700943,0.0548738911747932,-0.117384731769562,0.0548746138811111,-0.117386698722839,0.366910606622696,0.428464353084564,0.0548747591674328,-0.117384396493435,0.114454172551632,0.262931853532791,0.114452295005322,0.26293283700943,0.0548747591674328,-0.117384396493435,0.36691290140152,0.428465992212296,0.0548740178346634,-0.117382287979126,0.0548738911747932,-0.117384731769562,0.114454172551632,0.262931853532791,0.0548740178346634,-0.117382287979126,0.36690890789032,0.428467482328415
8.42080020904541,0.366759568452835,0.42849326133728,0.0548761859536171,-0.117416776716709,0.114695757627487,0.262805610895157,0.0548754595220089,-0.11741478741169,0.0548761859536171,-0.117416776716709,0.366757124662399,0.428495556116104,0.0548763573169708,-0.117414437234402,0.114697650074959,0.26280465722084,0.114695757627487,0.262805610895157,0.0548763647675514,-0.117414452135563,0.366759389638901,0.428497225046158,0.0548755936324596,-0.117412365972996,0.0548754595220089,-0.11741478741169,0.114697650074959,0.26280465722084,0.0548755936324596,-0.117412365972996,0.366755425930023,0.428498774766922
8.42140007019043,0.366606205701828,0.428524851799011,0.0548777468502522,-0.117446832358837,0.114939115941525,0.26267808675766,0.0548770278692245,-0.117444857954979,0.0548777468502522,-0.117446832358837,0.366603702306747,0.42852720618248,0.0548779293894768,-0.117444515228271,0.114941008388996,0.262677103281021,0.114939115941525,0.26267808675766,0.0548778995871544,-0.117444522678852,0.366606086492538,0.428528815507889,0.0548771806061268,-0.117442414164543,0.0548770278692245,-0.117444857954979,0.114941008388996,0.262677103281021,0.0548771806061268,-0.117442414164543,0.366602063179016,0.428530365228653
8.42199993133545,0.366452783346176,0.428556770086288,0.0548793077468872,-0.117476902902126,0.115182384848595,0.262550294399261,0.0548785775899887,-0.117474906146526,0.0548793077468872,-0.117476902902126,0.366450488567352,0.428559094667435,0.0548794791102409,-0.117474563419819,0.115184210240841,0.2625492811203,0.115182384848595,0.262550294399261,0.0548794791102409,-0.117474563419819,0.366452723741531,0.428560733795166,0.0548787117004395,-0.117472492158413,0.0548785775899887,-0.117474906146526,0.115184210240841,0.2625492811203,0.0548787117004395,-0.117472492158413,0.366448640823364,0.428562253713608
8.42259979248047,0.366299539804459,0.428588956594467,0.0548808537423611,-0.117506951093674,0.11542547494173,0.262422144412994,0.0548800975084305,-0.117504969239235,0.0548808462917805,-0.117506943643093,0.366297245025635,0.428591310977936,0.0548809990286827,-0.117504626512527,0.115427292883396,0.262421160936356,0.11542547494173,0.262422144412994,0.0548809990286827,-0.117504626512527,0.366299390792847,0.428592950105667,0.0548802316188812,-0.11750254034996,0.0548800975084305,-0.117504969239235,0.115427292883396,0.262421160936356,0.0548802316188812,-0.11750254034996,0.366295397281647,0.428594470024109
8.42319965362549,0.366146445274353,0.428621500730515,0.0548823922872543,-0.117536991834641,0.115668401122093,0.262293696403503,0.0548816658556461,-0.117535009980202,0.0548823922872543,-0.117536991834641,0.36614403128624,0.428623825311661,0.0548824816942215,-0.117534704506397,0.115670286118984,0.262292712926865,0.115668401122093,0.262293696403503,0.0548824816942215,-0.117534704506397,0.366146296262741,0.42862543463707,0.0548817701637745,-0.117532595992088,0.0548816658556461,-0.117535009980202,0.115670286118984,0.262292712926865,0.0548817701637745,-0.117532595992088,0.366142302751541,0.428626984357834
8.42380046844482,0.36599338054657,0.428654313087463,0.0548838600516319,-0.117567047476768,0.115911275148392,0.262164950370789,0.0548831410706043,-0.11756506562233,0.0548838600516319,-0.117567047476768,0.365991026163101,0.42865663766861,0.0548840127885342,-0.117564745247364,0.115913085639477,0.26216396689415,0.115911275148392,0.262164950370789,0.0548840127885342,-0.117564745247364,0.365993320941925,0.428658246994019,0.0548832975327969,-0.117562629282475,0.0548831410706043,-0.11756506562233,0.115913085639477,0.26216396689415,0.0548832975327969,-0.117562629282475,0.365989238023758,0.428659826517105
8.42440032958984,0.365840494632721,0.428687423467636,0.0548853203654289,-0.117597103118896,0.116153925657272,0.26203590631485,0.054884597659111,-0.117595098912716,0.0548853203654289,-0.117597103118896,0.365838080644608,0.428689807653427,0.0548855327069759,-0.117594763636589,0.116155803203583,0.262034922838211,0.116153925657272,0.26203590631485,0.0548855327069759,-0.117594763636589,0.365840345621109,0.428691387176514,0.0548847615718842,-0.117592677474022,0.054884597659111,-0.117595098912716,0.116155803203583,0.262034922838211,0.0548847615718842,-0.117592677474022,0.365836352109909,0.428692936897278
8.42500019073486,0.365687638521194,0.428720861673355,0.0548868328332901,-0.117627114057541,0.116396524012089,0.261906534433365,0.0548860542476177,-0.117625154554844,0.0548868328332901,-0.117627114057541,0.365685224533081,0.428723216056824,0.0548869855701923,-0.117624804377556,0.116398334503174,0.261905521154404,0.116396524012089,0.261906534433365,0.0548869855701923,-0.117624804377556,0.365687489509583,0.42872479557991,0.0548862144351006,-0.117622718214989,0.0548860542476177,-0.117625154554844,0.116398334503174,0.261905521154404,0.0548862144351006,-0.117622718214989,0.365683525800705,0.428726434707642
8.42560005187988,0.365534901618958,0.42875462770462,0.0548882782459259,-0.117657154798508,0.116638883948326,0.261776864528656,0.0548874959349632,-0.11765518039465,0.0548882782459259,-0.117657154798508,0.365532487630844,0.428756982088089,0.0548883713781834,-0.117654860019684,0.116640761494637,0.261775881052017,0.116638883948326,0.261776864528656,0.054888378828764,-0.117654874920845,0.365534752607346,0.428758561611176,0.0548876635730267,-0.117652751505375,0.0548874959349632,-0.11765518039465,0.116640761494637,0.261775881052017,0.0548876635730267,-0.117652751505375,0.365530788898468,0.428760141134262
8.4261999130249,0.365382164716721,0.428788661956787,0.0548896603286266,-0.117687210440636,0.11688119918108,0.261646866798401,0.0548889897763729,-0.117685183882713,0.054889652878046,-0.117687195539474,0.36537978053093,0.428791016340256,0.0548898614943027,-0.117684863507748,0.116883009672165,0.261645883321762,0.11688119918108,0.261646866798401,0.0548898093402386,-0.117684885859489,0.365382015705109,0.428792595863342,0.0548890419304371,-0.117682814598083,0.0548889897763729,-0.117685183882713,0.116883009672165,0.261645883321762,0.054889153689146,-0.117682754993439,0.365378051996231,0.428794205188751
8.42679977416992,0.365229547023773,0.4288230240345,0.0548910871148109,-0.11771722137928,0.117123357951641,0.261516630649567,0.0548903569579124,-0.117715232074261,0.0548910871148109,-0.11771722137928,0.365227162837982,0.428825378417969,0.0548912882804871,-0.117714881896973,0.117125160992146,0.261515587568283,0.117123357951641,0.261516630649567,0.0548912957310677,-0.117714889347553,0.365229487419128,0.428826987743378,0.0548904687166214,-0.117712825536728,0.0548903569579124,-0.117715232074261,0.117125160992146,0.261515587568283,0.0548905245959759,-0.117712803184986,0.365225464105606,0.428828567266464
8.42739963531494,0.365077197551727,0.428857713937759,0.0548924989998341,-0.117747224867344,0.117365323007107,0.261386036872864,0.0548917204141617,-0.117745272815228,0.0548924989998341,-0.117747224867344,0.365074783563614,0.428860038518906,0.0548926517367363,-0.117744922637939,0.117367133498192,0.261385023593903,0.117365323007107,0.261386036872864,0.0548926517367363,-0.117744922637939,0.365077018737793,0.428861618041992,0.0548918880522251,-0.117742843925953,0.0548917204141617,-0.117745272815228,0.117367193102837,0.261385023593903,0.0548918880522251,-0.117742843925953,0.365072935819626,0.428863227367401
8.42800045013428,0.364924699068069,0.42889267206192,0.0548938550055027,-0.11777725815773,0.11760725826025,0.261255115270615,0.0548931248486042,-0.11777526140213,0.0548938550055027,-0.11777725815773,0.364922434091568,0.428895026445389,0.0548940077424049,-0.117774948477745,0.117609061300755,0.261254161596298,0.11760725826025,0.261255115270615,0.0548940077424049,-0.117774948477745,0.364924639463425,0.428896576166153,0.0548932962119579,-0.117772832512856,0.0548931248486042,-0.11777526140213,0.117609061300755,0.261254161596298,0.0548932962119579,-0.117772832512856,0.364920556545258,0.428898185491562
8.4286003112793,0.364772439002991,0.428927928209305,0.0548951923847198,-0.117807283997536,0.11784889549017,0.261123955249786,0.0548944659531116,-0.117805279791355,0.0548951923847198,-0.117807283997536,0.3647700548172,0.428930282592773,0.0548954047262669,-0.117804944515228,0.117850817739964,0.261122941970825,0.11784889549017,0.261123955249786,0.0548954047262669,-0.117804944515228,0.364772289991379,0.428931891918182,0.054894644767046,-0.117802865803242,0.0548944659531116,-0.117805279791355,0.117850817739964,0.261122941970825,0.054894644767046,-0.117802865803242,0.364768356084824,0.428933501243591
8.42920017242432,0.364620298147202,0.42896357178688,0.0548965856432915,-0.117837272584438,0.118090465664864,0.260992437601089,0.0548958033323288,-0.117835305631161,0.0548965781927109,-0.117837257683277,0.364617913961411,0.428965896368027,0.0548966862261295,-0.117834992706776,0.118092395365238,0.260991424322128,0.118090465664864,0.260992437601089,0.0548966862261295,-0.117834992706776,0.36462014913559,0.428967505693436,0.0548959746956825,-0.117832869291306,0.0548958033323288,-0.117835305631161,0.118092395365238,0.260991424322128,0.0548959746956825,-0.117832869291306,0.364616125822067,0.428969115018845
8.42980003356934,0.364468157291412,0.428999453783035,0.0548978485167027,-0.117867290973663,0.118331998586655,0.260860651731491,0.0548971854150295,-0.117865279316902,0.0548978485167027,-0.117867290973663,0.364465802907944,0.429001808166504,0.0548980608582497,-0.117864951491356,0.11833380907774,0.26085963845253,0.118331998586655,0.260860651731491,0.0548980683088303,-0.117864966392517,0.3644680082798,0.429003357887268,0.0548973567783833,-0.117862857878208,0.0548971854150295,-0.117865279316902,0.11833380907774,0.26085963845253,0.0548973567783833,-0.117862857878208,0.364464074373245,0.429004967212677
8.43039989471436,0.364316165447235,0.429035604000092,0.0548991709947586,-0.117897294461727,0.118573307991028,0.260728538036346,0.0548984482884407,-0.117895305156708,0.054899163544178,-0.117897287011147,0.364313900470734,0.429037988185883,0.0548993833363056,-0.11789496243,0.118575096130371,0.260727524757385,0.118573307991028,0.260728538036346,0.0548993833363056,-0.11789496243,0.364316016435623,0.429039537906647,0.0548986122012138,-0.117892876267433,0.0548984482884407,-0.117895305156708,0.118575096130371,0.260727524757385,0.0548986122012138,-0.117892876267433,0.364312082529068,0.429041177034378
8.43099975585938,0.364164292812347,0.429072141647339,0.0549004152417183,-0.117927305400372,0.118814408779144,0.260596126317978,0.0548997484147549,-0.11792528629303,0.0549004152417183,-0.117927305400372,0.364161878824234,0.429074466228485,0.0549006313085556,-0.117924973368645,0.118816278874874,0.260595113039017,0.118814408779144,0.260596126317978,0.0549006313085556,-0.117924973368645,0.364164233207703,0.429076075553894,0.0548999272286892,-0.117922872304916,0.0548997484147549,-0.11792528629303,0.118816278874874,0.260595113039017,0.0548999272286892,-0.117922872304916,0.364160150289536,0.429077684879303
8.43159961700439,0.364012479782104,0.429108947515488,0.0549017190933228,-0.117957293987274,0.119055427610874,0.260463416576385,0.0549009926617146,-0.117955297231674,0.0549017190933228,-0.117957293987274,0.364010125398636,0.429111301898956,0.0549019277095795,-0.117954961955547,0.119057275354862,0.260462373495102,0.119055427610874,0.260463416576385,0.0549019277095795,-0.117954961955547,0.364012449979782,0.42911285161972,0.0549011677503586,-0.117952883243561,0.0549009926617146,-0.117955297231674,0.119057334959507,0.260462373495102,0.0549011677503586,-0.117952883243561,0.36400842666626,0.429114490747452
8.43220043182373,0.363860845565796,0.42914605140686,0.0549030043184757,-0.117987260222435,0.119296319782734,0.260330408811569,0.0549022778868675,-0.117985263466835,0.0549030043184757,-0.117987260222435,0.363858491182327,0.429148435592651,0.0549031607806683,-0.117984957993031,0.119298167526722,0.260329365730286,0.119296319782734,0.260330408811569,0.0549031607806683,-0.117984957993031,0.363860696554184,0.429149955511093,0.0549024567008018,-0.117982849478722,0.0549022778868675,-0.117985263466835,0.119298167526722,0.260329365730286,0.0549024567008018,-0.117982849478722,0.363856762647629,0.429151594638824
8.43280029296875,0.363709181547165,0.429183453321457,0.0549042224884033,-0.118017248809338,0.119537048041821,0.260197073221207,0.0549034513533115,-0.118015296757221,0.0549042224884033,-0.118017248809338,0.363706827163696,0.429185807704926,0.0549043864011765,-0.118014961481094,0.119538895785809,0.260196059942245,0.119537048041821,0.260197073221207,0.0549043864011765,-0.118014961481094,0.36370912194252,0.429187387228012,0.054903618991375,-0.118012860417366,0.0549034513533115,-0.118015296757221,0.119538895785809,0.260196059942245,0.054903618991375,-0.118012860417366,0.36370512843132,0.429188996553421
8.43340015411377,0.363557755947113,0.429221153259277,0.0549054369330406,-0.11804723739624,0.119777649641037,0.260063469409943,0.0549047216773033,-0.118045248091221,0.0549054369330406,-0.11804723739624,0.363555401563644,0.429223537445068,0.0549056529998779,-0.118044905364513,0.119779489934444,0.260062396526337,0.119777649641037,0.260063469409943,0.0549056604504585,-0.118044920265675,0.363557606935501,0.429225087165833,0.054904893040657,-0.118042819201946,0.0549047216773033,-0.118045248091221,0.119779489934444,0.260062396526337,0.054904893040657,-0.118042819201946,0.363553673028946,0.429226726293564
8.43400001525879,0.363406360149384,0.429259210824966,0.0549066439270973,-0.118077211081982,0.120018064975739,0.25992950797081,0.0549058690667152,-0.118075251579285,0.0549066439270973,-0.118077211081982,0.363404005765915,0.429261595010757,0.0549068078398705,-0.118074908852577,0.120019920170307,0.259928494691849,0.120018064975739,0.25992950797081,0.0549068078398705,-0.118074908852577,0.363406300544739,0.429263114929199,0.054906040430069,-0.11807282269001,0.0549058690667152,-0.118075251579285,0.120019920170307,0.259928494691849,0.054906040430069,-0.11807282269001,0.363402307033539,0.429264813661575
8.43459987640381,0.363255083560944,0.429297536611557,0.0549078397452831,-0.118107184767723,0.120258390903473,0.259795278310776,0.0549071170389652,-0.118105188012123,0.0549078397452831,-0.118107184767723,0.363252699375153,0.429299890995026,0.0549080558121204,-0.118104845285416,0.12026023119688,0.259794265031815,0.120258450508118,0.259795278310776,0.0549080558121204,-0.118104845285416,0.363255023956299,0.42930144071579,0.0549072995781898,-0.118102766573429,0.0549071170389652,-0.118105188012123,0.12026023119688,0.259794265031815,0.0549072995781898,-0.118102766573429,0.363251000642776,0.429303109645844
8.43519973754883,0.363103896379471,0.429336190223694,0.0549089722335339,-0.118137173354626,0.120498582720757,0.259660750627518,0.054908249527216,-0.118135176599026,0.0549089647829533,-0.118137158453465,0.363101631402969,0.429338544607162,0.0549091883003712,-0.118134841322899,0.120500363409519,0.259659737348557,0.120498575270176,0.259660720825195,0.0549091883003712,-0.118134841322899,0.363103717565536,0.429340094327927,0.0549084283411503,-0.118132762610912,0.054908249527216,-0.118135176599026,0.120500363409519,0.259659737348557,0.0549084283411503,-0.118132762610912,0.363099813461304,0.42934176325798
8.43579959869385,0.362952828407288,0.42937508225441,0.0549100935459137,-0.118167154490948,0.12073852866888,0.259525895118713,0.0549094267189503,-0.118165127933025,0.0549100860953331,-0.118167139589787,0.362950474023819,0.429377466440201,0.054910309612751,-0.118164822459221,0.120740316808224,0.259524881839752,0.12073852866888,0.259525895118713,0.054910309612751,-0.118164822459221,0.362952649593353,0.429379016160965,0.0549096055328846,-0.118162713944912,0.0549094267189503,-0.118165127933025,0.120740316808224,0.259524881839752,0.0549096055328846,-0.118162713944912,0.362948715686798,0.429380685091019
8.43640041351318,0.362801879644394,0.429414331912994,0.0549112595617771,-0.118197083473206,0.120978437364101,0.259390771389008,0.0549105331301689,-0.118195094168186,0.0549112595617771,-0.118197083473206,0.362799525260925,0.429416716098785,0.054911483079195,-0.11819476634264,0.120980218052864,0.259389728307724,0.120978437364101,0.259390771389008,0.054911483079195,-0.11819476634264,0.36280170083046,0.42941826581955,0.0549107156693935,-0.118192672729492,0.0549105331301689,-0.118195094168186,0.120980218052864,0.259389728307724,0.0549107156693935,-0.118192672729492,0.362797766923904,0.429419904947281
8.4370002746582,0.362650960683823,0.429453939199448,0.0549123622477055,-0.118227049708366,0.121218152344227,0.259255319833755,0.054911695420742,-0.118225038051605,0.0549123622477055,-0.118227049708366,0.362648695707321,0.429456263780594,0.0549125783145428,-0.118224710226059,0.12121993303299,0.259254276752472,0.121218152344227,0.259255319833755,0.0549125857651234,-0.11822472512722,0.3626509308815,0.42945784330368,0.0549118742346764,-0.118222609162331,0.054911695420742,-0.118225038051605,0.12121993303299,0.259254276752472,0.0549118742346764,-0.118222609162331,0.362646877765656,0.429459482431412
8.43760013580322,0.362500220537186,0.429493725299835,0.0549135096371174,-0.118256986141205,0.121457695960999,0.25911957025528,0.054912731051445,-0.118255011737347,0.0549134574830532,-0.118257008492947,0.362497866153717,0.429496139287949,0.0549136772751808,-0.1182546839118,0.121459528803825,0.259118527173996,0.121457695960999,0.25911957025528,0.0549136772751808,-0.1182546839118,0.362500160932541,0.429497629404068,0.0549129135906696,-0.118252597749233,0.054912731051445,-0.118255011737347,0.121459528803825,0.259118527173996,0.0549129135906696,-0.118252597749233,0.362496137619019,0.429499268531799
8.43819999694824,0.362349539995193,0.429533898830414,0.0549145378172398,-0.118286944925785,0.121697127819061,0.25898352265358,0.0549138784408569,-0.118284933269024,0.0549145378172398,-0.118286944925785,0.362347304821014,0.429536283016205,0.054914765059948,-0.118284627795219,0.121698960661888,0.258982479572296,0.121697127819061,0.25898352265358,0.054914765059948,-0.118284627795219,0.362349480390549,0.429537832736969,0.0549140609800816,-0.11828251928091,0.0549138784408569,-0.118284933269024,0.121698960661888,0.258982479572296,0.0549140609800816,-0.11828251928091,0.362345457077026,0.4295394718647
8.43879985809326,0.362199038267136,0.429574340581894,0.054915614426136,-0.118316881358624,0.121936365962029,0.258847177028656,0.0549148991703987,-0.118314906954765,0.054915614426136,-0.118316881358624,0.362196713685989,0.429576754570007,0.0549158416688442,-0.118314571678638,0.121938198804855,0.258846133947372,0.121936365962029,0.258847177028656,0.0549158416688442,-0.118314571678638,0.362198889255524,0.429578244686127,0.054915077984333,-0.118312492966652,0.0549148991703987,-0.118314906954765,0.121938198804855,0.258846133947372,0.054915077984333,-0.118312492966652,0.362194985151291,0.429579943418503
8.43939971923828,0.362048596143723,0.429615080356598,0.0549166798591614,-0.118346817791462,0.122175484895706,0.258710503578186,0.0549159087240696,-0.118344858288765,0.0549166798591614,-0.118346817791462,0.362046241760254,0.429617494344711,0.0549168474972248,-0.118344523012638,0.122177258133888,0.258709490299225,0.122175484895706,0.258710503578186,0.0549168474972248,-0.118344523012638,0.362048476934433,0.429619044065475,0.0549161434173584,-0.118342414498329,0.0549159087240696,-0.118344858288765,0.122177258133888,0.258709460496902,0.0549161434173584,-0.118342414498329,0.362044543027878,0.429620683193207
8.4399995803833,0.361898243427277,0.429656147956848,0.054917685687542,-0.118376776576042,0.12241443246603,0.258573591709137,0.0549170225858688,-0.11837475001812,0.054917685687542,-0.118376776576042,0.361896008253098,0.429658561944962,0.0549178533256054,-0.118374481797218,0.122416265308857,0.258572518825531,0.12241443246603,0.258573591709137,0.0549178533256054,-0.118374481797218,0.361898183822632,0.429660052061081,0.0549172013998032,-0.118372336030006,0.0549170225858688,-0.11837475001812,0.122416265308857,0.258572518825531,0.0549172013998032,-0.118372336030006,0.361894190311432,0.429661750793457
8.44060039520264,0.361748039722443,0.429697573184967,0.0549187287688255,-0.118406683206558,0.122653245925903,0.258436322212219,0.0549180135130882,-0.118404693901539,0.0549187287688255,-0.118406683206558,0.361745774745941,0.429699897766113,0.0549189001321793,-0.118404380977154,0.12265507876873,0.258435279130936,0.122653245925903,0.258436322212219,0.0549189001321793,-0.118404380977154,0.361747980117798,0.429701447486877,0.0549181960523129,-0.118402279913425,0.0549180135130882,-0.118404693901539,0.12265507876873,0.258435279130936,0.0549181960523129,-0.118402279913425,0.361743986606598,0.429703116416931
8.44120025634766,0.361598044633865,0.42973917722702,0.0549197196960449,-0.118436627089977,0.122891902923584,0.258298814296722,0.0549189411103725,-0.118434652686119,0.0549197122454643,-0.118436612188816,0.361595571041107,0.429741561412811,0.0549198798835278,-0.118434317409992,0.122893713414669,0.258297711610794,0.122891902923584,0.258298814296722,0.0549198873341084,-0.118434324860573,0.361597836017609,0.429743051528931,0.0549191795289516,-0.118432208895683,0.0549189411103725,-0.118434652686119,0.122893713414669,0.258297711610794,0.0549191795289516,-0.118432208895683,0.361593902111053,0.429744780063629
8.44180011749268,0.361447900533676,0.42978110909462,0.054920632392168,-0.118466570973396,0.123130418360233,0.258160948753357,0.0549199655652046,-0.118464544415474,0.054920632392168,-0.118466570973396,0.361445695161819,0.429783493280411,0.0549208596348763,-0.11846424639225,0.123132176697254,0.258159875869751,0.123130418360233,0.258160948753357,0.0549208596348763,-0.11846424639225,0.361447870731354,0.429785072803497,0.0549201555550098,-0.118462137877941,0.0549199655652046,-0.118464544415474,0.123132176697254,0.258159875869751,0.0549201555550098,-0.118462137877941,0.361443907022476,0.429786741733551
8.4423999786377,0.361298054456711,0.429823398590088,0.0549216568470001,-0.118496462702751,0.123368814587593,0.258022785186768,0.0549209341406822,-0.118494465947151,0.0549216568470001,-0.118496462702751,0.361295700073242,0.429825812578201,0.054921880364418,-0.118494145572186,0.123370580375195,0.258021742105484,0.123368814587593,0.258022785186768,0.054921880364418,-0.118494145572186,0.361297965049744,0.429827332496643,0.0549211166799068,-0.118492051959038,0.0549209341406822,-0.118494465947151,0.123370580375195,0.258021742105484,0.0549211241304874,-0.118492066860199,0.361293971538544,0.429829001426697
8.44299983978271,0.361148297786713,0.42986598610878,0.0549225509166718,-0.11852639913559,0.123606972396374,0.257884323596954,0.0549218319356441,-0.118524394929409,0.0549225509166718,-0.11852639913559,0.361145943403244,0.429868400096893,0.0549227818846703,-0.118524082005024,0.123608782887459,0.257883220911026,0.123606972396374,0.257884323596954,0.0549227818846703,-0.118524082005024,0.361148238182068,0.429869949817657,0.0549220219254494,-0.118521988391876,0.0549218319356441,-0.118524394929409,0.123608782887459,0.257883220911026,0.0549220219254494,-0.118521988391876,0.361144244670868,0.429871618747711
8.44359970092773,0.360998660326004,0.429908871650696,0.0549234971404076,-0.118556298315525,0.123844988644123,0.25774559378624,0.054922841489315,-0.118554286658764,0.0549234971404076,-0.118556298315525,0.360996305942535,0.429911255836487,0.0549237206578255,-0.118553973734379,0.12384682148695,0.257744491100311,0.123844988644123,0.25774559378624,0.0549236722290516,-0.118554010987282,0.360998600721359,0.429912745952606,0.0549230203032494,-0.11855187267065,0.054922841489315,-0.118554286658764,0.12384682148695,0.257744491100311,0.0549230203032494,-0.11855187267065,0.360994607210159,0.429914474487305
8.44419956207275,0.36084908246994,0.429951995611191,0.0549243800342083,-0.118586219847202,0.124082900583744,0.257606536149979,0.0549237169325352,-0.11858419328928,0.0549243800342083,-0.118586219847202,0.360846787691116,0.429954409599304,0.0549246035516262,-0.118583887815475,0.12408472597599,0.257605463266373,0.124082900583744,0.257606536149979,0.0549246035516262,-0.118583887815475,0.360848963260651,0.429955929517746,0.0549239069223404,-0.118581786751747,0.0549237169325352,-0.11858419328928,0.12408472597599,0.257605463266373,0.0549239069223404,-0.118581786751747,0.36084508895874,0.4299575984478
8.44480037689209,0.360699683427811,0.429995447397232,0.0549253039062023,-0.118616096675396,0.124320685863495,0.257467180490494,0.0549245923757553,-0.118614114820957,0.0549253039062023,-0.118616096675396,0.360697269439697,0.42999792098999,0.0549255348742008,-0.11861377209425,0.124322436749935,0.257466077804565,0.124320685863495,0.257467180490494,0.0549255348742008,-0.11861377209425,0.360699534416199,0.429999381303787,0.0549247786402702,-0.118611693382263,0.0549245923757553,-0.118614114820957,0.124322436749935,0.257466077804565,0.0549247786402702,-0.118611693382263,0.360695689916611,0.430001109838486
8.44540023803711,0.360550314188004,0.430039256811142,0.0549261718988419,-0.118646018207073,0.124558232724667,0.257327526807785,0.0549254529178143,-0.118644021451473,0.0549261644482613,-0.118646003305912,0.360547989606857,0.430041700601578,0.0549264028668404,-0.118643693625927,0.124560035765171,0.257326424121857,0.124558232724667,0.257327526807785,0.0549264028668404,-0.118643693625927,0.360550254583359,0.430043190717697,0.0549256429076195,-0.11864161491394,0.0549254529178143,-0.118644021451473,0.124560035765171,0.257326424121857,0.0549256429076195,-0.11864161491394,0.360546261072159,0.430044859647751
8.44600009918213,0.360401123762131,0.430083334445953,0.0549270212650299,-0.118675902485847,0.124795645475388,0.257187604904175,0.0549263060092926,-0.118673920631409,0.0549270212650299,-0.118675902485847,0.360398799180984,0.430085748434067,0.0549272559583187,-0.118673592805862,0.124797463417053,0.257186472415924,0.124795645475388,0.257187604904175,0.0549272559583187,-0.118673592805862,0.360401123762131,0.430087238550186,0.0549264922738075,-0.118671499192715,0.0549263060092926,-0.118673920631409,0.124797463417053,0.257186472415924,0.0549264997243881,-0.118671514093876,0.360397100448608,0.430088937282562
8.44659996032715,0.36025196313858,0.430127710103989,0.0549278631806374,-0.118705786764622,0.125032931566238,0.257047325372696,0.0549271516501904,-0.118703804910183,0.0549278631806374,-0.118705786764622,0.360249787569046,0.430130124092102,0.054928045719862,-0.118703506886959,0.125034675002098,0.25704625248909,0.125032931566238,0.257047325372696,0.054928045719862,-0.118703506886959,0.360251933336258,0.430131614208221,0.0549273937940598,-0.118701361119747,0.0549271516501904,-0.118703804910183,0.125034675002098,0.25704625248909,0.0549273975193501,-0.118701376020908,0.360247939825058,0.43013334274292
8.44719982147217,0.360103011131287,0.430172353982925,0.0549286417663097,-0.118735700845718,0.125270023941994,0.256906777620316,0.0549279823899269,-0.118733674287796,0.0549286417663097,-0.118735700845718,0.360100716352463,0.430174797773361,0.0549288764595985,-0.118733383715153,0.125271856784821,0.25690570473671,0.125270023941994,0.256906777620316,0.0549288764595985,-0.118733383715153,0.360102951526642,0.430176317691803,0.0549281761050224,-0.118731275200844,0.0549279823899269,-0.118733674287796,0.125271856784821,0.25690570473671,0.0549281761050224,-0.118731275200844,0.360099017620087,0.430178016424179
8.44779968261719,0.359954178333282,0.430217355489731,0.0549295283854008,-0.11876555532217,0.125506952404976,0.256765961647034,0.0549288094043732,-0.11876355111599,0.0549295209348202,-0.118765540421009,0.359951883554459,0.430219739675522,0.0549297034740448,-0.118763260543346,0.125508770346642,0.256764858961105,0.125506952404976,0.256765961647034,0.0549297034740448,-0.118763260543346,0.35995414853096,0.430221289396286,0.054929006844759,-0.118761152029037,0.0549288094043732,-0.11876355111599,0.125508770346642,0.256764858961105,0.054929006844759,-0.118761152029037,0.359950184822083,0.43022295832634
8.44839954376221,0.359805375337601,0.430262565612793,0.0549302883446217,-0.118795447051525,0.125743746757507,0.256624817848206,0.0549295730888844,-0.118793450295925,0.0549302808940411,-0.118795432150364,0.359803169965744,0.430265039205551,0.0549305193126202,-0.118793122470379,0.125745549798012,0.256623715162277,0.125743746757507,0.256624817848206,0.0549305193126202,-0.118793122470379,0.359805315732956,0.430266529321671,0.0549297668039799,-0.118791043758392,0.0549295730888844,-0.118793450295925,0.125745549798012,0.256623715162277,0.0549297668039799,-0.118791043758392,0.359801381826401,0.430268257856369
8.44900035858154,0.359656810760498,0.430308222770691,0.0549310371279716,-0.118825323879719,0.125980406999588,0.256483376026154,0.0549303255975246,-0.118823334574699,0.0549310371279716,-0.118825323879719,0.359654456377029,0.430310606956482,0.0549312755465508,-0.118823014199734,0.125982210040092,0.256482273340225,0.125980406999588,0.256483376026154,0.0549312755465508,-0.118823014199734,0.359656751155853,0.430312067270279,0.0549305118620396,-0.118820920586586,0.0549303255975246,-0.118823334574699,0.125982210040092,0.256482273340225,0.0549305193126202,-0.118820928037167,0.359652787446976,0.4303138256073
8.44960021972656,0.359508275985718,0.430354028940201,0.054931778460741,-0.118855193257332,0.126216888427734,0.256341636180878,0.0549310632050037,-0.118853196501732,0.054931778460741,-0.118855193257332,0.359506011009216,0.430356502532959,0.0549320131540298,-0.118852868676186,0.126218631863594,0.256340533494949,0.126216888427734,0.256341636180878,0.0549320206046104,-0.118852883577347,0.359508246183395,0.430357933044434,0.0549312606453896,-0.118850789964199,0.0549310632050037,-0.118853196501732,0.126218631863594,0.256340533494949,0.0549313127994537,-0.118850767612457,0.35950431227684,0.430359691381454
8.45020008087158,0.359359949827194,0.430400222539902,0.0549325123429298,-0.118885055184364,0.126453161239624,0.256199598312378,0.0549317933619022,-0.118883065879345,0.0549325123429298,-0.118885055184364,0.35935765504837,0.430402666330338,0.0549327544867992,-0.11888275295496,0.126454964280128,0.256198465824127,0.126453161239624,0.256199598312378,0.0549327544867992,-0.11888275295496,0.359359830617905,0.430404156446457,0.0549319908022881,-0.118880659341812,0.0549317933619022,-0.118883065879345,0.126454964280128,0.256198465824127,0.0549319945275784,-0.118880674242973,0.359355986118317,0.430405884981155
8.4507999420166,0.359211593866348,0.430446654558182,0.0549332350492477,-0.118914917111397,0.126689329743385,0.256057262420654,0.0549325793981552,-0.118912905454636,0.0549332350492477,-0.118914917111397,0.359209299087524,0.430449098348618,0.0549334734678268,-0.118912599980831,0.12669113278389,0.256056159734726,0.126689329743385,0.256057262420654,0.0549334734678268,-0.118912599980831,0.359211564064026,0.430450588464737,0.054932776838541,-0.118910498917103,0.0549325793981552,-0.118912905454636,0.12669113278389,0.256056159734726,0.054932776838541,-0.118910498917103,0.359207600355148,0.430452316999435
8.45139980316162,0.359063476324081,0.430493474006653,0.054933950304985,-0.118944771587849,0.126925364136696,0.255914658308029,0.0549332946538925,-0.118942759931087,0.054933950304985,-0.118944771587849,0.359061181545258,0.430495917797089,0.0549341887235641,-0.118942461907864,0.126927092671394,0.255913525819778,0.126925364136696,0.255914658308029,0.0549341365695,-0.118942484259605,0.359063416719437,0.430497348308563,0.0549334920942783,-0.118940345942974,0.0549332946538925,-0.118942759931087,0.126927092671394,0.255913525819778,0.0549334920942783,-0.118940345942974,0.359059512615204,0.430499136447906
8.45199966430664,0.358915477991104,0.430540502071381,0.054934598505497,-0.118974633514881,0.127161145210266,0.255771696567535,0.0549339428544044,-0.118972629308701,0.054934598505497,-0.118974633514881,0.358913153409958,0.430542975664139,0.0549348406493664,-0.118972323834896,0.127162873744965,0.255770623683929,0.127161145210266,0.255771696567535,0.0549348406493664,-0.118972323834896,0.358915388584137,0.430544406175613,0.0549341961741447,-0.118970200419426,0.0549339428544044,-0.118972629308701,0.127162873744965,0.255770623683929,0.0549341961741447,-0.118970200419426,0.358911514282227,0.430546164512634
8.45259952545166,0.358767449855804,0.430587857961655,0.0549352988600731,-0.119004487991333,0.12739685177803,0.255628496408463,0.0549346394836903,-0.11900245398283,0.0549352914094925,-0.119004473090172,0.35876527428627,0.430590331554413,0.0549355335533619,-0.119002163410187,0.127398580312729,0.255627393722534,0.12739685177803,0.255628496408463,0.0549355410039425,-0.119002170860767,0.358767539262772,0.43059179186821,0.0549348369240761,-0.119000047445297,0.0549346394836903,-0.11900245398283,0.127398580312729,0.255627393722534,0.0549348369240761,-0.119000047445297,0.358763456344604,0.430593520402908
8.453200340271,0.358619689941406,0.430635541677475,0.0549359247088432,-0.119034327566624,0.127632319927216,0.255484998226166,0.0549352690577507,-0.119032308459282,0.0549359247088432,-0.119034327566624,0.358617514371872,0.430638015270233,0.0549361668527126,-0.119032017886639,0.127634108066559,0.255483865737915,0.127632319927216,0.255484998226166,0.0549361668527126,-0.119032017886639,0.358619660139084,0.430639415979385,0.0549354664981365,-0.119029901921749,0.0549352690577507,-0.119032308459282,0.127634108066559,0.255483865737915,0.0549354664981365,-0.119029901921749,0.358615726232529,0.430641233921051
8.45380020141602,0.358472138643265,0.430683493614197,0.0549365393817425,-0.119064152240753,0.127867594361305,0.255341231822968,0.0549358874559402,-0.119062155485153,0.0549365393817425,-0.119064152240753,0.358469933271408,0.43068590760231,0.0549367815256119,-0.119061850011349,0.127869442105293,0.255340069532394,0.127867594361305,0.255341231822968,0.0549367815256119,-0.119061850011349,0.358472228050232,0.430687338113785,0.0549360848963261,-0.119059734046459,0.0549358874559402,-0.119062155485153,0.127869442105293,0.255340069532394,0.0549360848963261,-0.119059734046459,0.358468145132065,0.43068915605545
8.45440006256104,0.358324617147446,0.430731743574142,0.0549371540546417,-0.119093991816044,0.128102838993073,0.255197077989578,0.0549364946782589,-0.119091987609863,0.0549371540546417,-0.119093991816044,0.358322203159332,0.430734306573868,0.0549373961985111,-0.119091689586639,0.128104582428932,0.25519597530365,0.128102838993073,0.255197077989578,0.0549373961985111,-0.11909169703722,0.358324468135834,0.430735737085342,0.0549366995692253,-0.11908958107233,0.0549364946782589,-0.119091987609863,0.128104582428932,0.25519597530365,0.0549366995692253,-0.11908958107233,0.358320623636246,0.430737406015396
8.45499992370605,0.358177244663239,0.430780202150345,0.0549377575516701,-0.119123831391335,0.128337800502777,0.255052715539932,0.0549370981752872,-0.119121819734573,0.0549377538263798,-0.119123816490173,0.358175098896027,0.430782616138458,0.0549380034208298,-0.119121521711349,0.128339648246765,0.255051553249359,0.128337800502777,0.255052715539932,0.0549380034208298,-0.119121521711349,0.358177125453949,0.430784195661545,0.0549372993409634,-0.11911940574646,0.0549370981752872,-0.119121819734573,0.128339648246765,0.255051553249359,0.054937306791544,-0.11911940574646,0.358173102140427,0.430786073207855
8.45559978485107,0.358029782772064,0.430829256772995,0.0549383535981178,-0.119153656065464,0.128572806715965,0.254907965660095,0.0549376681447029,-0.119151636958122,0.0549383461475372,-0.119153641164303,0.358027577400208,0.430831640958786,0.0549385957419872,-0.119151338934898,0.128574401140213,0.254906892776489,0.128572806715965,0.254907965660095,0.0549385957419872,-0.11915135383606,0.358029812574387,0.430833071470261,0.0549378991127014,-0.11914923787117,0.0549376681447029,-0.119151636958122,0.128574401140213,0.254906892776489,0.0549378991127014,-0.11914923787117,0.358025819063187,0.430834919214249
8.45619964599609,0.357882678508759,0.430878311395645,0.054938904941082,-0.119183480739594,0.128807350993156,0.254763007164001,0.0549382232129574,-0.119181476533413,0.054938904941082,-0.119183480739594,0.357880502939224,0.430880695581436,0.0549391508102417,-0.119181163609028,0.128809198737144,0.254761844873428,0.128807350993156,0.254763007164001,0.0549391508102417,-0.119181163609028,0.357882499694824,0.430882304906845,0.0549384839832783,-0.119179055094719,0.0549382232129574,-0.119181476533413,0.128809198737144,0.254761844873428,0.0549384839832783,-0.119179055094719,0.357878714799881,0.430884003639221
8.45680046081543,0.35773578286171,0.430927604436874,0.0549394562840462,-0.119213290512562,0.129041969776154,0.254617661237717,0.0549387708306313,-0.119211286306381,0.0549394562840462,-0.119213290512562,0.357733428478241,0.4309301674366,0.0549396984279156,-0.119210980832577,0.129043564200401,0.254616618156433,0.129041969776154,0.254617661237717,0.0549396984279156,-0.119210995733738,0.357735604047775,0.430931597948074,0.0549390055239201,-0.119208879768848,0.0549387708306313,-0.119211286306381,0.129043564200401,0.254616618156433,0.0549390055239201,-0.119208879768848,0.357731610536575,0.430933475494385
8.45740032196045,0.357588708400726,0.430977463722229,0.0549399666488171,-0.119243115186691,0.129276156425476,0.254472196102142,0.0549393072724342,-0.11924109607935,0.0549399666488171,-0.119243115186691,0.357586532831192,0.430979877710342,0.0549402087926865,-0.119240812957287,0.129277974367142,0.254471004009247,0.129276156425476,0.254472196102142,0.0549402087926865,-0.119240812957287,0.357588768005371,0.430981278419495,0.054939541965723,-0.119238689541817,0.0549393072724342,-0.11924109607935,0.129277974367142,0.254471004009247,0.054939541965723,-0.119238689541817,0.357584744691849,0.430983155965805
8.45800018310547,0.357441902160645,0.431027561426163,0.0549405179917812,-0.119272917509079,0.129510372877121,0.254326283931732,0.0549398101866245,-0.119270913302898,0.0549405179917812,-0.119272917509079,0.357439696788788,0.431029915809631,0.0549407713115215,-0.119270615279675,0.129512101411819,0.254325181245804,0.129510372877121,0.254326283931732,0.0549407713115215,-0.119270615279675,0.357441931962967,0.431031376123428,0.0549400746822357,-0.119268506765366,0.0549398101866245,-0.119270913302898,0.129512101411819,0.254325181245804,0.0549400746822357,-0.119268506765366,0.357437938451767,0.431033223867416
8.45860004425049,0.357295244932175,0.431077808141708,0.0549410134553909,-0.119302719831467,0.12974439561367,0.254180103540421,0.0549403019249439,-0.119300730526447,0.0549410134553909,-0.119302719831467,0.357293099164963,0.431080222129822,0.0549412593245506,-0.119300410151482,0.129746124148369,0.25417897105217,0.12974439561367,0.254180103540421,0.0549412630498409,-0.119300432503223,0.357295274734497,0.431081652641296,0.0549405626952648,-0.119298301637173,0.0549403019249439,-0.119300730526447,0.129746124148369,0.25417897105217,0.0549405664205551,-0.119298316538334,0.357291281223297,0.431083500385284
8.45919990539551,0.357148617506027,0.43112850189209,0.0549414940178394,-0.119332529604435,0.129978239536285,0.254033654928207,0.0549407862126827,-0.119330525398254,0.0549414940178394,-0.119332529604435,0.357146471738815,0.431130886077881,0.0549417398869991,-0.119330212473869,0.129980072379112,0.25403243303299,0.129978239536285,0.254033654928207,0.0549417473375797,-0.119330227375031,0.357148706912994,0.431132376194,0.0549410469830036,-0.11932810395956,0.0549407862126827,-0.119330525398254,0.129980072379112,0.25403243303299,0.0549410507082939,-0.119328118860722,0.357144713401794,0.431134223937988
8.45979976654053,0.357002228498459,0.431179404258728,0.0549419410526752,-0.119362331926823,0.130211994051933,0.253886848688126,0.0549412593245506,-0.119360320270061,0.0549419373273849,-0.119362317025661,0.357000052928925,0.431181788444519,0.0549422167241573,-0.119360014796257,0.130213588476181,0.25388577580452,0.130211994051933,0.253886848688126,0.0549421869218349,-0.119360022246838,0.357002288103104,0.431183278560638,0.0549414940178394,-0.119357913732529,0.0549412593245506,-0.119360320270061,0.130213588476181,0.25388577580452,0.0549414940178394,-0.119357913732529,0.35699850320816,0.43118491768837
8.46039962768555,0.356856018304825,0.431230515241623,0.0549423731863499,-0.119392111897469,0.130445301532745,0.253739863634109,0.0549417212605476,-0.119390122592449,0.0549423731863499,-0.119392111897469,0.356853872537613,0.431232929229736,0.0549426265060902,-0.119389817118645,0.130447149276733,0.253738701343536,0.130445301532745,0.253739863634109,0.0549426265060902,-0.119389817118645,0.356855899095535,0.431234508752823,0.0549419298768044,-0.119387708604336,0.0549417212605476,-0.119390122592449,0.130447149276733,0.253738701343536,0.0549419596791267,-0.119387701153755,0.356851905584335,0.431236386299133
8.46100044250488,0.356709897518158,0.431282043457031,0.0549427978694439,-0.119421914219856,0.130678698420525,0.253592550754547,0.0549421198666096,-0.119419902563095,0.0549427978694439,-0.119421914219856,0.356707721948624,0.431284427642822,0.0549430772662163,-0.119419604539871,0.13068051636219,0.253591328859329,0.130678698420525,0.253592550754547,0.0549430511891842,-0.119419611990452,0.35670992732048,0.431285858154297,0.0549423843622208,-0.119417496025562,0.0549421198666096,-0.119419902563095,0.13068051636219,0.253591328859329,0.0549423843622208,-0.119417496025562,0.356705963611603,0.431287735700607
8.4616003036499,0.356563925743103,0.431333750486374,0.0549432188272476,-0.119451701641083,0.130911856889725,0.253444880247116,0.0549425631761551,-0.119449682533741,0.0549432188272476,-0.119451701641083,0.356561809778214,0.43133619427681,0.0549434684216976,-0.119449384510517,0.130913555622101,0.253443747758865,0.130911856889725,0.253444880247116,0.0549434721469879,-0.119449399411678,0.356563806533813,0.431337773799896,0.0549427978694439,-0.119447261095047,0.0549425333738327,-0.119449689984322,0.130913555622101,0.253443747758865,0.0549428053200245,-0.119447275996208,0.356559783220291,0.431339621543884
8.46220016479492,0.356418013572693,0.431385904550552,0.0549435988068581,-0.119481489062309,0.131144821643829,0.253296941518784,0.0549429431557655,-0.119479469954967,0.0549436211585999,-0.119481466710567,0.356415659189224,0.431388467550278,0.0549438782036304,-0.119479164481163,0.131146535277367,0.253295838832855,0.131144821643829,0.253296941518784,0.0549438782036304,-0.119479164481163,0.356418043375015,0.431389719247818,0.0549431815743446,-0.119477055966854,0.0549429431557655,-0.119479469954967,0.131146535277367,0.253295838832855,0.054943211376667,-0.119477048516273,0.356414079666138,0.431391626596451
8.46280002593994,0.35627207159996,0.431438416242599,0.05494399741292,-0.119511254131794,0.131377607584,0.253148764371872,0.0549433156847954,-0.119509235024452,0.0549439899623394,-0.119511246681213,0.356269925832748,0.431440800428391,0.05494424700737,-0.119508944451809,0.131379425525665,0.253147572278976,0.131377607584,0.253148764371872,0.05494424700737,-0.119508944451809,0.356272339820862,0.431442081928253,0.0549435801804066,-0.119506828486919,0.0549433156847954,-0.119509235024452,0.131379425525665,0.253147572278976,0.0549435839056969,-0.119506843388081,0.356268346309662,0.431443929672241
8.46339988708496,0.356126606464386,0.431490987539291,0.0549443550407887,-0.119541026651859,0.131610319018364,0.253000229597092,0.0549436770379543,-0.119539014995098,0.0549443550407887,-0.119541026651859,0.356124192476273,0.431493550539017,0.0549446083605289,-0.119538724422455,0.13161201775074,0.252999097108841,0.131610319018364,0.253000229597092,0.0549446083605289,-0.119538724422455,0.356126427650452,0.431494981050491,0.0549439489841461,-0.119536608457565,0.0549436770379543,-0.119539022445679,0.13161201775074,0.252999097108841,0.0549439489841461,-0.119536608457565,0.356122642755508,0.431496679782867
8.46399974822998,0.355981081724167,0.431543946266174,0.0549446791410446,-0.119570791721344,0.13184280693531,0.252851396799088,0.0549440234899521,-0.119568772614002,0.0549446791410446,-0.119570791721344,0.355978935956955,0.431546330451965,0.0549449287354946,-0.119568474590778,0.131844386458397,0.252850323915482,0.13184280693531,0.252851396799088,0.0549449361860752,-0.11956848949194,0.355980932712555,0.431547939777374,0.0549442730844021,-0.11956637352705,0.0549440234899521,-0.119568772614002,0.131844386458397,0.252850323915482,0.0549442730844021,-0.11956637352705,0.355976969003677,0.431549817323685
8.464599609375,0.355835795402527,0.431597083806992,0.0549450218677521,-0.119600556790829,0.132074996829033,0.252702385187149,0.0549443736672401,-0.119598545134068,0.0549450218677521,-0.119600556790829,0.355833470821381,0.431599676609039,0.0549452789127827,-0.119598254561424,0.132076695561409,0.252701252698898,0.132074996829033,0.252702385187149,0.0549452789127827,-0.119598254561424,0.355835676193237,0.431601107120514,0.0549445860087872,-0.119596138596535,0.0549443736672401,-0.119598545134068,0.132076814770699,0.252701163291931,0.0549445860087872,-0.119596138596535,0.35583171248436,0.431602984666824
8.46520042419434,0.355690360069275,0.431650817394257,0.0549453273415565,-0.119630314409733,0.132307112216949,0.252553015947342,0.0549446456134319,-0.119628302752972,0.0549453273415565,-0.119630314409733,0.355688244104385,0.431653290987015,0.0549455806612968,-0.119628004729748,0.132308930158615,0.252551823854446,0.132307112216949,0.252553015947342,0.0549455806612968,-0.119628004729748,0.355690389871597,0.431654661893845,0.0549449175596237,-0.119625896215439,0.0549446456134319,-0.119628302752972,0.132308930158615,0.252551823854446,0.0549449175596237,-0.119625896215439,0.355686694383621,0.431656420230865
8.46580028533936,0.355545312166214,0.431704610586166,0.0549456216394901,-0.119660064578056,0.132539004087448,0.252403348684311,0.0549449734389782,-0.119658060371876,0.0549456216394901,-0.119660064578056,0.355542987585068,0.431707233190536,0.0549458786845207,-0.119657762348652,0.132540822029114,0.252402156591415,0.132539004087448,0.252403348684311,0.0549458786845207,-0.119657762348652,0.355545401573181,0.431708484888077,0.0549451857805252,-0.119655646383762,0.0549449734389782,-0.119658060371876,0.132540822029114,0.252402156591415,0.0549451857805252,-0.119655646383762,0.355541408061981,0.431710362434387
8.46640014648438,0.355400323867798,0.431758850812912,0.0549458786845207,-0.11968981474638,0.132770836353302,0.252253353595734,0.0549452304840088,-0.119687810540199,0.0549458786845207,-0.11968981474638,0.355398148298264,0.431761234998703,0.0549461655318737,-0.119687505066395,0.132772654294968,0.252252161502838,0.132770836353302,0.252253353595734,0.0549461357295513,-0.119687512516975,0.35540035367012,0.431762635707855,0.0549455024302006,-0.119685396552086,0.0549452304840088,-0.119687810540199,0.132772654294968,0.252252161502838,0.0549455024302006,-0.119685396552086,0.355396598577499,0.431764394044876
8.46700000762939,0.355255484580994,0.431813210248947,0.0549461580812931,-0.119719572365284,0.133002460002899,0.252103120088577,0.0549454763531685,-0.119717553257942,0.0549461543560028,-0.119719557464123,0.355253130197525,0.431815803050995,0.0549464486539364,-0.119717262685299,0.133004039525986,0.252102017402649,0.133002460002899,0.252103120088577,0.054946418851614,-0.11971727013588,0.355255544185638,0.431817054748535,0.0549457557499409,-0.119715139269829,0.0549454763531685,-0.119717553257942,0.133004039525986,0.252102017402649,0.0549457557499409,-0.119715139269829,0.355251610279083,0.431819021701813
8.46759986877441,0.355110704898834,0.431868016719818,0.0549463666975498,-0.119749307632446,0.133233889937401,0.251952558755875,0.0549457184970379,-0.119747288525105,0.0549463666975498,-0.119749307632446,0.3551085293293,0.431870430707932,0.0549466833472252,-0.119746997952461,0.133235469460487,0.251951456069946,0.133233889937401,0.251952558755875,0.0549466907978058,-0.119747012853622,0.355110764503479,0.431871861219406,0.0549459904432297,-0.119744881987572,0.0549457184970379,-0.119747295975685,0.133235469460487,0.251951456069946,0.0549459978938103,-0.119744896888733,0.355107009410858,0.431873619556427
8.46819972991943,0.354966282844543,0.431922852993011,0.0549465976655483,-0.119779042899609,0.133465111255646,0.251801729202271,0.0549459494650364,-0.119777031242847,0.0549465976655483,-0.119779042899609,0.354963958263397,0.431925445795059,0.0549468845129013,-0.119776725769043,0.133466675877571,0.251800626516342,0.133465111255646,0.251801729202271,0.0549468882381916,-0.119776740670204,0.354966402053833,0.431926727294922,0.0549462288618088,-0.119774624705315,0.0549459494650364,-0.119777031242847,0.133466675877571,0.251800626516342,0.0549462288618088,-0.119774624705315,0.354962438344955,0.431928664445877
8.46879959106445,0.354821741580963,0.431978315114975,0.0549468211829662,-0.11980877071619,0.133696138858795,0.251650661230087,0.0549461767077446,-0.11980676651001,0.0549468211829662,-0.11980877071619,0.354819595813751,0.431980758905411,0.0549470819532871,-0.119806468486786,0.13369782269001,0.251649469137192,0.133696138858795,0.251650661230087,0.0549470819532871,-0.119806468486786,0.35482183098793,0.431982159614563,0.054946418851614,-0.119804352521896,0.0549461767077446,-0.11980676651001,0.13369782269001,0.251649469137192,0.0549464449286461,-0.119804345071316,0.35481783747673,0.431984066963196
8.46940040588379,0.35467740893364,0.432033956050873,0.0549470111727715,-0.119838513433933,0.133926838636398,0.251499325037003,0.0549463555216789,-0.119836486876011,0.0549470037221909,-0.119838498532772,0.35467529296875,0.432036399841309,0.0549472942948341,-0.119836203753948,0.133928641676903,0.251498103141785,0.133926838636398,0.251499325037003,0.0549472942948341,-0.119836203753948,0.354677438735962,0.432037800550461,0.0549466051161289,-0.119834095239639,0.0549463555216789,-0.119836486876011,0.133928641676903,0.251498103141785,0.0549466051161289,-0.119834087789059,0.354673713445663,0.432039529085159
8.47000026702881,0.354533284902573,0.432089805603027,0.0549471825361252,-0.119868218898773,0.134157583117485,0.251347631216049,0.054946530610323,-0.119866214692593,0.0549471750855446,-0.119868211448193,0.354531139135361,0.432092249393463,0.0549474693834782,-0.119865916669369,0.134159371256828,0.251346379518509,0.134157568216324,0.251347601413727,0.0549474433064461,-0.119865924119949,0.354533553123474,0.432093501091003,0.0549468100070953,-0.119863800704479,0.054946530610323,-0.119866214692593,0.134159371256828,0.251346379518509,0.0549468100070953,-0.119863800704479,0.354529619216919,0.432095408439636
8.47060012817383,0.35438933968544,0.432145863771439,0.0549473464488983,-0.119897946715355,0.134388104081154,0.25119560956955,0.0549466721713543,-0.119895935058594,0.0549473464488983,-0.119897946715355,0.354387044906616,0.432148545980453,0.0549476332962513,-0.11989563703537,0.13438992202282,0.251194357872009,0.134388104081154,0.25119560956955,0.0549476109445095,-0.119895651936531,0.354389429092407,0.432149767875671,0.0549469515681267,-0.119893535971642,0.0549466721713543,-0.119895935058594,0.13438992202282,0.251194357872009,0.0549469515681267,-0.119893535971642,0.354385495185852,0.432151675224304
8.47119998931885,0.354245454072952,0.432202398777008,0.0549475029110909,-0.119927659630775,0.134618446230888,0.251043379306793,0.0549468286335468,-0.119925647974014,0.0549475029110909,-0.119927659630775,0.354243338108063,0.432204842567444,0.0549477636814117,-0.119925357401371,0.134620130062103,0.251042157411575,0.134618446230888,0.251043379306793,0.0549477636814117,-0.119925357401371,0.354245513677597,0.432206243276596,0.0549470707774162,-0.119923241436481,0.0549468286335468,-0.119925647974014,0.134620249271393,0.251042127609253,0.0549471080303192,-0.119923248887062,0.354241579771042,0.432208150625229
8.47179985046387,0.354101777076721,0.432259112596512,0.0549476183950901,-0.119957372546196,0.134848684072495,0.250890731811523,0.0549469739198685,-0.119955353438854,0.0549476183950901,-0.119957372546196,0.354099661111832,0.432261556386948,0.054947879165411,-0.119955062866211,0.134850367903709,0.25088956952095,0.134848684072495,0.250890731811523,0.0549478866159916,-0.119955077767372,0.354101806879044,0.432262927293777,0.0549472011625767,-0.119952961802483,0.0549469739198685,-0.119955353438854,0.134850367903709,0.25088956952095,0.0549472272396088,-0.119952954351902,0.354097872972488,0.432264864444733
8.47239971160889,0.35395810008049,0.432316213846207,0.0549477264285088,-0.119987070560455,0.135078623890877,0.250737935304642,0.0549470521509647,-0.119985066354275,0.0549477264285088,-0.119987070560455,0.353955984115601,0.432318687438965,0.0549479946494102,-0.119984775781631,0.13508029282093,0.250736743211746,0.135078623890877,0.250737935304642,0.0549479946494102,-0.119984783232212,0.353958129882813,0.432320028543472,0.054947305470705,-0.119982659816742,0.0549470521509647,-0.119985066354275,0.13508029282093,0.250736743211746,0.054947305470705,-0.119982659816742,0.353954434394836,0.432321846485138
8.47299957275391,0.353814661502838,0.432373553514481,0.0549477972090244,-0.120016768574715,0.135308474302292,0.250584781169891,0.0549471229314804,-0.120014764368534,0.0549477972090244,-0.120016768574715,0.353812515735626,0.432375997304916,0.0549480952322483,-0.120014473795891,0.135310009121895,0.250583648681641,0.135308474302292,0.250584781169891,0.0549480691552162,-0.120014488697052,0.353814691305161,0.432377398014069,0.0549474060535431,-0.120012365281582,0.0549471229314804,-0.120014764368534,0.135310009121895,0.250583648681641,0.0549474060535431,-0.120012365281582,0.35381093621254,0.432379156351089
8.47360038757324,0.35367140173912,0.432431071996689,0.0549478605389595,-0.120046466588974,0.135537981987,0.250431418418884,0.0549472160637379,-0.120044462382793,0.0549478605389595,-0.120046466588974,0.353669285774231,0.432433575391769,0.0549481585621834,-0.12004417181015,0.135539650917053,0.250430256128311,0.135537981987,0.250431418418884,0.0549481585621834,-0.12004417181015,0.353671461343765,0.432434976100922,0.0549474954605103,-0.12004204839468,0.0549472160637379,-0.120044462382793,0.135539650917053,0.250430256128311,0.0549474954605103,-0.12004204839468,0.353667736053467,0.43243670463562
8.47420024871826,0.353528141975403,0.432489067316055,0.0549479462206364,-0.120076172053814,0.13576740026474,0.250277698040009,0.0549472644925117,-0.120074145495892,0.0549479387700558,-0.120076157152653,0.353526055812836,0.432491570711136,0.0549482107162476,-0.120073869824409,0.135769084095955,0.250276535749435,0.13576740026474,0.250277698040009,0.0549482107162476,-0.120073869824409,0.35352823138237,0.432492911815643,0.054947555065155,-0.12007175385952,0.0549472719430923,-0.120074160397053,0.135769084095955,0.250276535749435,0.054947555065155,-0.12007175385952,0.353524506092072,0.432494670152664
8.47480010986328,0.353385180234909,0.432547271251678,0.0549479573965073,-0.120105840265751,0.135996639728546,0.250123739242554,0.0549473129212856,-0.120103843510151,0.0549479573965073,-0.120105840265751,0.353383034467697,0.432549715042114,0.0549482554197311,-0.120103552937508,0.135998427867889,0.250122487545013,0.135996639728546,0.250123739242554,0.0549482256174088,-0.120103560388088,0.353385210037231,0.432551085948944,0.0549475960433483,-0.120101436972618,0.0549473129212856,-0.120103843510151,0.135998427867889,0.250122487545013,0.0549476034939289,-0.120101451873779,0.353381514549255,0.432552874088287
8.4753999710083,0.353242337703705,0.432605654001236,0.0549479983747005,-0.120135545730591,0.136225655674934,0.249969497323036,0.0549473166465759,-0.120133526623249,0.0549479909241199,-0.12013553082943,0.353240251541138,0.432608157396317,0.0549482889473438,-0.120133236050606,0.136227443814278,0.249968200922012,0.136225655674934,0.249969497323036,0.0549482889473438,-0.120133236050606,0.35324239730835,0.432609498500824,0.0549476072192192,-0.120131127536297,0.0549473166465759,-0.120133526623249,0.136227443814278,0.249968200922012,0.0549476072192192,-0.120131120085716,0.353238672018051,0.432611256837845
8.47599983215332,0.353099554777145,0.432664453983307,0.0549479909241199,-0.120165221393108,0.136454477906227,0.249814972281456,0.0549473166465759,-0.120163209736347,0.0549479909241199,-0.120165221393108,0.353097438812256,0.432666927576065,0.0549482926726341,-0.120162926614285,0.136456251144409,0.249813705682755,0.136454477906227,0.249814972281456,0.0549482926726341,-0.120162926614285,0.35309961438179,0.432668298482895,0.0549476034939289,-0.120160803198814,0.0549473166465759,-0.120163209736347,0.136456251144409,0.249813705682755,0.0549476034939289,-0.120160803198814,0.35309574007988,0.432670265436172
8.47659969329834,0.352957010269165,0.432723522186279,0.054947953671217,-0.120194897055626,0.136683329939842,0.249660059809685,0.054947305470705,-0.120192885398865,0.0549479462206364,-0.120194882154465,0.352954924106598,0.432725995779037,0.0549482814967632,-0.120192594826221,0.136684864759445,0.249658897519112,0.136683329939842,0.249660059809685,0.0549482814967632,-0.120192602276802,0.352957099676132,0.432727366685867,0.054947592318058,-0.120190486311913,0.054947305470705,-0.120192885398865,0.136684864759445,0.249658897519112,0.054947592318058,-0.120190486311913,0.352953106164932,0.432729303836823
8.47719955444336,0.352814644575119,0.432782769203186,0.0549479313194752,-0.120224565267563,0.13691172003746,0.249504953622818,0.0549472868442535,-0.120222553610802,0.0549479313194752,-0.120224565267563,0.352812349796295,0.432785421609879,0.0549482293426991,-0.120222270488739,0.136913374066353,0.2495037317276,0.13691172003746,0.249504953622818,0.0549482293426991,-0.120222270488739,0.352814733982086,0.432786643505096,0.0549475699663162,-0.120220154523849,0.0549472868442535,-0.120222553610802,0.136913374066353,0.2495037317276,0.0549475699663162,-0.120220154523849,0.352810800075531,0.432788580656052
8.4778003692627,0.352672189474106,0.432842463254929,0.0549478940665722,-0.120254226028919,0.137140035629272,0.249349564313889,0.0549472533166409,-0.120252214372158,0.0549478940665722,-0.120254226028919,0.352669984102249,0.432844996452332,0.0549481697380543,-0.120251931250095,0.137141808867455,0.249348282814026,0.137140035629272,0.249349564313889,0.0549481697380543,-0.120251931250095,0.352672249078751,0.432846307754517,0.0549475438892841,-0.120249822735786,0.0549472533166409,-0.120252214372158,0.137141808867455,0.249348282814026,0.0549475438892841,-0.120249822735786,0.352668344974518,0.432848244905472
8.47840023040771,0.352529942989349,0.432902336120605,0.0549478568136692,-0.120283894240856,0.137368127703667,0.249193862080574,0.0549471862614155,-0.120281875133514,0.0549478568136692,-0.120283894240856,0.352527856826782,0.432904899120331,0.0549481324851513,-0.120281599462032,0.137369900941849,0.249192595481873,0.137368127703667,0.249193862080574,0.0549481324851513,-0.120281599462032,0.352530032396317,0.432906240224838,0.0549474731087685,-0.120279476046562,0.0549471862614155,-0.120281875133514,0.137369900941849,0.249192595481873,0.0549474768340588,-0.120279490947723,0.352526247501373,0.432908147573471
8.47900009155273,0.352388054132462,0.432962566614151,0.0549477525055408,-0.120313555002213,0.137596040964127,0.249037936329842,0.0549471080303192,-0.120311535894871,0.0549477525055408,-0.120313555002213,0.352385848760605,0.432965070009232,0.0549480244517326,-0.120311260223389,0.137597814202309,0.249036639928818,0.137596040964127,0.249037936329842,0.0549480244517326,-0.120311260223389,0.352387994527817,0.432966440916061,0.0549473986029625,-0.120309144258499,0.0549471080303192,-0.120311535894871,0.137597814202309,0.249036639928818,0.0549473986029625,-0.120309144258499,0.352384209632874,0.432968378067017
8.47959995269775,0.352246165275574,0.433023065328598,0.054947666823864,-0.120343200862408,0.137823835015297,0.248881638050079,0.0549470223486423,-0.120341189205647,0.0549476593732834,-0.120343185961246,0.352243930101395,0.433025598526001,0.0549479685723782,-0.120340906083584,0.137825489044189,0.248880431056023,0.137823835015297,0.248881638050079,0.0549479685723782,-0.120340906083584,0.352246224880219,0.433026909828186,0.0549472831189632,-0.120338790118694,0.0549470223486423,-0.120341189205647,0.137825489044189,0.248880431056023,0.0549472831189632,-0.120338790118694,0.352242320775986,0.433028846979141
8.48019981384277,0.352104485034943,0.433083832263947,0.0549475736916065,-0.120372854173183,0.138051316142082,0.248725146055222,0.0549468956887722,-0.120370835065842,0.0549475662410259,-0.120372839272022,0.352102249860764,0.433086395263672,0.0549478493630886,-0.12037055939436,0.138053089380264,0.248723849654198,0.138051435351372,0.248725056648254,0.0549478493630886,-0.12037055939436,0.352104544639587,0.433087676763535,0.0549471601843834,-0.12036844342947,0.0549468956887722,-0.120370835065842,0.138053089380264,0.248723849654198,0.0549471601843834,-0.12036844342947,0.352100610733032,0.43308961391449
8.48079967498779,0.351962804794312,0.433144897222519,0.0549474395811558,-0.120402500033379,0.1382787078619,0.248568311333656,0.0549467913806438,-0.120400466024876,0.0549474321305752,-0.120402485132217,0.351960688829422,0.433147430419922,0.0549477115273476,-0.120400205254555,0.138280466198921,0.248567000031471,0.1382787078619,0.248568311333656,0.0549477115273476,-0.120400205254555,0.351962864398956,0.433148771524429,0.054947055876255,-0.120398081839085,0.0549467951059341,-0.120400480926037,0.138280466198921,0.248567000031471,0.054947055876255,-0.120398081839085,0.351959079504013,0.433150708675385
8.48139953613281,0.351821422576904,0.43320620059967,0.0549472644925117,-0.120432138442993,0.138506010174751,0.248411148786545,0.0549466200172901,-0.120430119335651,0.0549472644925117,-0.120432138442993,0.35181924700737,0.433208823204041,0.0549475662410259,-0.120429836213589,0.138507515192032,0.24840997159481,0.138506010174751,0.248411148786545,0.0549475662410259,-0.120429836213589,0.351821511983871,0.433210134506226,0.0549468882381916,-0.12042773514986,0.0549466200172901,-0.120430119335651,0.138507515192032,0.24840997159481,0.0549469441175461,-0.120427720248699,0.351817607879639,0.433212041854858
8.48200035095215,0.351680159568787,0.433267831802368,0.0549471117556095,-0.120461769402027,0.138732850551605,0.248253837227821,0.0549464412033558,-0.120459757745266,0.0549471117556095,-0.120461769402027,0.351678013801575,0.433270394802094,0.054947417229414,-0.120459474623203,0.138734608888626,0.248252525925636,0.138732850551605,0.248253837227821,0.054947417229414,-0.120459474623203,0.351680219173431,0.433271706104279,0.0549467355012894,-0.120457366108894,0.0549464412033558,-0.120459757745266,0.138734608888626,0.248252525925636,0.0549467615783215,-0.120457358658314,0.351676374673843,0.433273673057556
8.48260021209717,0.351539045572281,0.43332976102829,0.0549469217658043,-0.120491400361061,0.138959661126137,0.248096108436584,0.0549462772905827,-0.120489381253719,0.0549469217658043,-0.120491400361061,0.351536840200424,0.433332294225693,0.0549472272396088,-0.120489098131657,0.138961359858513,0.248094856739044,0.138959661126137,0.248096108436584,0.0549471974372864,-0.120489105582237,0.351539105176926,0.4333336353302,0.0549465715885162,-0.120486989617348,0.0549462772905827,-0.120489381253719,0.138961359858513,0.248094856739044,0.0549465715885162,-0.120486989617348,0.351535230875015,0.433335542678833
8.48320007324219,0.351398020982742,0.433391928672791,0.0549467206001282,-0.120521023869514,0.139186263084412,0.247938141226768,0.0549460761249065,-0.120518997311592,0.0549467206001282,-0.120521023869514,0.351395934820175,0.433394491672516,0.0549470297992229,-0.120518743991852,0.139187902212143,0.247936919331551,0.139186263084412,0.247938141226768,0.0549470297992229,-0.120518743991852,0.351398080587387,0.433395802974701,0.0549463741481304,-0.12051660567522,0.0549460761249065,-0.120518997311592,0.139187902212143,0.247936919331551,0.0549463778734207,-0.120516620576382,0.351394295692444,0.433397769927979
8.48379993438721,0.351257234811783,0.43345445394516,0.0549465082585812,-0.120550639927387,0.139412730932236,0.247779935598373,0.0549458712339401,-0.120548628270626,0.0549465082585812,-0.120550639927387,0.351255148649216,0.433456987142563,0.0549468211829662,-0.120548360049725,0.139414370059967,0.247778698801994,0.139412730932236,0.247779935598373,0.0549468211829662,-0.120548360049725,0.351257294416428,0.433458268642426,0.0549461655318737,-0.120546229183674,0.0549458712339401,-0.120548635721207,0.139414370059967,0.247778683900833,0.0549461655318737,-0.120546229183674,0.351253390312195,0.433460265398026
8.48439979553223,0.351116627454758,0.433517158031464,0.0549462661147118,-0.12058025598526,0.139638900756836,0.247621417045593,0.0549456216394901,-0.120578236877918,0.0549462661147118,-0.12058025598526,0.351114332675934,0.433519750833511,0.0549466051161289,-0.120577976107597,0.139640599489212,0.247620180249214,0.139638900756836,0.247621417045593,0.0549466051161289,-0.120577976107597,0.351116567850113,0.433521032333374,0.054945919662714,-0.120575837790966,0.0549456216394901,-0.120578251779079,0.139640599489212,0.247620180249214,0.0549459233880043,-0.120575852692127,0.35111278295517,0.433522969484329
8.48499965667725,0.350976049900055,0.433580279350281,0.0549460388720036,-0.120609872043133,0.139864876866341,0.247462645173073,0.0549453683197498,-0.120607867836952,0.054946031421423,-0.120609857141972,0.350973874330521,0.433582812547684,0.054946344345808,-0.120607577264309,0.1398666203022,0.247461348772049,0.139864876866341,0.247462645173073,0.0549463517963886,-0.12060759216547,0.3509761095047,0.433584094047546,0.0549456924200058,-0.120605453848839,0.0549453683197498,-0.120607867836952,0.1398666203022,0.247461348772049,0.0549456924200058,-0.120605453848839,0.350972235202789,0.433586031198502
8.48560047149658,0.350835651159286,0.433643579483032,0.0549457743763924,-0.120639488101006,0.140090748667717,0.247303575277328,0.054945133626461,-0.120637461543083,0.0549457706511021,-0.120639473199844,0.350833505392075,0.433646112680435,0.0549460835754871,-0.120637185871601,0.140092432498932,0.247302323579788,0.140090748667717,0.247303575277328,0.0549460835754871,-0.120637185871601,0.350835740566254,0.43364742398262,0.0549454353749752,-0.120635069906712,0.054945133626461,-0.120637461543083,0.140092432498932,0.247302278876305,0.0549454353749752,-0.120635069906712,0.350831836462021,0.433649361133575
8.4862003326416,0.350695490837097,0.433707118034363,0.0549454726278782,-0.120669089257717,0.140316411852837,0.247144237160683,0.0549448579549789,-0.120667062699795,0.0549454651772976,-0.120669074356556,0.350693196058273,0.433709740638733,0.0549458079040051,-0.120666779577732,0.140318036079407,0.247142940759659,0.140316411852837,0.247144237160683,0.0549458153545856,-0.120666794478893,0.350695580244064,0.433711022138596,0.0549451299011707,-0.120664671063423,0.0549448318779469,-0.120667077600956,0.140318021178246,0.247142925858498,0.0549451299011707,-0.120664671063423,0.350691735744476,0.433712989091873
8.48680019378662,0.35055536031723,0.433771044015884,0.0549451820552349,-0.120698675513268,0.140541806817055,0.246984601020813,0.0549445450305939,-0.120696663856506,0.0549451820552349,-0.120698675513268,0.350553303956985,0.43377360701561,0.0549454987049103,-0.120696395635605,0.14054349064827,0.24698331952095,0.140541791915894,0.246984571218491,0.0549454987049103,-0.120696395635605,0.350555419921875,0.433774918317795,0.0549448430538177,-0.120694272220135,0.0549445450305939,-0.120696663856506,0.140543550252914,0.246983304619789,0.0549448505043983,-0.120694272220135,0.350551664829254,0.43377685546875
8.48740005493164,0.35041543841362,0.433835208415985,0.0549448952078819,-0.120728269219398,0.140767097473145,0.246824711561203,0.0549442246556282,-0.120726265013218,0.0549448952078819,-0.120728269219398,0.350413352251053,0.43383777141571,0.0549451783299446,-0.120725989341736,0.140768721699715,0.246823415160179,0.140767082571983,0.246824681758881,0.0549451783299446,-0.120725989341736,0.350415468215942,0.433839082717896,0.0549445562064648,-0.120723858475685,0.0549442246556282,-0.120726265013218,0.140768721699715,0.246823400259018,0.0549445599317551,-0.120723873376846,0.350411713123322,0.433840990066528
8.48799991607666,0.350275695323944,0.433899611234665,0.054944533854723,-0.120757862925529,0.140992119908333,0.246664494276047,0.0549438931047916,-0.120755851268768,0.054944533854723,-0.120757862925529,0.350273638963699,0.433902204036713,0.0549448765814304,-0.120755568146706,0.140993788838387,0.246663212776184,0.140992119908333,0.246664494276047,0.054944846779108,-0.120755575597286,0.350275754928589,0.433903515338898,0.0549442023038864,-0.120753452181816,0.0549438931047916,-0.120755851268768,0.140993788838387,0.246663212776184,0.0549442023038864,-0.120753452181816,0.35027202963829,0.433905482292175
8.48859977722168,0.35013610124588,0.433964341878891,0.0549441687762737,-0.12078745663166,0.141216978430748,0.24650402367115,0.0549435541033745,-0.120785437524319,0.0549441613256931,-0.120787441730499,0.350134044885635,0.433966964483261,0.0549445040524006,-0.120785154402256,0.141218662261963,0.246502757072449,0.141216978430748,0.24650402367115,0.0549445115029812,-0.120785169303417,0.350136280059814,0.433968245983124,0.054943859577179,-0.120783038437366,0.0549435541033745,-0.120785437524319,0.141218662261963,0.246502757072449,0.054943859577179,-0.120783038437366,0.350132405757904,0.433970212936401
8.4891996383667,0.34999668598175,0.434029370546341,0.0549438484013081,-0.12081702798605,0.141441643238068,0.246343299746513,0.0549432076513767,-0.120815023779869,0.0549438409507275,-0.120817013084888,0.349994540214539,0.434031963348389,0.0549441315233707,-0.120814740657806,0.141443312168121,0.246342018246651,0.141441643238068,0.246343299746513,0.054944135248661,-0.120814755558968,0.349996745586395,0.434033274650574,0.0549435131251812,-0.120812617242336,0.0549432076513767,-0.120815023779869,0.141443312168121,0.246342018246651,0.0549435131251812,-0.120812617242336,0.349992901086807,0.434035181999207
8.48980045318604,0.349857419729233,0.434094697237015,0.054943460971117,-0.1208466142416,0.141666129231453,0.246182262897491,0.0549428202211857,-0.120844587683678,0.0549434572458267,-0.120846599340439,0.349855244159698,0.43409726023674,0.0549437403678894,-0.120844319462776,0.141667738556862,0.24618099629879,0.141666129231453,0.246182262897491,0.05494374781847,-0.120844326913357,0.349857479333878,0.434098541736603,0.0549431219696999,-0.120842188596725,0.0549428202211857,-0.120844587683678,0.141667738556862,0.24618099629879,0.0549431294202805,-0.120842203497887,0.34985363483429,0.43410050868988
8.49040031433105,0.349718242883682,0.434160262346268,0.0549430623650551,-0.120876178145409,0.141890332102776,0.246020972728729,0.0549424216151237,-0.120874151587486,0.0549430623650551,-0.120876178145409,0.349716186523438,0.434162795543671,0.0549433492124081,-0.120873890817165,0.141891941428185,0.246019676327705,0.141890332102776,0.246020972728729,0.0549433492124081,-0.120873890817165,0.349718391895294,0.434164106845856,0.0549427308142185,-0.120871774852276,0.0549424216151237,-0.120874151587486,0.141892001032829,0.246019661426544,0.0549427308142185,-0.120871774852276,0.349714547395706,0.434166103601456
8.49100017547607,0.349579274654388,0.434226095676422,0.0549426265060902,-0.120905742049217,0.142114415764809,0.245859414339066,0.0549419894814491,-0.120903730392456,0.0549426265060902,-0.120905742049217,0.349577188491821,0.434228658676147,0.0549429431557655,-0.120903454720974,0.142116084694862,0.245858132839203,0.142114415764809,0.245859414339066,0.0549429431557655,-0.120903454720974,0.349579334259033,0.43422994017601,0.054942324757576,-0.120901338756084,0.0549419894814491,-0.120903730392456,0.142116084694862,0.24585810303688,0.054942324757576,-0.120901338756084,0.349575579166412,0.43423193693161
8.49160003662109,0.349440425634384,0.434292256832123,0.0549421831965446,-0.120935298502445,0.14233823120594,0.245697528123856,0.054941575974226,-0.120933286845684,0.0549421831965446,-0.120935298502445,0.349438399076462,0.434294819831848,0.0549425296485424,-0.120933018624783,0.142339915037155,0.245696246623993,0.14233823120594,0.245697528123856,0.05494249984622,-0.120933026075363,0.349440574645996,0.434296041727066,0.0549418553709984,-0.120930902659893,0.0549415424466133,-0.120933286845684,0.142339915037155,0.245696246623993,0.0549418814480305,-0.120930895209312,0.34943675994873,0.434298098087311
8.49219989776611,0.349301785230637,0.43435862660408,0.0549417622387409,-0.120964862406254,0.142561942338943,0.245535433292389,0.0549411214888096,-0.120962850749493,0.0549417547881603,-0.120964847505093,0.349299758672714,0.43436124920845,0.0549420528113842,-0.120962582528591,0.142563536763191,0.245534151792526,0.142561942338943,0.245535433292389,0.0549420528113842,-0.120962582528591,0.349301964044571,0.434362500905991,0.0549414269626141,-0.12096044421196,0.0549411214888096,-0.120962850749493,0.142563611268997,0.245534107089043,0.0549414344131947,-0.120960459113121,0.349298089742661,0.434364467859268
8.49279975891113,0.349163383245468,0.434425324201584,0.0549412742257118,-0.120994418859482,0.142785415053368,0.245373040437698,0.0549406632781029,-0.12099239975214,0.0549412667751312,-0.120994403958321,0.349161237478256,0.434427917003632,0.0549416206777096,-0.120992131531239,0.142787009477615,0.245371699333191,0.142785415053368,0.245373040437698,0.0549416206777096,-0.120992131531239,0.349163472652435,0.434429198503494,0.0549409650266171,-0.120990000665188,0.0549406632781029,-0.12099239975214,0.142787009477615,0.245371699333191,0.0549409724771976,-0.120990015566349,0.349159568548203,0.434431165456772
8.49339962005615,0.349024921655655,0.434492290019989,0.0549408011138439,-0.121023967862129,0.143008664250374,0.245210349559784,0.0549401938915253,-0.121021941304207,0.0549407936632633,-0.121023952960968,0.349022924900055,0.434494912624359,0.0549411177635193,-0.121021665632725,0.143010333180428,0.245209038257599,0.143008664250374,0.245210349559784,0.0549411177635193,-0.121021695435047,0.349025100469589,0.434496164321899,0.05494050309062,-0.121019557118416,0.0549401938915253,-0.121021941304207,0.143010333180428,0.245209038257599,0.05494050309062,-0.121019557118416,0.349021285772324,0.434498161077499
8.49400043487549,0.348886847496033,0.434559494256973,0.0549403168261051,-0.121053501963615,0.143231689929962,0.245047405362129,0.0549396798014641,-0.121051482856274,0.0549403168261051,-0.121053501963615,0.348884701728821,0.434562116861343,0.0549406073987484,-0.121051214635372,0.143233343958855,0.245046094059944,0.143231689929962,0.245047405362129,0.0549406111240387,-0.121051229536533,0.348886907100677,0.434563368558884,0.0549399890005589,-0.121049091219902,0.0549396798014641,-0.121051482856274,0.143233418464661,0.245046079158783,0.0549399964511395,-0.121049106121063,0.348883181810379,0.434565395116806
8.49460029602051,0.348748862743378,0.434627026319504,0.0549397990107536,-0.121083050966263,0.143454641103745,0.244884178042412,0.0549391619861126,-0.12108102440834,0.0549397990107536,-0.121083050966263,0.348746716976166,0.434629619121552,0.0549400895833969,-0.121080756187439,0.143456220626831,0.244882851839066,0.143454626202583,0.244884148240089,0.0549400933086872,-0.1210807710886,0.348748922348022,0.434630900621414,0.0549394711852074,-0.121078640222549,0.0549391619861126,-0.12108102440834,0.143456220626831,0.244882851839066,0.0549394711852074,-0.121078625321388,0.348745077848434,0.434632867574692
8.49520015716553,0.34861096739769,0.434694826602936,0.0549392700195313,-0.121112577617168,0.143677219748497,0.244720682501793,0.0549386367201805,-0.121110551059246,0.0549392700195313,-0.121112577617168,0.348608821630478,0.434697449207306,0.0549395605921745,-0.121110282838345,0.14367887377739,0.244719356298447,0.143677219748497,0.244720667600632,0.0549395680427551,-0.121110297739506,0.348611027002335,0.434698700904846,0.0549389459192753,-0.121108159422874,0.0549386367201805,-0.121110551059246,0.14367887377739,0.244719356298447,0.0549389496445656,-0.121108174324036,0.348607182502747,0.434700697660446
8.49580001831055,0.348473191261292,0.434762924909592,0.0549387075006962,-0.121142119169235,0.143899708986282,0.24455688893795,0.0549381002783775,-0.121140085160732,0.0549387037754059,-0.121142104268074,0.348471164703369,0.434765458106995,0.0549390278756618,-0.121139824390411,0.14390130341053,0.244555562734604,0.143899708986282,0.24455688893795,0.0549390278756618,-0.121139824390411,0.348473370075226,0.43476676940918,0.0549384132027626,-0.121137700974941,0.0549381002783775,-0.121140085160732,0.14390130341053,0.244555562734604,0.0549384132027626,-0.121137700974941,0.348469644784927,0.43476876616478
8.49639987945557,0.348335713148117,0.434831231832504,0.0549381338059902,-0.121171645820141,0.144121930003166,0.244392827153206,0.0549375265836716,-0.121169611811638,0.0549381263554096,-0.12117163091898,0.348333567380905,0.434833824634552,0.0549384839832783,-0.121169351041317,0.144123584032059,0.244391515851021,0.144121930003166,0.244392827153206,0.0549384541809559,-0.121169351041317,0.348335891962051,0.434835076332092,0.0549378395080566,-0.121167227625847,0.0549374967813492,-0.121169619262218,0.144123584032059,0.244391515851021,0.0549378395080566,-0.121167227625847,0.348332077264786,0.434837102890015
8.49699974060059,0.348198354244232,0.434899866580963,0.0549375452101231,-0.121201157569885,0.144343987107277,0.244228512048721,0.0549369417130947,-0.121199131011963,0.0549375712871552,-0.121201142668724,0.34819620847702,0.434902459383011,0.054937869310379,-0.121198870241642,0.144345641136169,0.244227200746536,0.144343987107277,0.244228512048721,0.0549378767609596,-0.121198892593384,0.348198533058167,0.434903711080551,0.0549372509121895,-0.121196746826172,0.0549369417130947,-0.121199131011963,0.144345641136169,0.244227200746536,0.0549372509121895,-0.121196746826172,0.348194688558578,0.434905737638474
8.49759960174561,0.348061114549637,0.434968739748001,0.0549369491636753,-0.12123067677021,0.144565805792809,0.244063928723335,0.0549363158643246,-0.121228642761707,0.0549369491636753,-0.12123067677021,0.348059147596359,0.434971392154694,0.054937306791544,-0.121228389441967,0.144567474722862,0.244062587618828,0.144565805792809,0.244063928723335,0.0549372807145119,-0.121228396892548,0.348061293363571,0.434972614049911,0.0549366623163223,-0.121226266026497,0.0549363158643246,-0.121228642761707,0.144567474722862,0.244062587618828,0.0549366623163223,-0.121226266026497,0.348057478666306,0.434974610805511
8.49820041656494,0.347924083471298,0.435037940740585,0.0549363195896149,-0.121260181069374,0.144787505269051,0.243899047374725,0.0549357421696186,-0.121258147060871,0.0549363195896149,-0.121260181069374,0.347922086715698,0.435040563344955,0.0549366809427738,-0.121257901191711,0.144789084792137,0.243897750973701,0.144787505269051,0.243899047374725,0.0549366809427738,-0.121257908642292,0.347924262285233,0.435041785240173,0.0549360625445843,-0.121255777776241,0.0549357421696186,-0.121258147060871,0.144789084792137,0.24389773607254,0.0549360625445843,-0.121255777776241,0.347920477390289,0.435043841600418
8.49880027770996,0.347787261009216,0.435107380151749,0.0549357086420059,-0.121289685368538,0.145008891820908,0.243733927607536,0.0549351014196873,-0.121287651360035,0.0549357086420059,-0.121289685368538,0.347785264253616,0.435110002756119,0.0549360364675522,-0.121287405490875,0.145010530948639,0.243732586503029,0.145008891820908,0.243733927607536,0.0549360364675522,-0.121287405490875,0.347787320613861,0.435111254453659,0.0549354217946529,-0.121285282075405,0.0549351088702679,-0.121287673711777,0.145010530948639,0.243732586503029,0.0549354217946529,-0.121285282075405,0.347783535718918,0.435113281011581
8.49940013885498,0.347650557756424,0.435177117586136,0.054935060441494,-0.121319189667702,0.145230129361153,0.243568524718285,0.0549344532191753,-0.121317163109779,0.0549350827932358,-0.12131916731596,0.347648441791534,0.435179740190506,0.05493538454175,-0.121316894888878,0.145231768488884,0.243567183613777,0.145230129361153,0.243568524718285,0.0549353919923306,-0.121316909790039,0.347650617361069,0.435180962085724,0.0549347661435604,-0.121314771473408,0.0549344532191753,-0.121317163109779,0.145231768488884,0.243567183613777,0.054934773594141,-0.121314778923988,0.347646921873093,0.435182958841324
8.5,0.347514063119888,0.435247093439102,0.0549343712627888,-0.121348693966866,0.145451128482819,0.24340283870697,0.0549337938427925,-0.121346659958363,0.0549343638122082,-0.121348679065704,0.347511947154999,0.435249745845795,0.0549347251653671,-0.121346391737461,0.145452782511711,0.243401497602463,0.145451128482819,0.24340283870697,0.0549347326159477,-0.121346414089203,0.347514122724533,0.435250967741013,0.0549341104924679,-0.121344275772572,0.0549337938427925,-0.121346659958363,0.145452782511711,0.243401497602463,0.0549341179430485,-0.121344290673733,0.34751033782959,0.435252964496613
