frequency_ghz,port1_rl_db,port2_rl_db,port3_rl_db,port4_rl_db
2.000000000000000000e+00,1.400335151708260728e+00,1.395722450537796089e+00,1.394417574240290891e+00,1.397196706704259217e+00
2.000299930572509766e+00,1.399679919275993667e+00,1.395068442042404655e+00,1.393762629340860038e+00,1.396541794385181001e+00
2.000600099563598633e+00,1.399025394894698460e+00,1.394415159377651259e+00,1.393110911262664509e+00,1.395889509521094363e+00
2.000900030136108398e+00,1.398373075480964234e+00,1.393763233706148963e+00,1.392458008499453559e+00,1.395238664854686617e+00
2.001199960708618164e+00,1.397720436113661702e+00,1.393113968392152735e+00,1.391808375858002655e+00,1.394589876210586166e+00
2.001499891281127930e+00,1.397069918962108526e+00,1.392465099317957478e+00,1.391158264638926445e+00,1.393940834981330701e+00
2.001800060272216797e+00,1.396421707728613404e+00,1.391817190620017630e+00,1.390511048291133145e+00,1.393292561352888148e+00
2.002099990844726562e+00,1.395773935893264817e+00,1.391172140315132033e+00,1.389863947739282901e+00,1.392647224321947874e+00
2.002399921417236328e+00,1.395127366569174354e+00,1.390527659355974333e+00,1.389219245442827821e+00,1.392003703932333858e+00
2.002700090408325195e+00,1.394482323041203786e+00,1.389883786539050536e+00,1.388575026436153825e+00,1.391360975357872398e+00
2.003000020980834961e+00,1.393839194812183546e+00,1.389241756951030915e+00,1.387933767142966790e+00,1.390718238683431585e+00
2.003299951553344727e+00,1.393197407728829607e+00,1.388600109575984121e+00,1.387292775195717809e+00,1.390077454343102925e+00
2.003599882125854492e+00,1.392555150913509232e+00,1.387961485085464020e+00,1.386651977789962409e+00,1.389439020083450549e+00
2.003900051116943359e+00,1.391916247470162737e+00,1.387322667441641677e+00,1.386013941830932961e+00,1.388801195553526657e+00
2.004199981689453125e+00,1.391277837054390121e+00,1.386686224298830039e+00,1.385376513112687391e+00,1.388164958379049185e+00
2.004499912261962891e+00,1.390640435414315368e+00,1.386050029905822711e+00,1.384739672570243219e+00,1.387529283911191236e+00
2.004800081253051758e+00,1.390005158798238494e+00,1.385416668130792228e+00,1.384105016738012006e+00,1.386895146240243237e+00
2.005100011825561523e+00,1.389370336404959216e+00,1.384783563129906803e+00,1.383471795101469670e+00,1.386262663028081654e+00
2.005399942398071289e+00,1.388738148844143705e+00,1.384152746110884458e+00,1.382840216922879950e+00,1.385631340437659675e+00
2.005700111389160156e+00,1.388105058674908410e+00,1.383521151953603479e+00,1.382209660618161973e+00,1.385001062823433493e+00
2.006000041961669922e+00,1.387474434926913691e+00,1.382891861806181844e+00,1.381580180903917654e+00,1.384373005770880294e+00
2.006299972534179688e+00,1.386845425299583212e+00,1.382264570726791764e+00,1.380951700521082737e+00,1.383745864235374601e+00
2.006599903106689453e+00,1.386217548043182868e+00,1.381638654095069363e+00,1.380324311888166067e+00,1.383119726605464006e+00
2.006900072097778320e+00,1.385590776187347384e+00,1.381013492726920200e+00,1.379699959802597853e+00,1.382494938317829547e+00
2.007200002670288086e+00,1.384965747562388660e+00,1.380389208328856254e+00,1.379074990636301568e+00,1.381870891538478086e+00
2.007499933242797852e+00,1.384341100304825600e+00,1.379766504992973930e+00,1.378452701790477519e+00,1.381248222439362738e+00
2.007800102233886719e+00,1.383718719898854310e+00,1.379145115604362148e+00,1.377830480953386116e+00,1.380627485140302202e+00
2.008100032806396484e+00,1.383097507568445739e+00,1.378524445021752642e+00,1.377210592964495328e+00,1.380007279269064524e+00
2.008399963378906250e+00,1.382477251619699254e+00,1.377905190253738477e+00,1.376591050150198114e+00,1.379389369702179735e+00
2.008699893951416016e+00,1.381857124780242696e+00,1.377288453129803303e+00,1.375972559142329743e+00,1.378771658831949631e+00
2.009000062942504883e+00,1.381239709096674373e+00,1.376672614887463286e+00,1.375355284641306408e+00,1.378156299570042709e+00
2.009299993515014648e+00,1.380623605680346255e+00,1.376058431793554693e+00,1.374740535984379841e+00,1.377541434127964814e+00
2.009599924087524414e+00,1.380008593081486268e+00,1.375442924085819474e+00,1.374127199527225951e+00,1.376927287520743892e+00
2.009900093078613281e+00,1.379395209121884180e+00,1.374830783519076283e+00,1.373514751776887977e+00,1.376315015948323506e+00
2.010200023651123047e+00,1.378782386194780329e+00,1.374219000971127480e+00,1.372903140305543168e+00,1.375705453976381554e+00
2.010499954223632812e+00,1.378170513109608697e+00,1.373610660150622387e+00,1.372291808522539069e+00,1.375095133337193021e+00
2.010799884796142578e+00,1.377560477609336864e+00,1.373001495243429293e+00,1.371682730148469309e+00,1.374487691600594363e+00
2.011100053787231445e+00,1.376951614548489022e+00,1.372393497061879852e+00,1.371075510602571601e+00,1.373881064223459347e+00
2.011399984359741211e+00,1.376344704100560978e+00,1.371786971456437021e+00,1.370468411866259562e+00,1.373273841618871671e+00
2.011699914932250977e+00,1.375737987877352797e+00,1.371182468292170054e+00,1.369863417626906221e+00,1.372669487235115060e+00
2.012000083923339844e+00,1.375132273232556601e+00,1.370579025038057841e+00,1.369259327560672812e+00,1.372066930919226380e+00
2.012300014495849609e+00,1.374528811154978047e+00,1.369976391012796002e+00,1.368655805896414668e+00,1.371465372870189769e+00
2.012599945068359375e+00,1.373926876425306753e+00,1.369374949244830386e+00,1.368055208220750441e+00,1.370863320580213207e+00
2.012900114059448242e+00,1.373325071724510460e+00,1.368774641082964205e+00,1.367454679239348492e+00,1.370264680726856810e+00
2.013200044631958008e+00,1.372724657544923899e+00,1.368175769151994681e+00,1.366856300801403412e+00,1.369666512459082774e+00
2.013499975204467773e+00,1.372125315316641725e+00,1.367579382167804614e+00,1.366257321605817365e+00,1.369069938661282793e+00
2.013799905776977539e+00,1.371528602779439776e+00,1.366982589056684683e+00,1.365661645036043037e+00,1.368473449460891000e+00
2.014100074768066406e+00,1.370932660468189290e+00,1.366387212254019268e+00,1.365065390495603825e+00,1.367879589282271269e+00
2.014400005340576172e+00,1.370336857371620365e+00,1.365792781076312412e+00,1.364471997326745845e+00,1.367286009165534111e+00
2.014699935913085938e+00,1.369742254076072641e+00,1.365201961757823934e+00,1.363878962729216493e+00,1.366694032210032272e+00
2.015000104904174805e+00,1.369149463969973946e+00,1.364609872815910396e+00,1.363287787828975528e+00,1.366102154538588520e+00
2.015300035476684570e+00,1.368558109390475952e+00,1.364018765870472549e+00,1.362697414296534015e+00,1.365513160737488407e+00
2.015599966049194336e+00,1.367969325686492432e+00,1.363430407620907836e+00,1.362107856815106821e+00,1.364924753567838600e+00
2.015899896621704102e+00,1.367379659636328793e+00,1.362844013467264581e+00,1.361519910261188127e+00,1.364337418343334107e+00
2.016200065612792969e+00,1.366792296073191526e+00,1.362257154476935517e+00,1.360932761389332057e+00,1.363751852996045510e+00
2.016499996185302734e+00,1.366205721841906362e+00,1.361671554208009338e+00,1.360347792548807444e+00,1.363166584475043130e+00
2.016799926757812500e+00,1.365620337679302132e+00,1.361087539473325059e+00,1.359763889714442842e+00,1.362582893422977115e+00
2.017100095748901367e+00,1.365035529319684304e+00,1.360505169649853130e+00,1.359179760883077126e+00,1.362001787385657803e+00
2.017400026321411133e+00,1.364452758361012652e+00,1.359922746653552839e+00,1.358598660858839846e+00,1.361420190386115614e+00
2.017699956893920898e+00,1.363870507621914197e+00,1.359343068428463752e+00,1.358017623929044460e+00,1.360839724396136763e+00
2.017999887466430664e+00,1.363291823869793973e+00,1.358764596232162836e+00,1.357437790391185395e+00,1.360261162788335199e+00
2.018300056457519531e+00,1.362711322109997791e+00,1.358185713328269317e+00,1.356860512539609598e+00,1.359683696240197914e+00
2.018599987030029297e+00,1.362134313473380098e+00,1.357607792022406112e+00,1.356282159288999978e+00,1.359108068947488146e+00
2.018899917602539062e+00,1.361556464814406286e+00,1.357033530478141126e+00,1.355707981091859526e+00,1.358533440724750019e+00
2.019200086593627930e+00,1.360980389920111389e+00,1.356458585462512412e+00,1.355132124824592665e+00,1.357959103938768619e+00
2.019500017166137695e+00,1.360406613019807809e+00,1.355885020145299658e+00,1.354559191762181314e+00,1.357386481144062795e+00
2.019799947738647461e+00,1.359833981016440374e+00,1.355313038792039126e+00,1.353986505567077003e+00,1.356814708597089192e+00
2.020100116729736328e+00,1.359261318694964249e+00,1.354742234713010696e+00,1.353416179015105580e+00,1.356243968611514417e+00
2.020400047302246094e+00,1.358690771660319818e+00,1.354173474909217578e+00,1.352845672052292336e+00,1.355675376818930467e+00
2.020699977874755859e+00,1.358120754019135568e+00,1.353604463592247065e+00,1.352277104103376981e+00,1.355107226199606885e+00
2.020999908447265625e+00,1.357551948988224400e+00,1.353037242237600468e+00,1.351709108992143360e+00,1.354540625842980628e+00
2.021300077438354492e+00,1.356984135147744075e+00,1.352471334703050587e+00,1.351142914066529421e+00,1.353975695020074532e+00
2.021600008010864258e+00,1.356419613278740721e+00,1.351907319243446537e+00,1.350577625609906018e+00,1.353410884752364929e+00
2.021899938583374023e+00,1.355853614530424966e+00,1.351343167282832436e+00,1.350013654837827648e+00,1.352847897152362977e+00
2.022200107574462891e+00,1.355290784354932221e+00,1.350779446579374099e+00,1.349451088295912538e+00,1.352285911571134980e+00
2.022500038146972656e+00,1.354728040966897362e+00,1.350218549635620047e+00,1.348890468810582277e+00,1.351725313824892805e+00
2.022799968719482422e+00,1.354165436229862074e+00,1.349658545535815435e+00,1.348328765730047341e+00,1.351165940506374508e+00
2.023099899291992188e+00,1.353605664034671419e+00,1.349099247297619097e+00,1.347770869577016306e+00,1.350606555851078028e+00
2.023400068283081055e+00,1.353047365790534418e+00,1.348542354653284647e+00,1.347211743295683828e+00,1.350050496182442439e+00
2.023699998855590820e+00,1.352489186984116243e+00,1.347985357471243262e+00,1.346655110690665680e+00,1.349493866042988710e+00
2.023999929428100586e+00,1.351932102698254923e+00,1.347429320200733027e+00,1.346098909142463329e+00,1.348938524650764137e+00
2.024300098419189453e+00,1.351376380768781083e+00,1.346875581545921463e+00,1.345544243902792481e+00,1.348385446369876561e+00
2.024600028991699219e+00,1.350822957565756210e+00,1.346321298791052223e+00,1.344991328354845361e+00,1.347832489006210777e+00
2.024899959564208984e+00,1.350268498749807256e+00,1.345768866502983441e+00,1.344438713893642223e+00,1.347280462476197371e+00
2.025199890136718750e+00,1.349716674069749267e+00,1.345218982135550245e+00,1.343887838442966220e+00,1.346730037644452427e+00
2.025500059127807617e+00,1.349165869791913996e+00,1.344669427101147452e+00,1.343337894630663332e+00,1.346182393950120293e+00
2.025799989700317383e+00,1.348616634986758545e+00,1.344120512548073965e+00,1.342788000880076549e+00,1.345633992543032953e+00
2.026099920272827148e+00,1.348067401231394014e+00,1.343573494004888680e+00,1.342241302553763616e+00,1.345086905584933490e+00
2.026400089263916016e+00,1.347519769653491739e+00,1.343026108757031434e+00,1.341694555999477956e+00,1.344541224543618574e+00
2.026700019836425781e+00,1.346974242633613095e+00,1.342482120098118070e+00,1.341148976058367914e+00,1.343997490578319409e+00
2.026999950408935547e+00,1.346429996463934575e+00,1.341938753065359702e+00,1.340605469064691802e+00,1.343453894990661812e+00
2.027299880981445312e+00,1.345886038099038950e+00,1.341394981389896435e+00,1.340062533599425176e+00,1.342911331205936420e+00
2.027600049972534180e+00,1.345342096474190008e+00,1.340853126918539528e+00,1.339520895544124901e+00,1.342370499326492661e+00
2.027899980545043945e+00,1.344801091996437936e+00,1.340313297304628115e+00,1.338980690935496431e+00,1.341830432831010000e+00
2.028199911117553711e+00,1.344260409337957984e+00,1.339773925374761365e+00,1.338440034929452960e+00,1.341292044337468070e+00
2.028500080108642578e+00,1.343721412796709647e+00,1.339235251444678143e+00,1.337901871123763575e+00,1.340754025698762675e+00
2.028800010681152344e+00,1.343182406644089166e+00,1.338698185677599017e+00,1.337364861225076806e+00,1.340218576189881938e+00
2.029099941253662109e+00,1.342646216451952368e+00,1.338162585522879588e+00,1.336828274524775928e+00,1.339682760374721893e+00
2.029400110244750977e+00,1.342109518637604193e+00,1.337627529046924835e+00,1.336292683208836873e+00,1.339148073086819046e+00
2.029700040817260742e+00,1.341574078455881835e+00,1.337093521504290727e+00,1.335759812591834850e+00,1.338615733436964383e+00
2.029999971389770508e+00,1.341041345453395150e+00,1.336560977966324559e+00,1.335226978685427390e+00,1.338083326017244001e+00
2.030299901962280273e+00,1.340507865921342967e+00,1.336029549213546330e+00,1.334694601787667523e+00,1.337553130372528098e+00
2.030600070953369141e+00,1.339977323700298317e+00,1.335498974548241069e+00,1.334164577384553185e+00,1.337023623238396297e+00
2.030900001525878906e+00,1.339446146808344729e+00,1.334969274838996967e+00,1.333634797731336974e+00,1.336494592915701940e+00
2.031199932098388672e+00,1.338918075617860914e+00,1.334440795725677420e+00,1.333106345910446411e+00,1.335967226128391472e+00
2.031500101089477539e+00,1.338389869663110021e+00,1.333914110193887836e+00,1.332580205514360738e+00,1.335440645214137412e+00
2.031800031661987305e+00,1.337862680922259795e+00,1.333388532771712320e+00,1.332053525056815735e+00,1.334915882876292148e+00
2.032099962234497070e+00,1.337337219597634075e+00,1.332864170180894314e+00,1.331528430695265275e+00,1.334391227108568723e+00
2.032399892807006836e+00,1.336811706362771357e+00,1.332340485537394148e+00,1.331004468596623358e+00,1.333869644722909475e+00
2.032700061798095703e+00,1.336288454902205824e+00,1.331817751396807026e+00,1.330482549972589634e+00,1.333347338307084629e+00
2.032999992370605469e+00,1.335766173203317919e+00,1.331296511306452546e+00,1.329961047797197038e+00,1.332826113184839345e+00
2.033299922943115234e+00,1.335244730406005331e+00,1.330775273491985100e+00,1.329440034226466061e+00,1.332306743764984258e+00
2.033600091934204102e+00,1.334724387294949910e+00,1.330256471341443314e+00,1.328920321956823969e+00,1.331788602956283318e+00
2.033900022506713867e+00,1.334205044023267783e+00,1.329738607311956144e+00,1.328402855794260873e+00,1.331270370985015772e+00
2.034199953079223633e+00,1.333687352154101502e+00,1.329221530014172981e+00,1.327885448820920633e+00,1.330754289075043673e+00
2.034499883651733398e+00,1.333169915401392958e+00,1.328705236275269819e+00,1.327369160925155445e+00,1.330238843334275778e+00
2.034800052642822266e+00,1.332654454612573813e+00,1.328190437903046472e+00,1.326853569915191322e+00,1.329725130831496127e+00
2.035099983215332031e+00,1.332139271084479937e+00,1.327676677953574913e+00,1.326340536073958187e+00,1.329212144379887883e+00
2.035399913787841797e+00,1.331626751787420293e+00,1.327164471509400867e+00,1.325827632863173733e+00,1.328700597045089360e+00
2.035700082778930664e+00,1.331114245254989559e+00,1.326652532992576461e+00,1.325316211506958997e+00,1.328189274450253254e+00
2.036000013351440430e+00,1.330601546563725091e+00,1.326142524069301443e+00,1.324804849532186690e+00,1.327679424966485833e+00
2.036299943923950195e+00,1.330091283140309999e+00,1.325632436392131908e+00,1.324295706583089371e+00,1.327172055261872430e+00
2.036600112915039062e+00,1.329581861137580479e+00,1.325123860684815913e+00,1.323787367969468720e+00,1.326663757478693473e+00
2.036900043487548828e+00,1.329073717519643427e+00,1.324617507928435911e+00,1.323280269081556604e+00,1.326157082789528596e+00
2.037199974060058594e+00,1.328566290181508958e+00,1.324111104092856595e+00,1.322774483571995896e+00,1.325652693251464065e+00
2.037499904632568359e+00,1.328060948842459066e+00,1.323606299073082138e+00,1.322268955328535611e+00,1.325147639433189806e+00
2.037800073623657227e+00,1.327555697299002802e+00,1.323102521703375611e+00,1.321764437894778821e+00,1.324644144336816876e+00
2.038100004196166992e+00,1.327052040278184020e+00,1.322599414653137018e+00,1.321261442006195441e+00,1.324143136369846374e+00
2.038399934768676758e+00,1.326549209511575178e+00,1.322097676099017516e+00,1.320760366567249378e+00,1.323641613903983272e+00
2.038700103759765625e+00,1.326047363741900575e+00,1.321596724577333237e+00,1.320258879598714463e+00,1.323141667278209255e+00
2.039000034332275391e+00,1.325546863463536118e+00,1.321097794219797006e+00,1.319759320243512279e+00,1.322643156078699977e+00
2.039299964904785156e+00,1.325046692839527918e+00,1.320598723538565000e+00,1.319260707683993950e+00,1.322145811696947781e+00
2.039599895477294922e+00,1.324548859760956709e+00,1.320100882155945454e+00,1.318763160832714387e+00,1.321647838825626975e+00
2.039900064468383789e+00,1.324051228663160940e+00,1.319604653390164861e+00,1.318265933036010473e+00,1.321152551454193302e+00
2.040199995040893555e+00,1.323554836258388212e+00,1.319109083491063039e+00,1.317770928685045861e+00,1.320658694684006873e+00
2.040499925613403320e+00,1.323060002920556588e+00,1.318614275731667007e+00,1.317276438150722040e+00,1.320164696263656623e+00
2.040800094604492188e+00,1.322565941401708800e+00,1.318121424557660237e+00,1.316782954240014014e+00,1.319672789944605462e+00
2.041100025177001953e+00,1.322072772221815073e+00,1.317629407442014955e+00,1.316291136632692149e+00,1.319180273479915178e+00
2.041399955749511719e+00,1.321580180949639916e+00,1.317137846417711922e+00,1.315800109235619741e+00,1.318690729332464340e+00
2.041699886322021484e+00,1.321089081223242534e+00,1.316648865381830902e+00,1.315309450583109774e+00,1.318201765034247908e+00
2.042000055313110352e+00,1.320599121686033328e+00,1.316158419688380432e+00,1.314821306230862685e+00,1.317713500269316329e+00
2.042299985885620117e+00,1.320109995686005622e+00,1.315670909430814994e+00,1.314332431766807252e+00,1.317226464889252657e+00
2.042599916458129883e+00,1.319622416221919448e+00,1.315184293066402610e+00,1.313845675836325277e+00,1.316740927514049808e+00
2.042900085449218750e+00,1.319135806218473261e+00,1.314697982433957746e+00,1.313360060878897784e+00,1.316254781797294271e+00
2.043200016021728516e+00,1.318650242055309008e+00,1.314213356995866278e+00,1.312875044238499544e+00,1.315770539195739275e+00
2.043499946594238281e+00,1.318164961979224170e+00,1.313729951845398869e+00,1.312390318653252841e+00,1.315288355457160385e+00
2.043800115585327148e+00,1.317682584678167235e+00,1.313247046694730358e+00,1.311908168884801995e+00,1.314806243488740645e+00
2.044100046157836914e+00,1.317198428697335721e+00,1.312765216991357287e+00,1.311426237659178540e+00,1.314325658408010078e+00
2.044399976730346680e+00,1.316717606164000465e+00,1.312284155845725220e+00,1.310945712277309383e+00,1.313846375122734056e+00
2.044699907302856445e+00,1.316236911982449298e+00,1.311805350897382816e+00,1.310466517126173347e+00,1.313367447779082209e+00
2.045000076293945312e+00,1.315757951059057795e+00,1.311326840113025138e+00,1.309987680821195877e+00,1.312890501198444859e+00
2.045300006866455078e+00,1.315279700840258581e+00,1.310848599042460094e+00,1.309510149795839684e+00,1.312413325299608857e+00
2.045599937438964844e+00,1.314801800457191527e+00,1.310372745789451177e+00,1.309033482236894308e+00,1.311938031221890455e+00
2.045900106430053711e+00,1.314325353228977589e+00,1.309896909372586515e+00,1.308557745479693946e+00,1.311463113112540047e+00
2.046200037002563477e+00,1.313850524763979788e+00,1.309422197522638109e+00,1.308083661808510101e+00,1.310990023108302260e+00
2.046499967575073242e+00,1.313376191800667225e+00,1.308948638328553349e+00,1.307610091068234670e+00,1.310517322373595528e+00
2.046799898147583008e+00,1.312903155941304689e+00,1.308476540270582467e+00,1.307138206936672820e+00,1.310045421035194169e+00
2.047100067138671875e+00,1.312430353202471922e+00,1.308005466592434995e+00,1.306666491103931849e+00,1.309575819773018956e+00
2.047399997711181641e+00,1.311959762446173405e+00,1.307534518075487151e+00,1.306196590216732956e+00,1.309105478008063983e+00
2.047699928283691406e+00,1.311488846461579483e+00,1.307065629009249941e+00,1.305727245021774063e+00,1.308637376520836781e+00
2.048000097274780273e+00,1.311020167177421536e+00,1.306597738139495535e+00,1.305258829871458470e+00,1.308169676901001388e+00
2.048300027847290039e+00,1.310552112682581871e+00,1.306131028769294877e+00,1.304791948035691762e+00,1.307702866191820856e+00
2.048599958419799805e+00,1.310085380919017162e+00,1.305664660571530300e+00,1.304325453980219152e+00,1.307238813983539805e+00
2.048899888992309570e+00,1.309618530449361051e+00,1.305198935944012373e+00,1.303860344109147196e+00,1.306774412052243317e+00
2.049200057983398438e+00,1.309153876999694655e+00,1.304734721774567952e+00,1.303396166904960074e+00,1.306311643247420662e+00
2.049499988555908203e+00,1.308689419631679174e+00,1.304271251297578260e+00,1.302932842555406534e+00,1.305849100025349374e+00
2.049799919128417969e+00,1.308226856358381873e+00,1.303809602785581667e+00,1.302471944489632438e+00,1.305387927874981813e+00
2.050100088119506836e+00,1.307764883176678383e+00,1.303348161439724651e+00,1.302010326890670200e+00,1.304927901556794723e+00
2.050400018692016602e+00,1.307304464694586166e+00,1.302889045397344292e+00,1.301549112623510362e+00,1.304468954016881010e+00
2.050699949264526367e+00,1.306843223201124227e+00,1.302428571179572669e+00,1.301090183899641595e+00,1.304009661869203418e+00
2.051000118255615234e+00,1.306384913649011104e+00,1.301970931092421901e+00,1.300632755999520995e+00,1.303554346105135764e+00
2.051300048828125000e+00,1.305927168639871017e+00,1.301514352363435600e+00,1.300175462327888498e+00,1.303096889089944366e+00
2.051599979400634766e+00,1.305470527802354619e+00,1.301057867152636272e+00,1.299720024430337073e+00,1.302641350860743508e+00
2.051899909973144531e+00,1.305014375576030616e+00,1.300603482658813537e+00,1.299264723756191620e+00,1.302188763775906866e+00
2.052200078964233398e+00,1.304559147479413816e+00,1.300149082771869136e+00,1.298810528523442809e+00,1.301735386023008090e+00
2.052500009536743164e+00,1.304105474616703342e+00,1.299695032203264322e+00,1.298357137813943574e+00,1.301283275754587576e+00
2.052799940109252930e+00,1.303652208233285537e+00,1.299243392497497318e+00,1.297905347321425484e+00,1.300831833912724722e+00
2.053100109100341797e+00,1.303200646978105670e+00,1.298792605718510851e+00,1.297454573862052429e+00,1.300382124380145887e+00
2.053400039672851562e+00,1.302749979062854058e+00,1.298342697092118581e+00,1.297003934520239099e+00,1.299932672201959072e+00
2.053699970245361328e+00,1.302299889652579257e+00,1.297892447143665917e+00,1.296554929478235696e+00,1.299484426422374606e+00
2.053999900817871094e+00,1.301850557146209120e+00,1.297445314980397724e+00,1.296107267961903453e+00,1.299037603414685549e+00
2.054300069808959961e+00,1.301402111432741648e+00,1.296997272237345955e+00,1.295659728385382348e+00,1.298592411020037529e+00
2.054600000381469727e+00,1.300956582229954694e+00,1.296551995807388558e+00,1.295213339218896920e+00,1.298147280972946405e+00
2.054899930953979492e+00,1.300510504316690019e+00,1.296106335949568367e+00,1.294769550285479021e+00,1.297702920685290584e+00
2.055200099945068359e+00,1.300066545373021132e+00,1.295662340258459944e+00,1.294325532013946845e+00,1.297258723918275569e+00
2.055500030517578125e+00,1.299621188152261908e+00,1.295219844779651464e+00,1.293881861037211589e+00,1.296816643263448032e+00
2.055799961090087891e+00,1.299179045972851609e+00,1.294777090301895583e+00,1.293439851438949351e+00,1.296375174126884966e+00
2.056099891662597656e+00,1.298736705988473794e+00,1.294335841133558596e+00,1.292998918391037755e+00,1.295935631944886701e+00
2.056400060653686523e+00,1.298295154572781884e+00,1.293896527169158706e+00,1.292558755395232239e+00,1.295496646056199186e+00
2.056699991226196289e+00,1.297855384088130171e+00,1.293456537031456355e+00,1.292119266009698064e+00,1.295058008383178194e+00
2.056999921798706055e+00,1.297415893141412813e+00,1.293018729527091404e+00,1.291681843420466436e+00,1.294620768144125522e+00
2.057300090789794922e+00,1.296978664145818527e+00,1.292581022729907048e+00,1.291244527824150889e+00,1.294183858087806005e+00
2.057600021362304688e+00,1.296541265425482425e+00,1.292144628669032125e+00,1.290807842825508089e+00,1.293749274570146213e+00
2.057899951934814453e+00,1.296105927792743362e+00,1.291709392393521894e+00,1.290372357315123564e+00,1.293315340440883920e+00
2.058199882507324219e+00,1.295670153242132416e+00,1.291275184862475278e+00,1.289938526098193705e+00,1.292881788877064730e+00
2.058500051498413086e+00,1.295236225552849785e+00,1.290841272075223145e+00,1.289505213358279612e+00,1.292449543893263719e+00
2.058799982070922852e+00,1.294802676789806206e+00,1.290409090411043014e+00,1.289072789332686764e+00,1.292018461967959109e+00
2.059099912643432617e+00,1.294371117253579229e+00,1.289977702853363439e+00,1.288641895390117975e+00,1.291587510554853324e+00
2.059400081634521484e+00,1.293939156559489545e+00,1.289547081383975780e+00,1.288211352463883852e+00,1.291158568881254576e+00
2.059700012207031250e+00,1.293508759199971658e+00,1.289118420511116136e+00,1.287782083353584683e+00,1.290729524909253190e+00
2.059999942779541016e+00,1.293079245699334523e+00,1.288689615843572556e+00,1.287353225933372869e+00,1.290302402076196397e+00
2.060300111770629883e+00,1.292651827673024778e+00,1.288261268311457375e+00,1.286926155610502498e+00,1.289876420245085864e+00
2.060600042343139648e+00,1.292223816817292592e+00,1.287835844004056041e+00,1.286499852868741245e+00,1.289450000946220642e+00
2.060899972915649414e+00,1.291797342268917959e+00,1.287409311038063553e+00,1.286073488318385305e+00,1.289025946422573954e+00
2.061199903488159180e+00,1.291372439101790226e+00,1.286985047553174111e+00,1.285648592729251805e+00,1.288602322641118070e+00
2.061500072479248047e+00,1.290947784779685747e+00,1.286561127185940734e+00,1.285226456166927766e+00,1.288179543795988646e+00
2.061800003051757812e+00,1.290524212032574614e+00,1.286137342817863738e+00,1.284802032565162122e+00,1.287757934154708517e+00
2.062099933624267578e+00,1.290102369366240787e+00,1.285715848860030874e+00,1.284381093379733940e+00,1.287337531370313037e+00
2.062400102615356445e+00,1.289680010833548884e+00,1.285294942447292588e+00,1.283960487400305439e+00,1.286917822196565808e+00
2.062700033187866211e+00,1.289259334768012799e+00,1.284875454399218020e+00,1.283540725993498999e+00,1.286499355275615430e+00
2.062999963760375977e+00,1.288840263697610178e+00,1.284455967091206574e+00,1.283121628515254020e+00,1.286080269063110348e+00
2.063299894332885742e+00,1.288421304051458272e+00,1.284037699708245217e+00,1.282703394489500548e+00,1.285663544118366142e+00
2.063600063323974609e+00,1.288004111879313296e+00,1.283620897063852517e+00,1.282286885971811508e+00,1.285248080336563126e+00
2.063899993896484375e+00,1.287586749568380373e+00,1.283205493175420875e+00,1.281870871728989947e+00,1.284832399339718156e+00
2.064199924468994141e+00,1.287170066942119995e+00,1.282789986368721102e+00,1.281455483981831511e+00,1.284418603092962519e+00
2.064500093460083008e+00,1.286755039454163363e+00,1.282375425478975428e+00,1.281041685221493642e+00,1.284005517438448818e+00
2.064800024032592773e+00,1.286341648575090924e+00,1.281962522668014026e+00,1.280628729485351558e+00,1.283593388977072536e+00
2.065099954605102539e+00,1.285928646159970379e+00,1.281550197793841717e+00,1.280216493344156437e+00,1.283182008012923037e+00
2.065399885177612305e+00,1.285516748461944525e+00,1.281138384584328715e+00,1.279805849881157531e+00,1.282771541931360337e+00
2.065700054168701172e+00,1.285104391187021022e+00,1.280728081268128982e+00,1.279395173003036179e+00,1.282362255757993674e+00
2.065999984741210938e+00,1.284694379459230484e+00,1.280317727052778798e+00,1.278985353212147569e+00,1.281954527683059064e+00
2.066299915313720703e+00,1.284284586222813607e+00,1.279909564017650769e+00,1.278577078451727855e+00,1.281546572737373602e+00
2.066600084304809570e+00,1.283876496741433559e+00,1.279502347166723730e+00,1.278169218563128151e+00,1.281139726700590842e+00
2.066900014877319336e+00,1.283468863300968987e+00,1.279094514858800880e+00,1.277763558243892872e+00,1.280734368161332792e+00
2.067199945449829102e+00,1.283062981834942384e+00,1.278689231556294104e+00,1.277357233446938745e+00,1.280330073466277252e+00
2.067500114440917969e+00,1.282656931696847469e+00,1.278284232128858111e+00,1.276952389871637505e+00,1.279925127934906426e+00
2.067800045013427734e+00,1.282252379302591061e+00,1.277880604693719446e+00,1.276549728071776579e+00,1.279522560840437251e+00
2.068099975585937500e+00,1.281848997210371932e+00,1.277477056064039385e+00,1.276146650010396399e+00,1.279121103262263803e+00
2.068399906158447266e+00,1.281446052252785739e+00,1.277075144244117721e+00,1.275744358294887082e+00,1.278719266674055666e+00
2.068700075149536133e+00,1.281044690064023550e+00,1.276673558977687861e+00,1.275343109693498178e+00,1.278319894849276883e+00
2.069000005722045898e+00,1.280643417219674562e+00,1.276273329807227075e+00,1.274943148966978246e+00,1.277920650633901367e+00
2.069299936294555664e+00,1.280243400766285733e+00,1.275874280710821651e+00,1.274544255713079499e+00,1.277522162703984776e+00
2.069600105285644531e+00,1.279843797247597781e+00,1.275476134760392455e+00,1.274145739590740734e+00,1.277125140526129687e+00
2.069900035858154297e+00,1.279445820750453766e+00,1.275078906956882419e+00,1.273749314546494205e+00,1.276729602454636847e+00
2.070199966430664062e+00,1.279048493448858848e+00,1.274681623429646748e+00,1.273352429866417612e+00,1.276333857129519300e+00
2.070499897003173828e+00,1.278652013756456540e+00,1.274285209690385834e+00,1.272956078328848495e+00,1.275938950162746277e+00
2.070800065994262695e+00,1.278256534582121073e+00,1.273891299478801642e+00,1.272561669629953762e+00,1.275545087545325362e+00
2.071099996566772461e+00,1.277862397222060853e+00,1.273497139390717958e+00,1.272168506607196381e+00,1.275153139591180818e+00
2.071399927139282227e+00,1.277468914663468347e+00,1.273104333072740513e+00,1.271776065651154308e+00,1.274760871439323928e+00
2.071700096130371094e+00,1.277075378668087957e+00,1.272712791010443212e+00,1.271383697711696126e+00,1.274370213149141007e+00
2.072000026702880859e+00,1.276683402241912457e+00,1.272320853878478930e+00,1.270992811326278282e+00,1.273979813018672802e+00
2.072299957275390625e+00,1.276293533144350789e+00,1.271931550472065631e+00,1.270602919273689846e+00,1.273590864317779126e+00
2.072599887847900391e+00,1.275903701565598292e+00,1.271541257836006134e+00,1.270213933282232421e+00,1.273202770166169895e+00
2.072900056838989258e+00,1.275514810813198840e+00,1.271153575583993334e+00,1.269825501937745571e+00,1.272815833438561750e+00
2.073199987411499023e+00,1.275125943298339726e+00,1.270765900915495461e+00,1.269438146779860999e+00,1.272430082909009830e+00
2.073499917984008789e+00,1.274738850465648499e+00,1.270378772009375545e+00,1.269052196170739943e+00,1.272043768678363218e+00
2.073800086975097656e+00,1.274352413051166533e+00,1.269993599448969723e+00,1.268667334778218247e+00,1.271659802999500766e+00
2.074100017547607422e+00,1.273967347249085780e+00,1.269608483952955336e+00,1.268282239645500908e+00,1.271275404144163623e+00
2.074399948120117188e+00,1.273582315639132601e+00,1.269225606907225412e+00,1.267898268651459937e+00,1.270893783153920209e+00
2.074700117111206055e+00,1.273199034370549043e+00,1.268842084888885724e+00,1.267515835691833903e+00,1.270511520409039363e+00
2.075000047683715820e+00,1.272816071293124907e+00,1.268460554895725512e+00,1.267134055409768312e+00,1.270130634601332131e+00
2.075299978256225586e+00,1.272433682071017813e+00,1.268078552738050258e+00,1.266752802223324093e+00,1.269751488764058189e+00
2.075599908828735352e+00,1.272053545118753792e+00,1.267698688380789473e+00,1.266372493295625512e+00,1.269371427554574439e+00
2.075900077819824219e+00,1.271673285163113176e+00,1.267319230480317582e+00,1.265993396703897433e+00,1.268993458042593669e+00
2.076200008392333984e+00,1.271293762673905148e+00,1.266940351501064432e+00,1.265616292755436856e+00,1.268615690715213296e+00
2.076499938964843750e+00,1.270916299203050048e+00,1.266562658790753471e+00,1.265238369529364970e+00,1.268238981128411380e+00
2.076800107955932617e+00,1.270539076239071363e+00,1.266186212301175784e+00,1.264861917802810432e+00,1.267864170222416043e+00
2.077100038528442383e+00,1.270161943505998980e+00,1.265810079647779585e+00,1.264486915053367078e+00,1.267489288638938838e+00
2.077399969100952148e+00,1.269785799519878244e+00,1.265435095377289487e+00,1.264111318588503341e+00,1.267116106536256392e+00
2.077699899673461914e+00,1.269411570632481556e+00,1.265060790118532452e+00,1.263738325219348813e+00,1.266742654255831324e+00
2.078000068664550781e+00,1.269037889394127649e+00,1.264688031155252412e+00,1.263365294050265319e+00,1.266371061870709136e+00
2.078299999237060547e+00,1.268665250425023094e+00,1.264315196052161472e+00,1.262992445686358156e+00,1.265999760440084998e+00
2.078599929809570312e+00,1.268293538339738458e+00,1.263944483092981352e+00,1.262622062932030831e+00,1.265629526256248916e+00
2.078900098800659180e+00,1.267921831465537164e+00,1.263574304897622458e+00,1.262252322626669976e+00,1.265260525286155513e+00
2.079200029373168945e+00,1.267550527353535905e+00,1.263204342616292220e+00,1.261882206636088855e+00,1.264892874266890566e+00
2.079499959945678711e+00,1.267182302409980421e+00,1.262835944398532195e+00,1.261513601581340849e+00,1.264524534656333188e+00
2.079799890518188477e+00,1.266813896942560413e+00,1.262467640554883808e+00,1.261145058888823112e+00,1.264158297139501785e+00
2.080100059509277344e+00,1.266445925013289786e+00,1.262100131193768959e+00,1.260779700655792812e+00,1.263792347004621508e+00
2.080399990081787109e+00,1.266079248248692668e+00,1.261733255296726863e+00,1.260413609078619990e+00,1.263427923897162408e+00
2.080699920654296875e+00,1.265713653388741422e+00,1.261368386731661628e+00,1.260048664925670359e+00,1.263063275865939916e+00
2.081000089645385742e+00,1.265348626731663373e+00,1.261004463476715687e+00,1.259683582328480878e+00,1.262700173185195895e+00
2.081300020217895508e+00,1.264984149392630597e+00,1.260640739975944724e+00,1.259321231103341709e+00,1.262337922229296527e+00
2.081599950790405273e+00,1.264621588038290279e+00,1.260277309785506672e+00,1.258959651524327317e+00,1.261976469032332293e+00
2.081899881362915039e+00,1.264258835735705189e+00,1.259916393815934343e+00,1.258597757729462474e+00,1.261616716031210617e+00
2.082200050354003906e+00,1.263896041126568504e+00,1.259556098785427958e+00,1.258237403182782321e+00,1.261255587213485629e+00
2.082499980926513672e+00,1.263536255311271006e+00,1.259196073352395251e+00,1.257877945579777723e+00,1.260897348959074016e+00
2.082799911499023438e+00,1.263177472027927850e+00,1.258836080110450784e+00,1.257518227221231744e+00,1.260538609189586712e+00
2.083100080490112305e+00,1.262816880305911216e+00,1.258477341058147569e+00,1.257160568765818498e+00,1.260182806295952584e+00
2.083400011062622070e+00,1.262458801184637158e+00,1.258121239548356751e+00,1.256804116195388010e+00,1.259825826136248939e+00
2.083699941635131836e+00,1.262102352405560568e+00,1.257763808276209705e+00,1.256447185296927227e+00,1.259470257707102636e+00
2.084000110626220703e+00,1.261745577926412398e+00,1.257408229825978330e+00,1.256091525102660977e+00,1.259116311573555524e+00
2.084300041198730469e+00,1.261391308748336826e+00,1.257052614385834266e+00,1.255737142860435807e+00,1.258762350869644608e+00
2.084599971771240234e+00,1.261035185252874280e+00,1.256699019975847653e+00,1.255383870388875778e+00,1.258409687191580861e+00
2.084899902343750000e+00,1.260681733874358335e+00,1.256346204119694665e+00,1.255031593761897657e+00,1.258057779796531328e+00
2.085200071334838867e+00,1.260329753991255020e+00,1.255993527091754158e+00,1.254678644172974700e+00,1.257706392227051939e+00
2.085500001907348633e+00,1.259977915852449337e+00,1.255642203844816507e+00,1.254327569928804564e+00,1.257356525604738540e+00
2.085799932479858398e+00,1.259626323870920217e+00,1.255291393668982458e+00,1.253978654950896665e+00,1.257006959118141198e+00
2.086100101470947266e+00,1.259275856857978715e+00,1.254942095440146232e+00,1.253629270521512185e+00,1.256658646015458736e+00
2.086400032043457031e+00,1.258926078086126887e+00,1.254593307952568626e+00,1.253280187979510796e+00,1.256311168030914915e+00
2.086699962615966797e+00,1.258577725330805253e+00,1.254245055326399738e+00,1.252932469332928234e+00,1.255964266617596525e+00
2.086999893188476562e+00,1.258229888010687914e+00,1.253896774715141049e+00,1.252585108254035129e+00,1.255619031559318088e+00
2.087300062179565430e+00,1.257882528120636056e+00,1.253551847003210096e+00,1.252239291092816842e+00,1.255274030277954811e+00
2.087599992752075195e+00,1.257537043587617864e+00,1.253206800488431139e+00,1.251894370817735247e+00,1.254928684297942354e+00
2.087899923324584961e+00,1.257191340601387264e+00,1.252861388075489302e+00,1.251549619544984893e+00,1.254586929538100692e+00
2.088200092315673828e+00,1.256847312552155316e+00,1.252517417332782212e+00,1.251206308245705667e+00,1.254243066781179472e+00
2.088500022888183594e+00,1.256503697199382374e+00,1.252174382538322472e+00,1.250863780515881984e+00,1.253902812329502403e+00
2.088799953460693359e+00,1.256160866136050380e+00,1.251832932547018551e+00,1.250521873193062516e+00,1.253561888011864633e+00
2.089099884033203125e+00,1.255819423540111890e+00,1.251491276193865243e+00,1.250181153713109339e+00,1.253220547119884287e+00
2.089400053024291992e+00,1.255478075711733643e+00,1.251151083287638688e+00,1.249841549538734720e+00,1.252882372424440005e+00
2.089699983596801758e+00,1.255136926012842880e+00,1.250811733424075811e+00,1.249502154983422209e+00,1.252543580816296576e+00
2.089999914169311523e+00,1.254798491746194067e+00,1.250472828943964609e+00,1.249163460253565505e+00,1.252206564133960587e+00
2.090300083160400391e+00,1.254459370239471738e+00,1.250135658947884476e+00,1.248826184072339585e+00,1.251870162848916390e+00
2.090600013732910156e+00,1.254122197751392553e+00,1.249797761082054093e+00,1.248490155173857641e+00,1.251534281693937434e+00
2.090899944305419922e+00,1.253785378259686611e+00,1.249461678853214908e+00,1.248154086845798538e+00,1.251199745976674604e+00
2.091200113296508789e+00,1.253449388488894201e+00,1.249126263630788936e+00,1.247819055638020203e+00,1.250865358314214859e+00
2.091500043869018555e+00,1.253114600002771972e+00,1.248791655705491666e+00,1.247484694957134543e+00,1.250531769361337364e+00
2.091799974441528320e+00,1.252779863466477295e+00,1.248457715293191050e+00,1.247151299313778106e+00,1.250198888378617701e+00
2.092099905014038086e+00,1.252446106841756945e+00,1.248125005151773603e+00,1.246818626495029614e+00,1.249867844650465409e+00
2.092400074005126953e+00,1.252114172154029870e+00,1.247792840000848891e+00,1.246486681035131383e+00,1.249537291964790242e+00
2.092700004577636719e+00,1.251783024355147766e+00,1.247461925863325938e+00,1.246155581725150396e+00,1.249206853008806961e+00
2.092999935150146484e+00,1.251451156439308932e+00,1.247131166114537004e+00,1.245826188348382102e+00,1.248877605938730762e+00
2.093300104141235352e+00,1.251121464203732714e+00,1.246801328164226730e+00,1.245498222240960740e+00,1.248549006988934229e+00
2.093600034713745117e+00,1.250792274774624513e+00,1.246473681857110050e+00,1.245169006770880937e+00,1.248222190990374347e+00
2.093899965286254883e+00,1.250463483733113002e+00,1.246144745307740109e+00,1.244841541514122962e+00,1.247894855278556259e+00
2.094199895858764648e+00,1.250135656876369517e+00,1.245818246171142452e+00,1.244514189706200424e+00,1.247569427453715019e+00
2.094500064849853516e+00,1.249808682358896306e+00,1.245491882068310963e+00,1.244189219175798389e+00,1.247244149389403534e+00
2.094799995422363281e+00,1.249482369169571117e+00,1.245166545944263348e+00,1.243863983038817178e+00,1.246919871029598337e+00
2.095099925994873047e+00,1.249157655426613278e+00,1.244841737747667043e+00,1.243539371807065308e+00,1.246597987327463297e+00
2.095400094985961914e+00,1.248833691581181737e+00,1.244518130427172409e+00,1.243216576312840216e+00,1.246275098280584359e+00
2.095700025558471680e+00,1.248509084331720365e+00,1.244195611196457385e+00,1.242893353973207216e+00,1.245953725194586470e+00
2.095999956130981445e+00,1.248186565186836461e+00,1.243872711698944533e+00,1.242571960190488323e+00,1.245631684479646895e+00
2.096299886703491211e+00,1.247864670228115092e+00,1.243552086296606074e+00,1.242250691411302066e+00,1.245312225724776845e+00
2.096600055694580078e+00,1.247543474467289304e+00,1.243230636656611043e+00,1.241931344160000394e+00,1.244992923293681608e+00
2.096899986267089844e+00,1.247223564856747791e+00,1.242911226367410471e+00,1.241611469080422747e+00,1.244673750650493238e+00
2.097199916839599609e+00,1.246903391778437564e+00,1.242591482462230834e+00,1.241293278389441257e+00,1.244356347193054324e+00
2.097500085830688477e+00,1.246585468315152267e+00,1.242273492345301600e+00,1.240975868052930586e+00,1.244041122599421456e+00
2.097800016403198242e+00,1.246266714661028008e+00,1.241956752912720230e+00,1.240658995051915792e+00,1.243724622605796748e+00
2.098099946975708008e+00,1.245950190355869625e+00,1.241640117018149692e+00,1.240342184928151514e+00,1.243408392621659031e+00
2.098400115966796875e+00,1.245634755512244007e+00,1.241323943755679116e+00,1.240027306663613826e+00,1.243094510074875592e+00
2.098700046539306641e+00,1.245319278626813242e+00,1.241009689881048095e+00,1.239713130106783856e+00,1.242780481383798596e+00
2.098999977111816406e+00,1.245003956942086099e+00,1.240695845787131324e+00,1.239399731717302222e+00,1.242468151032217083e+00
2.099299907684326172e+00,1.244690671282835615e+00,1.240383463934014996e+00,1.239086631546401751e+00,1.242156071869097378e+00
2.099600076675415039e+00,1.244377550933565502e+00,1.240071004291053658e+00,1.238773659710150854e+00,1.241845806018380127e+00
2.099900007247924805e+00,1.244065163860908818e+00,1.239758333270957635e+00,1.238463760750176723e+00,1.241534206671585316e+00
2.100199937820434570e+00,1.243752912667217325e+00,1.239447082274706791e+00,1.238152136369466749e+00,1.241225530828794277e+00
2.100500106811523438e+00,1.243442865949261567e+00,1.239137710117974134e+00,1.237843790018218870e+00,1.240915938475534830e+00
2.100800037384033203e+00,1.243133373647545614e+00,1.238828465265324086e+00,1.237534295882370738e+00,1.240608172538836040e+00
2.101099967956542969e+00,1.242823545071794378e+00,1.238519777044244430e+00,1.237226840753978374e+00,1.240300948145542481e+00
2.101399898529052734e+00,1.242515309683302815e+00,1.238212508361793640e+00,1.236920264717052742e+00,1.239995248846823328e+00
2.101700067520141602e+00,1.242207926094792025e+00,1.237905633083860701e+00,1.236613528728721434e+00,1.239689423920427025e+00
2.101999998092651367e+00,1.241901978269432050e+00,1.237599768916781251e+00,1.236307131954661243e+00,1.239384619163342638e+00
2.102299928665161133e+00,1.241596502251598455e+00,1.237294588777776205e+00,1.236003082931477870e+00,1.239080731690194392e+00
2.102600097656250000e+00,1.241290507015601952e+00,1.236990420148167180e+00,1.235699242859816804e+00,1.238777516917796362e+00
2.102900028228759766e+00,1.240986978121909390e+00,1.236686396223712237e+00,1.235395509185978291e+00,1.238475682073207240e+00
2.103199958801269531e+00,1.240682691585929476e+00,1.236383248427229020e+00,1.235094103556746203e+00,1.238173903876193638e+00
2.103499889373779297e+00,1.240380820657511984e+00,1.236081496529706003e+00,1.234791683836277576e+00,1.237873641686413118e+00
2.103800058364868164e+00,1.240078977243229907e+00,1.235779909432905166e+00,1.234491396765529991e+00,1.237573491115307345e+00
2.104099988937377930e+00,1.239778644126142471e+00,1.235479084609674816e+00,1.234191080784924344e+00,1.237273497415008361e+00
2.104399919509887695e+00,1.239477960232967746e+00,1.235179573094284056e+00,1.233891916767031249e+00,1.236974866951394914e+00
2.104700088500976562e+00,1.239178595449043740e+00,1.234881074398598511e+00,1.233593701743970206e+00,1.236677760115062696e+00
2.105000019073486328e+00,1.238879989904288825e+00,1.234583361501752963e+00,1.233295965341016265e+00,1.236381115890834659e+00
2.105299949645996094e+00,1.238580943020789693e+00,1.234285852657552418e+00,1.232999175928482183e+00,1.236085655698442531e+00
2.105600118637084961e+00,1.238284188684957599e+00,1.233989646466202350e+00,1.232702801720670926e+00,1.235790196354196624e+00
2.105900049209594727e+00,1.237987855265737069e+00,1.233694101261483711e+00,1.232407722356792856e+00,1.235495866835146117e+00
2.106199979782104492e+00,1.237691768834579431e+00,1.233399146240753641e+00,1.232113179658711033e+00,1.235201527606162086e+00
2.106499910354614258e+00,1.237397672878776334e+00,1.233104176321849099e+00,1.231819789890850281e+00,1.234909339192167721e+00
2.106800079345703125e+00,1.237103048924785842e+00,1.232811012069661372e+00,1.231526439871486911e+00,1.234617112362346614e+00
2.107100009918212891e+00,1.236810412383608337e+00,1.232518294525495772e+00,1.231234239651574303e+00,1.234325771099869851e+00
2.107399940490722656e+00,1.236518840463054270e+00,1.232225457972274896e+00,1.230943582907364275e+00,1.234035028981339988e+00
2.107700109481811523e+00,1.236226735654790021e+00,1.231935317345144831e+00,1.230653238805711869e+00,1.233745754215803458e+00
2.108000040054321289e+00,1.235935701132916842e+00,1.231645177847716432e+00,1.230362888942377442e+00,1.233456650325371440e+00
2.108299970626831055e+00,1.235645352631574934e+00,1.231354918993105230e+00,1.230073785862516811e+00,1.233167611176032796e+00
2.108599901199340820e+00,1.235356407416251079e+00,1.231066955447571498e+00,1.229786113713374984e+00,1.232880338010654331e+00
2.108900070190429688e+00,1.235067599753255863e+00,1.230778600285444169e+00,1.229498084187355955e+00,1.232594070709611911e+00
2.109200000762939453e+00,1.234779621832997831e+00,1.230491871377788149e+00,1.229210936763658779e+00,1.232307728266129665e+00
2.109499931335449219e+00,1.234492996223833128e+00,1.230205748901504803e+00,1.228925631624491421e+00,1.232022445063899241e+00
2.109800100326538086e+00,1.234206639266221650e+00,1.229919703737078374e+00,1.228640511248416001e+00,1.231738554696417687e+00
2.110100030899047852e+00,1.233921156677639130e+00,1.229634821002331346e+00,1.228355866785994843e+00,1.231454927441295366e+00
2.110399961471557617e+00,1.233637041896993747e+00,1.229350981436271972e+00,1.228073171471937952e+00,1.231172100707824457e+00
2.110699892044067383e+00,1.233353145000977369e+00,1.229068391821914963e+00,1.227790495152265571e+00,1.230890275839543246e+00
2.111000061035156250e+00,1.233069853989453124e+00,1.228785422072444344e+00,1.227507937071276922e+00,1.230609622180935503e+00
2.111299991607666016e+00,1.232787309426236488e+00,1.228503293297377175e+00,1.227226601408360152e+00,1.230328945531208529e+00
2.111599922180175781e+00,1.232504883828801967e+00,1.228222294055058006e+00,1.226946636055829654e+00,1.230047869322614451e+00
2.111900091171264648e+00,1.232224272719834257e+00,1.227941941635757761e+00,1.226666645371123909e+00,1.229770239391992259e+00
2.112200021743774414e+00,1.231945521573808655e+00,1.227662646278991021e+00,1.226388054820900964e+00,1.229491932253334641e+00
2.112499952316284180e+00,1.231665551407731485e+00,1.227384263214453375e+00,1.226109118410338095e+00,1.229214737331855822e+00
2.112799882888793945e+00,1.231386924226525847e+00,1.227106523866902998e+00,1.225832015511906459e+00,1.228938269353468726e+00
2.113100051879882812e+00,1.231109822491613048e+00,1.226828490720935028e+00,1.225555699860797487e+00,1.228662418075693763e+00
2.113399982452392578e+00,1.230832002071926334e+00,1.226552815401507956e+00,1.225279189292544757e+00,1.228387160924462540e+00
2.113699913024902344e+00,1.230556278480254617e+00,1.226277657261094722e+00,1.225004206460880818e+00,1.228112163344197594e+00
2.114000082015991211e+00,1.230280200199054041e+00,1.226001919084208636e+00,1.224730007740418625e+00,1.227838991409688996e+00
2.114300012588500977e+00,1.230005730598878966e+00,1.225728641721437029e+00,1.224456387232192967e+00,1.227566481567053502e+00
2.114599943161010742e+00,1.229732197501826274e+00,1.225454674817230138e+00,1.224183094517190096e+00,1.227293583699337720e+00
2.114900112152099609e+00,1.229459254760047582e+00,1.225182212238343116e+00,1.223911469468903723e+00,1.227022218161495593e+00
2.115200042724609375e+00,1.229185799363065712e+00,1.224910518899421596e+00,1.223639819236728377e+00,1.226752424011383624e+00
2.115499973297119141e+00,1.228914988818352372e+00,1.224638697001343202e+00,1.223370200349461312e+00,1.226481828010260733e+00
2.115799903869628906e+00,1.228644020441322038e+00,1.224369293635898748e+00,1.223099674768646006e+00,1.226212887697445186e+00
2.116100072860717773e+00,1.228374666876492993e+00,1.224099168281606254e+00,1.222830807450042467e+00,1.225944863545246566e+00
2.116400003433227539e+00,1.228104224598122185e+00,1.223830337258802192e+00,1.222562248643634941e+00,1.225676926261912270e+00
2.116699934005737305e+00,1.227835464183889336e+00,1.223562340542659221e+00,1.222294654102734857e+00,1.225410315287216445e+00
2.117000102996826172e+00,1.227567760460982260e+00,1.223294798272370754e+00,1.222028332527236083e+00,1.225143412467248227e+00
2.117300033569335938e+00,1.227300177925413127e+00,1.223028730164934963e+00,1.221761275089880083e+00,1.224878827996496611e+00
2.117599964141845703e+00,1.227034237099855707e+00,1.222762771013444549e+00,1.221496663790784476e+00,1.224614396887672374e+00
2.117899894714355469e+00,1.226767933882771722e+00,1.222497498787693981e+00,1.221231579696348213e+00,1.224350988447867383e+00
2.118200063705444336e+00,1.226503166175902937e+00,1.222232890505518643e+00,1.220968220706062146e+00,1.224087369117363044e+00
2.118499994277954102e+00,1.226239026576823710e+00,1.221969558531740496e+00,1.220705395320489162e+00,1.223825214187631794e+00
2.118799924850463867e+00,1.225975286164687983e+00,1.221706646788980555e+00,1.220442878283063637e+00,1.223563634074040340e+00
2.119100093841552734e+00,1.225712819671074039e+00,1.221444731436920117e+00,1.220181665638690793e+00,1.223301976644457278e+00
2.119400024414062500e+00,1.225451818485466138e+00,1.221183101224083245e+00,1.219920275633559648e+00,1.223041631476970981e+00
2.119699954986572266e+00,1.225189788746517072e+00,1.220922760784948657e+00,1.219659993422327116e+00,1.222783589195217901e+00
2.119999885559082031e+00,1.224929661616815713e+00,1.220661769987344547e+00,1.219400923839497386e+00,1.222524516817249163e+00
2.120300054550170898e+00,1.224670003298349741e+00,1.220403350533164177e+00,1.219142453226510714e+00,1.222266435300345844e+00
2.120599985122680664e+00,1.224410507293267170e+00,1.220144715184426465e+00,1.218885015670408078e+00,1.222009495810828739e+00
2.120899915695190430e+00,1.224152683347045079e+00,1.219887280750177272e+00,1.218627553916036721e+00,1.221752781994695836e+00
2.121200084686279297e+00,1.223894717311104108e+00,1.219630287686619852e+00,1.218370620190893705e+00,1.221498237792448371e+00
2.121500015258789062e+00,1.223637654017630805e+00,1.219374599672990112e+00,1.218115850508053821e+00,1.221242719071919725e+00
2.121799945831298828e+00,1.223382765247234882e+00,1.219118902680092598e+00,1.217861091195398426e+00,1.220988624100289188e+00
2.122100114822387695e+00,1.223127109637404564e+00,1.218863734034668189e+00,1.217605929753454941e+00,1.220734816921612120e+00
2.122400045394897461e+00,1.222872386391833821e+00,1.218609885734835308e+00,1.217353126838090605e+00,1.220482730423785300e+00
2.122699975967407227e+00,1.222618277492783623e+00,1.218357438606601173e+00,1.217100707333194531e+00,1.220230196303962789e+00
2.122999906539916992e+00,1.222364889346686079e+00,1.218104469576693827e+00,1.216848983387157412e+00,1.219978684507474931e+00
2.123300075531005859e+00,1.222112939832751710e+00,1.217853286862583095e+00,1.216597272431265919e+00,1.219728614685840373e+00
2.123600006103515625e+00,1.221861386544228489e+00,1.217602345097729133e+00,1.216346864354524548e+00,1.219478298657219018e+00
2.123899936676025391e+00,1.221610838395613907e+00,1.217351763199101766e+00,1.216096470972920729e+00,1.219229918000747759e+00
2.124200105667114258e+00,1.221360000148269620e+00,1.217101870981184941e+00,1.215848476466825145e+00,1.218981294608541432e+00
2.124500036239624023e+00,1.221110462511508121e+00,1.216853556809742942e+00,1.215599880562383106e+00,1.218734121126265668e+00
2.124799966812133789e+00,1.220861982475544671e+00,1.216605731860574746e+00,1.215352670196958806e+00,1.218486649461579585e+00
2.125099897384643555e+00,1.220614214522837582e+00,1.216357346441877096e+00,1.215105460067139598e+00,1.218240643427727532e+00
2.125400066375732422e+00,1.220366726224819454e+00,1.216110905903256434e+00,1.214859003677881466e+00,1.217995479517045343e+00
2.125699996948242188e+00,1.220120260794083311e+00,1.215864663697877379e+00,1.214613927725711973e+00,1.217751020854640487e+00
2.125999927520751953e+00,1.219874316757945554e+00,1.215620193843249375e+00,1.214369237515413813e+00,1.217507203782038250e+00
2.126300096511840820e+00,1.219630162661634820e+00,1.215376260992287794e+00,1.214125362000710640e+00,1.217263605388298808e+00
2.126600027084350586e+00,1.219385177442980916e+00,1.215132736158570648e+00,1.213882137942964512e+00,1.217020676437321258e+00
2.126899957656860352e+00,1.219141162241906606e+00,1.214888608207336684e+00,1.213640356196425296e+00,1.216779710139441306e+00
2.127199888229370117e+00,1.218898821354759132e+00,1.214647267367926275e+00,1.213397759656822839e+00,1.216538073068606618e+00
2.127500057220458984e+00,1.218655928635739683e+00,1.214404686829864355e+00,1.213156836937289373e+00,1.216298351564591984e+00
2.127799987792968750e+00,1.218415056716366296e+00,1.214164040167198477e+00,1.212916145829596282e+00,1.216057944815012393e+00
2.128099918365478516e+00,1.218173997180159951e+00,1.213924147455213820e+00,1.212677735451843208e+00,1.215819811845949783e+00
2.128400087356567383e+00,1.217934029502209192e+00,1.213685089024405750e+00,1.212438259925829431e+00,1.215581778731948503e+00
2.128700017929077148e+00,1.217695102926438899e+00,1.213446319077802427e+00,1.212199994297962435e+00,1.215343620436711625e+00
2.128999948501586914e+00,1.217456219980325161e+00,1.213208475830458433e+00,1.211962835328600940e+00,1.215106595817776025e+00
2.129300117492675781e+00,1.217218331298590250e+00,1.212970433200167397e+00,1.211726076743398162e+00,1.214871660762516958e+00
2.129600048065185547e+00,1.216981692987023411e+00,1.212733912242102363e+00,1.211490362824412026e+00,1.214635189499393642e+00
2.129899978637695312e+00,1.216745303246056453e+00,1.212498201754653060e+00,1.211254868095913872e+00,1.214400788457583369e+00
2.130199909210205078e+00,1.216508980331446832e+00,1.212263654443743732e+00,1.211021014060471135e+00,1.214167161019463093e+00
2.130500078201293945e+00,1.216274616165585520e+00,1.212028985367669787e+00,1.210785765080616194e+00,1.213934243803932667e+00
2.130800008773803711e+00,1.216039933631235748e+00,1.211795935929220303e+00,1.210552922768027617e+00,1.213701711605364553e+00
2.131099939346313477e+00,1.215805726741663539e+00,1.211562997470436498e+00,1.210321287210635699e+00,1.213470416467476110e+00
2.131400108337402344e+00,1.215573043838219069e+00,1.211330878556548640e+00,1.210088848325470368e+00,1.213239231320065503e+00
2.131700038909912109e+00,1.215341143062049545e+00,1.211099273792298536e+00,1.209858423488141099e+00,1.213008586164112002e+00
2.131999969482421875e+00,1.215109942038353319e+00,1.210868143568758493e+00,1.209628710160301601e+00,1.212778269293090627e+00
2.132299900054931641e+00,1.214879648207310314e+00,1.210637785704200109e+00,1.209399286245516514e+00,1.212549483069466305e+00
2.132600069046020508e+00,1.214648978341910768e+00,1.210408695897730258e+00,1.209169865641277930e+00,1.212321587481383967e+00
2.132899999618530273e+00,1.214418993206916930e+00,1.210179947707853421e+00,1.208941809566772774e+00,1.212094781691885448e+00
2.133199930191040039e+00,1.214191379290608719e+00,1.209951460626089936e+00,1.208715365137201125e+00,1.211866829353021036e+00
2.133500099182128906e+00,1.213962927361938116e+00,1.209724455227399798e+00,1.208487919134093369e+00,1.211640653360428921e+00
2.133800029754638672e+00,1.213735259316087944e+00,1.209497896069388068e+00,1.208261682074780907e+00,1.211415769505439277e+00
2.134099960327148438e+00,1.213509243042430796e+00,1.209271832295742310e+00,1.208036365400590118e+00,1.211191766735236097e+00
2.134399890899658203e+00,1.213283418950535264e+00,1.209047342993735175e+00,1.207811198983265832e+00,1.210966962207409514e+00
2.134700059890747070e+00,1.213058986937898043e+00,1.208822396400799137e+00,1.207588421185412875e+00,1.210744226426443859e+00
2.134999990463256836e+00,1.212833925639234200e+00,1.208598908027781249e+00,1.207364817672136770e+00,1.210522025736937346e+00
2.135299921035766602e+00,1.212611436046423075e+00,1.208375718235020324e+00,1.207141646012111380e+00,1.210299316646371581e+00
2.135600090026855469e+00,1.212388060009397028e+00,1.208153638045657452e+00,1.206920197927808136e+00,1.210078696694302680e+00
2.135900020599365234e+00,1.212165660205254181e+00,1.207931726204863221e+00,1.206700019585079442e+00,1.209857326192619320e+00
2.136199951171875000e+00,1.211943620842883096e+00,1.207711104021767401e+00,1.206478436973843715e+00,1.209638297841537868e+00
2.136499881744384766e+00,1.211722375421761200e+00,1.207491251344300798e+00,1.206259140786941852e+00,1.209418879465057994e+00
2.136800050735473633e+00,1.211502581815054658e+00,1.207271013982982977e+00,1.206040687626027008e+00,1.209200260628001899e+00
2.137099981307983398e+00,1.211282533607390688e+00,1.207052369053549290e+00,1.205822734483500636e+00,1.208982983374331521e+00
2.137399911880493164e+00,1.211064526842012157e+00,1.206834405759358519e+00,1.205604318047834855e+00,1.208765932616635563e+00
2.137700080871582031e+00,1.210846574856358604e+00,1.206616481633807192e+00,1.205387809955293044e+00,1.208549354858611258e+00
2.138000011444091797e+00,1.210629052126907634e+00,1.206399736442845594e+00,1.205171735778123088e+00,1.208333701003447835e+00
2.138299942016601562e+00,1.210412541437428047e+00,1.206183643325201782e+00,1.204956203633074541e+00,1.208119567026142649e+00
2.138600111007690430e+00,1.210195745741701856e+00,1.205967779759185454e+00,1.204740685357516661e+00,1.207905361384764342e+00
2.138900041580200195e+00,1.209980404367913653e+00,1.205753974487145053e+00,1.204527081614196415e+00,1.207691254901418709e+00
2.139199972152709961e+00,1.209766174597581623e+00,1.205540544194434238e+00,1.204314155270798103e+00,1.207478227413949723e+00
2.139499902725219727e+00,1.209552399656510735e+00,1.205327355676644174e+00,1.204100597577135945e+00,1.207266335503627719e+00
2.139800071716308594e+00,1.209338462978799322e+00,1.205114132654359516e+00,1.203888322245664888e+00,1.207055002990698123e+00
2.140100002288818359e+00,1.209126622012888674e+00,1.204902379507335253e+00,1.203676895740910302e+00,1.206843422980709235e+00
2.140399932861328125e+00,1.208914936288657316e+00,1.204690991971955949e+00,1.203467487419355386e+00,1.206633441814857433e+00
2.140700101852416992e+00,1.208703518270404453e+00,1.204480854681740043e+00,1.203257208483426766e+00,1.206424039060724152e+00
2.141000032424926758e+00,1.208493103381306444e+00,1.204270509490831254e+00,1.203047200486375257e+00,1.206216130680485277e+00
2.141299962997436523e+00,1.208283187386635316e+00,1.204061905063699367e+00,1.202838869979485414e+00,1.206007352584013148e+00
2.141599893569946289e+00,1.208075059883787716e+00,1.203853504068260749e+00,1.202631590000277528e+00,1.205800021849513071e+00
2.141900062561035156e+00,1.207865749087633445e+00,1.203645252326286164e+00,1.202424601095304135e+00,1.205593576325505678e+00
2.142199993133544922e+00,1.207658760109823426e+00,1.203438076792010314e+00,1.202217454651523409e+00,1.205387428168474218e+00
2.142499923706054688e+00,1.207451076576323334e+00,1.203232052681348696e+00,1.202011538007103253e+00,1.205182053978560042e+00
2.142800092697143555e+00,1.207245058195606457e+00,1.203026097067970035e+00,1.201806330545394319e+00,1.204978285835693441e+00
2.143100023269653320e+00,1.207039313916110634e+00,1.202820736682320035e+00,1.201601561251167682e+00,1.204774323144765846e+00
2.143399953842163086e+00,1.206834108572571118e+00,1.202616640330456788e+00,1.201398646921541635e+00,1.204571583851378858e+00
2.143699884414672852e+00,1.206629389806030739e+00,1.202412821353389338e+00,1.201195459776393859e+00,1.204368180876868477e+00
2.144000053405761719e+00,1.206426409374333986e+00,1.202210419435632893e+00,1.200992989994738913e+00,1.204165973515496146e+00
2.144299983978271484e+00,1.206223249225581551e+00,1.202008304216440671e+00,1.200790404079790985e+00,1.203964584061293364e+00
2.144599914550781250e+00,1.206020703328302357e+00,1.201806372924530075e+00,1.200589683963906529e+00,1.203765017034465590e+00
2.144900083541870117e+00,1.205820027495104529e+00,1.201605617086672018e+00,1.200389154257905933e+00,1.203564853052652817e+00
2.145200014114379883e+00,1.205618096067500700e+00,1.201404787128538265e+00,1.200189575143075560e+00,1.203365282948321235e+00
2.145499944686889648e+00,1.205417749032119845e+00,1.201206428668638804e+00,1.199990208072307496e+00,1.203167118747425990e+00
2.145800113677978516e+00,1.205218585151114130e+00,1.201006711992320675e+00,1.199792140380249617e+00,1.202969452862596045e+00
2.146100044250488281e+00,1.205019334077956472e+00,1.200809050666640898e+00,1.199594378986939214e+00,1.202772578235387524e+00
2.146399974822998047e+00,1.204820928333762087e+00,1.200611355462034124e+00,1.199397512438581614e+00,1.202576187272254238e+00
2.146699905395507812e+00,1.204624227644183865e+00,1.200413674718501467e+00,1.199202012659061456e+00,1.202379999787742237e+00
2.147000074386596680e+00,1.204427274789204416e+00,1.200218064985203226e+00,1.199005869873827290e+00,1.202184991337229780e+00
2.147300004959106445e+00,1.204231251843174810e+00,1.200021923286612946e+00,1.198811254512266000e+00,1.201990490891130747e+00
2.147599935531616211e+00,1.204035077110056973e+00,1.199827634417830469e+00,1.198617021086791246e+00,1.201796700892086234e+00
2.147900104522705078e+00,1.203840838251122092e+00,1.199634093244934085e+00,1.198423815604014120e+00,1.201603385663752244e+00
2.148200035095214844e+00,1.203646543664216972e+00,1.199440515668203533e+00,1.198229438926778689e+00,1.201410696954485990e+00
2.148499965667724609e+00,1.203452784111127105e+00,1.199247592342372437e+00,1.198037937441746470e+00,1.201219861403801881e+00
2.148799896240234375e+00,1.203260024565747877e+00,1.199054543868656619e+00,1.197845942044673651e+00,1.201027892830418109e+00
2.149100065231323242e+00,1.203068218102462339e+00,1.198863127489165015e+00,1.197654833944329145e+00,1.200837988253902422e+00
2.149399995803833008e+00,1.202876349250200150e+00,1.198672749421642925e+00,1.197465111148219075e+00,1.200647630592828863e+00
2.149699926376342773e+00,1.202684988059707694e+00,1.198482646842855326e+00,1.197274748358313046e+00,1.200458915898895196e+00
2.150000095367431641e+00,1.202495307930063539e+00,1.198293496095207411e+00,1.197086179254742921e+00,1.200270502346007184e+00
2.150300025939941406e+00,1.202305946806851988e+00,1.198104566054987608e+00,1.196899018793519343e+00,1.200083139887949679e+00
2.150599956512451172e+00,1.202117202676844965e+00,1.197916518667157648e+00,1.196710602699257109e+00,1.199895822569920556e+00
2.150899887084960938e+00,1.201928972898702819e+00,1.197729224140288373e+00,1.196524182430658056e+00,1.199709246632852944e+00
2.151200056076049805e+00,1.201741380658340130e+00,1.197543199215102661e+00,1.196336587072050595e+00,1.199523311374155021e+00
2.151499986648559570e+00,1.201554479679384224e+00,1.197356267319398482e+00,1.196153013698779022e+00,1.199338078409706299e+00
2.151799917221069336e+00,1.201368290357076152e+00,1.197170661243205592e+00,1.195967007478628608e+00,1.199153551166245224e+00
2.152100086212158203e+00,1.201183058525213232e+00,1.196986346889472141e+00,1.195782828719486712e+00,1.198969821974518624e+00
2.152400016784667969e+00,1.200998884697153102e+00,1.196802504552204161e+00,1.195598853294680408e+00,1.198786788637566714e+00
2.152699947357177734e+00,1.200814283573638619e+00,1.196618433108766144e+00,1.195415877093066959e+00,1.198604158938575193e+00
2.153000116348266602e+00,1.200630238637499403e+00,1.196436224832920558e+00,1.195233561101441522e+00,1.198422718824433630e+00
2.153300046920776367e+00,1.200447649998710675e+00,1.196253396716973727e+00,1.195052150587885720e+00,1.198241720285387890e+00
2.153599977493286133e+00,1.200264860902236830e+00,1.196072535669292725e+00,1.194871503991590478e+00,1.198061619413471002e+00
2.153899908065795898e+00,1.200083835960004341e+00,1.195891208494099356e+00,1.194690982882415042e+00,1.197881106499561144e+00
2.154200077056884766e+00,1.199903376714046344e+00,1.195711100643272129e+00,1.194511149011104889e+00,1.197701623515492031e+00
2.154500007629394531e+00,1.199723065964776625e+00,1.195531618463178791e+00,1.194332521667344160e+00,1.197523620454615356e+00
2.154799938201904297e+00,1.199542591123420987e+00,1.195353242486102197e+00,1.194153865456174968e+00,1.197345282493788909e+00
2.155100107192993164e+00,1.199364371194217238e+00,1.195174157886196742e+00,1.193977424789957276e+00,1.197168307726257375e+00
2.155400037765502930e+00,1.199186635955887592e+00,1.194997055073246051e+00,1.193799505961375074e+00,1.196991901809297154e+00
2.155699968338012695e+00,1.199008961264494744e+00,1.194820433457266295e+00,1.193623240331004975e+00,1.196815787252546448e+00
2.155999898910522461e+00,1.198831226119088322e+00,1.194643958983062193e+00,1.193447475650447176e+00,1.196640424797413615e+00
2.156300067901611328e+00,1.198655409531234728e+00,1.194468861152181649e+00,1.193273126420065111e+00,1.196465674479739283e+00
2.156599998474121094e+00,1.198479952979735641e+00,1.194294173621807786e+00,1.193098143739751205e+00,1.196291855628129674e+00
2.156899929046630859e+00,1.198305041212463395e+00,1.194119161468633949e+00,1.192924066729604160e+00,1.196118601227521339e+00
2.157200098037719727e+00,1.198130726905683119e+00,1.193945528352901686e+00,1.192751012149753764e+00,1.195946668550059044e+00
2.157500028610229492e+00,1.197956678609440218e+00,1.193772988979082683e+00,1.192579064845428860e+00,1.195774468527548207e+00
2.157799959182739258e+00,1.197784087899592675e+00,1.193600890085806165e+00,1.192407698702761865e+00,1.195603082631386593e+00
2.158099889755249023e+00,1.197611088734016116e+00,1.193429178353999642e+00,1.192236113919969087e+00,1.195431832666792982e+00
2.158400058746337891e+00,1.197440231181716275e+00,1.193257851411208215e+00,1.192065108527881723e+00,1.195262716622423893e+00
2.158699989318847656e+00,1.197268448251731732e+00,1.193087821116745495e+00,1.191895221844608166e+00,1.195092865656832926e+00
2.158999919891357422e+00,1.197098646923234533e+00,1.192918323646129597e+00,1.191726337623439935e+00,1.194924044747777803e+00
2.159300088882446289e+00,1.196929202738836961e+00,1.192749326322126713e+00,1.191557507484485301e+00,1.194755984372386726e+00
2.159600019454956055e+00,1.196759579405625384e+00,1.192580227158357209e+00,1.191390196094066045e+00,1.194588483242820409e+00
2.159899950027465820e+00,1.196590934929575356e+00,1.192413037170349410e+00,1.191223255838465889e+00,1.194421697823803363e+00
2.160200119018554688e+00,1.196423691907104292e+00,1.192245744899037341e+00,1.191056111222806635e+00,1.194255621490439179e+00
2.160500049591064453e+00,1.196256704944806515e+00,1.192079886215324347e+00,1.190890289304759264e+00,1.194090575653680153e+00
2.160799980163574219e+00,1.196089219701971684e+00,1.191914171040980630e+00,1.190725568211886687e+00,1.193925102166576879e+00
2.161099910736083984e+00,1.195924110147384756e+00,1.191748242164910820e+00,1.190560652130603136e+00,1.193761009653161009e+00
2.161400079727172852e+00,1.195758111093387921e+00,1.191584792046079144e+00,1.190396391337750659e+00,1.193597692571087610e+00
2.161700010299682617e+00,1.195594197259543856e+00,1.191419501791331159e+00,1.190233578033795148e+00,1.193435317339712309e+00
2.161999940872192383e+00,1.195430118892408577e+00,1.191258023896986318e+00,1.190070284138566192e+00,1.193272346315686239e+00
2.162300109863281250e+00,1.195266995432386015e+00,1.191094382850704791e+00,1.189908053853909520e+00,1.193110241190802556e+00
2.162600040435791016e+00,1.195104806568748845e+00,1.190933593767321774e+00,1.189746875757101696e+00,1.192949857710029704e+00
2.162899971008300781e+00,1.194942331923853240e+00,1.190772026204379941e+00,1.189585750549288612e+00,1.192789497692638756e+00
2.163199901580810547e+00,1.194780961851964030e+00,1.190611132124972160e+00,1.189426380943507500e+00,1.192629591250864873e+00
2.163500070571899414e+00,1.194620773100681488e+00,1.190450654266741903e+00,1.189266634571425563e+00,1.192470461071811982e+00
2.163800001144409180e+00,1.194459752223830495e+00,1.190291904501567855e+00,1.189107812714668366e+00,1.192311982889775246e+00
2.164099931716918945e+00,1.194301455461518557e+00,1.190132429637843270e+00,1.188949327796056776e+00,1.192154143988377379e+00
2.164400100708007812e+00,1.194141979310228585e+00,1.189975247766798638e+00,1.188791779398655990e+00,1.191997080048980084e+00
2.164700031280517578e+00,1.193983489114901708e+00,1.189817469755916290e+00,1.188635711933837769e+00,1.191840470937904017e+00
2.164999961853027344e+00,1.193827092879687246e+00,1.189660951442881309e+00,1.188479267588550048e+00,1.191684495045262748e+00
2.165299892425537109e+00,1.193669617336733602e+00,1.189504931148368305e+00,1.188322719570011676e+00,1.191529325073151124e+00
2.165600061416625977e+00,1.193513938827960974e+00,1.189348875249974569e+00,1.188167753949905592e+00,1.191375378847942201e+00
2.165899991989135742e+00,1.193358345235264739e+00,1.189194675583271410e+00,1.188013652884320814e+00,1.191220529696778385e+00
2.166199922561645508e+00,1.193202917735458390e+00,1.189040352360655417e+00,1.187859446505702410e+00,1.191066793123740419e+00
2.166500091552734375e+00,1.193048439661745341e+00,1.188886532390556416e+00,1.187706359910188247e+00,1.190914690695429989e+00
2.166800022125244141e+00,1.192894587798666084e+00,1.188733707874095158e+00,1.187554482936251432e+00,1.190762482093110863e+00
2.167099952697753906e+00,1.192741699233778929e+00,1.188581475952406930e+00,1.187402040543157788e+00,1.190611014746416396e+00
2.167399883270263672e+00,1.192589289839744771e+00,1.188429853931728619e+00,1.187251746128493934e+00,1.190460571251101607e+00
2.167700052261352539e+00,1.192438063585869790e+00,1.188278941007435918e+00,1.187101089864246672e+00,1.190309872585971540e+00
2.167999982833862305e+00,1.192286880593870446e+00,1.188128277155102941e+00,1.186950796227059124e+00,1.190160408776314016e+00
2.168299913406372070e+00,1.192136382594531696e+00,1.187978328661072558e+00,1.186801020648964089e+00,1.190011099889618063e+00
2.168600082397460938e+00,1.191986469026373063e+00,1.187829108679039125e+00,1.186653205966397007e+00,1.189863285923424607e+00
2.168900012969970703e+00,1.191837048353619366e+00,1.187680236307870452e+00,1.186504384445411286e+00,1.189715513124413482e+00
2.169199943542480469e+00,1.191688714392702853e+00,1.187533170565326923e+00,1.186357347374794813e+00,1.189568191152817755e+00
2.169500112533569336e+00,1.191541374429203159e+00,1.187386594392278560e+00,1.186209791689851967e+00,1.189422012726301991e+00
2.169800043106079102e+00,1.191393284625516191e+00,1.187239685952572454e+00,1.186064863399119540e+00,1.189276716792527111e+00
2.170099973678588867e+00,1.191246465692059386e+00,1.187093359148209792e+00,1.185918509104737728e+00,1.189130835544553566e+00
2.170399904251098633e+00,1.191100269509172360e+00,1.186948449592363897e+00,1.185774355936904279e+00,1.188986426932536311e+00
2.170700073242187500e+00,1.190954771453822225e+00,1.186804069058867039e+00,1.185630272534772045e+00,1.188842846199354542e+00
2.171000003814697266e+00,1.190809406596950337e+00,1.186658910651073207e+00,1.185485722597990677e+00,1.188699616928427183e+00
2.171299934387207031e+00,1.190665391206677359e+00,1.186515848581203070e+00,1.185343163005648348e+00,1.188556804494732777e+00
2.171600103378295898e+00,1.190522895439644735e+00,1.186372940911763374e+00,1.185200609720037601e+00,1.188414314210600287e+00
2.171900033950805664e+00,1.190379485094892553e+00,1.186230350502938569e+00,1.185059445235249642e+00,1.188273220538309971e+00
2.172199964523315430e+00,1.190236663006191131e+00,1.186089328045726088e+00,1.184917875463322279e+00,1.188132275750761746e+00
2.172499895095825195e+00,1.190095263352658250e+00,1.185948436095076275e+00,1.184777146292526728e+00,1.187992707642163470e+00
2.172800064086914062e+00,1.189954708201534705e+00,1.185807569106654080e+00,1.184637646468798877e+00,1.187852711579822751e+00
2.173099994659423828e+00,1.189813791264613174e+00,1.185667781421249067e+00,1.184498083286187553e+00,1.187713554779232350e+00
2.173399925231933594e+00,1.189673977563483920e+00,1.185529158004579253e+00,1.184359515122388018e+00,1.187575555144657846e+00
2.173700094223022461e+00,1.189534373377802989e+00,1.185391284844549364e+00,1.184220367836506416e+00,1.187437577607863837e+00
2.174000024795532227e+00,1.189395755208230376e+00,1.185252748433292647e+00,1.184084014596948453e+00,1.187300937350380003e+00
2.174299955368041992e+00,1.189258776707497800e+00,1.185115102340200455e+00,1.183947086853649244e+00,1.187164811718674606e+00
2.174599885940551758e+00,1.189120847427257432e+00,1.184979298963068306e+00,1.183810726732829277e+00,1.187028637767365336e+00
2.174900054931640625e+00,1.188983972364945130e+00,1.184843908860857109e+00,1.183675643684190204e+00,1.186893464139663568e+00
2.175199985504150391e+00,1.188848369897012924e+00,1.184708882263439289e+00,1.183540893201607158e+00,1.186758433914804511e+00
2.175499916076660156e+00,1.188713127140057724e+00,1.184572922714506094e+00,1.183406242687279786e+00,1.186624376370961853e+00
2.175800085067749023e+00,1.188577248468003722e+00,1.184439047226523600e+00,1.183272957036430428e+00,1.186491679675777844e+00
2.176100015640258789e+00,1.188444056347732980e+00,1.184305275968312809e+00,1.183139112134880877e+00,1.186358605736615335e+00
2.176399946212768555e+00,1.188309607412206148e+00,1.184172757822598898e+00,1.183007375376928350e+00,1.186226204515822058e+00
2.176700115203857422e+00,1.188177176573903981e+00,1.184040667652110912e+00,1.182875344434603848e+00,1.186094522800187567e+00
2.177000045776367188e+00,1.188045418231536754e+00,1.183908797494974907e+00,1.182744304871206520e+00,1.185963644257187033e+00
2.177299976348876953e+00,1.187912562846892950e+00,1.183777968511487311e+00,1.182612705300694511e+00,1.185833647821504577e+00
2.177599906921386719e+00,1.187781370530403668e+00,1.183647325719009658e+00,1.182482887055036347e+00,1.185704396990939102e+00
2.177900075912475586e+00,1.187651037315202718e+00,1.183517292314959057e+00,1.182354679054055335e+00,1.185574658433245832e+00
2.178200006484985352e+00,1.187521345764748437e+00,1.183388918159147485e+00,1.182225040852861397e+00,1.185446448864476032e+00
2.178499937057495117e+00,1.187391604617133778e+00,1.183260356155479753e+00,1.182097974462455126e+00,1.185319456126298743e+00
2.178800106048583984e+00,1.187263185351363770e+00,1.183132488048969311e+00,1.181969580999601366e+00,1.185191764106984458e+00
2.179100036621093750e+00,1.187135480511904095e+00,1.183004745406551761e+00,1.181842361628731686e+00,1.185065067020643514e+00
2.179399967193603516e+00,1.187007378191192508e+00,1.182879013602795126e+00,1.181716591034115638e+00,1.184939600115359593e+00
2.179699897766113281e+00,1.186881109759254205e+00,1.182752979713850072e+00,1.181591021522108376e+00,1.184814282434725641e+00
2.180000066757202148e+00,1.186754576564826857e+00,1.182626695592050359e+00,1.181465508281502652e+00,1.184689540943207220e+00
2.180299997329711914e+00,1.186629757354335846e+00,1.182502004673886997e+00,1.181341677334583729e+00,1.184564202854572423e+00
2.180599927902221680e+00,1.186504720214068609e+00,1.182378844226442682e+00,1.181216631670636064e+00,1.184440729992599861e+00
2.180900096893310547e+00,1.186379800805953622e+00,1.182253714853340520e+00,1.181094440953396996e+00,1.184318691395882972e+00
2.181200027465820312e+00,1.186256253446654085e+00,1.182131615639085087e+00,1.180971225898801880e+00,1.184195623658224950e+00
2.181499958038330078e+00,1.186133357099579566e+00,1.182009104393266341e+00,1.180849333692768788e+00,1.184073983188746126e+00
2.181799888610839844e+00,1.186010342949292085e+00,1.181887257112238965e+00,1.180728052174010001e+00,1.183953636961063927e+00
2.182100057601928711e+00,1.185888029233678198e+00,1.181766049828545384e+00,1.180606517872086592e+00,1.183832439790238666e+00
2.182399988174438477e+00,1.185767055762132038e+00,1.181645227777127882e+00,1.180486992154372139e+00,1.183712668591460071e+00
2.182699918746948242e+00,1.185645948563881280e+00,1.181525207951035217e+00,1.180367420590923366e+00,1.183593837566960572e+00
2.183000087738037109e+00,1.185526555255131509e+00,1.181406217009308923e+00,1.180248615564559511e+00,1.183474617971511655e+00
2.183300018310546875e+00,1.185407333996434609e+00,1.181287497520199903e+00,1.180129907432629466e+00,1.183356121259386384e+00
2.183599948883056641e+00,1.185288053321283508e+00,1.181169873409531723e+00,1.180012739239410191e+00,1.183240108814023639e+00
2.183900117874145508e+00,1.185169802750336343e+00,1.181052817383632325e+00,1.179895426309937267e+00,1.183123049728293408e+00
2.184200048446655273e+00,1.185052241496304726e+00,1.180934877742913613e+00,1.179778166488737234e+00,1.183005720519861637e+00
2.184499979019165039e+00,1.184935413881534672e+00,1.180819552046826093e+00,1.179662582409487959e+00,1.182891036692685027e+00
2.184799909591674805e+00,1.184818442226611701e+00,1.180703843920002383e+00,1.179547170285074831e+00,1.182775838486458619e+00
2.185100078582763672e+00,1.184702431722264082e+00,1.180587703623468210e+00,1.179432688271836671e+00,1.182661309094202196e+00
2.185400009155273438e+00,1.184588058033552826e+00,1.180474029873765707e+00,1.179318622811041273e+00,1.182547536220171835e+00
2.185699939727783203e+00,1.184472541547648028e+00,1.180359349691847859e+00,1.179204748903842859e+00,1.182434492278905624e+00
2.186000108718872070e+00,1.184358609808835006e+00,1.180247180296970511e+00,1.179092428523045077e+00,1.182321635188229747e+00
2.186300039291381836e+00,1.184245354673596706e+00,1.180134949424643365e+00,1.178979403929190983e+00,1.182209493767699904e+00
2.186599969863891602e+00,1.184131684429700959e+00,1.180022335801014455e+00,1.178868108538962067e+00,1.182097621056190873e+00
2.186899900436401367e+00,1.184019656546983823e+00,1.179910924507588277e+00,1.178757088094593453e+00,1.181987207438532028e+00
2.187200069427490234e+00,1.183908799525476452e+00,1.179800114048106030e+00,1.178646000826510054e+00,1.181877037191083391e+00
2.187500000000000000e+00,1.183798265967463514e+00,1.179689309121660479e+00,1.178536196982546524e+00,1.181767492429486088e+00
2.187799930572509766e+00,1.183687687241899544e+00,1.179580056817514544e+00,1.178426681991255442e+00,1.181657607635876239e+00
2.188100099563598633e+00,1.183577054862137379e+00,1.179470929484067954e+00,1.178317737417341249e+00,1.181549861085817055e+00
2.188400030136108398e+00,1.183468298021818521e+00,1.179362920579942298e+00,1.178210437540136324e+00,1.181441398104255303e+00
2.188699960708618164e+00,1.183360470903595196e+00,1.179254470848082992e+00,1.178102294428315266e+00,1.181334670935065168e+00
2.188999891281127930e+00,1.183251821129300163e+00,1.179147958490368131e+00,1.177995859795435862e+00,1.181228011886149343e+00
2.189300060272216797e+00,1.183144336152747167e+00,1.179040419659327821e+00,1.177889840616493489e+00,1.181121930467541770e+00
2.189599990844726562e+00,1.183038099779134100e+00,1.178935236837451495e+00,1.177783329492138265e+00,1.181016439996186662e+00
2.189899921417236328e+00,1.182931123697499087e+00,1.178829224341945814e+00,1.177678194697733494e+00,1.180911906588706373e+00
2.190200090408325195e+00,1.182826517241248210e+00,1.178725167535114915e+00,1.177574199458816473e+00,1.180807014791299459e+00
2.190500020980834961e+00,1.182720980534400113e+00,1.178620538621829139e+00,1.177469846190181579e+00,1.180703777450545999e+00
2.190799951553344727e+00,1.182616658922399200e+00,1.178516683503767482e+00,1.177366287159471447e+00,1.180600764862084207e+00
2.191099882125854492e+00,1.182512473224611060e+00,1.178413798615199015e+00,1.177264227796261498e+00,1.180498905225450867e+00
2.191400051116943359e+00,1.182408917840688023e+00,1.178311238294925900e+00,1.177161324196328351e+00,1.180396539263094180e+00
2.191699981689453125e+00,1.182306352084780299e+00,1.178210127661750484e+00,1.177059314548396962e+00,1.180294423244311108e+00
2.191999912261962891e+00,1.182204041222656876e+00,1.178108125974413944e+00,1.176958353390770595e+00,1.180194669005991237e+00
2.192300081253051758e+00,1.182103962068184133e+00,1.178007736240296754e+00,1.176859171904507173e+00,1.180094119260275187e+00
2.192600011825561523e+00,1.182002004577413334e+00,1.177907820042903175e+00,1.176759291593110657e+00,1.179994449625026087e+00
2.192899942398071289e+00,1.181902185669923222e+00,1.177808497641942509e+00,1.176660331976713714e+00,1.179895136474670592e+00
2.193200111389160156e+00,1.181801928552123959e+00,1.177708647547713650e+00,1.176560875221403846e+00,1.179797091523641983e+00
2.193500041961669922e+00,1.181703313281974088e+00,1.177611328546493086e+00,1.176463648993351541e+00,1.179699314708653413e+00
2.193799972534179688e+00,1.181604776107892496e+00,1.177513790457743514e+00,1.176366228533692659e+00,1.179602738994431688e+00
2.194099903106689453e+00,1.181506956026490585e+00,1.177416255566664738e+00,1.176269457758870152e+00,1.179506119273069364e+00
2.194400072097778320e+00,1.181409643392141273e+00,1.177320208350862041e+00,1.176172947310160977e+00,1.179409787919195152e+00
2.194700002670288086e+00,1.181313774510392101e+00,1.177223088143019236e+00,1.176077531793162212e+00,1.179315117217943021e+00
2.194999933242797852e+00,1.181217706054361827e+00,1.177127888535514533e+00,1.175982169167228752e+00,1.179219952117170234e+00
2.195300102233886719e+00,1.181122183730457298e+00,1.177033895718519574e+00,1.175888286514623626e+00,1.179125777801422803e+00
2.195600032806396484e+00,1.181027133939535956e+00,1.176940457709345189e+00,1.175793896117834025e+00,1.179031642632389909e+00
2.195899963378906250e+00,1.180933068722323842e+00,1.176846135319057129e+00,1.175700709882046446e+00,1.178939708491253624e+00
2.196199893951416016e+00,1.180839384331846986e+00,1.176753981343194644e+00,1.175608284750009114e+00,1.178846633483356499e+00
2.196500062942504883e+00,1.180745159931684052e+00,1.176661982600711642e+00,1.175516678208122334e+00,1.178754699617445389e+00
2.196799993515014648e+00,1.180652707055237505e+00,1.176569036687314274e+00,1.175423715121349133e+00,1.178663161554765137e+00
2.197099924087524414e+00,1.180561785968346156e+00,1.176478447046382714e+00,1.175333227692457960e+00,1.178573772351347637e+00
2.197400093078613281e+00,1.180469589975033262e+00,1.176388179318613503e+00,1.175242372809379932e+00,1.178483500718867649e+00
2.197700023651123047e+00,1.180378894787854849e+00,1.176298013120063102e+00,1.175153304099753049e+00,1.178393447394445293e+00
2.197999954223632812e+00,1.180289223212228844e+00,1.176208181751526638e+00,1.175064217459469207e+00,1.178304826810565142e+00
2.198299884796142578e+00,1.180199416385907751e+00,1.176119590533671211e+00,1.174975221778747025e+00,1.178216155549430599e+00
2.198600053787231445e+00,1.180110647382172973e+00,1.176031150517272916e+00,1.174887631702635105e+00,1.178128928874171866e+00
2.198899984359741211e+00,1.180021933573815573e+00,1.175943387450414601e+00,1.174800046033182888e+00,1.178040799057872512e+00
2.199199914932250977e+00,1.179934124265463735e+00,1.175856953448199738e+00,1.174713541675867390e+00,1.177955292638862561e+00
2.199500083923339844e+00,1.179847140729489929e+00,1.175770566035837517e+00,1.174626975223193703e+00,1.177868634345412779e+00
2.199800014495849609e+00,1.179760268804943335e+00,1.175684753372955527e+00,1.174541762585553872e+00,1.177782428402870618e+00
2.200099945068359375e+00,1.179673270211060609e+00,1.175598589751249534e+00,1.174456212577857706e+00,1.177698182030894936e+00
2.200400114059448242e+00,1.179588329679278180e+00,1.175514306665918829e+00,1.174371568398138832e+00,1.177613982988080066e+00
2.200700044631958008e+00,1.179504175894936724e+00,1.175430302283566153e+00,1.174288181933318631e+00,1.177530334464601092e+00
2.200999975204467773e+00,1.179419796621249628e+00,1.175347101554948592e+00,1.174204521138623836e+00,1.177447109832404859e+00
2.201299905776977539e+00,1.179335818519374968e+00,1.175264292592761661e+00,1.174122599268464295e+00,1.177364727479792927e+00
2.201600074768066406e+00,1.179253079503812973e+00,1.175181833319332902e+00,1.174039461959623276e+00,1.177282630292776133e+00
2.201900005340576172e+00,1.179169536505327187e+00,1.175099297936647691e+00,1.173957758849133892e+00,1.177201135180957703e+00
2.202199935913085938e+00,1.179088456167298515e+00,1.175019096641797933e+00,1.173877106816886950e+00,1.177120816769729128e+00
2.202500104904174805e+00,1.179006516695469298e+00,1.174938342472380270e+00,1.173797433122164779e+00,1.177040120015633518e+00
2.202800035476684570e+00,1.178926241653277973e+00,1.174858247215506468e+00,1.173716881877180374e+00,1.176961339624303715e+00
2.203099966049194336e+00,1.178845413264052899e+00,1.174778340296394274e+00,1.173637850236364244e+00,1.176882274451173993e+00
2.203399896621704102e+00,1.178766048473905981e+00,1.174700330105789448e+00,1.173558916794076090e+00,1.176803681342885932e+00
2.203700065612792969e+00,1.178687121006945393e+00,1.174621799797256116e+00,1.173480501433912693e+00,1.176725620814387030e+00
2.203999996185302734e+00,1.178607918650090181e+00,1.174544459303869637e+00,1.173403756310982704e+00,1.176647659964480175e+00
2.204299926757812500e+00,1.178530252252901533e+00,1.174467108799086112e+00,1.173326340279867486e+00,1.176572132428507222e+00
2.204600095748901367e+00,1.178453391131535355e+00,1.174390701469347320e+00,1.173250037985456018e+00,1.176495576755415051e+00
2.204900026321411133e+00,1.178376487556063390e+00,1.174314731747917895e+00,1.173174246230004103e+00,1.176420409745088991e+00
2.205199956893920898e+00,1.178300579157523842e+00,1.174239143695380294e+00,1.173098450765394096e+00,1.176344949913016746e+00
2.205499887466430664e+00,1.178225052420155405e+00,1.174164667620408720e+00,1.173023859178676576e+00,1.176270324495129582e+00
2.205800056457519531e+00,1.178149859035725999e+00,1.174089570793538373e+00,1.172950131848643718e+00,1.176197132525664601e+00
2.206099987030029297e+00,1.178075482550164699e+00,1.174016248340486346e+00,1.172876772321843841e+00,1.176123790848622175e+00
2.206399917602539062e+00,1.178002215031021871e+00,1.173943231552724731e+00,1.172804001975978228e+00,1.176050739948611312e+00
2.206700086593627930e+00,1.177928552669444739e+00,1.173871115970640755e+00,1.172731928711688631e+00,1.175978380375234389e+00
2.207000017166137695e+00,1.177856033313695816e+00,1.173799341927018958e+00,1.172659756412876675e+00,1.175907257157288610e+00
2.207299947738647461e+00,1.177783747152798766e+00,1.173727419817884865e+00,1.172589022936259440e+00,1.175835927579873763e+00
2.207600116729736328e+00,1.177712291042828152e+00,1.173657191846348313e+00,1.172517269429231845e+00,1.175766185060237667e+00
2.207900047302246094e+00,1.177641164099853865e+00,1.173587806641953613e+00,1.172448614906545172e+00,1.175696286497125875e+00
2.208199977874755859e+00,1.177571285936020340e+00,1.173516669824849590e+00,1.172378394777621846e+00,1.175626269835411408e+00
2.208499908447265625e+00,1.177501358022721822e+00,1.173448322698457780e+00,1.172309276744928797e+00,1.175558073618766963e+00
2.208800077438354492e+00,1.177432202424797181e+00,1.173379423763962981e+00,1.172240792659000386e+00,1.175490044677015344e+00
2.209100008010864258e+00,1.177363360016616900e+00,1.173311835922006718e+00,1.172173380165452139e+00,1.175423106705414167e+00
2.209399938583374023e+00,1.177295378545923032e+00,1.173243949673332898e+00,1.172106125076189498e+00,1.175356046101026397e+00
2.209700107574462891e+00,1.177227566316060958e+00,1.173178615453085216e+00,1.172039714464347071e+00,1.175289037942511827e+00
2.210000038146972656e+00,1.177161107076550195e+00,1.173111864906844382e+00,1.171973170939824893e+00,1.175223279232762597e+00
2.210299968719482422e+00,1.177094941831331676e+00,1.173045925923976274e+00,1.171908622859477056e+00,1.175157953943128053e+00
2.210599899291992188e+00,1.177028392982258254e+00,1.172981101474268817e+00,1.171843257119766335e+00,1.175093343287894054e+00
2.210900068283081055e+00,1.176963676591106900e+00,1.172916438564568731e+00,1.171778210344818216e+00,1.175029061002522468e+00
2.211199998855590820e+00,1.176898797552721421e+00,1.172853210944982294e+00,1.171715443508332566e+00,1.174966436279657689e+00
2.211499929428100586e+00,1.176834831414852234e+00,1.172789540680973186e+00,1.171652198929124644e+00,1.174903422745680937e+00
2.211800098419189453e+00,1.176771326235424242e+00,1.172726979466482966e+00,1.171588672474417780e+00,1.174840849713026492e+00
2.212100028991699219e+00,1.176708941690469024e+00,1.172665112466098059e+00,1.171527952894964697e+00,1.174778349000478173e+00
2.212399959564208984e+00,1.176646663880793531e+00,1.172603057021762485e+00,1.171466258776189484e+00,1.174717452760425829e+00
2.212699890136718750e+00,1.176584163937846483e+00,1.172542467372385211e+00,1.171404556886529669e+00,1.174656671206204761e+00
2.213000059127807617e+00,1.176523059994827758e+00,1.172482736737393560e+00,1.171344392547862157e+00,1.174596861007199511e+00
2.213299989700317383e+00,1.176463064532395020e+00,1.172421651903805984e+00,1.171284762835249404e+00,1.174537099025062314e+00
2.213599920272827148e+00,1.176402639786623627e+00,1.172362598103653175e+00,1.171225114377120624e+00,1.174477755273138024e+00
2.213900089263916016e+00,1.176342444771033779e+00,1.172304343704989815e+00,1.171167177405684878e+00,1.174420229700728679e+00
2.214200019836425781e+00,1.176284641703609246e+00,1.172246637531353164e+00,1.171109099997744707e+00,1.174361651045829014e+00
2.214499950408935547e+00,1.176225694715104853e+00,1.172187957231384470e+00,1.171051029811748911e+00,1.174305107184655306e+00
2.214799880981445312e+00,1.176168203294647885e+00,1.172131868417231937e+00,1.170993833211737334e+00,1.174247659049851844e+00
2.215100049972534180e+00,1.176110632424721469e+00,1.172074534517608013e+00,1.170937881805069525e+00,1.174191023136171186e+00
2.215399980545043945e+00,1.176054251275192364e+00,1.172018475549349681e+00,1.170882156996310375e+00,1.174136310893295398e+00
2.215699911117553711e+00,1.175998437247707473e+00,1.171963990446604598e+00,1.170827336501701676e+00,1.174080872929505137e+00
2.216000080108642578e+00,1.175942012269579395e+00,1.171909029321613449e+00,1.170772504146783355e+00,1.174026402068575337e+00
2.216300010681152344e+00,1.175887565623552122e+00,1.171855252946173209e+00,1.170718539758518029e+00,1.173972623395900694e+00
2.216599941253662109e+00,1.175834164008795257e+00,1.171800966462769322e+00,1.170664634658582060e+00,1.173919162997145271e+00
2.216900110244750977e+00,1.175779798235796703e+00,1.171748713382458673e+00,1.170611497553084801e+00,1.173866735120739246e+00
2.217200040817260742e+00,1.175725597090198304e+00,1.171695518377600997e+00,1.170558624754780119e+00,1.173814447787597359e+00
2.217499971389770508e+00,1.175673482667092484e+00,1.171643387610288745e+00,1.170508235414592146e+00,1.173762084481624335e+00
2.217799901962280273e+00,1.175620695473456712e+00,1.171592631243336236e+00,1.170456049356741968e+00,1.173711708208064364e+00
2.218100070953369141e+00,1.175570035493997967e+00,1.171542286619210671e+00,1.170405738373796689e+00,1.173661371140699794e+00
2.218400001525878906e+00,1.175519229101962493e+00,1.171492106753177831e+00,1.170355106020031677e+00,1.173611385359278225e+00
2.218699932098388672e+00,1.175468599030133010e+00,1.171442878798053311e+00,1.170304620846394972e+00,1.173561525448196363e+00
2.219000101089477539e+00,1.175419361276603070e+00,1.171393318403473494e+00,1.170256791603888846e+00,1.173513156929139933e+00
2.219300031661987305e+00,1.175369770846857564e+00,1.171345410467065307e+00,1.170208178308925540e+00,1.173464921731106170e+00
2.219599962234497070e+00,1.175321153608224645e+00,1.171297529613529509e+00,1.170159558462649185e+00,1.173417628228597076e+00
2.219899892807006836e+00,1.175272709532110493e+00,1.171249204605027572e+00,1.170112373316368082e+00,1.173369634599842781e+00
2.220200061798095703e+00,1.175225004826114583e+00,1.171202481778817805e+00,1.170066268364176709e+00,1.173323373870422071e+00
2.220499992370605469e+00,1.175177818336986535e+00,1.171155729399038004e+00,1.170019383217002718e+00,1.173277943553410418e+00
2.220799922943115234e+00,1.175131593201989677e+00,1.171110702131089143e+00,1.169974215230690451e+00,1.173232063606073128e+00
2.221100091934204102e+00,1.175085944976641317e+00,1.171065721957039063e+00,1.169928791390644207e+00,1.173186593768202002e+00
2.221400022506713867e+00,1.175040766862890607e+00,1.171021224046950859e+00,1.169884083868745206e+00,1.173142758288933329e+00
2.221699953079223633e+00,1.174995967122255625e+00,1.170977161163762048e+00,1.169840193088083957e+00,1.173099239083189360e+00
2.221999883651733398e+00,1.174951973986886999e+00,1.170934368879585241e+00,1.169796937217659316e+00,1.173055150764499288e+00
2.222300052642822266e+00,1.174907769358698673e+00,1.170891007248978433e+00,1.169753803555807048e+00,1.173012793676335708e+00
2.222599983215332031e+00,1.174865098343480074e+00,1.170848609613666547e+00,1.169711889825972406e+00,1.172970684471031033e+00
2.222899913787841797e+00,1.174822390151005980e+00,1.170806557597298125e+00,1.169669490499012809e+00,1.172930256341585320e+00
2.223200082778930664e+00,1.174780980644229089e+00,1.170764815796177416e+00,1.169627796829928013e+00,1.172887634088466635e+00
2.223500013351440430e+00,1.174738929080765715e+00,1.170724193859463247e+00,1.169587299639351929e+00,1.172847892079255328e+00
2.223799943923950195e+00,1.174698552616616931e+00,1.170684713031244994e+00,1.169547542392252781e+00,1.172807921605295345e+00
2.224100112915039062e+00,1.174657984831170676e+00,1.170645260009268940e+00,1.169507363539023181e+00,1.172768817396596885e+00
2.224400043487548828e+00,1.174618700370848368e+00,1.170606533412111627e+00,1.169469029652427050e+00,1.172729336622856611e+00
2.224699974060058594e+00,1.174578707309803294e+00,1.170567746771276729e+00,1.169430274026811212e+00,1.172691108128142812e+00
2.224999904632568359e+00,1.174541093530574676e+00,1.170530410348946448e+00,1.169392858063960761e+00,1.172654160341132901e+00
2.225300073623657227e+00,1.174502131668222704e+00,1.170493177493692416e+00,1.169355521104755491e+00,1.172616694254769332e+00
2.225600004196166992e+00,1.174465358778733703e+00,1.170455792458461541e+00,1.169319595429967551e+00,1.172579834948651811e+00
2.225899934768676758e+00,1.174428140525025199e+00,1.170420386372613031e+00,1.169283005454043955e+00,1.172544784430084253e+00
2.226200103759765625e+00,1.174392308053279210e+00,1.170384885528340746e+00,1.169246893826119127e+00,1.172508874026488179e+00
2.226500034332275391e+00,1.174356135474838636e+00,1.170349671447215245e+00,1.169211929666375216e+00,1.172474086973452678e+00
2.226799964904785156e+00,1.174321246742535907e+00,1.170315246183241564e+00,1.169177062729353844e+00,1.172440067352677584e+00
2.227099895477294922e+00,1.174286831332823855e+00,1.170280458895537778e+00,1.169143162080176879e+00,1.172406395885961405e+00
2.227400064468383789e+00,1.174251863976307542e+00,1.170247290216082314e+00,1.169110182799403708e+00,1.172373129999160435e+00
2.227699995040893555e+00,1.174218538754805419e+00,1.170214488661226682e+00,1.169077201632401142e+00,1.172339852088461143e+00
2.227999925613403320e+00,1.174185908297596281e+00,1.170183036881512484e+00,1.169044735356663756e+00,1.172308134743057284e+00
2.228300094604492188e+00,1.174152573828873392e+00,1.170151142961567414e+00,1.169012685432620158e+00,1.172276831663365382e+00
2.228600025177001953e+00,1.174121287248092393e+00,1.170119895900687101e+00,1.168981168844859031e+00,1.172245907750080418e+00
2.228899955749511719e+00,1.174089992386013970e+00,1.170088203072823907e+00,1.168950464519718846e+00,1.172215251899079380e+00
2.229199886322021484e+00,1.174059220435708095e+00,1.170058806507598526e+00,1.168921070029310894e+00,1.172185308773531442e+00
2.229500055313110352e+00,1.174029425659677051e+00,1.170029584893381269e+00,1.168890923295592854e+00,1.172155949667626151e+00
2.229799985885620117e+00,1.173999817283633229e+00,1.170000568860455559e+00,1.168862274254409472e+00,1.172127299729538885e+00
2.230099916458129883e+00,1.173970292830145645e+00,1.169972444516922172e+00,1.168833580357117707e+00,1.172099206004550309e+00
2.230400085449218750e+00,1.173941413126534883e+00,1.169944713346031007e+00,1.168806275628689217e+00,1.172071067243669829e+00
2.230700016021728516e+00,1.173914427014443040e+00,1.169916975151257699e+00,1.168778423532779387e+00,1.172044152196020983e+00
2.230999946594238281e+00,1.173886847599063588e+00,1.169890815421640751e+00,1.168751048479249377e+00,1.172017934483411183e+00
2.231300115585327148e+00,1.173859808766381185e+00,1.169864138955330812e+00,1.168725293526949649e+00,1.171991088783994384e+00
2.231600046157836914e+00,1.173833305972311614e+00,1.169838863283703345e+00,1.168699690620027321e+00,1.171966954133567995e+00
2.231899976730346680e+00,1.173807840281891002e+00,1.169813416417520457e+00,1.168674128220470676e+00,1.171941091109774735e+00
2.232199907302856445e+00,1.173782619972072228e+00,1.169789125187512768e+00,1.168649612759204093e+00,1.171917131031381842e+00
2.232500076293945312e+00,1.173757160927135557e+00,1.169765146058253436e+00,1.168625089509725656e+00,1.171893087173950798e+00
2.232800006866455078e+00,1.173733094404453725e+00,1.169741677796466650e+00,1.168602128408222196e+00,1.171870142063521358e+00
2.233099937438964844e+00,1.173709929875434099e+00,1.169719404080727720e+00,1.168579123309104961e+00,1.171847389724216981e+00
2.233400106430053711e+00,1.173687135498045819e+00,1.169696683319081831e+00,1.168556303986891365e+00,1.171824893918473220e+00
2.233700037002563477e+00,1.173664486053180633e+00,1.169675219415135414e+00,1.168535242281538489e+00,1.171802926093304720e+00
2.233999967575073242e+00,1.173642354116327446e+00,1.169653539265090858e+00,1.168513274520257106e+00,1.171782072694927512e+00
2.234299898147583008e+00,1.173621221221344602e+00,1.169632449872336277e+00,1.168492560610409958e+00,1.171761842860246539e+00
2.234600067138671875e+00,1.173600595302578764e+00,1.169613305547294146e+00,1.168472361990424924e+00,1.171742112571823480e+00
2.234899997711181641e+00,1.173580504895811671e+00,1.169594013364081642e+00,1.168452658317661541e+00,1.171722015412210771e+00
2.235199928283691406e+00,1.173560065311765266e+00,1.169574928498196886e+00,1.168433653993993460e+00,1.171703487269218025e+00
2.235500097274780273e+00,1.173541868769883978e+00,1.169556369046351074e+00,1.168415114437735713e+00,1.171684620486519002e+00
2.235800027847290039e+00,1.173522867861625629e+00,1.169539012957082846e+00,1.168397346135828130e+00,1.171667310745435620e+00
2.236099958419799805e+00,1.173504808357963336e+00,1.169521432533495719e+00,1.168379370836750919e+00,1.171650184964493135e+00
2.236399888992309570e+00,1.173486958094368315e+00,1.169504482904988540e+00,1.168362615286290707e+00,1.171633476099360527e+00
2.236700057983398438e+00,1.173470351854654536e+00,1.169488332158900246e+00,1.168346608794375463e+00,1.171617539235726646e+00
2.236999988555908203e+00,1.173453601220700193e+00,1.169472728429489683e+00,1.168330358274908942e+00,1.171601907616532712e+00
2.237299919128417969e+00,1.173438905999288018e+00,1.169457212722577077e+00,1.168315195956783459e+00,1.171586505948593704e+00
2.237600088119506836e+00,1.173422729361751404e+00,1.169442689368197508e+00,1.168300173696320776e+00,1.171572088182998073e+00
2.237900018692016602e+00,1.173408666449803350e+00,1.169429124784934881e+00,1.168285672704527434e+00,1.171558524127295886e+00
2.238199949264526367e+00,1.173393462338088389e+00,1.169414856004859393e+00,1.168272369042445913e+00,1.171545148390377600e+00
2.238500118255615234e+00,1.173379705003420703e+00,1.169402551131229373e+00,1.168259487956902154e+00,1.171532025508086994e+00
2.238800048828125000e+00,1.173366571471439412e+00,1.169391146514189961e+00,1.168246874225998599e+00,1.171519579873878225e+00
2.239099979400634766e+00,1.173354489509497611e+00,1.169378941043890618e+00,1.168234052424529601e+00,1.171507899447665979e+00
2.239399909973144531e+00,1.173342312424658251e+00,1.169366847681537980e+00,1.168223248064547137e+00,1.171497301602199892e+00
2.239700078964233398e+00,1.173331053752618258e+00,1.169355934308808020e+00,1.168212256216215161e+00,1.171485720673024700e+00
2.240000009536743164e+00,1.173320787039035196e+00,1.169345424750529938e+00,1.168201633786056126e+00,1.171475085614321898e+00
2.240299940109252930e+00,1.173309665810329472e+00,1.169336438460447214e+00,1.168191373928688437e+00,1.171466437114669690e+00
2.240600109100341797e+00,1.173300506991997061e+00,1.169327249398094626e+00,1.168182164567792336e+00,1.171457498428034594e+00
2.240900039672851562e+00,1.173291141952719441e+00,1.169318579904436106e+00,1.168173796663923403e+00,1.171449094473657748e+00
2.241199970245361328e+00,1.173282393821797109e+00,1.169310756250001804e+00,1.168165977980026415e+00,1.171440820127100046e+00
2.241499900817871094e+00,1.173273822840685598e+00,1.169303214235176913e+00,1.168157320320919679e+00,1.171433091265301263e+00
2.241800069808959961e+00,1.173265919675582802e+00,1.169295800630202553e+00,1.168151130782745462e+00,1.171426537030221482e+00
2.242100000381469727e+00,1.173259293758926347e+00,1.169290208604100600e+00,1.168144037276412917e+00,1.171420524130578400e+00
2.242399930953979492e+00,1.173252872064880048e+00,1.169284682347671689e+00,1.168138333694820785e+00,1.171414505647697224e+00
2.242700099945068359e+00,1.173247149426325020e+00,1.169279392616441537e+00,1.168132782876650566e+00,1.171409577088411869e+00
2.243000030517578125e+00,1.173242117808740215e+00,1.169273868901848923e+00,1.168127881008013791e+00,1.171404065548664608e+00
2.243299961090087891e+00,1.173236895833464688e+00,1.169270001286309091e+00,1.168123346768655590e+00,1.171400254882284164e+00
2.243599891662597656e+00,1.173233283145046268e+00,1.169266483846458815e+00,1.168119449674845267e+00,1.171396297492781846e+00
2.243900060653686523e+00,1.173229232351710838e+00,1.169263492504426960e+00,1.168115714996385446e+00,1.171393364193275666e+00
2.244199991226196289e+00,1.173225447637858077e+00,1.169260829398015122e+00,1.168113273280548592e+00,1.171390828307683041e+00
2.244499921798706055e+00,1.173223634328721232e+00,1.169258843543324655e+00,1.168110947888370665e+00,1.171389044186647244e+00
2.244800090789794922e+00,1.173220522013901812e+00,1.169257554636643048e+00,1.168109062211251326e+00,1.171387314252425371e+00
2.245100021362304688e+00,1.173219465970131825e+00,1.169256478615235517e+00,1.168107909657734478e+00,1.171386362647713009e+00
2.245399951934814453e+00,1.173218557267555529e+00,1.169255925138706020e+00,1.168106780245971255e+00,1.171386296142531425e+00
2.245699882507324219e+00,1.173218079747393450e+00,1.169256589729501528e+00,1.168107835527318450e+00,1.171386553972634470e+00
2.246000051498413086e+00,1.173217991449984288e+00,1.169256399872267371e+00,1.168107818183712121e+00,1.171387982079797219e+00
2.246299982070922852e+00,1.173217717655768544e+00,1.169258071867637749e+00,1.168108883172843671e+00,1.171388025505880393e+00
2.246599912643432617e+00,1.173219223493754626e+00,1.169260267591736069e+00,1.168110500791717854e+00,1.171390314543769851e+00
2.246900081634521484e+00,1.173220647970360631e+00,1.169262839709514834e+00,1.168112335727490070e+00,1.171392399620928781e+00
2.247200012207031250e+00,1.173223324490803021e+00,1.169264655407888043e+00,1.168115389265067749e+00,1.171395694343506433e+00
2.247499942779541016e+00,1.173225698289903640e+00,1.169267992627496477e+00,1.168118192234860908e+00,1.171398700796921322e+00
2.247800111770629883e+00,1.173228924635847603e+00,1.169273296866854883e+00,1.168122473765784486e+00,1.171403120805965425e+00
2.248100042343139648e+00,1.173233449426988928e+00,1.169277580962554186e+00,1.168126026460474476e+00,1.171407494910612135e+00
2.248399972915649414e+00,1.173237631244775869e+00,1.169282486703375978e+00,1.168130648843454633e+00,1.171412599357323225e+00
2.248699903488159180e+00,1.173242606008399580e+00,1.169287122365702869e+00,1.168135899403254019e+00,1.171417399354328204e+00
2.249000072479248047e+00,1.173248431455525154e+00,1.169293124986240606e+00,1.168141683629454697e+00,1.171423402505622047e+00
2.249300003051757812e+00,1.173253384039597336e+00,1.169300740993384657e+00,1.168148279106667520e+00,1.171430901873943942e+00
2.249599933624267578e+00,1.173260542438751663e+00,1.169307951863240769e+00,1.168154736209404021e+00,1.171437775856437158e+00
2.249900102615356445e+00,1.173267761140935450e+00,1.169315307166776785e+00,1.168162311120800378e+00,1.171446140927901336e+00
2.250200033187866211e+00,1.173275727518090727e+00,1.169323971698741138e+00,1.168170777274972094e+00,1.171454458333116344e+00
2.250499963760375977e+00,1.173284207441248839e+00,1.169332384065109531e+00,1.168179334735706121e+00,1.171463040005277456e+00
2.250799894332885742e+00,1.173292577098890233e+00,1.169341714755621098e+00,1.168187968644165187e+00,1.171471511754635042e+00
2.251100063323974609e+00,1.173301830739252649e+00,1.169351563433377095e+00,1.168197352848691306e+00,1.171482130361548579e+00
2.251399993896484375e+00,1.173310846151862874e+00,1.169362557154101978e+00,1.168207960926011868e+00,1.171492060024799997e+00
2.251699924468994141e+00,1.173321767230733004e+00,1.169373758176270650e+00,1.168218843229601678e+00,1.171503167766403619e+00
2.252000093460083008e+00,1.173332621758084837e+00,1.169384714107013723e+00,1.168229383851313807e+00,1.171514686745452005e+00
2.252300024032592773e+00,1.173343729027547688e+00,1.169396735331328596e+00,1.168242154002492095e+00,1.171527224558730707e+00
2.252599954605102539e+00,1.173356678567971212e+00,1.169410248507384065e+00,1.168254489457934753e+00,1.171539864515202201e+00
2.252899885177612305e+00,1.173368580119583227e+00,1.169422402047953335e+00,1.168266692920765681e+00,1.171552082008612272e+00
2.253200054168701172e+00,1.173381417274688587e+00,1.169436242093236933e+00,1.168280044386132976e+00,1.171566231877836151e+00
2.253499984741210938e+00,1.173395575346124264e+00,1.169450776773191869e+00,1.168293514674572986e+00,1.171581012807745292e+00
2.253799915313720703e+00,1.173408930678022877e+00,1.169465291888192704e+00,1.168308378538115644e+00,1.171595977996647830e+00
2.254100084304809570e+00,1.173424066260878806e+00,1.169481237012361063e+00,1.168323692128939495e+00,1.171610019965168226e+00
2.254400014877319336e+00,1.173439231595285293e+00,1.169497065106798406e+00,1.168338202915937041e+00,1.171626523683582333e+00
2.254699945449829102e+00,1.173455463663942711e+00,1.169513215050689059e+00,1.168355413135850895e+00,1.171643091737515130e+00
2.255000114440917969e+00,1.173470704941612430e+00,1.169529861338131971e+00,1.168370588354498807e+00,1.171659579684862340e+00
2.255300045013427734e+00,1.173488166945834577e+00,1.169547713498428010e+00,1.168389200864261568e+00,1.171677415111914478e+00
2.255599975585937500e+00,1.173505451845845204e+00,1.169564707388862868e+00,1.168405565437395932e+00,1.171695219375249231e+00
2.255899906158447266e+00,1.173523653691328272e+00,1.169584614650319043e+00,1.168424314567098943e+00,1.171713533834402243e+00
2.256200075149536133e+00,1.173541541741782268e+00,1.169603088850823758e+00,1.168443027489563857e+00,1.171732145309784201e+00
2.256500005722045898e+00,1.173561022089402384e+00,1.169623079775076624e+00,1.168461529569105872e+00,1.171752305854605103e+00
2.256799936294555664e+00,1.173580311724321312e+00,1.169643359004278294e+00,1.168482234676782250e+00,1.171772033707737748e+00
2.257100105285644531e+00,1.173600928446652203e+00,1.169664120675514729e+00,1.168502257663702082e+00,1.171793207478343257e+00
2.257400035858154297e+00,1.173621343825883567e+00,1.169684783483273316e+00,1.168523105171240584e+00,1.171814487606394950e+00
2.257699966430664062e+00,1.173642144498644457e+00,1.169706625141077705e+00,1.168544215380559859e+00,1.171836364214155157e+00
2.257999897003173828e+00,1.173663077070254523e+00,1.169728599214534315e+00,1.168567496138976036e+00,1.171858221428296432e+00
2.258300065994262695e+00,1.173686144259161512e+00,1.169751679854321269e+00,1.168589114026152620e+00,1.171881266930573595e+00
2.258599996566772461e+00,1.173708892120277847e+00,1.169775060294297786e+00,1.168612146667126428e+00,1.171904172766915941e+00
2.258899927139282227e+00,1.173732610998925896e+00,1.169799374567529915e+00,1.168635690788215831e+00,1.171928138439445988e+00
2.259200096130371094e+00,1.173756661349154351e+00,1.169823914689517297e+00,1.168659955359391267e+00,1.171952669158266902e+00
2.259500026702880859e+00,1.173780996772986640e+00,1.169848655922747449e+00,1.168683976662987289e+00,1.171977650850000829e+00
2.259799957275390625e+00,1.173806191980446112e+00,1.169873646241637255e+00,1.168708960364252647e+00,1.172003513026941279e+00
2.260099887847900391e+00,1.173830424851717957e+00,1.169900319036056624e+00,1.168734072369383314e+00,1.172029004940405850e+00
2.260400056838989258e+00,1.173857364678088322e+00,1.169927236441413720e+00,1.168761459572508876e+00,1.172055465333074586e+00
2.260699987411499023e+00,1.173883245736808245e+00,1.169953863259496574e+00,1.168787871398680345e+00,1.172082747113234236e+00
2.260999917984008789e+00,1.173910408162627927e+00,1.169982193946592197e+00,1.168815070669298795e+00,1.172109485370939952e+00
2.261300086975097656e+00,1.173938028690370006e+00,1.170009955810071389e+00,1.168843085579809093e+00,1.172137637853266190e+00
2.261600017547607422e+00,1.173966711692852716e+00,1.170039775404122739e+00,1.168871404681965043e+00,1.172166135209216087e+00
2.261899948120117188e+00,1.173995382333998583e+00,1.170068046339563406e+00,1.168899989073748147e+00,1.172196846302916873e+00
2.262200117111206055e+00,1.174024296894705444e+00,1.170098656263271364e+00,1.168929030957220228e+00,1.172225435983600628e+00
2.262500047683715820e+00,1.174054644748824927e+00,1.170128716776398292e+00,1.168959327428488404e+00,1.172256845015352988e+00
2.262799978256225586e+00,1.174084952848939212e+00,1.170159423429955270e+00,1.168990006109750235e+00,1.172286386593888619e+00
2.263099908828735352e+00,1.174115567948927685e+00,1.170189681819974403e+00,1.169020857475670860e+00,1.172318230101252912e+00
2.263400077819824219e+00,1.174146976007091059e+00,1.170222964683767408e+00,1.169052360983936056e+00,1.172350780277356064e+00
2.263700008392333984e+00,1.174178942268783832e+00,1.170255432659476513e+00,1.169084900059434773e+00,1.172382434266612483e+00
2.263999938964843750e+00,1.174210818133850864e+00,1.170288519318847031e+00,1.169116395477076686e+00,1.172414897808031542e+00
2.264300107955932617e+00,1.174244106902828433e+00,1.170321486916927389e+00,1.169150171198989563e+00,1.172449477912858695e+00
2.264600038528442383e+00,1.174277648917226191e+00,1.170355649135867537e+00,1.169183834399757593e+00,1.172482837740524753e+00
2.264899969100952148e+00,1.174311983038047513e+00,1.170390577504939911e+00,1.169217732168085222e+00,1.172517321890585773e+00
2.265199899673461914e+00,1.174346766056534097e+00,1.170425654558586492e+00,1.169252223849064132e+00,1.172552365567227861e+00
2.265500068664550781e+00,1.174381981130383057e+00,1.170461505051472839e+00,1.169287608210231699e+00,1.172588462731162240e+00
2.265799999237060547e+00,1.174417054371086566e+00,1.170497411351695050e+00,1.169323735995666969e+00,1.172624323031417504e+00
2.266099929809570312e+00,1.174453473336264375e+00,1.170533954076831362e+00,1.169360484204407857e+00,1.172660643434654038e+00
2.266400098800659180e+00,1.174490547562637044e+00,1.170571678651059599e+00,1.169397495196360603e+00,1.172698444002416407e+00
2.266700029373168945e+00,1.174527543255507567e+00,1.170609596154146281e+00,1.169433939070605888e+00,1.172735818537182340e+00
2.266999959945678711e+00,1.174565153528351669e+00,1.170647734010849428e+00,1.169471682765114595e+00,1.172774212163026908e+00
2.267299890518188477e+00,1.174603875258988017e+00,1.170686732856016876e+00,1.169510296136705430e+00,1.172813245778419722e+00
2.267600059509277344e+00,1.174642250007238209e+00,1.170725948074502920e+00,1.169549983969754736e+00,1.172852072118691025e+00
2.267899990081787109e+00,1.174681802518694473e+00,1.170766668537208011e+00,1.169588917620580037e+00,1.172892247908128738e+00
2.268199920654296875e+00,1.174722018780116839e+00,1.170806695650179252e+00,1.169628898526399396e+00,1.172932425731400885e+00
2.268500089645385742e+00,1.174762960393427091e+00,1.170847695960479440e+00,1.169669761376647354e+00,1.172973486519807595e+00
2.268800020217895508e+00,1.174803909043868666e+00,1.170889434502076165e+00,1.169710820206862012e+00,1.173015231584457307e+00
2.269099950790405273e+00,1.174845588335820423e+00,1.170932295734009365e+00,1.169752308139107022e+00,1.173057536583004934e+00
2.269399881362915039e+00,1.174886933592197424e+00,1.170974655846148904e+00,1.169794202403153793e+00,1.173099559009013859e+00
2.269700050354003906e+00,1.174930580194562868e+00,1.171016899244265552e+00,1.169837572556496008e+00,1.173142814194096051e+00
2.269999980926513672e+00,1.174973421710074462e+00,1.171061359555762849e+00,1.169879725388637937e+00,1.173185838851197094e+00
2.270299911499023438e+00,1.175016532946066672e+00,1.171105111886707961e+00,1.169923947810721510e+00,1.173230476374448994e+00
2.270600080490112305e+00,1.175060868237242095e+00,1.171150443400671426e+00,1.169968333367792601e+00,1.173275121138433796e+00
2.270900011062622070e+00,1.175106159674282003e+00,1.171195898964622284e+00,1.170013046949942792e+00,1.173320159961430909e+00
2.271199941635131836e+00,1.175151386693686018e+00,1.171240810273009858e+00,1.170058868959136023e+00,1.173366498558994220e+00
2.271500110626220703e+00,1.175196654085913117e+00,1.171287392566636054e+00,1.170104237980306827e+00,1.173412917674469202e+00
2.271800041198730469e+00,1.175243427935789065e+00,1.171334264949852377e+00,1.170151114443101825e+00,1.173458822954761338e+00
2.272099971771240234e+00,1.175291296486224546e+00,1.171381619925387030e+00,1.170197638680803509e+00,1.173506818903140569e+00
2.272399902343750000e+00,1.175338987474494168e+00,1.171430360688104466e+00,1.170244669544977745e+00,1.173553748931864815e+00
2.272700071334838867e+00,1.175386667429091148e+00,1.171478485906961131e+00,1.170293294862726707e+00,1.173603439562096229e+00
2.273000001907348633e+00,1.175434659313174368e+00,1.171528009227557732e+00,1.170340699824617747e+00,1.173651741305984153e+00
2.273299932479858398e+00,1.175483090233457650e+00,1.171577774517165160e+00,1.170390778458136216e+00,1.173701163622046906e+00
2.273600101470947266e+00,1.175533147048244631e+00,1.171627553128275601e+00,1.170440438354273915e+00,1.173751621505053189e+00
2.273900032043457031e+00,1.175583384959288491e+00,1.171677682728051062e+00,1.170490723389958410e+00,1.173801805474925297e+00
2.274199962615966797e+00,1.175634307253474731e+00,1.171729613995715402e+00,1.170540506958787974e+00,1.173852683349176695e+00
2.274499893188476562e+00,1.175685275055114332e+00,1.171780615738837961e+00,1.170592427235488620e+00,1.173904212691477822e+00
2.274800062179565430e+00,1.175736393539119184e+00,1.171833421139713671e+00,1.170644164257559350e+00,1.173955959371053348e+00
2.275099992752075195e+00,1.175789512450558627e+00,1.171886492193964902e+00,1.170696330020366549e+00,1.174008909229476316e+00
2.275399923324584961e+00,1.175842051612476791e+00,1.171939592165615274e+00,1.170749125392825496e+00,1.174062299965195955e+00
2.275700092315673828e+00,1.175896201066541913e+00,1.171993369825411690e+00,1.170802565601602785e+00,1.174115538612732657e+00
2.276000022888183594e+00,1.175949010310097131e+00,1.172048120946036054e+00,1.170856379337911424e+00,1.174170231726350044e+00
2.276299953460693359e+00,1.176004296651678827e+00,1.172102805081803423e+00,1.170910178413193670e+00,1.174225246466768846e+00
2.276599884033203125e+00,1.176058824391916557e+00,1.172158389812888668e+00,1.170965144920671941e+00,1.174280608568851969e+00
2.276900053024291992e+00,1.176114431673690452e+00,1.172214445123717974e+00,1.171020600385957788e+00,1.174336444525830858e+00
2.277199983596801758e+00,1.176170914805050094e+00,1.172271337277106085e+00,1.171076693613533948e+00,1.174393380931244124e+00
2.277499914169311523e+00,1.176227497060288840e+00,1.172327182244376820e+00,1.171133157566181193e+00,1.174448468251523048e+00
2.277800083160400391e+00,1.176283327677928092e+00,1.172385491946080771e+00,1.171189924772252366e+00,1.174507020005423952e+00
2.278100013732910156e+00,1.176342101759511038e+00,1.172443372930575212e+00,1.171247420505716841e+00,1.174564843154825233e+00
2.278399944305419922e+00,1.176399547670717638e+00,1.172502608230958199e+00,1.171305089124344612e+00,1.174623492004999825e+00
2.278700113296508789e+00,1.176458344961532454e+00,1.172561373701223042e+00,1.171363967612523593e+00,1.174682253713196234e+00
2.279000043869018555e+00,1.176517825329057354e+00,1.172621243094439825e+00,1.171423685880426335e+00,1.174741900607999101e+00
2.279299974441528320e+00,1.176578134674529652e+00,1.172681284899974141e+00,1.171483397707545171e+00,1.174801990569661836e+00
2.279599905014038086e+00,1.176638458821456235e+00,1.172742059314228591e+00,1.171543805210651490e+00,1.174862082128884877e+00
2.279900074005126953e+00,1.176699226511844998e+00,1.172803130427826801e+00,1.171603671448540940e+00,1.174923807689784994e+00
2.280200004577636719e+00,1.176759865103430780e+00,1.172865189680747156e+00,1.171665514863818425e+00,1.174986049973412383e+00
2.280499935150146484e+00,1.176821611476657425e+00,1.172927627044983101e+00,1.171726924568559980e+00,1.175047773953888042e+00
2.280800104141235352e+00,1.176884335647863544e+00,1.172990478961325245e+00,1.171789547309521895e+00,1.175110673076779522e+00
2.281100034713745117e+00,1.176948342870459019e+00,1.173053755682792909e+00,1.171852271954353153e+00,1.175173230229920263e+00
2.281399965286254883e+00,1.177011364623975265e+00,1.173117491141014490e+00,1.171916316266951696e+00,1.175238007793308670e+00
2.281699895858764648e+00,1.177074849368222154e+00,1.173182505283834498e+00,1.171979101000879764e+00,1.175301989886822218e+00
2.282000064849853516e+00,1.177139535299385864e+00,1.173247823479613317e+00,1.172043416433325103e+00,1.175366419608822932e+00
2.282299995422363281e+00,1.177204866087217860e+00,1.173313026270576653e+00,1.172108261346888947e+00,1.175431760905756073e+00
2.282599925994873047e+00,1.177271054105483383e+00,1.173379342343013443e+00,1.172173670942670221e+00,1.175497608212477285e+00
2.282900094985961914e+00,1.177336254935896331e+00,1.173445632146241868e+00,1.172240513551288998e+00,1.175565215541749087e+00
2.283200025558471680e+00,1.177403910632943473e+00,1.173513449777012330e+00,1.172306230817807382e+00,1.175630666026464599e+00
2.283499956130981445e+00,1.177470837422056382e+00,1.173580902821511396e+00,1.172372673695711409e+00,1.175699264479833417e+00
2.283799886703491211e+00,1.177538921556454454e+00,1.173648766677360289e+00,1.172441329816232392e+00,1.175767344851868623e+00
2.284100055694580078e+00,1.177606720770269844e+00,1.173717419385903460e+00,1.172509272921020251e+00,1.175835361367955967e+00
2.284399986267089844e+00,1.177675402230299762e+00,1.173786930727316768e+00,1.172577524428086049e+00,1.175904398842932519e+00
2.284699916839599609e+00,1.177745087363296417e+00,1.173857146174300592e+00,1.172647352516900110e+00,1.175974565014813233e+00
2.285000085830688477e+00,1.177815245325060545e+00,1.173927292511289355e+00,1.172716947904461460e+00,1.176043931585298186e+00
2.285300016403198242e+00,1.177885204860048995e+00,1.173998553112751919e+00,1.172786809837105704e+00,1.176114769155008233e+00
2.285599946975708008e+00,1.177956153211623169e+00,1.174069537391639662e+00,1.172858389228505605e+00,1.176186541459513180e+00
2.285900115966796875e+00,1.178027629906228890e+00,1.174141765526397707e+00,1.172928749747776500e+00,1.176258258076062768e+00
2.286200046539306641e+00,1.178100280150621959e+00,1.174213860368043427e+00,1.173000654645578233e+00,1.176330265406774434e+00
2.286499977111816406e+00,1.178172448730502087e+00,1.174287537329497866e+00,1.173073585426808618e+00,1.176403380078925531e+00
2.286799907684326172e+00,1.178245415405307472e+00,1.174360499054406759e+00,1.173146064920064680e+00,1.176476242860105659e+00
2.287100076675415039e+00,1.178319273717365556e+00,1.174434546606914820e+00,1.173220031221311244e+00,1.176551182512619809e+00
2.287400007247924805e+00,1.178393138818538466e+00,1.174508342603827638e+00,1.173293162951528856e+00,1.176625564076865027e+00
2.287699937820434570e+00,1.178468451098082070e+00,1.174584534772172395e+00,1.173368705919124899e+00,1.176700367234638334e+00
2.288000106811523438e+00,1.178543891530040355e+00,1.174661006127394991e+00,1.173442854044156602e+00,1.176775906441990038e+00
2.288300037384033203e+00,1.178619375397130797e+00,1.174736105741047920e+00,1.173518448224600386e+00,1.176851742445913729e+00
2.288599967956542969e+00,1.178695834611657833e+00,1.174813433385835326e+00,1.173594193226375371e+00,1.176927896932602247e+00
2.288899898529052734e+00,1.178772838085099472e+00,1.174889951057972004e+00,1.173671108878613811e+00,1.177005590706276417e+00
2.289200067520141602e+00,1.178849872146417344e+00,1.174968723989721298e+00,1.173748301627661528e+00,1.177082573321619918e+00
2.289499998092651367e+00,1.178928221485006755e+00,1.175046850598401749e+00,1.173825511625642637e+00,1.177160815619060941e+00
2.289799928665161133e+00,1.179006753291099274e+00,1.175125143475033385e+00,1.173904339468563318e+00,1.177239666624450232e+00
2.290100097656250000e+00,1.179085564400168762e+00,1.175204574157071358e+00,1.173982721908094939e+00,1.177318972803507391e+00
2.290400028228759766e+00,1.179164684303577681e+00,1.175284677008846757e+00,1.174061944588872919e+00,1.177398835700248947e+00
2.290699958801269531e+00,1.179244509898993876e+00,1.175364048753650303e+00,1.174141598903880812e+00,1.177478292012150929e+00
2.290999889373779297e+00,1.179325356132458147e+00,1.175446273709858991e+00,1.174222033690134115e+00,1.177559735869078361e+00
2.291300058364868164e+00,1.179406781746765276e+00,1.175527220426861197e+00,1.174302258353667305e+00,1.177641338485829081e+00
2.291599988937377930e+00,1.179487897061415103e+00,1.175609214758054577e+00,1.174384410650391786e+00,1.177722814378917571e+00
2.291899919509887695e+00,1.179570758639849171e+00,1.175691964469814055e+00,1.174466079582429767e+00,1.177804814250421384e+00
2.292200088500976562e+00,1.179653548286224485e+00,1.175775835264567082e+00,1.174548289453474004e+00,1.177888394066457955e+00
2.292500019073486328e+00,1.179736272905943517e+00,1.175858824517191037e+00,1.174631140986907685e+00,1.177971759204233582e+00
2.292799949645996094e+00,1.179820606064402311e+00,1.175942690400715973e+00,1.174714182552920594e+00,1.178055081139171900e+00
2.293100118637084961e+00,1.179904075131266383e+00,1.176027954198632042e+00,1.174798868803826890e+00,1.178139798479585831e+00
2.293400049209594727e+00,1.179989499518310225e+00,1.176112611947881970e+00,1.174883873990564487e+00,1.178224954998164264e+00
2.293699979782104492e+00,1.180074438430840589e+00,1.176199242428277003e+00,1.174968328463427136e+00,1.178310335996951785e+00
2.293999910354614258e+00,1.180161460412182617e+00,1.176285678288741421e+00,1.175053917813014603e+00,1.178396436630278599e+00
2.294300079345703125e+00,1.180247447323310883e+00,1.176372328426909863e+00,1.175139822882505847e+00,1.178483470504176012e+00
2.294600009918212891e+00,1.180335001965502562e+00,1.176459370322838538e+00,1.175226598785080956e+00,1.178570765001483167e+00
2.294899940490722656e+00,1.180421588127925414e+00,1.176547128391804531e+00,1.175313869389788879e+00,1.178657477223872263e+00
2.295200109481811523e+00,1.180509548672289410e+00,1.176635727531358810e+00,1.175401659669381260e+00,1.178745903522843363e+00
2.295500040054321289e+00,1.180598780866565889e+00,1.176724798545742967e+00,1.175490091996552300e+00,1.178834246681327746e+00
2.295799970626831055e+00,1.180687806119347538e+00,1.176813927889263311e+00,1.175578551824008944e+00,1.178925139809716027e+00
2.296099901199340820e+00,1.180777227630247062e+00,1.176904121400404568e+00,1.175667323763940120e+00,1.179013592762445217e+00
2.296400070190429688e+00,1.180867406544639842e+00,1.176994467912909847e+00,1.175757422126063156e+00,1.179104526425922783e+00
2.296700000762939453e+00,1.180957911811597372e+00,1.177085954222220510e+00,1.175847946439473990e+00,1.179195477179240337e+00
2.296999931335449219e+00,1.181049634232455681e+00,1.177178026714610581e+00,1.175938959925879823e+00,1.179287368670543845e+00
2.297300100326538086e+00,1.181141342476083045e+00,1.177269626752560194e+00,1.176029973241965010e+00,1.179378669229987464e+00
2.297600030899047852e+00,1.181233556906319926e+00,1.177362985849568444e+00,1.176122228562177074e+00,1.179472201719510061e+00
2.297899961471557617e+00,1.181325898201733615e+00,1.177456614714657235e+00,1.176213770034140849e+00,1.179564295528782836e+00
2.298199892044067383e+00,1.181419436823907931e+00,1.177549360694223113e+00,1.176307363558694696e+00,1.179657622167517683e+00
2.298500061035156250e+00,1.181512868321535015e+00,1.177643901457072984e+00,1.176401448718389364e+00,1.179752425097602364e+00
2.298799991607666016e+00,1.181608528611543862e+00,1.177738532949477612e+00,1.176494971612933593e+00,1.179846478292080558e+00
2.299099922180175781e+00,1.181703139381867107e+00,1.177833787572371227e+00,1.176589714008447363e+00,1.179941622550959579e+00
2.299400091171264648e+00,1.181798554757567343e+00,1.177929840773816794e+00,1.176684835498471804e+00,1.180037656617132225e+00
2.299700021743774414e+00,1.181895101852564967e+00,1.178026266527105514e+00,1.176780159449597907e+00,1.180133137504734364e+00
2.299999952316284180e+00,1.181991870145828294e+00,1.178123353513460092e+00,1.176876010833749042e+00,1.180230871978623419e+00
