frequency_ghz,port1_rl_db,port2_rl_db,port3_rl_db,port4_rl_db
2.000000000000000000e+00,1.185671530969123255e+00,1.188182577019476938e+00,1.188348355247147881e+00,1.187216688157946454e+00
2.000299930572509766e+00,1.185702784178325642e+00,1.188214641510791036e+00,1.188377294518599081e+00,1.187244692090706710e+00
2.000600099563598633e+00,1.185736265680637169e+00,1.188250924342984183e+00,1.188407976439302294e+00,1.187273609943676922e+00
2.000900030136108398e+00,1.185772128399094516e+00,1.188288399200574608e+00,1.188442023153997162e+00,1.187306003945615140e+00
2.001199960708618164e+00,1.185811136135267008e+00,1.188328828041301355e+00,1.188478148063757622e+00,1.187340383639199137e+00
2.001499891281127930e+00,1.185852086101585101e+00,1.188371152696904076e+00,1.188516317886365581e+00,1.187377876415322886e+00
2.001800060272216797e+00,1.185896637457956260e+00,1.188417182220925739e+00,1.188557602853701933e+00,1.187417522594098385e+00
2.002099990844726562e+00,1.185942181661077344e+00,1.188464933717338745e+00,1.188601724446557206e+00,1.187459728096648792e+00
2.002399921417236328e+00,1.185991290269602594e+00,1.188515558086694845e+00,1.188647588957282730e+00,1.187504463168216118e+00
2.002700090408325195e+00,1.186042985053253673e+00,1.188567409462025770e+00,1.188697377873455752e+00,1.187553403482600300e+00
2.003000020980834961e+00,1.186097575623640932e+00,1.188622855469468664e+00,1.188748147038270364e+00,1.187602379514592688e+00
2.003299951553344727e+00,1.186153809834461059e+00,1.188682239923553263e+00,1.188802751330154006e+00,1.187655902600300184e+00
2.003599882125854492e+00,1.186212391403590027e+00,1.188742029942787104e+00,1.188859162548833392e+00,1.187711102078127912e+00
2.003900051116943359e+00,1.186275062330941044e+00,1.188805779490474723e+00,1.188918442177329116e+00,1.187768161285946311e+00
2.004199981689453125e+00,1.186339043342622634e+00,1.188871692305217609e+00,1.188980410457254555e+00,1.187829404471323569e+00
2.004499912261962891e+00,1.186406455713576280e+00,1.188940867213040598e+00,1.189043742635645495e+00,1.187891553548869661e+00
2.004800081253051758e+00,1.186475715400964415e+00,1.189011605113203363e+00,1.189111490384089809e+00,1.187957410856822049e+00
2.005100011825561523e+00,1.186547439952964744e+00,1.189085084985329610e+00,1.189180558866416160e+00,1.188025402546817766e+00
2.005399942398071289e+00,1.186621942539743735e+00,1.189162049259045117e+00,1.189252149184455210e+00,1.188096891954825818e+00
2.005700111389160156e+00,1.186698829749513129e+00,1.189240006092729729e+00,1.189327430513609674e+00,1.188169714545834532e+00
2.006000041961669922e+00,1.186779219019854725e+00,1.189321178365767118e+00,1.189404121641483680e+00,1.188245810237494204e+00
2.006299972534179688e+00,1.186862146019846964e+00,1.189405137312235849e+00,1.189483182029648534e+00,1.188323791876936042e+00
2.006599903106689453e+00,1.186945986658142216e+00,1.189491604162663529e+00,1.189565341774460272e+00,1.188403884459948934e+00
2.006900072097778320e+00,1.187033738992802068e+00,1.189580076329342928e+00,1.189650504001060982e+00,1.188488350454990128e+00
2.007200002670288086e+00,1.187124313101533879e+00,1.189671958247573214e+00,1.189738676551872931e+00,1.188574204747063323e+00
2.007499933242797852e+00,1.187216608545038410e+00,1.189766719551182961e+00,1.189828364469874611e+00,1.188662935032877677e+00
2.007800102233886719e+00,1.187311765063047364e+00,1.189863041824863021e+00,1.189921494406285474e+00,1.188753936284572932e+00
2.008100032806396484e+00,1.187410245251699248e+00,1.189962870792330651e+00,1.190016565769552059e+00,1.188847989254008475e+00
2.008399963378906250e+00,1.187509655006663722e+00,1.190064108276241317e+00,1.190114583073195842e+00,1.188944906741064678e+00
2.008699893951416016e+00,1.187612814447330578e+00,1.190168198175230119e+00,1.190213773037602563e+00,1.189043356084590108e+00
2.009000062942504883e+00,1.187718347504285177e+00,1.190276162417871708e+00,1.190316394190729099e+00,1.189144949711090860e+00
2.009299993515014648e+00,1.187826760840139162e+00,1.190385051711206010e+00,1.190422369978110462e+00,1.189248895133609096e+00
2.009599924087524414e+00,1.187936807526723371e+00,1.190497993222837891e+00,1.190530672266887358e+00,1.189355407103582785e+00
2.009900093078613281e+00,1.188050340609748012e+00,1.190612069852429844e+00,1.190640827087176223e+00,1.189464090569464672e+00
2.010200023651123047e+00,1.188166087582768871e+00,1.190729200643099839e+00,1.190753852640242805e+00,1.189576581645919839e+00
2.010499954223632812e+00,1.188285225626822816e+00,1.190849487261071982e+00,1.190870402812480799e+00,1.189691599237304276e+00
2.010799884796142578e+00,1.188406564586454772e+00,1.190972013490155135e+00,1.190988023162787623e+00,1.189807987186683569e+00
2.011100053787231445e+00,1.188529621469292419e+00,1.191096977122824141e+00,1.191109785134440546e+00,1.189927627507143093e+00
2.011399984359741211e+00,1.188655437141127535e+00,1.191225662569337151e+00,1.191232660200432392e+00,1.190050994752916314e+00
2.011699914932250977e+00,1.188784114914127166e+00,1.191355155094746987e+00,1.191359049592059627e+00,1.190175358394907290e+00
2.012000083923339844e+00,1.188914981908941293e+00,1.191488800350682720e+00,1.191486762087333506e+00,1.190302850197075824e+00
2.012300014495849609e+00,1.189049980161522857e+00,1.191623203404066134e+00,1.191618419117949301e+00,1.190432151798292093e+00
2.012599945068359375e+00,1.189185838556278352e+00,1.191761725215776613e+00,1.191752404216847694e+00,1.190565305669722074e+00
2.012900114059448242e+00,1.189324885874291748e+00,1.191902029431443300e+00,1.191888996220435759e+00,1.190700491590539256e+00
2.013200044631958008e+00,1.189467251600901498e+00,1.192044467342126879e+00,1.192027704455022263e+00,1.190838040812912446e+00
2.013499975204467773e+00,1.189610592574697145e+00,1.192191236979472047e+00,1.192169203626372909e+00,1.190978284898452033e+00
2.013799905776977539e+00,1.189757513337684758e+00,1.192339078419772047e+00,1.192314029168687117e+00,1.191121899982928500e+00
2.014100074768066406e+00,1.189907783957503185e+00,1.192490272351772518e+00,1.192460472103261893e+00,1.191266936509114416e+00
2.014400005340576172e+00,1.190059294646617527e+00,1.192643746540883232e+00,1.192608739766522818e+00,1.191415115550246817e+00
2.014699935913085938e+00,1.190214329943974914e+00,1.192799700795668327e+00,1.192761706508423281e+00,1.191565789508336914e+00
2.015000104904174805e+00,1.190372235697750858e+00,1.192958859158736784e+00,1.192916854613660593e+00,1.191719283103957583e+00
2.015300035476684570e+00,1.190531272691910614e+00,1.193120481557404577e+00,1.193072412776273072e+00,1.191875080674615450e+00
2.015599966049194336e+00,1.190694074280280068e+00,1.193284080066259634e+00,1.193232795329916884e+00,1.192033026931583084e+00
2.015899896621704102e+00,1.190859641282730808e+00,1.193450027710334149e+00,1.193395632737284551e+00,1.192195114496168884e+00
2.016200065612792969e+00,1.191026513737674319e+00,1.193619961103087546e+00,1.193559615378426919e+00,1.192358602887900965e+00
2.016499996185302734e+00,1.191197070751685905e+00,1.193790910203170075e+00,1.193726992750783866e+00,1.192525473715234430e+00
2.016799926757812500e+00,1.191369903208830072e+00,1.193966240445412552e+00,1.193898051551480988e+00,1.192693761928399931e+00
2.017100095748901367e+00,1.191545998913028592e+00,1.194143304536781525e+00,1.194070168463691184e+00,1.192865550749081738e+00
2.017400026321411133e+00,1.191723748361878776e+00,1.194322528463402477e+00,1.194246156579895413e+00,1.193039189525632482e+00
2.017699956893920898e+00,1.191904843547198167e+00,1.194504652217883489e+00,1.194423834453612665e+00,1.193216944198309371e+00
2.017999887466430664e+00,1.192088288957174891e+00,1.194689270070406817e+00,1.194604415593293112e+00,1.193396073491114873e+00
2.018300056457519531e+00,1.192274334009734815e+00,1.194876540663059483e+00,1.194787292683757496e+00,1.193577753089532845e+00
2.018599987030029297e+00,1.192461675600553495e+00,1.195066923146397286e+00,1.194974165582781023e+00,1.193762523984357227e+00
2.018899917602539062e+00,1.192652629633271344e+00,1.195258897318995706e+00,1.195162033958395487e+00,1.193950095147369383e+00
2.019200086593627930e+00,1.192847037307400049e+00,1.195455115680389868e+00,1.195352764341962803e+00,1.194140056993452159e+00
2.019500017166137695e+00,1.193043955377078413e+00,1.195652580227270168e+00,1.195546872304413810e+00,1.194331947093382196e+00
2.019799947738647461e+00,1.193242810468976955e+00,1.195852772170856060e+00,1.195742007437916143e+00,1.194527789637883419e+00
2.020100116729736328e+00,1.193444656463282794e+00,1.196055869693208429e+00,1.195941180797446934e+00,1.194725324427523327e+00
2.020400047302246094e+00,1.193648927847501762e+00,1.196261574171304298e+00,1.196142819519660838e+00,1.194924460313598003e+00
2.020699977874755859e+00,1.193855288111151047e+00,1.196471001340036810e+00,1.196347618785257083e+00,1.195128826084810969e+00
2.020999908447265625e+00,1.194064491619633239e+00,1.196681966905716488e+00,1.196554343667759923e+00,1.195334089257979349e+00
2.021300077438354492e+00,1.194277183714299362e+00,1.196894649502543206e+00,1.196763330492311539e+00,1.195541955520560196e+00
2.021600008010864258e+00,1.194492459915359683e+00,1.197111324295474732e+00,1.196975293856723743e+00,1.195754058723968116e+00
2.021899938583374023e+00,1.194710117673704275e+00,1.197330590714119181e+00,1.197189664842220669e+00,1.195967402540873081e+00
2.022200107574462891e+00,1.194929122659107223e+00,1.197551624534001879e+00,1.197407323408140378e+00,1.196182680302884549e+00
2.022500038146972656e+00,1.195152781815612242e+00,1.197775524828831983e+00,1.197627328745497488e+00,1.196401125347106742e+00
2.022799968719482422e+00,1.195377551970848051e+00,1.198001999793419925e+00,1.197849766868176236e+00,1.196622510045970866e+00
2.023099899291992188e+00,1.195606162140794515e+00,1.198231637470795974e+00,1.198075069001731663e+00,1.196847076162129042e+00
2.023400068283081055e+00,1.195835655265671038e+00,1.198463954747768012e+00,1.198302853289559211e+00,1.197074231921118281e+00
2.023699998855590820e+00,1.196069176765388820e+00,1.198698727907097528e+00,1.198533680661942658e+00,1.197302684971104147e+00
2.023999929428100586e+00,1.196305193863767657e+00,1.198936632936131508e+00,1.198767297735073845e+00,1.197535681258609097e+00
2.024300098419189453e+00,1.196543601766391962e+00,1.199176339120918477e+00,1.199002144767081113e+00,1.197769593766881524e+00
2.024600028991699219e+00,1.196785937950426204e+00,1.199419010632999827e+00,1.199240691714594353e+00,1.198008022580424825e+00
2.024899959564208984e+00,1.197029437576616395e+00,1.199664641582790292e+00,1.199481791372595474e+00,1.198247329272552841e+00
2.025199890136718750e+00,1.197276062194627233e+00,1.199911924138824304e+00,1.199724771227503428e+00,1.198489681268079199e+00
2.025500059127807617e+00,1.197525052666772005e+00,1.200162787439298162e+00,1.199971975282067005e+00,1.198735474264563283e+00
2.025799989700317383e+00,1.197776880115374309e+00,1.200415948641569086e+00,1.200221128215983368e+00,1.198982543650948696e+00
2.026099920272827148e+00,1.198031301354953282e+00,1.200671846906801621e+00,1.200472461773532284e+00,1.199233723226256432e+00
2.026400089263916016e+00,1.198288356860667481e+00,1.200931095743695387e+00,1.200726489953737985e+00,1.199487064613348641e+00
2.026700019836425781e+00,1.198548378298217809e+00,1.201192319817048659e+00,1.200984434281371138e+00,1.199743441815152467e+00
2.026999950408935547e+00,1.198811069926168704e+00,1.201455563981071339e+00,1.201243655939176147e+00,1.200001959208848223e+00
2.027299880981445312e+00,1.199076636767798743e+00,1.201722860819532279e+00,1.201505677620232859e+00,1.200263432366087235e+00
2.027600049972534180e+00,1.199343778503727753e+00,1.201991649072576163e+00,1.201770931984489810e+00,1.200526480467535517e+00
2.027899980545043945e+00,1.199613934855173314e+00,1.202264037242438688e+00,1.202038104878075497e+00,1.200793385991799189e+00
2.028199911117553711e+00,1.199886973231783394e+00,1.202538196412440641e+00,1.202309066698561857e+00,1.201062764234486435e+00
2.028500080108642578e+00,1.200163008652280539e+00,1.202815758452006722e+00,1.202581941220417727e+00,1.201334572333826456e+00
2.028800010681152344e+00,1.200442372339580732e+00,1.203095952402622126e+00,1.202857955768974252e+00,1.201609316689037588e+00
2.029099941253662109e+00,1.200724096195119550e+00,1.203378312485671620e+00,1.203136237280032050e+00,1.201887098198761938e+00
2.029400110244750977e+00,1.201006740046828503e+00,1.203664009414300073e+00,1.203417741992810264e+00,1.202166603180570226e+00
2.029700040817260742e+00,1.201293159914494257e+00,1.203951797220281117e+00,1.203701624099604794e+00,1.202449794806524030e+00
2.029999971389770508e+00,1.201582706572922099e+00,1.204242732098675051e+00,1.203987874834943739e+00,1.202735399810383354e+00
2.030299901962280273e+00,1.201874147650334068e+00,1.204535712792128788e+00,1.204276254890145115e+00,1.203023557860903869e+00
2.030600070953369141e+00,1.202168766831306357e+00,1.204832104601542664e+00,1.204568198789364164e+00,1.203313913865257545e+00
2.030900001525878906e+00,1.202467011289022558e+00,1.205130966987405516e+00,1.204863485888495456e+00,1.203607360228850620e+00
2.031199932098388672e+00,1.202766213807719309e+00,1.205431610194816372e+00,1.205159999013691419e+00,1.203903535964936378e+00
2.031500101089477539e+00,1.203068795287433268e+00,1.205736196216464107e+00,1.205460777845695830e+00,1.204202328064655658e+00
2.031800031661987305e+00,1.203374520782320323e+00,1.206043649759634517e+00,1.205762728687524321e+00,1.204504121167949471e+00
2.032099962234497070e+00,1.203682382832624631e+00,1.206353679937738121e+00,1.206068621926353668e+00,1.204808744290300382e+00
2.032399892807006836e+00,1.203994610226005291e+00,1.206665685315559733e+00,1.206376762700678063e+00,1.205115654449435025e+00
2.032700061798095703e+00,1.204308241297405102e+00,1.206980666418725257e+00,1.206687353487982284e+00,1.205425863361731853e+00
2.032999992370605469e+00,1.204623812481812717e+00,1.207299125704034193e+00,1.207001092344350379e+00,1.205738055132222541e+00
2.033299922943115234e+00,1.204942737005050057e+00,1.207618434175080413e+00,1.207317493814614950e+00,1.206053557407033683e+00
2.033600091934204102e+00,1.205265180905928268e+00,1.207942035170650907e+00,1.207636710640207056e+00,1.206370947745340150e+00
2.033900022506713867e+00,1.205589853461257244e+00,1.208267980934631503e+00,1.207957859931793276e+00,1.206692018906973196e+00
2.034199953079223633e+00,1.205915953889873604e+00,1.208596242930770170e+00,1.208281897362069479e+00,1.207014528509687601e+00
2.034499883651733398e+00,1.206246097420920371e+00,1.208928160115448680e+00,1.208609587467022628e+00,1.207340971293220155e+00
2.034800052642822266e+00,1.206579280124407294e+00,1.209262095756319821e+00,1.208939377769205015e+00,1.207670250438540593e+00
2.035099983215332031e+00,1.206915294344733880e+00,1.209598829217410021e+00,1.209271688426927893e+00,1.208001835216743647e+00
2.035399913787841797e+00,1.207252722949820001e+00,1.209938620757767147e+00,1.209607133087800435e+00,1.208336486293550172e+00
2.035700082778930664e+00,1.207593255039020264e+00,1.210280624517014125e+00,1.209945317073858106e+00,1.208673268138075851e+00
2.036000013351440430e+00,1.207937263441459352e+00,1.210626849152419471e+00,1.210286086702302422e+00,1.209013149985445290e+00
2.036299943923950195e+00,1.208283279711246605e+00,1.210974300605310638e+00,1.210629835112976505e+00,1.209355547174686407e+00
2.036600112915039062e+00,1.208632196470591058e+00,1.211325139564777498e+00,1.210976056568777270e+00,1.209700469726505245e+00
2.036900043487548828e+00,1.208983914052355280e+00,1.211678097265571630e+00,1.211325202010752111e+00,1.210049182102146847e+00
2.037199974060058594e+00,1.209339016295754687e+00,1.212033810337459938e+00,1.211677133957266062e+00,1.210399482768437451e+00
2.037499904632568359e+00,1.209696461282235846e+00,1.212393374085614983e+00,1.212031759452240731e+00,1.210753034174453457e+00
2.037800073623657227e+00,1.210056136922669667e+00,1.212754713623906078e+00,1.212388882175349902e+00,1.211109002102359389e+00
2.038100004196166992e+00,1.210419929107807269e+00,1.213119444678071979e+00,1.212748445627529259e+00,1.211469094961946213e+00
2.038399934768676758e+00,1.210784740218651567e+00,1.213486038808404555e+00,1.213112177026054006e+00,1.211830141632581403e+00
2.038700103759765625e+00,1.211153672796461356e+00,1.213856199519796730e+00,1.213477567164819693e+00,1.212195735174688371e+00
2.039000034332275391e+00,1.211525055611222035e+00,1.214228806963914220e+00,1.213845788419349425e+00,1.212562954780366020e+00
2.039299964904785156e+00,1.211899299511273620e+00,1.214603506544454037e+00,1.214216737166505578e+00,1.212932255340714915e+00
2.039599895477294922e+00,1.212275274832767202e+00,1.214982639955287436e+00,1.214591679775578248e+00,1.213306397256214586e+00
2.039900064468383789e+00,1.212655267579547669e+00,1.215363244433047996e+00,1.214968773382102185e+00,1.213681245115911134e+00
2.040199995040893555e+00,1.213037436580533424e+00,1.215748238442233120e+00,1.215348581788981752e+00,1.214059891792839796e+00
2.040499925613403320e+00,1.213422394010754246e+00,1.216134620798135835e+00,1.215729625620256771e+00,1.214441834813584142e+00
2.040800094604492188e+00,1.213810251037849230e+00,1.216523956394915063e+00,1.216114857631155122e+00,1.214825582641097190e+00
2.041100025177001953e+00,1.214202050692078982e+00,1.216915020698657202e+00,1.216503130297661661e+00,1.215212301387520011e+00
2.041399955749511719e+00,1.214595169156038823e+00,1.217311238298030673e+00,1.216893559511893264e+00,1.215602689881391196e+00
2.041699886322021484e+00,1.214991418015329616e+00,1.217708827012607298e+00,1.217286995870038968e+00,1.215995134173744496e+00
2.042000055313110352e+00,1.215390040480996303e+00,1.218109776455811755e+00,1.217683437999314666e+00,1.216390095247992686e+00
2.042299985885620117e+00,1.215792651579123973e+00,1.218512591006470469e+00,1.218082736315216907e+00,1.216788709319725159e+00
2.042599916458129883e+00,1.216197014333411985e+00,1.218919109131577638e+00,1.218485602395171785e+00,1.217189310539365854e+00
2.042900085449218750e+00,1.216603818068478393e+00,1.219328655018226737e+00,1.218889421887348279e+00,1.217593602929538665e+00
2.043200016021728516e+00,1.217014799848260109e+00,1.219740543696887558e+00,1.219297514183840470e+00,1.217999633034005047e+00
2.043499946594238281e+00,1.217427580208031213e+00,1.220155071142211334e+00,1.219708223998049235e+00,1.218408978677662180e+00
2.043800115585327148e+00,1.217843900842771054e+00,1.220572379803103624e+00,1.220122123937027236e+00,1.218821496125745307e+00
2.044100046157836914e+00,1.218262968227226350e+00,1.220993537511803506e+00,1.220537257826189714e+00,1.219237630940801065e+00
2.044399976730346680e+00,1.218684744308587531e+00,1.221416103004586251e+00,1.220955927425432019e+00,1.219654889597891145e+00
2.044699907302856445e+00,1.219109010228582424e+00,1.221841776399689383e+00,1.221378285109640416e+00,1.220075960604141363e+00
2.045000076293945312e+00,1.219536831544665079e+00,1.222271388344431609e+00,1.221802824135101773e+00,1.220499828974729528e+00
2.045300006866455078e+00,1.219967229105264117e+00,1.222703773553494022e+00,1.222230609156568892e+00,1.220925852841486137e+00
2.045599937438964844e+00,1.220399888692009327e+00,1.223137777056451325e+00,1.222660936906727835e+00,1.221355700617214435e+00
2.045900106430053711e+00,1.220835979707555197e+00,1.223575212672788792e+00,1.223094190187962393e+00,1.221788305315950840e+00
2.046200037002563477e+00,1.221275155836194060e+00,1.224015416718617022e+00,1.223530662325750473e+00,1.222222170634869265e+00
2.046499967575073242e+00,1.221716075854643258e+00,1.224459116721879681e+00,1.223968494628729919e+00,1.222661834731292085e+00
2.046799898147583008e+00,1.222160666823305819e+00,1.224905704109020332e+00,1.224411662130624245e+00,1.223102119338010052e+00
2.047100067138671875e+00,1.222609067723045229e+00,1.225354577408194645e+00,1.224855782801104631e+00,1.223545767109500026e+00
2.047399997711181641e+00,1.223058791189080896e+00,1.225807217294348384e+00,1.225302852061086245e+00,1.223992102831635620e+00
2.047699928283691406e+00,1.223511831518454329e+00,1.226260761673911404e+00,1.225754215624245358e+00,1.224441657531179173e+00
2.048000097274780273e+00,1.223967385104798078e+00,1.226718160811640868e+00,1.226207992029183735e+00,1.224893670467972928e+00
2.048300027847290039e+00,1.224426913803994044e+00,1.227178445799821382e+00,1.226663107479737835e+00,1.225349155433570703e+00
2.048599958419799805e+00,1.224888866699880507e+00,1.227642367987904937e+00,1.227122309541901046e+00,1.225808156059871257e+00
2.048899888992309570e+00,1.225353230488651413e+00,1.228108640177432598e+00,1.227584421712321516e+00,1.226268303343873267e+00
2.049200057983398438e+00,1.225820884172062364e+00,1.228578251817509237e+00,1.228048584044284297e+00,1.226732219151430492e+00
2.049499988555908203e+00,1.226291195155057467e+00,1.229050466833371935e+00,1.228517312752074098e+00,1.227198847889451994e+00
2.049799919128417969e+00,1.226764364134029561e+00,1.229525472905549366e+00,1.228987873387445529e+00,1.227669478981838536e+00
2.050100088119506836e+00,1.227240965607014456e+00,1.230003783185049882e+00,1.229461996672269297e+00,1.228142188744070662e+00
2.050400018692016602e+00,1.227720153463575326e+00,1.230483735920244959e+00,1.229938624898819999e+00,1.228617474501561446e+00
2.050699949264526367e+00,1.228202868047276297e+00,1.230967556897578419e+00,1.230418018727691631e+00,1.229096097693775036e+00
2.051000118255615234e+00,1.228687640702683881e+00,1.231454471975830245e+00,1.230901107467017086e+00,1.229577555143387180e+00
2.051300048828125000e+00,1.229175017898181732e+00,1.231943261108090049e+00,1.231386390678471221e+00,1.230061166620387780e+00
2.051599979400634766e+00,1.229665898475114760e+00,1.232437805971163813e+00,1.231873707486825120e+00,1.230549152081692688e+00
2.051899909973144531e+00,1.230159731609438367e+00,1.232932339465414140e+00,1.232364399241578035e+00,1.231038678667875086e+00
2.052200078964233398e+00,1.230657017205107007e+00,1.233430083697561797e+00,1.232859623036489438e+00,1.231532434690065347e+00
2.052500009536743164e+00,1.231156950476562484e+00,1.233932452746739683e+00,1.233356228965257539e+00,1.232028231910642591e+00
2.052799940109252930e+00,1.231658684354395739e+00,1.234436322488790427e+00,1.233856129576143879e+00,1.232528035979127967e+00
2.053100109100341797e+00,1.232165024802021058e+00,1.234944010327990949e+00,1.234359929875125772e+00,1.233029134816769901e+00
2.053400039672851562e+00,1.232673010404115699e+00,1.235454311179132514e+00,1.234865879072275963e+00,1.233534510700442954e+00
2.053699970245361328e+00,1.233184630086971767e+00,1.235967802673930027e+00,1.235374653016472424e+00,1.234042706052606242e+00
2.053999900817871094e+00,1.233699378671667013e+00,1.236482614304966088e+00,1.235887140664080119e+00,1.234553355047234513e+00
2.054300069808959961e+00,1.234216849324312415e+00,1.237003657611650986e+00,1.236401609652571398e+00,1.235067188165468233e+00
2.054600000381469727e+00,1.234738112876405447e+00,1.237524393452539728e+00,1.236919678198385331e+00,1.235584073124279758e+00
2.054899930953979492e+00,1.235260799816067179e+00,1.238050282219687492e+00,1.237440485276404711e+00,1.236103100887275374e+00
2.055200099945068359e+00,1.235787520939763073e+00,1.238578278783102116e+00,1.237963842600548592e+00,1.236626593786263939e+00
2.055500030517578125e+00,1.236317308036156248e+00,1.239109919647442881e+00,1.238491226459949246e+00,1.237152810559337679e+00
2.055799961090087891e+00,1.236850083778098242e+00,1.239643515057421430e+00,1.239020236325618862e+00,1.237680882443878083e+00
2.056099891662597656e+00,1.237384769634181980e+00,1.240180932904161537e+00,1.239553898278587862e+00,1.238213479006819773e+00
2.056400060653686523e+00,1.237923833346421310e+00,1.240721211505169341e+00,1.240089685305783229e+00,1.238748089646078077e+00
2.056699991226196289e+00,1.238465031012218942e+00,1.241264729706445413e+00,1.240629336040588893e+00,1.239286381380294344e+00
2.056999921798706055e+00,1.239009705880917966e+00,1.241811052006469129e+00,1.241171075845520999e+00,1.239827563357009277e+00
2.057300090789794922e+00,1.239557289524548356e+00,1.242360276961987697e+00,1.241715698519294753e+00,1.240370466458420529e+00
2.057600021362304688e+00,1.240106987188827059e+00,1.242912620535588264e+00,1.242263508396674432e+00,1.240918568717051862e+00
2.057899951934814453e+00,1.240660552455287169e+00,1.243467450274573283e+00,1.242815091440331754e+00,1.241468536409076950e+00
2.058199882507324219e+00,1.241217730357671467e+00,1.244025976229230279e+00,1.243368205447093588e+00,1.242021668119727806e+00
2.058500051498413086e+00,1.241776930522175970e+00,1.244587671168298160e+00,1.243925509213790415e+00,1.242577110464514023e+00
2.058799982070922852e+00,1.242340004966792311e+00,1.245151152649943915e+00,1.244485547786255086e+00,1.243135946242230006e+00
2.059099912643432617e+00,1.242906001123303739e+00,1.245719577271768408e+00,1.245049003665419374e+00,1.243698152711410820e+00
2.059400081634521484e+00,1.243474374863387411e+00,1.246290009333858917e+00,1.245615165155263604e+00,1.244263379318626184e+00
2.059700012207031250e+00,1.244045825395212912e+00,1.246863325618571938e+00,1.246184622234715711e+00,1.244832181157975670e+00
2.059999942779541016e+00,1.244620930611349152e+00,1.247439933902552589e+00,1.246757375072286678e+00,1.245403179355995205e+00
2.060300111770629883e+00,1.245198562143410737e+00,1.248019883835677746e+00,1.247331982114018301e+00,1.245977880893350154e+00
2.060600042343139648e+00,1.245780037000372431e+00,1.248602755534130360e+00,1.247911553835558074e+00,1.246555241887876253e+00
2.060899972915649414e+00,1.246364302174960637e+00,1.249189398448848465e+00,1.248492880586806963e+00,1.247136269229190741e+00
2.061199903488159180e+00,1.246951791213713134e+00,1.249777822781156456e+00,1.249077587366700826e+00,1.247720155354582472e+00
2.061500072479248047e+00,1.247541283799822764e+00,1.250370245170435712e+00,1.249665649385983013e+00,1.248306161229796096e+00
2.061800003051757812e+00,1.248134759396393179e+00,1.250965724687258307e+00,1.250256893577471606e+00,1.248895926352666441e+00
2.062099933624267578e+00,1.248731371342916896e+00,1.251564022670311527e+00,1.250851163372208807e+00,1.249488699624486276e+00
2.062400102615356445e+00,1.249330564009575317e+00,1.252165739646242892e+00,1.251447028073038092e+00,1.250084428910798184e+00
2.062700033187866211e+00,1.249933813562570384e+00,1.252770490086378752e+00,1.252047594245420115e+00,1.250684634368337322e+00
2.062999963760375977e+00,1.250539438752375165e+00,1.253377927586132090e+00,1.252651060578964692e+00,1.251286879973440014e+00
2.063299894332885742e+00,1.251148379786282572e+00,1.253987800941111175e+00,1.253257332142721836e+00,1.251892690768568128e+00
2.063600063323974609e+00,1.251760334818475151e+00,1.254602400335613321e+00,1.253867325382815645e+00,1.252501332675763468e+00
2.063899993896484375e+00,1.252376134944705566e+00,1.255219239583230006e+00,1.254480477704816854e+00,1.253112448595347317e+00
2.064199924468994141e+00,1.252993255628580549e+00,1.255840252926687439e+00,1.255095643566310315e+00,1.253727540423531295e+00
2.064500093460083008e+00,1.253615287585823079e+00,1.256462671452075686e+00,1.255715401040431223e+00,1.254346204196351788e+00
2.064800024032592773e+00,1.254240741082421895e+00,1.257089986929105674e+00,1.256337750304424628e+00,1.254967502672370561e+00
2.065099954605102539e+00,1.254867866687356504e+00,1.257719232777358753e+00,1.256963022349485426e+00,1.255590917137016094e+00
2.065399885177612305e+00,1.255498720212888886e+00,1.258353302093078607e+00,1.257591556480969874e+00,1.256219113499351669e+00
2.065700054168701172e+00,1.256132735199460448e+00,1.258989164526775006e+00,1.258223083674690157e+00,1.256849196715406514e+00
2.065999984741210938e+00,1.256770530020667742e+00,1.259627428711035613e+00,1.258858637580245965e+00,1.257482760809957689e+00
2.066299915313720703e+00,1.257410765896585847e+00,1.260270809714653106e+00,1.259496219305513476e+00,1.258120328011213651e+00
2.066600084304809570e+00,1.258053891949509229e+00,1.260915406207797629e+00,1.260137734790256925e+00,1.258761009102480344e+00
2.066900014877319336e+00,1.258701079763251851e+00,1.261565100903447867e+00,1.260782463395538233e+00,1.259403805284036171e+00
2.067199945449829102e+00,1.259351089661189249e+00,1.262217445412824546e+00,1.261430486095729053e+00,1.260050285879900089e+00
2.067500114440917969e+00,1.260004391242606214e+00,1.262871649887176595e+00,1.262080699799547290e+00,1.260700365191316008e+00
2.067800045013427734e+00,1.260661181735180492e+00,1.263531519941309522e+00,1.262734869776182656e+00,1.261354453769913064e+00
2.068099975585937500e+00,1.261320740700192289e+00,1.264192858352664040e+00,1.263391832759345412e+00,1.262009524002396521e+00
2.068399906158447266e+00,1.261983755404257890e+00,1.264857369320884439e+00,1.264053141682700776e+00,1.262669833773607531e+00
2.068700075149536133e+00,1.262650695101459108e+00,1.265526048326449660e+00,1.264716900452109272e+00,1.263332709287104283e+00
2.069000005722045898e+00,1.263318560354617093e+00,1.266196572194607572e+00,1.265384085764758249e+00,1.263998144730346329e+00
2.069299936294555664e+00,1.263992401967421131e+00,1.266871254566635852e+00,1.266055005601883998e+00,1.264667402629464421e+00
2.069600105285644531e+00,1.264667790867972208e+00,1.267549767914155634e+00,1.266728634744953785e+00,1.265339930616628195e+00
2.069900035858154297e+00,1.265346330536817332e+00,1.268230118607591939e+00,1.267405291629571940e+00,1.266015344275032373e+00
2.070199966430664062e+00,1.266029573012066534e+00,1.268915908675415594e+00,1.268084773879452953e+00,1.266694116876291076e+00
2.070499897003173828e+00,1.266714963111748249e+00,1.269603330642807615e+00,1.268767770440373477e+00,1.267377080179277637e+00
2.070800065994262695e+00,1.267403713806304566e+00,1.270294226566600848e+00,1.269455470243177952e+00,1.268062729903792762e+00
2.071099996566772461e+00,1.268095928949029894e+00,1.270988545653694013e+00,1.270144963127876059e+00,1.268751400979549970e+00
2.071399927139282227e+00,1.268791868335125361e+00,1.271686115374610848e+00,1.270838029616855547e+00,1.269443698795631237e+00
2.071700096130371094e+00,1.269490448160798479e+00,1.272387162964900620e+00,1.271535114270758937e+00,1.270138926200401919e+00
2.072000026702880859e+00,1.270192557987864124e+00,1.273091008002838809e+00,1.272235056791101826e+00,1.270837378267249074e+00
2.072299957275390625e+00,1.270898401748477236e+00,1.273799159145784232e+00,1.272937112308493157e+00,1.271539887400592095e+00
2.072599887847900391e+00,1.271606593370013361e+00,1.274508885605534214e+00,1.273644920806583425e+00,1.272244905123590897e+00
2.072900056838989258e+00,1.272318563746829945e+00,1.275223663883536807e+00,1.274354637852674887e+00,1.272953761549016516e+00
2.073199987411499023e+00,1.273034122961649750e+00,1.275941708293149013e+00,1.275067394479019400e+00,1.273665818084274370e+00
2.073499917984008789e+00,1.273752516793509537e+00,1.276662452720032981e+00,1.275783099667481935e+00,1.274380679395080040e+00
2.073800086975097656e+00,1.274474668168688485e+00,1.277386403643629986e+00,1.276503298053025759e+00,1.275099262632399810e+00
2.074100017547607422e+00,1.275200269245596818e+00,1.278113941291532329e+00,1.277227440972784400e+00,1.275820944426400372e+00
2.074399948120117188e+00,1.275928195761948825e+00,1.278844881024050695e+00,1.277952485542096506e+00,1.276546524720535425e+00
2.074700117111206055e+00,1.276660505205308827e+00,1.279579585864650815e+00,1.278684125983100772e+00,1.277275330408550458e+00
2.075000047683715820e+00,1.277396085607209297e+00,1.280316516462765231e+00,1.279416955107006926e+00,1.278008354719951667e+00
2.075299978256225586e+00,1.278134779521588715e+00,1.281057054217908053e+00,1.280153747018167198e+00,1.278742912891338346e+00
2.075599908828735352e+00,1.278876950101579535e+00,1.281802453924071994e+00,1.280893362546611236e+00,1.279481873922660107e+00
2.075900077819824219e+00,1.279622355648075249e+00,1.282550068159795442e+00,1.281636535324385262e+00,1.280223966642171529e+00
2.076200008392333984e+00,1.280371536729260962e+00,1.283301366399546506e+00,1.282382922754596422e+00,1.280970311156365282e+00
2.076499938964843750e+00,1.281123172517579567e+00,1.284055938134310848e+00,1.283133423718743504e+00,1.281718390505677485e+00
2.076800107955932617e+00,1.281879387436416717e+00,1.284814367036674732e+00,1.283887470705179501e+00,1.282471333545693426e+00
2.077100038528442383e+00,1.282638895094635689e+00,1.285575264020532016e+00,1.284644343120233678e+00,1.283228195374935598e+00
2.077399969100952148e+00,1.283401217604306144e+00,1.286340714906163640e+00,1.285405123517011639e+00,1.283987173705079865e+00
2.077699899673461914e+00,1.284167390254211671e+00,1.287108485407904901e+00,1.286168942492986744e+00,1.284749163213513068e+00
2.078000068664550781e+00,1.284936866533690658e+00,1.287879900179100812e+00,1.286936377349494842e+00,1.285515220672226677e+00
2.078299999237060547e+00,1.285709330325463862e+00,1.288655277933419496e+00,1.287707125722437285e+00,1.286285937309292526e+00
2.078599929809570312e+00,1.286486203711634468e+00,1.289434782032657933e+00,1.288481131420404990e+00,1.287058414572631371e+00
2.078900098800659180e+00,1.287265390766634487e+00,1.290217116618387339e+00,1.289259011332550831e+00,1.287834856428758057e+00
2.079200029373168945e+00,1.288049137903622299e+00,1.291001940046933916e+00,1.290040660580586973e+00,1.288615003381332835e+00
2.079499959945678711e+00,1.288835887853810869e+00,1.291791984535706206e+00,1.290825198707040711e+00,1.289398268220643740e+00
2.079799890518188477e+00,1.289625476681837357e+00,1.292584498032535834e+00,1.291612939141842276e+00,1.290185623318891750e+00
2.080100059509277344e+00,1.290419487375205287e+00,1.293380185015969186e+00,1.292405426578741912e+00,1.290974979771379871e+00
2.080399990081787109e+00,1.291217257664996509e+00,1.294179066213526408e+00,1.293200975528324470e+00,1.291770062806276931e+00
2.080699920654296875e+00,1.292017288160790534e+00,1.294983185298524075e+00,1.293998604779581285e+00,1.292566950597425990e+00
2.081000089645385742e+00,1.292821713493543356e+00,1.295789948037002981e+00,1.294801278163896452e+00,1.293367960772319858e+00
2.081300020217895508e+00,1.293630130602456685e+00,1.296599188431259986e+00,1.295607092298142415e+00,1.294172324901874171e+00
2.081599950790405273e+00,1.294440418952683691e+00,1.297414453908716014e+00,1.296416515336600295e+00,1.294980902321309690e+00
2.081899881362915039e+00,1.295254973492578898e+00,1.298230898523344612e+00,1.297229385813118530e+00,1.295791691839710325e+00
2.082200050354003906e+00,1.296073631797929782e+00,1.299051705006965651e+00,1.298044923760976577e+00,1.296607110100104876e+00
2.082499980926513672e+00,1.296895609484230327e+00,1.299876466057990676e+00,1.298865691211783524e+00,1.297425763093516426e+00
2.082799911499023438e+00,1.297720636946136263e+00,1.300703374708192195e+00,1.299688918948576077e+00,1.298248569053989998e+00
2.083100080490112305e+00,1.298549941567935129e+00,1.301535191717868578e+00,1.300516007736359558e+00,1.299074053804945894e+00
2.083400011062622070e+00,1.299382389248740388e+00,1.302370152714439122e+00,1.301346252308172913e+00,1.299903547992434794e+00
2.083699941635131836e+00,1.300218585516826231e+00,1.303209130669713112e+00,1.302181416864117924e+00,1.300736117913773526e+00
2.084000110626220703e+00,1.301057657721069960e+00,1.304051909366526818e+00,1.303018394421284532e+00,1.301572768020061499e+00
2.084300041198730469e+00,1.301901593023935266e+00,1.304896848732136405e+00,1.303860156671051040e+00,1.302413428758225411e+00
2.084599971771240234e+00,1.302748550531419580e+00,1.305746822022911147e+00,1.304705145099680275e+00,1.303256658992622219e+00
2.084899902343750000e+00,1.303599340748370139e+00,1.306600064139654904e+00,1.305554225186845718e+00,1.304104633612207520e+00
2.085200071334838867e+00,1.304452689709571844e+00,1.307455946518936596e+00,1.306406277456268583e+00,1.304955062289397283e+00
2.085500001907348633e+00,1.305310791967464690e+00,1.308316881875652093e+00,1.307262530851879934e+00,1.305809530881009817e+00
2.085799932479858398e+00,1.306173011706898368e+00,1.309181038557615473e+00,1.308121718327636351e+00,1.306668258256725501e+00
2.086100101470947266e+00,1.307037843370751018e+00,1.310048751578686055e+00,1.308985010280124595e+00,1.307529369938850383e+00
2.086400032043457031e+00,1.307906862234065493e+00,1.310920464559992560e+00,1.309852062911103010e+00,1.308395056538540491e+00
2.086699962615966797e+00,1.308778828322960219e+00,1.311794786005619828e+00,1.310722601918303587e+00,1.309263712893606657e+00
2.086999893188476562e+00,1.309654658585928111e+00,1.312673564216011224e+00,1.311596173215371142e+00,1.310137819501957068e+00
2.087300062179565430e+00,1.310534255205684229e+00,1.313556165473425352e+00,1.312474995825150481e+00,1.311014765575725161e+00
2.087599992752075195e+00,1.311417398041807125e+00,1.314442856421879746e+00,1.313356376163527628e+00,1.311893573385303435e+00
2.087899923324584961e+00,1.312303920554795944e+00,1.315331850038008010e+00,1.314241734823341279e+00,1.312778721763178336e+00
2.088200092315673828e+00,1.313195470546565602e+00,1.316226140732253747e+00,1.315130609287129992e+00,1.313665705981785781e+00
2.088500022888183594e+00,1.314089822220503523e+00,1.317123029781669175e+00,1.316022410380450314e+00,1.314556827720142707e+00
2.088799953460693359e+00,1.314988289845281599e+00,1.318023062980413718e+00,1.316919797011566917e+00,1.315452180091450929e+00
2.089099884033203125e+00,1.315890529546056564e+00,1.318928680314877422e+00,1.317819562363587105e+00,1.316350620371359970e+00
2.089400053024291992e+00,1.316796077090372163e+00,1.319837401800347365e+00,1.318723728930733419e+00,1.317254427633413050e+00
2.089699983596801758e+00,1.317705720378478995e+00,1.320750139993228434e+00,1.319631265957053934e+00,1.318159520993593237e+00
2.089999914169311523e+00,1.318618898540951268e+00,1.321665594445715630e+00,1.320543792743180678e+00,1.319070209447863240e+00
2.090300083160400391e+00,1.319535785048051579e+00,1.322585035789177521e+00,1.321458100422489235e+00,1.319984232808701030e+00
2.090600013732910156e+00,1.320456155418543220e+00,1.323508480901483209e+00,1.322378068509970195e+00,1.320901316241812395e+00
2.090899944305419922e+00,1.321380793684673982e+00,1.324436435176454818e+00,1.323300693002451345e+00,1.321822605338675904e+00
2.091200113296508789e+00,1.322309535550808546e+00,1.325366637180610763e+00,1.324227565666430184e+00,1.322748281498399958e+00
2.091500043869018555e+00,1.323241348391484884e+00,1.326302395596007599e+00,1.325157420008145959e+00,1.323677908293936945e+00
2.091799974441528320e+00,1.324177670466721413e+00,1.327241121431636195e+00,1.326090864349862120e+00,1.324610679980648742e+00
2.092099905014038086e+00,1.325117086539739697e+00,1.328184287906533312e+00,1.327030193440455141e+00,1.325546821386152985e+00
2.092400074005126953e+00,1.326060603538340432e+00,1.329130541812087341e+00,1.327971873836487626e+00,1.326487601853107767e+00
2.092700004577636719e+00,1.327007830946445477e+00,1.330080515244143502e+00,1.328917934711787430e+00,1.327432398956220450e+00
2.092999935150146484e+00,1.327959510225844353e+00,1.331035300651154607e+00,1.329867673888690760e+00,1.328379586584653271e+00
2.093300104141235352e+00,1.328913800991655236e+00,1.331993086847058194e+00,1.330821672210356299e+00,1.329331921123741989e+00
2.093600034713745117e+00,1.329873306331054161e+00,1.332955188256297774e+00,1.331778705562198573e+00,1.330287873925674269e+00
2.093899965286254883e+00,1.330836549051678919e+00,1.333920723468900116e+00,1.332739326008338887e+00,1.331247638836141167e+00
2.094199895858764648e+00,1.331802966110781972e+00,1.334890599039006087e+00,1.333705027512282371e+00,1.332211746852226764e+00
2.094500064849853516e+00,1.332773502327339044e+00,1.335864603306309295e+00,1.334674023364079254e+00,1.333178949991244977e+00
2.094799995422363281e+00,1.333747981436542718e+00,1.336841394397004112e+00,1.335646363641393997e+00,1.334150382925258338e+00
2.095099925994873047e+00,1.334726947207550918e+00,1.337822836608294486e+00,1.336623897643282710e+00,1.335126298816210699e+00
2.095400094985961914e+00,1.335708793283941764e+00,1.338808907982458551e+00,1.337604745968788755e+00,1.336105920292190108e+00
2.095700025558471680e+00,1.336695408313969047e+00,1.339797797889646258e+00,1.338589762618183077e+00,1.337089208254278461e+00
2.095999956130981445e+00,1.337685706873403602e+00,1.340791427651560674e+00,1.339578905436880962e+00,1.338076051476055683e+00
2.096299886703491211e+00,1.338679904707289037e+00,1.341788393780291688e+00,1.340571684251803841e+00,1.339066754609073095e+00
2.096600055694580078e+00,1.339677737867708274e+00,1.342790523075647613e+00,1.341567514251018167e+00,1.340062554068648160e+00
2.096899986267089844e+00,1.340679840406661771e+00,1.343795709590639209e+00,1.342568030268870061e+00,1.341061558619296656e+00
2.097199916839599609e+00,1.341686562223199708e+00,1.344804319678529758e+00,1.343572822431934988e+00,1.342064417187889713e+00
2.097500085830688477e+00,1.342695847561860667e+00,1.345817305752780690e+00,1.344581905481227579e+00,1.343071782885946419e+00
2.097800016403198242e+00,1.343710558601295180e+00,1.346834484416469246e+00,1.345594343034469453e+00,1.344082043883780608e+00
2.098099946975708008e+00,1.344727957166292898e+00,1.347856614883297999e+00,1.346610384803913707e+00,1.345097718215031213e+00
2.098400115966796875e+00,1.345751137709112255e+00,1.348881830366269741e+00,1.347631838442451047e+00,1.346117097198524348e+00
2.098700046539306641e+00,1.346776396597680225e+00,1.349911098814499777e+00,1.348656735545558982e+00,1.347140258189553741e+00
2.098999977111816406e+00,1.347807121641744210e+00,1.350944844106742870e+00,1.349686112780678959e+00,1.348167278951712511e+00
2.099299907684326172e+00,1.348841538927231909e+00,1.351981855321588766e+00,1.350718190626982507e+00,1.349198923397241456e+00
2.099600076675415039e+00,1.349879209276435565e+00,1.353023473240340113e+00,1.351755701006678523e+00,1.350234776777215817e+00
2.099900007247924805e+00,1.350921724015095027e+00,1.354069653139016394e+00,1.352796749721824954e+00,1.351273870377793562e+00
2.100199937820434570e+00,1.351967782893213066e+00,1.355119036499481178e+00,1.353841454441515157e+00,1.352317005810900419e+00
2.100500106811523438e+00,1.353018514837915021e+00,1.356172902550518922e+00,1.354890401640172160e+00,1.353364392508292990e+00
2.100800037384033203e+00,1.354073638188437290e+00,1.357231421813109629e+00,1.355944333865039875e+00,1.354416801359566769e+00
2.101099967956542969e+00,1.355132658218769270e+00,1.358293294966144149e+00,1.357001749939028556e+00,1.355471971111929630e+00
2.101399898529052734e+00,1.356195644156644509e+00,1.359359751388479420e+00,1.358063530412898956e+00,1.356532404024030747e+00
2.101700067520141602e+00,1.357262431541929937e+00,1.360430572606575073e+00,1.359129297303367956e+00,1.357596334002779459e+00
2.101999998092651367e+00,1.358333819332220083e+00,1.361504605932500001e+00,1.360198735457266439e+00,1.358665087653742942e+00
2.102299928665161133e+00,1.359408635624539619e+00,1.362583271459137269e+00,1.361273155065318763e+00,1.359737855603434520e+00
2.102600097656250000e+00,1.360488793124407625e+00,1.363666663424384584e+00,1.362351263351841757e+00,1.360813471054567181e+00
2.102900028228759766e+00,1.361572395950514158e+00,1.364753605648040269e+00,1.363433312481235227e+00,1.361894129138190745e+00
2.103199958801269531e+00,1.362660808030195625e+00,1.365844656705539339e+00,1.364519859924785194e+00,1.362979995267429967e+00
2.103499889373779297e+00,1.363752548958060640e+00,1.366940730786255109e+00,1.365611869148311008e+00,1.364068491432849584e+00
2.103800058364868164e+00,1.364848385500781136e+00,1.368040485890077429e+00,1.366705854852505730e+00,1.365162254968190991e+00
2.104099988937377930e+00,1.365949792900597926e+00,1.369143733840607169e+00,1.367805595578389433e+00,1.366259749970427650e+00
2.104399919509887695e+00,1.367054127220914683e+00,1.370253256701712496e+00,1.368909753911533578e+00,1.367361611142234867e+00
2.104700088500976562e+00,1.368163339271048606e+00,1.371365422884704088e+00,1.370016576591672530e+00,1.368467442821972524e+00
2.105000019073486328e+00,1.369275851818785528e+00,1.372481638242864843e+00,1.371128767414598215e+00,1.369577240282358055e+00
2.105299949645996094e+00,1.370393700458666153e+00,1.373602531877955224e+00,1.372245155870706501e+00,1.370692635504577872e+00
2.105600118637084961e+00,1.371514704109467964e+00,1.374728723308400014e+00,1.373366112107239134e+00,1.371812463728082854e+00
2.105900049209594727e+00,1.372641606365865741e+00,1.375856976617767513e+00,1.374491078252440213e+00,1.372934796614381892e+00
2.106199979782104492e+00,1.373771984627931708e+00,1.376992734982705358e+00,1.375619974480133623e+00,1.374061894827286245e+00
2.106499910354614258e+00,1.374906711288377492e+00,1.378129516168054014e+00,1.376754512760764104e+00,1.375193655434933770e+00
2.106800079345703125e+00,1.376044852450173162e+00,1.379272203955254739e+00,1.377891933896567611e+00,1.376330259630073716e+00
2.107100009918212891e+00,1.377188723904294809e+00,1.380420871828824447e+00,1.379034478067336034e+00,1.377471067168331231e+00
2.107399940490722656e+00,1.378336301050372414e+00,1.381571570083413913e+00,1.380180916286916748e+00,1.378615737060031821e+00
2.107700109481811523e+00,1.379488647834476112e+00,1.382728220586383339e+00,1.381332364231070198e+00,1.379765051138724941e+00
2.108000040054321289e+00,1.380645479483616489e+00,1.383887825000531313e+00,1.382488245081458178e+00,1.380918759298961795e+00
2.108299970626831055e+00,1.381806188276897496e+00,1.385052327393121008e+00,1.383647186584561206e+00,1.382077714867397722e+00
2.108599901199340820e+00,1.382971921012141392e+00,1.386221657138156260e+00,1.384811724709672731e+00,1.383239345909282658e+00
2.108900070190429688e+00,1.384141534790000794e+00,1.387394323729792545e+00,1.385980537166830562e+00,1.384406592678925296e+00
2.109200000762939453e+00,1.385315677550920110e+00,1.388572859673606885e+00,1.387153407566736441e+00,1.385577823931082309e+00
2.109499931335449219e+00,1.386494236504322020e+00,1.389756084627012722e+00,1.388330669905090797e+00,1.386754014032000271e+00
2.109800100326538086e+00,1.387676935073330897e+00,1.390942191726153077e+00,1.389512841192286130e+00,1.387933416366309070e+00
2.110100030899047852e+00,1.388863578334015525e+00,1.392132956574367419e+00,1.390699732884683293e+00,1.389118038353404083e+00
2.110399961471557617e+00,1.390056251921894415e+00,1.393328817723946456e+00,1.391889996651447969e+00,1.390307250186110899e+00
2.110699892044067383e+00,1.391252968194994999e+00,1.394529501401023275e+00,1.393085473277526853e+00,1.391500511770297432e+00
2.111000061035156250e+00,1.392454309879464835e+00,1.395734438812030964e+00,1.394286489179550337e+00,1.392698494808568332e+00
2.111299991607666016e+00,1.393658892540519334e+00,1.396943160343934398e+00,1.395489674471930286e+00,1.393901066655628629e+00
2.111599922180175781e+00,1.394869337411847043e+00,1.398157422220548396e+00,1.396698744211178900e+00,1.395108709131766878e+00
2.111900091171264648e+00,1.396083176861087960e+00,1.399375505456475821e+00,1.397913084739984768e+00,1.396320222630567986e+00
2.112200021743774414e+00,1.397302029976504878e+00,1.400598845172347229e+00,1.399130469449133773e+00,1.397536272188032669e+00
2.112499952316284180e+00,1.398524894802568808e+00,1.401826394662252007e+00,1.400353596910539844e+00,1.398757201423668439e+00
2.112799882888793945e+00,1.399752987865323206e+00,1.403058371722314179e+00,1.401580482735947042e+00,1.399982052941424193e+00
2.113100051879882812e+00,1.400986059133564110e+00,1.404295508681963289e+00,1.402811535976889123e+00,1.401212670506281066e+00
2.113399982452392578e+00,1.402223347288861222e+00,1.405536126125729313e+00,1.404048814538716883e+00,1.402446663877130018e+00
2.113699913024902344e+00,1.403465439681314653e+00,1.406781891207394830e+00,1.405290555238650763e+00,1.403685579439370112e+00
2.114000082015991211e+00,1.404712448995880658e+00,1.408032993973304059e+00,1.406536054360437493e+00,1.404928687431117540e+00
2.114300012588500977e+00,1.405962900527057968e+00,1.409288206558576562e+00,1.407786587444993742e+00,1.406178047754147009e+00
2.114599943161010742e+00,1.407218887172861921e+00,1.410548000504798338e+00,1.409040849264029616e+00,1.407430717304703371e+00
2.114900112152099609e+00,1.408479531264197782e+00,1.411813061529630264e+00,1.410301465331061932e+00,1.408688107881058693e+00
2.115200042724609375e+00,1.409743664888374770e+00,1.413082502218372394e+00,1.411564619722543101e+00,1.409951087974732342e+00
2.115499973297119141e+00,1.411014495021866155e+00,1.414356019594752656e+00,1.412833868896292255e+00,1.411217898220173517e+00
2.115799903869628906e+00,1.412288229156710262e+00,1.415634682532316502e+00,1.414108138445969054e+00,1.412489343427659971e+00
2.116100072860717773e+00,1.413567946875956771e+00,1.416918021959872487e+00,1.415386550404519550e+00,1.413765645770215240e+00
2.116400003433227539e+00,1.414851357982616964e+00,1.418206024013861422e+00,1.416669544113144052e+00,1.415046781593669589e+00
2.116699934005737305e+00,1.416140334644467647e+00,1.419499728746910217e+00,1.417956899569550178e+00,1.416333500050052985e+00
2.117000102996826172e+00,1.417433079292136133e+00,1.420797835880276194e+00,1.419250821860301937e+00,1.417625126049957052e+00
2.117300033569335938e+00,1.418731492148926687e+00,1.422099563899684505e+00,1.420548486193774274e+00,1.418919066139268992e+00
2.117599964141845703e+00,1.420034150659917893e+00,1.423407062858263794e+00,1.421850206904304414e+00,1.420220341849801615e+00
2.117899894714355469e+00,1.421342096808844158e+00,1.424719167084355087e+00,1.423157823830639490e+00,1.421525190846378850e+00
2.118200063705444336e+00,1.422655682227844220e+00,1.426036423110403462e+00,1.424469182909223086e+00,1.422834814603911591e+00
2.118499994277954102e+00,1.423972098371951045e+00,1.427357903780323678e+00,1.425786727274309218e+00,1.424149658723531608e+00
2.118799924850463867e+00,1.425294877529134752e+00,1.428684332647964572e+00,1.427107508661459967e+00,1.425468879815141143e+00
2.119100093841552734e+00,1.426621024029263385e+00,1.430016169102690249e+00,1.428434603962634775e+00,1.426792984290592647e+00
2.119400024414062500e+00,1.427953702597721586e+00,1.431352351211145013e+00,1.429766147912072460e+00,1.428122576561828838e+00
2.119699954986572266e+00,1.429290823930112087e+00,1.432694080194684361e+00,1.431101394188436737e+00,1.429456925660768096e+00
2.119999885559082031e+00,1.430632107544140386e+00,1.434040312369943004e+00,1.432442472300006431e+00,1.430796146658395385e+00
2.120300054550170898e+00,1.431978345409690379e+00,1.435391430157285653e+00,1.433789482074747879e+00,1.432139789952942888e+00
2.120599985122680664e+00,1.433329422916491236e+00,1.436746764505881790e+00,1.435139542696136417e+00,1.433489239102897495e+00
2.120899915695190430e+00,1.434687112293119071e+00,1.438108043318050644e+00,1.436495805230546319e+00,1.434842770570614601e+00
2.121200084686279297e+00,1.436047767793938057e+00,1.439474567724436049e+00,1.437857696557053533e+00,1.436201551695277523e+00
2.121500015258789062e+00,1.437414405214440638e+00,1.440845494899664070e+00,1.439222745936823866e+00,1.437565130807321401e+00
2.121799945831298828e+00,1.438786172156406806e+00,1.442221229351143386e+00,1.440593830072995907e+00,1.438933760059072586e+00
2.122100114822387695e+00,1.440162507225007937e+00,1.443602445746809737e+00,1.441969969898937887e+00,1.440308312281374903e+00
2.122400045394897461e+00,1.441544287159496118e+00,1.444988542159138190e+00,1.443351543447934038e+00,1.441686328863131639e+00
2.122699975967407227e+00,1.442929680484002164e+00,1.446379701754575198e+00,1.444736864759270656e+00,1.443070458459118299e+00
2.122999906539916992e+00,1.444321390677557826e+00,1.447775610827947368e+00,1.446127659101627216e+00,1.444458815364668913e+00
2.123300075531005859e+00,1.445717492519735803e+00,1.449176504891176442e+00,1.447524563233079098e+00,1.445852450592830074e+00
2.123600006103515625e+00,1.447119756576545679e+00,1.450583083656543426e+00,1.448925847668044664e+00,1.447251485946114080e+00
2.123899936676025391e+00,1.448526203189685280e+00,1.451994877720645949e+00,1.450331565033939896e+00,1.448654943062644085e+00
2.124200105667114258e+00,1.449937369434133760e+00,1.453411237663196909e+00,1.451742423661896542e+00,1.450064546587945369e+00
2.124500036239624023e+00,1.451354982196416454e+00,1.454832759547777465e+00,1.453158951363661355e+00,1.451478399120994522e+00
2.124799966812133789e+00,1.452776697258840954e+00,1.456259836797187956e+00,1.454581013839637560e+00,1.452898629677804365e+00
2.125099897384643555e+00,1.454203267167527347e+00,1.457692796254583811e+00,1.456008833645500378e+00,1.454322472847781933e+00
2.125400066375732422e+00,1.455635976113238694e+00,1.459129435677857689e+00,1.457439671177874763e+00,1.455752369560692427e+00
2.125699996948242188e+00,1.457073164321712966e+00,1.460571231328029906e+00,1.458878256265461637e+00,1.457186800059507625e+00
2.125999927520751953e+00,1.458516301264307424e+00,1.462019247027959601e+00,1.460319273982531474e+00,1.458627607607211996e+00
2.126300096511840820e+00,1.459964026913912249e+00,1.463472052063460538e+00,1.461767400829484309e+00,1.460072396023170516e+00
2.126600027084350586e+00,1.461417310311188267e+00,1.464930132890691850e+00,1.463219560767731187e+00,1.461523240263383983e+00
2.126899957656860352e+00,1.462875060198275401e+00,1.466393684916543538e+00,1.464678119303961967e+00,1.462979638073396371e+00
2.127199888229370117e+00,1.464338886211354884e+00,1.467862111906368838e+00,1.466142436761934231e+00,1.464440018610011274e+00
2.127500057220458984e+00,1.465807826828426474e+00,1.469336461578877318e+00,1.467610253148822208e+00,1.465906651119643467e+00
2.127799987792968750e+00,1.467281668824065521e+00,1.470815209580620841e+00,1.469084513348255960e+00,1.467378508951977745e+00
2.128099918365478516e+00,1.468761467906315232e+00,1.472299400878902764e+00,1.470563854710686513e+00,1.468855173026115901e+00
2.128400087356567383e+00,1.470246201684064502e+00,1.473790139667213506e+00,1.472048953856143427e+00,1.470337248073487535e+00
2.128700017929077148e+00,1.471735240300128256e+00,1.475285397183556224e+00,1.473538337812003274e+00,1.471825571174855796e+00
2.128999948501586914e+00,1.473231353881019556e+00,1.476785573767507520e+00,1.475033494955168223e+00,1.473317548576339675e+00
2.129300117492675781e+00,1.474731687810233671e+00,1.478291920504476220e+00,1.476533985367844970e+00,1.474815920940586889e+00
2.129600048065185547e+00,1.476237789402272682e+00,1.479803154261464915e+00,1.478040157590795989e+00,1.476320050147590379e+00
2.129899978637695312e+00,1.477749930152992830e+00,1.481320468312473437e+00,1.479551956114612210e+00,1.477828192269183605e+00
2.130199909210205078e+00,1.479267073315687853e+00,1.482842678245392509e+00,1.481068915621613025e+00,1.479343247958316176e+00
2.130500078201293945e+00,1.480789955580641415e+00,1.484370232349137453e+00,1.482591882601643096e+00,1.480863674565097821e+00
2.130800008773803711e+00,1.482317157623468384e+00,1.485904277030400955e+00,1.484118930762016397e+00,1.482389561828380664e+00
2.131099939346313477e+00,1.483850423831776233e+00,1.487442500561402481e+00,1.485652802178210941e+00,1.483919964906427413e+00
2.131400108337402344e+00,1.485389688119020724e+00,1.488986763700352434e+00,1.487191362994818800e+00,1.485456134950004614e+00
2.131700038909912109e+00,1.486933404614878329e+00,1.490536823650915998e+00,1.488736419187114635e+00,1.486997703458217357e+00
2.131999969482421875e+00,1.488483548963769110e+00,1.492091349614519169e+00,1.490286009360584973e+00,1.488544700249362585e+00
2.132299900054931641e+00,1.490038926874920566e+00,1.493652320094816188e+00,1.491840858903426881e+00,1.490098081316587830e+00
2.132600069046020508e+00,1.491599224880165497e+00,1.495219138681777693e+00,1.493403313662038157e+00,1.491657264882947365e+00
2.132899999618530273e+00,1.493166267335585218e+00,1.496791628141061148e+00,1.494968884595441194e+00,1.493221188078238448e+00
2.133199930191040039e+00,1.494738720097906537e+00,1.498369073879408653e+00,1.496541672751554142e+00,1.494790926038379819e+00
2.133500099182128906e+00,1.496315893412983877e+00,1.499952325264033659e+00,1.498118658734511000e+00,1.496365642607350166e+00
2.133800029754638672e+00,1.497899827275950280e+00,1.501541170995268848e+00,1.499702787682345440e+00,1.497946265866525017e+00
2.134099960327148438e+00,1.499488381515331259e+00,1.503135450792212113e+00,1.501292556809721290e+00,1.499533649522460044e+00
2.134399890899658203e+00,1.501082989381945731e+00,1.504736745950438159e+00,1.502887097950620587e+00,1.501124673635051421e+00
2.134700059890747070e+00,1.502683246297164876e+00,1.506342671810316336e+00,1.504487346610371423e+00,1.502723428672930961e+00
2.134999990463256836e+00,1.504288785504309889e+00,1.507953782839582813e+00,1.506093916558370660e+00,1.504326615218948504e+00
2.135299921035766602e+00,1.505900886921033299e+00,1.509571460076421845e+00,1.507706393036720938e+00,1.505936911608208861e+00
2.135600090026855469e+00,1.507519158771537304e+00,1.511194477674524528e+00,1.509323028552698620e+00,1.507552116085308480e+00
2.135900020599365234e+00,1.509142258900946665e+00,1.512824552355723773e+00,1.510947557654035212e+00,1.509172146172701456e+00
2.136199951171875000e+00,1.510771100613533591e+00,1.514458844590560016e+00,1.512576379000889926e+00,1.510799484270271886e+00
2.136499881744384766e+00,1.512405716385712751e+00,1.516098953873363797e+00,1.514211250019472876e+00,1.512431591355712035e+00
2.136800050735473633e+00,1.514045544692859124e+00,1.517745343322669305e+00,1.515851819224040886e+00,1.514070254140084337e+00
2.137099981307983398e+00,1.515692365289833754e+00,1.519398211109499242e+00,1.517499576879852485e+00,1.515713960013279848e+00
2.137399911880493164e+00,1.517344711527120138e+00,1.521056529675876678e+00,1.519151085303219961e+00,1.517363520221399975e+00
2.137700080871582031e+00,1.519002726146245319e+00,1.522720882584938318e+00,1.520810277478684691e+00,1.519019656847754307e+00
2.138000011444091797e+00,1.520666602497068531e+00,1.524390712280882854e+00,1.522475151554059325e+00,1.520680569717780539e+00
2.138299942016601562e+00,1.522337065355328534e+00,1.526066756477579833e+00,1.524144422474052130e+00,1.522348081539092179e+00
2.138600111007690430e+00,1.524012190045630710e+00,1.527747914584600686e+00,1.525821077293525452e+00,1.524022215006399339e+00
2.138900041580200195e+00,1.525693803708726204e+00,1.529436111750661853e+00,1.527503167785578153e+00,1.525701923671261007e+00
2.139199972152709961e+00,1.527380793320811891e+00,1.531130329885000974e+00,1.529191378341460128e+00,1.527386251885994861e+00
2.139499902725219727e+00,1.529075851729958524e+00,1.532830219136982697e+00,1.530886130766756725e+00,1.529078112659590261e+00
2.139800071716308594e+00,1.530775485148568205e+00,1.534535897115258951e+00,1.532585848322320476e+00,1.530775471368014395e+00
2.140100002288818359e+00,1.532480810621848821e+00,1.536247273277956182e+00,1.534291415997563135e+00,1.532479440376941504e+00
2.140399932861328125e+00,1.534192496239899395e+00,1.537965369263760929e+00,1.536004520899721060e+00,1.534188385608800997e+00
2.140700101852416992e+00,1.535910290037401538e+00,1.539689995874192086e+00,1.537722559922061194e+00,1.535903590057991153e+00
2.141000032424926758e+00,1.537634078033743634e+00,1.541420004945372568e+00,1.539446971072930825e+00,1.537625927987897878e+00
2.141299962997436523e+00,1.539364075408100385e+00,1.543155879069625591e+00,1.541177644329443597e+00,1.539352825307569228e+00
2.141599893569946289e+00,1.541099786203627975e+00,1.544898319341923898e+00,1.542914828632342861e+00,1.541086654364013597e+00
2.141900062561035156e+00,1.542841885407486346e+00,1.546646428152068875e+00,1.544657544829866946e+00,1.542826679875601847e+00
2.142199993133544922e+00,1.544589551361712276e+00,1.548401959878601408e+00,1.546406453810049264e+00,1.544573525319025142e+00
2.142499923706054688e+00,1.546344684817637649e+00,1.550162642713760697e+00,1.548162021691401602e+00,1.546325248813773534e+00
2.142800092697143555e+00,1.548105990416786426e+00,1.551930362604134528e+00,1.549922273915791848e+00,1.548083590865608761e+00
2.143100023269653320e+00,1.549872327425822816e+00,1.553702939234261393e+00,1.551690739587590961e+00,1.549847888632327697e+00
2.143399953842163086e+00,1.551645016289315837e+00,1.555482009754359574e+00,1.553464341499518842e+00,1.551618339523341827e+00
2.143699884414672852e+00,1.553424124502227555e+00,1.557269069298874209e+00,1.555244592571215279e+00,1.553395975703802723e+00
2.144000053405761719e+00,1.555210071461954335e+00,1.559061209747929722e+00,1.557031562474573194e+00,1.555179632746386487e+00
2.144299983978271484e+00,1.557002109785554866e+00,1.560859359498924848e+00,1.558823803420279930e+00,1.556969049965993612e+00
2.144599914550781250e+00,1.558800424743435942e+00,1.562665170030743456e+00,1.560623002496157596e+00,1.558765186749367260e+00
2.144900083541870117e+00,1.560604817108557807e+00,1.564476165985944522e+00,1.562428258720013563e+00,1.560568328370272928e+00
2.145200014114379883e+00,1.562415957776826403e+00,1.566293752630415481e+00,1.564240501750177925e+00,1.562376376702400371e+00
2.145499944686889648e+00,1.564233562821665258e+00,1.568118553823399930e+00,1.566058427042559931e+00,1.564191616691112729e+00
2.145800113677978516e+00,1.566057007101563370e+00,1.569948193678556203e+00,1.567883304158480318e+00,1.566012393892276311e+00
2.146100044250488281e+00,1.567887435044874378e+00,1.571785558314517939e+00,1.569714184205006857e+00,1.567840936407471686e+00
2.146399974822998047e+00,1.569723391508173638e+00,1.573629002599068682e+00,1.571551763355018672e+00,1.569675695978272056e+00
2.146699905395507812e+00,1.571566233023197201e+00,1.575478497951843471e+00,1.573394926915558489e+00,1.571516328490811798e+00
2.147000074386596680e+00,1.573416270066032130e+00,1.577334704294161005e+00,1.575246485389831808e+00,1.573364415683616180e+00
2.147300004959106445e+00,1.575271792902135592e+00,1.579198736376230316e+00,1.577104177474674129e+00,1.575218017485725541e+00
2.147599935531616211e+00,1.577135097526687124e+00,1.581067557604443952e+00,1.578967467686906989e+00,1.577078325660443259e+00
2.147900104522705078e+00,1.579003612134497470e+00,1.582943890328046610e+00,1.580837307841994610e+00,1.578945005570532079e+00
2.148200035095214844e+00,1.580879369612093965e+00,1.584826881169358881e+00,1.582714319840713424e+00,1.580819225850311760e+00
2.148499965667724609e+00,1.582762287961005487e+00,1.586716938856393977e+00,1.584596922331380275e+00,1.582699570902165176e+00
2.148799896240234375e+00,1.584650587047847781e+00,1.588612616589990978e+00,1.586487833293228622e+00,1.584586232096897973e+00
2.149100065231323242e+00,1.586547020922812745e+00,1.590515860311816798e+00,1.588384004996302057e+00,1.586479395917272717e+00
2.149399995803833008e+00,1.588448355942996937e+00,1.592425099362482444e+00,1.590288151779365444e+00,1.588380456683880837e+00
2.149699926376342773e+00,1.590357539001331144e+00,1.594340924165967843e+00,1.592198267413502677e+00,1.590286618982928779e+00
2.150000095367431641e+00,1.592272598464903544e+00,1.596264110620067234e+00,1.594114528524675167e+00,1.592200431073701239e+00
2.150300025939941406e+00,1.594195218020328708e+00,1.598193716332680703e+00,1.596038378944055980e+00,1.594120593438721922e+00
2.150599956512451172e+00,1.596124536827156826e+00,1.600130340149811481e+00,1.597968720509701068e+00,1.596047378312440923e+00
2.150899887084960938e+00,1.598060632988536067e+00,1.602072887845693572e+00,1.599906094072893747e+00,1.597981373429924634e+00
2.151200056076049805e+00,1.600002495652758761e+00,1.604023520976477268e+00,1.601849918979159293e+00,1.599922410665935324e+00
2.151499986648559570e+00,1.601952913709789428e+00,1.605980715811771375e+00,1.603800697870975789e+00,1.601869700079097125e+00
2.151799917221069336e+00,1.603908623374607156e+00,1.607944690530079157e+00,1.605759066297389515e+00,1.603823320469345282e+00
2.152100086212158203e+00,1.605872691024686993e+00,1.609915044387886685e+00,1.607722809150082588e+00,1.605784768727106293e+00
2.152400016784667969e+00,1.607841491856046190e+00,1.611892110347132867e+00,1.609695238234678083e+00,1.607753220481916046e+00
2.152699947357177734e+00,1.609818793011064120e+00,1.613877600567952042e+00,1.611673298292120915e+00,1.609727896249641521e+00
2.153000116348266602e+00,1.611803196820573936e+00,1.615868490788856304e+00,1.613659046236418648e+00,1.611710145693886265e+00
2.153300046920776367e+00,1.613793932374110396e+00,1.617868098198824933e+00,1.615650822530254160e+00,1.613699253734264483e+00
2.153599977493286133e+00,1.615791909656858705e+00,1.619872915288393944e+00,1.617650455495573736e+00,1.615695067230138005e+00
2.153899908065795898e+00,1.617797103355079980e+00,1.621885253693752027e+00,1.619656972935619388e+00,1.617698836037734900e+00
2.154200077056884766e+00,1.619808697322499880e+00,1.623905159107531526e+00,1.621670935092378807e+00,1.619708391149247140e+00
2.154500007629394531e+00,1.621827507609534536e+00,1.625933385812021736e+00,1.623690857419844757e+00,1.621725449928586027e+00
2.154799938201904297e+00,1.623854336659402486e+00,1.627966358956920656e+00,1.625718742428836405e+00,1.623749426782188809e+00
2.155100107192993164e+00,1.625886633643450763e+00,1.630007605858888819e+00,1.627753744836650363e+00,1.625780552741663332e+00
2.155400037765502930e+00,1.627927760955479641e+00,1.632056054825150593e+00,1.629795082651977811e+00,1.627819308987468405e+00
2.155699968338012695e+00,1.629975010204701702e+00,1.634111236866399031e+00,1.631844711622987276e+00,1.629865287977143806e+00
2.155999898910522461e+00,1.632029377767374001e+00,1.636174432694260661e+00,1.633901860570656561e+00,1.631917452220249309e+00
2.156300067901611328e+00,1.634091170256851466e+00,1.638244765154299953e+00,1.635964206058392323e+00,1.633978191259283452e+00
2.156599998474121094e+00,1.636160947254403419e+00,1.640321638143132033e+00,1.638035922223438856e+00,1.636045232002147687e+00
2.156899929046630859e+00,1.638237543139226648e+00,1.642406363517019185e+00,1.640113638795591022e+00,1.638119402193026763e+00
2.157200098037719727e+00,1.640320718766895336e+00,1.644497523139859307e+00,1.642198860958533624e+00,1.640200928018124671e+00
2.157500028610229492e+00,1.642412064702419627e+00,1.646596657508730299e+00,1.644292512639204729e+00,1.642291329408160028e+00
2.157799959182739258e+00,1.644510160616054595e+00,1.648703517903124860e+00,1.646392372733663789e+00,1.644387185537516727e+00
2.158099889755249023e+00,1.646616008047318669e+00,1.650817442751323583e+00,1.648499626224968040e+00,1.646491390318618908e+00
2.158400058746337891e+00,1.648729039178323585e+00,1.652939426295943814e+00,1.650615451319807692e+00,1.648602495826944736e+00
2.158699989318847656e+00,1.650849761155615436e+00,1.655068416840786982e+00,1.652737228133323910e+00,1.650720789485731421e+00
2.158999919891357422e+00,1.652977399294350613e+00,1.657205057504067769e+00,1.654867211187455167e+00,1.652847365599442453e+00
2.159300088882446289e+00,1.655112150819637362e+00,1.659347670012991438e+00,1.657005346385759248e+00,1.654981444171459204e+00
2.159600019454956055e+00,1.657255277986670938e+00,1.661499861694147206e+00,1.659150135340513810e+00,1.657122150587836407e+00
2.159899950027465820e+00,1.659405146018651855e+00,1.663658513057544752e+00,1.661302329301278746e+00,1.659271042252834505e+00
2.160200119018554688e+00,1.661563613119765304e+00,1.665825653084782143e+00,1.663461933818484173e+00,1.661427183386421147e+00
2.160500049591064453e+00,1.663729903229751894e+00,1.668000409073837398e+00,1.665629655410866272e+00,1.663591109849592353e+00
2.160799980163574219e+00,1.665902767618379521e+00,1.670182003099698331e+00,1.667805059304578785e+00,1.665761963071352714e+00
2.161099910736083984e+00,1.668083690944609287e+00,1.672370190059351724e+00,1.669987574224114146e+00,1.667941770998610851e+00
2.161400079727172852e+00,1.670271379250897859e+00,1.674568081648959650e+00,1.672178940742021780e+00,1.670128539567707904e+00
2.161700010299682617e+00,1.672467319319006718e+00,1.676773265224018150e+00,1.674377042207628952e+00,1.672322516189460595e+00
2.161999940872192383e+00,1.674672164411565634e+00,1.678985936064482098e+00,1.676582969093369790e+00,1.674524532303455437e+00
2.162300109863281250e+00,1.676883594242180031e+00,1.681206988041269224e+00,1.678796294936091504e+00,1.676734678504898879e+00
2.162600040435791016e+00,1.679102367603630963e+00,1.683434760116090168e+00,1.681018624543571205e+00,1.678952143994203228e+00
2.162899971008300781e+00,1.681329631945467584e+00,1.685670564807324912e+00,1.683247654217369771e+00,1.681178067277488530e+00
2.163199901580810547e+00,1.683564629953531622e+00,1.687915111330758000e+00,1.685484499800516955e+00,1.683410874529316370e+00
2.163500070571899414e+00,1.685806961151491423e+00,1.690166887476126423e+00,1.687729965798522080e+00,1.685652675064412520e+00
2.163800001144409180e+00,1.688058340832974569e+00,1.692426366654838921e+00,1.689983358525321888e+00,1.687901288372887887e+00
2.164099931716918945e+00,1.690317193898577264e+00,1.694694001605401290e+00,1.692244376392300076e+00,1.690158072569341918e+00
2.164400100708007812e+00,1.692583128959157079e+00,1.696969881474492681e+00,1.694512831303915945e+00,1.692423238614959358e+00
2.164700031280517578e+00,1.694856759270924940e+00,1.699253503809412758e+00,1.696790187061726130e+00,1.694696238630810203e+00
2.164999961853027344e+00,1.697139933041788895e+00,1.701544400481779462e+00,1.699075120617911994e+00,1.696977334234213597e+00
2.165299892425537109e+00,1.699430053318170541e+00,1.703845028835758946e+00,1.701367517245156780e+00,1.699265956601761829e+00
2.165600061416625977e+00,1.701728705971919942e+00,1.706153064691795507e+00,1.703669336339206586e+00,1.701563081424189106e+00
2.165899991989135742e+00,1.704035167358270764e+00,1.708468939539509623e+00,1.705977628589935069e+00,1.703867775478128399e+00
2.166199922561645508e+00,1.706350499288628919e+00,1.710793317888730680e+00,1.708294594256551946e+00,1.706181311854678473e+00
2.166500091552734375e+00,1.708672873627799849e+00,1.713125147024846529e+00,1.710620693794552283e+00,1.708502302201813539e+00
2.166800022125244141e+00,1.711004591654143425e+00,1.715465580007277113e+00,1.712954693403427875e+00,1.710832419238299984e+00
2.167099952697753906e+00,1.713342858477775454e+00,1.717814769518479334e+00,1.715296827084403120e+00,1.713169450235898728e+00
2.167399883270263672e+00,1.715690017606392725e+00,1.720171856323918114e+00,1.717646262428961901e+00,1.715514884833247766e+00
2.167700052261352539e+00,1.718045739766268509e+00,1.722537075423912878e+00,1.720005503142308045e+00,1.717869558203261038e+00
2.167999982833862305e+00,1.720409840974086890e+00,1.724910111103488131e+00,1.722371712995916404e+00,1.720232262231872866e+00
2.168299913406372070e+00,1.722782265192940532e+00,1.727292005826497334e+00,1.724747471595706960e+00,1.722603060439936495e+00
2.168600082397460938e+00,1.725163097868080975e+00,1.729683292907393311e+00,1.727130363265384716e+00,1.724981901906006643e+00
2.168900012969970703e+00,1.727551828379988441e+00,1.732082135911641174e+00,1.729522120533649732e+00,1.727369663753702822e+00
2.169199943542480469e+00,1.729948883185381092e+00,1.734488896665100199e+00,1.731921949600748079e+00,1.729765846052162104e+00
2.169500112533569336e+00,1.732355470346980120e+00,1.736905069432129967e+00,1.734331203499255514e+00,1.732170501569049836e+00
2.169800043106079102e+00,1.734770083012834307e+00,1.739329346233320805e+00,1.736748492015341094e+00,1.734583898821129289e+00
2.170099973678588867e+00,1.737192532838423231e+00,1.741762204137757397e+00,1.739174266715014738e+00,1.737004283327059806e+00
2.170399904251098633e+00,1.739623193036354820e+00,1.744203947801687971e+00,1.741608906745768737e+00,1.739434953352533064e+00
2.170700073242187500e+00,1.742063760131530081e+00,1.746654692431980349e+00,1.744052107510311034e+00,1.741873449455590972e+00
2.171000003814697266e+00,1.744511745523873669e+00,1.749113037606502274e+00,1.746503980953455493e+00,1.744320671090003882e+00
2.171299934387207031e+00,1.746969498664420195e+00,1.751580593037111555e+00,1.748963332204679144e+00,1.746775752216461974e+00
2.171600103378295898e+00,1.749435017846721285e+00,1.754056186769172632e+00,1.751433135208338987e+00,1.749240291123002278e+00
2.171900033950805664e+00,1.751909349095604806e+00,1.756541791019106125e+00,1.753910432424015342e+00,1.751713829123537458e+00
2.172199964523315430e+00,1.754391984678092209e+00,1.759034614661134199e+00,1.756396190176902072e+00,1.754195651376328602e+00
2.172499895095825195e+00,1.756884749756924435e+00,1.761536900836417896e+00,1.758891989865750016e+00,1.756686961124621638e+00
2.172800064086914062e+00,1.759385889234684752e+00,1.764048329937652593e+00,1.761395109626588518e+00,1.759186191818796985e+00
2.173099994659423828e+00,1.761895344240296479e+00,1.766568416719609846e+00,1.763908861178083765e+00,1.761694472709825154e+00
2.173399925231933594e+00,1.764413230584519487e+00,1.769097410874077791e+00,1.766430242505040216e+00,1.764211496912791111e+00
2.173700094223022461e+00,1.766941076276066891e+00,1.771635470336243356e+00,1.768961370729316585e+00,1.766737284007265263e+00
2.174000024795532227e+00,1.769477469628507604e+00,1.774182379526291209e+00,1.771500452808208337e+00,1.769273014678787614e+00
2.174299955368041992e+00,1.772022375585995846e+00,1.776739230520588908e+00,1.774049624207578724e+00,1.771816527886942660e+00
2.174599885940551758e+00,1.774576001615316478e+00,1.779303503555421662e+00,1.776607327144455795e+00,1.774369281924186081e+00
2.174900054931640625e+00,1.777139667014596913e+00,1.781877898167997243e+00,1.779174219594080730e+00,1.776931842042899001e+00
2.175199985504150391e+00,1.779711768341994960e+00,1.784460484314216888e+00,1.781749811093605862e+00,1.779502421946497659e+00
2.175499916076660156e+00,1.782292974478584924e+00,1.787053128917252875e+00,1.784334056018574532e+00,1.782083264870066408e+00
2.175800085067749023e+00,1.784883387132554233e+00,1.789654472148673126e+00,1.786929324182058743e+00,1.784672000300511430e+00
2.176100015640258789e+00,1.787483151143054005e+00,1.792264948847948958e+00,1.789532376786749257e+00,1.787270898676993625e+00
2.176399946212768555e+00,1.790091873993919336e+00,1.794884808205091442e+00,1.792144337263616771e+00,1.789878951163277776e+00
2.176700115203857422e+00,1.792709844458487911e+00,1.797514413315739246e+00,1.794766131336038351e+00,1.792495867282402511e+00
2.177000045776367188e+00,1.795336786257105910e+00,1.800153491773553327e+00,1.797397299291940476e+00,1.795121988467586416e+00
2.177299976348876953e+00,1.797973799403584927e+00,1.802800178023798106e+00,1.800037954368881588e+00,1.797757138155511303e+00
2.177599906921386719e+00,1.800619436558086539e+00,1.805457813165789238e+00,1.802687004808333437e+00,1.800402734977822217e+00
2.177900075912475586e+00,1.803274818362559984e+00,1.808124471181680626e+00,1.805346542218369876e+00,1.803056395026594094e+00
2.178200006484985352e+00,1.805939609315372341e+00,1.810800394283298420e+00,1.808015408323206508e+00,1.805720342674658863e+00
2.178499937057495117e+00,1.808613931198246094e+00,1.813486467096878441e+00,1.810693329701601684e+00,1.808393428677028236e+00
2.178800106048583984e+00,1.811297381720415878e+00,1.816181328192446820e+00,1.813381082512398601e+00,1.811076472059157672e+00
2.179100036621093750e+00,1.813990537803187086e+00,1.818886631088219907e+00,1.816077854799317048e+00,1.813768129609116819e+00
2.179399967193603516e+00,1.816693114073712811e+00,1.821600744777996050e+00,1.818784158996943567e+00,1.816470026765631074e+00
2.179699897766113281e+00,1.819405151023399947e+00,1.824324015501179508e+00,1.821500695329722586e+00,1.819181377332168115e+00
2.180000066757202148e+00,1.822126580723897549e+00,1.827058484019578710e+00,1.824227392080809418e+00,1.821902706556707274e+00
2.180299997329711914e+00,1.824859117110210871e+00,1.829801862996464745e+00,1.826963229506871844e+00,1.824633325693088448e+00
2.180599927902221680e+00,1.827599735430767369e+00,1.832555577175361217e+00,1.829707387770728833e+00,1.827373665932359392e+00
2.180900096893310547e+00,1.830350370086709866e+00,1.835318187768686382e+00,1.832463544936905997e+00,1.830124106379327209e+00
2.181200027465820312e+00,1.833112031148119048e+00,1.838089884657533979e+00,1.835227998971955543e+00,1.832882916944878815e+00
2.181499958038330078e+00,1.835881965356239487e+00,1.840873474961863376e+00,1.838002905838138634e+00,1.835653158021149034e+00
2.181799888610839844e+00,1.838662914083296851e+00,1.843665441291118867e+00,1.840787494556092696e+00,1.838432722337684400e+00
2.182100057601928711e+00,1.841451839431322401e+00,1.846467948974513273e+00,1.843582619327545968e+00,1.841222564664574790e+00
2.182399988174438477e+00,1.844252458216779633e+00,1.849279885784099742e+00,1.846387220854052824e+00,1.844021970479028383e+00
2.182699918746948242e+00,1.847062834128023967e+00,1.852102534993209426e+00,1.849202005313228980e+00,1.846830877392512393e+00
2.183000087738037109e+00,1.849882391747485144e+00,1.854935579295857950e+00,1.852026103024882353e+00,1.849650712833179167e+00
2.183300018310546875e+00,1.852712425145233377e+00,1.857777989929972673e+00,1.854860848412793972e+00,1.852479817890712921e+00
2.183599948883056641e+00,1.855553560321290041e+00,1.860630914915336831e+00,1.857705367795463802e+00,1.855319202366619846e+00
2.183900117874145508e+00,1.858403719520882014e+00,1.863492698924716251e+00,1.860559806378316861e+00,1.858169107520528662e+00
2.184200048446655273e+00,1.861263688691564777e+00,1.866366984715351673e+00,1.863425355850436116e+00,1.861029041165440656e+00
2.184499979019165039e+00,1.864134165761968998e+00,1.869250358859334771e+00,1.866301176536420137e+00,1.863899224643931207e+00
2.184799909591674805e+00,1.867015152546886991e+00,1.872143902450375652e+00,1.869187112769725490e+00,1.866779221702210334e+00
2.185100078582763672e+00,1.869906127606653534e+00,1.875047563821912400e+00,1.872082420259704172e+00,1.869669706003162624e+00
2.185400009155273438e+00,1.872807682897634995e+00,1.877962159136965514e+00,1.874988927729498656e+00,1.872571218764593759e+00
2.185699939727783203e+00,1.875719426794049571e+00,1.880886700239432940e+00,1.877905652251954827e+00,1.875481767995377469e+00
2.186000108718872070e+00,1.878641654234443958e+00,1.883821861174695744e+00,1.880832872827261859e+00,1.878403721737099463e+00
2.186300039291381836e+00,1.881574653469841873e+00,1.886767999055618095e+00,1.883770503242631955e+00,1.881335878949521145e+00
2.186599969863891602e+00,1.884516729696165127e+00,1.889723418947788058e+00,1.886717821119064942e+00,1.884277327802262647e+00
2.186899900436401367e+00,1.887471304589753096e+00,1.892689835194290904e+00,1.889676301634806155e+00,1.887230445061925277e+00
2.187200069427490234e+00,1.890434892698990677e+00,1.895667361515216642e+00,1.892645680657997875e+00,1.890194757820470084e+00
2.187500000000000000e+00,1.893409465599312780e+00,1.898654910040513455e+00,1.895625751786844893e+00,1.893168410842251514e+00
2.187799930572509766e+00,1.896395262940268056e+00,1.901654241395235312e+00,1.898616816152777886e+00,1.896153831788365496e+00
2.188100099563598633e+00,1.899391716947161690e+00,1.904664169491355974e+00,1.901617181131801670e+00,1.899149137452476932e+00
2.188400030136108398e+00,1.902397399623698915e+00,1.907684091051889963e+00,1.904629219163683773e+00,1.902155999254596663e+00
2.188699960708618164e+00,1.905415015456466188e+00,1.910714781726506661e+00,1.907652948222283928e+00,1.905172620151535323e+00
2.188999891281127930e+00,1.908443297650987747e+00,1.913757301286567181e+00,1.910685870136792142e+00,1.908201116854720825e+00
2.189300060272216797e+00,1.911482998686458767e+00,1.916809711359372059e+00,1.913731308352164318e+00,1.911239766037691190e+00
2.189599990844726562e+00,1.914533140945074319e+00,1.919874132936715494e+00,1.916786148612146246e+00,1.914289690274338041e+00
2.189899921417236328e+00,1.917594535016316382e+00,1.922948692565396911e+00,1.919852348933600572e+00,1.917350573480954168e+00
2.190200090408325195e+00,1.920665712607317888e+00,1.926034214380157872e+00,1.922930581049500987e+00,1.920422479921043424e+00
2.190500020980834961e+00,1.923748444085478404e+00,1.929131623583351551e+00,1.926019369233843426e+00,1.923504317350559045e+00
2.190799951553344727e+00,1.926843095117519056e+00,1.932240584888808677e+00,1.929118388414865271e+00,1.926598893886787511e+00
2.191099882125854492e+00,1.929948536933843162e+00,1.935358962778165326e+00,1.932229267962116914e+00,1.929704109231862308e+00
2.191400051116943359e+00,1.933064108659363844e+00,1.938490153520800341e+00,1.935351667042155110e+00,1.932820279872304647e+00
2.191699981689453125e+00,1.936192483084182125e+00,1.941631845753143404e+00,1.938484180845370997e+00,1.935947948678035102e+00
2.191999912261962891e+00,1.939330403663994229e+00,1.944785073008936438e+00,1.941629032184197801e+00,1.939086541130296659e+00
2.192300081253051758e+00,1.942481473985605778e+00,1.947949713609665734e+00,1.944785745110067410e+00,1.942236801763618903e+00
2.192600011825561523e+00,1.945642321693803245e+00,1.951125888185741841e+00,1.947953701032929530e+00,1.945397987511648052e+00
2.192899942398071289e+00,1.948815240529595094e+00,1.954313049531387625e+00,1.951132259284783732e+00,1.948571334397830146e+00
2.193200111389160156e+00,1.951999675247098498e+00,1.957511709991983206e+00,1.954323230751833451e+00,1.951756011353792619e+00
2.193500041961669922e+00,1.955195487032652446e+00,1.960721637592790723e+00,1.957524811195991976e+00,1.954951104993829958e+00
2.193799972534179688e+00,1.958402194090975712e+00,1.963944475609507911e+00,1.960736562577437780e+00,1.958158354302302007e+00
2.194099903106689453e+00,1.961621802024010375e+00,1.967178311496816656e+00,1.963963374530959483e+00,1.961375816442289199e+00
2.194400072097778320e+00,1.964851625541639724e+00,1.970423374955891038e+00,1.967199832431374640e+00,1.964607586504972137e+00
2.194700002670288086e+00,1.968094325277466528e+00,1.973680576934410347e+00,1.970447661808808260e+00,1.967850076608066878e+00
2.194999933242797852e+00,1.971348124772899224e+00,1.976948439929696821e+00,1.973707071302630345e+00,1.971103230428668196e+00
2.195300102233886719e+00,1.974613017554433192e+00,1.980229516162633541e+00,1.976978393884273100e+00,1.974368832389661099e+00
2.195600032806396484e+00,1.977890268264886897e+00,1.983522207727905995e+00,1.980263064824969277e+00,1.977646163645502941e+00
2.195899963378906250e+00,1.981178313661791535e+00,1.986825779013874138e+00,1.983558524086127317e+00,1.980936410767041078e+00
2.196199893951416016e+00,1.984480597994225715e+00,1.990142146289521685e+00,1.986866655748721344e+00,1.984236328609380706e+00
2.196500062942504883e+00,1.987793396660577194e+00,1.993470951982826644e+00,1.990185635618973103e+00,1.987549238515048389e+00
2.196799993515014648e+00,1.991117636322586648e+00,1.996810488841190612e+00,1.993516340130449649e+00,1.990875718158842123e+00
2.197099924087524414e+00,1.994454930019304850e+00,2.000163834697840759e+00,1.996860073414451264e+00,1.994211802644186626e+00
2.197400093078613281e+00,1.997803479523958758e+00,2.003528330924625678e+00,2.000216366063890305e+00,1.997561580053909047e+00
2.197700023651123047e+00,2.001164959496778195e+00,2.006905023526755816e+00,2.003584150773990658e+00,2.000923642254772705e+00
2.197999954223632812e+00,2.004538274882259774e+00,2.010294302055781746e+00,2.006964026795281519e+00,2.004295962908800632e+00
2.198299884796142578e+00,2.007923981127578195e+00,2.013696445348702291e+00,2.010356538798890647e+00,2.007683101803858339e+00
2.198600053787231445e+00,2.011321266461801649e+00,2.017109151843490267e+00,2.013761496203628099e+00,2.011080743002159998e+00
2.198899984359741211e+00,2.014732305737643614e+00,2.020535334845731779e+00,2.017178750678118249e+00,2.014492132965441495e+00
2.199199914932250977e+00,2.018154223633828792e+00,2.023974426402558979e+00,2.020608411605121280e+00,2.017914325286407351e+00
2.199500083923339844e+00,2.021590290604818207e+00,2.027424864120625170e+00,2.024050327948123229e+00,2.021349892224262756e+00
2.199800014495849609e+00,2.025036730991550016e+00,2.030890256991330300e+00,2.027504834418383250e+00,2.024798554393035133e+00
2.200099945068359375e+00,2.028496623565171131e+00,2.034365049216333876e+00,2.030972429245442079e+00,2.028257646777741119e+00
2.200400114059448242e+00,2.031969732435569664e+00,2.037854583462135771e+00,2.034451758553867950e+00,2.031731385852150851e+00
2.200700044631958008e+00,2.035454228184185865e+00,2.041355849639001185e+00,2.037944351897403195e+00,2.035217355987996690e+00
2.200999975204467773e+00,2.038952803531323799e+00,2.044871086606293353e+00,2.041449553348885892e+00,2.038716303532983165e+00
2.201299905776977539e+00,2.042463091934418440e+00,2.048397947995480806e+00,2.044967806272186550e+00,2.042226850936974092e+00
2.201600074768066406e+00,2.045987959571690773e+00,2.051937979981981908e+00,2.048498640873241516e+00,2.045751524057484616e+00
2.201900005340576172e+00,2.049523494596178885e+00,2.055491486915240529e+00,2.052042200589219156e+00,2.049288201278532284e+00
2.202199935913085938e+00,2.053072148195075997e+00,2.059057085072022009e+00,2.055598279630498126e+00,2.052838678445431775e+00
2.202500104904174805e+00,2.056634418597481861e+00,2.062636639248127235e+00,2.059168896871241383e+00,2.056402133947095034e+00
2.202800035476684570e+00,2.060209757593580271e+00,2.066229855559685191e+00,2.062751404899680452e+00,2.059977103162156986e+00
2.203099966049194336e+00,2.063798068528862828e+00,2.069833855717951199e+00,2.066347680161084721e+00,2.063566422139988532e+00
2.203399896621704102e+00,2.067398440311219332e+00,2.073453074709417088e+00,2.069956960590227713e+00,2.067168796757172355e+00
2.203700065612792969e+00,2.071013607523769728e+00,2.077084779704159612e+00,2.073579363704346257e+00,2.070783999053777524e+00
2.203999996185302734e+00,2.074641219220970889e+00,2.080730297643824223e+00,2.077214597713965105e+00,2.074412666960340879e+00
2.204299926757812500e+00,2.078281873739797891e+00,2.084389418318158604e+00,2.080863899066544231e+00,2.078054270071611143e+00
2.204600095748901367e+00,2.081936170209161663e+00,2.088059751469002023e+00,2.084526033163722758e+00,2.081709435971918154e+00
2.204900026321411133e+00,2.085604052405371167e+00,2.091746093831379660e+00,2.088201572587164545e+00,2.085379046018831062e+00
2.205199956893920898e+00,2.089285806241773624e+00,2.095444939725472189e+00,2.091891132852826907e+00,2.089060716693985853e+00
2.205499887466430664e+00,2.092980343630395534e+00,2.099156957655488487e+00,2.095594856866986433e+00,2.092756582647480990e+00
2.205800056457519531e+00,2.096688142350949136e+00,2.102883069694319484e+00,2.099311207567777338e+00,2.096465269810028342e+00
2.206099987030029297e+00,2.100410054847600794e+00,2.106623243912790766e+00,2.103041375645184452e+00,2.100188383601683029e+00
2.206399917602539062e+00,2.104145623766235484e+00,2.110376461182713381e+00,2.106784348298544440e+00,2.103924444350376177e+00
2.206700086593627930e+00,2.107894672753491072e+00,2.114143363755712102e+00,2.110542838681038535e+00,2.107675550269570319e+00
2.207000017166137695e+00,2.111657424046019749e+00,2.117925708220998349e+00,2.114313997686263935e+00,2.111439916839599640e+00
2.207299947738647461e+00,2.115434108856126372e+00,2.121721031695980919e+00,2.118099203689037147e+00,2.115217434517282946e+00
2.207600116729736328e+00,2.119225514607941285e+00,2.125529780157028537e+00,2.121898883193554131e+00,2.119010340534414283e+00
2.207900047302246094e+00,2.123029492639427751e+00,2.129352483193621026e+00,2.125712612928698952e+00,2.122815796526737575e+00
2.208199977874755859e+00,2.126848361956148903e+00,2.133190438805790290e+00,2.129539853004543293e+00,2.126636333990234995e+00
2.208499908447265625e+00,2.130681886123432900e+00,2.137041512815081479e+00,2.133382692213869891e+00,2.130469853604485486e+00
2.208800077438354492e+00,2.134528648709949294e+00,2.140907054714174418e+00,2.137236960499491634e+00,2.134318440126497407e+00
2.209100008010864258e+00,2.138388474964821206e+00,2.144787584169149053e+00,2.141107958686335078e+00,2.138181443788532921e+00
2.209399938583374023e+00,2.142263823970277592e+00,2.148681164970597024e+00,2.144993336023219843e+00,2.142057026813030784e+00
2.209700107574462891e+00,2.146154226564500611e+00,2.152591180076226074e+00,2.148890573378282820e+00,2.145948986194530672e+00
2.210000038146972656e+00,2.150058007545188055e+00,2.156514352976761639e+00,2.152803509779932067e+00,2.149854981179357249e+00
2.210299968719482422e+00,2.153977254354853876e+00,2.160452243293850216e+00,2.156732280698503867e+00,2.153774989939963191e+00
2.210599899291992188e+00,2.157909204267490111e+00,2.164403948192993532e+00,2.160674766391438073e+00,2.157709901154984067e+00
2.210900068283081055e+00,2.161856437638508321e+00,2.168371379776377950e+00,2.164631061095712461e+00,2.161658832327442603e+00
2.211199998855590820e+00,2.165819459279417103e+00,2.172353004152261402e+00,2.168603107000156349e+00,2.165622587368200236e+00
2.211499929428100586e+00,2.169796088161585867e+00,2.176350111902272122e+00,2.172590540920576796e+00,2.169601210902937005e+00
2.211800098419189453e+00,2.173788580944458371e+00,2.180361399784283449e+00,2.176590779902900508e+00,2.173594637359736570e+00
2.212100028991699219e+00,2.177793646908682934e+00,2.184386969750690799e+00,2.180606532272421738e+00,2.177602347445593445e+00
2.212399959564208984e+00,2.181815561051280827e+00,2.188428815870663513e+00,2.184637090346571497e+00,2.181626009867553506e+00
2.212699890136718750e+00,2.185852035223514900e+00,2.192483845451887792e+00,2.188684131497844909e+00,2.185663947692302767e+00
2.213000059127807617e+00,2.189902275293102552e+00,2.196556068928416483e+00,2.192745709652900388e+00,2.189717055489448061e+00
2.213299989700317383e+00,2.193969373305605153e+00,2.200642731115033612e+00,2.196821369054297257e+00,2.193785309398267991e+00
2.213599920272827148e+00,2.198050192250962098e+00,2.204744575607177293e+00,2.200911594114200565e+00,2.197867912057295925e+00
2.213900089263916016e+00,2.202146271292468427e+00,2.208862150122841594e+00,2.205019611102851051e+00,2.201967037800200089e+00
2.214200019836425781e+00,2.206258392871859098e+00,2.212994219252879979e+00,2.209141584333334407e+00,2.206080830554637995e+00
2.214499950408935547e+00,2.210385939111178200e+00,2.217142226121489923e+00,2.213278045394971194e+00,2.210210593765173481e+00
2.214799880981445312e+00,2.214528895264228581e+00,2.221306098077731939e+00,2.217431905364312783e+00,2.214354783617646483e+00
2.215100049972534180e+00,2.218686538063395552e+00,2.225484234235476144e+00,2.221600438914838271e+00,2.218515065458460001e+00
2.215399980545043945e+00,2.222858819466497327e+00,2.229678852731204586e+00,2.225784701257139453e+00,2.222690862818690771e+00
2.215699911117553711e+00,2.227047956927474370e+00,2.233888908575809129e+00,2.229983585055638429e+00,2.226882953819600441e+00
2.216000080108642578e+00,2.231253066245921346e+00,2.238114493128825266e+00,2.234199820124198599e+00,2.231089921367093165e+00
2.216300010681152344e+00,2.235473255387705915e+00,2.242356302897944076e+00,2.238431039783087773e+00,2.235312499167048106e+00
2.216599941253662109e+00,2.239709766284993631e+00,2.246614543470726311e+00,2.242677195468950835e+00,2.239551459308424253e+00
2.216900110244750977e+00,2.243961788099568366e+00,2.250888611535896366e+00,2.246939502231628083e+00,2.243805111054078427e+00
2.217200040817260742e+00,2.248228962948868315e+00,2.255177370929985159e+00,2.251219093532318638e+00,2.248076509480508633e+00
2.217499971389770508e+00,2.252514535880174584e+00,2.259484081129768285e+00,2.255514818306919800e+00,2.252361750755015546e+00
2.217799901962280273e+00,2.256813441078775462e+00,2.263805206756223765e+00,2.259825995937206677e+00,2.256665274571011626e+00
2.218100070953369141e+00,2.261129871930497526e+00,2.268143987487441837e+00,2.264153439462077255e+00,2.260984339880039773e+00
2.218400001525878906e+00,2.265461653108947537e+00,2.272498135517313056e+00,2.268496894049087054e+00,2.265319653113289533e+00
2.218699932098388672e+00,2.269811478394386128e+00,2.276869159805754883e+00,2.272856440576825232e+00,2.269670251651062287e+00
2.219000101089477539e+00,2.274176438669189615e+00,2.281256057270221405e+00,2.277232462375237798e+00,2.274038601440851348e+00
2.219300031661987305e+00,2.278557241062077132e+00,2.285660642777699980e+00,2.281626688631704702e+00,2.278422407996458343e+00
2.219599962234497070e+00,2.282955399365021787e+00,2.290081115361512154e+00,2.286034810263231076e+00,2.282823018995511877e+00
2.219899892807006836e+00,2.287369578263916292e+00,2.294517325425696974e+00,2.290461105298440714e+00,2.287241620361441186e+00
2.220200061798095703e+00,2.291801149606794485e+00,2.298971339770016886e+00,2.294905887432808989e+00,2.291674409682037616e+00
2.220499992370605469e+00,2.296248222125864213e+00,2.303442152194860260e+00,2.299364252400932340e+00,2.296125863555979585e+00
2.220799922943115234e+00,2.300712838214912459e+00,2.307930312375179316e+00,2.303840370268849913e+00,2.300594171678195465e+00
2.221100091934204102e+00,2.305194612829041034e+00,2.312434903563600042e+00,2.308335356347564815e+00,2.305078442675765782e+00
2.221400022506713867e+00,2.309692648170822427e+00,2.316956750851212998e+00,2.312845550771637448e+00,2.309579092180340965e+00
2.221699953079223633e+00,2.314208224615016185e+00,2.321495515718092317e+00,2.317372784285432363e+00,2.314097058355365721e+00
2.221999883651733398e+00,2.318739708868863936e+00,2.326050986513023666e+00,2.321918482687982621e+00,2.318633082577571614e+00
2.222300052642822266e+00,2.323289925816534041e+00,2.330624495348967429e+00,2.326479477683594865e+00,2.323186559927580941e+00
2.222599983215332031e+00,2.327855890461731470e+00,2.335214833707372151e+00,2.331059763210179270e+00,2.327757363242388688e+00
2.222899913787841797e+00,2.332441167235370649e+00,2.339821837031692109e+00,2.335655686321084890e+00,2.332344371112593073e+00
2.223200082778930664e+00,2.337041814763028302e+00,2.344448556164891340e+00,2.340268954169560711e+00,2.336948753903216325e+00
2.223500013351440430e+00,2.341660646884348829e+00,2.349090884137615021e+00,2.344901154788911146e+00,2.341570670037645296e+00
2.223799943923950195e+00,2.346297344017157283e+00,2.353751094152034984e+00,2.349551369736281980e+00,2.346210931186186954e+00
2.224100112915039062e+00,2.350950757573629701e+00,2.358430071636235859e+00,2.354216465154037596e+00,2.350869167261241177e+00
2.224400043487548828e+00,2.355623930953056444e+00,2.363125996292122721e+00,2.358902646778926027e+00,2.355544188106985626e+00
2.224699974060058594e+00,2.360311980394551146e+00,2.367839470129760926e+00,2.363604833997926313e+00,2.360237699705857839e+00
2.224999904632568359e+00,2.365019597131671425e+00,2.372571928611222791e+00,2.368325907958525711e+00,2.364948839178490303e+00
2.225300073623657227e+00,2.369744617010414167e+00,2.377321929082723884e+00,2.373064182707785186e+00,2.369677814774442393e+00
2.225600004196166992e+00,2.374486920916971222e+00,2.382090301043330527e+00,2.377820912361868100e+00,2.374425281298437440e+00
2.225899934768676758e+00,2.379249760020843762e+00,2.386875713758807027e+00,2.382595552062785504e+00,2.379190375939390201e+00
2.226200103759765625e+00,2.384028987945447486e+00,2.391681151716736231e+00,2.387388633621331024e+00,2.383973018801144761e+00
2.226500034332275391e+00,2.388826204123821295e+00,2.396503793415741157e+00,2.392201330660725933e+00,2.388774602955495929e+00
2.226799964904785156e+00,2.393642338050930185e+00,2.401345465526016021e+00,2.397029788990828081e+00,2.393594071983505600e+00
2.227099895477294922e+00,2.398475898448349408e+00,2.406205775266303082e+00,2.401878045784100024e+00,2.398433391408486770e+00
2.227400064468383789e+00,2.403329599517323611e+00,2.411083474940983074e+00,2.406746037892092183e+00,2.403290871309673005e+00
2.227699995040893555e+00,2.408199658118450159e+00,2.415981486290811997e+00,2.411630380499340642e+00,2.408167290664909199e+00
2.227999925613403320e+00,2.413090891901015222e+00,2.420897082810272050e+00,2.416535330038996232e+00,2.413060684556642688e+00
2.228300094604492188e+00,2.418000204724958468e+00,2.425832020691034874e+00,2.421458972771028950e+00,2.417973328116414855e+00
2.228600025177001953e+00,2.422926354864944454e+00,2.430786462045276597e+00,2.426399867139442890e+00,2.422905046211666580e+00
2.228899955749511719e+00,2.427873708928396823e+00,2.435758401315438082e+00,2.431361804970375573e+00,2.427856722336065420e+00
2.229199886322021484e+00,2.432839842284128640e+00,2.440752012514176172e+00,2.436340867916083397e+00,2.432827765936867337e+00
2.229500055313110352e+00,2.437824124283595406e+00,2.445761987034916096e+00,2.441341326875031914e+00,2.437816041459952565e+00
2.229799985885620117e+00,2.442826344335085498e+00,2.450793591728085197e+00,2.446359742477291377e+00,2.442824774153890655e+00
2.230099916458129883e+00,2.447849330334888496e+00,2.455843424401759734e+00,2.451398111014362780e+00,2.447851447333784680e+00
2.230400085449218750e+00,2.452891575088019138e+00,2.460912289913134821e+00,2.456454849527999418e+00,2.452899013910363024e+00
2.230700016021728516e+00,2.457953203283643084e+00,2.466000730826317877e+00,2.461532898854334128e+00,2.457966971581714954e+00
2.230999946594238281e+00,2.463035517327424095e+00,2.471110006799718484e+00,2.466628890875840696e+00,2.463051129106085924e+00
2.231300115585327148e+00,2.468135512543568222e+00,2.476237973662688496e+00,2.471744888050185995e+00,2.468158078322547411e+00
2.231600046157836914e+00,2.473257128144210615e+00,2.481387735136256101e+00,2.476880885187658254e+00,2.473284041173773762e+00
2.231899976730346680e+00,2.478396903393005335e+00,2.486555312496023351e+00,2.482036683688940482e+00,2.478429189978515357e+00
2.232199907302856445e+00,2.483556886729916702e+00,2.491741863350186659e+00,2.487212975545916027e+00,2.483593519884962575e+00
2.232500076293945312e+00,2.488737270363184262e+00,2.496951446360776927e+00,2.492409103716568097e+00,2.488780306937210085e+00
2.232800006866455078e+00,2.493937248271392626e+00,2.502178616392816135e+00,2.497625084675024532e+00,2.493985581585191902e+00
2.233099937438964844e+00,2.499157239680160014e+00,2.507428866280795976e+00,2.502861147302046785e+00,2.499210101165485476e+00
2.233400106430053711e+00,2.504397338616226154e+00,2.512697711698957725e+00,2.508117445671604884e+00,2.504456462018115559e+00
2.233700037002563477e+00,2.509657571558979061e+00,2.517987010867975606e+00,2.513395550078934448e+00,2.509722866994008594e+00
2.233999967575073242e+00,2.514939549920323092e+00,2.523296328136109157e+00,2.518692856214689080e+00,2.515009697014693568e+00
2.234299898147583008e+00,2.520240857145262137e+00,2.528627389882835530e+00,2.524010286049394036e+00,2.520316804856382209e+00
2.234600067138671875e+00,2.525563925232698903e+00,2.533978471113197628e+00,2.529349196465369598e+00,2.525645209350301457e+00
2.234899997711181641e+00,2.530905881133437951e+00,2.539350731773464709e+00,2.534709469000073323e+00,2.530993760332813203e+00
2.235199928283691406e+00,2.536269957108781448e+00,2.544743856793725723e+00,2.540090225027139326e+00,2.536362909360818652e+00
2.235500097274780273e+00,2.541654532428869295e+00,2.550157896529396950e+00,2.545491435038942818e+00,2.541754698499112397e+00
2.235800027847290039e+00,2.547060633346285741e+00,2.555593688633186922e+00,2.550914698243702095e+00,2.547165717916859862e+00
2.236099958419799805e+00,2.552486415592445823e+00,2.561049796262000910e+00,2.556358639395595045e+00,2.552598360320615267e+00
2.236399888992309570e+00,2.557934453542338282e+00,2.566527287718122885e+00,2.561823833973779774e+00,2.558053436473596065e+00
2.236700057983398438e+00,2.563403084494042083e+00,2.572026680293968415e+00,2.567310311319612737e+00,2.563527749459514560e+00
2.236999988555908203e+00,2.568893893744486068e+00,2.577547559159207857e+00,2.572818142613495507e+00,2.569024694225870320e+00
2.237299919128417969e+00,2.574405710765160116e+00,2.583090400658275776e+00,2.578347753365606732e+00,2.574542899515914751e+00
2.237600088119506836e+00,2.579938232575853529e+00,2.588653608484520863e+00,2.583900109409773105e+00,2.580082468308091403e+00
2.237900018692016602e+00,2.585494687133562675e+00,2.594240625632009412e+00,2.589471308447821585e+00,2.585645129828512800e+00
2.238199949264526367e+00,2.591070604843933367e+00,2.599847965158695651e+00,2.595067233993626932e+00,2.591227793086988029e+00
2.238500118255615234e+00,2.596669752689000354e+00,2.605478768990000304e+00,2.600683864253346300e+00,2.596833307694670800e+00
2.238800048828125000e+00,2.602290230883876898e+00,2.611130037589907804e+00,2.606323259485701982e+00,2.602460984213931905e+00
2.239099979400634766e+00,2.607932713465376917e+00,2.616804974607561007e+00,2.611984492065894337e+00,2.608109439357815251e+00
2.239399909973144531e+00,2.613597864228157874e+00,2.622500559847760204e+00,2.617668328274467271e+00,2.613782422668859962e+00
2.239700078964233398e+00,2.619284408752069027e+00,2.628219863580442350e+00,2.623374617667883602e+00,2.619475838349319297e+00
2.240000009536743164e+00,2.624994646085292871e+00,2.633960684115201900e+00,2.629102752195366044e+00,2.625192648147416818e+00
2.240299940109252930e+00,2.630725696778624556e+00,2.639725718451122027e+00,2.634854039399642467e+00,2.630931989623989331e+00
2.240600109100341797e+00,2.636479543007294701e+00,2.645512076859630746e+00,2.640628232194131453e+00,2.636694353155529136e+00
2.240900039672851562e+00,2.642257323757725818e+00,2.651321290271270392e+00,2.646423104659696435e+00,2.642477583491526616e+00
2.241199970245361328e+00,2.648058087447629383e+00,2.657154097323366937e+00,2.652243872149450787e+00,2.648285359849793963e+00
2.241499900817871094e+00,2.653881466681136558e+00,2.663009783601516745e+00,2.658086688388708652e+00,2.654116308350915165e+00
2.241800069808959961e+00,2.659726350330920752e+00,2.668888909458313918e+00,2.663951421307451106e+00,2.659969587595638174e+00
2.242100000381469727e+00,2.665595588259948467e+00,2.674791406741873878e+00,2.669841206984355342e+00,2.665846824137658722e+00
2.242399930953979492e+00,2.671487577759836807e+00,2.680716752244378664e+00,2.675752336971801260e+00,2.671747322845976935e+00
2.242700099945068359e+00,2.677402872874679485e+00,2.686665736148187822e+00,2.681688019824263414e+00,2.677669567075368739e+00
2.243000030517578125e+00,2.683341755265818307e+00,2.692638498793451074e+00,2.687648147594074111e+00,2.683617738946551867e+00
2.243299961090087891e+00,2.689303809526086830e+00,2.698634576249721917e+00,2.693630553974260433e+00,2.689588189564033449e+00
2.243599891662597656e+00,2.695288997615241655e+00,2.704655106170868351e+00,2.699637143754668678e+00,2.695581782020586292e+00
2.243900060653686523e+00,2.701300472716969825e+00,2.710698297925646205e+00,2.705668002485068335e+00,2.701600391662057898e+00
2.244199991226196289e+00,2.707333666808797723e+00,2.716767995132846281e+00,2.711722765837980997e+00,2.707641993684198223e+00
2.244499921798706055e+00,2.713391733206798051e+00,2.722860007241153291e+00,2.717802208140784881e+00,2.713707544764416113e+00
2.244800090789794922e+00,2.719472814346518774e+00,2.728976031103020894e+00,2.723905073130569399e+00,2.719798599298266062e+00
2.245100021362304688e+00,2.725579084689043974e+00,2.735117578517656245e+00,2.730032215192004230e+00,2.725912939426149428e+00
2.245399951934814453e+00,2.731708950218219023e+00,2.741282369156424092e+00,2.736184778177445764e+00,2.732052787861592336e+00
2.245699882507324219e+00,2.737864223605119829e+00,2.747472626694553721e+00,2.742359938348849724e+00,2.738216083438224757e+00
2.246000051498413086e+00,2.744043266436464901e+00,2.753687082361576444e+00,2.748561620821798446e+00,2.744404561230908257e+00
2.246299982070922852e+00,2.750247365671282473e+00,2.759928400279249683e+00,2.754787991108426759e+00,2.750617380033736126e+00
2.246599912643432617e+00,2.756476297199343950e+00,2.766193419121594665e+00,2.761039702910086824e+00,2.756856441560981530e+00
2.246900081634521484e+00,2.762731345195689858e+00,2.772482271629152173e+00,2.767315369561892169e+00,2.763118016127578791e+00
2.247200012207031250e+00,2.769008542663237371e+00,2.778797889725858727e+00,2.773616437957416636e+00,2.769405356802987050e+00
2.247499942779541016e+00,2.775312308852458720e+00,2.785138131196445155e+00,2.779942513126236303e+00,2.775719904471372956e+00
2.247800111770629883e+00,2.781641170365189986e+00,2.791503320735251759e+00,2.786294260556543723e+00,2.782057913873936528e+00
2.248100042343139648e+00,2.787995258742848037e+00,2.797894391653710233e+00,2.792671900253093753e+00,2.788422020355797670e+00
2.248399972915649414e+00,2.794376132401128920e+00,2.804310967115122732e+00,2.799075363186136478e+00,2.794811105115673211e+00
2.248699903488159180e+00,2.800781920800251790e+00,2.810754165116494896e+00,2.805504507022661187e+00,2.801226659084913528e+00
2.249000072479248047e+00,2.807212871328497616e+00,2.817223371163677825e+00,2.811959445186945850e+00,2.807667877591637495e+00
2.249300003051757812e+00,2.813669896070227772e+00,2.823719049052614061e+00,2.818440048979719670e+00,2.814135623054000668e+00
2.249599933624267578e+00,2.820152809570457997e+00,2.830238598037510656e+00,2.824946836873496014e+00,2.820628822552152748e+00
2.249900102615356445e+00,2.826662715257914904e+00,2.836787090248690912e+00,2.831479627611265038e+00,2.827148481576329253e+00
2.250200033187866211e+00,2.833197909536576908e+00,2.843359662401919508e+00,2.838040469726612169e+00,2.833694116513961081e+00
2.250499963760375977e+00,2.839759714045765993e+00,2.849961179430770208e+00,2.844625476874070635e+00,2.840267632887160776e+00
2.250799894332885742e+00,2.846348787217915621e+00,2.856587139546713949e+00,2.851239970027611648e+00,2.846865969864877499e+00
2.251100063323974609e+00,2.852963467844193524e+00,2.863242018712309100e+00,2.857877793677125577e+00,2.853492469581330848e+00
2.251399993896484375e+00,2.859603811989157141e+00,2.869922883189877538e+00,2.864545617332672212e+00,2.860144065092395937e+00
2.251699924468994141e+00,2.866273143276037327e+00,2.876630526940871846e+00,2.871239531459500505e+00,2.866824250096713378e+00
2.252000093460083008e+00,2.872969845036628556e+00,2.883366399517599987e+00,2.877960241828319887e+00,2.873530848611936861e+00
2.252300024032592773e+00,2.879692301598742787e+00,2.890127865586961775e+00,2.884708037478903364e+00,2.880264476223536541e+00
2.252599954605102539e+00,2.886441909392565286e+00,2.896918028229673592e+00,2.891483881614596019e+00,2.887026284524411679e+00
2.252899885177612305e+00,2.893219117875686752e+00,2.903736667468792998e+00,2.898286718185414390e+00,2.893814668294058201e+00
2.253200054168701172e+00,2.900024318877450824e+00,2.910581294061023616e+00,2.905118027124716562e+00,2.900631122573307685e+00
2.253499984741210938e+00,2.906857396274904470e+00,2.917455174656953698e+00,2.911976130751998237e+00,2.907475367438973279e+00
2.253799915313720703e+00,2.913717854633494753e+00,2.924356302563378307e+00,2.918863216911684599e+00,2.914348246499309347e+00
2.254100084304809570e+00,2.920605347401213692e+00,2.931284820146146330e+00,2.925777992296001884e+00,2.921248353890021576e+00
2.254400014877319336e+00,2.927522061994807689e+00,2.938242503272601613e+00,2.932721994118741016e+00,2.928177315998434782e+00
2.254699945449829102e+00,2.934465911603976629e+00,2.945228410917908324e+00,2.939693009207402508e+00,2.935133355922603826e+00
2.255000114440917969e+00,2.941439095377376578e+00,2.952243058519537389e+00,2.946693186470702663e+00,2.942117977157505671e+00
2.255300045013427734e+00,2.948440841619147434e+00,2.959286153284082843e+00,2.953721836277340529e+00,2.949132812611545251e+00
2.255599975585937500e+00,2.955471241966420415e+00,2.966358793529067395e+00,2.960779561125326698e+00,2.956173895141531727e+00
2.255899906158447266e+00,2.962530013613429603e+00,2.973459699154190616e+00,2.967866065539593201e+00,2.963246299073588830e+00
2.256200075149536133e+00,2.969617242823990644e+00,2.980589960053498633e+00,2.974982080431558096e+00,2.970346485919300061e+00
2.256500005722045898e+00,2.976733478992823034e+00,2.987749853487545515e+00,2.982125704580331771e+00,2.977477031848214217e+00
2.256799936294555664e+00,2.983880402719512936e+00,2.994938457409331178e+00,2.989300135034170580e+00,2.984635859100380095e+00
2.257100105285644531e+00,2.991055163693779662e+00,3.002156511855714527e+00,2.996503951811492872e+00,2.991823830840752763e+00
2.257400035858154297e+00,2.998259967616219157e+00,3.009405425513421939e+00,3.003737223461901973e+00,2.999041563643478625e+00
2.257699966430664062e+00,3.005493614518091938e+00,3.016682538094499488e+00,3.011000199962046597e+00,3.006288457717090079e+00
2.257999897003173828e+00,3.012757213725922867e+00,3.023991116524979983e+00,3.018293370479063764e+00,3.013567517013672870e+00
2.258300065994262695e+00,3.020051480683721312e+00,3.031328852449414413e+00,3.025616356667845785e+00,3.020874093461872079e+00
2.258599996566772461e+00,3.027374462926531340e+00,3.038697523651761045e+00,3.032969240435170022e+00,3.028212575190465383e+00
2.258899927139282227e+00,3.034730113668167029e+00,3.046095992934756413e+00,3.040354413817282886e+00,3.035581104311248613e+00
2.259200096130371094e+00,3.042112997725908041e+00,3.053525977725757290e+00,3.047768553993539964e+00,3.042979247055490166e+00
2.259500026702880859e+00,3.049528911158754685e+00,3.060984889891829042e+00,3.055214287215735069e+00,3.050407190452620654e+00
2.259799957275390625e+00,3.056974657589933919e+00,3.068477774683596948e+00,3.062689513504437411e+00,3.057869120873136559e+00
2.260099887847900391e+00,3.064450579688562382e+00,3.075998213198746889e+00,3.070195938577905181e+00,3.065360110074870637e+00
2.260400056838989258e+00,3.071956878959532844e+00,3.083552631311033743e+00,3.077734126523789193e+00,3.072881863932764190e+00
2.260699987411499023e+00,3.079495287510411572e+00,3.091136344981390671e+00,3.085303733642564161e+00,3.080435014704412389e+00
2.260999917984008789e+00,3.087066532193782908e+00,3.098752573903591045e+00,3.092905156492120167e+00,3.088019432183364277e+00
2.261300086975097656e+00,3.094666243375435055e+00,3.106400404386584935e+00,3.100537123456774236e+00,3.095636355421772734e+00
2.261600017547607422e+00,3.102299370893036201e+00,3.114079945317964171e+00,3.108201686217066495e+00,3.103284746984782405e+00
2.261899948120117188e+00,3.109964097829185370e+00,3.121791274520282489e+00,3.115897746635382326e+00,3.110963344192074764e+00
2.262200117111206055e+00,3.117659622131043751e+00,3.129534874686699109e+00,3.123625791391138051e+00,3.118675410828194217e+00
2.262500047683715820e+00,3.125388414802647397e+00,3.137310624575931683e+00,3.131386885000384535e+00,3.126419747071039090e+00
2.262799978256225586e+00,3.133149353478492660e+00,3.145119057042875088e+00,3.139180080300572495e+00,3.134195552352363467e+00
2.263099908828735352e+00,3.140941453352724011e+00,3.152959809637264854e+00,3.147005987736953170e+00,3.142004788963149053e+00
2.263400077819824219e+00,3.148765483973840595e+00,3.160833855942896342e+00,3.154862760804154398e+00,3.149846753900823693e+00
2.263700008392333984e+00,3.156624285175042566e+00,3.168740407433339179e+00,3.162754471106015597e+00,3.157721410995961264e+00
2.263999938964843750e+00,3.164515056743947952e+00,3.176679212540738373e+00,3.170679534833759750e+00,3.165628560191060981e+00
2.264300107955932617e+00,3.172439174825688823e+00,3.184653189524674133e+00,3.178636513365092231e+00,3.173568921299237289e+00
2.264600038528442383e+00,3.180395238323217022e+00,3.192659642995905767e+00,3.186627905764736646e+00,3.181542310352712732e+00
2.264899969100952148e+00,3.188386383207384878e+00,3.200699832179670246e+00,3.194652501293897107e+00,3.189550275604195573e+00
2.265199899673461914e+00,3.196409426770987494e+00,3.208773786363368519e+00,3.202709768058140227e+00,3.197591134088723308e+00
2.265500068664550781e+00,3.204466891955695562e+00,3.216881479123554488e+00,3.210802053222698405e+00,3.205666209680922307e+00
2.265799999237060547e+00,3.212558244201831226e+00,3.225022808665714003e+00,3.218928859860584524e+00,3.213775065704802536e+00
2.266099929809570312e+00,3.220683082329140579e+00,3.233198239843361854e+00,3.227088964209460897e+00,3.221917174509067561e+00
2.266400098800659180e+00,3.228842469275137628e+00,3.241409501095255052e+00,3.235285122190503238e+00,3.230096510497475482e+00
2.266700029373168945e+00,3.237036504301432416e+00,3.249654666116929658e+00,3.243514041267644643e+00,3.238307677782631622e+00
2.266999959945678711e+00,3.245263263794668340e+00,3.257933576519638663e+00,3.251777286851447624e+00,3.246553947182738931e+00
2.267299890518188477e+00,3.253526558872006369e+00,3.266248616200166488e+00,3.260076478329075655e+00,3.254834732506255435e+00
2.267600059509277344e+00,3.261824378194436047e+00,3.274598999376279629e+00,3.268411530249599739e+00,3.263152128566815247e+00
2.267899990081787109e+00,3.270157424009038749e+00,3.282984464855025486e+00,3.276781127386716896e+00,3.271503110172162554e+00
2.268199920654296875e+00,3.278525187897611826e+00,3.291405642362618789e+00,3.285185727384754006e+00,3.279890721837343648e+00
2.268500089645385742e+00,3.286929678867132942e+00,3.299861802424096879e+00,3.293627047758740822e+00,3.288313878107783417e+00
2.268800020217895508e+00,3.295368285478778692e+00,3.308354309948133398e+00,3.302102465775693663e+00,3.296771878693963487e+00
2.269099950790405273e+00,3.303843312994911852e+00,3.316883770233338247e+00,3.310617387642658560e+00,3.305265974864578737e+00
2.269399881362915039e+00,3.312353721272855989e+00,3.325447814489025156e+00,3.319165596970484522e+00,3.313796615253692401e+00
2.269700050354003906e+00,3.320900444911339289e+00,3.334049570166588872e+00,3.327750608124895759e+00,3.322363919026154910e+00
2.269999980926513672e+00,3.329483756483393897e+00,3.342686958007976550e+00,3.336372509557290034e+00,3.330967123282655429e+00
2.270299911499023438e+00,3.338103595566273896e+00,3.351361620748110060e+00,3.345031352423965210e+00,3.339608033301329826e+00
2.270600080490112305e+00,3.346759745430539112e+00,3.360072545753464368e+00,3.353727167415002874e+00,3.348284254925752101e+00
2.270900011062622070e+00,3.355452798416504567e+00,3.368822030179682958e+00,3.362460154214258701e+00,3.356997585723833222e+00
2.271199941635131836e+00,3.364183358945358471e+00,3.377607851544352613e+00,3.371229867263340729e+00,3.365750318581892664e+00
2.271500110626220703e+00,3.372950662996892390e+00,3.386432016643427190e+00,3.380037079564108371e+00,3.374538804872099895e+00
2.271800041198730469e+00,3.381755608430127680e+00,3.395292629881623281e+00,3.388882699490478601e+00,3.383364759639046593e+00
2.272099971771240234e+00,3.390598579395262657e+00,3.404192095658216122e+00,3.397766047332395178e+00,3.392229143959966997e+00
2.272399902343750000e+00,3.399478484631999642e+00,3.413130073865020542e+00,3.406686973012356123e+00,3.401132366892671843e+00
2.272700071334838867e+00,3.408397268215567877e+00,3.422104984512055026e+00,3.415647752589732633e+00,3.410073168143943789e+00
2.273000001907348633e+00,3.417354226903536407e+00,3.431119474886610732e+00,3.424645868567272267e+00,3.419051349922546557e+00
2.273299932479858398e+00,3.426348536940367673e+00,3.440172476289338643e+00,3.433682113215632103e+00,3.428068655067717074e+00
2.273600101470947266e+00,3.435382175791769743e+00,3.449263962554507401e+00,3.442758823209468133e+00,3.437125226972441272e+00
2.273900032043457031e+00,3.444454225153107174e+00,3.458395180265025459e+00,3.451873916255300045e+00,3.446221042642052979e+00
2.274199962615966797e+00,3.453565891604077009e+00,3.467566444202669906e+00,3.461028153286429543e+00,3.455356045658437569e+00
2.274499893188476562e+00,3.462717137309775595e+00,3.476776632761851893e+00,3.470221336849479865e+00,3.464529668702511334e+00
2.274800062179565430e+00,3.471906973870481750e+00,3.486025385951225797e+00,3.479455993056760121e+00,3.473743467555580722e+00
2.275099992752075195e+00,3.481136358015419763e+00,3.495315272874561785e+00,3.488729734530547688e+00,3.482997056299070415e+00
2.275399923324584961e+00,3.490406212452863866e+00,3.504645585617456760e+00,3.498041839119680141e+00,3.492290265342373079e+00
2.275700092315673828e+00,3.499715420111852993e+00,3.514015704198743428e+00,3.507395758210001713e+00,3.501624221567971595e+00
2.276000022888183594e+00,3.509064867766662932e+00,3.523425307593062161e+00,3.516790966066257074e+00,3.510997573243523462e+00
2.276299953460693359e+00,3.518455223770348805e+00,3.532876402824062012e+00,3.526225387231860964e+00,3.520413339345072501e+00
2.276599884033203125e+00,3.527885736129009686e+00,3.542369842589053519e+00,3.535702058217026877e+00,3.529869072330909407e+00
2.276900053024291992e+00,3.537358708763739923e+00,3.551904202401395150e+00,3.545221050694091325e+00,3.539366355416798449e+00
2.277199983596801758e+00,3.546872024403899815e+00,3.561478394237021838e+00,3.554778375430314608e+00,3.548904749988283314e+00
2.277499914169311523e+00,3.556425666275146114e+00,3.571095430662309056e+00,3.564380028723394211e+00,3.558485326652849334e+00
2.277800083160400391e+00,3.566020235405216177e+00,3.580753610726416625e+00,3.574022050150076790e+00,3.568105508223045952e+00
2.278100013732910156e+00,3.575658056741893187e+00,3.590453262068020734e+00,3.583705369025415699e+00,3.577770112384995205e+00
2.278399944305419922e+00,3.585338018970467555e+00,3.600197188099620860e+00,3.593432422922870462e+00,3.587475462196483722e+00
2.278700113296508789e+00,3.595057771842260053e+00,3.609982947049428681e+00,3.603201424201932568e+00,3.597224017612415281e+00
2.279000043869018555e+00,3.604822379746293493e+00,3.619811699891506418e+00,3.613012761050735655e+00,3.607014209500480906e+00
2.279299974441528320e+00,3.614628771250237627e+00,3.629681239693359984e+00,3.622868098457898256e+00,3.616848072898333655e+00
2.279599905014038086e+00,3.624477070598132400e+00,3.639596315510335689e+00,3.632766038947653264e+00,3.626725515107812825e+00
2.279900074005126953e+00,3.634368973009299175e+00,3.649553967046616165e+00,3.642707393424931439e+00,3.636645041017845692e+00
2.280200004577636719e+00,3.644304582564444672e+00,3.659553988352050702e+00,3.652692311172212491e+00,3.646609011838482850e+00
2.280499935150146484e+00,3.654284359474298860e+00,3.669600069157021416e+00,3.662721536396702948e+00,3.656615515815419215e+00
2.280800104141235352e+00,3.664306404822165852e+00,3.679688991545320143e+00,3.672794242095574369e+00,3.666667141987339118e+00
2.281100034713745117e+00,3.674372892315668437e+00,3.689822455519875533e+00,3.682911377192892299e+00,3.676763033429452321e+00
2.281399965286254883e+00,3.684485568097819463e+00,3.700000632693087876e+00,3.693073293474939955e+00,3.686902816037685326e+00
2.281699895858764648e+00,3.694639898118679433e+00,3.710223035484207621e+00,3.703279901351921310e+00,3.697086379775988529e+00
2.282000064849853516e+00,3.704840774653766822e+00,3.720491240899336027e+00,3.713530967178308995e+00,3.707316461988642953e+00
2.282299995422363281e+00,3.715085456165254651e+00,3.730804875101610740e+00,3.723828227139935443e+00,3.717590917987582788e+00
2.282599925994873047e+00,3.725374953704894132e+00,3.741162986856919836e+00,3.734170453560789582e+00,3.727911674431185318e+00
2.282900094985961914e+00,3.735709784931519728e+00,3.751568060176406760e+00,3.744558292926545739e+00,3.738277749885432044e+00
2.283200025558471680e+00,3.746091274679104188e+00,3.762019581021646797e+00,3.754993177475535404e+00,3.748690345418974612e+00
2.283499956130981445e+00,3.756516670257711077e+00,3.772516143904798280e+00,3.765473834213514781e+00,3.759147561316749542e+00
2.283799886703491211e+00,3.766990550273923155e+00,3.783058094239875491e+00,3.775999762409695926e+00,3.769651884094311622e+00
2.284100055694580078e+00,3.777510224222771384e+00,3.793649459329704321e+00,3.786574337711399618e+00,3.780202460138879950e+00
2.284399986267089844e+00,3.788076076183180874e+00,3.804286571527001115e+00,3.797194851878371136e+00,3.790801702296251463e+00
2.284699916839599609e+00,3.798689811949504946e+00,3.814970707561958108e+00,3.807864049809946305e+00,3.801447004812336772e+00
2.285000085830688477e+00,3.809350010672528875e+00,3.825701022831087705e+00,3.818578661756588222e+00,3.812139171075696442e+00
2.285300016403198242e+00,3.820057247253070720e+00,3.836482328467117231e+00,3.829342143557085798e+00,3.822879962192568648e+00
2.285599946975708008e+00,3.830811488839647616e+00,3.847308548186537891e+00,3.840153116732882399e+00,3.833668473273751154e+00
2.285900115966796875e+00,3.841614069502185203e+00,3.858183663880419001e+00,3.851012437622427509e+00,3.844504012190331110e+00
2.286200046539306641e+00,3.852465837739562637e+00,3.869109377310881115e+00,3.861920003565809001e+00,3.855388751687420790e+00
2.286499977111816406e+00,3.863365051631679759e+00,3.880082699755162068e+00,3.872876467966892555e+00,3.866323048079590485e+00
2.286799907684326172e+00,3.874312363927530534e+00,3.891104117461410272e+00,3.883884828035050862e+00,3.877304497817175566e+00
2.287100076675415039e+00,3.885309484167589478e+00,3.902175764939634472e+00,3.894937610380721615e+00,3.888336759929002184e+00
2.287400007247924805e+00,3.896355505694806709e+00,3.913297179486590061e+00,3.906043783234027789e+00,3.899419060989077757e+00
2.287699937820434570e+00,3.907451198297665407e+00,3.924467565402951941e+00,3.917198438106330283e+00,3.910548535885252086e+00
2.288000106811523438e+00,3.918596364223276840e+00,3.935689620897169672e+00,3.928402105424265045e+00,3.921730100763707760e+00
2.288300037384033203e+00,3.929792388765199540e+00,3.946961350535858948e+00,3.939657995769201726e+00,3.932961254537317597e+00
2.288599967956542969e+00,3.941036084256560379e+00,3.958283992207324964e+00,3.950964608468694017e+00,3.944243562001089387e+00
2.288899898529052734e+00,3.952333772795131317e+00,3.969655458991358632e+00,3.962321270198754686e+00,3.955575462066322601e+00
2.289200067520141602e+00,3.963679044403059404e+00,3.981080315131772629e+00,3.973729417398732977e+00,3.966960129717449046e+00
2.289499998092651367e+00,3.975077111712827627e+00,3.992556819975309867e+00,3.985189461696070801e+00,3.978395421547451072e+00
2.289799928665161133e+00,3.986525805903080144e+00,4.004083828732640349e+00,3.996699771388803502e+00,3.989882680335842924e+00
2.290100097656250000e+00,3.998027212788914486e+00,4.015662691536409312e+00,4.008264895759444002e+00,4.001421084710988119e+00
2.290400028228759766e+00,4.009579110807374391e+00,4.027296496001452120e+00,4.019880158395806369e+00,4.013013065428999937e+00
2.290699958801269531e+00,4.021184810938915888e+00,4.038979829114474285e+00,4.031548686260311598e+00,4.024656945295440380e+00
2.290999889373779297e+00,4.032841485615153765e+00,4.050718894543803295e+00,4.043269976879591887e+00,4.036352113254040752e+00
2.291300058364868164e+00,4.044552349201287811e+00,4.062509157898730905e+00,4.055045304786416338e+00,4.048103268456369364e+00
2.291599988937377930e+00,4.056315416149670838e+00,4.074353055159945391e+00,4.066872258445848765e+00,4.059906153905802562e+00
2.291899919509887695e+00,4.068131429314110648e+00,4.086251550849326897e+00,4.078755652446530711e+00,4.071762788871353678e+00
2.292200088500976562e+00,4.080002133117771379e+00,4.098204417196142479e+00,4.090691642638441650e+00,4.083674398310268572e+00
2.292500019073486328e+00,4.091926001357074405e+00,4.110211058245396565e+00,4.102680990828496910e+00,4.095640061885540639e+00
2.292799949645996094e+00,4.103905052167919898e+00,4.122272525696326184e+00,4.114726826775072510e+00,4.107660432892206614e+00
2.293100118637084961e+00,4.115937469478318178e+00,4.134388879719372412e+00,4.126828394195111827e+00,4.119734991876523367e+00
2.293400049209594727e+00,4.128026405370054164e+00,4.146560369516823386e+00,4.138983718662407441e+00,4.131865115010425527e+00
2.293699979782104492e+00,4.140168653035724233e+00,4.158787626592245878e+00,4.151194927942381874e+00,4.144050059296620070e+00
2.293999910354614258e+00,4.152366617308826946e+00,4.171071059697145422e+00,4.163461799606381852e+00,4.156290550326561473e+00
2.294300079345703125e+00,4.164621331869702736e+00,4.183411230177712881e+00,4.175787056172240774e+00,4.168589378813666535e+00
2.294600009918212891e+00,4.176930247734857105e+00,4.195807162464147311e+00,4.188166355890782455e+00,4.180942416271217432e+00
2.294899940490722656e+00,4.189297684424071022e+00,4.208260213672752492e+00,4.200603575410307933e+00,4.193355282972765607e+00
2.295200109481811523e+00,4.201721081482287623e+00,4.220770538396631189e+00,4.213097603590902018e+00,4.205823083634389725e+00
2.295500040054321289e+00,4.214202441137245181e+00,4.233336117570951629e+00,4.225649744315157719e+00,4.218348979031524060e+00
2.295799970626831055e+00,4.226739639794205416e+00,4.245963090915003235e+00,4.238260185413047942e+00,4.230931770776352963e+00
2.296099901199340820e+00,4.239335151868669271e+00,4.258645456408526542e+00,4.250926860624479886e+00,4.243573032110323773e+00
2.296400070190429688e+00,4.251987447801305109e+00,4.271388450681838478e+00,4.263652814449039319e+00,4.256273457910378255e+00
2.296700000762939453e+00,4.264698883599697510e+00,4.284188708520786371e+00,4.276438768898715104e+00,4.269031271208040934e+00
2.296999931335449219e+00,4.277468617373808790e+00,4.297049604418338831e+00,4.289282227182871665e+00,4.281849099461116914e+00
2.297300100326538086e+00,4.290299807627993900e+00,4.309968063520939197e+00,4.302187688432911550e+00,4.294726071427557912e+00
2.297600030899047852e+00,4.303187883622586973e+00,4.322947222521549726e+00,4.315151716889525702e+00,4.307661423909650900e+00
2.297899961471557617e+00,4.316136473021256137e+00,4.335986455661217320e+00,4.328174673814097595e+00,4.320659396605686098e+00
2.298199892044067383e+00,4.329144552578592986e+00,4.349088243603626225e+00,4.341258972758416768e+00,4.333716443226810711e+00
2.298500061035156250e+00,4.342211652953581691e+00,4.362248489368067972e+00,4.354404282503130830e+00,4.346834142271791990e+00
2.298799991607666016e+00,4.355341857206968648e+00,4.375469049851719916e+00,4.367611268804335367e+00,4.360012420126529342e+00
2.299099922180175781e+00,4.368531046361542991e+00,4.388752086691737553e+00,4.380878660566666305e+00,4.373253477010961454e+00
2.299400091171264648e+00,4.381781969090864592e+00,4.402097642981417813e+00,4.394208244424437915e+00,4.386556849312071016e+00
2.299700021743774414e+00,4.395095181690043873e+00,4.415504307529259265e+00,4.407601383131305894e+00,4.399919408205406945e+00
2.299999952316284180e+00,4.408470690941718395e+00,4.428974918921367632e+00,4.421055064345083885e+00,4.413347739135224046e+00
