frequency,S11_re,S11_im,S12_re,S12_im,S13_re,S13_im,S14_re,S14_im,S21_re,S21_im,S22_re,S22_im,S23_re,S23_im,S24_re,S24_im,S31_re,S31_im,S32_re,S32_im,S33_re,S33_im,S34_re,S34_im,S41_re,S41_im,S42_re,S42_im,S43_re,S43_im,S44_re,S44_im
10.1999998092651,0.449323713779449,0.443493485450745,0.0162505023181438,-0.1554986089468,-0.0999073460698128,0.192129969596863,0.0162071082741022,-0.155483916401863,0.016250466927886,-0.155498623847961,0.449321359395981,0.443492412567139,0.0162071082741022,-0.155483916401863,-0.0999058783054352,0.192131191492081,-0.0999073460698128,0.192129969596863,0.0162071082741022,-0.155483916401863,0.449236899614334,0.443517804145813,0.0161636788398027,-0.155469134449959,0.0162071082741022,-0.155483916401863,-0.0999058783054352,0.192131191492081,0.0161636788398027,-0.15546914935112,0.44923460483551,0.443516731262207
10.200400352478,0.449276924133301,0.443424046039581,0.0162412114441395,-0.155508324503899,-0.0998319089412689,0.19216376543045,0.0161977782845497,-0.155493631958961,0.0162412114441395,-0.155508324503899,0.449274569749832,0.443422943353653,0.0161977782845497,-0.155493631958961,-0.0998303666710854,0.19216500222683,-0.0998319089412689,0.19216376543045,0.0161977764219046,-0.1554936170578,0.449190050363541,0.443448394536972,0.0161543432623148,-0.155478820204735,0.0161977764219046,-0.1554936170578,-0.0998303592205048,0.192164987325668,0.0161543451249599,-0.155478835105896,0.449187695980072,0.443447321653366
10.2007999420166,0.44922998547554,0.443354606628418,0.0162318795919418,-0.155518040060997,-0.0997563749551773,0.192197546362877,0.0161884427070618,-0.155503317713737,0.0162318795919418,-0.155518040060997,0.449227601289749,0.443353533744812,0.0161884427070618,-0.155503317713737,-0.0997549146413803,0.192198753356934,-0.0997563749551773,0.192197546362877,0.0161884408444166,-0.155503302812576,0.449143260717392,0.443379014730453,0.0161450058221817,-0.15548849105835,0.0161884408444166,-0.155503302812576,-0.0997549146413803,0.192198753356934,0.0161450076848269,-0.155488505959511,0.449140876531601,0.443377882242203
10.2011995315552,0.449183166027069,0.443285226821899,0.0162225477397442,-0.155527755618095,-0.0996808186173439,0.19223128259182,0.0161791071295738,-0.155512988567352,0.0162225477397442,-0.155527755618095,0.4491808116436,0.443284153938293,0.0161791071295738,-0.155512988567352,-0.0996793657541275,0.192232504487038,-0.0996807292103767,0.192231312394142,0.0161791071295738,-0.155512988567352,0.449096202850342,0.443309634923935,0.0161356683820486,-0.155498161911964,0.0161791071295738,-0.155512988567352,-0.0996793583035469,0.192232489585876,0.0161356683820486,-0.155498161911964,0.449093967676163,0.443308562040329
10.2016000747681,0.449136137962341,0.443215876817703,0.0162132121622562,-0.155537441372871,-0.0996051654219627,0.192265018820763,0.0161697696894407,-0.155522674322128,0.0162132140249014,-0.155537456274033,0.44913387298584,0.443214803934097,0.0161697696894407,-0.155522674322128,-0.0996036976575851,0.192266225814819,-0.0996051579713821,0.192265003919601,0.0161697678267956,-0.155522659420967,0.449049413204193,0.443240314722061,0.0161263272166252,-0.155507832765579,0.0161697696894407,-0.155522674322128,-0.0996036976575851,0.192266225814819,0.0161263272166252,-0.15550784766674,0.449047058820724,0.443239241838455
10.2019996643066,0.449089169502258,0.443146526813507,0.0162038765847683,-0.155547127127647,-0.0995295792818069,0.192298710346222,0.0161604303866625,-0.155532360076904,0.0162038765847683,-0.155547142028809,0.449086934328079,0.443145483732224,0.0161604303866625,-0.155532360076904,-0.0995281189680099,0.19229993224144,-0.0995295792818069,0.192298710346222,0.0161604303866625,-0.155532360076904,0.449002385139465,0.443171054124832,0.0161169841885567,-0.155517473816872,0.0161604303866625,-0.155532360076904,-0.0995281189680099,0.19229993224144,0.0161169860512018,-0.155517488718033,0.449000000953674,0.443169921636581
10.2024002075195,0.449042201042175,0.443077236413956,0.0161945391446352,-0.155556827783585,-0.0994538888335228,0.192332372069359,0.0161510910838842,-0.155542016029358,0.0161945410072803,-0.155556842684746,0.449039876461029,0.44307616353035,0.0161510910838842,-0.155542016029358,-0.0994524285197258,0.192333593964577,-0.0994538888335228,0.192332372069359,0.0161510892212391,-0.155542001128197,0.448955357074738,0.443101793527603,0.0161076411604881,-0.155527129769325,0.0161510910838842,-0.155542016029358,-0.0994524285197258,0.192333593964577,0.0161076411604881,-0.155527129769325,0.448952943086624,0.443100690841675
10.2027997970581,0.448995143175125,0.443008005619049,0.016185199841857,-0.155566513538361,-0.0993781834840775,0.192366018891335,0.0161417480558157,-0.155551686882973,0.016185199841857,-0.155566513538361,0.448992788791656,0.443006902933121,0.0161417480558157,-0.155551686882973,-0.0993767231702805,0.192367240786552,-0.0993781834840775,0.192366018891335,0.0161417480558157,-0.155551686882973,0.448908299207687,0.443032562732697,0.0160982590168715,-0.155536785721779,0.0161417480558157,-0.155551686882973,-0.0993767231702805,0.192367240786552,0.0160982962697744,-0.15553680062294,0.448905915021896,0.443031489849091
10.203200340271,0.448947995901108,0.442938834428787,0.0161758605390787,-0.155576214194298,-0.0993024706840515,0.192399621009827,0.0161324050277472,-0.155561357736588,0.0161758605390787,-0.155576214194298,0.448945611715317,0.442937701940536,0.0161324050277472,-0.155561357736588,-0.0993010103702545,0.192400872707367,-0.0993024706840515,0.192399621009827,0.016132403165102,-0.155561342835426,0.44886115193367,0.442963361740112,0.0160888768732548,-0.155546441674232,0.016132403165102,-0.155561342835426,-0.0993010029196739,0.192400857806206,0.0160889122635126,-0.155546441674232,0.448858767747879,0.442962318658829
10.2035999298096,0.448900789022446,0.442869603633881,0.0161664802581072,-0.155585885047913,-0.0992267280817032,0.192433223128319,0.0161230210214853,-0.155571028590202,0.0161664802581072,-0.155585885047913,0.448898524045944,0.44286847114563,0.0161230210214853,-0.155571028590202,-0.0992252677679062,0.192434430122375,-0.0992267280817032,0.192433223128319,0.0161230191588402,-0.155571013689041,0.448813915252686,0.442894220352173,0.0160795263946056,-0.155556052923203,0.0161230191588402,-0.155571013689041,-0.0992252677679062,0.192434415221214,0.0160795282572508,-0.155556082725525,0.448811590671539,0.442893177270889
10.2040004730225,0.448853552341461,0.442800402641296,0.0161571353673935,-0.155595570802689,-0.0991508960723877,0.192466780543327,0.0161136351525784,-0.155580654740334,0.0161570999771357,-0.155595555901527,0.448851317167282,0.442799389362335,0.0161136351525784,-0.155580654740334,-0.0991494283080101,0.192467987537384,-0.0991508886218071,0.192466765642166,0.0161136351525784,-0.155580654740334,0.448766648769379,0.442825138568878,0.0160701759159565,-0.155565693974495,0.0161136351525784,-0.155580654740334,-0.0991494283080101,0.192467987537384,0.0160701759159565,-0.155565693974495,0.448764264583588,0.442824006080627
10.204400062561,0.448806405067444,0.442731320858002,0.0161477532237768,-0.155605211853981,-0.0990750417113304,0.192500323057175,0.0161042883992195,-0.155590325593948,0.0161477532237768,-0.155605226755142,0.448804020881653,0.442730277776718,0.0161042883992195,-0.155590325593948,-0.0990735739469528,0.192501530051231,-0.0990750342607498,0.192500308156013,0.0161042883992195,-0.155590325593948,0.448719352483749,0.442756026983261,0.0160607863217592,-0.155575335025787,0.0161042883992195,-0.155590325593948,-0.0990735739469528,0.192501530051231,0.0160607881844044,-0.155575349926949,0.44871711730957,0.442754954099655
10.2047996520996,0.448759078979492,0.442662268877029,0.016138406470418,-0.155614897608757,-0.0989991724491119,0.192533820867538,0.0160949360579252,-0.155599966645241,0.016138406470418,-0.155614897608757,0.448756694793701,0.442661166191101,0.0160949360579252,-0.155599966645241,-0.0989977046847343,0.192535027861595,-0.0989991724491119,0.192533820867538,0.0160949360579252,-0.155599966645241,0.448672086000443,0.442686975002289,0.016051396727562,-0.155584961175919,0.0160949360579252,-0.155599966645241,-0.0989977046847343,0.192535027861595,0.016051396727562,-0.15558497607708,0.448669761419296,0.442685902118683
10.2052001953125,0.448711723089218,0.442593216896057,0.0161290187388659,-0.155624553561211,-0.0989232882857323,0.19256728887558,0.0160855110734701,-0.155609607696533,0.0161290187388659,-0.155624553561211,0.448709338903427,0.442592084407806,0.0160855110734701,-0.155609607696533,-0.0989218205213547,0.192568510770798,-0.0989232882857323,0.19256728887558,0.0160855483263731,-0.155609607696533,0.448624730110168,0.442617982625961,0.0160420425236225,-0.15559458732605,0.0160855110734701,-0.155609607696533,-0.0989218205213547,0.192568510770798,0.0160420425236225,-0.155594602227211,0.448622345924377,0.442616879940033
10.2055997848511,0.448664337396622,0.442524135112762,0.01611970923841,-0.155634209513664,-0.0988473817706108,0.19260074198246,0.016076160594821,-0.155619248747826,0.01611970923841,-0.155634224414825,0.448662012815475,0.442523062229156,0.016076160594821,-0.155619248747826,-0.0988459214568138,0.192601963877678,-0.0988473817706108,0.19260074198246,0.016076160594821,-0.155619233846664,0.448577284812927,0.442548990249634,0.0160326138138771,-0.155604213476181,0.016076160594821,-0.155619233846664,-0.0988459140062332,0.192601948976517,0.0160326138138771,-0.155604213476181,0.448575019836426,0.442547887563705
10.206000328064,0.44861689209938,0.44245520234108,0.0161102823913097,-0.155643865466118,-0.0987713783979416,0.192634180188179,0.0160667318850756,-0.155628904700279,0.0161102823913097,-0.155643865466118,0.448614537715912,0.442454069852829,0.0160667318850756,-0.155628904700279,-0.098769910633564,0.192635372281075,-0.0987713783979416,0.192634180188179,0.0160667318850756,-0.155628904700279,0.448529869318008,0.442480027675629,0.0160232558846474,-0.155613824725151,0.0160667318850756,-0.155628904700279,-0.098769910633564,0.192635372281075,0.0160232558846474,-0.155613824725151,0.448527485132217,0.442478954792023
10.2063999176025,0.448569416999817,0.44238618016243,0.0161009281873703,-0.15565350651741,-0.0986953526735306,0.192667573690414,0.0160573739558458,-0.155638515949249,0.0161009281873703,-0.15565350651741,0.448567092418671,0.442385137081146,0.0160573739558458,-0.155638515949249,-0.0986938923597336,0.192668780684471,-0.0986953526735306,0.192667573690414,0.0160573739558458,-0.155638515949249,0.448482364416122,0.442411124706268,0.0160138215869665,-0.155623435974121,0.0160573739558458,-0.155638515949249,-0.098693884909153,0.19266876578331,0.0160138215869665,-0.155623435974121,0.448480039834976,0.442410051822662
10.2068004608154,0.448521852493286,0.442317306995392,0.0160914976149797,-0.155663147568703,-0.098619319498539,0.192700937390327,0.0160479415208101,-0.15564814209938,0.0160914976149797,-0.155663147568703,0.448519498109818,0.442316234111786,0.0160479415208101,-0.15564814209938,-0.0986178517341614,0.192702144384384,-0.098619319498539,0.192700937390327,0.0160479415208101,-0.15564814209938,0.448434829711914,0.44234225153923,0.0160044599324465,-0.155633047223091,0.0160479415208101,-0.15564814209938,-0.0986178517341614,0.192702144384384,0.0160044599324465,-0.155633047223091,0.448432475328445,0.442341178655624
10.207200050354,0.448474258184433,0.442248433828354,0.0160821415483952,-0.155672788619995,-0.0985432714223862,0.192734271287918,0.0160385798662901,-0.155657753348351,0.0160821415483952,-0.155672788619995,0.448471873998642,0.442247301340103,0.0160385798662901,-0.155657753348351,-0.0985418036580086,0.192735478281975,-0.0985432714223862,0.192734271287918,0.0160385798662901,-0.155657753348351,0.448387235403061,0.442273378372192,0.0159950237721205,-0.1556426435709,0.0160385798662901,-0.155657753348351,-0.0985418036580086,0.192735478281975,0.0159950237721205,-0.1556426435709,0.448384940624237,0.442272335290909
10.2075996398926,0.44842666387558,0.442179530858994,0.0160727091133595,-0.155682429671288,-0.0984672084450722,0.192767590284348,0.0160291455686092,-0.155667394399643,0.0160727091133595,-0.155682444572449,0.448424279689789,0.442178457975388,0.0160291455686092,-0.155667394399643,-0.0984657406806946,0.192768797278404,-0.0984672084450722,0.192767590284348,0.0160291437059641,-0.155667379498482,0.448339581489563,0.442204564809799,0.0159856583923101,-0.155652225017548,0.0160291455686092,-0.155667394399643,-0.0984657406806946,0.192768797278404,0.0159856602549553,-0.155652239918709,0.448337227106094,0.442203491926193
10.2080001831055,0.448379039764404,0.442110747098923,0.0160633474588394,-0.155692055821419,-0.0983910337090492,0.192800879478455,0.0160197839140892,-0.155676990747452,0.0160633493214846,-0.15569207072258,0.448376655578613,0.442109674215317,0.0160197839140892,-0.155676990747452,-0.0983895659446716,0.192802101373672,-0.0983910337090492,0.192800879478455,0.0160197820514441,-0.155676975846291,0.44829198718071,0.442135781049728,0.0159762166440487,-0.155661836266518,0.0160197839140892,-0.155676990747452,-0.0983895659446716,0.192802101373672,0.0159762166440487,-0.155661836266518,0.448289602994919,0.442134737968445
10.208399772644,0.448331356048584,0.442041963338852,0.0160539131611586,-0.155701696872711,-0.0983148515224457,0.1928341537714,0.0160103421658278,-0.155686587095261,0.0160539131611586,-0.155701696872711,0.448328971862793,0.442040890455246,0.0160103421658278,-0.155686587095261,-0.0983133763074875,0.192835375666618,-0.0983148440718651,0.192834138870239,0.0160103421658278,-0.155686587095261,0.448244154453278,0.44206702709198,0.0159668512642384,-0.155671417713165,0.0160103421658278,-0.155686587095261,-0.0983133763074875,0.192835360765457,0.0159668512642384,-0.155671417713165,0.448241889476776,0.442065954208374
10.2088003158569,0.448283612728119,0.441973209381104,0.0160445477813482,-0.155711308121681,-0.0982386469841003,0.192867398262024,0.0160009767860174,-0.155696198344231,0.0160445477813482,-0.155711308121681,0.44828125834465,0.441972136497498,0.0160009767860174,-0.155696198344231,-0.0982371792197227,0.192868605256081,-0.0982386469841003,0.192867383360863,0.0160009767860174,-0.155696198344231,0.448196470737457,0.441998302936554,0.0159574057906866,-0.155680999159813,0.0160009767860174,-0.155696198344231,-0.0982371717691422,0.192868590354919,0.0159574057906866,-0.155680999159813,0.448194086551666,0.441997230052948
10.2091999053955,0.448235750198364,0.441904515028,0.0160351097583771,-0.155720919370651,-0.0981624349951744,0.192900583148003,0.0159915331751108,-0.155705794692039,0.0160351097583771,-0.155720919370651,0.448233395814896,0.441903412342072,0.0159915331751108,-0.155705794692039,-0.0981608703732491,0.192901805043221,-0.0981624349951744,0.192900583148003,0.0159915331751108,-0.155705794692039,0.448148608207703,0.441929638385773,0.0159479603171349,-0.155690580606461,0.0159915331751108,-0.155705794692039,-0.0981608703732491,0.192901805043221,0.0159479603171349,-0.155690580606461,0.448146253824234,0.441928595304489
10.2096004486084,0.448187917470932,0.441835850477219,0.0160257425159216,-0.155730530619621,-0.0980861112475395,0.192933768033981,0.0159821640700102,-0.155715391039848,0.0160257425159216,-0.155730530619621,0.448185563087463,0.44183474779129,0.0159821640700102,-0.155715391039848,-0.0980846434831619,0.192934989929199,-0.0980861112475395,0.192933768033981,0.0159821640700102,-0.155715391039848,0.448100805282593,0.441861003637314,0.015938512980938,-0.155700176954269,0.0159821640700102,-0.155715391039848,-0.0980846434831619,0.192934989929199,0.015938512980938,-0.155700176954269,0.448098421096802,0.441859900951385
10.210000038147,0.448140025138855,0.441767185926437,0.016016298905015,-0.155740141868591,-0.0980097725987434,0.192966923117638,0.0159726440906525,-0.155724987387657,0.016016298905015,-0.155740141868591,0.448137670755386,0.441766083240509,0.0159726440906525,-0.155724987387657,-0.0980083048343658,0.192968145012856,-0.0980097725987434,0.192966923117638,0.0159726422280073,-0.155724972486496,0.448052823543549,0.441792398691177,0.0159291382879019,-0.155709713697433,0.0159726422280073,-0.155724972486496,-0.0980082973837852,0.192968130111694,0.0159291382879019,-0.155709728598595,0.448050498962402,0.441791325807571
10.2103996276855,0.448092073202133,0.441698551177979,0.0160067807883024,-0.155749753117561,-0.0979334190487862,0.193000063300133,0.0159632712602615,-0.155734568834305,0.0160067826509476,-0.155749768018723,0.448089689016342,0.441697478294373,0.0159632712602615,-0.155734568834305,-0.097931943833828,0.193001255393028,-0.0979334190487862,0.193000063300133,0.0159632712602615,-0.155734568834305,0.448004871606827,0.441723823547363,0.0159196872264147,-0.15571928024292,0.0159632712602615,-0.155734568834305,-0.097931943833828,0.193001255393028,0.0159196890890598,-0.155719295144081,0.448002606630325,0.441722691059113
10.2108001708984,0.448044061660767,0.441629976034164,0.0159974098205566,-0.15575934946537,-0.0978570580482483,0.193033143877983,0.0159538220614195,-0.155744150280952,0.0159974098205566,-0.15575934946537,0.448041707277298,0.441628932952881,0.0159538220614195,-0.155744150280952,-0.0978555828332901,0.19303435087204,-0.0978570505976677,0.193033128976822,0.0159538220614195,-0.155744150280952,0.447956919670105,0.441655278205872,0.0159101616591215,-0.155728846788406,0.0159538220614195,-0.155744150280952,-0.0978555753827095,0.193034335970879,0.0159101635217667,-0.155728861689568,0.447954565286636,0.441654235124588
10.211199760437,0.447996079921722,0.441561430692673,0.0159879606217146,-0.155768945813179,-0.0977806746959686,0.193066209554672,0.0159443709999323,-0.155753716826439,0.0159879624843597,-0.15576896071434,0.447993695735931,0.441560328006744,0.0159443709999323,-0.155753716826439,-0.0977791994810104,0.193067416548729,-0.0977806746959686,0.193066209554672,0.0159443709999323,-0.155753701925278,0.447908788919449,0.441586792469025,0.0159007832407951,-0.155738413333893,0.0159443709999323,-0.155753716826439,-0.0977791994810104,0.193067416548729,0.0159007832407951,-0.155738413333893,0.447906494140625,0.441585719585419
10.2116003036499,0.447948008775711,0.441492944955826,0.0159785859286785,-0.155778527259827,-0.0977041944861412,0.193099275231361,0.0159349180757999,-0.155763283371925,0.0159785859286785,-0.155778527259827,0.44794574379921,0.441491842269897,0.0159349180757999,-0.155763283371925,-0.097702719271183,0.193100467324257,-0.0977041870355606,0.1930992603302,0.0159349180757999,-0.155763283371925,0.447860717773438,0.441518276929855,0.0158912520855665,-0.155747964978218,0.0159349180757999,-0.155763283371925,-0.0977027118206024,0.193100452423096,0.0158912539482117,-0.155747979879379,0.447858482599258,0.441517204046249
10.2119998931885,0.4478999376297,0.441424399614334,0.0159690603613853,-0.155788138508797,-0.0976276844739914,0.193132281303406,0.0159255396574736,-0.155772849917412,0.0159690622240305,-0.155788153409958,0.447897523641586,0.441423416137695,0.0159255396574736,-0.155772849917412,-0.0976262092590332,0.193133488297462,-0.0976276844739914,0.193132281303406,0.0159255396574736,-0.155772849917412,0.447812616825104,0.441449850797653,0.0158818699419498,-0.155757501721382,0.0159255396574736,-0.155772849917412,-0.0976262092590332,0.193133488297462,0.015881871804595,-0.155757516622543,0.447810292243958,0.441448777914047
10.2124004364014,0.447851717472076,0.441356033086777,0.0159596838057041,-0.155797719955444,-0.0975512564182281,0.193165242671967,0.0159160085022449,-0.155782416462898,0.0159596838057041,-0.155797719955444,0.447849363088608,0.441354960203171,0.0159160085022449,-0.155782416462898,-0.0975496917963028,0.193166464567184,-0.0975512564182281,0.193165242671967,0.0159160085022449,-0.155782416462898,0.447764545679092,0.441381424665451,0.0158723369240761,-0.155767068266869,0.0159160085022449,-0.155782416462898,-0.0975496917963028,0.193166464567184,0.0158724132925272,-0.155767053365707,0.447762161493301,0.441380381584167
10.2128000259399,0.447803467512131,0.441287606954575,0.0159501545131207,-0.155807286500931,-0.0974746346473694,0.193198218941689,0.0159065518528223,-0.155791997909546,0.0159501563757658,-0.155807301402092,0.44780108332634,0.441286474466324,0.0159065518528223,-0.155791997909546,-0.0974731594324112,0.193199411034584,-0.0974746346473694,0.193198218941689,0.0159065518528223,-0.155791997909546,0.44771620631218,0.441313087940216,0.0158629529178143,-0.155776605010033,0.0159065518528223,-0.155791997909546,-0.0974731594324112,0.193199411034584,0.0158629529178143,-0.155776605010033,0.447713941335678,0.44131201505661
10.2131996154785,0.447755366563797,0.441219210624695,0.0159407742321491,-0.155816853046417,-0.0973980873823166,0.193231150507927,0.0158970933407545,-0.15580153465271,0.0159407742321491,-0.155816853046417,0.447752892971039,0.441218167543411,0.0158970933407545,-0.15580153465271,-0.0973966121673584,0.193232342600822,-0.0973980873823166,0.193231150507927,0.0158970933407545,-0.15580153465271,0.447667956352234,0.441244751214981,0.0158534161746502,-0.155786141753197,0.0158970933407545,-0.15580153465271,-0.0973966121673584,0.193232342600822,0.0158534161746502,-0.155786141753197,0.447665601968765,0.441243678331375
10.2136001586914,0.447706997394562,0.441150903701782,0.0159312412142754,-0.155826434493065,-0.0973214358091354,0.193264037370682,0.0158876348286867,-0.155811101198196,0.0159312412142754,-0.155826434493065,0.447704613208771,0.441149830818176,0.0158876348286867,-0.155811101198196,-0.0973199605941772,0.1932652592659,-0.0973214358091354,0.193264037370682,0.0158876329660416,-0.155811086297035,0.447619765996933,0.441176444292068,0.0158440284430981,-0.155795648694038,0.0158876329660416,-0.155811086297035,-0.0973199605941772,0.1932652592659,0.0158440284430981,-0.155795648694038,0.447617381811142,0.441175401210785
10.21399974823,0.447658628225327,0.44108259677887,0.0159217827022076,-0.15583598613739,-0.0972447693347931,0.193296939134598,0.0158781707286835,-0.155820623040199,0.0159217827022076,-0.15583598613739,0.447656244039536,0.441081523895264,0.0158781707286835,-0.155820623040199,-0.0972432941198349,0.193298116326332,-0.0972447693347931,0.193296939134598,0.0158781707286835,-0.155820623040199,0.447571396827698,0.441108196973801,0.0158344898372889,-0.155805200338364,0.0158781707286835,-0.155820623040199,-0.0972432941198349,0.193298116326332,0.0158344898372889,-0.155805200338364,0.447569012641907,0.441107124090195
10.2144002914429,0.447610259056091,0.441014349460602,0.0159123223274946,-0.155845552682877,-0.0971680879592896,0.193329781293869,0.0158686339855194,-0.155830174684525,0.0159123223274946,-0.155845552682877,0.447607904672623,0.441013216972351,0.0158687084913254,-0.155830174684525,-0.0971666127443314,0.193330973386765,-0.0971680879592896,0.193329781293869,0.0158687084913254,-0.155830174684525,0.447522938251495,0.44103991985321,0.0158250220119953,-0.155814707279205,0.0158686339855194,-0.155830174684525,-0.0971666052937508,0.193330958485603,0.0158250220119953,-0.155814722180367,0.447520554065704,0.441038876771927
10.2147998809814,0.447561860084534,0.440946072340012,0.0159028600901365,-0.155855104327202,-0.0970913916826248,0.193362608551979,0.015859242528677,-0.155839711427689,0.0159028619527817,-0.155855119228363,0.447559535503387,0.440945029258728,0.015859242528677,-0.155839711427689,-0.0970899164676666,0.193363815546036,-0.0970913842320442,0.193362593650818,0.015859242528677,-0.155839711427689,0.447474449872971,0.440971732139587,0.0158155541867018,-0.155824214220047,0.015859242528677,-0.155839711427689,-0.097089909017086,0.193363800644875,0.0158155541867018,-0.155824229121208,0.447472095489502,0.440970659255981
10.2152004241943,0.447513371706009,0.440877854824066,0.0158933959901333,-0.155864641070366,-0.0970145910978317,0.193395406007767,0.0158497020602226,-0.155849233269691,0.0158933978527784,-0.155864655971527,0.447510987520218,0.440876811742783,0.0158497020602226,-0.155849233269691,-0.0970131084322929,0.193396598100662,-0.0970145910978317,0.193395406007767,0.0158497020602226,-0.155849233269691,0.447425961494446,0.440903633832932,0.0158060099929571,-0.15583373606205,0.0158497020602226,-0.155849233269691,-0.0970131009817123,0.193396583199501,0.0158060118556023,-0.155833750963211,0.447423696517944,0.440902501344681
10.2156000137329,0.447464883327484,0.440809726715088,0.0158838555216789,-0.155874222517014,-0.0969378650188446,0.193428158760071,0.0158401597291231,-0.155858784914017,0.0158838573843241,-0.155874237418175,0.447462499141693,0.440808683633804,0.0158402342349291,-0.155858770012856,-0.0969363898038864,0.193429350852966,-0.0969378650188446,0.193428158760071,0.0158402342349291,-0.155858770012856,0.447377473115921,0.440835475921631,0.0157965384423733,-0.155843257904053,0.0158401597291231,-0.155858784914017,-0.0969363823533058,0.193429335951805,0.0157965384423733,-0.155843257904053,0.447375148534775,0.440834432840347
10.2159996032715,0.447416245937347,0.44074159860611,0.0158744640648365,-0.155883744359016,-0.0968610271811485,0.193460896611214,0.0158307626843452,-0.155868291854858,0.0158744640648365,-0.155883744359016,0.447413891553879,0.440740525722504,0.0158307645469904,-0.15586830675602,-0.0968594625592232,0.19346210360527,-0.0968610271811485,0.193460896611214,0.0158307626843452,-0.155868291854858,0.447328865528107,0.440767347812653,0.0157870650291443,-0.155852749943733,0.0158307626843452,-0.155868291854858,-0.0968594551086426,0.193462088704109,0.0157870650291443,-0.155852749943733,0.447326481342316,0.440766304731369
10.2164001464844,0.447367608547211,0.440673500299454,0.015864921733737,-0.15589328110218,-0.0967841893434525,0.193493604660034,0.0158212184906006,-0.155877813696861,0.0158649235963821,-0.155893296003342,0.44736522436142,0.440672427415848,0.0158212184906006,-0.155877813696861,-0.0967826992273331,0.19349479675293,-0.0967841818928719,0.193493589758873,0.0158212166279554,-0.1558777987957,0.447280287742615,0.440699338912964,0.0157775171101093,-0.155862271785736,0.0158212184906006,-0.155877813696861,-0.0967826023697853,0.19349479675293,0.0157775171101093,-0.155862286686897,0.447277933359146,0.440698236227036
10.2167997360229,0.447318971157074,0.440605491399765,0.0158553775399923,-0.155902832746506,-0.0967072397470474,0.193526297807693,0.0158117450773716,-0.155887335538864,0.0158553775399923,-0.155902847647667,0.447316646575928,0.440604388713837,0.0158117450773716,-0.155887335538864,-0.096705749630928,0.193527474999428,-0.0967072322964668,0.193526282906532,0.0158117432147264,-0.155887320637703,0.447231650352478,0.440631300210953,0.01576803997159,-0.155871748924255,0.0158117432147264,-0.155887320637703,-0.096705749630928,0.193527474999428,0.01576803997159,-0.155871748924255,0.447229266166687,0.440630197525024
10.2172002792358,0.44727036356926,0.440537452697754,0.0158459786325693,-0.155912339687347,-0.0966303572058678,0.193558931350708,0.0158021952956915,-0.155896842479706,0.0158459786325693,-0.155912339687347,0.447267979383469,0.440536379814148,0.0158021952956915,-0.155896842479706,-0.0966287776827812,0.193560153245926,-0.0966303572058678,0.193558931350708,0.0158021952956915,-0.155896842479706,0.447182804346085,0.440563291311264,0.0157584864646196,-0.155881240963936,0.0158021952956915,-0.155896842479706,-0.0966287776827812,0.193560153245926,0.0157584883272648,-0.155881255865097,0.447180569171906,0.440562218427658
10.2175998687744,0.447221606969833,0.440469473600388,0.0158364325761795,-0.155921876430511,-0.0965533703565598,0.193591564893723,0.0157926455140114,-0.155906364321709,0.0158364325761795,-0.155921876430511,0.447219252586365,0.440468400716782,0.0157927200198174,-0.155906364321709,-0.096551887691021,0.193592756986618,-0.0965533703565598,0.193591564893723,0.0157927181571722,-0.155906349420547,0.447134137153625,0.44049534201622,0.0157490093261003,-0.155890747904778,0.0157927181571722,-0.155906349420547,-0.096551887691021,0.193592756986618,0.0157490093261003,-0.155890747904778,0.447131723165512,0.440494298934937
10.2180004119873,0.447172790765762,0.440401494503021,0.0158269573003054,-0.155931413173676,-0.0964763835072517,0.193624168634415,0.0157832428812981,-0.155915856361389,0.0158269573003054,-0.155931413173676,0.447170406579971,0.440400391817093,0.0157832428812981,-0.155915856361389,-0.0964748933911324,0.193625345826149,-0.0964763760566711,0.193624153733253,0.0157832410186529,-0.155915841460228,0.447085350751877,0.440427482128143,0.0157394539564848,-0.155900225043297,0.0157832428812981,-0.155915856361389,-0.0964748933911324,0.193625345826149,0.0157394539564848,-0.155900225043297,0.447082996368408,0.440426349639893
10.2184000015259,0.447123944759369,0.4403335750103,0.0158174056559801,-0.155940920114517,-0.0963993594050407,0.193656727671623,0.0157736875116825,-0.15592534840107,0.0158174056559801,-0.155940920114517,0.447121560573578,0.440332502126694,0.0157736875116825,-0.155925363302231,-0.0963977873325348,0.19365793466568,-0.0963993594050407,0.193656727671623,0.0157736875116825,-0.15592534840107,0.447036445140839,0.440359503030777,0.0157298967242241,-0.155909687280655,0.0157736875116825,-0.15592534840107,-0.0963977873325348,0.19365793466568,0.0157298985868692,-0.155909702181816,0.447034150362015,0.440358519554138
10.2187995910645,0.447075068950653,0.440265685319901,0.0158078540116549,-0.155950427055359,-0.0963222458958626,0.193689271807671,0.0157642066478729,-0.15593484044075,0.0158078540116549,-0.155950427055359,0.447072714567184,0.440264642238617,0.0157642066478729,-0.15593484044075,-0.0963207557797432,0.193690448999405,-0.0963222458958626,0.193689271807671,0.0157642066478729,-0.15593484044075,0.446987599134445,0.440291672945023,0.0157204139977694,-0.155919179320335,0.0157642066478729,-0.15593484044075,-0.0963207557797432,0.193690448999405,0.0157204139977694,-0.155919179320335,0.446985214948654,0.440290629863739
10.2192001342773,0.447026163339615,0.440197795629501,0.0157983731478453,-0.155959948897362,-0.0962452068924904,0.193721771240234,0.0157546494156122,-0.155944317579269,0.0157983731478453,-0.155959948897362,0.447023808956146,0.440196722745895,0.0157546494156122,-0.155944317579269,-0.096243716776371,0.193722948431969,-0.0962452068924904,0.193721771240234,0.0157546494156122,-0.155944317579269,0.446938633918762,0.440223902463913,0.0157108530402184,-0.155928641557693,0.0157546494156122,-0.155944317579269,-0.0962436199188232,0.193722978234291,0.0157108530402184,-0.155928641557693,0.446936249732971,0.440222799777985
10.2195997238159,0.446977168321609,0.440130025148392,0.0157888177782297,-0.155969440937042,-0.0961680561304092,0.193754270672798,0.0157450903207064,-0.15595380961895,0.0157888177782297,-0.155969440937042,0.446974784135818,0.440128892660141,0.0157450903207064,-0.15595380961895,-0.0961665660142899,0.193755432963371,-0.0961680561304092,0.193754255771637,0.0157450903207064,-0.15595380961895,0.446889668703079,0.440156131982803,0.0157012902200222,-0.155938103795052,0.0157450903207064,-0.15595380961895,-0.0961664766073227,0.193755462765694,0.0157012902200222,-0.155938103795052,0.446887284517288,0.440155059099197
10.2200002670288,0.446928173303604,0.44006222486496,0.015779260545969,-0.155978962779045,-0.0960908904671669,0.193786710500717,0.0157356038689613,-0.155963286757469,0.015779260545969,-0.155978962779045,0.446925789117813,0.440061211585999,0.0157356038689613,-0.155963286757469,-0.0960894078016281,0.193787902593613,-0.0960908904671669,0.193786710500717,0.0157356038689613,-0.155963286757469,0.446840643882751,0.440088391304016,0.015691801905632,-0.15594756603241,0.0157356038689613,-0.155963286757469,-0.0960894078016281,0.193787902593613,0.015691801905632,-0.15594756603241,0.44683825969696,0.440087288618088
10.2203998565674,0.446879148483276,0.439994484186172,0.0157697759568691,-0.155988425016403,-0.096013717353344,0.193819120526314,0.0157260410487652,-0.155972763895988,0.0157697759568691,-0.155988439917564,0.446876764297485,0.439993411302567,0.0157260410487652,-0.155972763895988,-0.096012145280838,0.19382032752037,-0.096013717353344,0.193819120526314,0.0157260410487652,-0.155972763895988,0.446791559457779,0.440020620822906,0.0156822353601456,-0.155957013368607,0.0157260410487652,-0.155972763895988,-0.096012145280838,0.19382032752037,0.0156822372227907,-0.155957028269768,0.446789175271988,0.440019577741623
10.2208003997803,0.446830004453659,0.439926773309708,0.0157602149993181,-0.155997946858406,-0.0959364399313927,0.19385153055191,0.0157164037227631,-0.155982241034508,0.0157602149993181,-0.155997946858406,0.446827620267868,0.439925730228424,0.0157164055854082,-0.155982255935669,-0.0959349423646927,0.193852722644806,-0.0959364399313927,0.19385153055191,0.015716478228569,-0.155982241034508,0.446742445230484,0.439953029155731,0.0156727451831102,-0.155966460704803,0.0157164037227631,-0.155982241034508,-0.0959349423646927,0.193852722644806,0.0156727451831102,-0.155966475605965,0.446740090847015,0.439951956272125
10.2211999893188,0.446780860424042,0.43985915184021,0.0157507266849279,-0.156007423996925,-0.0958591401576996,0.193883910775185,0.0157069116830826,-0.155991703271866,0.0157507266849279,-0.156007423996925,0.446778506040573,0.439858078956604,0.0157069116830826,-0.155991703271866,-0.0958576500415802,0.193885087966919,-0.0958591401576996,0.193883910775185,0.0157069116830826,-0.155991703271866,0.446693331003189,0.439885407686234,0.0156631767749786,-0.155975922942162,0.0157069116830826,-0.155991703271866,-0.0958576500415802,0.193885087966919,0.0156631767749786,-0.155975922942162,0.446690827608109,0.439884305000305
10.2215995788574,0.446731597185135,0.439791440963745,0.0157411638647318,-0.156016901135445,-0.0957818254828453,0.193916246294975,0.0156973451375961,-0.156001165509224,0.0157411638647318,-0.156016901135445,0.446729242801666,0.439790397882462,0.0156973451375961,-0.156001165509224,-0.0957803353667259,0.19391742348671,-0.0957818254828453,0.193916246294975,0.0156973451375961,-0.156001165509224,0.446644067764282,0.439817756414413,0.0156535338610411,-0.155985370278358,0.0156973451375961,-0.156001165509224,-0.0957803279161453,0.193917408585548,0.0156535338610411,-0.155985370278358,0.446641683578491,0.43981671333313
10.2220001220703,0.446682453155518,0.439723879098892,0.0157315973192453,-0.156026378273964,-0.0957044959068298,0.193948566913605,0.0156877767294645,-0.156010627746582,0.0157315973192453,-0.156026378273964,0.446680068969727,0.439722836017609,0.0156877767294645,-0.156010627746582,-0.0957030057907104,0.193949729204178,-0.0957044959068298,0.193948566913605,0.0156877767294645,-0.156010627746582,0.44659486413002,0.439750194549561,0.0156440362334251,-0.155994802713394,0.0156877767294645,-0.156010627746582,-0.0957030057907104,0.193949729204178,0.0156440362334251,-0.155994802713394,0.446592479944229,0.439749151468277
10.2223997116089,0.446633100509644,0.439656317234039,0.0157220307737589,-0.156035855412483,-0.0956271588802338,0.193980813026428,0.0156782809644938,-0.156020075082779,0.0157220307737589,-0.156035855412483,0.446630716323853,0.439655274152756,0.0156782809644938,-0.156020075082779,-0.095625676214695,0.193982034921646,-0.0956271588802338,0.193980813026428,0.0156782809644938,-0.156020075082779,0.446545571088791,0.439682632684708,0.0156344641000032,-0.15600423514843,0.0156782809644938,-0.156020075082779,-0.0956256687641144,0.193982020020485,0.0156344641000032,-0.15600423514843,0.44654306769371,0.439681619405746
10.2228002548218,0.446583807468414,0.439588755369186,0.0157124623656273,-0.15604530274868,-0.0955498069524765,0.194013074040413,0.015668636187911,-0.156029522418976,0.0157124623656273,-0.15604530274868,0.446581453084946,0.439587742090225,0.015668636187911,-0.156029522418976,-0.0955482199788094,0.19401428103447,-0.0955497175455093,0.194013103842735,0.015668636187911,-0.156029522418976,0.446496218442917,0.439615160226822,0.0156248137354851,-0.156013667583466,0.015668636187911,-0.156029522418976,-0.0955482199788094,0.19401428103447,0.0156248891726136,-0.156013667583466,0.446493864059448,0.439614117145538
10.2231998443604,0.446534395217896,0.439521253108978,0.0157028920948505,-0.156054779887199,-0.0954723432660103,0.194045320153236,0.0156590640544891,-0.156038984656334,0.0157028920948505,-0.156054779887199,0.446532011032104,0.439520210027695,0.0156590640544891,-0.156038984656334,-0.0954707637429237,0.194046512246132,-0.0954723432660103,0.194045320153236,0.015659062191844,-0.156038969755173,0.446446865797043,0.439547747373581,0.0156153123825788,-0.156023100018501,0.015659062191844,-0.156038969755173,-0.0954707562923431,0.194046497344971,0.0156153123825788,-0.156023100018501,0.446444481611252,0.439546644687653
10.2236003875732,0.446485042572021,0.439453840255737,0.0156933926045895,-0.156064227223396,-0.0953948646783829,0.194077521562576,0.0156495627015829,-0.15604841709137,0.0156933926045895,-0.156064227223396,0.446482688188553,0.439452767372131,0.0156495627015829,-0.15604841709137,-0.0953932777047157,0.194078713655472,-0.0953948646783829,0.194077521562576,0.0156495627015829,-0.15604841709137,0.446397364139557,0.439480304718018,0.0156057355925441,-0.156032502651215,0.0156495627015829,-0.15604841709137,-0.0953932777047157,0.194078713655472,0.0156057355925441,-0.156032502651215,0.446394979953766,0.439479261636734
10.2239999771118,0.446435511112213,0.439386397600174,0.0156837459653616,-0.156073689460754,-0.0953173786401749,0.194109678268433,0.0156399123370647,-0.156057849526405,0.0156837459653616,-0.156073689460754,0.446433186531067,0.43938535451889,0.0156399123370647,-0.156057849526405,-0.0953157916665077,0.194110870361328,-0.0953173786401749,0.194109678268433,0.0156399123370647,-0.156057849526405,0.446347862482071,0.439412891864777,0.0155960796400905,-0.15604193508625,0.0156399123370647,-0.156057849526405,-0.0953157916665077,0.194110870361328,0.015596080571413,-0.156041949987411,0.446345508098602,0.439411818981171
10.2243995666504,0.446386128664017,0.439319044351578,0.0156741701066494,-0.156083136796951,-0.0952397733926773,0.194141820073128,0.0156303327530622,-0.156067281961441,0.0156741701066494,-0.156083136796951,0.446383625268936,0.439317971467972,0.0156303327530622,-0.156067281961441,-0.0952382907271385,0.194143012166023,-0.0952397733926773,0.194141820073128,0.0156303327530622,-0.156067281961441,0.446298390626907,0.439345568418503,0.0155865736305714,-0.156051337718964,0.0156303327530622,-0.156067281961441,-0.0952382832765579,0.194142997264862,0.0155865736305714,-0.156051337718964,0.446296036243439,0.439344495534897
10.2248001098633,0.446336448192596,0.439251631498337,0.0156646687537432,-0.156092599034309,-0.0951622575521469,0.1941739320755,0.0156207550317049,-0.156076699495316,0.0156645942479372,-0.156092613935471,0.446334093809128,0.439250588417053,0.0156208286061883,-0.156076699495316,-0.0951606705784798,0.194175124168396,-0.0951622575521469,0.1941739320755,0.0156208286061883,-0.156076699495316,0.446248769760132,0.439278274774551,0.0155769167467952,-0.156060740351677,0.0156207550317049,-0.156076699495316,-0.0951606705784798,0.194175124168396,0.0155769167467952,-0.156060740351677,0.446246415376663,0.439277172088623
10.2251996994019,0.446286857128143,0.439184367656708,0.0156550146639347,-0.156102031469345,-0.0950846299529076,0.19420599937439,0.0156111726537347,-0.156086131930351,0.0156550146639347,-0.156102031469345,0.446284472942352,0.439183264970779,0.0156111726537347,-0.156086131930351,-0.095083050429821,0.194207221269608,-0.0950846299529076,0.19420599937439,0.0156111726537347,-0.156086131930351,0.446199148893356,0.4392109811306,0.0155673325061798,-0.156070157885551,0.0156111726537347,-0.156086131930351,-0.0950830429792404,0.194207206368446,0.0155673325061798,-0.156070157885551,0.44619682431221,0.439209908246994
10.2256002426147,0.446237206459045,0.439117074012756,0.0156454350799322,-0.156111463904381,-0.0950069949030876,0.194238051772118,0.0156015157699585,-0.156095549464226,0.0156454350799322,-0.156111463904381,0.446234852075577,0.43911600112915,0.015601591207087,-0.156095549464226,-0.0950054973363876,0.194239228963852,-0.0950069949030876,0.194238051772118,0.015601591207087,-0.156095549464226,0.446149528026581,0.439143747091293,0.0155576728284359,-0.156079560518265,0.0156015157699585,-0.156095549464226,-0.0950054973363876,0.194239228963852,0.0155576728284359,-0.156079560518265,0.446147173643112,0.43914270401001
10.2259998321533,0.446187525987625,0.439049810171127,0.0156358536332846,-0.156120911240578,-0.0949293375015259,0.194270074367523,0.0155920051038265,-0.156104952096939,0.0156358536332846,-0.156120911240578,0.446185171604156,0.439048737287521,0.0155920051038265,-0.156104952096939,-0.0949277579784393,0.194271266460419,-0.0949293375015259,0.194270074367523,0.0155920051038265,-0.156104952096939,0.446099758148193,0.439076513051987,0.0155481602996588,-0.156088933348656,0.0155920051038265,-0.156104952096939,-0.0949277505278587,0.194271266460419,0.0155481602996588,-0.156088933348656,0.446097433567047,0.439075410366058
10.2264003753662,0.446137875318527,0.438982635736465,0.0156262703239918,-0.156130328774452,-0.0948515757918358,0.194302082061768,0.0155823463574052,-0.156114384531975,0.0156262703239918,-0.156130328774452,0.446135431528091,0.438981592655182,0.0155823463574052,-0.156114384531975,-0.0948500856757164,0.194303274154663,-0.0948515757918358,0.194302082061768,0.01558234449476,-0.156114369630814,0.446050077676773,0.439009338617325,0.015538495965302,-0.156098335981369,0.01558234449476,-0.156114369630814,-0.0948500856757164,0.194303274154663,0.0155384978279471,-0.15609835088253,0.446047693490982,0.439008295536041
10.2267999649048,0.446088016033173,0.438915431499481,0.0156166115775704,-0.156139761209488,-0.0947738960385323,0.194334030151367,0.0155727583914995,-0.156123787164688,0.0156166115775704,-0.156139761209488,0.446085661649704,0.438914388418198,0.0155727583914995,-0.156123787164688,-0.0947723090648651,0.194335222244263,-0.0947738960385323,0.194334030151367,0.0155727565288544,-0.156123772263527,0.446000337600708,0.438942223787308,0.0155288306996226,-0.156107723712921,0.0155727565288544,-0.156123772263527,-0.0947723090648651,0.194335222244263,0.0155288306996226,-0.156107723712921,0.445997953414917,0.438941180706024
10.2271995544434,0.446038275957108,0.438848316669464,0.015606950968504,-0.156149178743362,-0.0946961119771004,0.194365993142128,0.0155631676316261,-0.15613317489624,0.015606950968504,-0.156149178743362,0.446035861968994,0.438847184181213,0.0155631676316261,-0.15613317489624,-0.0946945175528526,0.194367170333862,-0.0946961045265198,0.194365978240967,0.0155631676316261,-0.15613317489624,0.445950448513031,0.438875138759613,0.0155193144455552,-0.156117111444473,0.0155631676316261,-0.15613317489624,-0.094694510102272,0.194367155432701,0.0155193144455552,-0.156117111444473,0.44594806432724,0.438874065876007
10.2276000976563,0.445988386869431,0.438781201839447,0.0155974384397268,-0.156158596277237,-0.0946182981133461,0.194397866725922,0.0155535042285919,-0.156142592430115,0.0155974384397268,-0.156158596277237,0.44598600268364,0.438780158758163,0.0155535778030753,-0.156142562627792,-0.0946167185902596,0.194399073719978,-0.0946182981133461,0.194397866725922,0.0155535778030753,-0.156142562627792,0.445900559425354,0.438808023929596,0.0155096454545856,-0.156126484274864,0.0155535042285919,-0.156142592430115,-0.094616711139679,0.194399058818817,0.0155096454545856,-0.156126484274864,0.445898205041885,0.438806980848312
10.2279996871948,0.445938467979431,0.438714176416397,0.0155877731740475,-0.15616799890995,-0.0945403948426247,0.194429770112038,0.0155439106747508,-0.156151980161667,0.0155877731740475,-0.15616799890995,0.445936113595963,0.438713103532791,0.0155439106747508,-0.156151980161667,-0.0945388898253441,0.194430962204933,-0.0945403948426247,0.194429770112038,0.0155439106747508,-0.156151980161667,0.445850729942322,0.438741058111191,0.0154999755322933,-0.156135857105255,0.0155439106747508,-0.156151980161667,-0.0945388898253441,0.194430962204933,0.0154999755322933,-0.156135857105255,0.445848345756531,0.438739985227585
10.2284002304077,0.445888489484787,0.438647150993347,0.0155781824141741,-0.156177416443825,-0.0944625586271286,0.194461613893509,0.0155342426151037,-0.156161352992058,0.0155781079083681,-0.156177416443825,0.445886135101318,0.438646107912064,0.0155342426151037,-0.156161352992058,-0.0944610610604286,0.194462776184082,-0.094462551176548,0.194461598992348,0.0155342426151037,-0.156161352992058,0.445800721645355,0.438674062490463,0.0154904536902905,-0.156145215034485,0.0155342426151037,-0.156161352992058,-0.094461053609848,0.194462761282921,0.0154904536902905,-0.156145215034485,0.445798248052597,0.438672959804535
10.2287998199463,0.445838540792465,0.438580095767975,0.0155685897916555,-0.156186819076538,-0.0943846255540848,0.194493427872658,0.0155246453359723,-0.15617074072361,0.0155685897916555,-0.156186819076538,0.445836186408997,0.438579052686691,0.0155246453359723,-0.15617074072361,-0.0943831205368042,0.194494619965553,-0.0943846255540848,0.194493427872658,0.0155246453359723,-0.15617074072361,0.445750713348389,0.438607037067413,0.0154807800427079,-0.156154572963715,0.0155246453359723,-0.15617074072361,-0.0943831205368042,0.194494619965553,0.0154807819053531,-0.156154587864876,0.44574835896492,0.43860599398613
10.2292003631592,0.445788413286209,0.438513159751892,0.0155589198693633,-0.15619620680809,-0.0943066626787186,0.194525212049484,0.015515049919486,-0.156180113554001,0.0155589208006859,-0.156196221709251,0.445786088705063,0.438512116670609,0.015515049919486,-0.156180113554001,-0.0943051651120186,0.19452640414238,-0.0943066626787186,0.194525212049484,0.015515049919486,-0.156180113554001,0.445700615644455,0.438540130853653,0.0154711054638028,-0.156163930892944,0.015515049919486,-0.156180113554001,-0.0943051651120186,0.19452640414238,0.015471107326448,-0.156163945794106,0.445698231458664,0.438539117574692
10.2295999526978,0.445738434791565,0.438446223735809,0.0155492508783937,-0.156205624341965,-0.0942286923527718,0.194556966423988,0.0155053762719035,-0.156189501285553,0.0155492508783937,-0.156205624341965,0.445736050605774,0.438445180654526,0.0155053762719035,-0.156189501285553,-0.0942271947860718,0.194558158516884,-0.0942286923527718,0.194556966423988,0.0155053762719035,-0.156189501285553,0.445650517940521,0.438473284244537,0.0154614299535751,-0.156173288822174,0.0155053762719035,-0.156189501285553,-0.0942271947860718,0.194558158516884,0.0154614308848977,-0.156173303723335,0.445648163557053,0.438472241163254
10.2299995422363,0.445688277482986,0.438379347324371,0.0155395790934563,-0.156215012073517,-0.0941507145762444,0.194588705897331,0.0154957761988044,-0.156198859214783,0.0155395790934563,-0.156215012073517,0.445685893297195,0.438378304243088,0.0154957761988044,-0.156198859214783,-0.0941491201519966,0.194589897990227,-0.0941507145762444,0.194588705897331,0.0154957761988044,-0.156198859214783,0.445600390434265,0.438406437635422,0.0154518261551857,-0.156182646751404,0.0154957761988044,-0.156198859214783,-0.0941491201519966,0.194589897990227,0.0154518261551857,-0.156182646751404,0.445598006248474,0.438405394554138
10.2304000854492,0.44563814997673,0.438312530517578,0.0155300535261631,-0.156224370002747,-0.094072625041008,0.194620415568352,0.0154860988259315,-0.156208217144012,0.0155300535261631,-0.156224370002747,0.445635706186295,0.438311487436295,0.0154860988259315,-0.156208217144012,-0.094071127474308,0.194621592760086,-0.094072625041008,0.194620415568352,0.0154860988259315,-0.156208217144012,0.445550143718719,0.438339620828629,0.0154421469196677,-0.156191989779472,0.0154860988259315,-0.156208217144012,-0.094071127474308,0.194621592760086,0.0154421478509903,-0.156192004680634,0.445547759532928,0.438338547945023
10.2307996749878,0.445587873458862,0.438245683908463,0.015520378947258,-0.15623377263546,-0.0939945206046104,0.19465209543705,0.0154764205217361,-0.156217575073242,0.015520378947258,-0.15623377263546,0.445585519075394,0.438244640827179,0.0154764205217361,-0.156217575073242,-0.0939930155873299,0.194653272628784,-0.0939945206046104,0.19465209543705,0.0154764205217361,-0.156217575073242,0.445499926805496,0.438272833824158,0.0154324658215046,-0.156201332807541,0.0154764205217361,-0.156217575073242,-0.0939930155873299,0.194653272628784,0.0154324676841497,-0.156201347708702,0.445497542619705,0.438271820545197
10.2312002182007,0.445537626743317,0.438178926706314,0.0155107015743852,-0.156243145465851,-0.0939164012670517,0.194683730602264,0.0154667412862182,-0.156226947903633,0.0155107015743852,-0.156243145465851,0.445535242557526,0.438177883625031,0.0154667412862182,-0.156226947903633,-0.0939149037003517,0.194684907793999,-0.0939164012670517,0.194683730602264,0.0154667412862182,-0.156226947903633,0.445449680089951,0.438206046819687,0.0154227837920189,-0.156210660934448,0.0154667412862182,-0.156226947903633,-0.0939149037003517,0.194684907793999,0.0154227837920189,-0.156210660934448,0.44544729590416,0.438205063343048
10.2315998077393,0.445487350225449,0.438112199306488,0.015501020476222,-0.156252503395081,-0.0938382670283318,0.194715350866318,0.0154570564627647,-0.156236290931702,0.015501020476222,-0.156252503395081,0.445484757423401,0.438111335039139,0.0154570946469903,-0.156236290931702,-0.0938367694616318,0.19471649825573,-0.0938382670283318,0.194715350866318,0.0154570946469903,-0.156236290931702,0.445399463176727,0.438139408826828,0.0154131716117263,-0.156219989061356,0.0154570564627647,-0.156236290931702,-0.0938367694616318,0.19471649825573,0.0154131716117263,-0.156219989061356,0.445397078990936,0.438138365745544
10.2320003509521,0.445436984300613,0.438045531511307,0.0154913766309619,-0.15626186132431,-0.0937601253390312,0.194746911525726,0.0154474098235369,-0.15624563395977,0.0154913766309619,-0.15626186132431,0.445434600114822,0.438044428825378,0.015447411686182,-0.156245648860931,-0.0937585309147835,0.194748103618622,-0.0937601253390312,0.194746911525726,0.0154474470764399,-0.156245619058609,0.445349097251892,0.438072770833969,0.0154034858569503,-0.156229317188263,0.0154474098235369,-0.15624563395977,-0.0937585234642029,0.194748088717461,0.0154034858569503,-0.156229317188263,0.445346713066101,0.438071668148041
10.2323999404907,0.445386558771133,0.437978833913803,0.0154817337170243,-0.156271234154701,-0.0936818718910217,0.194778472185135,0.0154377641156316,-0.156254991889,0.0154817337170243,-0.156271234154701,0.445384204387665,0.43797779083252,0.0154377641156316,-0.156254991889,-0.0936803668737411,0.194779634475708,-0.0936818718910217,0.194778472185135,0.0154377641156316,-0.156254991889,0.445298701524734,0.438006073236465,0.0153937982395291,-0.15623864531517,0.0154377641156316,-0.156254991889,-0.0936803594231606,0.194779619574547,0.0153937982395291,-0.15623864531517,0.445296347141266,0.438005000352859
10.2327995300293,0.445336163043976,0.437912195920944,0.015472050756216,-0.156280592083931,-0.093603603541851,0.194810003042221,0.015428077429533,-0.156264305114746,0.015472050756216,-0.156280606985092,0.44533360004425,0.437911301851273,0.0154280792921782,-0.156264320015907,-0.0936020016670227,0.194811195135117,-0.093603603541851,0.194810003042221,0.015428077429533,-0.156264305114746,0.445248126983643,0.437939614057541,0.015384110622108,-0.156247973442078,0.015428077429533,-0.156264305114746,-0.0936020016670227,0.194811195135117,0.015384110622108,-0.156247973442078,0.445245742797852,0.437938541173935
10.2332000732422,0.445285797119141,0.437845528125763,0.01546236500144,-0.156289935112,-0.0935253202915192,0.194841504096985,0.0154183898121119,-0.156273648142815,0.0154623659327626,-0.156289950013161,0.445283442735672,0.437844455242157,0.0154183898121119,-0.156273663043976,-0.0935237258672714,0.19484269618988,-0.0935253202915192,0.194841504096985,0.0154183898121119,-0.156273663043976,0.445197552442551,0.437873125076294,0.015374418348074,-0.156257271766663,0.0154183898121119,-0.156273648142815,-0.0935237258672714,0.19484269618988,0.015374418348074,-0.156257271766663,0.445195347070694,0.437871843576431
10.2335996627808,0.445235162973404,0.437779039144516,0.015452679246664,-0.156299293041229,-0.0934470370411873,0.194872960448265,0.0154087003320456,-0.156282976269722,0.015452679246664,-0.156299293041229,0.445232808589935,0.43777796626091,0.0154087003320456,-0.156282976269722,-0.0934454277157784,0.194874137639999,-0.0934470295906067,0.194872945547104,0.0154087003320456,-0.156282976269722,0.445147156715393,0.437806487083435,0.0153647260740399,-0.156266584992409,0.0154087003320456,-0.156282976269722,-0.0934454277157784,0.194874137639999,0.0153647260740399,-0.156266584992409,0.445144802331924,0.437805384397507
10.2340002059937,0.44518455862999,0.437712550163269,0.0154429906979203,-0.156308636069298,-0.0933686271309853,0.194904401898384,0.0153990089893341,-0.156292304396629,0.0154429906979203,-0.156308636069298,0.445182174444199,0.437711477279663,0.0153990089893341,-0.156292304396629,-0.0933671146631241,0.194905549287796,-0.0933686271309853,0.194904401898384,0.0153990089893341,-0.156292304396629,0.445096552371979,0.437739968299866,0.0153550338000059,-0.156275898218155,0.0153990089893341,-0.156292304396629,-0.0933671146631241,0.194905549287796,0.0153550338000059,-0.156275898218155,0.445093989372253,0.437739163637161
10.2343997955322,0.44513413310051,0.437645882368088,0.015433338470757,-0.156317979097366,-0.0932902097702026,0.194935828447342,0.0153893176466227,-0.156301617622375,0.015433338470757,-0.156317979097366,0.445131570100784,0.437644988298416,0.0153893558308482,-0.156301632523537,-0.0932887047529221,0.194936975836754,-0.0932902097702026,0.194935828447342,0.0153893558308482,-0.156301632523537,0.445045918226242,0.437673479318619,0.0153453387320042,-0.156285211443901,0.0153893176466227,-0.156301617622375,-0.0932887047529221,0.194936975836754,0.0153453387320042,-0.156285211443901,0.445043563842773,0.437672436237335
10.2348003387451,0.445083320140839,0.43757963180542,0.0154236480593681,-0.156327322125435,-0.0932118743658066,0.194967165589333,0.0153796244412661,-0.156310960650444,0.0154236480593681,-0.156327322125435,0.445080757141113,0.437578767538071,0.015379661694169,-0.156310945749283,-0.0932102799415588,0.194968357682228,-0.0932118743658066,0.194967165589333,0.015379661694169,-0.156310945749283,0.44499534368515,0.437607049942017,0.0153356408700347,-0.156294494867325,0.0153796244412661,-0.156310960650444,-0.0932102724909782,0.194968342781067,0.0153356408700347,-0.156294494867325,0.444992959499359,0.437605947256088
10.2351999282837,0.44503265619278,0.437513142824173,0.0154139548540115,-0.156336650252342,-0.0931334272027016,0.194998502731323,0.0153699293732643,-0.156320258975029,0.0154139548540115,-0.156336650252342,0.445030272006989,0.437512069940567,0.0153699666261673,-0.156320258975029,-0.0931318327784538,0.19499970972538,-0.0931334272027016,0.194998502731323,0.0153699666261673,-0.156320258975029,0.444944500923157,0.437540769577026,0.0153259430080652,-0.156303778290749,0.0153699293732643,-0.156320258975029,-0.0931318253278732,0.194999694824219,0.0153259430080652,-0.156303778290749,0.444942116737366,0.43753969669342
10.2356004714966,0.444981813430786,0.437446862459183,0.0154042607173324,-0.156345963478088,-0.0930548831820488,0.195029854774475,0.0153602315112948,-0.156329572200775,0.0154042607173324,-0.156345963478088,0.444979429244995,0.437445819377899,0.0153602315112948,-0.156329572200775,-0.0930533707141876,0.195031002163887,-0.0930548831820488,0.195029854774475,0.0153602315112948,-0.156329572200775,0.444893658161163,0.437474519014359,0.0153162432834506,-0.156313076615334,0.0153602315112948,-0.156329572200775,-0.0930533707141876,0.195031002163887,0.0153162432834506,-0.156313076615334,0.444891273975372,0.437473446130753
10.2360000610352,0.44493094086647,0.437380582094193,0.015394564718008,-0.156355306506157,-0.0929764062166214,0.195061102509499,0.0153505317866802,-0.156338855624199,0.015394564718008,-0.156355306506157,0.444928586483002,0.437379509210587,0.0153505317866802,-0.156338855624199,-0.0929748117923737,0.195062309503555,-0.0929764062166214,0.195061102509499,0.0153505317866802,-0.156338855624199,0.44484281539917,0.437408268451691,0.0153065407648683,-0.156322345137596,0.0153505317866802,-0.156338855624199,-0.0929748117923737,0.195062309503555,0.0153065407648683,-0.156322345137596,0.444840431213379,0.437407165765762
10.2363996505737,0.444880068302155,0.437314301729202,0.015384865924716,-0.156364619731903,-0.0928978249430656,0.195092365145683,0.0153408320620656,-0.156348168849945,0.0153848668560386,-0.156364634633064,0.444877713918686,0.437313228845596,0.0153408320620656,-0.156348168849945,-0.0928962305188179,0.19509357213974,-0.0928978249430656,0.195092365145683,0.0153408320620656,-0.156348168849945,0.444792151451111,0.437341779470444,0.0152968391776085,-0.156331643462181,0.0153408320620656,-0.156348168849945,-0.0928962305188179,0.19509357213974,0.0152968391776085,-0.156331643462181,0.444789588451385,0.437340915203094
10.2368001937866,0.444829195737839,0.437248051166534,0.0153751308098435,-0.156373932957649,-0.0928192362189293,0.195123597979546,0.0153311304748058,-0.15635746717453,0.0153751308098435,-0.156373932957649,0.44482684135437,0.437246978282928,0.0153311304748058,-0.15635746717453,-0.0928177312016487,0.195124745368958,-0.0928192362189293,0.195123597979546,0.0153311304748058,-0.15635746717453,0.44474133849144,0.437275528907776,0.0152870584279299,-0.156340897083282,0.0153311304748058,-0.15635746717453,-0.0928177312016487,0.195124745368958,0.0152870593592525,-0.156340911984444,0.444738775491714,0.437274664640427
10.2371997833252,0.444778352975845,0.437181770801544,0.0153654301539063,-0.156383231282234,-0.0927406251430511,0.195154801011086,0.0153213907033205,-0.156366750597954,0.0153654301539063,-0.156383231282234,0.444775968790054,0.437180697917938,0.0153213907033205,-0.156366750597954,-0.0927390307188034,0.19515597820282,-0.0927406251430511,0.195154801011086,0.0153213907033205,-0.156366750597954,0.444690257310867,0.437209486961365,0.0152773531153798,-0.156350180506706,0.0153213907033205,-0.156366750597954,-0.0927390307188034,0.19515597820282,0.0152773531153798,-0.156350180506706,0.444687694311142,0.437208592891693
10.2376003265381,0.444727271795273,0.437115758657455,0.0153557267040014,-0.15639254450798,-0.0926619172096252,0.195185989141464,0.0153116472065449,-0.156376034021378,0.0153557285666466,-0.156392559409142,0.444725066423416,0.437114417552948,0.0153116853907704,-0.156376034021378,-0.0926604047417641,0.195187121629715,-0.0926619172096252,0.195185989141464,0.0153116853907704,-0.156376034021378,0.444639414548874,0.437143206596375,0.015267645008862,-0.156359434127808,0.0153116472065449,-0.156376034021378,-0.0926604047417641,0.195187121629715,0.0152676459401846,-0.156359449028969,0.444636851549149,0.437142342329025
10.2379999160767,0.444676339626312,0.43704941868782,0.0153459869325161,-0.156401857733727,-0.0925832837820053,0.195217102766037,0.0153019409626722,-0.156385317444801,0.0153459869325161,-0.156401857733727,0.444673985242844,0.437048345804214,0.0153019418939948,-0.156385317444801,-0.0925817713141441,0.195218235254288,-0.0925832837820053,0.195217102766037,0.0153019409626722,-0.15638530254364,0.444588273763657,0.437077105045319,0.0152578996494412,-0.156368717551231,0.0153019409626722,-0.156385317444801,-0.0925817713141441,0.195218235254288,0.0152578996494412,-0.156368717551231,0.444585740566254,0.437076240777969
10.2384004592896,0.44462525844574,0.436983376741409,0.015336281619966,-0.15641114115715,-0.092504546046257,0.195248201489449,0.0152922328561544,-0.156394585967064,0.015336244367063,-0.15641114115715,0.444622874259949,0.436982303857803,0.015292233787477,-0.156394600868225,-0.0925030335783958,0.19524934887886,-0.092504546046257,0.195248201489449,0.0152922328561544,-0.156394585967064,0.444537192583084,0.437011063098907,0.0152481496334076,-0.156377956271172,0.0152922328561544,-0.156394585967064,-0.0925030261278152,0.195249333977699,0.0152481505647302,-0.156377971172333,0.444534659385681,0.437010169029236
10.2388000488281,0.444574117660522,0.436917275190353,0.0153265371918678,-0.156420439481735,-0.0924257859587669,0.195279285311699,0.0152824483811855,-0.156403869390488,0.0153265371918678,-0.156420439481735,0.444571763277054,0.436916202306747,0.0152824483811855,-0.156403869390488,-0.0924242734909058,0.19528041779995,-0.0924257859587669,0.195279285311699,0.0152824483811855,-0.156403869390488,0.444486111402512,0.436945021152496,0.0152384378015995,-0.156387224793434,0.0152824483811855,-0.156403869390488,-0.0924242734909058,0.19528041779995,0.0152384378015995,-0.156387224793434,0.444483548402786,0.436944156885147
10.2391996383667,0.44452303647995,0.436851233243942,0.0153167918324471,-0.15642973780632,-0.0923470184206963,0.195310309529305,0.0152727374807,-0.15641313791275,0.0153167918324471,-0.15642973780632,0.444520622491837,0.436850130558014,0.0152727374807,-0.15641313791275,-0.0923454090952873,0.1953115016222,-0.0923470184206963,0.195310309529305,0.0152727374807,-0.15641313791275,0.444435000419617,0.43687891960144,0.0152286486700177,-0.156396463513374,0.0152727374807,-0.15641313791275,-0.0923454090952873,0.1953115016222,0.0152286486700177,-0.156396463513374,0.444432437419891,0.436878025531769
10.2396001815796,0.444471895694733,0.436785161495209,0.0153070436790586,-0.156439006328583,-0.0922681465744972,0.195341363549232,0.0152629865333438,-0.156422406435013,0.0153070436790586,-0.156439006328583,0.444469511508942,0.436784088611603,0.0152630247175694,-0.156422406435013,-0.0922666266560555,0.195342496037483,-0.0922681391239166,0.195341348648071,0.0152630247175694,-0.156422406435013,0.444383502006531,0.43681326508522,0.0152189331129193,-0.156405702233315,0.0152629865333438,-0.156422406435013,-0.0922666266560555,0.195342496037483,0.0152189331129193,-0.156405702233315,0.44438111782074,0.436812222003937
10.2399997711182,0.444420576095581,0.43671926856041,0.0152973318472505,-0.156448289752007,-0.0921893492341042,0.195372298359871,0.0152532355859876,-0.156431660056114,0.0152973318472505,-0.156448289752007,0.44441819190979,0.436718225479126,0.0152532355859876,-0.156431660056114,-0.0921878293156624,0.195373445749283,-0.0921893492341042,0.195372298359871,0.0152532355859876,-0.156431660056114,0.444332361221313,0.436747193336487,0.0152091411873698,-0.156414940953255,0.0152532355859876,-0.156431660056114,-0.0921878293156624,0.195373445749283,0.0152091411873698,-0.156414940953255,0.444330036640167,0.436746120452881
10.2404003143311,0.444369435310364,0.436653226613998,0.0152875818312168,-0.15645757317543,-0.0921104401350021,0.195403277873993,0.0152434818446636,-0.156440898776054,0.0152875818312168,-0.15645757317543,0.444367051124573,0.436652153730392,0.0152434818446636,-0.156440898776054,-0.092108927667141,0.195404410362244,-0.0921104401350021,0.195403277873993,0.0152434818446636,-0.156440898776054,0.444281101226807,0.436681389808655,0.0151994219049811,-0.156424179673195,0.0152434818446636,-0.156440898776054,-0.092108927667141,0.195404410362244,0.0151994228363037,-0.156424194574356,0.444278717041016,0.436680287122726
10.2407999038696,0.444318056106567,0.436587363481522,0.0152778290212154,-0.156466826796532,-0.0920315235853195,0.19543419778347,0.0152337271720171,-0.156450167298317,0.0152778290212154,-0.156466826796532,0.444315701723099,0.436586290597916,0.0152337271720171,-0.156450167298317,-0.0920300111174583,0.195435330271721,-0.0920315235853195,0.19543419778347,0.0152337271720171,-0.156450167298317,0.44422972202301,0.436615496873856,0.0151896281167865,-0.156433418393135,0.0152337271720171,-0.156450167298317,-0.0920300111174583,0.195435330271721,0.0151896281167865,-0.156433418393135,0.444227397441864,0.436614394187927
10.2412004470825,0.444266706705093,0.436521500349045,0.0152680762112141,-0.156476095318794,-0.0919525921344757,0.195465072989464,0.0152239706367254,-0.156459406018257,0.0152680762112141,-0.156476095318794,0.444264352321625,0.436520397663116,0.0152240078896284,-0.156459406018257,-0.0919509828090668,0.195466235280037,-0.0919525921344757,0.195465072989464,0.0152240078896284,-0.156459406018257,0.444178402423859,0.436549603939056,0.0151799051091075,-0.156442627310753,0.0152239706367254,-0.156459406018257,-0.0919509828090668,0.195466235280037,0.0151799060404301,-0.156442642211914,0.444176018238068,0.436548560857773
10.2416000366211,0.444215357303619,0.436455607414246,0.015258320607245,-0.156485363841057,-0.0918735563755035,0.195495963096619,0.0152142122387886,-0.156468644738197,0.0152583215385675,-0.156485378742218,0.444212764501572,0.436454743146896,0.0152142122387886,-0.156468644738197,-0.0918720364570618,0.195497095584869,-0.0918735563755035,0.195495963096619,0.0152142103761435,-0.156468629837036,0.444127053022385,0.43648374080658,0.0151701066643,-0.156451851129532,0.0152142103761435,-0.156468629837036,-0.0918720364570618,0.195497095584869,0.0151701066643,-0.156451851129532,0.444124668836594,0.436482667922974
10.2419996261597,0.444163799285889,0.436389982700348,0.0152485249564052,-0.156494617462158,-0.0917945951223373,0.195526763796806,0.0152044147253036,-0.156477883458138,0.0152485249564052,-0.156494617462158,0.444161385297775,0.436388850212097,0.0152044147253036,-0.156477883458138,-0.0917929857969284,0.195527940988541,-0.0917945951223373,0.195526763796806,0.0152044147253036,-0.156477883458138,0.444075495004654,0.436418086290359,0.0151603072881699,-0.156461074948311,0.0152044147253036,-0.156477883458138,-0.0917929857969284,0.195527940988541,0.0151603072881699,-0.156461074948311,0.444072932004929,0.436417251825333
10.2424001693726,0.444112151861191,0.436324298381805,0.0152388056740165,-0.156503856182098,-0.0917155295610428,0.195557549595833,0.0151946898549795,-0.156487122178078,0.0152388056740165,-0.156503856182098,0.444109827280045,0.436323225498199,0.0151946898549795,-0.156487122178078,-0.0917139127850533,0.195558726787567,-0.0917155295610428,0.195557549595833,0.0151946898549795,-0.156487122178078,0.44402414560318,0.436352252960205,0.015150542370975,-0.156470283865929,0.0151946898549795,-0.156487122178078,-0.0917139127850533,0.195558726787567,0.0151505442336202,-0.15647029876709,0.444021552801132,0.436351388692856
10.2427997589111,0.44406059384346,0.436258643865585,0.0152290081605315,-0.1565131098032,-0.091636449098587,0.195588335394859,0.0151848904788494,-0.156496345996857,0.0152290081605315,-0.1565131098032,0.444058269262314,0.436257570981979,0.0151848904788494,-0.156496331095695,-0.0916348323225975,0.195589497685432,-0.091636449098587,0.195588335394859,0.0151848904788494,-0.156496331095695,0.443972378969193,0.436286777257919,0.0151407774537802,-0.156479492783546,0.0151848904788494,-0.156496345996857,-0.0916348323225975,0.195589497685432,0.0151407774537802,-0.156479492783546,0.443969994783401,0.436285704374313
10.243200302124,0.444009214639664,0.436192750930786,0.0152192087844014,-0.156522363424301,-0.0915572568774223,0.195619091391563,0.0151750892400742,-0.156505569815636,0.0152192087844014,-0.156522363424301,0.444006830453873,0.43619167804718,0.0151750892400742,-0.156505569815636,-0.091555655002594,0.195620268583298,-0.0915572568774223,0.195619091391563,0.0151750892400742,-0.156505569815636,0.443920820951462,0.436221152544022,0.0151309734210372,-0.156488686800003,0.0151750892400742,-0.156505569815636,-0.0915556475520134,0.195620253682137,0.0151309734210372,-0.156488686800003,0.443918436765671,0.436220079660416
10.2435998916626,0.443957656621933,0.436127126216888,0.0152094829827547,-0.15653158724308,-0.0914781540632248,0.195649772882462,0.0151653233915567,-0.156514778733253,0.0152094829827547,-0.15653158724308,0.443955063819885,0.436126232147217,0.0151653233915567,-0.156514778733253,-0.0914765372872353,0.195650935173035,-0.0914781540632248,0.195649772882462,0.0151653597131371,-0.156514778733253,0.443869262933731,0.436155498027802,0.0151211675256491,-0.156497895717621,0.0151653233915567,-0.156514778733253,-0.0914765372872353,0.195650935173035,0.0151211675256491,-0.156497895717621,0.443866610527039,0.436154574155807
10.2440004348755,0.443906038999557,0.436061412096024,0.0151996808126569,-0.156540840864182,-0.0913989394903183,0.195680469274521,0.0151555174961686,-0.156524002552032,0.0151996808126569,-0.156540840864182,0.44390344619751,0.436060577630997,0.0151555566117167,-0.156524017453194,-0.0913973227143288,0.195681631565094,-0.0913989394903183,0.195680469274521,0.0151555556803942,-0.156524002552032,0.443817436695099,0.436089992523193,0.0151113970205188,-0.156507089734077,0.0151555174961686,-0.156524002552032,-0.0913973227143288,0.195681631565094,0.0151113970205188,-0.156507089734077,0.443815052509308,0.43608894944191
10.2444000244141,0.443853974342346,0.435996174812317,0.0151898777112365,-0.156550049781799,-0.0913197174668312,0.195711120963097,0.0151457488536835,-0.15653321146965,0.0151898777112365,-0.156550049781799,0.443851619958878,0.435995101928711,0.0151457488536835,-0.15653321146965,-0.0913180932402611,0.19571228325367,-0.0913197100162506,0.195711106061935,0.0151457488536835,-0.15653321146965,0.443765640258789,0.436024606227875,0.0151015892624855,-0.156516283750534,0.0151457488536835,-0.15653321146965,-0.0913180932402611,0.19571228325367,0.0151015892624855,-0.156516283750534,0.44376328587532,0.436023503541946
10.2447996139526,0.443802416324615,0.435930520296097,0.0151800708845258,-0.156559273600578,-0.0912404656410217,0.195741713047028,0.0151359410956502,-0.156542420387268,0.0151800708845258,-0.156559273600578,0.443800002336502,0.435929417610168,0.0151359410956502,-0.156542420387268,-0.0912388563156128,0.195742890238762,-0.0912404656410217,0.195741713047028,0.0151359410956502,-0.156542420387268,0.443714052438736,0.43595889210701,0.0150917777791619,-0.156525462865829,0.0151359410956502,-0.156542420387268,-0.0912388488650322,0.195742875337601,0.0150918141007423,-0.156525462865829,0.443711668252945,0.435957819223404
10.2452001571655,0.443750560283661,0.435865074396133,0.0151702659204602,-0.156568497419357,-0.0911611244082451,0.195772334933281,0.0151261305436492,-0.156551614403725,0.0151702659204602,-0.156568497419357,0.443747967481613,0.435864180326462,0.0151261305436492,-0.156551614403725,-0.0911595970392227,0.19577345252037,-0.0911611244082451,0.195772334933281,0.0151261305436492,-0.156551614403725,0.443662017583847,0.435893625020981,0.0150819644331932,-0.156534641981125,0.0151261305436492,-0.156551614403725,-0.0911595970392227,0.19577345252037,0.0150819644331932,-0.156534641981125,0.443659663200378,0.435892552137375
10.2455997467041,0.443698644638062,0.435799658298492,0.0151604935526848,-0.156577721238136,-0.0910818576812744,0.195802852511406,0.0151163209229708,-0.156560808420181,0.0151604935526848,-0.156577721238136,0.443696111440659,0.435798555612564,0.0151163209229708,-0.156560808420181,-0.0910802334547043,0.19580402970314,-0.0910818502306938,0.195802837610245,0.0151163209229708,-0.156560808420181,0.443610221147537,0.435828149318695,0.0150721883401275,-0.15654382109642,0.0151163209229708,-0.156560808420181,-0.0910802334547043,0.195804014801979,0.0150721883401275,-0.15654382109642,0.443607747554779,0.435827165842056
10.246000289917,0.44364669919014,0.435734242200851,0.0151506839320064,-0.156586930155754,-0.0910024791955948,0.195833399891853,0.0151065085083246,-0.156570002436638,0.0151506839320064,-0.156586930155754,0.443644285202026,0.435733199119568,0.0151065085083246,-0.156570002436638,-0.0910008624196053,0.195834562182426,-0.0910024791955948,0.195833399891853,0.0151065085083246,-0.156570002436638,0.443558275699615,0.435762792825699,0.015062334947288,-0.156552985310555,0.0151065085083246,-0.156570002436638,-0.0910008624196053,0.195834562182426,0.0150623358786106,-0.156553000211716,0.44355583190918,0.435761779546738
10.2463998794556,0.443594753742218,0.435668885707855,0.0151409097015858,-0.156596139073372,-0.0909230783581734,0.195863887667656,0.0150966932997108,-0.156579181551933,0.0151409097015858,-0.156596139073372,0.443592369556427,0.435667842626572,0.0150966951623559,-0.156579196453094,-0.0909215584397316,0.195864990353584,-0.0909230783581734,0.195863887667656,0.0150966932997108,-0.156579181551933,0.443506330251694,0.435697466135025,0.0150525188073516,-0.15656216442585,0.0150966932997108,-0.156579181551933,-0.0909214690327644,0.195865049958229,0.0150525188073516,-0.15656216442585,0.443503886461258,0.435696452856064
10.2468004226685,0.443542778491974,0.435603529214859,0.0151310581713915,-0.15660534799099,-0.090843677520752,0.195894330739975,0.0150868771597743,-0.156588390469551,0.0151310581713915,-0.15660534799099,0.443540304899216,0.435602515935898,0.0150868771597743,-0.15658837556839,-0.0908420607447624,0.195895493030548,-0.090843677520752,0.195894330739975,0.0150868771597743,-0.15658837556839,0.443454325199127,0.435632199048996,0.01504270080477,-0.156571328639984,0.0150868771597743,-0.156588390469551,-0.0908420607447624,0.195895493030548,0.01504270080477,-0.156571328639984,0.443451851606369,0.435631185770035
10.247200012207,0.443490713834763,0.43553826212883,0.0151212448254228,-0.156614556908607,-0.0907641649246216,0.195924788713455,0.0150770600885153,-0.156597554683685,0.0151212448254228,-0.156614556908607,0.443488359451294,0.435537248849869,0.0150770600885153,-0.156597554683685,-0.0907626450061798,0.195925891399384,-0.0907641649246216,0.195924788713455,0.0150770600885153,-0.156597554683685,0.443402290344238,0.435566902160645,0.0150328800082207,-0.156580477952957,0.0150770600885153,-0.156597554683685,-0.090762548148632,0.195925951004028,0.0150328800082207,-0.156580477952957,0.443399786949158,0.435565918684006
10.2475996017456,0.443438678979874,0.435473024845123,0.0151114286854863,-0.156623736023903,-0.0906846448779106,0.195955187082291,0.0150672402232885,-0.156606733798981,0.0151114286854863,-0.156623736023903,0.44343626499176,0.43547198176384,0.0150672402232885,-0.156606733798981,-0.0906831175088882,0.19595630466938,-0.0906846448779106,0.195955187082291,0.0150672402232885,-0.156606733798981,0.443350225687027,0.435501724481583,0.0150230210274458,-0.156589642167091,0.0150672402232885,-0.156606733798981,-0.0906831175088882,0.19595630466938,0.0150230210274458,-0.156589642167091,0.443347781896591,0.435500711202621
10.2480001449585,0.44338658452034,0.435407787561417,0.0151016116142273,-0.156632915139198,-0.0906051024794579,0.195985555648804,0.0150574212893844,-0.156615912914276,0.0151016116142273,-0.156632915139198,0.443384110927582,0.435406774282455,0.0150574212893844,-0.156615912914276,-0.0906035825610161,0.195986688137054,-0.0906051024794579,0.195985555648804,0.0150574212893844,-0.156615912914276,0.443298071622849,0.435436546802521,0.0150131965056062,-0.156598776578903,0.0150574212893844,-0.156615912914276,-0.0906035825610161,0.195986688137054,0.0150131965056062,-0.156598776578903,0.443295627832413,0.435435563325882
10.2483997344971,0.443334400653839,0.435342669487,0.0150917544960976,-0.156642109155655,-0.0905256494879723,0.196015849709511,0.0150475995615125,-0.156625062227249,0.0150917544960976,-0.156642109155655,0.443331956863403,0.435341656208038,0.0150475995615125,-0.156625062227249,-0.0905240327119827,0.196017012000084,-0.0905256494879723,0.196015849709511,0.0150475995615125,-0.156625062227249,0.443245947360992,0.435371458530426,0.0150033719837666,-0.156607925891876,0.0150475995615125,-0.156625062227249,-0.0905240327119827,0.196017012000084,0.0150033719837666,-0.156607925891876,0.443243443965912,0.435370445251465
10.24880027771,0.443282216787338,0.435277491807938,0.0150819327682257,-0.156651303172112,-0.0904459953308105,0.196046203374863,0.0150377005338669,-0.156634226441383,0.0150819327682257,-0.156651303172112,0.443279713392258,0.435276478528976,0.0150377005338669,-0.156634226441383,-0.0904444679617882,0.196047306060791,-0.0904459953308105,0.196046203374863,0.0150377359241247,-0.156634211540222,0.443193644285202,0.435306340456009,0.0149935083463788,-0.15661709010601,0.0150376986712217,-0.156634211540222,-0.0904444679617882,0.196047306060791,0.0149935083463788,-0.15661709010601,0.443191200494766,0.435305327177048
10.2491998672485,0.44322994351387,0.435212463140488,0.0150721101090312,-0.156660467386246,-0.0903664156794548,0.196076452732086,0.0150278741493821,-0.156643375754356,0.0150721101090312,-0.156660467386246,0.443227529525757,0.435211360454559,0.0150278741493821,-0.156643375754356,-0.0903647914528847,0.196077600121498,-0.0903664156794548,0.196076452732086,0.0150278741493821,-0.156643375754356,0.443141371011734,0.435241281986237,0.0149836428463459,-0.156626209616661,0.0150278741493821,-0.156643375754356,-0.0903647914528847,0.196077600121498,0.0149836428463459,-0.156626209616661,0.443139016628265,0.435240268707275
10.2496004104614,0.44317764043808,0.435147374868393,0.0150622483342886,-0.156669646501541,-0.0902867242693901,0.19610670208931,0.0150180477648973,-0.156652525067329,0.0150622483342886,-0.156669646501541,0.443175256252289,0.435146361589432,0.0150180477648973,-0.156652525067329,-0.0902851074934006,0.196107849478722,-0.0902867242693901,0.19610670208931,0.0150180477648973,-0.156652525067329,0.443089127540588,0.435176312923431,0.0149738136678934,-0.156635344028473,0.0150180477648973,-0.156652525067329,-0.0902851074934006,0.196107849478722,0.0149738136678934,-0.156635344028473,0.443086624145508,0.435175240039825
10.25,0.443125307559967,0.435082316398621,0.0150524228811264,-0.156678795814514,-0.0902070254087448,0.19613690674305,0.0150081813335419,-0.156661674380302,0.0150524228811264,-0.156678795814514,0.443122833967209,0.435081303119659,0.0150081813335419,-0.156661674380302,-0.0902054980397224,0.196138024330139,-0.0902070254087448,0.19613690674305,0.0150081813335419,-0.156661674380302,0.443036705255508,0.435111284255981,0.0149639826267958,-0.156644463539124,0.0150081813335419,-0.156661674380302,-0.0902054980397224,0.196138024330139,0.0149639826267958,-0.156644463539124,0.443034261465073,0.43511027097702
10.2503995895386,0.443072885274887,0.435017347335815,0.0150425583124161,-0.156687960028648,-0.0901273190975189,0.196167081594467,0.0149983149021864,-0.156670808792114,0.0150425583124161,-0.156687960028648,0.443070411682129,0.435016334056854,0.0149983149021864,-0.156670808792114,-0.0901256874203682,0.19616824388504,-0.0901273190975189,0.196167081594467,0.0149983149021864,-0.156670808792114,0.442984282970428,0.435046315193176,0.0149540742859244,-0.156653583049774,0.0149983149021864,-0.156670808792114,-0.0901256874203682,0.19616824388504,0.0149540761485696,-0.156653597950935,0.442981958389282,0.435045331716537
10.2508001327515,0.443020462989807,0.434952408075333,0.0150327300652862,-0.156697139143944,-0.0900475904345512,0.196197226643562,0.0149884829297662,-0.156679958105087,0.0150327300652862,-0.156697139143944,0.443018019199371,0.434951454401016,0.0149884838610888,-0.156679973006248,-0.0900459587574005,0.196198359131813,-0.0900475829839706,0.196197211742401,0.0149884829297662,-0.156679958105087,0.442931950092316,0.434981435537338,0.0149442413821816,-0.156662702560425,0.0149884829297662,-0.156679958105087,-0.0900459587574005,0.196198359131813,0.0149442413821816,-0.156662702560425,0.442929446697235,0.434980481863022
10.25119972229,0.442968040704727,0.43488746881485,0.0150228617712855,-0.156706273555756,-0.0899677574634552,0.196227356791496,0.01497857645154,-0.15668910741806,0.0150228245183825,-0.156706273555756,0.442965596914291,0.434886515140533,0.01497857645154,-0.15668910741806,-0.0899661332368851,0.196228519082069,-0.0899677574634552,0.196227356791496,0.01497857645154,-0.15668910741806,0.442879408597946,0.4349165558815,0.0149343302473426,-0.156671822071075,0.01497857645154,-0.15668910741806,-0.0899661257863045,0.196228504180908,0.0149343302473426,-0.156671822071075,0.442876935005188,0.434915572404861
10.2516002655029,0.44291552901268,0.434822618961334,0.0150129916146398,-0.15671543776989,-0.089887909591198,0.196257442235947,0.0149687416851521,-0.156698226928711,0.0150129916146398,-0.15671543776989,0.442913055419922,0.434821665287018,0.0149687416851521,-0.156698226928711,-0.089886374771595,0.196258544921875,-0.089887909591198,0.196257442235947,0.0149687416851521,-0.156698226928711,0.442826867103577,0.434851706027985,0.0149244926869869,-0.156680926680565,0.0149687416851521,-0.156698226928711,-0.089886374771595,0.196258544921875,0.0149244936183095,-0.156680941581726,0.442824423313141,0.434850752353668
10.2519998550415,0.442862987518311,0.434757798910141,0.015003121457994,-0.156724572181702,-0.0898080468177795,0.196287497878075,0.0149588668718934,-0.156707346439362,0.015003121457994,-0.156724572181702,0.442860543727875,0.434756845235825,0.0149588668718934,-0.156707346439362,-0.0898065119981766,0.196288600564003,-0.0898080468177795,0.196287497878075,0.0149588668718934,-0.156707346439362,0.442774266004562,0.434786945581436,0.0149145796895027,-0.156690031290054,0.0149588668718934,-0.156707346439362,-0.0898065119981766,0.196288600564003,0.0149145796895027,-0.156690031290054,0.442771881818771,0.434785962104797
10.2524003982544,0.442810386419296,0.434693038463593,0.0149932494387031,-0.156733736395836,-0.0897281691431999,0.196317508816719,0.0149489911273122,-0.156716451048851,0.0149932494387031,-0.156733736395836,0.442808002233505,0.434692025184631,0.0149489920586348,-0.156716465950012,-0.0897266417741776,0.196318626403809,-0.0897281691431999,0.196317508816719,0.0149489911273122,-0.156716451048851,0.442721784114838,0.434722185134888,0.0149047011509538,-0.156699135899544,0.0149489911273122,-0.156716451048851,-0.0897266417741776,0.196318626403809,0.0149047011509538,-0.156699135899544,0.442719280719757,0.434721171855927
10.252799987793,0.442757725715637,0.434628307819366,0.014983375556767,-0.156742855906487,-0.0896482840180397,0.196347489953041,0.0149390790611506,-0.156725585460663,0.014983375556767,-0.156742855906487,0.442755192518234,0.434627294540405,0.0149390790611506,-0.156725585460663,-0.0896466597914696,0.196348637342453,-0.0896482840180397,0.196347489953041,0.0149390790611506,-0.156725585460663,0.442669034004211,0.434657514095306,0.0148948216810822,-0.156708225607872,0.0149390790611506,-0.156725585460663,-0.0896466597914696,0.196348637342453,0.0148948216810822,-0.156708225607872,0.442666620016098,0.434656471014023
10.2531995773315,0.442705065011978,0.434563547372818,0.0149734998121858,-0.156751990318298,-0.0895682945847511,0.196377471089363,0.014929236844182,-0.156734690070152,0.0149734998121858,-0.156751990318298,0.442702561616898,0.434562593698502,0.014929236844182,-0.156734690070152,-0.0895666629076004,0.196378603577614,-0.0895682871341705,0.196377456188202,0.014929236844182,-0.156734690070152,0.442616283893585,0.434592813253403,0.0148849403485656,-0.156717330217361,0.014929236844182,-0.156734690070152,-0.0895666629076004,0.196378603577614,0.0148849422112107,-0.156717345118523,0.442613899707794,0.434591829776764
10.2536001205444,0.44265228509903,0.434498935937881,0.0149636222049594,-0.156761109828949,-0.0894882827997208,0.19640739262104,0.0149193201214075,-0.156743794679642,0.0149636240676045,-0.15676112473011,0.442649841308594,0.43449792265892,0.0149193201214075,-0.156743809580803,-0.0894866585731506,0.196408554911613,-0.0894882827997208,0.19640739262104,0.0149193201214075,-0.156743809580803,0.442563563585281,0.434528201818466,0.0148750590160489,-0.15672641992569,0.0149193201214075,-0.156743794679642,-0.0894866585731506,0.196408554911613,0.0148750590160489,-0.15672641992569,0.44256117939949,0.434527218341827
10.253999710083,0.442599534988403,0.434434324502945,0.014953744597733,-0.1567702293396,-0.0894082635641098,0.196437284350395,0.0149094387888908,-0.156752899289131,0.014953744597733,-0.1567702293396,0.442597031593323,0.434433311223984,0.0149094387888908,-0.156752899289131,-0.0894067287445068,0.196438401937485,-0.0894082635641098,0.196437284350395,0.0149094387888908,-0.156752899289131,0.442510783672333,0.43446359038353,0.0148651376366615,-0.156735494732857,0.0149094387888908,-0.156752899289131,-0.0894066318869591,0.196438446640968,0.0148651376366615,-0.156735494732857,0.442508399486542,0.434462577104568
10.2544002532959,0.442546755075455,0.434369683265686,0.0149438260123134,-0.15677934885025,-0.0893282294273376,0.196467131376266,0.014899555593729,-0.156761988997459,0.0149438260123134,-0.15677934885025,0.442544281482697,0.434368669986725,0.014899555593729,-0.156761988997459,-0.0893266946077347,0.196468234062195,-0.0893282294273376,0.196467131376266,0.014899555593729,-0.156761988997459,0.442457944154739,0.43439906835556,0.0148552153259516,-0.156744569540024,0.014899555593729,-0.156761988997459,-0.0893265977501869,0.19646829366684,0.0148552153259516,-0.156744569540024,0.442455559968948,0.434398055076599
10.2547998428345,0.442493855953217,0.434305101633072,0.0149339064955711,-0.156788483262062,-0.0892481803894043,0.196496963500977,0.0148896342143416,-0.15677110850811,0.0149339064955711,-0.156788483262062,0.442491382360458,0.434304118156433,0.0148896342143416,-0.156771093606949,-0.0892465487122536,0.196498095989227,-0.0892481803894043,0.196496963500977,0.0148896342143416,-0.156771093606949,0.442405104637146,0.434334546327591,0.0148452902212739,-0.156753644347191,0.0148896342143416,-0.156771093606949,-0.0892465487122536,0.196498095989227,0.0148452902212739,-0.156753644347191,0.442402690649033,0.434333503246307
10.2552003860474,0.442441016435623,0.434240639209747,0.0149240614846349,-0.156797587871552,-0.0891680270433426,0.196526765823364,0.0148797100409865,-0.156780183315277,0.0149240614846349,-0.156797587871552,0.442438393831253,0.434239625930786,0.0148797100409865,-0.156780183315277,-0.0891663879156113,0.196527913212776,-0.0891680270433426,0.196526765823364,0.0148797482252121,-0.156780183315277,0.442352205514908,0.434270024299622,0.014835437759757,-0.156762704253197,0.0148797100409865,-0.156780183315277,-0.0891663879156113,0.196527913212776,0.014835437759757,-0.156762704253197,0.44234973192215,0.434269070625305
10.2555999755859,0.442387998104095,0.4341761469841,0.0149141382426023,-0.156806692481041,-0.0890878587961197,0.196556553244591,0.0148698231205344,-0.156789273023605,0.0149141382426023,-0.156806692481041,0.442385524511337,0.434175103902817,0.0148698231205344,-0.156789273023605,-0.089086227118969,0.19655767083168,-0.0890878587961197,0.196556553244591,0.0148698231205344,-0.156789273023605,0.442299246788025,0.434205621480942,0.0148255107924342,-0.156771764159203,0.0148698231205344,-0.156789273023605,-0.089086227118969,0.19655767083168,0.0148255107924342,-0.156771764159203,0.442296802997589,0.434204638004303
10.2559995651245,0.44233500957489,0.434111684560776,0.0149042150005698,-0.156815782189369,-0.0890076756477356,0.196586266160011,0.014859895221889,-0.156798347830772,0.0149042150005698,-0.156815782189369,0.44233250617981,0.434110671281815,0.0148599334061146,-0.156798347830772,-0.0890060439705849,0.196587413549423,-0.0890076756477356,0.196586266160011,0.0148599334061146,-0.156798347830772,0.442246168851852,0.43414118885994,0.0148155810311437,-0.15678083896637,0.014859895221889,-0.156798347830772,-0.0890060439705849,0.196587413549423,0.0148155810311437,-0.15678083896637,0.442243814468384,0.434140235185623
10.2564001083374,0.442281991243362,0.434047251939774,0.0148942908272147,-0.156824886798859,-0.0889274775981903,0.196615949273109,0.0148500055074692,-0.156807422637939,0.0148942908272147,-0.156824886798859,0.442279517650604,0.434046298265457,0.0148500055074692,-0.156807422637939,-0.0889258533716202,0.196617111563683,-0.0889273807406425,0.196616008877754,0.0148500055074692,-0.156807422637939,0.442193210124969,0.434076875448227,0.0148056503385305,-0.156789898872375,0.0148500055074692,-0.156807422637939,-0.0889258459210396,0.196617096662521,0.0148056503385305,-0.156789898872375,0.442190676927567,0.434075891971588
10.256799697876,0.44222891330719,0.433982968330383,0.0148843992501497,-0.156833976507187,-0.0888471826910973,0.196645647287369,0.0148400757461786,-0.156816497445107,0.0148843992501497,-0.156833976507187,0.442226409912109,0.433981955051422,0.0148400757461786,-0.156816497445107,-0.0888455435633659,0.19664677977562,-0.0888471826910973,0.196645647287369,0.0148400757461786,-0.156816497445107,0.442140102386475,0.434012532234192,0.0147957177832723,-0.15679894387722,0.0148400757461786,-0.156816497445107,-0.0888455435633659,0.19664677977562,0.0147957187145948,-0.156798958778381,0.442137628793716,0.434011578559875
10.2572002410889,0.442175775766373,0.433918625116348,0.0148744704201818,-0.156843051314354,-0.0887669548392296,0.196675255894661,0.0148301441222429,-0.156825557351112,0.0148744722828269,-0.156843066215515,0.442173302173615,0.433917611837387,0.0148301441222429,-0.156825557351112,-0.0887653231620789,0.196676388382912,-0.0887669548392296,0.196675255894661,0.0148301441222429,-0.156825557351112,0.44208699464798,0.433948218822479,0.0147857842966914,-0.156807988882065,0.0148301441222429,-0.156825557351112,-0.0887653231620789,0.196676388382912,0.0147857842966914,-0.156807988882065,0.442084431648254,0.43394723534584
10.2575998306274,0.442122578620911,0.433854341506958,0.0148645406588912,-0.156852141022682,-0.0886866301298141,0.196704864501953,0.0148202124983072,-0.156834632158279,0.0148645425215364,-0.156852155923843,0.442120164632797,0.433853328227997,0.0148202124983072,-0.156834632158279,-0.0886849910020828,0.196706011891365,-0.0886866301298141,0.196704864501953,0.0148202124983072,-0.156834632158279,0.44203382730484,0.433884054422379,0.014775849878788,-0.156817033886909,0.0148202124983072,-0.156834632158279,-0.0886849910020828,0.196706011891365,0.014775849878788,-0.156817033886909,0.442031294107437,0.433883011341095
10.2580003738403,0.442069381475449,0.433790117502213,0.0148546472191811,-0.156861215829849,-0.0886061936616898,0.196734473109245,0.0148102780804038,-0.156843692064285,0.0148546472191811,-0.156861215829849,0.442066967487335,0.433789104223251,0.0148102780804038,-0.156843677163124,-0.0886046513915062,0.196735575795174,-0.0886061936616898,0.196734473109245,0.0148102780804038,-0.156843677163124,0.441980481147766,0.433819830417633,0.0147659126669168,-0.156826063990593,0.0148102780804038,-0.156843692064285,-0.0886045545339584,0.196735605597496,0.0147659126669168,-0.156826063990593,0.44197803735733,0.433818817138672
10.2583999633789,0.442016094923019,0.433725863695145,0.0148447137326002,-0.156870305538177,-0.0885258316993713,0.196764007210732,0.0148003427311778,-0.156852751970291,0.0148447137326002,-0.156870305538177,0.442013621330261,0.433724880218506,0.0148003427311778,-0.156852751970291,-0.0885242074728012,0.196765139698982,-0.0885258316993713,0.196764007210732,0.0148003427311778,-0.156852751970291,0.441927284002304,0.433755666017532,0.0147559745237231,-0.156835108995438,0.0148003408685327,-0.15685273706913,-0.0885242000222206,0.196765124797821,0.0147559745237231,-0.156835108995438,0.441924840211868,0.433754682540894
10.2587995529175,0.441962867975235,0.433661729097366,0.0148347793146968,-0.156879365444183,-0.0884453728795052,0.196793526411057,0.0147904045879841,-0.156861782073975,0.0148347793146968,-0.156879365444183,0.44196030497551,0.43366077542305,0.0147904055193067,-0.156861796975136,-0.0884438306093216,0.196794629096985,-0.0884453728795052,0.196793526411057,0.0147904045879841,-0.156861782073975,0.441873997449875,0.433691531419754,0.0147460345178843,-0.156844139099121,0.0147904045879841,-0.156861782073975,-0.0884438306093216,0.196794629096985,0.0147460345178843,-0.156844139099121,0.441871494054794,0.433690547943115
10.2592000961304,0.441909462213516,0.43359762430191,0.0148248439654708,-0.156888425350189,-0.0883649885654449,0.196822986006737,0.0147804655134678,-0.156870827078819,0.0148248439654708,-0.156888425350189,0.441907078027725,0.433596640825272,0.0147804655134678,-0.156870827078819,-0.0883633494377136,0.196824118494987,-0.0883649885654449,0.196822986006737,0.0147804655134678,-0.156870827078819,0.441820561885834,0.433627426624298,0.0147360917180777,-0.156853139400482,0.0147804655134678,-0.156870827078819,-0.0883633494377136,0.196824118494987,0.0147360917180777,-0.156853139400482,0.441818177700043,0.433626472949982
10.2595996856689,0.441856116056442,0.433533519506454,0.0148149048909545,-0.156897485256195,-0.0882844999432564,0.196852430701256,0.0147705236449838,-0.156879872083664,0.0148149048909545,-0.156897485256195,0.441853582859039,0.433532506227493,0.0147705255076289,-0.156879872083664,-0.0882828608155251,0.196853548288345,-0.0882844999432564,0.196852430701256,0.0147705255076289,-0.156879872083664,0.441767245531082,0.433563381433487,0.0147261479869485,-0.156862169504166,0.0147705236449838,-0.156879872083664,-0.0882828608155251,0.196853548288345,0.0147261498495936,-0.156862184405327,0.441764771938324,0.433562397956848
10.2600002288818,0.441802620887756,0.433469474315643,0.0148049276322126,-0.15690653026104,-0.0882039070129395,0.196881875395775,0.0147605463862419,-0.156888917088509,0.0148049276322126,-0.15690653026104,0.441800147294998,0.433468490839005,0.0147605463862419,-0.156888917088509,-0.0882022678852081,0.196883007884026,-0.0882039070129395,0.196881875395775,0.0147605463862419,-0.156888917088509,0.441713780164719,0.433499395847321,0.0147161670029163,-0.156871184706688,0.0147605463862419,-0.156888917088509,-0.0882022678852081,0.196883007884026,0.0147161670029163,-0.156871184706688,0.441711336374283,0.433498382568359
10.2603998184204,0.441749185323715,0.433405458927155,0.0147949866950512,-0.156915590167046,-0.0881233885884285,0.196911230683327,0.0147505635395646,-0.15689791738987,0.0147949876263738,-0.156915605068207,0.441746681928635,0.433404445648193,0.0147506026551127,-0.156897947192192,-0.0881217494606972,0.196912363171577,-0.0881233885884285,0.196911230683327,0.0147506017237902,-0.156897932291031,0.44166025519371,0.433435410261154,0.014706184156239,-0.15688019990921,0.0147505635395646,-0.15689791738987,-0.0881217494606972,0.196912363171577,0.014706184156239,-0.15688019990921,0.441657811403275,0.433434456586838
10.2608003616333,0.441695719957352,0.433341503143311,0.0147850075736642,-0.15692463517189,-0.0880427733063698,0.19694060087204,0.0147406188771129,-0.156906962394714,0.0147850075736642,-0.15692463517189,0.441693246364594,0.433340519666672,0.0147406188771129,-0.156906962394714,-0.0880411267280579,0.196941733360291,-0.0880427733063698,0.19694060087204,0.0147406188771129,-0.156906962394714,0.441606730222702,0.433371514081955,0.014696235768497,-0.156889200210571,0.0147406188771129,-0.156906962394714,-0.0880411267280579,0.196941733360291,0.014696235768497,-0.156889200210571,0.441604226827621,0.433370500802994
10.2611999511719,0.441642165184021,0.433277606964111,0.014775063842535,-0.156933695077896,-0.0879621356725693,0.196969926357269,0.014730672352016,-0.156915977597237,0.014775063842535,-0.156933695077896,0.44163966178894,0.43327659368515,0.014730672352016,-0.156915977597237,-0.0879605934023857,0.196971014142036,-0.0879621356725693,0.196969926357269,0.014730672352016,-0.156915977597237,0.441553145647049,0.433307617902756,0.0146862491965294,-0.156898200511932,0.014730672352016,-0.156915977597237,-0.0879605934023857,0.196971014142036,0.014686250127852,-0.156898215413094,0.441550701856613,0.433306634426117
10.2615995407104,0.441588461399078,0.433213651180267,0.0147651182487607,-0.15694272518158,-0.0878814831376076,0.196999207139015,0.0147206857800484,-0.15692500770092,0.0147651182487607,-0.15694272518158,0.44158610701561,0.433212697505951,0.0147206857800484,-0.15692500770092,-0.0878798440098763,0.197000324726105,-0.0878814831376076,0.196999207139015,0.0147207239642739,-0.15692500770092,0.441499531269073,0.433243751525879,0.0146762598305941,-0.156907215714455,0.0147206857800484,-0.15692500770092,-0.0878798440098763,0.197000324726105,0.0146762598305941,-0.156907200813293,0.441497147083282,0.43324276804924
10.2620000839233,0.44153493642807,0.433149844408035,0.0147551335394382,-0.156951755285263,-0.0878008157014847,0.197028443217278,0.0147107001394033,-0.156934022903442,0.0147551335394382,-0.156951755285263,0.44153243303299,0.433148860931396,0.0147107001394033,-0.156934022903442,-0.087799184024334,0.197029560804367,-0.0878008157014847,0.197028443217278,0.0147107001394033,-0.156934022903442,0.441445857286453,0.433179944753647,0.0146663086488843,-0.156916201114655,0.0147107001394033,-0.156934022903442,-0.087799184024334,0.197029560804367,0.0146663086488843,-0.156916201114655,0.441443502902985,0.43317899107933
10.2623996734619,0.441481232643127,0.433086007833481,0.0147451460361481,-0.156960785388947,-0.0877201408147812,0.197057649493217,0.0147007470950484,-0.156943023204803,0.0147451478987932,-0.156960800290108,0.441478788852692,0.433085083961487,0.0147007489576936,-0.156943038105965,-0.0877185016870499,0.197058752179146,-0.0877201408147812,0.197057649493217,0.0147007470950484,-0.156943023204803,0.441392183303833,0.433116167783737,0.0146563174203038,-0.156925186514854,0.0147007470950484,-0.156943023204803,-0.0877185016870499,0.197058752179146,0.0146563174203038,-0.156925186514854,0.441389739513397,0.433115184307098
10.2628002166748,0.441427439451218,0.433022260665894,0.0147351967170835,-0.15696981549263,-0.0876393690705299,0.197086855769157,0.0146907214075327,-0.156952038407326,0.0147351967170835,-0.15696981549263,0.441424965858459,0.433021277189255,0.0146907214075327,-0.156952038407326,-0.087637722492218,0.197087958455086,-0.0876393690705299,0.197086855769157,0.0146907214075327,-0.156952038407326,0.441338449716568,0.433052450418472,0.0146463243290782,-0.156934171915054,0.0146907214075327,-0.156952038407326,-0.087637722492218,0.197087958455086,0.0146463243290782,-0.156934171915054,0.441335946321487,0.433051466941833
10.2631998062134,0.441373765468597,0.432958543300629,0.0147252073511481,-0.156978830695152,-0.0875585675239563,0.197116002440453,0.0146807665005326,-0.156961053609848,0.0147252073511481,-0.156978830695152,0.44137117266655,0.43295755982399,0.0146807665005326,-0.156961023807526,-0.087556928396225,0.197117120027542,-0.0875585675239563,0.197116002440453,0.0146807665005326,-0.156961023807526,0.441284716129303,0.432988822460175,0.01463633030653,-0.156943157315254,0.0146807655692101,-0.156961038708687,-0.087556928396225,0.197117120027542,0.01463633030653,-0.156943157315254,0.4412821829319,0.432987749576569
10.2636003494263,0.44131988286972,0.432894855737686,0.0147152179852128,-0.156987860798836,-0.0874777585268021,0.197145104408264,0.0146707724779844,-0.156970024108887,0.0147152179852128,-0.156987860798836,0.441317349672318,0.432893842458725,0.0146707724779844,-0.156970024108887,-0.0874761193990707,0.197146236896515,-0.0874777585268021,0.197145104408264,0.0146707724779844,-0.156970024108887,0.441230773925781,0.432925134897232,0.0146263334900141,-0.156952112913132,0.0146707724779844,-0.156970024108887,-0.0874761193990707,0.197146236896515,0.0146263334900141,-0.156952112913132,0.441228419542313,0.432924121618271
10.2639999389648,0.441265940666199,0.432831227779388,0.0147051867097616,-0.156996846199036,-0.0873969346284866,0.197174191474915,0.0146607775241137,-0.156979009509087,0.0147051867097616,-0.156996846199036,0.44126358628273,0.432830214500427,0.0146607784554362,-0.156979024410248,-0.0873952955007553,0.197175309062004,-0.0873969346284866,0.197174191474915,0.0146607784554362,-0.156979024410248,0.441177010536194,0.432861506938934,0.0146163357421756,-0.156961098313332,0.0146607775241137,-0.156979009509087,-0.0873952955007553,0.197175309062004,0.0146163357421756,-0.156961098313332,0.441174536943436,0.432860523462296
10.2643995285034,0.441212177276611,0.432767570018768,0.0146952318027616,-0.157005876302719,-0.0873160064220428,0.197203263640404,0.0146507825702429,-0.156988009810448,0.0146952318027616,-0.157005876302719,0.441209644079208,0.43276658654213,0.0146507825702429,-0.156988009810448,-0.0873143672943115,0.197204381227493,-0.0873160064220428,0.197203263640404,0.0146507825702429,-0.156988009810448,0.441123008728027,0.432797938585281,0.0146063370630145,-0.15697006881237,0.0146507825702429,-0.156988009810448,-0.0873143672943115,0.197204381227493,0.0146063370630145,-0.15697006881237,0.441120535135269,0.43279692530632
10.2648000717163,0.441158145666122,0.432704001665115,0.0146852368488908,-0.157014861702919,-0.0872350707650185,0.197232306003571,0.0146407838910818,-0.156996980309486,0.0146852368488908,-0.157014861702919,0.441155642271042,0.432702988386154,0.0146407848224044,-0.156996995210648,-0.0872334241867065,0.19723342359066,-0.0872350707650185,0.197232306003571,0.0146407838910818,-0.156996980309486,0.44106912612915,0.432734370231628,0.0145962992683053,-0.156979024410248,0.0146407838910818,-0.156996980309486,-0.0872334167361259,0.197233408689499,0.0145962992683053,-0.156979024410248,0.441066563129425,0.432733446359634
10.2651996612549,0.441104233264923,0.432640492916107,0.0146752372384071,-0.15702386200428,-0.0871541127562523,0.197261288762093,0.0146307842805982,-0.157005965709686,0.0146752372384071,-0.15702386200428,0.441101610660553,0.432639479637146,0.0146307842805982,-0.157005965709686,-0.0871525630354881,0.197262361645699,-0.0871541127562523,0.197261288762093,0.0146307842805982,-0.157005965709686,0.441015124320984,0.432670891284943,0.0145862968638539,-0.156987980008125,0.0146307842805982,-0.157005965709686,-0.0871525630354881,0.197262361645699,0.0145862968638539,-0.156987980008125,0.441012650728226,0.432669907808304
10.2656002044678,0.441050112247467,0.432577013969421,0.0146652022376657,-0.157032862305641,-0.0870731472969055,0.197290241718292,0.0146207455545664,-0.157014936208725,0.0146652022376657,-0.157032862305641,0.441047608852386,0.43257600069046,0.0146207455545664,-0.157014936208725,-0.0870715081691742,0.197291359305382,-0.0870731472969055,0.197290241718292,0.0146207455545664,-0.157014936208725,0.440961062908173,0.432607471942902,0.01457629352808,-0.156996920704842,0.0146207455545664,-0.157014936208725,-0.0870715081691742,0.197291359305382,0.01457629352808,-0.156996920704842,0.440958559513092,0.43260645866394
10.2659997940063,0.440996080636978,0.432513564825058,0.014655239880085,-0.157041862607002,-0.0869921669363976,0.197319149971008,0.0146107422187924,-0.157023906707764,0.014655239880085,-0.157041862607002,0.44099360704422,0.432512521743774,0.0146107422187924,-0.157023906707764,-0.0869905203580856,0.197320252656937,-0.0869921669363976,0.197319149971008,0.0146107422187924,-0.157023906707764,0.440906941890717,0.432544052600861,0.0145662510767579,-0.157005876302719,0.0146107422187924,-0.157023906707764,-0.0869905203580856,0.197320252656937,0.0145662510767579,-0.157005876302719,0.440904438495636,0.432543039321899
10.2664003372192,0.440941959619522,0.432450175285339,0.0146452011540532,-0.157050833106041,-0.0869110748171806,0.197348043322563,0.0146007016301155,-0.157032862305641,0.0146452011540532,-0.157050833106041,0.440939486026764,0.432449132204056,0.0146007016301155,-0.157032862305641,-0.0869094282388687,0.197349160909653,-0.0869110748171806,0.197348043322563,0.0146007016301155,-0.157032862305641,0.44085282087326,0.432480663061142,0.0145562058314681,-0.157014831900597,0.0146007016301155,-0.157032862305641,-0.0869094282388687,0.197349160909653,0.0145562803372741,-0.157014831900597,0.440850377082825,0.432479709386826
10.2667999267578,0.440887719392776,0.432386755943298,0.0146351614966989,-0.157059818506241,-0.0868299752473831,0.197376921772957,0.0145906955003738,-0.15704183280468,0.0146351614966989,-0.157059818506241,0.440885365009308,0.432385802268982,0.0145907318219543,-0.15704183280468,-0.0868283361196518,0.197378039360046,-0.0868299752473831,0.197376921772957,0.0145907318219543,-0.15704183280468,0.440798699855804,0.432417333126068,0.0145462350919843,-0.157023757696152,0.0145906955003738,-0.15704183280468,-0.0868283286690712,0.197378024458885,0.0145462369546294,-0.157023772597313,0.440796256065369,0.432416379451752
10.2672004699707,0.44083359837532,0.432323455810547,0.0146251553669572,-0.15706878900528,-0.0867489129304886,0.197405740618706,0.014580687507987,-0.157050773501396,0.0146251553669572,-0.15706878900528,0.440831124782562,0.432322472333908,0.0145806893706322,-0.157050788402557,-0.0867473110556602,0.197406813502312,-0.0867489129304886,0.197405725717545,0.014580687507987,-0.157050773501396,0.440744459629059,0.432354062795639,0.0145361879840493,-0.157032683491707,0.014580687507987,-0.157050773501396,-0.0867473110556602,0.197406813502312,0.0145361889153719,-0.157032698392868,0.440741926431656,0.432353079319
10.2676000595093,0.440779358148575,0.432260185480118,0.0146151501685381,-0.157077759504318,-0.0866677463054657,0.197434529662132,0.0145706413313746,-0.157059729099274,0.0146151501685381,-0.157077759504318,0.440776824951172,0.432259142398834,0.0145706413313746,-0.157059729099274,-0.0866661444306374,0.197435602545738,-0.0866677463054657,0.197434529662132,0.0145706413313746,-0.157059729099274,0.440690159797668,0.43229079246521,0.0145261390134692,-0.157041624188423,0.0145706413313746,-0.157059729099274,-0.0866661444306374,0.197435602545738,0.0145261390134692,-0.157041624188423,0.44068768620491,0.432289868593216
10.2679996490479,0.440725117921829,0.432196915149689,0.0146051039919257,-0.157086730003357,-0.0865866020321846,0.197463274002075,0.0145605951547623,-0.157068684697151,0.0146051039919257,-0.157086730003357,0.440722525119781,0.43219593167305,0.0145605951547623,-0.157068684697151,-0.0865849554538727,0.197464376688004,-0.0865866020321846,0.197463274002075,0.0145605951547623,-0.157068684697151,0.440635830163956,0.432227551937103,0.014516088180244,-0.157050549983978,0.0145605951547623,-0.157068684697151,-0.0865849554538727,0.197464376688004,0.0145160900428891,-0.157050564885139,0.44063338637352,0.432226598262787
10.2684001922607,0.440670758485794,0.43213364481926,0.0145950568839908,-0.157095685601234,-0.0865053534507751,0.197492003440857,0.014550544321537,-0.157077625393867,0.0145950568839908,-0.157095685601234,0.440668165683746,0.432132720947266,0.0145505825057626,-0.157077610492706,-0.0865037068724632,0.197493135929108,-0.0865053534507751,0.197492003440857,0.0145505825057626,-0.157077610492706,0.440581530332565,0.432164400815964,0.0145060373470187,-0.157059490680695,0.014550544321537,-0.157077625393867,-0.0865037068724632,0.197493135929108,0.0145060373470187,-0.157059490680695,0.440579026937485,0.43216347694397
10.2687997817993,0.440616399049759,0.432070523500443,0.0145850470289588,-0.157104656100273,-0.0864240899682045,0.197520703077316,0.0145404934883118,-0.157086551189423,0.0145850470289588,-0.157104656100273,0.440613776445389,0.432069540023804,0.0145404934883118,-0.157086551189423,-0.0864224508404732,0.197521790862083,-0.0864240899682045,0.197520703077316,0.0145404934883118,-0.157086551189423,0.44052717089653,0.432101249694824,0.0144960209727287,-0.157068371772766,0.0145404934883118,-0.157086551189423,-0.0864224508404732,0.197521790862083,0.0144960219040513,-0.157068386673927,0.440524578094482,0.432100266218185
10.2692003250122,0.440561890602112,0.432007372379303,0.0145749980583787,-0.157113596796989,-0.0863428264856339,0.197549358010292,0.0145304789766669,-0.157095491886139,0.0145749980583787,-0.157113596796989,0.440559446811676,0.432006388902664,0.0145304789766669,-0.157095491886139,-0.0863411799073219,0.19755046069622,-0.0863428264856339,0.197549358010292,0.0145304789766669,-0.157095491886139,0.440472632646561,0.432038217782974,0.0144859664142132,-0.157077297568321,0.0145304789766669,-0.157095491886139,-0.0863411724567413,0.197550445795059,0.0144859664142132,-0.157077297568321,0.440470218658447,0.432037204504013
10.2695999145508,0.440507471561432,0.431944280862808,0.0145649453625083,-0.157122537493706,-0.0862615406513214,0.197577983140945,0.014520425349474,-0.157104417681694,0.0145649453625083,-0.157122537493706,0.440504968166351,0.431943297386169,0.014520425349474,-0.157104417681694,-0.0862598866224289,0.197579085826874,-0.0862615406513214,0.197577983140945,0.014520425349474,-0.157104417681694,0.440418303012848,0.431975126266479,0.0144758718088269,-0.157086208462715,0.0145204244181514,-0.157104402780533,-0.0862598866224289,0.197579085826874,0.0144758718088269,-0.157086208462715,0.4404157102108,0.431974172592163
10.2700004577637,0.440452873706818,0.431881219148636,0.0145548926666379,-0.157131493091583,-0.0861801877617836,0.197606563568115,0.0145104071125388,-0.157113328576088,0.0145548926666379,-0.157131493091583,0.440450400114059,0.431880265474319,0.0145104071125388,-0.157113328576088,-0.0861785486340523,0.197607666254044,-0.0861801877617836,0.197606563568115,0.0145104071125388,-0.157113328576088,0.440363705158234,0.431912153959274,0.0144658517092466,-0.157095104455948,0.0145104071125388,-0.157113328576088,-0.0861785486340523,0.197607666254044,0.0144658517092466,-0.157095104455948,0.440361171960831,0.431911140680313
10.2704000473022,0.440398335456848,0.431818276643753,0.0145448753610253,-0.1571404337883,-0.0860988348722458,0.197635114192963,0.0145003134384751,-0.157122269272804,0.0145448753610253,-0.1571404337883,0.440395832061768,0.431817293167114,0.0145003134384751,-0.157122269272804,-0.0860971808433533,0.197636216878891,-0.0860988348722458,0.197635114192963,0.0145003134384751,-0.157122269272804,0.440309196710587,0.431849181652069,0.0144557924941182,-0.157104015350342,0.0145003134384751,-0.157122269272804,-0.0860971808433533,0.197636216878891,0.0144557924941182,-0.157104015350342,0.440306633710861,0.431848227977753
10.2707996368408,0.440343767404556,0.431755244731903,0.0145347826182842,-0.157149359583855,-0.0860174223780632,0.197663649916649,0.0144902542233467,-0.157131165266037,0.0145347826182842,-0.157149359583855,0.440341264009476,0.431754320859909,0.0144902542233467,-0.157131165266037,-0.0860157683491707,0.197664752602577,-0.0860174223780632,0.197663649916649,0.0144902542233467,-0.157131165266037,0.440254539251328,0.431786209344864,0.0144456941634417,-0.157112896442413,0.0144902542233467,-0.157131165266037,-0.0860157683491707,0.197664737701416,0.0144456950947642,-0.157112911343575,0.440252065658569,0.431785225868225
10.2712001800537,0.44028913974762,0.431692332029343,0.0145247243344784,-0.15715828537941,-0.0859359875321388,0.19769212603569,0.0144801577553153,-0.157140076160431,0.014524725265801,-0.157158300280571,0.440286695957184,0.431691348552704,0.0144801577553153,-0.157140076160431,-0.0859343335032463,0.19769324362278,-0.0859359875321388,0.19769212603569,0.0144801577553153,-0.157140076160431,0.440199851989746,0.431723356246948,0.0144356312230229,-0.157121792435646,0.0144801577553153,-0.157140076160431,-0.0859343335032463,0.19769324362278,0.0144356312230229,-0.157121792435646,0.44019740819931,0.431722402572632
10.2715997695923,0.440234482288361,0.431629478931427,0.0145146660506725,-0.157167240977287,-0.0858544483780861,0.197720602154732,0.0144700948148966,-0.157148987054825,0.0145146660506725,-0.157167240977287,0.44023197889328,0.431628495454788,0.0144700948148966,-0.157148987054825,-0.0858527943491936,0.19772170484066,-0.0858544483780861,0.197720602154732,0.0144700948148966,-0.157148987054825,0.440145194530487,0.431660532951355,0.0144255682826042,-0.15713070333004,0.0144700948148966,-0.157148987054825,-0.0858527943491936,0.19772170484066,0.0144255682826042,-0.15713070333004,0.440142720937729,0.431659519672394
10.2720003128052,0.440179765224457,0.431566625833511,0.014504567719996,-0.15717613697052,-0.0857729911804199,0.197749018669128,0.0144600318744779,-0.157157897949219,0.014504567719996,-0.15717613697052,0.440177232027054,0.431565701961517,0.0144600318744779,-0.157157897949219,-0.0857713371515274,0.197750121355057,-0.0857729911804199,0.197749018669128,0.0144600318744779,-0.157157897949219,0.440090447664261,0.431597679853439,0.0144155006855726,-0.157139554619789,0.0144600318744779,-0.157157897949219,-0.0857713371515274,0.197750121355057,0.0144155006855726,-0.157139554619789,0.44008794426918,0.431596755981445
10.2723999023438,0.440124988555908,0.431503802537918,0.0144945057108998,-0.157185062766075,-0.0856914296746254,0.197777420282364,0.014449967071414,-0.15716677904129,0.0144945057108998,-0.157185062766075,0.44012251496315,0.431502848863602,0.014449967071414,-0.15716677904129,-0.0856897756457329,0.197778508067131,-0.0856914296746254,0.197777420282364,0.014449967071414,-0.15716677904129,0.440035670995712,0.431534916162491,0.0144053595140576,-0.157148435711861,0.014449967071414,-0.15716677904129,-0.0856897756457329,0.197778508067131,0.0144053595140576,-0.157148435711861,0.440033197402954,0.431533992290497
10.2728004455566,0.440070241689682,0.431441068649292,0.0144844418391585,-0.157193973660469,-0.0856098532676697,0.197805777192116,0.0144399022683501,-0.157175675034523,0.0144844418391585,-0.157193973660469,0.44006758928299,0.431440085172653,0.0144399022683501,-0.157175675034523,-0.0856081992387772,0.197806864976883,-0.0856098532676697,0.197805777192116,0.0144399022683501,-0.157175675034523,0.439980864524841,0.431472152471542,0.014395291917026,-0.157157316803932,0.0144399022683501,-0.157175675034523,-0.0856081992387772,0.197806864976883,0.014395291917026,-0.157157316803932,0.439978420734406,0.431471258401871
10.2732000350952,0.440015405416489,0.431378304958344,0.0144743761047721,-0.157202869653702,-0.0855282619595528,0.197834074497223,0.0144297601655126,-0.157184571027756,0.0144743761047721,-0.157202869653702,0.440012812614441,0.431377381086349,0.0144297601655126,-0.157184571027756,-0.0855266153812408,0.197835192084312,-0.0855282619595528,0.197834074497223,0.0144297601655126,-0.157184571027756,0.439926028251648,0.431409507989883,0.0143852196633816,-0.157166168093681,0.0144297601655126,-0.157184571027756,-0.0855266153812408,0.197835192084312,0.0143852196633816,-0.157166168093681,0.4399234354496,0.431408584117889
10.2735996246338,0.439960420131683,0.431315630674362,0.0144643103703856,-0.157211780548096,-0.0854465737938881,0.197862386703491,0.0144196888431907,-0.157193452119827,0.0144643103703856,-0.157211780548096,0.43995788693428,0.431314647197723,0.0144196897745132,-0.157193467020988,-0.085444912314415,0.197863474488258,-0.0854465737938881,0.197862386703491,0.0144196888431907,-0.157193452119827,0.43987101316452,0.431346893310547,0.0143751120194793,-0.157175049185753,0.0144196888431907,-0.157193452119827,-0.085444912314415,0.197863474488258,0.0143751120194793,-0.157175049185753,0.439868569374084,0.43134593963623
10.2740001678467,0.439905494451523,0.431253015995026,0.0144541673362255,-0.15722069144249,-0.0853649526834488,0.197890639305115,0.0144096193835139,-0.157202318310738,0.0144541673362255,-0.15722069144249,0.439903020858765,0.431252002716064,0.0144096193835139,-0.157202318310738,-0.0853632986545563,0.197891727089882,-0.0853649526834488,0.197890639305115,0.0144096193835139,-0.157202318310738,0.439816176891327,0.431284308433533,0.0143650006502867,-0.157183885574341,0.0144096193835139,-0.157202318310738,-0.0853632986545563,0.197891727089882,0.0143650006502867,-0.157183885574341,0.439813643693924,0.431283295154572
10.2743997573853,0.439850479364395,0.431190401315689,0.0144440978765488,-0.157229587435722,-0.0852832272648811,0.197918847203255,0.0143995089456439,-0.15721121430397,0.0144440978765488,-0.157229587435722,0.439848005771637,0.431189477443695,0.0143995089456439,-0.15721121430397,-0.0852815806865692,0.197919979691505,-0.0852832272648811,0.197918847203255,0.0143995089456439,-0.15721121430397,0.439761132001877,0.431221723556519,0.0143549256026745,-0.15719273686409,0.0143995089456439,-0.15721121430397,-0.0852815732359886,0.197919964790344,0.0143549256026745,-0.15719273686409,0.439758688211441,0.43122074007988
10.2748003005981,0.439795553684235,0.431127816438675,0.0144339893013239,-0.157238483428955,-0.0852014943957329,0.197947055101395,0.0143893985077739,-0.157220050692558,0.0144339893013239,-0.157238483428955,0.439793020486832,0.431126892566681,0.0143893985077739,-0.157220050692558,-0.0851998403668404,0.197948142886162,-0.0852014943957329,0.197947055101395,0.0143893985077739,-0.157220050692558,0.439706057310104,0.431159228086472,0.0143448114395142,-0.157201603055,0.0143893985077739,-0.157220050692558,-0.0851998403668404,0.197948142886162,0.0143448114395142,-0.157201603055,0.439703553915024,0.431158244609833
10.2751998901367,0.43974044919014,0.43106535077095,0.0144238788634539,-0.157247349619865,-0.085119754076004,0.197975188493729,0.0143792852759361,-0.157228946685791,0.0144238788634539,-0.157247349619865,0.439737975597382,0.431064367294312,0.0143793225288391,-0.157228946685791,-0.0851180478930473,0.197976306080818,-0.085119754076004,0.197975188493729,0.0143793225288391,-0.157228946685791,0.439651072025299,0.431096732616425,0.0143346963450313,-0.157210439443588,0.0143792852759361,-0.157228946685791,-0.0851180478930473,0.197976306080818,0.0143346963450313,-0.157210439443588,0.439648449420929,0.431095749139786
10.2756004333496,0.439685344696045,0.431002855300903,0.0144138038158417,-0.157256230711937,-0.0850379467010498,0.198003321886063,0.0143691711127758,-0.15723779797554,0.0144138038158417,-0.157256230711937,0.43968278169632,0.431001901626587,0.0143691711127758,-0.15723779797554,-0.0850362405180931,0.19800440967083,-0.0850379467010498,0.198003321886063,0.0143691711127758,-0.15723779797554,0.439595937728882,0.4310342669487,0.0143245412036777,-0.157219260931015,0.0143691711127758,-0.15723779797554,-0.0850362405180931,0.19800440967083,0.0143245430663228,-0.157219275832176,0.439593493938446,0.431033313274384
10.2760000228882,0.439630180597305,0.430940389633179,0.0144036905840039,-0.157265111804008,-0.0849561244249344,0.198031410574913,0.0143590923398733,-0.157246634364128,0.0144036915153265,-0.15726512670517,0.43962761759758,0.430939495563507,0.0143590923398733,-0.157246634364128,-0.0849544703960419,0.19803249835968,-0.0849561244249344,0.198031410574913,0.0143590923398733,-0.157246634364128,0.439540714025497,0.43097186088562,0.01431446056813,-0.157228112220764,0.0143590923398733,-0.157246634364128,-0.0849544256925583,0.198032513260841,0.01431446056813,-0.157228112220764,0.439538270235062,0.430970877408981
10.2763996124268,0.439574986696243,0.430878013372421,0.0143935745581985,-0.15727399289608,-0.0848742499947548,0.19805945456028,0.0143489371985197,-0.157255500555038,0.0143935764208436,-0.157274007797241,0.439572483301163,0.430877029895782,0.0143489371985197,-0.157255500555038,-0.0848725885152817,0.198060542345047,-0.0848742499947548,0.19805945456028,0.0143489371985197,-0.157255500555038,0.439485549926758,0.430909544229507,0.0143043035641313,-0.157236948609352,0.0143489371985197,-0.157255500555038,-0.0848725885152817,0.198060542345047,0.0143043035641313,-0.157236948609352,0.439483046531677,0.430908560752869
10.2768001556396,0.439519733190536,0.430815666913986,0.0143834594637156,-0.157282844185829,-0.0847923532128334,0.198087468743324,0.0143388174474239,-0.157264336943626,0.0143834594637156,-0.157282844185829,0.439517229795456,0.430814683437347,0.0143388565629721,-0.157264366745949,-0.0847906917333603,0.198088556528091,-0.0847923532128334,0.198087468743324,0.0143388547003269,-0.157264351844788,0.439430326223373,0.430847197771072,0.0142942192032933,-0.157245755195618,0.0143388174474239,-0.157264336943626,-0.0847906917333603,0.198088556528091,0.0142942192032933,-0.157245755195618,0.439427822828293,0.430846214294434
10.2771997451782,0.439464539289474,0.430753350257874,0.0143733415752649,-0.157291725277901,-0.0847104042768478,0.198115468025208,0.0143286986276507,-0.157273188233376,0.0143733415752649,-0.157291725277901,0.439462006092072,0.430752336978912,0.0143286986276507,-0.157273188233376,-0.0847086980938911,0.198116555809975,-0.0847104042768478,0.198115468025208,0.0143286986276507,-0.157273188233376,0.439375013113022,0.430784910917282,0.0142840594053268,-0.157254591584206,0.0143286986276507,-0.157273188233376,-0.0847086980938911,0.198116555809975,0.0142840594053268,-0.157254591584206,0.439372420310974,0.43078401684761
10.2776002883911,0.439409196376801,0.430691093206406,0.0143631845712662,-0.15730057656765,-0.0846284404397011,0.198143407702446,0.0143185388296843,-0.157282039523125,0.0143631845712662,-0.15730057656765,0.43940657377243,0.430690109729767,0.0143185388296843,-0.157282039523125,-0.084626778960228,0.198144495487213,-0.0846284404397011,0.198143407702446,0.0143185388296843,-0.157282039523125,0.43931970000267,0.430722683668137,0.0142738977447152,-0.157263398170471,0.0143185388296843,-0.157282039523125,-0.084626778960228,0.198144495487213,0.0142738977447152,-0.157263398170471,0.43931719660759,0.43072172999382
10.2779998779297,0.439353734254837,0.43062886595726,0.0143531011417508,-0.157309427857399,-0.0845464169979095,0.198171332478523,0.0143084526062012,-0.157290861010551,0.0143531011417508,-0.157309427857399,0.439351260662079,0.430627882480621,0.0143084535375237,-0.157290875911713,-0.0845447555184364,0.19817242026329,-0.0845464169979095,0.198171332478523,0.0143084526062012,-0.157290861010551,0.439264357089996,0.430660486221313,0.014263809658587,-0.157272234559059,0.0143084526062012,-0.157290861010551,-0.0845447555184364,0.19817242026329,0.014263809658587,-0.157272234559059,0.439261794090271,0.430659532546997
10.2784004211426,0.439298361539841,0.430566668510437,0.0143429413437843,-0.157318279147148,-0.0844643786549568,0.198199212551117,0.014298290014267,-0.157299697399139,0.0143429413437843,-0.157318279147148,0.439295917749405,0.430565714836121,0.014298290014267,-0.157299697399139,-0.0844627246260643,0.198200285434723,-0.0844643786549568,0.198199212551117,0.014298290014267,-0.157299697399139,0.439208924770355,0.430598318576813,0.0142536452040076,-0.157281041145325,0.014298290014267,-0.157299697399139,-0.0844627246260643,0.198200285434723,0.0142536452040076,-0.157281041145325,0.43920636177063,0.430597424507141
10.2788000106812,0.4392429292202,0.430504500865936,0.0143328169360757,-0.157327130436897,-0.0843823254108429,0.198227047920227,0.0142881255596876,-0.157308518886566,0.0143328169360757,-0.157327130436897,0.439240455627441,0.430503576993942,0.0142881637439132,-0.157308518886566,-0.0843806713819504,0.198228135704994,-0.0843823254108429,0.198227047920227,0.0142881637439132,-0.157308518886566,0.439153432846069,0.430536270141602,0.0142434788867831,-0.157289832830429,0.0142881637439132,-0.157308518886566,-0.0843806713819504,0.198228135704994,0.0142434788867831,-0.157289832830429,0.439150899648666,0.430535316467285
10.2791996002197,0.439187377691269,0.430442422628403,0.0143226543441415,-0.157335966825485,-0.0843002647161484,0.198254868388176,0.0142779983580112,-0.157317340373993,0.0143226543441415,-0.157335966825485,0.439184904098511,0.430441409349442,0.0142779983580112,-0.157317340373993,-0.0842986106872559,0.198255941271782,-0.0843002647161484,0.198254868388176,0.0142779983580112,-0.157317340373993,0.439097911119461,0.43047422170639,0.0142333460971713,-0.157298624515533,0.0142779983580112,-0.157317340373993,-0.0842985585331917,0.198255956172943,0.0142333460971713,-0.157298624515533,0.43909540772438,0.430473238229752
10.2796001434326,0.439131945371628,0.430380344390869,0.0143125271424651,-0.157344803214073,-0.0842180997133255,0.198282659053802,0.0142678692936897,-0.15732616186142,0.0143125271424651,-0.157344803214073,0.439129322767258,0.43037936091423,0.0142678692936897,-0.15732616186142,-0.0842164382338524,0.198283731937408,-0.0842180997133255,0.198282659053802,0.0142678692936897,-0.15732616186142,0.43904235959053,0.430412173271179,0.0142231779173017,-0.15730744600296,0.0142678692936897,-0.15732616186142,-0.0842164382338524,0.198283731937408,0.0142231779173017,-0.15730744600296,0.439039885997772,0.43041118979454
10.2799997329712,0.439076334238052,0.430318295955658,0.0143023617565632,-0.1573536247015,-0.084135964512825,0.198310375213623,0.0142577001824975,-0.157334968447685,0.0143023617565632,-0.1573536247015,0.439073801040649,0.430317342281342,0.0142577001824975,-0.157334968447685,-0.0841342583298683,0.198311477899551,-0.084135964512825,0.198310375213623,0.0142577001824975,-0.157334968447685,0.438986837863922,0.430350184440613,0.0142130069434643,-0.157316207885742,0.0142577001824975,-0.157334968447685,-0.0841342583298683,0.198311477899551,0.0142130069434643,-0.157316207885742,0.438984245061874,0.430349200963974
10.2804002761841,0.439020693302155,0.430256336927414,0.0142921935766935,-0.157362461090088,-0.0840537697076797,0.198338106274605,0.0142475292086601,-0.157343775033951,0.0142921935766935,-0.157362461090088,0.439018189907074,0.430255383253098,0.0142475292086601,-0.157343775033951,-0.0840520635247231,0.198339179158211,-0.0840537697076797,0.198338106274605,0.0142475292086601,-0.157343775033951,0.438931196928024,0.430288255214691,0.0142028713598847,-0.157324999570847,0.0142475292086601,-0.157343775033951,-0.0840520635247231,0.198339179158211,0.0142028713598847,-0.157324999570847,0.438928574323654,0.430287271738052
10.2807998657227,0.438965052366257,0.430194407701492,0.0142820617184043,-0.157371282577515,-0.0839715227484703,0.198365762829781,0.0142373582348228,-0.157352566719055,0.0142820244655013,-0.157371297478676,0.438962548971176,0.430193454027176,0.0142373582348228,-0.157352566719055,-0.0839698612689972,0.198366865515709,-0.0839715227484703,0.198365762829781,0.0142373582348228,-0.157352566719055,0.438875526189804,0.430226355791092,0.0141926975920796,-0.15733377635479,0.0142373582348228,-0.157352566719055,-0.0839698612689972,0.198366865515709,0.0141926975920796,-0.15733377635479,0.438872933387756,0.430225402116776
10.2812004089355,0.438909381628036,0.430132448673248,0.0142719289287925,-0.157380104064941,-0.0838893055915833,0.198393419384956,0.0142272217199206,-0.15736135840416,0.0142719289287925,-0.157380104064941,0.438906788825989,0.430131524801254,0.0142272217199206,-0.15736135840416,-0.0838876292109489,0.198394492268562,-0.0838893055915833,0.198393419384956,0.0142272217199206,-0.15736135840416,0.438819795846939,0.430164486169815,0.0141825219616294,-0.157342568039894,0.0142272217199206,-0.15736135840416,-0.0838876292109489,0.198394492268562,0.0141825219616294,-0.157342568039894,0.438817292451859,0.430163502693176
10.2815999984741,0.438853621482849,0.430070608854294,0.0142617551609874,-0.157388910651207,-0.0838069766759872,0.198421016335487,0.0142170479521155,-0.157370179891586,0.0142617551609874,-0.157388910651207,0.438850998878479,0.430069655179977,0.0142170479521155,-0.157370179891586,-0.0838053077459335,0.198422089219093,-0.0838069766759872,0.198421016335487,0.0142170479521155,-0.157370179891586,0.438764035701752,0.430102646350861,0.0141723453998566,-0.157351344823837,0.0142170479521155,-0.157370179891586,-0.0838053077459335,0.198422089219093,0.0141723453998566,-0.157351344823837,0.438761442899704,0.430101692676544
10.2819995880127,0.438797861337662,0.430008828639984,0.0142515813931823,-0.157397732138634,-0.0837246775627136,0.198448568582535,0.0142068341374397,-0.157378956675529,0.0142515813931823,-0.157397732138634,0.438795238733292,0.430007845163345,0.0142068723216653,-0.157378956675529,-0.0837229713797569,0.198449656367302,-0.0837246775627136,0.198448568582535,0.0142068723216653,-0.157378956675529,0.438708186149597,0.430040866136551,0.0141621651127934,-0.157360091805458,0.0142068341374397,-0.157378956675529,-0.0837229713797569,0.198449656367302,0.0141621651127934,-0.157360091805458,0.438705712556839,0.430039912462234
10.2824001312256,0.438741952180862,0.429947048425674,0.0142414066940546,-0.157406523823738,-0.0836422890424728,0.198476135730743,0.0141966566443443,-0.157387733459473,0.0142414066940546,-0.157406523823738,0.438739448785782,0.429946064949036,0.0141966566443443,-0.157387733459473,-0.0836406201124191,0.198477223515511,-0.0836422890424728,0.198476135730743,0.0141966566443443,-0.157387733459473,0.43865230679512,0.429979145526886,0.0141519857570529,-0.157368868589401,0.0141966566443443,-0.157387733459473,-0.0836406201124191,0.198477223515511,0.0141519857570529,-0.157368868589401,0.438649833202362,0.42997819185257
10.2827997207642,0.438686192035675,0.429885298013687,0.0142312310636044,-0.157415330410004,-0.0835599228739738,0.198503643274307,0.0141864772886038,-0.157396510243416,0.0142312310636044,-0.157415330410004,0.438683569431305,0.429884344339371,0.0141864772886038,-0.157396510243416,-0.0835582613945007,0.198504716157913,-0.0835599228739738,0.198503643274307,0.0141864772886038,-0.157396510243416,0.438596457242966,0.429917424917221,0.0141418045386672,-0.157377630472183,0.0141864772886038,-0.157396510243416,-0.0835582613945007,0.198504716157913,0.0141418045386672,-0.157377630472183,0.43859389424324,0.429916530847549
10.2832002639771,0.438630193471909,0.429823577404022,0.0142210517078638,-0.157424122095108,-0.0834775492548943,0.198531091213226,0.0141762970015407,-0.157405287027359,0.0142210517078638,-0.157424122095108,0.438627630472183,0.429822683334351,0.0141762970015407,-0.157405287027359,-0.083475835621357,0.198532178997993,-0.0834775492548943,0.198531091213226,0.0141763342544436,-0.157405287027359,0.438540488481522,0.429855793714523,0.0141315832734108,-0.157386377453804,0.0141762970015407,-0.157405287027359,-0.083475835621357,0.198532178997993,0.0141315832734108,-0.157386377453804,0.438538044691086,0.429854869842529
10.2835998535156,0.438574254512787,0.429762005805969,0.0142108723521233,-0.157432913780212,-0.0833950713276863,0.198558554053307,0.0141661148518324,-0.157414063811302,0.0142108723521233,-0.157432913780212,0.438571602106094,0.42976102232933,0.0141661148518324,-0.157414063811302,-0.0833934023976326,0.198559612035751,-0.0833950713276863,0.198558554053307,0.0141661148518324,-0.157414063811302,0.4384845495224,0.429794192314148,0.0141214365139604,-0.157395139336586,0.0141661148518324,-0.157414063811302,-0.0833934023976326,0.198559612035751,0.0141214365139604,-0.157395139336586,0.438482046127319,0.429793238639832
10.2840003967285,0.438518226146698,0.429700314998627,0.0142006538808346,-0.157441690564156,-0.0833125710487366,0.198585912585258,0.0141559299081564,-0.157422810792923,0.0142006538808346,-0.157441690564156,0.43851575255394,0.429699420928955,0.0141559299081564,-0.157422810792923,-0.0833109021186829,0.198587000370026,-0.0833125710487366,0.198585912585258,0.0141559299081564,-0.157422810792923,0.438428580760956,0.429732590913773,0.0141112124547362,-0.157403871417046,0.0141559299081564,-0.157422810792923,-0.0833109021186829,0.198587000370026,0.0141112124547362,-0.157403871417046,0.438426107168198,0.429731637239456
10.2843999862671,0.438462227582932,0.429638803005219,0.0141904335469007,-0.157450497150421,-0.0832300707697868,0.198613300919533,0.014145745895803,-0.157431602478027,0.0141904335469007,-0.157450497150421,0.438459634780884,0.42963781952858,0.014145745895803,-0.157431602478027,-0.0832284018397331,0.198614373803139,-0.0832300707697868,0.198613300919533,0.014145745895803,-0.157431602478027,0.438372552394867,0.429671078920364,0.014100986532867,-0.157412603497505,0.014145745895803,-0.157431602478027,-0.0832284018397331,0.198614373803139,0.014100986532867,-0.157412603497505,0.438370019197464,0.42967015504837
10.2847995758057,0.438406139612198,0.429577231407166,0.0141802495345473,-0.157459273934364,-0.0831474959850311,0.198640629649162,0.0141355209052563,-0.157440349459648,0.0141802495345473,-0.157459273934364,0.438403606414795,0.429576337337494,0.0141355209052563,-0.157440349459648,-0.083145834505558,0.198641687631607,-0.0831474959850311,0.198640629649162,0.0141355209052563,-0.157440349459648,0.438316345214844,0.429609596729279,0.0140907978639007,-0.157421350479126,0.0141355209052563,-0.157440349459648,-0.083145834505558,0.198641687631607,0.0140907978639007,-0.157421350479126,0.438313871622086,0.429608702659607
10.2852001190186,0.438349992036819,0.429515808820724,0.0141700627282262,-0.157468035817146,-0.0830649212002754,0.198667928576469,0.01412533223629,-0.157449081540108,0.0141700627282262,-0.157468035817146,0.438347458839417,0.429514855146408,0.0141253331676126,-0.157449096441269,-0.0830632522702217,0.198669001460075,-0.0830649212002754,0.198667928576469,0.01412533223629,-0.157449081540108,0.43826025724411,0.429548174142838,0.0140805691480637,-0.157430067658424,0.01412533223629,-0.157449081540108,-0.0830632522702217,0.198669001460075,0.0140805691480637,-0.157430067658424,0.438257694244385,0.429547250270844
10.2855997085571,0.438293784856796,0.429454326629639,0.014159875921905,-0.157476812601089,-0.0829822868108749,0.198695182800293,0.0141151044517756,-0.15745784342289,0.014159875921905,-0.157476812601089,0.438291281461716,0.429453402757645,0.0141151044517756,-0.15745784342289,-0.0829806178808212,0.198696255683899,-0.0829822868108749,0.198695182800293,0.0141151044517756,-0.15745784342289,0.438204109668732,0.429486781358719,0.0140703404322267,-0.157438814640045,0.0141151044517756,-0.15745784342289,-0.0829806178808212,0.198696255683899,0.0140703404322267,-0.157438814640045,0.438201516866684,0.429485827684402
10.28600025177,0.43823766708374,0.42939293384552,0.0141496490687132,-0.15748555958271,-0.0828996822237968,0.198722407221794,0.0141049129888415,-0.15746659040451,0.0141496490687132,-0.15748555958271,0.438235074281693,0.429392009973526,0.0141049129888415,-0.15746659040451,-0.0828979685902596,0.1987234801054,-0.0828996822237968,0.198722407221794,0.0141049129888415,-0.15746659040451,0.438147842884064,0.429425418376923,0.0140601471066475,-0.157447546720505,0.0141049129888415,-0.15746659040451,-0.0828979685902596,0.1987234801054,0.0140601471066475,-0.157447546720505,0.438145339488983,0.429424464702606
10.2863998413086,0.43818137049675,0.429331570863724,0.0141394203528762,-0.157494321465492,-0.0828169733285904,0.198749586939812,0.0140946842730045,-0.15747532248497,0.0141394222155213,-0.157494336366653,0.438178807497025,0.429330676794052,0.0140946842730045,-0.15747532248497,-0.0828153043985367,0.198750659823418,-0.0828169733285904,0.198749586939812,0.0140946842730045,-0.15747532248497,0.438091635704041,0.429364085197449,0.0140499509871006,-0.157456248998642,0.0140946842730045,-0.15747532248497,-0.0828153043985367,0.198750659823418,0.0140499509871006,-0.157456248998642,0.438089072704315,0.429363131523132
10.2868003845215,0.43812507390976,0.429270297288895,0.0141292288899422,-0.157503083348274,-0.0827342942357063,0.198776736855507,0.0140844527631998,-0.15748405456543,0.0141292288899422,-0.157503083348274,0.438122481107712,0.429269313812256,0.0140844527631998,-0.15748405456543,-0.0827326253056526,0.198777809739113,-0.0827342942357063,0.198776736855507,0.0140844527631998,-0.15748405456543,0.438035249710083,0.42930281162262,0.0140396794304252,-0.15746496617794,0.0140844527631998,-0.15748405456543,-0.0827326253056526,0.198777809739113,0.0140396794304252,-0.15746496617794,0.438032776117325,0.429301917552948
10.2871999740601,0.43806865811348,0.429209023714066,0.0141189992427826,-0.157511830329895,-0.0826515629887581,0.19880385696888,0.0140742547810078,-0.15749280154705,0.0141189992427826,-0.157511830329895,0.438066154718399,0.429208070039749,0.0140742547810078,-0.15749280154705,-0.0826498419046402,0.198804944753647,-0.0826515629887581,0.19880385696888,0.0140742547810078,-0.15749280154705,0.437978982925415,0.429241538047791,0.0140294814482331,-0.157473668456078,0.0140742547810078,-0.15749280154705,-0.0826498419046402,0.198804944753647,0.0140294814482331,-0.157473668456078,0.437976390123367,0.429240643978119
10.2875995635986,0.438012331724167,0.429147750139236,0.0141087658703327,-0.157520592212677,-0.0825687721371651,0.19883094727993,0.0140639822930098,-0.157501503825188,0.0141087658703327,-0.157520592212677,0.438009768724442,0.429146856069565,0.0140639822930098,-0.157501503825188,-0.0825670510530472,0.198832020163536,-0.0825687721371651,0.19883094727993,0.0140639822930098,-0.157501503825188,0.437922596931458,0.429180383682251,0.0140192434191704,-0.157482370734215,0.0140639822930098,-0.157501503825188,-0.0825670510530472,0.198832020163536,0.0140192434191704,-0.157482370734215,0.43792000412941,0.429179459810257
10.2880001068115,0.437955975532532,0.429086595773697,0.0140985706821084,-0.157529339194298,-0.0824860110878944,0.198857977986336,0.0140537843108177,-0.157510235905647,0.0140985706821084,-0.157529339194298,0.437953352928162,0.429085671901703,0.0140537843108177,-0.157510235905647,-0.0824842900037766,0.198859050869942,-0.0824860110878944,0.198857977986336,0.0140537843108177,-0.157510235905647,0.43786609172821,0.429119229316711,0.0140090044587851,-0.157491073012352,0.0140537843108177,-0.157510235905647,-0.0824842900037766,0.198859050869942,0.0140090063214302,-0.157491087913513,0.437863558530807,0.42911833524704
10.2883996963501,0.437899440526962,0.429025411605835,0.0140883345156908,-0.157538056373596,-0.0824031010270119,0.198885023593903,0.014043509028852,-0.157518938183784,0.0140883345156908,-0.157538056373596,0.437896877527237,0.429024547338486,0.014043509028852,-0.157518938183784,-0.0824014246463776,0.198886081576347,-0.0824031010270119,0.198885023593903,0.014043509028852,-0.157518938183784,0.437809616327286,0.429058164358139,0.0139987645670772,-0.157499760389328,0.014043509028852,-0.157518938183784,-0.0824014246463776,0.198886081576347,0.0139987645670772,-0.157499760389328,0.43780705332756,0.429057210683823
10.288800239563,0.437842935323715,0.428964346647263,0.0140780983492732,-0.157546788454056,-0.0823202654719353,0.198911994695663,0.0140333073213696,-0.157527655363083,0.0140780983492732,-0.157546788454056,0.437840342521667,0.428963422775269,0.0140333073213696,-0.157527655363083,-0.082318551838398,0.198913067579269,-0.0823202654719353,0.198911994695663,0.0140333073213696,-0.157527655363083,0.437753111124039,0.428997099399567,0.0139885228127241,-0.157508462667465,0.0140333073213696,-0.157527655363083,-0.082318551838398,0.198913067579269,0.0139885228127241,-0.157508462667465,0.437750518321991,0.428996115922928
10.2891998291016,0.437786370515823,0.42890328168869,0.0140678593888879,-0.157555520534515,-0.0822373777627945,0.198938935995102,0.0140230292454362,-0.157536372542381,0.0140678593888879,-0.157555520534515,0.437783777713776,0.428902328014374,0.0140230292454362,-0.157536372542381,-0.0822356566786766,0.198939979076385,-0.0822373777627945,0.198938935995102,0.0140230292454362,-0.157536372542381,0.437696546316147,0.428936064243317,0.0139782428741455,-0.15751713514328,0.0140230292454362,-0.157536372542381,-0.0822356566786766,0.198939979076385,0.0139782428741455,-0.15751713514328,0.437694042921066,0.428935110569
10.2896003723145,0.437729775905609,0.428842276334763,0.01405761949718,-0.157564237713814,-0.0821544304490089,0.198965817689896,0.0140128238126636,-0.15754508972168,0.01405761949718,-0.157564237713814,0.437727212905884,0.428841322660446,0.0140128238126636,-0.15754508972168,-0.0821527093648911,0.198966905474663,-0.0821544304490089,0.198965817689896,0.0140128238126636,-0.15754508972168,0.43763992190361,0.428875058889389,0.0139679973945022,-0.157525822520256,0.0140128238126636,-0.15754508972168,-0.0821527093648911,0.198966905474663,0.0139679973945022,-0.157525822520256,0.437637358903885,0.428874164819717
10.289999961853,0.437673181295395,0.428781270980835,0.0140473395586014,-0.157572954893112,-0.0820714682340622,0.198992699384689,0.0140025420114398,-0.157553762197495,0.0140473395586014,-0.157572954893112,0.437670558691025,0.428780376911163,0.0140025420114398,-0.157553762197495,-0.0820697471499443,0.198993757367134,-0.0820714682340622,0.198992699384689,0.0140025420114398,-0.157553762197495,0.437583208084106,0.428814172744751,0.0139577500522137,-0.157534494996071,0.0140025420114398,-0.157553762197495,-0.0820697471499443,0.198993757367134,0.0139577500522137,-0.157534494996071,0.437580734491348,0.428813189268112
10.2903995513916,0.437616467475891,0.428720355033875,0.0140371341258287,-0.157581672072411,-0.0819884464144707,0.199019551277161,0.0139922611415386,-0.157562464475632,0.0140371341258287,-0.157581672072411,0.437613934278488,0.428719371557236,0.013992297463119,-0.157562464475632,-0.0819867700338364,0.199020609259605,-0.0819884464144707,0.199019551277161,0.013992297463119,-0.157562464475632,0.437526643276215,0.428753286600113,0.0139474654570222,-0.157543167471886,0.013992297463119,-0.157562464475632,-0.0819867700338364,0.199020609259605,0.0139474654570222,-0.157543167471886,0.437524050474167,0.428752332925797
10.2908000946045,0.437559723854065,0.428659498691559,0.014026852324605,-0.157590389251709,-0.0819054618477821,0.199046328663826,0.0139820501208305,-0.157571136951447,0.0140268532559276,-0.15759040415287,0.437557131052017,0.428658545017242,0.0139820510521531,-0.157571151852608,-0.0819037407636642,0.199047401547432,-0.0819054618477821,0.199046328663826,0.0139820510521531,-0.157571151852608,0.437469810247421,0.428692370653152,0.0139372162520885,-0.157551839947701,0.0139820501208305,-0.157571136951447,-0.0819037407636642,0.199047401547432,0.0139372162520885,-0.157551839947701,0.437467277050018,0.428691506385803
10.2911996841431,0.437503010034561,0.428598642349243,0.0140166068449616,-0.157599076628685,-0.0818223655223846,0.19907309114933,0.0139717636629939,-0.157579839229584,0.0140166068449616,-0.157599076628685,0.437500417232513,0.428597658872604,0.0139717636629939,-0.157579839229584,-0.0818206444382668,0.199074178934097,-0.0818223655223846,0.19907309114933,0.0139717636629939,-0.157579839229584,0.43741312623024,0.428631603717804,0.0139269642531872,-0.157560482621193,0.0139717636629939,-0.157579839229584,-0.0818206444382668,0.199074178934097,0.0139269661158323,-0.157560497522354,0.43741050362587,0.428630650043488
10.291600227356,0.437446177005768,0.428537786006927,0.0140063585713506,-0.157607793807983,-0.0817392691969872,0.199099853634834,0.0139614762738347,-0.157588511705399,0.0140063585713506,-0.157607793807983,0.437443673610687,0.428536891937256,0.0139614781364799,-0.15758852660656,-0.0817375853657722,0.199100896716118,-0.0817392691969872,0.199099853634834,0.0139614781364799,-0.15758852660656,0.437356352806091,0.428570836782455,0.013916676864028,-0.157569169998169,0.0139614762738347,-0.157588511705399,-0.0817375853657722,0.199100896716118,0.013916676864028,-0.157569169998169,0.437353730201721,0.428569942712784
10.2919998168945,0.437389373779297,0.428477048873901,0.0139960721135139,-0.157616481184959,-0.0816561505198479,0.199126541614532,0.0139512261375785,-0.157597199082375,0.0139960721135139,-0.157616481184959,0.437386780977249,0.428476125001907,0.0139512261375785,-0.157597199082375,-0.081654466688633,0.199127584695816,-0.0816561505198479,0.199126541614532,0.0139512261375785,-0.157597199082375,0.437299400568008,0.428510099649429,0.0139063838869333,-0.157577812671661,0.0139512261375785,-0.157597199082375,-0.081654466688633,0.199127584695816,0.0139063857495785,-0.157577827572823,0.43729692697525,0.428509205579758
10.2924003601074,0.437332421541214,0.428416311740875,0.0139857837930322,-0.157625168561935,-0.0815729796886444,0.199153199791908,0.0139409713447094,-0.157605856657028,0.0139857837930322,-0.157625168561935,0.437329828739166,0.428415417671204,0.0139409732073545,-0.157605871558189,-0.0815712511539459,0.199154257774353,-0.0815729796886444,0.199153199791908,0.0139409732073545,-0.157605871558189,0.43724250793457,0.428449422121048,0.0138960918411613,-0.157586455345154,0.0139409713447094,-0.157605856657028,-0.0815712511539459,0.199154257774353,0.0138960918411613,-0.157586455345154,0.437240064144135,0.428448528051376
10.292799949646,0.437275469303131,0.428355664014816,0.0139754945412278,-0.157633855938911,-0.0814897790551186,0.1991798132658,0.0139306811615825,-0.157614529132843,0.0139754945412278,-0.157633855938911,0.437272906303406,0.428354769945145,0.0139306811615825,-0.157614529132843,-0.0814881026744843,0.199180856347084,-0.0814897790551186,0.1991798132658,0.0139306811615825,-0.157614529132843,0.437185615301132,0.428388804197311,0.0138857970014215,-0.157595098018646,0.0139306811615825,-0.157614529132843,-0.0814881026744843,0.199180856347084,0.0138857970014215,-0.157595098018646,0.437183022499084,0.428387880325317
10.2931995391846,0.437218576669693,0.428295016288757,0.0139652416110039,-0.157642558217049,-0.0814065858721733,0.199206411838531,0.0139203872531652,-0.157623186707497,0.0139652416110039,-0.157642558217049,0.437215954065323,0.428294122219086,0.0139203872531652,-0.157623186707497,-0.0814048573374748,0.199207469820976,-0.0814065858721733,0.199206411838531,0.0139203872531652,-0.157623186707497,0.437128573656082,0.428328186273575,0.0138755384832621,-0.1576037555933,0.0139203872531652,-0.157623186707497,-0.0814048573374748,0.199207469820976,0.0138755384832621,-0.1576037555933,0.437126010656357,0.428327322006226
10.2936000823975,0.437161535024643,0.428234428167343,0.0139549486339092,-0.157651230692863,-0.0813233703374863,0.199232950806618,0.0139100914821029,-0.15763184428215,0.0139549486339092,-0.157651230692863,0.43715900182724,0.428233474493027,0.0139100914821029,-0.15763184428215,-0.0813215970993042,0.199234008789063,-0.0813233703374863,0.199232950806618,0.0139100914821029,-0.15763184428215,0.437071561813354,0.428267657756805,0.0138652417808771,-0.157612383365631,0.0139100914821029,-0.15763184428215,-0.0813215970993042,0.199234008789063,0.0138652417808771,-0.157612383365631,0.437069028615952,0.428266763687134
10.293999671936,0.437104463577271,0.428173869848251,0.013944691978395,-0.157659903168678,-0.0812400504946709,0.199259459972382,0.0138997957110405,-0.157640486955643,0.013944691978395,-0.157659903168678,0.437101900577545,0.428173005580902,0.0138997957110405,-0.157640486955643,-0.0812383219599724,0.199260517954826,-0.0812400504946709,0.199259459972382,0.0138997957110405,-0.157640486955643,0.437014609575272,0.428207188844681,0.0138549814000726,-0.157621026039124,0.0138997957110405,-0.157640486955643,-0.0812383219599724,0.199260517954826,0.0138549814000726,-0.157621026039124,0.437011957168579,0.428206235170364
10.2944002151489,0.437047362327576,0.428113400936127,0.0139343971386552,-0.157668575644493,-0.0811567232012749,0.199285954236984,0.0138894971460104,-0.157649144530296,0.0139343971386552,-0.157668575644493,0.437044858932495,0.42811244726181,0.013889498077333,-0.157649144530296,-0.08115503937006,0.199286997318268,-0.0811567232012749,0.199285954236984,0.013889498077333,-0.157649144530296,0.43695741891861,0.428146660327911,0.0138446809723973,-0.157629638910294,0.0138894971460104,-0.157649129629135,-0.08115503937006,0.199286997318268,0.0138446809723973,-0.157629638910294,0.436954885721207,0.428145736455917
10.2947998046875,0.436990231275558,0.428052961826324,0.0139240995049477,-0.157677248120308,-0.0810733810067177,0.199312373995781,0.0138791985809803,-0.15765780210495,0.0139240995049477,-0.157677248120308,0.436987608671188,0.428052008152008,0.0138791985809803,-0.15765780210495,-0.0810716524720192,0.199313446879387,-0.0810733810067177,0.199312373995781,0.0138791985809803,-0.15765780210495,0.436900228261948,0.428086280822754,0.0138343404978514,-0.157638266682625,0.0138791985809803,-0.15765780210495,-0.0810716524720192,0.199313446879387,0.0138343404978514,-0.157638266682625,0.436897754669189,0.428085386753082
10.2952003479004,0.436933100223541,0.427992552518845,0.0139138009399176,-0.1576858907938,-0.0809900239109993,0.199338793754578,0.0138688972219825,-0.157666429877281,0.0139138009399176,-0.1576858907938,0.436930507421494,0.427991598844528,0.0138688972219825,-0.157666429877281,-0.0809882432222366,0.199339836835861,-0.0809900239109993,0.199338793754578,0.0138688972219825,-0.157666429877281,0.436843037605286,0.428025901317596,0.0138240363448858,-0.157646864652634,0.0138688972219825,-0.157666429877281,-0.0809882432222366,0.199339836835861,0.0138240363448858,-0.157646864652634,0.436840504407883,0.42802494764328
10.295599937439,0.436875849962234,0.427932143211365,0.0139035005122423,-0.157694548368454,-0.0809066146612167,0.199365168809891,0.0138585940003395,-0.157675057649612,0.0139035005122423,-0.157694548368454,0.436873257160187,0.427931219339371,0.0138585940003395,-0.157675057649612,-0.0809048861265182,0.199366211891174,-0.0809066146612167,0.199365168809891,0.0138585940003395,-0.157675057649612,0.436785906553268,0.427965581417084,0.0138137331232429,-0.157655492424965,0.0138585940003395,-0.157675057649612,-0.0809048861265182,0.199366211891174,0.0138137331232429,-0.157655492424965,0.436783313751221,0.42796465754509
10.2959995269775,0.436818599700928,0.427871823310852,0.0138932000845671,-0.157703205943108,-0.0808230936527252,0.19939149916172,0.0138482917100191,-0.157683700323105,0.0138932000845671,-0.157703205943108,0.43681600689888,0.427870899438858,0.0138482917100191,-0.157683700323105,-0.0808214098215103,0.199392557144165,-0.0808230936527252,0.19939149916172,0.0138482917100191,-0.157683700323105,0.436728566884995,0.427905261516571,0.0138033889234066,-0.157664105296135,0.0138482917100191,-0.157683700323105,-0.0808214098215103,0.199392557144165,0.0138033889234066,-0.157664105296135,0.436726003885269,0.427904367446899
10.2964000701904,0.436761289834976,0.427811533212662,0.0138828959316015,-0.1577118486166,-0.0807396546006203,0.199417814612389,0.0138379856944084,-0.157692342996597,0.0138828959316015,-0.1577118486166,0.436758637428284,0.427810609340668,0.0138379856944084,-0.157692342996597,-0.0807379707694054,0.199418857693672,-0.0807396546006203,0.199417814612389,0.0138379856944084,-0.157692342996597,0.436671257019043,0.427845001220703,0.0137930810451508,-0.157672703266144,0.0138379856944084,-0.157692342996597,-0.0807379633188248,0.199418842792511,0.0137930810451508,-0.157672703266144,0.436668694019318,0.427844136953354
10.296799659729,0.43670392036438,0.427751272916794,0.0138725535944104,-0.157720491290092,-0.0806561559438705,0.199444055557251,0.0138276787474751,-0.157700926065445,0.0138725535944104,-0.157720491290092,0.43670129776001,0.427750319242477,0.0138276796787977,-0.157700940966606,-0.0806544199585915,0.199445098638535,-0.0806561559438705,0.199444055557251,0.0138276796787977,-0.157700940966606,0.436613947153091,0.427784830331802,0.0137827713042498,-0.157681301236153,0.0138276787474751,-0.157700926065445,-0.0806544199585915,0.199445098638535,0.0137827713042498,-0.157681301236153,0.436611354351044,0.427783906459808
10.2972002029419,0.436646610498428,0.427691072225571,0.0138622103258967,-0.157729119062424,-0.0805726051330566,0.199470281600952,0.0138173336163163,-0.157709553837776,0.0138622103258967,-0.157729119062424,0.436643958091736,0.427690178155899,0.0138173699378967,-0.157709538936615,-0.0805708691477776,0.199471339583397,-0.0805726051330566,0.199470281600952,0.0138173699378967,-0.157709538936615,0.43655651807785,0.427724659442902,0.0137724615633488,-0.157689914107323,0.0138173336163163,-0.157709553837776,-0.0805708691477776,0.199471339583397,0.0137724615633488,-0.157689914107323,0.436553925275803,0.427723735570908
10.2975997924805,0.436589121818542,0.427630931138992,0.0138519033789635,-0.157737776637077,-0.0804890841245651,0.199496477842331,0.0138069847598672,-0.157718166708946,0.0138519033789635,-0.157737776637077,0.436586499214172,0.427629977464676,0.0138069847598672,-0.157718166708946,-0.0804873034358025,0.199497535824776,-0.0804890841245651,0.199496477842331,0.0138069847598672,-0.157718166708946,0.436499059200287,0.427664548158646,0.0137621117755771,-0.15769849717617,0.0138069847598672,-0.157718166708946,-0.0804873034358025,0.199497535824776,0.0137621117755771,-0.15769849717617,0.436496526002884,0.427663654088974
10.2980003356934,0.436531662940979,0.427570790052414,0.0138415945693851,-0.157746389508247,-0.0804054066538811,0.199522644281387,0.013796673156321,-0.157726764678955,0.0138415945693851,-0.157746389508247,0.436529099941254,0.42756986618042,0.013796673156321,-0.157726764678955,-0.0804037153720856,0.199523687362671,-0.0804054066538811,0.199522644281387,0.013796673156321,-0.157726764678955,0.436441570520401,0.427604496479034,0.0137517591938376,-0.157707080245018,0.013796673156321,-0.157726764678955,-0.0804037153720856,0.199523687362671,0.0137517591938376,-0.157707080245018,0.436438977718353,0.427603542804718
10.2983999252319,0.436474114656448,0.42751070857048,0.0138312829658389,-0.157755002379417,-0.0803218111395836,0.199548751115799,0.0137863606214523,-0.157735362648964,0.0138312829658389,-0.157755002379417,0.436471521854401,0.427509784698486,0.0137863606214523,-0.157735362648964,-0.0803200826048851,0.199549794197083,-0.0803218111395836,0.199548751115799,0.0137863606214523,-0.157735362648964,0.436384081840515,0.427544444799423,0.0137414457276464,-0.157715663313866,0.0137863606214523,-0.157735362648964,-0.0803200826048851,0.199549794197083,0.0137414457276464,-0.157715663313866,0.436381459236145,0.427543491125107
10.2988004684448,0.436416566371918,0.427450716495514,0.0138208949938416,-0.157763630151749,-0.0802381187677383,0.199574857950211,0.0137759707868099,-0.157743975520134,0.0138208949938416,-0.157763630151749,0.436414003372192,0.42744979262352,0.0137759717181325,-0.157743990421295,-0.0802364349365234,0.199575886130333,-0.0802381187677383,0.199574857950211,0.0137759707868099,-0.157743975520134,0.436326533555984,0.427484482526779,0.0137310903519392,-0.157724231481552,0.0137759707868099,-0.157743975520134,-0.0802364349365234,0.199575886130333,0.0137310903519392,-0.157724231481552,0.436323940753937,0.427483558654785
10.2992000579834,0.436359047889709,0.427390724420547,0.0138105824589729,-0.15777225792408,-0.0801544040441513,0.199600875377655,0.0137656563892961,-0.157752573490143,0.0138105824589729,-0.15777225792408,0.436356455087662,0.427389830350876,0.0137656563892961,-0.157752573490143,-0.0801527202129364,0.199601918458939,-0.0801544040441513,0.199600875377655,0.0137656563892961,-0.157752573490143,0.436268866062164,0.42742446064949,0.0137207340449095,-0.157732799649239,0.0137656563892961,-0.157752573490143,-0.0801527202129364,0.199601918458939,0.0137207340449095,-0.157732799649239,0.436266303062439,0.427423596382141
10.299599647522,0.436301380395889,0.427330732345581,0.0138002680614591,-0.15778087079525,-0.0800706893205643,0.199626892805099,0.0137553373351693,-0.157761141657829,0.0138002680614591,-0.15778087079525,0.436298757791519,0.427329838275909,0.0137553391978145,-0.15776115655899,-0.0800689980387688,0.199627935886383,-0.0800706893205643,0.199626892805099,0.0137553391978145,-0.15776115655899,0.436211258172989,0.427364617586136,0.0137103777378798,-0.157741382718086,0.0137553373351693,-0.157761141657829,-0.0800689980387688,0.199627935886383,0.0137104149907827,-0.157741382718086,0.436208724975586,0.427363723516464
10.3000001907349,0.436243742704391,0.427270859479904,0.0137898754328489,-0.157789468765259,-0.079986959695816,0.19965286552906,0.0137449810281396,-0.157769739627838,0.0137898754328489,-0.157789468765259,0.436241030693054,0.427269995212555,0.0137449810281396,-0.157769739627838,-0.0799852162599564,0.199653908610344,-0.079986959695816,0.19965286552906,0.0137449810281396,-0.157769739627838,0.436153531074524,0.427304714918137,0.0137000186368823,-0.157749950885773,0.0137449810281396,-0.157769739627838,-0.0799852162599564,0.199653908610344,0.0137000186368823,-0.157749950885773,0.436150908470154,0.427303791046143
10.3003997802734,0.436185956001282,0.42721101641655,0.0137795573100448,-0.157798066735268,-0.0799031183123589,0.199678793549538,0.0137346237897873,-0.157778322696686,0.0137795573100448,-0.157798066735268,0.436183363199234,0.427210092544556,0.0137346247211099,-0.157778337597847,-0.0799014195799828,0.199679836630821,-0.0799031183123589,0.199678793549538,0.0137346247211099,-0.157778337597847,0.436095833778381,0.427244961261749,0.0136896967887878,-0.157758519053459,0.0137346237897873,-0.157778322696686,-0.0799014195799828,0.199679836630821,0.0136896967887878,-0.157758519053459,0.436093211174011,0.427244007587433
10.3008003234863,0.436128258705139,0.42715123295784,0.013769238255918,-0.157806679606438,-0.0798193514347076,0.199704691767693,0.0137242637574673,-0.157786890864372,0.013769238255918,-0.157806679606438,0.436125606298447,0.427150279283524,0.0137242646887898,-0.157786905765533,-0.079817570745945,0.199705734848976,-0.0798193514347076,0.199704691767693,0.0137242646887898,-0.157786905765533,0.436038076877594,0.427185148000717,0.0136792967095971,-0.157767057418823,0.0137242637574673,-0.157786890864372,-0.079817570745945,0.199705734848976,0.0136792967095971,-0.157767057418823,0.436035394668579,0.427184253931046
10.3011999130249,0.436070382595062,0.427091419696808,0.0137588428333402,-0.157815262675285,-0.0797354429960251,0.199730575084686,0.0137139027938247,-0.157795459032059,0.0137588428333402,-0.157815262675285,0.436067789793015,0.427090525627136,0.0137139027938247,-0.157795459032059,-0.079733707010746,0.199731603264809,-0.0797354429960251,0.199730575084686,0.0137139027938247,-0.157795459032059,0.435980170965195,0.427125483751297,0.0136689329519868,-0.157775595784187,0.0137139027938247,-0.157795459032059,-0.079733707010746,0.199731603264809,0.0136689329519868,-0.157775595784187,0.435977667570114,0.427124530076981
10.3016004562378,0.436012536287308,0.427031695842743,0.0137485200539231,-0.157823845744133,-0.0796515718102455,0.199756398797035,0.0137035036459565,-0.157804042100906,0.0137484828010201,-0.157823845744133,0.436009913682938,0.427030801773071,0.0137035408988595,-0.157804042100906,-0.0796498358249664,0.199757426977158,-0.0796515718102455,0.199756398797035,0.0137035408988595,-0.157804042100906,0.435922265052795,0.42706573009491,0.0136585691943765,-0.157784149050713,0.0137035036459565,-0.157804042100906,-0.0796498358249664,0.199757426977158,0.0136585691943765,-0.157784149050713,0.435919731855392,0.427064836025238
10.3020000457764,0.435954660177231,0.426972031593323,0.0137381199747324,-0.157832428812981,-0.0795676335692406,0.199782177805901,0.0136931762099266,-0.157812595367432,0.0137381199747324,-0.157832428812981,0.435952067375183,0.426971137523651,0.0136931762099266,-0.157812595367432,-0.0795659497380257,0.199783235788345,-0.0795676335692406,0.199782177805901,0.0136931762099266,-0.157812595367432,0.435864448547363,0.427006125450134,0.013648203574121,-0.157792702317238,0.0136931762099266,-0.157812595367432,-0.0795659497380257,0.199783235788345,0.013648203574121,-0.157792702317238,0.43586191534996,0.427005231380463
10.3023996353149,0.435896724462509,0.426912397146225,0.0137277571484447,-0.157840996980667,-0.0794837400317192,0.199807912111282,0.0136827742680907,-0.157821148633957,0.0137277571484447,-0.157840996980667,0.435894131660461,0.426911503076553,0.0136827742680907,-0.157821148633957,-0.0794819593429565,0.199808970093727,-0.0794837400317192,0.199807912111282,0.0136827742680907,-0.157821148633957,0.435806542634964,0.426946520805359,0.0136378351598978,-0.157801240682602,0.0136827742680907,-0.157821148633957,-0.0794819593429565,0.199808970093727,0.0136378351598978,-0.157801240682602,0.435803979635239,0.42694565653801
10.3028001785278,0.435838788747787,0.426852822303772,0.0137173924595118,-0.157849580049515,-0.0793997347354889,0.199833661317825,0.0136724086478353,-0.157829716801643,0.0137173924595118,-0.157849580049515,0.43583619594574,0.426851898431778,0.0136724459007382,-0.157829701900482,-0.0793979987502098,0.199834674596786,-0.0793997347354889,0.199833661317825,0.0136724459007382,-0.157829701900482,0.435748517513275,0.426886945962906,0.0136274276301265,-0.157809764146805,0.0136724459007382,-0.157829701900482,-0.0793979987502098,0.199834674596786,0.0136274276301265,-0.157809764146805,0.43574595451355,0.426886081695557
10.3031997680664,0.435780704021454,0.426793217658997,0.0137069886550307,-0.157858163118362,-0.079315721988678,0.199859336018562,0.0136620393022895,-0.157838255167007,0.0137069886550307,-0.157858163118362,0.435778081417084,0.426792353391647,0.0136620393022895,-0.157838255167007,-0.0793139338493347,0.199860364198685,-0.079315721988678,0.199859336018562,0.0136620393022895,-0.157838255167007,0.435690462589264,0.42682746052742,0.0136170573532581,-0.157818287611008,0.0136620393022895,-0.157838255167007,-0.0793139338493347,0.199860364198685,0.0136170573532581,-0.157818287611008,0.435687929391861,0.426826596260071
10.3036003112793,0.435722649097443,0.426733762025833,0.0136966584250331,-0.157866701483727,-0.0792316421866417,0.199884980916977,0.0136516317725182,-0.157846793532372,0.0136966584250331,-0.157866701483727,0.435720086097717,0.426732867956161,0.0136516317725182,-0.157846793532372,-0.079229898750782,0.199886009097099,-0.0792316421866417,0.199884980916977,0.0136516317725182,-0.157846793532372,0.435632348060608,0.426768004894257,0.0136066861450672,-0.157826796174049,0.0136516317725182,-0.157846793532372,-0.079229898750782,0.199886009097099,0.0136066861450672,-0.157826796174049,0.43562987446785,0.426767110824585
10.3039999008179,0.435664564371109,0.426674276590347,0.0136862527579069,-0.157875284552574,-0.0791475549340248,0.199910566210747,0.0136412596330047,-0.157855331897736,0.0136862527579069,-0.157875284552574,0.435662031173706,0.426673412322998,0.0136412596330047,-0.157855331897736,-0.0791458636522293,0.19991160929203,-0.0791475549340248,0.199910566210747,0.0136412596330047,-0.157855331897736,0.435574293136597,0.426708579063416,0.013596273958683,-0.157835319638252,0.0136412596330047,-0.157855331897736,-0.0791458636522293,0.19991160929203,0.013596273958683,-0.157835319638252,0.435571759939194,0.426707684993744
10.3044004440308,0.435606449842453,0.426614880561829,0.013675844296813,-0.157883822917938,-0.0790634527802467,0.199936136603355,0.0136308874934912,-0.157863885164261,0.013675844296813,-0.157883822917938,0.435603857040405,0.426613956689835,0.0136308874934912,-0.157863885164261,-0.0790617167949677,0.1999371945858,-0.0790634527802467,0.199936136603355,0.0136308874934912,-0.157863885164261,0.435516178607941,0.426649183034897,0.0135858617722988,-0.157843828201294,0.0136308874934912,-0.157863885164261,-0.0790617167949677,0.1999371945858,0.0135858617722988,-0.157843828201294,0.435513645410538,0.426648318767548
10.3048000335693,0.435548305511475,0.426555544137955,0.0136654730886221,-0.157892391085625,-0.0789793431758881,0.199961677193642,0.013620475307107,-0.157872408628464,0.0136654730886221,-0.157892391085625,0.435545682907104,0.426554590463638,0.013620475307107,-0.157872408628464,-0.0789775624871254,0.199962720274925,-0.0789793431758881,0.199961677193642,0.013620475307107,-0.157872408628464,0.435457944869995,0.426589876413345,0.0135754477232695,-0.157852351665497,0.013620475307107,-0.157872408628464,-0.0789775624871254,0.199962720274925,0.0135754477232695,-0.157852351665497,0.43545538187027,0.426588982343674
10.3051996231079,0.435490041971207,0.426496207714081,0.0136550981551409,-0.157900929450989,-0.078895129263401,0.199987187981606,0.0136100621894002,-0.157880917191505,0.0136550981551409,-0.157900929450989,0.435487449169159,0.426495283842087,0.0136100621894002,-0.157880917191505,-0.0788933858275414,0.199988216161728,-0.078895129263401,0.199987187981606,0.0136100621894002,-0.157880917191505,0.435399740934372,0.426530599594116,0.0135650699958205,-0.157860845327377,0.0136100621894002,-0.157880917191505,-0.0788933858275414,0.199988216161728,0.0135650699958205,-0.157860845327377,0.435397148132324,0.426529705524445
10.3056001663208,0.435431748628616,0.426436871290207,0.0136446859687567,-0.157909467816353,-0.078810952603817,0.200012624263763,0.0135996481403708,-0.15788945555687,0.0136446859687567,-0.157909467816353,0.435429215431213,0.42643603682518,0.0135996481403708,-0.15788945555687,-0.0788092091679573,0.200013667345047,-0.078810952603817,0.200012624263763,0.0135996481403708,-0.15788945555687,0.435341477394104,0.426471352577209,0.0135546522215009,-0.157869353890419,0.0135996481403708,-0.15788945555687,-0.0788092091679573,0.200013667345047,0.0135546522215009,-0.157869353890419,0.435338914394379,0.42647048830986
10.3059997558594,0.435373514890671,0.4263776242733,0.0136342719197273,-0.157918006181717,-0.0787267163395882,0.200038060545921,0.0135892685502768,-0.15789794921875,0.0136342719197273,-0.157918006181717,0.435370892286301,0.426376730203629,0.0135892694815993,-0.157897964119911,-0.0787249207496643,0.200039088726044,-0.0787267163395882,0.200038060545921,0.0135892694815993,-0.157897964119911,0.435283124446869,0.426412135362625,0.0135442707687616,-0.157877832651138,0.0135892685502768,-0.15789794921875,-0.0787249207496643,0.200039088726044,0.0135442707687616,-0.157877832651138,0.435280591249466,0.426411241292953
10.3064002990723,0.435315191745758,0.426318496465683,0.013623857870698,-0.157926544547081,-0.078642413020134,0.200063437223434,0.0135788517072797,-0.157906487584114,0.013623857870698,-0.157926544547081,0.43531259894371,0.426317542791367,0.0135788517072797,-0.157906487584114,-0.0786407142877579,0.200064480304718,-0.078642413020134,0.200063437223434,0.0135788517072797,-0.157906487584114,0.435224831104279,0.426353007555008,0.0135338511317968,-0.157886326313019,0.0135788517072797,-0.157906487584114,-0.0786407142877579,0.200064480304718,0.0135338511317968,-0.157886326313019,0.435222238302231,0.426352083683014
10.3067998886108,0.435256719589233,0.426259338855743,0.0136134410277009,-0.157935068011284,-0.0785581097006798,0.200088798999786,0.0135684702545404,-0.157914996147156,0.0136134410277009,-0.157935068011284,0.435254096984863,0.426258444786072,0.0135684702545404,-0.157914996147156,-0.0785564109683037,0.200089827179909,-0.0785581097006798,0.200088798999786,0.0135684702545404,-0.157914996147156,0.435166418552399,0.426293879747391,0.0135234296321869,-0.157894819974899,0.0135684702545404,-0.157914996147156,-0.0785564109683037,0.200089827179909,0.0135234296321869,-0.157894819974899,0.435163795948029,0.426292985677719
10.3072004318237,0.435198366641998,0.426200211048126,0.0136030223220587,-0.157943606376648,-0.0784737840294838,0.200114116072655,0.0135580105707049,-0.157923474907875,0.0136030223220587,-0.157943606376648,0.435195803642273,0.426199287176132,0.0135580105707049,-0.157923474907875,-0.0784720852971077,0.200115114450455,-0.0784737840294838,0.200114116072655,0.0135580487549305,-0.157923489809036,0.435107976198196,0.426234811544418,0.0135130062699318,-0.157903283834457,0.0135580105707049,-0.157923474907875,-0.0784720852971077,0.200115114450455,0.0135130072012544,-0.157903298735619,0.435105353593826,0.426233917474747
10.3076000213623,0.435139894485474,0.426141142845154,0.0135926390066743,-0.15795211493969,-0.0783894509077072,0.200139373540878,0.013547589071095,-0.157931983470917,0.0135926390066743,-0.15795211493969,0.435137212276459,0.426140248775482,0.013547589071095,-0.157931983470917,-0.0783877074718475,0.200140386819839,-0.0783894509077072,0.200139373540878,0.013547589071095,-0.157931983470917,0.435049533843994,0.426175802946091,0.0135025838389993,-0.157911792397499,0.013547589071095,-0.157931983470917,-0.0783877074718475,0.200140386819839,0.0135025838389993,-0.157911792397499,0.435046970844269,0.426174908876419
10.3079996109009,0.435081303119659,0.426082134246826,0.0135822184383869,-0.157960638403893,-0.0783050581812859,0.200164616107941,0.0135371657088399,-0.157940477132797,0.0135822184383869,-0.157960638403893,0.435078769922256,0.426081240177155,0.0135372038930655,-0.157940492033958,-0.0783033147454262,0.200165644288063,-0.0783050581812859,0.200164616107941,0.0135372038930655,-0.157940492033958,0.434990972280502,0.426116794347763,0.0134921567514539,-0.157920226454735,0.0135371657088399,-0.157940477132797,-0.0783033147454262,0.200165644288063,0.0134921576827765,-0.157920241355896,0.434988439083099,0.426115959882736
10.3084001541138,0.435022801160812,0.426023155450821,0.0135717568919063,-0.157969146966934,-0.0782206580042839,0.200189813971519,0.0135267404839396,-0.157948970794678,0.0135717568919063,-0.157969146966934,0.435020208358765,0.426022291183472,0.0135267404839396,-0.157948970794678,-0.07821886241436,0.200190842151642,-0.0782206580042839,0.200189813971519,0.0135267404839396,-0.157948970794678,0.434932500123978,0.426057904958725,0.0134816914796829,-0.157928720116615,0.0135267404839396,-0.157948970794678,-0.07821886241436,0.200190842151642,0.0134816914796829,-0.157928720116615,0.43492978811264,0.426057010889053
10.3087997436523,0.434964209794998,0.425964206457138,0.0135613335296512,-0.157977655529976,-0.0781361907720566,0.200214967131615,0.0135163124650717,-0.157957449555397,0.0135613335296512,-0.157977655529976,0.434961646795273,0.425963312387466,0.0135163124650717,-0.157957449555397,-0.0781343951821327,0.200215995311737,-0.0781361907720566,0.200214967131615,0.0135163124650717,-0.157957449555397,0.434873819351196,0.425998985767365,0.0134712625294924,-0.157937183976173,0.0135163124650717,-0.157957449555397,-0.0781343951821327,0.200215995311737,0.0134712625294924,-0.157937183976173,0.434871256351471,0.42599806189537
10.3092002868652,0.434905588626862,0.4259053170681,0.0135509064421058,-0.157986149191856,-0.0780517309904099,0.200240105390549,0.0135058490559459,-0.157965928316116,0.0135509064421058,-0.157986149191856,0.434902966022491,0.425904393196106,0.0135058490559459,-0.157965928316116,-0.0780499279499054,0.20024111866951,-0.0780517309904099,0.200240105390549,0.0135058490559459,-0.157965928316116,0.43481519818306,0.425940155982971,0.0134608317166567,-0.157945618033409,0.0135058490559459,-0.157965928316116,-0.0780499279499054,0.20024111866951,0.0134608317166567,-0.157945618033409,0.434812545776367,0.425939291715622
10.3095998764038,0.43484690785408,0.425846487283707,0.0135404802858829,-0.157994657754898,-0.0779671892523766,0.200265184044838,0.0134954191744328,-0.157974407076836,0.0135404802858829,-0.157994657754898,0.434844374656677,0.425845623016357,0.0134954191744328,-0.157974407076836,-0.0779654458165169,0.20026621222496,-0.0779671892523766,0.200265184044838,0.0134954191744328,-0.157974407076836,0.434756487607956,0.4258813560009,0.0134503627195954,-0.157954081892967,0.0134954191744328,-0.157974407076836,-0.0779654458165169,0.20026621222496,0.0134503627195954,-0.157954081892967,0.434753865003586,0.425880491733551
10.3100004196167,0.434788167476654,0.425787687301636,0.0135300513356924,-0.158003136515617,-0.0778826475143433,0.200290232896805,0.0134849864989519,-0.157982856035233,0.0135300513356924,-0.158003136515617,0.434785604476929,0.425786823034286,0.0134849883615971,-0.157982870936394,-0.0778808519244194,0.200291261076927,-0.0778826475143433,0.200290232896805,0.0134849864989519,-0.157982856035233,0.434697777032852,0.425822615623474,0.0134399300441146,-0.157962545752525,0.0134849864989519,-0.157982856035233,-0.0778808519244194,0.200291261076927,0.0134399300441146,-0.157962545752525,0.434695184230804,0.425821721553802
10.3104000091553,0.434729427099228,0.425728917121887,0.0135196195915341,-0.158011615276337,-0.0777980461716652,0.200315237045288,0.0134745547547936,-0.157991334795952,0.0135196195915341,-0.158011615276337,0.434726864099503,0.42572808265686,0.0134745547547936,-0.157991334795952,-0.0777962952852249,0.20031626522541,-0.0777980461716652,0.200315237045288,0.0134745547547936,-0.157991334795952,0.434639036655426,0.425763934850693,0.0134294955059886,-0.157970979809761,0.0134745547547936,-0.157991334795952,-0.0777962952852249,0.20031626522541,0.0134294955059886,-0.157970979809761,0.434636443853378,0.425763010978699
10.3107995986938,0.434670716524124,0.425670236349106,0.013509189710021,-0.158020108938217,-0.0777134373784065,0.200340211391449,0.0134640829637647,-0.157999813556671,0.013509189710021,-0.158020108938217,0.434668004512787,0.425669372081757,0.0134640829637647,-0.157999813556671,-0.0777116864919662,0.200341239571571,-0.0777134373784065,0.200340211391449,0.0134640829637647,-0.157999813556671,0.43458017706871,0.425705224275589,0.0134190218523145,-0.157979428768158,0.0134640829637647,-0.157999813556671,-0.0777116864919662,0.200341239571571,0.0134190218523145,-0.157979428768158,0.434577584266663,0.425704300403595
10.3112001419067,0.434611856937408,0.425611615180969,0.0134986806660891,-0.158028572797775,-0.0776288062334061,0.200365155935287,0.0134536093100905,-0.158008262515068,0.0134986806660891,-0.158028572797775,0.434609234333038,0.425610721111298,0.0134536093100905,-0.158008262515068,-0.0776270106434822,0.200366154313087,-0.0776288062334061,0.200365155935287,0.0134536093100905,-0.158008262515068,0.434521377086639,0.425646662712097,0.0134085472673178,-0.157987862825394,0.0134536093100905,-0.158008262515068,-0.0776270106434822,0.200366154313087,0.0134085472673178,-0.157987862825394,0.434518784284592,0.425645709037781
10.3115997314453,0.434552997350693,0.42555296421051,0.0134882461279631,-0.158037066459656,-0.0775441229343414,0.200390070676804,0.0134431729093194,-0.158016726374626,0.0134882461279631,-0.158037066459656,0.434550315141678,0.425552070140839,0.0134431729093194,-0.158016726374626,-0.0775423720479012,0.200391069054604,-0.0775441229343414,0.200390070676804,0.0134431729093194,-0.158016726374626,0.434462457895279,0.425588041543961,0.0133980689570308,-0.157996296882629,0.0134431729093194,-0.158016726374626,-0.0775423720479012,0.200391069054604,0.0133980689570308,-0.157996296882629,0.434459865093231,0.425587177276611
10.3120002746582,0.434494018554688,0.425494432449341,0.0134778097271919,-0.158045545220375,-0.0774594321846962,0.200414925813675,0.0134326964616776,-0.158025160431862,0.0134777724742889,-0.158045545220375,0.434491455554962,0.425493508577347,0.0134326964616776,-0.158025160431862,-0.0774576365947723,0.200415924191475,-0.0774594321846962,0.200414925813675,0.0134326964616776,-0.158025160431862,0.434403538703918,0.425529509782791,0.0133876288309693,-0.158004716038704,0.0134326964616776,-0.158025160431862,-0.0774576365947723,0.200415924191475,0.0133876288309693,-0.158004716038704,0.434400916099548,0.425528585910797
10.3123998641968,0.434435069561005,0.425435870885849,0.0134673342108727,-0.158053994178772,-0.0773746743798256,0.200439721345901,0.0134222190827131,-0.158033594489098,0.0134673342108727,-0.158053994178772,0.434432417154312,0.4254350066185,0.0134222190827131,-0.158033594489098,-0.0773728787899017,0.200440764427185,-0.0773746743798256,0.200439721345901,0.0134222190827131,-0.158033594489098,0.434344589710236,0.425471007823944,0.0133771495893598,-0.15801315009594,0.0134222190827131,-0.158033594489098,-0.0773728787899017,0.200440764427185,0.0133771495893598,-0.15801315009594,0.434341937303543,0.425470173358917
10.3128004074097,0.434376060962677,0.425377398729324,0.0134568568319082,-0.158062443137169,-0.0772899091243744,0.200464531779289,0.0134117407724261,-0.158042043447495,0.0134568568319082,-0.158062443137169,0.434373438358307,0.425376534461975,0.0134117789566517,-0.158042043447495,-0.0772881135344505,0.20046554505825,-0.0772899091243744,0.200464531779289,0.0134117789566517,-0.158042043447495,0.434285551309586,0.425412565469742,0.0133666666224599,-0.158021554350853,0.0134117789566517,-0.158042043447495,-0.0772881135344505,0.20046554505825,0.0133666666224599,-0.158021554350853,0.43428298830986,0.425411701202393
10.3131999969482,0.434316992759705,0.425318986177444,0.0134463785216212,-0.158070921897888,-0.077205091714859,0.200489267706871,0.013401297852397,-0.15805047750473,0.0134463785216212,-0.158070921897888,0.434314399957657,0.42531806230545,0.013401297852397,-0.15805047750473,-0.0772033408284187,0.200490280985832,-0.077205091714859,0.200489267706871,0.013401297852397,-0.15805047750473,0.43422657251358,0.425354182720184,0.0133561855182052,-0.158029973506927,0.013401297852397,-0.15805047750473,-0.0772033408284187,0.200490280985832,0.0133561855182052,-0.158029973506927,0.434223890304565,0.425353288650513
10.3135995864868,0.434257924556732,0.425260543823242,0.0134359002113342,-0.158079370856285,-0.0771202594041824,0.200513988733292,0.0133908158168197,-0.158058911561966,0.0134359002113342,-0.158079370856285,0.434255391359329,0.425259709358215,0.0133908158168197,-0.158058911561966,-0.0771185010671616,0.200515002012253,-0.0771202594041824,0.200513988733292,0.0133908158168197,-0.158058911561966,0.434167385101318,0.425295829772949,0.0133457388728857,-0.15803836286068,0.0133908158168197,-0.158058911561966,-0.0771185010671616,0.200515002012253,0.0133457388728857,-0.15803836286068,0.434164762496948,0.425294995307922
10.3140001296997,0.434198826551437,0.425202220678329,0.0134254181757569,-0.158087819814682,-0.0770354121923447,0.200538665056229,0.0133802946656942,-0.158067345619202,0.0134254181757569,-0.158087819814682,0.43419623374939,0.42520135641098,0.0133802946656942,-0.158067345619202,-0.0770336538553238,0.20053967833519,-0.0770354121923447,0.200538665056229,0.0133802946656942,-0.158067345619202,0.434108316898346,0.425237506628036,0.0133352158591151,-0.158046796917915,0.0133802946656942,-0.158067345619202,-0.0770336538553238,0.20053967833519,0.0133352158591151,-0.158046796917915,0.434105664491653,0.42523667216301
10.3143997192383,0.434139668941498,0.425143897533417,0.0134149361401796,-0.158096253871918,-0.0769505575299263,0.200563281774521,0.0133698470890522,-0.158075749874115,0.0134149361401796,-0.158096253871918,0.43413707613945,0.42514306306839,0.0133698470890522,-0.158075749874115,-0.0769487544894218,0.200564295053482,-0.0769505575299263,0.200563281774521,0.0133698470890522,-0.158075749874115,0.434049099683762,0.425179272890091,0.0133247282356024,-0.158055186271667,0.0133698470890522,-0.158075749874115,-0.0769487544894218,0.200564295053482,0.0133247282356024,-0.158055186271667,0.434046477079391,0.425178378820419
10.3148002624512,0.434080421924591,0.425085693597794,0.0134044904261827,-0.158104702830315,-0.0768655985593796,0.200587883591652,0.0133593613281846,-0.15808416903019,0.0134044904261827,-0.158104702830315,0.434077829122543,0.4250847697258,0.0133593613281846,-0.15808416903019,-0.0768638402223587,0.200588896870613,-0.0768655985593796,0.200587883591652,0.0133593613281846,-0.15808416903019,0.433989882469177,0.42512109875679,0.0133142396807671,-0.15806357562542,0.0133593613281846,-0.15808416903019,-0.0768638402223587,0.200588896870613,0.0133142396807671,-0.15806357562542,0.433987259864807,0.425120174884796
10.3151998519897,0.434021174907684,0.425027400255203,0.0133939664810896,-0.158113121986389,-0.0767806693911552,0.200612425804138,0.0133488737046719,-0.158092573285103,0.0133939664810896,-0.158113121986389,0.434018611907959,0.425026595592499,0.0133488737046719,-0.158092573285103,-0.0767789110541344,0.200613453984261,-0.0767806693911552,0.200612425804138,0.0133488737046719,-0.158092573285103,0.433930665254593,0.425062924623489,0.0133037120103836,-0.158071964979172,0.0133488737046719,-0.158092573285103,-0.0767789110541344,0.200613453984261,0.0133037120103836,-0.158071964979172,0.433928072452545,0.425062030553818
10.3156003952026,0.4339619576931,0.424969285726547,0.0133834788575768,-0.158121541142464,-0.0766956806182861,0.200636968016624,0.0133383460342884,-0.158100992441177,0.0133834788575768,-0.158121541142464,0.433959245681763,0.42496845126152,0.0133383460342884,-0.158100977540016,-0.0766938775777817,0.200637966394424,-0.0766956806182861,0.200636968016624,0.0133383460342884,-0.158100977540016,0.433871328830719,0.425004810094833,0.0132932206615806,-0.158080339431763,0.0133383460342884,-0.158100977540016,-0.0766938775777817,0.200637966394424,0.0132932206615806,-0.158080339431763,0.433868765830994,0.425003856420517
10.3159999847412,0.433902621269226,0.424911201000214,0.0133729903027415,-0.158129975199699,-0.0766106322407722,0.200661450624466,0.0133278556168079,-0.158109396696091,0.0133729903027415,-0.158129975199699,0.433899939060211,0.424910306930542,0.0133278556168079,-0.158109396696091,-0.0766089260578156,0.200662449002266,-0.0766106322407722,0.200661450624466,0.0133278556168079,-0.158109396696091,0.433812022209167,0.424946695566177,0.0132827274501324,-0.158088728785515,0.0133278556168079,-0.158109396696091,-0.0766088292002678,0.200662449002266,0.0132827274501324,-0.158088728785515,0.43380942940712,0.424945831298828
10.3163995742798,0.43384325504303,0.424853056669235,0.0133625008165836,-0.158138409256935,-0.0765255764126778,0.200685888528824,0.0133173633366823,-0.158117786049843,0.0133625008165836,-0.158138409256935,0.433840572834015,0.424852222204208,0.0133173633366823,-0.158117786049843,-0.0765238702297211,0.200686886906624,-0.0765255764126778,0.200685888528824,0.0133173633366823,-0.158117786049843,0.433752626180649,0.424888670444489,0.0132721960544586,-0.158097103238106,0.0133173633366823,-0.158117786049843,-0.0765238702297211,0.200686886906624,0.0132721960544586,-0.158097103238106,0.433750033378601,0.424887806177139
10.3168001174927,0.433783829212189,0.424795061349869,0.0133520094677806,-0.158146798610687,-0.0764405205845833,0.200710296630859,0.0133068319410086,-0.158126175403595,0.0133520094677806,-0.158146798610687,0.433781236410141,0.42479419708252,0.0133068328723311,-0.158126190304756,-0.0764387622475624,0.200711295008659,-0.0764405205845833,0.200710296630859,0.0133068319410086,-0.158126175403595,0.43369323015213,0.424830675125122,0.0132617009803653,-0.158105477690697,0.0133068319410086,-0.158126175403595,-0.0764387622475624,0.200711295008659,0.0132617009803653,-0.158105477690697,0.43369060754776,0.424829810857773
10.3171997070313,0.433724403381348,0.424737095832825,0.0133414780721068,-0.158155217766762,-0.0763554349541664,0.200734674930573,0.0132963005453348,-0.158134564757347,0.0133414780721068,-0.158155217766762,0.433721721172333,0.424736201763153,0.0132963005453348,-0.158134564757347,-0.076353631913662,0.200735673308372,-0.0763554349541664,0.200734674930573,0.0132963005453348,-0.158134564757347,0.433633804321289,0.4247727394104,0.0132512040436268,-0.158113852143288,0.0132963005453348,-0.158134564757347,-0.076353631913662,0.200735673308372,0.0132512040436268,-0.158113852143288,0.433631092309952,0.424771845340729
10.3176002502441,0.433664888143539,0.424679189920425,0.0133309504017234,-0.158163636922836,-0.0762702599167824,0.200758993625641,0.0132858455181122,-0.158142954111099,0.0133309504017234,-0.158163636922836,0.433662265539169,0.424678295850754,0.0132858455181122,-0.158142954111099,-0.0762685015797615,0.200759992003441,-0.0762702599167824,0.200758993625641,0.0132858455181122,-0.158142954111099,0.433574259281158,0.424714803695679,0.0132406707853079,-0.158122211694717,0.0132858455181122,-0.158142954111099,-0.0762685015797615,0.200759992003441,0.0132406707853079,-0.158122211694717,0.433571577072144,0.424713969230652
10.3179998397827,0.433605313301086,0.424621254205704,0.013320492580533,-0.158172026276588,-0.0761851072311401,0.200783267617226,0.0132753094658256,-0.158151343464851,0.013320492580533,-0.158172026276588,0.433602780103683,0.424620389938354,0.0132753094658256,-0.158151343464851,-0.0761833563446999,0.200784295797348,-0.0761851072311401,0.200783267617226,0.0132753094658256,-0.158151343464851,0.433514654636383,0.424656957387924,0.0132301328703761,-0.158130571246147,0.0132753094658256,-0.158151343464851,-0.0761833563446999,0.200784295797348,0.0132301328703761,-0.158130571246147,0.43351212143898,0.424656122922897
10.3184003829956,0.433545827865601,0.424563407897949,0.0133098820224404,-0.158180430531502,-0.0760999098420143,0.200807526707649,0.0132648469880223,-0.158159703016281,0.0133098820224404,-0.158180430531502,0.433543175458908,0.424562573432922,0.0132648469880223,-0.158159703016281,-0.0760981440544128,0.200808525085449,-0.0760999098420143,0.200807526707649,0.0132648469880223,-0.158159703016281,0.433455169200897,0.424599200487137,0.0132196685299277,-0.158138915896416,0.0132648469880223,-0.158159703016281,-0.0760981440544128,0.200808525085449,0.0132196685299277,-0.158138915896416,0.433452486991882,0.424598306417465
10.3187999725342,0.43348616361618,0.424505591392517,0.0132994214072824,-0.158188804984093,-0.0760146975517273,0.20083175599575,0.013254233635962,-0.158168092370033,0.0132994214072824,-0.158188804984093,0.433483570814133,0.424504727125168,0.013254233635962,-0.158168092370033,-0.0760129317641258,0.20083275437355,-0.0760146975517273,0.20083175599575,0.013254233635962,-0.158168092370033,0.433395475149155,0.424541413784027,0.0132090523838997,-0.158147275447845,0.013254233635962,-0.158168092370033,-0.0760129317641258,0.20083275437355,0.0132090523838997,-0.158147275447845,0.433392882347107,0.424540519714355
10.3191995620728,0.433426558971405,0.424447804689407,0.0132889589294791,-0.158197209239006,-0.0759294256567955,0.200855940580368,0.0132437683641911,-0.158176437020302,0.0132889589294791,-0.158197209239006,0.43342387676239,0.42444697022438,0.0132437683641911,-0.158176437020302,-0.0759276077151299,0.200856924057007,-0.0759294256567955,0.200855940580368,0.0132437683641911,-0.158176437020302,0.433335870504379,0.424483686685562,0.0131985852494836,-0.158155605196953,0.0132437683641911,-0.158176437020302,-0.0759276077151299,0.200856924057007,0.0131985852494836,-0.158155605196953,0.433333218097687,0.424482822418213
10.3196001052856,0.43336683511734,0.424390107393265,0.0132783427834511,-0.158205568790436,-0.0758441314101219,0.200880065560341,0.0132331512868404,-0.158184811472893,0.0132783427834511,-0.158205568790436,0.433364152908325,0.424389272928238,0.013233152218163,-0.158184826374054,-0.075842373073101,0.200881063938141,-0.0758441314101219,0.200880065560341,0.013233152218163,-0.158184826374054,0.433276206254959,0.424426048994064,0.0131879663094878,-0.158163949847221,0.0132331512868404,-0.158184811472893,-0.075842373073101,0.200881063938141,0.0131879663094878,-0.158163949847221,0.433273464441299,0.424425154924393
10.3199996948242,0.433307081460953,0.424332469701767,0.0132678784430027,-0.158213973045349,-0.0757587924599648,0.200904175639153,0.0132226841524243,-0.158193156123161,0.0132678784430027,-0.158213973045349,0.43330442905426,0.424331605434418,0.0132226850837469,-0.158193171024323,-0.0757570266723633,0.200905159115791,-0.0757587924599648,0.200904175639153,0.0132226841524243,-0.158193156123161,0.433216363191605,0.424368381500244,0.0131774973124266,-0.158172279596329,0.0132226841524243,-0.158193156123161,-0.0757570266723633,0.200905159115791,0.0131774973124266,-0.158172279596329,0.433213740587234,0.424367517232895
10.3204002380371,0.433247298002243,0.424274832010269,0.0132572604343295,-0.158222332596779,-0.0756734386086464,0.200928226113319,0.013212064281106,-0.158201530575752,0.0132572604343295,-0.158222332596779,0.433244705200195,0.424273997545242,0.013212064281106,-0.158201530575752,-0.0756716728210449,0.200929209589958,-0.0756734386086464,0.200928226113319,0.013212064281106,-0.158201530575752,0.433156669139862,0.424310863018036,0.0131668755784631,-0.158180624246597,0.013212064281106,-0.158201530575752,-0.0756716728210449,0.200929209589958,0.0131668755784631,-0.158180624246597,0.433153986930847,0.424309939146042
10.3207998275757,0.433187574148178,0.424217283725739,0.0132467914372683,-0.15823070704937,-0.0755880251526833,0.200952246785164,0.0132015943527222,-0.158209845423698,0.0132467914372683,-0.15823070704937,0.433184891939163,0.424216419458389,0.0132015952840447,-0.15820986032486,-0.075586311519146,0.200953230261803,-0.0755880251526833,0.200952246785164,0.0132015943527222,-0.158209845423698,0.433096766471863,0.424253314733505,0.013156401924789,-0.158188939094543,0.0132015943527222,-0.158209845423698,-0.075586311519146,0.200953230261803,0.013156401924789,-0.158188939094543,0.433094203472137,0.424252450466156
10.3212003707886,0.433127641677856,0.42415976524353,0.0132361715659499,-0.158239081501961,-0.0755026489496231,0.200976237654686,0.0131909707561135,-0.158218204975128,0.0132361724972725,-0.158239096403122,0.433125048875809,0.424158900976181,0.0131909726187587,-0.158218219876289,-0.0755008459091187,0.200977221131325,-0.0755026489496231,0.200976237654686,0.0131909726187587,-0.158218219876289,0.433037012815475,0.424195826053619,0.0131457773968577,-0.15819725394249,0.0131909707561135,-0.158218204975128,-0.0755008459091187,0.200977221131325,0.0131457773968577,-0.15819725394249,0.433034271001816,0.424194931983948
10.3215999603271,0.433067739009857,0.424102246761322,0.0132257007062435,-0.158247455954552,-0.0754172205924988,0.201000183820724,0.0131804971024394,-0.158226549625397,0.0132257007062435,-0.158247455954552,0.433065176010132,0.424101412296295,0.0131804971024394,-0.158226549625397,-0.0754154101014137,0.201001182198524,-0.0754172205924988,0.201000183820724,0.0131804971024394,-0.158226549625397,0.432977020740509,0.424138367176056,0.013135302811861,-0.158205568790436,0.0131804971024394,-0.158226549625397,-0.0754154101014137,0.201001182198524,0.013135302811861,-0.158205568790436,0.432974427938461,0.424137532711029
10.3219995498657,0.433007836341858,0.424044847488403,0.0132150761783123,-0.158255785703659,-0.0753317251801491,0.201024085283279,0.0131698725745082,-0.158234879374504,0.0132150761783123,-0.158255785703659,0.43300524353981,0.424043983221054,0.0131698725745082,-0.158234879374504,-0.075329914689064,0.201025068759918,-0.0753317251801491,0.201024085283279,0.0131698725745082,-0.158234879374504,0.432917088270187,0.424080967903137,0.0131246745586395,-0.158213898539543,0.0131698725745082,-0.158234879374504,-0.075329914689064,0.201025068759918,0.0131246745586395,-0.158213898539543,0.432914555072784,0.424080103635788
10.3224000930786,0.432947903871536,0.423987418413162,0.0132046034559608,-0.158264145255089,-0.0752461701631546,0.201047956943512,0.0131593951955438,-0.158243209123611,0.0132046034559608,-0.158264145255089,0.432945221662521,0.423986554145813,0.0131593951955438,-0.158243209123611,-0.0752444043755531,0.20104892551899,-0.0752461701631546,0.201047956943512,0.0131593951955438,-0.158243209123611,0.432857125997543,0.424023628234863,0.013114120811224,-0.158222213387489,0.0131593951955438,-0.158243209123611,-0.0752444043755531,0.20104892551899,0.013114120811224,-0.158222213387489,0.432854384183884,0.424022734165192
10.3227996826172,0.432887852191925,0.423930078744888,0.0131939761340618,-0.158272475004196,-0.0751606598496437,0.201071798801422,0.0131487669423223,-0.158251523971558,0.0131939761340618,-0.158272475004196,0.432885229587555,0.423929244279861,0.0131487669423223,-0.158251523971558,-0.0751588493585587,0.201072782278061,-0.0751606598496437,0.201071798801422,0.0131487669423223,-0.158251523971558,0.432797133922577,0.423966318368912,0.0131035652011633,-0.158230513334274,0.0131487669423223,-0.158251523971558,-0.0751588493585587,0.201072782278061,0.0131035652011633,-0.158230513334274,0.432794451713562,0.423965483903885
10.3232002258301,0.432827800512314,0.423872798681259,0.0131833488121629,-0.158280834555626,-0.075075089931488,0.201095581054688,0.0131382131949067,-0.158259853720665,0.0131833488121629,-0.158280834555626,0.432825118303299,0.42387193441391,0.0131382131949067,-0.158259853720665,-0.0750733241438866,0.201096549630165,-0.075075089931488,0.201095581054688,0.0131382131949067,-0.158259853720665,0.432737082242966,0.423909038305283,0.01309300865978,-0.158238798379898,0.0131382131949067,-0.158259853720665,-0.0750733241438866,0.201096549630165,0.01309300865978,-0.158238798379898,0.432734340429306,0.423908203840256
10.3235998153687,0.43276771903038,0.423815578222275,0.0131728695705533,-0.158289164304733,-0.0749895051121712,0.201119318604469,0.0131276566535234,-0.15826815366745,0.0131728695705533,-0.158289164304733,0.432765007019043,0.423814684152603,0.0131276566535234,-0.15826815366745,-0.0749876946210861,0.201120302081108,-0.0749895051121712,0.201119318604469,0.0131276566535234,-0.15826815366745,0.43267697095871,0.423851847648621,0.0130823748186231,-0.158247083425522,0.0131276566535234,-0.15826815366745,-0.0749876946210861,0.201120302081108,0.0130823748186231,-0.158247083425522,0.432674288749695,0.423851013183594
10.3240003585815,0.432707607746124,0.42375835776329,0.0131622385233641,-0.158297494053841,-0.0749038681387901,0.20114304125309,0.013117098249495,-0.158276468515396,0.0131622385233641,-0.158297494053841,0.432704925537109,0.423757493495941,0.0131170991808176,-0.158276483416557,-0.0749020501971245,0.201144009828568,-0.0749038681387901,0.20114304125309,0.0131170991808176,-0.158276483416557,0.432616800069809,0.423794686794281,0.0130718909204006,-0.158255383372307,0.013117098249495,-0.158276468515396,-0.0749020501971245,0.201144009828568,0.0130718909204006,-0.158255383372307,0.432614117860794,0.423793852329254
10.3243999481201,0.432647407054901,0.423701196908951,0.0131516838446259,-0.158305838704109,-0.0748182162642479,0.201166704297066,0.0131064644083381,-0.158284783363342,0.0131516838446259,-0.158305838704109,0.432644695043564,0.423700302839279,0.0131064644083381,-0.158284783363342,-0.0748163983225822,0.201167687773705,-0.0748182162642479,0.201166704297066,0.0131064644083381,-0.158284783363342,0.432556629180908,0.423737585544586,0.0130612542852759,-0.158263668417931,0.0131064644083381,-0.158284783363342,-0.0748163983225822,0.201167687773705,0.0130612542852759,-0.158263668417931,0.432553946971893,0.423736691474915
10.3247995376587,0.432587116956711,0.423644065856934,0.013141124509275,-0.158314153552055,-0.0747324973344803,0.20119035243988,0.013095828704536,-0.158293098211288,0.013141124509275,-0.158314153552055,0.432584524154663,0.423643201589584,0.013095828704536,-0.158293098211288,-0.0747307389974594,0.201191321015358,-0.0747324973344803,0.20119035243988,0.013095828704536,-0.158293098211288,0.432496339082718,0.423680514097214,0.0130506167188287,-0.158271938562393,0.013095828704536,-0.158293098211288,-0.0747307389974594,0.201191321015358,0.0130506167188287,-0.158271938562393,0.432493656873703,0.423679649829865
10.3252000808716,0.432526916265488,0.423587024211884,0.013130565173924,-0.158322468400002,-0.0746467784047127,0.201213926076889,0.0130853429436684,-0.158301383256912,0.013130565173924,-0.158322468400002,0.432524234056473,0.423586189746857,0.0130853429436684,-0.158301383256912,-0.0746449679136276,0.201214924454689,-0.0746467784047127,0.201213926076889,0.0130853429436684,-0.158301383256912,0.43243607878685,0.423623442649841,0.0130400527268648,-0.158280208706856,0.0130853429436684,-0.158301383256912,-0.0746449679136276,0.201214924454689,0.0130400527268648,-0.158280208706856,0.432433485984802,0.423622637987137
10.3255996704102,0.432466626167297,0.423529982566833,0.0131199285387993,-0.15833081305027,-0.0745610520243645,0.201237484812737,0.013074703514576,-0.158309668302536,0.0131199285387993,-0.15833081305027,0.432463943958282,0.423529148101807,0.0130747053772211,-0.158309683203697,-0.0745592787861824,0.201238468289375,-0.0745610520243645,0.201237484812737,0.013074703514576,-0.158309668302536,0.432375818490982,0.423566490411758,0.0130294123664498,-0.15828849375248,0.013074703514576,-0.158309668302536,-0.0745592787861824,0.201238468289375,0.0130294123664498,-0.15828849375248,0.432373136281967,0.423565655946732
10.326000213623,0.432406336069107,0.423472970724106,0.0131093664094806,-0.158339098095894,-0.0744752585887909,0.201261013746262,0.0130641395226121,-0.158317968249321,0.0131093664094806,-0.158339098095894,0.432403653860092,0.423472166061401,0.0130641395226121,-0.158317968249321,-0.0744734928011894,0.201261982321739,-0.0744752585887909,0.201261013746262,0.0130641395226121,-0.158317968249321,0.432315438985825,0.423509567975998,0.0130188446491957,-0.158296748995781,0.0130641395226121,-0.158317968249321,-0.0744734928011894,0.201261982321739,0.0130188446491957,-0.158296748995781,0.43231275677681,0.423508703708649
10.3263998031616,0.43234595656395,0.42341610789299,0.013098725117743,-0.15834741294384,-0.0743894129991531,0.201284497976303,0.0130534982308745,-0.158326253294945,0.013098725117743,-0.15834741294384,0.432343274354935,0.423415243625641,0.0130534982308745,-0.158326253294945,-0.0743876472115517,0.201285466551781,-0.0743894129991531,0.201284497976303,0.0130534982308745,-0.158326253294945,0.432255059480667,0.42345267534256,0.0130082778632641,-0.158305019140244,0.0130534982308745,-0.158326253294945,-0.0743876472115517,0.201285466551781,0.0130082778632641,-0.158305019140244,0.432252407073975,0.423451840877533
10.3268003463745,0.432285487651825,0.423359215259552,0.0130882365629077,-0.158355697989464,-0.0743036046624184,0.2013079226017,0.0130429305136204,-0.158334523439407,0.0130882365629077,-0.158355697989464,0.432282865047455,0.42335832118988,0.0130429305136204,-0.158334523439407,-0.0743017867207527,0.201308906078339,-0.0743036046624184,0.2013079226017,0.0130429305136204,-0.158334523439407,0.432194650173187,0.423395901918411,0.0129977073520422,-0.158313274383545,0.0130429305136204,-0.158334523439407,-0.0743017867207527,0.201308906078339,0.0129977073520422,-0.158313274383545,0.432192027568817,0.423394978046417
10.3271999359131,0.432224988937378,0.423302352428436,0.0130775924772024,-0.158363997936249,-0.0742177367210388,0.201331332325935,0.0130322854965925,-0.15834279358387,0.0130775924772024,-0.158363997936249,0.43222239613533,0.423301517963409,0.0130322854965925,-0.15834279358387,-0.0742159709334373,0.201332300901413,-0.0742176845669746,0.201331332325935,0.0130322854965925,-0.15834279358387,0.43213415145874,0.423339068889618,0.0129870595410466,-0.158321514725685,0.0130322854965925,-0.15834279358387,-0.0742159187793732,0.201332315802574,0.0129870595410466,-0.158321514725685,0.432131499052048,0.423338204622269
10.3275995254517,0.432164520025253,0.423245579004288,0.0130670256912708,-0.158372282981873,-0.0741318538784981,0.201354682445526,0.0130217159166932,-0.158351063728333,0.0130670256912708,-0.158372282981873,0.432161897420883,0.423244714736938,0.0130217159166932,-0.158351063728333,-0.074130043387413,0.201355665922165,-0.0741318538784981,0.201354682445526,0.0130217159166932,-0.158351063728333,0.432073622941971,0.423282295465469,0.0129764890298247,-0.158329769968987,0.0130217159166932,-0.158351063728333,-0.074130043387413,0.201355665922165,0.0129764890298247,-0.158329769968987,0.432070881128311,0.423281490802765
10.3280000686646,0.432104051113129,0.423188865184784,0.013056380674243,-0.158380568027496,-0.0740459114313126,0.201378002762794,0.0130110671743751,-0.158359318971634,0.013056380674243,-0.158380568027496,0.432101368904114,0.423188000917435,0.0130110671743751,-0.158359318971634,-0.0740441009402275,0.201378971338272,-0.0740459114313126,0.201378002762794,0.0130110671743751,-0.158359318971634,0.432013064622879,0.423225611448288,0.012965839356184,-0.158338025212288,0.0130110671743751,-0.158359318971634,-0.0740441009402275,0.201378971338272,0.012965839356184,-0.158338025212288,0.432010471820831,0.423224747180939
10.3283996582031,0.432043373584747,0.423132181167603,0.0130457328632474,-0.15838885307312,-0.0739599242806435,0.201401278376579,0.0130004184320569,-0.158367604017258,0.0130457328632474,-0.15838885307312,0.432040750980377,0.423131287097931,0.0130004184320569,-0.158367604017258,-0.0739581063389778,0.201402276754379,-0.0739599242806435,0.201401278376579,0.0130004184320569,-0.158367604017258,0.431952506303787,0.423168957233429,0.0129552632570267,-0.158346250653267,0.0130004184320569,-0.158367604017258,-0.0739581063389778,0.201402276754379,0.0129552632570267,-0.158346250653267,0.431949853897095,0.423168152570724
10.328800201416,0.431982755661011,0.423075497150421,0.0130351614207029,-0.158397138118744,-0.0738739147782326,0.201424524188042,0.0129898441955447,-0.158375859260559,0.0130351614207029,-0.158397138118744,0.431980103254318,0.423074662685394,0.0129898441955447,-0.158375859260559,-0.0738721042871475,0.20142550766468,-0.0738739147782326,0.201424524188042,0.0129898441955447,-0.158375859260559,0.431891858577728,0.423112332820892,0.0129446107894182,-0.158354476094246,0.0129898441955447,-0.158375859260559,-0.0738721042871475,0.20142550766468,0.0129446107894182,-0.158354476094246,0.431889146566391,0.423111498355865
10.3291997909546,0.431922137737274,0.423018902540207,0.0130245117470622,-0.158405423164368,-0.0737878531217575,0.201447725296021,0.0129791935905814,-0.15838411450386,0.0130245117470622,-0.158405423164368,0.431919425725937,0.42301806807518,0.0129791935905814,-0.15838411450386,-0.0737860798835754,0.201448708772659,-0.0737878531217575,0.201447725296021,0.0129791935905814,-0.15838411450386,0.431831210851669,0.423055797815323,0.0129338819533587,-0.158362746238708,0.0129791935905814,-0.15838411450386,-0.0737860798835754,0.201448708772659,0.0129338819533587,-0.158362746238708,0.431828558444977,0.423054933547974
10.3296003341675,0.43186143040657,0.422962307929993,0.0130139356479049,-0.158413678407669,-0.0737018808722496,0.201470896601677,0.0129686156287789,-0.158392339944839,0.0130139356479049,-0.158413678407669,0.4318588078022,0.422961533069611,0.0129686156287789,-0.158392339944839,-0.0737000480294228,0.201471865177155,-0.0737018808722496,0.201470896601677,0.0129686156287789,-0.158392339944839,0.431770443916321,0.422999292612076,0.0129233030602336,-0.158370956778526,0.0129686156287789,-0.158392339944839,-0.0737000480294228,0.201471865177155,0.0129233030602336,-0.158370956778526,0.431767880916595,0.422998398542404
10.3299999237061,0.431800693273544,0.422905832529068,0.0130032077431679,-0.158421948552132,-0.073615737259388,0.20149402320385,0.0129579603672028,-0.158400595188141,0.0130032077431679,-0.158421948552132,0.431798100471497,0.422904998064041,0.0129579603672028,-0.158400595188141,-0.0736139193177223,0.201495006680489,-0.073615737259388,0.20149402320385,0.0129579603672028,-0.158400595188141,0.431709706783295,0.422942787408829,0.0129126450046897,-0.158379152417183,0.0129579603672028,-0.158400595188141,-0.0736139193177223,0.201495006680489,0.0129126450046897,-0.158379152417183,0.43170702457428,0.422941952943802
10.3304004669189,0.431739956140518,0.422849386930466,0.0129926297813654,-0.158430203795433,-0.0735296010971069,0.201517105102539,0.0129473805427551,-0.15840882062912,0.0129926297813654,-0.158430203795433,0.431737273931503,0.422848522663116,0.0129473805427551,-0.15840882062912,-0.0735278204083443,0.201518073678017,-0.0735296010971069,0.201517105102539,0.0129473805427551,-0.15840882062912,0.431648969650269,0.422886401414871,0.0129020623862743,-0.158387377858162,0.0129473805427551,-0.15840882062912,-0.0735278204083443,0.201518073678017,0.0129020623862743,-0.158387377858162,0.431646287441254,0.422885537147522
10.3308000564575,0.43167918920517,0.422792941331863,0.0129819735884666,-0.158438444137573,-0.0734434947371483,0.201540157198906,0.0129366470500827,-0.15841706097126,0.0129819735884666,-0.158438444137573,0.431676417589188,0.422792136669159,0.0129367243498564,-0.158417075872421,-0.0734416767954826,0.201541125774384,-0.0734434947371483,0.201540157198906,0.0129367243498564,-0.158417075872421,0.431588172912598,0.422829985618591,0.0128914033994079,-0.15839558839798,0.0129366470500827,-0.15841706097126,-0.0734416767954826,0.201541125774384,0.0128914033994079,-0.15839558839798,0.431585520505905,0.422829210758209
10.3311996459961,0.431618213653564,0.422736585140228,0.0129713173955679,-0.158446714282036,-0.0733572840690613,0.201563164591789,0.0129259880632162,-0.1584253013134,0.0129713173955679,-0.158446714282036,0.431615561246872,0.422735780477524,0.0129259880632162,-0.1584253013134,-0.0733555108308792,0.201564118266106,-0.0733572840690613,0.201563164591789,0.0129259880632162,-0.1584253013134,0.431527227163315,0.422773689031601,0.0128807425498962,-0.158403784036636,0.0129259880632162,-0.1584253013134,-0.0733555108308792,0.201564118266106,0.0128807425498962,-0.158403784036636,0.431524574756622,0.422772884368896
10.331600189209,0.431557387113571,0.422680258750916,0.01296073384583,-0.158454939723015,-0.0732710584998131,0.201586112380028,0.0129154045134783,-0.158433511853218,0.01296073384583,-0.158454939723015,0.431554704904556,0.422679424285889,0.0129154045134783,-0.158433511853218,-0.073269285261631,0.201587080955505,-0.0732710584998131,0.201586112380028,0.0129154045134783,-0.158433511853218,0.431466341018677,0.422717422246933,0.012870080769062,-0.158411994576454,0.0129154045134783,-0.158433511853218,-0.073269285261631,0.201587080955505,0.012870080769062,-0.158411994576454,0.431463718414307,0.422716587781906
10.3319997787476,0.431496411561966,0.422623962163925,0.0129500748589635,-0.158463180065155,-0.0731848329305649,0.201609045267105,0.0129047408699989,-0.158441737294197,0.0129500748589635,-0.158463180065155,0.431493788957596,0.422623187303543,0.0129047427326441,-0.158441752195358,-0.0731830522418022,0.201609998941422,-0.0731848329305649,0.201609045267105,0.0129047427326441,-0.158441752195358,0.431405395269394,0.42266121506691,0.0128594161942601,-0.158420190215111,0.0129047408699989,-0.158441737294197,-0.0731830522418022,0.201609998941422,0.0128594161942601,-0.158420190215111,0.431402742862701,0.422660350799561
10.3324003219604,0.431435495615005,0.422567754983902,0.0129394130781293,-0.158471420407295,-0.0730985850095749,0.201631933450699,0.0128940790891647,-0.158449947834015,0.0129394130781293,-0.158471420407295,0.431432813405991,0.422566950321198,0.0128941535949707,-0.158449947834015,-0.0730967596173286,0.201632902026176,-0.0730985850095749,0.201631933450699,0.0128941535949707,-0.158449947834015,0.431344538927078,0.422605037689209,0.0128488270565867,-0.158428370952606,0.0128940790891647,-0.158449947834015,-0.0730967596173286,0.201632902026176,0.0128488270565867,-0.158428370952606,0.431341797113419,0.42260417342186
10.332799911499,0.431374460458755,0.422511637210846,0.0129287503659725,-0.158479660749435,-0.0730122849345207,0.20165479183197,0.0128834135830402,-0.158458158373833,0.0129287503659725,-0.158479660749435,0.431371778249741,0.422510772943497,0.0128834135830402,-0.158458158373833,-0.0730104595422745,0.201655745506287,-0.0730122849345207,0.20165479183197,0.0128834135830402,-0.158458158373833,0.431283354759216,0.422548860311508,0.0128380842506886,-0.158436566591263,0.0128834135830402,-0.158458158373833,-0.0730104595422745,0.201655745506287,0.0128380842506886,-0.158436566591263,0.431280821561813,0.422548025846481
10.3332004547119,0.431313455104828,0.422455430030823,0.0129180876538157,-0.158487901091576,-0.072925977408886,0.201677605509758,0.0128727480769157,-0.158466368913651,0.0129180876538157,-0.158487901091576,0.431310743093491,0.422454625368118,0.0128727480769157,-0.158466368913651,-0.0729241445660591,0.201678544282913,-0.072925977408886,0.201677605509758,0.0128727480769157,-0.158466368913651,0.431222379207611,0.422492772340775,0.0128274168819189,-0.158444762229919,0.0128727480769157,-0.158466368913651,-0.0729241445660591,0.201678544282913,0.0128274168819189,-0.158444762229919,0.431219667196274,0.422491937875748
10.3336000442505,0.431252300739288,0.422399371862411,0.0129074221476912,-0.158496126532555,-0.0728396102786064,0.20170034468174,0.0128620807081461,-0.158474564552307,0.0129074221476912,-0.158496126532555,0.431249588727951,0.422398507595062,0.0128621561452746,-0.158474564552307,-0.0728377848863602,0.201701313257217,-0.0728396102786064,0.20170034468174,0.0128621561452746,-0.158474564552307,0.431161284446716,0.422436714172363,0.0128168221563101,-0.158452913165092,0.0128620807081461,-0.158474564552307,-0.0728377848863602,0.201701313257217,0.0128168221563101,-0.158452913165092,0.431158572435379,0.422435909509659
10.3339996337891,0.431191176176071,0.422343343496323,0.0128967547789216,-0.158504337072372,-0.0727532282471657,0.201723083853722,0.0128514124080539,-0.158482760190964,0.0128967547789216,-0.158504337072372,0.431188493967056,0.422342538833618,0.0128514124080539,-0.158482760190964,-0.0727514028549194,0.201724022626877,-0.0727532282471657,0.201723083853722,0.0128514124080539,-0.158482760190964,0.43110004067421,0.422380715608597,0.0128060756251216,-0.158461108803749,0.0128514124080539,-0.158482760190964,-0.0727514028549194,0.201724022626877,0.0128060756251216,-0.158461108803749,0.431097477674484,0.422379910945892
10.334400177002,0.431130051612854,0.422287344932556,0.0128861628472805,-0.15851254761219,-0.0726668015122414,0.20174577832222,0.012840817682445,-0.15849095582962,0.0128861628472805,-0.15851254761219,0.43112725019455,0.422286480665207,0.012840817682445,-0.15849095582962,-0.0726649686694145,0.201746731996536,-0.0726668015122414,0.20174577832222,0.012840817682445,-0.15849095582962,0.431038856506348,0.422324776649475,0.0127954790368676,-0.158469259738922,0.012840817682445,-0.15849095582962,-0.0726649686694145,0.201746731996536,0.0127954790368676,-0.158469259738922,0.431036293506622,0.422323942184448
10.3347997665405,0.43106883764267,0.422231405973434,0.012875416316092,-0.158520758152008,-0.0725803524255753,0.201768428087234,0.012830070219934,-0.158499136567116,0.012875416316092,-0.158520758152008,0.431066155433655,0.422230571508408,0.012830070219934,-0.158499136567116,-0.072578527033329,0.20176936686039,-0.0725803524255753,0.201768428087234,0.012830070219934,-0.158499136567116,0.430977672338486,0.422268837690353,0.0127847297117114,-0.158477440476418,0.012830070219934,-0.158499136567116,-0.072578527033329,0.20176936686039,0.0127847297117114,-0.158477440476418,0.430975049734116,0.422268033027649
10.3352003097534,0.431007474660873,0.422175496816635,0.0128647452220321,-0.158528953790665,-0.0724938437342644,0.201791003346443,0.0128193963319063,-0.158507317304611,0.0128647452220321,-0.158528953790665,0.431004792451859,0.422174632549286,0.0128193963319063,-0.158507317304611,-0.0724920108914375,0.201791971921921,-0.0724938437342644,0.201791003346443,0.0128193963319063,-0.158507317304611,0.430916488170624,0.422213017940521,0.0127740548923612,-0.158485621213913,0.0128193963319063,-0.158507317304611,-0.0724920108914375,0.201791971921921,0.0127740548923612,-0.158485621213913,0.430913835763931,0.422212213277817
10.335599899292,0.430946201086044,0.422119677066803,0.0128540731966496,-0.158537164330482,-0.0724073797464371,0.201813563704491,0.0128087205812335,-0.158515483140945,0.0128540731966496,-0.158537164330482,0.430943489074707,0.422118812799454,0.0128087224438787,-0.158515498042107,-0.0724055022001266,0.201814547181129,-0.0724073797464371,0.201813563704491,0.0128087224438787,-0.158515498042107,0.430855065584183,0.422157198190689,0.0127633782103658,-0.158493757247925,0.0128087205812335,-0.158515483140945,-0.0724055022001266,0.201814547181129,0.0127633782103658,-0.158493757247925,0.43085253238678,0.422156393527985
10.3360004425049,0.430884897708893,0.422063887119293,0.0128433983772993,-0.158545345067978,-0.0723208114504814,0.201836124062538,0.0127980448305607,-0.158523663878441,0.0128433983772993,-0.158545345067978,0.430882215499878,0.422062993049622,0.0127980466932058,-0.158523678779602,-0.072318971157074,0.201837077736855,-0.0723208114504814,0.201836124062538,0.0127980448305607,-0.158523663878441,0.430793762207031,0.422101438045502,0.0127527005970478,-0.158501893281937,0.0127980448305607,-0.158523663878441,-0.072318971157074,0.201837077736855,0.0127527005970478,-0.158501893281937,0.430791109800339,0.422100633382797
10.3364000320435,0.430823594331741,0.422008097171783,0.0128327226266265,-0.158553540706635,-0.0722342729568481,0.201858580112457,0.0127873681485653,-0.158531829714775,0.0128327226266265,-0.158553540706635,0.430820912122726,0.422007262706757,0.0127873681485653,-0.158531829714775,-0.0722324401140213,0.201859548687935,-0.0722342729568481,0.201858580112457,0.0127873681485653,-0.158531829714775,0.430732429027557,0.422045767307281,0.0127419466152787,-0.158510074019432,0.0127873681485653,-0.158531829714775,-0.0722324401140213,0.201859548687935,0.0127419466152787,-0.158510074019432,0.430729746818542,0.422044903039932
10.336799621582,0.430762201547623,0.421952396631241,0.0128220468759537,-0.15856172144413,-0.0721476301550865,0.201881036162376,0.0127766886726022,-0.158539995551109,0.0128220468759537,-0.15856172144413,0.430759429931641,0.421951562166214,0.0127766905352473,-0.158540010452271,-0.0721457973122597,0.201881989836693,-0.0721476301550865,0.201881036162376,0.0127766905352473,-0.158540010452271,0.430670917034149,0.421990066766739,0.0127312643453479,-0.158518195152283,0.0127766886726022,-0.158539995551109,-0.0721457973122597,0.201881989836693,0.0127312643453479,-0.158518195152283,0.430668354034424,0.421989232301712
10.3372001647949,0.430700689554214,0.421896725893021,0.012811291962862,-0.158569902181625,-0.0720610320568085,0.201903432607651,0.0127659337595105,-0.158548161387444,0.012811291962862,-0.158569902181625,0.4306980073452,0.421895891427994,0.0127659337595105,-0.158548161387444,-0.0720591992139816,0.201904386281967,-0.0720610320568085,0.201903432607651,0.0127659337595105,-0.158548161387444,0.430609613656998,0.421934485435486,0.012720582075417,-0.158526331186295,0.0127659337595105,-0.158548161387444,-0.0720591992139816,0.201904386281967,0.012720582075417,-0.158526331186295,0.430606812238693,0.421933650970459
10.3375997543335,0.430639207363129,0.421841114759445,0.01280068885535,-0.158578097820282,-0.0719743743538857,0.201925799250603,0.0127552514895797,-0.158556312322617,0.01280068885535,-0.158578097820282,0.430636525154114,0.421840280294418,0.0127552524209023,-0.158556327223778,-0.0719725415110588,0.20192676782608,-0.0719743743538857,0.201925799250603,0.0127552524209023,-0.158556327223778,0.430548012256622,0.421878904104233,0.0127098979428411,-0.158534467220306,0.0127552514895797,-0.158556312322617,-0.0719725415110588,0.20192676782608,0.0127098979428411,-0.158534467220306,0.430545389652252,0.421878039836884
10.3380002975464,0.430577605962753,0.421785533428192,0.0127899311482906,-0.158586248755455,-0.0718876495957375,0.201948136091232,0.0127445682883263,-0.15856446325779,0.0127899311482906,-0.158586248755455,0.430575013160706,0.421784728765488,0.0127445682883263,-0.15856446325779,-0.0718858167529106,0.201949089765549,-0.0718876495957375,0.201948136091232,0.0127445682883263,-0.15856446325779,0.430486440658569,0.421823382377625,0.0126992128789425,-0.158542588353157,0.0127445682883263,-0.15856446325779,-0.0718858167529106,0.201949089765549,0.0126992128789425,-0.158542588353157,0.430483847856522,0.421822547912598
10.338399887085,0.430516123771667,0.421730041503906,0.0127791734412313,-0.15859442949295,-0.0718009769916534,0.201970413327217,0.0127338077872992,-0.158572614192963,0.0127791734412313,-0.15859442949295,0.430513441562653,0.421729236841202,0.0127338087186217,-0.158572629094124,-0.071799136698246,0.201971367001534,-0.0718009769916534,0.201970413327217,0.0127338087186217,-0.158572629094124,0.430424869060516,0.421767890453339,0.0126884505152702,-0.158550709486008,0.0127338077872992,-0.158572614192963,-0.071799136698246,0.201971367001534,0.0126884505152702,-0.158550709486008,0.430422216653824,0.421767115592957
10.3388004302979,0.430454432964325,0.42167454957962,0.0127685647457838,-0.158602580428123,-0.0717141851782799,0.20199266076088,0.012723121792078,-0.158580750226974,0.0127685647457838,-0.158602580428123,0.43045175075531,0.421673774719238,0.0127231236547232,-0.158580765128136,-0.071712352335453,0.201993614435196,-0.0717141851782799,0.20199266076088,0.0127231236547232,-0.158580765128136,0.430363327264786,0.421712458133698,0.0126777635887265,-0.15855884552002,0.012723121792078,-0.158580750226974,-0.071712352335453,0.201993614435196,0.0126777635887265,-0.15855884552002,0.430360674858093,0.421711683273315
10.3392000198364,0.430392861366272,0.421619117259979,0.0127578051760793,-0.158610761165619,-0.0716273933649063,0.202014863491058,0.0127124348655343,-0.158588886260986,0.0127578051760793,-0.158610761165619,0.430390208959579,0.421618312597275,0.0127124348655343,-0.158588886260986,-0.071625605225563,0.202015802264214,-0.0716273933649063,0.202014863491058,0.0127124348655343,-0.158588886260986,0.430301547050476,0.421657085418701,0.0126669984310865,-0.158566951751709,0.0127124348655343,-0.158588886260986,-0.071625605225563,0.202015802264214,0.0126669984310865,-0.158566951751709,0.430299013853073,0.421656280755997
10.339599609375,0.430331081151962,0.421563774347305,0.0127470418810844,-0.158618912100792,-0.0715405866503716,0.202037036418915,0.0127016706392169,-0.158597022294998,0.0127470418810844,-0.158618912100792,0.430328518152237,0.421562969684601,0.0127016706392169,-0.158597022294998,-0.0715387538075447,0.202037990093231,-0.0715405866503716,0.202037036418915,0.0127016706392169,-0.158597022294998,0.430239915847778,0.421601742506027,0.0126563077792525,-0.158575057983398,0.0127016706392169,-0.158597022294998,-0.0715387538075447,0.202037990093231,0.0126563077792525,-0.158575057983398,0.430237263441086,0.421600967645645
10.3400001525879,0.430269420146942,0.421508461236954,0.0127363530918956,-0.158627063035965,-0.0714537724852562,0.202059149742126,0.0126909799873829,-0.15860515832901,0.0127363530918956,-0.158627063035965,0.430266737937927,0.421507626771927,0.0126909799873829,-0.15860515832901,-0.0714519321918488,0.202060103416443,-0.0714537724852562,0.202059149742126,0.0126909799873829,-0.15860515832901,0.430178165435791,0.42154648900032,0.0126456161960959,-0.158583164215088,0.0126909799873829,-0.15860515832901,-0.0714519321918488,0.202060103416443,0.0126456161960959,-0.158583164215088,0.430175513029099,0.421545684337616
10.3403997421265,0.430207699537277,0.421453177928925,0.0127256633713841,-0.158635184168816,-0.0713669434189796,0.202081233263016,0.0126802129670978,-0.158613264560699,0.0127256633713841,-0.158635184168816,0.43020498752594,0.42145237326622,0.0126802129670978,-0.158613264560699,-0.0713651105761528,0.202082172036171,-0.0713669434189796,0.202081233263016,0.0126802129670978,-0.158613264560699,0.430116444826126,0.421491235494614,0.0126348454505205,-0.158591255545616,0.0126802129670978,-0.158613264560699,-0.0713651105761528,0.202082172036171,0.0126348454505205,-0.158591255545616,0.430113762617111,0.421490430831909
10.3408002853394,0.430145800113678,0.421397924423218,0.0127149717882276,-0.158643335103989,-0.0712800100445747,0.202103272080421,0.0126694440841675,-0.158621400594711,0.0127149717882276,-0.158643335103989,0.430143237113953,0.421397149562836,0.0126694440841675,-0.158621400594711,-0.0712781846523285,0.202104225754738,-0.0712800100445747,0.202103272080421,0.0126694440841675,-0.158621400594711,0.430054634809494,0.421436041593552,0.0126240747049451,-0.158599376678467,0.0126694440841675,-0.158621400594711,-0.0712781846523285,0.202104225754738,0.0126240747049451,-0.158599376678467,0.430051952600479,0.421435236930847
10.3411998748779,0.430084019899368,0.421342730522156,0.0127042047679424,-0.158651471138,-0.0711930766701698,0.202125266194344,0.0126588251441717,-0.15862949192524,0.0127042047679424,-0.158651471138,0.430081278085709,0.421341985464096,0.0126588251441717,-0.15862949192524,-0.071191243827343,0.202126204967499,-0.0711930766701698,0.202125266194344,0.0126588251441717,-0.15862949192524,0.429992765188217,0.421380937099457,0.0126133784651756,-0.158607453107834,0.0126588251441717,-0.15862949192524,-0.071191243827343,0.202126204967499,0.0126133784651756,-0.158607453107834,0.429990082979202,0.421380072832108
10.3416004180908,0.430022090673447,0.421287566423416,0.012693434022367,-0.158659592270851,-0.0711061283946037,0.202147245407104,0.0126480534672737,-0.158637598156929,0.012693434022367,-0.158659592270851,0.430019408464432,0.421286791563034,0.0126480534672737,-0.158637598156929,-0.0711042955517769,0.202148169279099,-0.0711061283946037,0.202147245407104,0.0126480534672737,-0.158637598156929,0.42993089556694,0.421325832605362,0.0126026058569551,-0.158615529537201,0.0126480534672737,-0.158637598156929,-0.0711042955517769,0.202148169279099,0.0126026058569551,-0.158615529537201,0.429928183555603,0.421325027942657
10.3420000076294,0.429960161447525,0.421232551336288,0.0126826632767916,-0.158667713403702,-0.0710191652178764,0.202169150114059,0.0126372808590531,-0.15864571928978,0.0126826632767916,-0.158667713403702,0.4299575984478,0.421231716871262,0.0126372808590531,-0.15864571928978,-0.0710173323750496,0.202170103788376,-0.0710191652178764,0.202169150114059,0.0126372808590531,-0.15864571928978,0.429868966341019,0.421270757913589,0.0125918304547668,-0.158623620867729,0.0126372808590531,-0.15864571928978,-0.0710173323750496,0.202170103788376,0.0125918304547668,-0.158623620867729,0.429866224527359,0.421269983053207
10.342399597168,0.429898232221603,0.421177506446838,0.0126719661056995,-0.158675849437714,-0.0709321051836014,0.202191025018692,0.0126265827566385,-0.158653810620308,0.0126719661056995,-0.158675849437714,0.429895550012589,0.421176701784134,0.0126265827566385,-0.158653810620308,-0.0709302723407745,0.20219199359417,-0.0709321051836014,0.202191025018692,0.0126265827566385,-0.158653810620308,0.429806917905807,0.421215802431107,0.012581130489707,-0.158631697297096,0.0126265827566385,-0.158653810620308,-0.0709302723407745,0.20219199359417,0.012581130489707,-0.158631697297096,0.429804354906082,0.42121496796608
10.3428001403809,0.429836302995682,0.421122491359711,0.012661193497479,-0.158683985471725,-0.0708451196551323,0.202212870121002,0.0126158073544502,-0.158661916851997,0.012661193497479,-0.158683985471725,0.429833501577377,0.421121686697006,0.0126158073544502,-0.158661916851997,-0.0708432346582413,0.202213808894157,-0.0708451196551323,0.202212870121002,0.0126158073544502,-0.158661916851997,0.429745048284531,0.421160817146301,0.0125703532248735,-0.158639773726463,0.0126158073544502,-0.158661916851997,-0.0708432346582413,0.202213808894157,0.0125703532248735,-0.158639773726463,0.429742246866226,0.421160042285919
10.3431997299194,0.429774284362793,0.42106756567955,0.0126504171639681,-0.158692091703415,-0.0707580372691154,0.202234670519829,0.0126050291582942,-0.158669993281364,0.0126504171639681,-0.158692091703415,0.429771572351456,0.421066790819168,0.0126050291582942,-0.158669993281364,-0.0707562044262886,0.202235609292984,-0.0707580372691154,0.202234670519829,0.0126050291582942,-0.158669993281364,0.429682910442352,0.421105921268463,0.0125595731660724,-0.158647835254669,0.0126050291582942,-0.158669993281364,-0.0707562044262886,0.202235609292984,0.0125595731660724,-0.158647835254669,0.42968025803566,0.421105116605759
10.3436002731323,0.429712146520615,0.421012669801712,0.0126397162675858,-0.158700183033943,-0.070670947432518,0.202256426215172,0.0125943273305893,-0.158678069710732,0.0126397162675858,-0.158700183033943,0.429709404706955,0.421011865139008,0.0125943273305893,-0.158678069710732,-0.070669062435627,0.202257364988327,-0.070670947432518,0.202256426215172,0.0125943273305893,-0.158678069710732,0.429620802402496,0.421051055192947,0.0125488676130772,-0.158655911684036,0.0125943273305893,-0.158678069710732,-0.070669062435627,0.202257364988327,0.0125488676130772,-0.158655911684036,0.429618149995804,0.421050280332565
10.3439998626709,0.429650008678436,0.420957833528519,0.0126289390027523,-0.158708289265633,-0.0705837905406952,0.202278137207031,0.0125835463404655,-0.15868616104126,0.0126289390027523,-0.158708289265633,0.429647326469421,0.420957028865814,0.0125835463404655,-0.15868616104126,-0.0705819055438042,0.202279075980186,-0.0705837905406952,0.202278137207031,0.0125835463404655,-0.15868616104126,0.42955869436264,0.420996278524399,0.0125380856916308,-0.158663958311081,0.0125835463404655,-0.15868616104126,-0.0705819055438042,0.202279075980186,0.0125380856916308,-0.158663958311081,0.42955607175827,0.420995503664017
10.3444004058838,0.429587811231613,0.420903205871582,0.012618194334209,-0.158716395497322,-0.0704966261982918,0.202299788594246,0.0125727606937289,-0.158694222569466,0.012618194334209,-0.158716395497322,0.429585218429565,0.420902252197266,0.0125727625563741,-0.158694237470627,-0.0704947859048843,0.202300742268562,-0.0704966261982918,0.202299788594246,0.0125727625563741,-0.158694237470627,0.429496645927429,0.420941561460495,0.0125272991135716,-0.158672004938126,0.0125727606937289,-0.158694222569466,-0.0704947859048843,0.202300742268562,0.0125272991135716,-0.158672004938126,0.429494082927704,0.420940607786179
10.3447999954224,0.429525673389435,0.420848309993744,0.0126074505969882,-0.15872448682785,-0.0704094097018242,0.202321439981461,0.01256197784096,-0.158702313899994,0.0126074505969882,-0.15872448682785,0.429522931575775,0.420847654342651,0.0125619797036052,-0.158702328801155,-0.0704075768589973,0.202322378754616,-0.0704094097018242,0.202321439981461,0.0125619797036052,-0.158702328801155,0.429434359073639,0.420886933803558,0.0125165143981576,-0.15868005156517,0.01256197784096,-0.158702313899994,-0.0704075768589973,0.202322378754616,0.0125165143981576,-0.15868005156517,0.429431766271591,0.420885980129242
10.3451995849609,0.429463356733322,0.42079371213913,0.0125966677442193,-0.158732578158379,-0.070322185754776,0.202343046665192,0.0125511940568686,-0.1587103754282,0.0125966677442193,-0.158732578158379,0.429460823535919,0.42079284787178,0.0125511940568686,-0.1587103754282,-0.070320338010788,0.202343985438347,-0.070322185754776,0.202343046665192,0.0125511940568686,-0.1587103754282,0.429372280836105,0.420832097530365,0.012505728751421,-0.158688113093376,0.0125511940568686,-0.1587103754282,-0.070320338010788,0.202343985438347,0.012505728751421,-0.158688113093376,0.429369449615479,0.420831352472305
10.3456001281738,0.429401278495789,0.420738905668259,0.0125858848914504,-0.158740669488907,-0.070234939455986,0.202364578843117,0.0125404084101319,-0.158718451857567,0.0125858848914504,-0.158740669488907,0.429398506879807,0.420738190412521,0.0125404084101319,-0.158718451857567,-0.0702331066131592,0.202365502715111,-0.070234939455986,0.202364578843117,0.0125404084101319,-0.158718451857567,0.429309785366058,0.420777708292007,0.0124950166791677,-0.158696129918098,0.0125404084101319,-0.158718451857567,-0.0702331066131592,0.202365502715111,0.0124950166791677,-0.158696129918098,0.429307222366333,0.420776784420013
10.3459997177124,0.429339021444321,0.420684307813644,0.0125750992447138,-0.158748731017113,-0.070147693157196,0.202386081218719,0.0125296218320727,-0.158726498484612,0.0125750992447138,-0.158748731017113,0.429336220026016,0.420683592557907,0.0125296590849757,-0.158726498484612,-0.0701458528637886,0.202387005090714,-0.070147693157196,0.202386081218719,0.0125296590849757,-0.158726498484612,0.42924752831459,0.420723050832748,0.0124842282384634,-0.158704176545143,0.0125296218320727,-0.158726498484612,-0.0701458528637886,0.202387005090714,0.0124842282384634,-0.158704176545143,0.42924490571022,0.420722126960754
10.3464002609253,0.429276466369629,0.420629888772964,0.0125643499195576,-0.15875680744648,-0.0700603425502777,0.202407553792,0.0125188715755939,-0.158734545111656,0.0125643499195576,-0.15875680744648,0.429273903369904,0.420628935098648,0.0125188715755939,-0.158734545111656,-0.0700585022568703,0.202408492565155,-0.0700603425502777,0.202407553792,0.0125188715755939,-0.158734545111656,0.429185271263123,0.420668482780457,0.0124734360724688,-0.158712208271027,0.0125188715755939,-0.158734545111656,-0.0700585022568703,0.202408492565155,0.0124734360724688,-0.158712208271027,0.429182469844818,0.420667737722397
10.3467998504639,0.429213970899582,0.420575439929962,0.0125535624101758,-0.158764883875847,-0.0699729770421982,0.202428981661797,0.0125081175938249,-0.158742591738701,0.0125535624101758,-0.158764883875847,0.429211407899857,0.420574516057968,0.0125081175938249,-0.158742591738701,-0.0699711441993713,0.202429935336113,-0.0699729770421982,0.202428981661797,0.0125081175938249,-0.158742591738701,0.429122805595398,0.420614093542099,0.0124626457691193,-0.15872023999691,0.0125081175938249,-0.158742591738701,-0.0699711441993713,0.202429935336113,0.0124626457691193,-0.15872023999691,0.429120033979416,0.420613348484039
10.3472003936768,0.429151922464371,0.420520663261414,0.0125427730381489,-0.158772960305214,-0.0698856040835381,0.202450379729271,0.0124973263591528,-0.158750623464584,0.0125427730381489,-0.158772960305214,0.429148972034454,0.420520126819611,0.0124973282217979,-0.158750638365746,-0.0698837712407112,0.202451318502426,-0.0698856040835381,0.202450379729271,0.0124973282217979,-0.158750638365746,0.429060339927673,0.420559644699097,0.012451852671802,-0.158728256821632,0.0124973263591528,-0.158750623464584,-0.0698837712407112,0.202451318502426,0.012451852671802,-0.158728256821632,0.429057747125626,0.420558750629425
10.3475999832153,0.429089218378067,0.42046645283699,0.0125319808721542,-0.158781006932259,-0.0697982311248779,0.202471718192101,0.0124865341931581,-0.15875868499279,0.0125319808721542,-0.158781006932259,0.429086476564407,0.420465737581253,0.0124865351244807,-0.158758699893951,-0.0697963908314705,0.202472642064095,-0.0697982311248779,0.202471718192101,0.0124865351244807,-0.158758699893951,0.428997844457626,0.420505255460739,0.0124410185962915,-0.158736273646355,0.0124865341931581,-0.15875868499279,-0.0697963908314705,0.202472642064095,0.0124410185962915,-0.158736273646355,0.428995311260223,0.420504361391068
10.3479995727539,0.429026782512665,0.420412063598633,0.0125211896374822,-0.158789068460464,-0.0697107464075089,0.202493071556091,0.0124757019802928,-0.158766716718674,0.0125211896374822,-0.158789068460464,0.429024189710617,0.420411139726639,0.0124757401645184,-0.158766716718674,-0.0697089061141014,0.202493965625763,-0.0697107464075089,0.202493071556091,0.0124757401645184,-0.158766716718674,0.428935468196869,0.420450896024704,0.0124302236363292,-0.158744290471077,0.0124757019802928,-0.158766716718674,-0.0697089061141014,0.202493965625763,0.0124302236363292,-0.158744290471077,0.428932666778564,0.420450180768967
10.3484001159668,0.428964108228683,0.420357882976532,0.0125104337930679,-0.15879712998867,-0.0696233436465263,0.202514305710793,0.012464907951653,-0.158774733543396,0.0125103965401649,-0.15879712998867,0.428961545228958,0.420356929302216,0.012464907951653,-0.158774733543396,-0.0696215033531189,0.202515214681625,-0.0696233436465263,0.202514305710793,0.012464907951653,-0.158774733543396,0.42887282371521,0.420396715402603,0.0124194640666246,-0.158752292394638,0.012464907951653,-0.158774733543396,-0.0696215033531189,0.202515214681625,0.0124194640666246,-0.158752292394638,0.428870052099228,0.420396000146866
10.3487997055054,0.428901672363281,0.420303493738174,0.01249960064888,-0.158805176615715,-0.0695358440279961,0.202535524964333,0.0124541101977229,-0.158782780170441,0.01249960064888,-0.158805176615715,0.428898870944977,0.420302778482437,0.0124541101977229,-0.158782780170441,-0.069533996284008,0.202536448836327,-0.0695358440279961,0.202535524964333,0.0124541101977229,-0.158782780170441,0.428810358047485,0.420342296361923,0.0124086271971464,-0.158760294318199,0.0124541101977229,-0.158782780170441,-0.069533996284008,0.202536448836327,0.0124086271971464,-0.158760294318199,0.428807407617569,0.420341819524765
10.3492002487183,0.428839206695557,0.420249104499817,0.0124888047575951,-0.15881322324276,-0.069448322057724,0.202556699514389,0.0124432742595673,-0.158790796995163,0.0124888047575951,-0.15881322324276,0.428836196660995,0.420248568058014,0.0124432742595673,-0.158790796995163,-0.0694464817643166,0.202557638287544,-0.069448322057724,0.202556699514389,0.0124432742595673,-0.158790796995163,0.428747564554214,0.420288383960724,0.012397825717926,-0.15876829624176,0.0124432742595673,-0.158790796995163,-0.0694464817643166,0.202557638287544,0.012397825717926,-0.15876829624176,0.428744792938232,0.420287638902664
10.3495998382568,0.428776383399963,0.42019510269165,0.012477969750762,-0.158821254968643,-0.0693608000874519,0.202577829360962,0.012432474642992,-0.158798828721046,0.012477969750762,-0.158821254968643,0.428773581981659,0.420194387435913,0.012432474642992,-0.158798813819885,-0.0693589597940445,0.202578753232956,-0.0693608000874519,0.202577829360962,0.012432474642992,-0.158798813819885,0.428684920072556,0.420234143733978,0.0123869879171252,-0.15877628326416,0.012432474642992,-0.158798828721046,-0.0693589597940445,0.202578753232956,0.0123869879171252,-0.15877628326416,0.42868235707283,0.420233219861984
10.3500003814697,0.428713709115982,0.42014092206955,0.0124671701341867,-0.158829301595688,-0.0692731738090515,0.202598944306374,0.0124216731637716,-0.158806815743446,0.0124671701341867,-0.158829301595688,0.4287109375,0.420140206813812,0.0124216731637716,-0.158806815743446,-0.0692713260650635,0.202599853277206,-0.0692731738090515,0.202598944306374,0.0124216731637716,-0.158806815743446,0.428622305393219,0.420180022716522,0.0123761845752597,-0.15878427028656,0.0124216731637716,-0.158806815743446,-0.0692713260650635,0.202599853277206,0.0123761845752597,-0.15878427028656,0.428619533777237,0.420179307460785
10.3503999710083,0.428651094436646,0.420086801052094,0.0124563686549664,-0.15883731842041,-0.0691856294870377,0.202619984745979,0.0124108698219061,-0.158814832568169,0.0124563686549664,-0.15883731842041,0.428648084402084,0.420086264610291,0.0124108698219061,-0.158814832568169,-0.0691837817430496,0.202620893716812,-0.0691856294870377,0.202619984745979,0.0124108698219061,-0.158814832568169,0.428559541702271,0.420126080513,0.0123653812333941,-0.15879225730896,0.0124108698219061,-0.158814832568169,-0.0691837817430496,0.202620893716812,0.0123653812333941,-0.15879225730896,0.428556948900223,0.420125156641006
10.3507995605469,0.428588271141052,0.420032829046249,0.012445567175746,-0.158845350146294,-0.0690979808568954,0.202640980482101,0.0124000674113631,-0.15882283449173,0.012445567175746,-0.158845350146294,0.428585469722748,0.42003208398819,0.0124000674113631,-0.15882283449173,-0.069096140563488,0.202641919255257,-0.0690979808568954,0.202640980482101,0.0124000674113631,-0.15882283449173,0.428496718406677,0.420072078704834,0.0123545369133353,-0.15880024433136,0.0124000674113631,-0.15882283449173,-0.069096140563488,0.202641919255257,0.0123545369133353,-0.15880024433136,0.42849412560463,0.420071184635162
10.3512001037598,0.428525447845459,0.419978857040405,0.0124347247183323,-0.158853366971016,-0.0690103247761726,0.202661961317062,0.0123892240226269,-0.158830836415291,0.0124347247183323,-0.158853366971016,0.428522646427155,0.419978141784668,0.0123892240226269,-0.158830836415291,-0.0690084844827652,0.202662870287895,-0.0690103247761726,0.202661961317062,0.0123892240226269,-0.158830836415291,0.428433895111084,0.420018136501312,0.0123436907306314,-0.158808216452599,0.0123892240226269,-0.158830836415291,-0.0690084844827652,0.202662870287895,0.0123436907306314,-0.158808216452599,0.428431361913681,0.420017242431641
10.3515996932983,0.428462594747543,0.419924885034561,0.0124238831922412,-0.158861383795738,-0.0689226612448692,0.202682882547379,0.0123783787712455,-0.158838823437691,0.0124238831922412,-0.158861383795738,0.428459644317627,0.419924408197403,0.0123783787712455,-0.158838823437691,-0.0689208135008812,0.202683806419373,-0.0689226612448692,0.202682882547379,0.0123783787712455,-0.158838823437691,0.428370922803879,0.41996443271637,0.0123328827321529,-0.158816188573837,0.0123783787712455,-0.158838823437691,-0.0689208135008812,0.202683806419373,0.0123328827321529,-0.158816188573837,0.428368359804153,0.419963479042053
10.3520002365112,0.428399592638016,0.419871151447296,0.0124130770564079,-0.158869385719299,-0.0688348859548569,0.202703788876534,0.0123675707727671,-0.158846825361252,0.0124130770564079,-0.158869385719299,0.428396821022034,0.419870436191559,0.0123675707727671,-0.158846810460091,-0.0688330456614494,0.202704727649689,-0.0688348859548569,0.202703788876534,0.0123675707727671,-0.158846810460091,0.42830815911293,0.419910490512848,0.0123220337554812,-0.158824145793915,0.0123675707727671,-0.158846825361252,-0.0688330456614494,0.202704712748528,0.0123220337554812,-0.158824145793915,0.42830553650856,0.419909507036209
10.3523998260498,0.428336799144745,0.419817209243774,0.0124022690579295,-0.15887738764286,-0.0687471106648445,0.202724650502205,0.0123567236587405,-0.158854812383652,0.012402230873704,-0.158877402544022,0.42833399772644,0.419816464185715,0.0123567236587405,-0.158854812383652,-0.0687452629208565,0.202725559473038,-0.0687471106648445,0.202724650502205,0.0123567236587405,-0.158854812383652,0.428245157003403,0.41985672712326,0.0123111857101321,-0.158832132816315,0.0123567236587405,-0.158854812383652,-0.0687452629208565,0.202725559473038,0.0123111857101321,-0.158832132816315,0.428242594003677,0.419855833053589
10.3528003692627,0.428273767232895,0.419763475656509,0.0123913837596774,-0.158885404467583,-0.0686594173312187,0.202745422720909,0.0123458746820688,-0.158862769603729,0.0123913837596774,-0.158885404467583,0.428271025419235,0.419762760400772,0.0123458746820688,-0.158862769603729,-0.0686575770378113,0.202746346592903,-0.0686594173312187,0.202745422720909,0.0123458746820688,-0.158862769603729,0.42818221449852,0.419802993535995,0.0123003730550408,-0.158840075135231,0.0123458746820688,-0.158862769603729,-0.0686575770378113,0.202746346592903,0.0123003730550408,-0.158840075135231,0.428179413080215,0.419802278280258
10.3531999588013,0.42821079492569,0.419709712266922,0.0123805738985538,-0.158893391489983,-0.0685715228319168,0.202766224741936,0.0123350620269775,-0.158870741724968,0.0123805738985538,-0.158893391489983,0.42820805311203,0.419709056615829,0.0123350629583001,-0.158870756626129,-0.0685696750879288,0.202767118811607,-0.0685715228319168,0.202766224741936,0.0123350620269775,-0.158870741724968,0.428119212388992,0.419749230146408,0.0122895212844014,-0.158848017454147,0.0123350620269775,-0.158870741724968,-0.0685696750879288,0.202767118811607,0.0122895212844014,-0.158848017454147,0.428116470575333,0.419748574495316
10.3535995483398,0.42814764380455,0.419656217098236,0.0123697239905596,-0.158901393413544,-0.0684837177395821,0.202786922454834,0.0123241720721126,-0.158878698945045,0.0123697239905596,-0.158901393413544,0.428145051002502,0.419655293226242,0.0123242102563381,-0.158878728747368,-0.068481869995594,0.202787831425667,-0.0684837177395821,0.202786922454834,0.0123242102563381,-0.158878728747368,0.428056269884109,0.419695556163788,0.0122786667197943,-0.158855974674225,0.0123241720721126,-0.158878698945045,-0.068481869995594,0.202787831425667,0.0122786667197943,-0.158855974674225,0.428053468465805,0.419694811105728
10.3540000915527,0.428084641695023,0.419602513313293,0.0123588722199202,-0.158909380435944,-0.0683958977460861,0.20280759036541,0.0123133566230536,-0.158886685967445,0.0123588722199202,-0.158909380435944,0.428081840276718,0.419601738452911,0.0123133566230536,-0.158886685967445,-0.0683939605951309,0.202808529138565,-0.0683958977460861,0.20280759036541,0.0123133566230536,-0.158886685967445,0.427992880344391,0.419642239809036,0.0122678130865097,-0.158863916993141,0.0123133566230536,-0.158886685967445,-0.0683939605951309,0.202808529138565,0.0122678130865097,-0.158863916993141,0.427990317344666,0.41964128613472
10.3543996810913,0.428021460771561,0.419548958539963,0.0123480586335063,-0.158917367458344,-0.0683079734444618,0.202828243374825,0.0123025020584464,-0.158894643187523,0.0123480586335063,-0.158917367458344,0.428018897771835,0.419548034667969,0.0123025039210916,-0.158894658088684,-0.0683061331510544,0.202829137444496,-0.0683079734444618,0.202828243374825,0.0123025039210916,-0.158894658088684,0.427929937839508,0.419588536024094,0.01225695759058,-0.158871859312057,0.0123025020584464,-0.158894643187523,-0.0683061257004738,0.202829122543335,0.01225695759058,-0.158871859312057,0.427927166223526,0.419587790966034
10.3548002243042,0.427958279848099,0.419495433568954,0.0123371658846736,-0.158925324678421,-0.0682200416922569,0.202848836779594,0.0122916474938393,-0.158902615308762,0.0123371658846736,-0.158925324678421,0.427955538034439,0.41949474811554,0.0122916474938393,-0.158902615308762,-0.0682181939482689,0.202849730849266,-0.0682200416922569,0.202848836779594,0.0122916474938393,-0.158902615308762,0.427866816520691,0.419535040855408,0.0122460993006825,-0.158879801630974,0.0122916465625167,-0.1589026004076,-0.0682181939482689,0.202849730849266,0.0122460993006825,-0.158879801630974,0.427864193916321,0.419534087181091
10.3551998138428,0.427895128726959,0.419441908597946,0.0123263485729694,-0.158933311700821,-0.068132109940052,0.20286937057972,0.0122807519510388,-0.158910542726517,0.0123263485729694,-0.158933311700821,0.427892327308655,0.419441193342209,0.0122807528823614,-0.158910557627678,-0.0681302547454834,0.202870279550552,-0.068132109940052,0.20286937057972,0.0122807519510388,-0.158910542726517,0.427803665399551,0.419481515884399,0.0122352400794625,-0.158887714147568,0.0122807519510388,-0.158910542726517,-0.0681302547454834,0.202870279550552,0.0122352400794625,-0.158887714147568,0.427800685167313,0.419480979442596
10.3556003570557,0.427831768989563,0.419388622045517,0.0123154539614916,-0.15894128382206,-0.0680441558361053,0.202889889478683,0.0122699309140444,-0.158918499946594,0.0123154539614916,-0.15894128382206,0.427829176187515,0.419387698173523,0.0122699309140444,-0.158918499946594,-0.0680422186851501,0.202890828251839,-0.0680441558361053,0.202889889478683,0.0122699309140444,-0.158918499946594,0.427740335464478,0.419428199529648,0.0122243789955974,-0.158895626664162,0.0122699309140444,-0.158918499946594,-0.0680422186851501,0.202890828251839,0.0122243789955974,-0.158895626664162,0.427737563848495,0.419427514076233
10.3559999465942,0.427768617868423,0.419335126876831,0.0123046347871423,-0.158949255943298,-0.0679561048746109,0.202910348773003,0.0122590335085988,-0.158926442265511,0.0123045966029167,-0.158949255943298,0.427766025066376,0.419334203004837,0.0122590335085988,-0.158926442265511,-0.0679542496800423,0.202911257743835,-0.0679561048746109,0.202910348773003,0.0122590335085988,-0.158926442265511,0.427677035331726,0.419374912977219,0.0122134787961841,-0.158903568983078,0.0122590335085988,-0.158926442265511,-0.0679542496800423,0.202911257743835,0.0122134787961841,-0.158903568983078,0.427674412727356,0.419373989105225
10.3563995361328,0.427705258131027,0.419281840324402,0.0122937355190516,-0.158957213163376,-0.0678681433200836,0.202930763363838,0.0122481714934111,-0.158934384584427,0.0122937355190516,-0.158957213163376,0.427702516317368,0.419281125068665,0.0122481714934111,-0.158934384584427,-0.0678661912679672,0.202931702136993,-0.0678681433200836,0.202930763363838,0.0122481714934111,-0.158934384584427,0.427613645792007,0.419321626424789,0.0122026167809963,-0.158911481499672,0.0122481714934111,-0.158934384584427,-0.0678661912679672,0.202931702136993,0.0122026167809963,-0.158911481499672,0.427611142396927,0.419320702552795
10.3568000793457,0.427641957998276,0.419228553771973,0.012282875366509,-0.158965155482292,-0.0677799731492996,0.202951177954674,0.0122373094782233,-0.158942312002182,0.012282875366509,-0.158965155482292,0.427639186382294,0.419227838516235,0.0122373094782233,-0.158942312002182,-0.0677781254053116,0.202952086925507,-0.0677799731492996,0.202951177954674,0.0122373094782233,-0.158942312002182,0.427550375461578,0.41926833987236,0.0121917137876153,-0.158919379115105,0.0122373094782233,-0.158942312002182,-0.0677781254053116,0.202952086925507,0.0121917137876153,-0.158919379115105,0.427547633647919,0.419267654418945
10.3571996688843,0.427578628063202,0.419175267219543,0.0122720133513212,-0.15897311270237,-0.0676918923854828,0.202971532940865,0.0122264074161649,-0.158950254321098,0.0122720133513212,-0.15897311270237,0.427575826644897,0.419174551963806,0.0122264074161649,-0.158950254321098,-0.0676900446414948,0.202972427010536,-0.0676918923854828,0.202971532940865,0.0122264074161649,-0.158950254321098,0.427486896514893,0.419215261936188,0.0121808489784598,-0.158927291631699,0.0122264074161649,-0.158950254321098,-0.0676900371909142,0.202972412109375,0.0121808862313628,-0.158927291631699,0.427484303712845,0.419214338064194
10.3576002120972,0.427515119314194,0.419122219085693,0.0122611122205853,-0.158981069922447,-0.0676038041710854,0.202991813421249,0.0122155426070094,-0.158958166837692,0.0122611122205853,-0.158981069922447,0.427512317895889,0.419121474027634,0.0122155426070094,-0.158958166837692,-0.0676019489765167,0.20299269258976,-0.0676038041710854,0.202991813421249,0.0122155426070094,-0.158958166837692,0.427423566579819,0.419161975383759,0.0121699813753366,-0.158935204148293,0.0122155426070094,-0.158958166837692,-0.0676019489765167,0.20299269258976,0.0121699813753366,-0.158935204148293,0.427421003580093,0.419161051511765
10.3579998016357,0.427451550960541,0.419068962335587,0.0122502092272043,-0.158989012241364,-0.0675157085061073,0.203012049198151,0.0122046377509832,-0.158966079354286,0.0122502092272043,-0.158989012241364,0.427448928356171,0.419068217277527,0.0122046377509832,-0.158966079354286,-0.0675137564539909,0.203012973070145,-0.0675157085061073,0.203012049198151,0.0122046377509832,-0.158966079354286,0.427359998226166,0.419108927249908,0.0121590746566653,-0.158943086862564,0.0122046377509832,-0.158966079354286,-0.0675137564539909,0.203012973070145,0.0121590746566653,-0.158943086862564,0.427357286214828,0.419108182191849
10.3584003448486,0.427388161420822,0.419015884399414,0.0122393425554037,-0.158996939659119,-0.0674275085330009,0.203032270073891,0.0121937682852149,-0.158974006772041,0.0122393425554037,-0.158996939659119,0.42738538980484,0.41901507973671,0.0121937692165375,-0.158974021673203,-0.0674255564808846,0.203033193945885,-0.0674275085330009,0.203032270073891,0.0121937692165375,-0.158974021673203,0.42729651927948,0.419055879116058,0.0121482042595744,-0.158950969576836,0.0121937682852149,-0.158974006772041,-0.0674255564808846,0.203033193945885,0.0121482042595744,-0.158950969576836,0.427293866872787,0.419055134057999
10.3587999343872,0.427324563264847,0.418962836265564,0.0122284749522805,-0.159004867076874,-0.0673392936587334,0.203052446246147,0.0121828624978662,-0.158981919288635,0.0122284749522805,-0.159004867076874,0.427321881055832,0.418962061405182,0.0121828624978662,-0.158981904387474,-0.067337341606617,0.203053370118141,-0.0673392936587334,0.203052446246147,0.0121828624978662,-0.158981904387474,0.427232950925827,0.419002920389175,0.0121372956782579,-0.15895888209343,0.0121828624978662,-0.158981919288635,-0.067337341606617,0.203053370118141,0.0121372956782579,-0.15895888209343,0.427230149507523,0.419002145528793
10.3591995239258,0.427261084318161,0.418909877538681,0.0122175673022866,-0.15901280939579,-0.0672510713338852,0.203072562813759,0.0121719529852271,-0.158989816904068,0.0122175673022866,-0.15901280939579,0.427258282899857,0.418909102678299,0.0121719911694527,-0.158989816904068,-0.0672491267323494,0.203073501586914,-0.0672510713338852,0.203072562813759,0.0121719911694527,-0.158989816904068,0.427169352769852,0.418949961662292,0.0121264224871993,-0.158966735005379,0.0121719529852271,-0.158989816904068,-0.0672491192817688,0.203073486685753,0.0121264224871993,-0.158966735005379,0.427166700363159,0.418949216604233
10.3596000671387,0.427197366952896,0.418856918811798,0.0122066577896476,-0.159020721912384,-0.0671627447009087,0.203092679381371,0.012161080725491,-0.158997729420662,0.0122066577896476,-0.159020721912384,0.427194714546204,0.418856173753738,0.012161080725491,-0.158997729420662,-0.0671608969569206,0.203093558549881,-0.0671627447009087,0.203092679381371,0.012161080725491,-0.158997729420662,0.427105724811554,0.418897092342377,0.0121155111119151,-0.158974632620811,0.012161080725491,-0.158997729420662,-0.0671608969569206,0.203093558549881,0.0121155111119151,-0.158974632620811,0.427103042602539,0.418896347284317
10.3599996566772,0.427133709192276,0.418804109096527,0.0121957492083311,-0.159028634428978,-0.0670744106173515,0.203112721443176,0.0121502066031098,-0.159005612134933,0.0121957492083311,-0.159028634428978,0.427131056785583,0.418803304433823,0.0121502075344324,-0.159005627036095,-0.0670725554227829,0.203113615512848,-0.0670744106173515,0.203112721443176,0.0121502066031098,-0.159005612134933,0.427042096853256,0.418844282627106,0.0121045960113406,-0.158982500433922,0.0121502066031098,-0.159005612134933,-0.0670725554227829,0.203113615512848,0.0121045960113406,-0.158982500433922,0.427039384841919,0.418843507766724
10.3604001998901,0.427070021629333,0.418751239776611,0.0121848760172725,-0.159036561846733,-0.0669861659407616,0.203132718801498,0.0121392561122775,-0.159013509750366,0.0121848760172725,-0.159036561846733,0.427067339420319,0.418750464916229,0.0121392933651805,-0.159013509750366,-0.0669842138886452,0.20313361287117,-0.0669861659407616,0.203132718801498,0.0121392933651805,-0.159013509750366,0.426978409290314,0.418791502714157,0.0120936818420887,-0.158990383148193,0.0121392561122775,-0.159013509750366,-0.0669842138886452,0.20313361287117,0.0120936818420887,-0.158990383148193,0.426975637674332,0.418790698051453
10.3607997894287,0.427006363868713,0.41869843006134,0.0121739627793431,-0.159044459462166,-0.0668978169560432,0.203152641654015,0.0121283791959286,-0.159021392464638,0.0121739627793431,-0.159044459462166,0.427003592252731,0.418697685003281,0.0121283791959286,-0.159021392464638,-0.0668959617614746,0.203153550624847,-0.0668978169560432,0.203152641654015,0.0121283791959286,-0.159021392464638,0.426914691925049,0.418738752603531,0.0120827658101916,-0.158998236060143,0.0121283791959286,-0.159021392464638,-0.0668959617614746,0.203153550624847,0.0120827658101916,-0.158998236060143,0.426911890506744,0.418737977743149
10.3612003326416,0.426942616701126,0.418645739555359,0.0121630858629942,-0.15905237197876,-0.0668094605207443,0.203172579407692,0.0121174622327089,-0.159029260277748,0.0121630858629942,-0.15905237197876,0.426939845085144,0.418644964694977,0.0121174640953541,-0.15902929008007,-0.0668075010180473,0.203173488378525,-0.0668094605207443,0.203172579407692,0.0121174640953541,-0.15902929008007,0.426850855350494,0.418686062097549,0.0120718479156494,-0.159006088972092,0.0121174622327089,-0.159029260277748,-0.0668075010180473,0.203173488378525,0.0120718479156494,-0.159006088972092,0.426848173141479,0.418685257434845
10.3615999221802,0.426878780126572,0.418593049049377,0.0121521325781941,-0.159060284495354,-0.0667209923267365,0.203192472457886,0.0121065462008119,-0.15903714299202,0.0121521325781941,-0.159060284495354,0.426876068115234,0.418592303991318,0.0121065462008119,-0.15903714299202,-0.0667191296815872,0.203193351626396,-0.0667209923267365,0.203192472457886,0.0121065462008119,-0.15903714299202,0.426787108182907,0.41863340139389,0.0120609290897846,-0.159013941884041,0.0121065462008119,-0.15903714299202,-0.0667191296815872,0.203193351626396,0.0120609290897846,-0.159013941884041,0.426784366369247,0.418632656335831
10.3620004653931,0.426814943552017,0.418540447950363,0.0121412165462971,-0.159068182110786,-0.066632516682148,0.203212305903435,0.0120956273749471,-0.15904501080513,0.0121412165462971,-0.159068182110786,0.42681223154068,0.418539673089981,0.0120956273749471,-0.15904501080513,-0.0666306614875793,0.203213185071945,-0.066632516682148,0.203212305903435,0.0120956273749471,-0.15904501080513,0.426723212003708,0.418580800294876,0.0120500084012747,-0.15902179479599,0.0120956273749471,-0.15904501080513,-0.0666306614875793,0.203213185071945,0.0120500084012747,-0.15902179479599,0.426720499992371,0.418580055236816
10.3624000549316,0.426751106977463,0.418487846851349,0.0121303359046578,-0.159076064825058,-0.0665441304445267,0.203232064843178,0.0120847066864371,-0.159052893519402,0.0121303359046578,-0.159076064825058,0.426748305559158,0.418487071990967,0.0120847066864371,-0.159052893519402,-0.066542275249958,0.203232958912849,-0.0665441304445267,0.203232064843178,0.0120847066864371,-0.159052893519402,0.426659375429153,0.418528258800507,0.0120390877127647,-0.159029647707939,0.0120847066864371,-0.159052893519402,-0.066542275249958,0.203232958912849,0.0120390877127647,-0.159029647707939,0.426656633615494,0.418527573347092
10.3627996444702,0.426687151193619,0.418435305356979,0.0121194161474705,-0.159083962440491,-0.0664555504918098,0.203251838684082,0.0120737859979272,-0.159060761332512,0.0121194161474705,-0.159083962440491,0.426684349775314,0.418434500694275,0.0120737859979272,-0.159060761332512,-0.0664536878466606,0.203252717852592,-0.0664555504918098,0.203251838684082,0.0120737859979272,-0.159060761332512,0.426595389842987,0.418475806713104,0.0120281632989645,-0.159037485718727,0.0120737859979272,-0.159060761332512,-0.0664536878466606,0.203252717852592,0.0120281632989645,-0.159037485718727,0.426592707633972,0.4184750020504
10.3632001876831,0.426623225212097,0.418382823467255,0.012108457274735,-0.159091845154762,-0.066367045044899,0.20327153801918,0.0120628252625465,-0.159068614244461,0.012108457274735,-0.159091845154762,0.426620453596115,0.418382108211517,0.0120628252625465,-0.159068614244461,-0.0663651898503304,0.203272417187691,-0.066367045044899,0.20327153801918,0.0120628252625465,-0.159068614244461,0.426531493663788,0.41842332482338,0.0120172007009387,-0.159045308828354,0.0120628252625465,-0.159068614244461,-0.0663651898503304,0.203272417187691,0.0120172007009387,-0.159045308828354,0.426528692245483,0.418422609567642
10.3635997772217,0.426559180021286,0.418330371379852,0.0120975347235799,-0.159099712967873,-0.0662785470485687,0.203291192650795,0.0120519008487463,-0.15907646715641,0.0120975347235799,-0.159099712967873,0.426556497812271,0.41832959651947,0.0120519008487463,-0.15907646715641,-0.0662765875458717,0.203292086720467,-0.0662785470485687,0.203291192650795,0.0120519008487463,-0.15907646715641,0.426467508077621,0.418370962142944,0.0120062753558159,-0.159053146839142,0.0120519008487463,-0.15907646715641,-0.0662765875458717,0.203292086720467,0.0120062753558159,-0.159053146839142,0.426464706659317,0.418370217084885
10.3640003204346,0.42649519443512,0.41827803850174,0.0120865730568767,-0.159107580780983,-0.0661899298429489,0.203310817480087,0.0120409373193979,-0.159084320068359,0.0120865730568767,-0.159107580780983,0.426492422819138,0.418277263641357,0.0120409745723009,-0.159084320068359,-0.0661880671977997,0.203311696648598,-0.0661899298429489,0.203310817480087,0.0120409745723009,-0.159084320068359,0.426403403282166,0.418318629264832,0.0119953490793705,-0.15906098484993,0.0120409373193979,-0.159084320068359,-0.0661880671977997,0.203311696648598,0.0119953490793705,-0.15906098484993,0.426400631666183,0.418317884206772
10.3643999099731,0.426431089639664,0.418225675821304,0.0120756486430764,-0.159115448594093,-0.0661013051867485,0.203330382704735,0.0120300110429525,-0.159092172980309,0.0120756486430764,-0.159115448594093,0.426428318023682,0.418224900960922,0.0120300110429525,-0.159092172980309,-0.0660994499921799,0.203331261873245,-0.0661013051867485,0.203330382704735,0.0120300110429525,-0.159092172980309,0.42633929848671,0.418266355991364,0.0119843818247318,-0.159068807959557,0.0120300110429525,-0.159092172980309,-0.0660994499921799,0.203331261873245,0.0119843818247318,-0.159068807959557,0.42633655667305,0.418265640735626
10.364800453186,0.42636701464653,0.418173402547836,0.0120647214353085,-0.159123316407204,-0.0660126805305481,0.203349903225899,0.0120190819725394,-0.159099996089935,0.0120647214353085,-0.159123316407204,0.426364332437515,0.418172657489777,0.0120190819725394,-0.159099996089935,-0.0660108253359795,0.20335079729557,-0.0660126805305481,0.203349903225899,0.0120190819725394,-0.159099996089935,0.426275283098221,0.418214112520218,0.0119734527543187,-0.159076616168022,0.0120190819725394,-0.159099996089935,-0.0660108178853989,0.203350782394409,0.0119734527543187,-0.159076616168022,0.426272481679916,0.418213367462158
10.3652000427246,0.426302909851074,0.418121188879013,0.0120537932962179,-0.159131169319153,-0.0659240409731865,0.20336939394474,0.0120081529021263,-0.159107849001884,0.0120537932962179,-0.159131169319153,0.42630010843277,0.418120414018631,0.0120081529021263,-0.159107849001884,-0.0659221783280373,0.20337025821209,-0.0659240409731865,0.20336939394474,0.0120081529021263,-0.159107849001884,0.426211088895798,0.418161928653717,0.0119625199586153,-0.159084424376488,0.0120081529021263,-0.159107849001884,-0.0659221783280373,0.20337025821209,0.0119625199586153,-0.159084424376488,0.426208347082138,0.418161183595657
10.3655996322632,0.426238715648651,0.41806897521019,0.0120427887886763,-0.159139022231102,-0.0658352971076965,0.203388839960098,0.0119971456006169,-0.159115687012672,0.0120427887886763,-0.159139022231102,0.426235973834991,0.418068259954453,0.0119971456006169,-0.159115687012672,-0.0658334419131279,0.20338973402977,-0.0658352971076965,0.203388839960098,0.0119971456006169,-0.159115687012672,0.426146954298019,0.418109774589539,0.0119515117257833,-0.159092232584953,0.0119971456006169,-0.159115687012672,-0.0658334419131279,0.20338973402977,0.0119515117257833,-0.159092232584953,0.426144242286682,0.418109059333801
10.3660001754761,0.426174461841583,0.418016880750656,0.012031857855618,-0.159146875143051,-0.0657466426491737,0.203408241271973,0.0119862137362361,-0.159123495221138,0.012031857855618,-0.159146875143051,0.426171690225601,0.418016135692596,0.0119862146675587,-0.159123510122299,-0.0657446905970573,0.203409150242805,-0.0657466426491737,0.203408241271973,0.0119862137362361,-0.159123495221138,0.426082640886307,0.418057709932327,0.0119405770674348,-0.15910005569458,0.0119862137362361,-0.159123495221138,-0.0657446905970573,0.203409150242805,0.0119405770674348,-0.15910005569458,0.426079958677292,0.418056935071945
10.3663997650146,0.426110178232193,0.417964786291122,0.0120209269225597,-0.159154713153839,-0.0656578838825226,0.203427597880363,0.0119752427563071,-0.159131318330765,0.0120209269225597,-0.159154713153839,0.426107436418533,0.417964071035385,0.0119752800092101,-0.159131318330765,-0.0656559318304062,0.203428506851196,-0.0656578838825226,0.203427597880363,0.0119752800092101,-0.159131318330765,0.426018506288528,0.418005645275116,0.0119296042248607,-0.159107849001884,0.0119752427563071,-0.159131318330765,-0.0656559318304062,0.203428506851196,0.0119296042248607,-0.159107849001884,0.426015764474869,0.418004959821701
10.3668003082275,0.426045954227448,0.417912751436234,0.0120099540799856,-0.159162566065788,-0.0655691251158714,0.203446909785271,0.0119642689824104,-0.159139141440392,0.0120099540799856,-0.159162566065788,0.426043152809143,0.417912036180496,0.011964307166636,-0.159139141440392,-0.0655671581625938,0.203447803854942,-0.0655691251158714,0.203446909785271,0.011964307166636,-0.159139141440392,0.425954133272171,0.417953699827194,0.011918630450964,-0.159115642309189,0.0119642689824104,-0.159139141440392,-0.0655671581625938,0.203447803854942,0.011918630450964,-0.159115642309189,0.425951391458511,0.417952984571457
10.3671998977661,0.425981611013412,0.417860776185989,0.0119989821687341,-0.159170404076576,-0.0654803439974785,0.203466162085533,0.0119533324614167,-0.159146949648857,0.0119989821687341,-0.159170404076576,0.425978809595108,0.41786003112793,0.0119533324614167,-0.159146949648857,-0.0654783919453621,0.203467085957527,-0.0654803439974785,0.203466162085533,0.0119533324614167,-0.159146949648857,0.425889879465103,0.417901784181595,0.0119076920673251,-0.159123435616493,0.0119533324614167,-0.159146949648857,-0.0654783919453621,0.203467085957527,0.0119076920673251,-0.159123435616493,0.425887078046799,0.417901009321213
10.367600440979,0.425917267799377,0.41780886054039,0.0119880456477404,-0.159178227186203,-0.0653914660215378,0.203485414385796,0.0119423577561975,-0.159154757857323,0.0119880456477404,-0.159178227186203,0.425914466381073,0.41780811548233,0.0119423577561975,-0.159154757857323,-0.0653896033763885,0.203486278653145,-0.0653914660215378,0.203485414385796,0.0119423577561975,-0.159154757857323,0.425825417041779,0.417849868535995,0.0118967145681381,-0.159131214022636,0.0119423577561975,-0.159154757857323,-0.0653896033763885,0.203486278653145,0.0118967145681381,-0.159131214022636,0.425822675228119,0.417849123477936
10.3680000305176,0.425852835178375,0.417756974697113,0.0119770700111985,-0.15918605029583,-0.0653025731444359,0.203504607081413,0.0119313802570105,-0.159162566065788,0.0119770700111985,-0.15918605029583,0.425850093364716,0.417756259441376,0.0119313802570105,-0.159162566065788,-0.0653007179498672,0.203505471348763,-0.0653025731444359,0.203504607081413,0.0119313802570105,-0.159162566065788,0.425761014223099,0.417798042297363,0.011885735206306,-0.15913899242878,0.0119313802570105,-0.159162566065788,-0.0653007179498672,0.203505471348763,0.011885735206306,-0.15913899242878,0.425758242607117,0.417797267436981
10.3683996200562,0.425788432359695,0.417705208063126,0.0119660943746567,-0.159193873405457,-0.065213680267334,0.203523755073547,0.0119204008951783,-0.159170374274254,0.0119660943746567,-0.159193873405457,0.425785660743713,0.417704403400421,0.0119204390794039,-0.159170344471931,-0.0652118176221848,0.203524619340897,-0.065213680267334,0.203523755073547,0.0119204390794039,-0.159170344471931,0.425696551799774,0.417746275663376,0.0118747539818287,-0.159146770834923,0.0119204008951783,-0.159170374274254,-0.0652118176221848,0.203524619340897,0.0118747539818287,-0.159146770834923,0.425693780183792,0.417745530605316
10.368800163269,0.425723880529404,0.417653381824493,0.0119551150128245,-0.159201681613922,-0.0651247799396515,0.203542858362198,0.0119094206020236,-0.159178152680397,0.0119551150128245,-0.159201681613922,0.425721198320389,0.417652636766434,0.0119094206020236,-0.159178152680397,-0.0651228204369545,0.203543737530708,-0.0651247799396515,0.203542858362198,0.0119094206020236,-0.159178152680397,0.425632059574127,0.417694538831711,0.011863773688674,-0.159154534339905,0.0119094206020236,-0.159178152680397,-0.0651228204369545,0.203543737530708,0.0118637727573514,-0.159154519438744,0.425629258155823,0.417693823575974
10.3691997528076,0.425659418106079,0.417601674795151,0.0119441356509924,-0.15920951962471,-0.0650358647108078,0.203561887145042,0.0118984393775463,-0.159185945987701,0.0119441356509924,-0.15920951962471,0.425656616687775,0.417600929737091,0.0118984784930944,-0.159185945987701,-0.0650338977575302,0.203562766313553,-0.0650358647108078,0.203561887145042,0.0118984784930944,-0.159185945987701,0.425567597150803,0.417642861604691,0.011852789670229,-0.159162282943726,0.0118984393775463,-0.159185945987701,-0.0650338977575302,0.203562766313553,0.011852789670229,-0.159162282943726,0.425564795732498,0.417642146348953
10.3696002960205,0.425594836473465,0.417550027370453,0.0119331553578377,-0.159217327833176,-0.0649469494819641,0.203580886125565,0.0118874572217464,-0.159193724393845,0.0119331553578377,-0.159217327833176,0.42559215426445,0.417549252510071,0.0118874572217464,-0.159193724393845,-0.0649449825286865,0.203581780195236,-0.0649469494819641,0.203580886125565,0.0118874572217464,-0.159193724393845,0.425502985715866,0.417591243982315,0.0118418065831065,-0.15917007625103,0.0118874572217464,-0.159193724393845,-0.0649449825286865,0.203581780195236,0.0118418065831065,-0.15917007625103,0.425500214099884,0.417590498924255
10.3699998855591,0.425530314445496,0.417498409748077,0.0119221722707152,-0.159225136041641,-0.0648578181862831,0.203599885106087,0.0118764732033014,-0.159201487898827,0.0119221722707152,-0.159225136041641,0.425527542829514,0.417497634887695,0.0118764732033014,-0.159201487898827,-0.0648559555411339,0.203600749373436,-0.0648578181862831,0.203599885106087,0.0118764732033014,-0.159201487898827,0.425438463687897,0.417539685964584,0.0118307834491134,-0.159177824854851,0.0118764732033014,-0.159201487898827,-0.0648559555411339,0.203600749373436,0.0118307834491134,-0.159177824854851,0.425435662269592,0.417538940906525
10.370400428772,0.425465643405914,0.417446821928024,0.0119111509993672,-0.159232899546623,-0.0647688880562782,0.203618779778481,0.0118654882535338,-0.159209281206131,0.0119111509993672,-0.159232899546623,0.42546284198761,0.417446047067642,0.0118654882535338,-0.159209281206131,-0.0647669211030006,0.203619658946991,-0.0647688880562782,0.203618779778481,0.0118654882535338,-0.159209281206131,0.425373792648315,0.417488157749176,0.0118198338896036,-0.159185588359833,0.0118654882535338,-0.159209281206131,-0.0647669211030006,0.203619658946991,0.0118198338896036,-0.159185588359833,0.425370991230011,0.417487382888794
10.3708000183105,0.425400942564011,0.417395293712616,0.0119001660495996,-0.159240692853928,-0.0646798461675644,0.203637644648552,0.0118544632568955,-0.159217044711113,0.0119001660495996,-0.159240692853928,0.425398170948029,0.417394548654556,0.0118544632568955,-0.159217044711113,-0.0646778866648674,0.203638538718224,-0.0646798461675644,0.203637644648552,0.0118544632568955,-0.159217044711113,0.425309062004089,0.417436689138412,0.0118088079616427,-0.159193322062492,0.0118544632568955,-0.159217044711113,-0.0646778866648674,0.203638538718224,0.0118088079616427,-0.159193322062492,0.425306379795074,0.41743591427803
10.3711996078491,0.425336331129074,0.417343854904175,0.0118891801685095,-0.159248486161232,-0.0645906925201416,0.203656509518623,0.0118435127660632,-0.159224823117256,0.0118891801685095,-0.159248486161232,0.42533352971077,0.417343080043793,0.0118435127660632,-0.159224823117256,-0.0645888298749924,0.203657358884811,-0.0645906925201416,0.203656509518623,0.0118435127660632,-0.159224823117256,0.42524442076683,0.417385250329971,0.0117978164926171,-0.159201055765152,0.0118435127660632,-0.159224823117256,-0.0645888298749924,0.203657358884811,0.0117978164926171,-0.159201055765152,0.425241649150848,0.417384505271912
10.371600151062,0.425271540880203,0.417292386293411,0.011878153309226,-0.159256264567375,-0.0645015463232994,0.20367531478405,0.0118324859067798,-0.159232586622238,0.011878153309226,-0.159256264567375,0.425268799066544,0.417291730642319,0.0118324859067798,-0.159232586622238,-0.0644996836781502,0.203676179051399,-0.0645015463232994,0.20367531478405,0.0118324859067798,-0.159232586622238,0.425179690122604,0.417333900928497,0.0117867887020111,-0.159208804368973,0.0118324859067798,-0.159232586622238,-0.0644996836781502,0.203676179051399,0.0117867887020111,-0.159208804368973,0.425176918506622,0.417333126068115
10.3719997406006,0.425206780433655,0.417241036891937,0.0118672028183937,-0.15926405787468,-0.0644124746322632,0.203694045543671,0.0118214571848512,-0.15924035012722,0.0118672028183937,-0.15926405787468,0.425204008817673,0.4172403216362,0.0118214953690767,-0.159240320324898,-0.0644105151295662,0.203694939613342,-0.0644124746322632,0.203694045543671,0.0118214953690767,-0.159240320324898,0.425114840269089,0.417282551527023,0.0117757963016629,-0.159216523170471,0.0118214571848512,-0.15924035012722,-0.0644105151295662,0.203694939613342,0.0117757963016629,-0.159216523170471,0.425112068653107,0.417281836271286
10.3724002838135,0.425141990184784,0.417189717292786,0.0118561750277877,-0.159271836280823,-0.0643233135342598,0.203712746500969,0.0118104638531804,-0.15924808382988,0.0118561750277877,-0.159271836280823,0.425139158964157,0.417189002037048,0.0118104638531804,-0.15924808382988,-0.0643213465809822,0.203713610768318,-0.0643233135342598,0.203712746500969,0.0118104638531804,-0.15924808382988,0.425050050020218,0.417231261730194,0.011764763854444,-0.159224256873131,0.0118104638531804,-0.15924808382988,-0.0643213465809822,0.203713610768318,0.011764763854444,-0.159224256873131,0.425047308206558,0.417230546474457
10.3727998733521,0.425077140331268,0.417138487100601,0.0118451444432139,-0.159279614686966,-0.0642341300845146,0.203731402754784,0.0117994332686067,-0.159255832433701,0.0118451444432139,-0.159279614686966,0.425074368715286,0.417137712240219,0.0117994714528322,-0.159255832433701,-0.0642321705818176,0.203732296824455,-0.0642341300845146,0.203731402754784,0.0117994714528322,-0.159255832433701,0.424985140562057,0.417180061340332,0.0117537304759026,-0.15923199057579,0.0117994332686067,-0.159255832433701,-0.0642321705818176,0.203732296824455,0.0117537304759026,-0.15923199057579,0.424982368946075,0.417179316282272
10.3732004165649,0.425012230873108,0.417087286710739,0.0118341520428658,-0.159287378191948,-0.0641448497772217,0.203750029206276,0.0117884380742908,-0.159263595938683,0.0118341520428658,-0.159287378191948,0.425009459257126,0.417086571455002,0.0117884380742908,-0.159263595938683,-0.0641429871320724,0.203750878572464,-0.0641448497772217,0.203750029206276,0.0117884380742908,-0.159263595938683,0.424920290708542,0.417128890752792,0.0117427343502641,-0.159239709377289,0.0117884380742908,-0.159263595938683,-0.0641429871320724,0.203750878572464,0.0117427343502641,-0.159239709377289,0.42491751909256,0.417128175497055
10.3736000061035,0.424947321414948,0.417036116123199,0.0118231177330017,-0.159295126795769,-0.0640556588768959,0.203768610954285,0.0117774037644267,-0.159271314740181,0.0118231177330017,-0.159295126795769,0.424944549798965,0.417035400867462,0.0117774037644267,-0.159271314740181,-0.0640536919236183,0.203769490122795,-0.0640556588768959,0.203768610954285,0.0117774037644267,-0.159271314740181,0.424855411052704,0.417077779769897,0.0117317363619804,-0.159247428178787,0.0117774037644267,-0.159271314740181,-0.0640536919236183,0.203769490122795,0.0117317363619804,-0.159247428178787,0.424852609634399,0.41707706451416
10.3739995956421,0.42488232254982,0.416985034942627,0.0118121234700084,-0.159302890300751,-0.0639663636684418,0.20378714799881,0.0117663675919175,-0.159279048442841,0.0118121234700084,-0.159302890300751,0.424879521131516,0.416984289884567,0.0117663675919175,-0.159279048442841,-0.0639643892645836,0.203788012266159,-0.0639663636684418,0.20378714799881,0.0117663675919175,-0.159279048442841,0.424790441989899,0.417026728391647,0.0117206992581487,-0.159255146980286,0.0117663675919175,-0.159279048442841,-0.0639643892645836,0.203788012266159,0.0117206992581487,-0.159255146980286,0.424787640571594,0.417025983333588
10.374400138855,0.42481729388237,0.416933923959732,0.0118010872974992,-0.159310638904572,-0.0638770535588264,0.20380562543869,0.0117553323507309,-0.1592867821455,0.0118010872974992,-0.159310638904572,0.42481455206871,0.416933238506317,0.0117553705349565,-0.1592867821455,-0.0638750866055489,0.203806489706039,-0.0638770535588264,0.20380562543869,0.0117553705349565,-0.1592867821455,0.424725353717804,0.416975736618042,0.0117096602916718,-0.159262835979462,0.0117553705349565,-0.1592867821455,-0.0638750866055489,0.203806489706039,0.0117096602916718,-0.159262835979462,0.424722582101822,0.41697496175766
10.3747997283936,0.424752324819565,0.416882932186127,0.01179005112499,-0.159318402409554,-0.0637877434492111,0.203824043273926,0.011744330637157,-0.159294500946999,0.01179005112499,-0.159318402409554,0.424749583005905,0.416882276535034,0.011744330637157,-0.159294500946999,-0.0637857764959335,0.203824922442436,-0.0637877434492111,0.203824043273926,0.011744330637157,-0.159294500946999,0.424660384654999,0.416924744844437,0.0116986203938723,-0.159270539879799,0.011744330637157,-0.159294500946999,-0.0637857764959335,0.203824922442436,0.0116986203938723,-0.159270539879799,0.424657642841339,0.416924059391022
10.3752002716064,0.424687266349792,0.416832000017166,0.0117790130898356,-0.159326121211052,-0.0636983215808868,0.203842461109161,0.0117332534864545,-0.159302234649658,0.0117790130898356,-0.159326121211052,0.424684524536133,0.416831284761429,0.0117333298549056,-0.159302234649658,-0.0636963546276093,0.203843340277672,-0.0636983215808868,0.203842461109161,0.0117333298549056,-0.159302234649658,0.424595236778259,0.416873842477798,0.0116875795647502,-0.159278228878975,0.0117332525551319,-0.159302219748497,-0.0636963546276093,0.203843340277672,0.0116875795647502,-0.159278228878975,0.424592465162277,0.416873097419739
10.375599861145,0.424622237682343,0.416781097650528,0.0117679741233587,-0.159333884716034,-0.0636088997125626,0.203860834240913,0.011722250841558,-0.159309938549995,0.0117679741233587,-0.159333884716034,0.424619406461716,0.416780382394791,0.0117222517728806,-0.159309953451157,-0.0636070296168327,0.203861683607101,-0.0636088997125626,0.203860834240913,0.0117222517728806,-0.159309953451157,0.424530118703842,0.416822999715805,0.0116765378043056,-0.159285932779312,0.011722250841558,-0.159309938549995,-0.0636070296168327,0.203861683607101,0.0116765378043056,-0.159285932779312,0.42452734708786,0.416822284460068
10.3760004043579,0.424557060003281,0.416730225086212,0.0117569323629141,-0.159341603517532,-0.0635195598006248,0.203879117965698,0.0117112081497908,-0.159317657351494,0.0117569323629141,-0.159341603517532,0.424554258584976,0.416729509830475,0.0117112081497908,-0.159317657351494,-0.0635175928473473,0.203879997134209,-0.0635195598006248,0.203879117965698,0.0117112081497908,-0.159317657351494,0.42446494102478,0.416772127151489,0.0116654932498932,-0.159293606877327,0.0117112081497908,-0.159317657351494,-0.0635175928473473,0.203879997134209,0.0116654932498932,-0.159293606877327,0.424462258815765,0.416771471500397
10.3763999938965,0.424491912126541,0.416679471731186,0.0117458906024694,-0.159349322319031,-0.0634300261735916,0.203897416591644,0.0117001654580235,-0.159325361251831,0.0117458906024694,-0.159349322319031,0.42448902130127,0.416678756475449,0.0117001654580235,-0.159325361251831,-0.0634281486272812,0.203898251056671,-0.0634300261735916,0.203897416591644,0.0117001654580235,-0.159325361251831,0.424399852752686,0.416721433401108,0.0116544477641582,-0.159301310777664,0.0117001654580235,-0.159325361251831,-0.0634281486272812,0.203898251056671,0.0116544477641582,-0.159301310777664,0.424397081136703,0.41672071814537
10.3767995834351,0.424426674842834,0.41662871837616,0.0117348469793797,-0.15935705602169,-0.0633405745029449,0.203915610909462,0.0116891199722886,-0.159333065152168,0.0117348469793797,-0.15935705602169,0.424423784017563,0.4166279733181,0.0116891199722886,-0.159333065152168,-0.0633386969566345,0.20391646027565,-0.0633405745029449,0.203915610909462,0.0116891199722886,-0.159333065152168,0.424334555864334,0.416670739650726,0.0116434004157782,-0.159308969974518,0.0116891199722886,-0.159333065152168,-0.0633386969566345,0.20391646027565,0.0116434004157782,-0.159308969974518,0.424331784248352,0.416669994592667
10.3772001266479,0.424361407756805,0.416577965021133,0.0117238024249673,-0.159364774823189,-0.0632511228322983,0.203933775424957,0.0116780735552311,-0.159340769052505,0.0117238024249673,-0.159364774823189,0.424358546733856,0.416577279567719,0.0116780735552311,-0.159340769052505,-0.0632491484284401,0.203934639692307,-0.0632511228322983,0.203933775424957,0.0116780735552311,-0.159340769052505,0.42426934838295,0.416620045900345,0.0116323530673981,-0.159316658973694,0.0116780735552311,-0.159340769052505,-0.0632491484284401,0.203934639692307,0.0116323530673981,-0.159316658973694,0.42426660656929,0.41661936044693
10.3775997161865,0.424296140670776,0.416527360677719,0.0117127560079098,-0.159372478723526,-0.0631616190075874,0.20395191013813,0.0116669870913029,-0.15934844315052,0.0117127560079098,-0.159372478723526,0.424293369054794,0.416526645421982,0.0116669870913029,-0.15934844315052,-0.0631596893072128,0.203952774405479,-0.0631616190075874,0.20395191013813,0.0116669870913029,-0.15934844315052,0.424204081296921,0.416569441556931,0.0116213038563728,-0.159324318170547,0.0116669870913029,-0.15934844315052,-0.0631596893072128,0.203952774405479,0.0116213038563728,-0.159324318170547,0.424201279878616,0.416568756103516
10.3780002593994,0.424230813980103,0.416476786136627,0.0117017095908523,-0.159380197525024,-0.0630721002817154,0.203970015048981,0.0116559388116002,-0.159356132149696,0.0117017095908523,-0.159380197525024,0.424228012561798,0.416476041078568,0.0116559388116002,-0.159356132149696,-0.0630701258778572,0.203970864415169,-0.0630721002817154,0.203970015048981,0.0116559388116002,-0.159356132149696,0.424138695001602,0.416518926620483,0.0116102155297995,-0.159331992268562,0.0116559378802776,-0.159356117248535,-0.0630701258778572,0.203970864415169,0.0116102155297995,-0.159331992268562,0.42413592338562,0.416518181562424
10.378399848938,0.424165397882462,0.416426211595535,0.011690660379827,-0.159387901425362,-0.0629825219511986,0.203988060355186,0.0116448886692524,-0.159363821148872,0.011690660379827,-0.159387901425362,0.424162656068802,0.41642552614212,0.0116448886692524,-0.159363821148872,-0.0629805475473404,0.203988894820213,-0.0629825219511986,0.203988060355186,0.0116448886692524,-0.159363821148872,0.424073398113251,0.416468411684036,0.0115991644561291,-0.159339651465416,0.0116448886692524,-0.159363821148872,-0.0629805475473404,0.203988894820213,0.0115991644561291,-0.159339651465416,0.424070686101913,0.416467696428299
10.3788003921509,0.424100011587143,0.416375726461411,0.0116795720532537,-0.159395590424538,-0.0628928318619728,0.204006046056747,0.0116338357329369,-0.159371480345726,0.0116795720532537,-0.159395590424538,0.424097210168839,0.416374981403351,0.0116338366642594,-0.159371495246887,-0.062890961766243,0.204006880521774,-0.0628928318619728,0.204006046056747,0.0116338357329369,-0.159371480345726,0.424007952213287,0.416417986154556,0.0115880714729428,-0.159347280859947,0.0116338357329369,-0.159371480345726,-0.062890961766243,0.204006895422935,0.0115880714729428,-0.159347280859947,0.424005180597305,0.416417270898819
10.3791999816895,0.424034535884857,0.416325300931931,0.0116684818640351,-0.159403294324875,-0.062803253531456,0.204024001955986,0.0116227455437183,-0.159379169344902,0.0116684818640351,-0.159403294324875,0.424031764268875,0.416324555873871,0.0116227455437183,-0.159379169344902,-0.0628012716770172,0.204024866223335,-0.062803253531456,0.204024001955986,0.0116227455437183,-0.159379169344902,0.423942506313324,0.416367560625076,0.0115770166739821,-0.159354954957962,0.0116227455437183,-0.159379169344902,-0.0628012716770172,0.204024866223335,0.0115770166739821,-0.159354954957962,0.423939734697342,0.416366875171661
10.379599571228,0.423969060182571,0.416274905204773,0.0116574298590422,-0.159410998225212,-0.0627135559916496,0.204041928052902,0.0116116525605321,-0.159386828541756,0.0116574298590422,-0.159410998225212,0.423966288566589,0.416274189949036,0.0116116525605321,-0.159386828541756,-0.0627116784453392,0.204042762517929,-0.0627135559916496,0.204041928052902,0.0116116525605321,-0.159386828541756,0.423877030611038,0.416317254304886,0.0115659236907959,-0.159362599253654,0.0116116525605321,-0.159386828541756,-0.0627116784453392,0.204042762517929,0.0115659236907959,-0.159362599253654,0.423874318599701,0.416316539049149
10.3800001144409,0.423903614282608,0.41622456908226,0.0116463750600815,-0.159418672323227,-0.0626239031553268,0.204059779644012,0.0116005958989263,-0.159394502639771,0.0116463750600815,-0.159418672323227,0.423900812864304,0.416223853826523,0.0116005958989263,-0.159394502639771,-0.0626219734549522,0.204060629010201,-0.0626238510012627,0.204059779644012,0.0116005958989263,-0.159394502639771,0.42381152510643,0.416266977787018,0.0115548279136419,-0.159370243549347,0.0116005958989263,-0.159394502639771,-0.0626219734549522,0.204060629010201,0.0115548279136419,-0.159370243549347,0.423808753490448,0.416266262531281
10.3803997039795,0.423838078975677,0.416174352169037,0.0116352820768952,-0.159426361322403,-0.0625341460108757,0.204077616333961,0.011589540168643,-0.159402146935463,0.0116352820768952,-0.159426361322403,0.423835307359695,0.416173577308655,0.011589540168643,-0.159402146935463,-0.0625322684645653,0.20407846570015,-0.0625341460108757,0.204077616333961,0.011589540168643,-0.159402146935463,0.423746019601822,0.416216731071472,0.0115437693893909,-0.159377858042717,0.011589540168643,-0.159402146935463,-0.0625322684645653,0.20407846570015,0.0115437693893909,-0.159377858042717,0.42374324798584,0.416216015815735
10.3808002471924,0.423772513866425,0.416124075651169,0.0116241862997413,-0.159434035420418,-0.0624444223940372,0.204095378518105,0.0115784434601665,-0.159409806132317,0.0116241862997413,-0.159434035420418,0.423769742250443,0.416123330593109,0.0115784434601665,-0.159409806132317,-0.0624425001442432,0.204096227884293,-0.0624444223940372,0.204095378518105,0.0115784434601665,-0.159409806132317,0.423680394887924,0.416166573762894,0.0115327090024948,-0.159385502338409,0.0115784434601665,-0.159409806132317,-0.0624425001442432,0.204096227884293,0.0115327090024948,-0.159385502338409,0.423677623271942,0.416165828704834
10.381199836731,0.423706889152527,0.416073888540268,0.0116131277754903,-0.159441709518433,-0.0623546540737152,0.204113125801086,0.0115673439577222,-0.159417450428009,0.0116131277754903,-0.159441709518433,0.423704117536545,0.416073173284531,0.0115673439577222,-0.15941746532917,-0.0623527280986309,0.204113960266113,-0.0623546540737152,0.204113125801086,0.0115673439577222,-0.15941746532917,0.423614770174026,0.416116416454315,0.0115215722471476,-0.159393116831779,0.0115673439577222,-0.159417450428009,-0.0623527280986309,0.204113960266113,0.0115215722471476,-0.159393116831779,0.423612028360367,0.4161157310009
10.3816003799438,0.423641264438629,0.416023761034012,0.0116020692512393,-0.159449398517609,-0.0622648671269417,0.204130798578262,0.0115562835708261,-0.159425094723701,0.0116020692512393,-0.159449398517609,0.423638492822647,0.416023045778275,0.0115562835708261,-0.159425094723701,-0.0622629001736641,0.20413164794445,-0.0622648671269417,0.204130798578262,0.0115562835708261,-0.159425094723701,0.423549085855484,0.416066288948059,0.0115105081349611,-0.159400746226311,0.0115562835708261,-0.159425094723701,-0.0622628964483738,0.204131633043289,0.0115105081349611,-0.159400746226311,0.423546344041824,0.416065633296967
10.3819999694824,0.423575580120087,0.415973693132401,0.011590932495892,-0.159457057714462,-0.0621750317513943,0.204148426651955,0.0115451449528337,-0.159432753920555,0.011590932495892,-0.159457057714462,0.423572689294815,0.415973007678986,0.0115451449528337,-0.159432753920555,-0.0621730610728264,0.204149276018143,-0.0621750317513943,0.204148426651955,0.0115451449528337,-0.159432753920555,0.423483401536942,0.416016310453415,0.0114994067698717,-0.159408375620842,0.0115451449528337,-0.159432753920555,-0.0621730610728264,0.204149276018143,0.0114994067698717,-0.159408375620842,0.423480629920959,0.416015595197678
10.382399559021,0.423509836196899,0.415923684835434,0.0115798683837056,-0.159464702010155,-0.0620851963758469,0.204166054725647,0.0115340817719698,-0.159440368413925,0.0115798683837056,-0.159464702010155,0.423506945371628,0.415922969579697,0.0115340817719698,-0.159440368413925,-0.0620832182466984,0.204166889190674,-0.0620851963758469,0.204166054725647,0.0115340817719698,-0.159440368413925,0.423417657613754,0.415966361761093,0.0114883026108146,-0.159415990114212,0.0115340817719698,-0.159440368413925,-0.0620832182466984,0.204166889190674,0.0114883026108146,-0.159415990114212,0.423414885997772,0.415965646505356
10.3828001022339,0.423444092273712,0.41587370634079,0.0115687679499388,-0.159472361207008,-0.0619952976703644,0.204183593392372,0.0115229776129127,-0.159448012709618,0.0115687679499388,-0.159472361207008,0.42344132065773,0.415873020887375,0.0115229776129127,-0.159448012709618,-0.0619933679699898,0.204184427857399,-0.0619952976703644,0.204183593392372,0.0115229776129127,-0.159448012709618,0.423351883888245,0.415916442871094,0.0114771984517574,-0.159423589706421,0.0115229776129127,-0.159448012709618,-0.0619933679699898,0.204184427857399,0.0114771984517574,-0.159423589706421,0.423349112272263,0.415915697813034
10.3831996917725,0.42337828874588,0.415823757648468,0.0115576637908816,-0.159480005502701,-0.0619053915143013,0.204201102256775,0.0115118725225329,-0.159455642104149,0.0115576637908816,-0.159480005502701,0.423375517129898,0.415823101997375,0.0115118725225329,-0.159455642104149,-0.0619034133851528,0.204201936721802,-0.0619053915143013,0.204201102256775,0.0115118725225329,-0.159455642104149,0.423286139965057,0.415866523981094,0.0114660924300551,-0.15943118929863,0.0115118725225329,-0.159455642104149,-0.0619034133851528,0.204201936721802,0.0114660924300551,-0.15943118929863,0.423283368349075,0.415865808725357
10.3836002349854,0.423312395811081,0.415773928165436,0.0115465605631471,-0.159487664699554,-0.0618154220283031,0.204218551516533,0.0115007683634758,-0.15946327149868,0.0115465605631471,-0.159487664699554,0.423309624195099,0.415773212909698,0.0115007683634758,-0.15946327149868,-0.0618134997785091,0.204219400882721,-0.0618154220283031,0.204218551516533,0.0115007683634758,-0.15946327149868,0.423220247030258,0.415816694498062,0.0114550227299333,-0.159438788890839,0.0115007674321532,-0.159463256597519,-0.0618134997785091,0.204219400882721,0.0114550227299333,-0.159438788890839,0.423217445611954,0.415816068649292
10.3839998245239,0.423246562480927,0.415724128484726,0.0115354536101222,-0.159495294094086,-0.061725452542305,0.204235970973969,0.0114896604791284,-0.15947088599205,0.0115354536101222,-0.159495294094086,0.423243761062622,0.415723383426666,0.0114896604791284,-0.15947088599205,-0.0617235265672207,0.204236805438995,-0.061725452542305,0.204235970973969,0.0114896604791284,-0.15947088599205,0.423154473304749,0.415766954421997,0.0114438757300377,-0.159446388483047,0.0114896604791284,-0.15947088599205,-0.0617235265672207,0.204236805438995,0.0114438757300377,-0.159446388483047,0.423151582479477,0.415766268968582
10.3844003677368,0.42318058013916,0.415674358606339,0.0115243103355169,-0.159502938389778,-0.0616354867815971,0.204253360629082,0.0114785134792328,-0.159478485584259,0.0115243103355169,-0.159502938389778,0.423177868127823,0.415673673152924,0.0114785516634583,-0.159478485584259,-0.0616335086524487,0.204254195094109,-0.0616354867815971,0.204253360629082,0.0114785516634583,-0.159478485584259,0.423088520765305,0.415717244148254,0.0114327650517225,-0.159453973174095,0.0114785134792328,-0.159478485584259,-0.0616335086524487,0.204254195094109,0.0114327650517225,-0.159453973174095,0.423085659742355,0.415716528892517
10.3847999572754,0.423114776611328,0.415624648332596,0.0115132387727499,-0.159510552883148,-0.0615454986691475,0.204270660877228,0.0114674409851432,-0.159486085176468,0.0115132387727499,-0.159510552883148,0.423111915588379,0.415623962879181,0.0114674419164658,-0.159486100077629,-0.061543520539999,0.204271510243416,-0.0615454986691475,0.204270660877228,0.0114674419164658,-0.159486100077629,0.423022508621216,0.415667593479156,0.0114216543734074,-0.159461557865143,0.0114674409851432,-0.159486085176468,-0.061543520539999,0.204271510243416,0.0114216543734074,-0.159461557865143,0.423019766807556,0.415666878223419
10.385199546814,0.423048734664917,0.415574997663498,0.0115020908415318,-0.159518197178841,-0.0614554136991501,0.204287961125374,0.011456293053925,-0.159493699669838,0.0115020908415318,-0.159518197178841,0.423045992851257,0.415574312210083,0.011456293053925,-0.159493699669838,-0.0614534839987755,0.204288795590401,-0.0614554136991501,0.204287961125374,0.011456293053925,-0.159493699669838,0.422956496477127,0.415617972612381,0.0114105036482215,-0.15946914255619,0.011456293053925,-0.159493699669838,-0.0614534839987755,0.204288795590401,0.0114105036482215,-0.15946914255619,0.422953754663467,0.415617287158966
10.3856000900269,0.422982722520828,0.415525406599045,0.0114910183474422,-0.159525796771049,-0.0613653622567654,0.204305186867714,0.0114451805129647,-0.159501299262047,0.0114910183474422,-0.159525796771049,0.422979921102524,0.415524661540985,0.0114451805129647,-0.159501299262047,-0.0613634325563908,0.204306021332741,-0.0613653622567654,0.204305186867714,0.0114451805129647,-0.159501299262047,0.422890543937683,0.41556841135025,0.0113993901759386,-0.159476712346077,0.0114451805129647,-0.159501299262047,-0.0613634325563908,0.204306021332741,0.0113993901759386,-0.159476712346077,0.422887772321701,0.415567725896835
10.3859996795654,0.42291671037674,0.415475845336914,0.0114798676222563,-0.159533426165581,-0.0612752623856068,0.204322397708893,0.0114340661093593,-0.159508898854256,0.0114798676222563,-0.159533426165581,0.422913908958435,0.415475130081177,0.0114340661093593,-0.159508898854256,-0.0612733364105225,0.204323217272758,-0.0612752661108971,0.204322412610054,0.0114340661093593,-0.159508898854256,0.422824561595917,0.415518909692764,0.011388273909688,-0.159484282135963,0.0114340661093593,-0.159508898854256,-0.0612733364105225,0.204323217272758,0.011388273909688,-0.159484282135963,0.422821670770645,0.415518164634705
10.3864002227783,0.422850579023361,0.415426343679428,0.0114687150344253,-0.159541040658951,-0.0611851140856743,0.204339548945427,0.0114229135215282,-0.159516483545303,0.0114687150344253,-0.159541040658951,0.422847896814346,0.415425658226013,0.0114229135215282,-0.159516483545303,-0.0611832290887833,0.204340368509293,-0.0611851140856743,0.204339548945427,0.0114229135215282,-0.159516483545303,0.422758489847183,0.415469437837601,0.0113771175965667,-0.159491837024689,0.0114229135215282,-0.159516483545303,-0.061183225363493,0.204340353608131,0.0113771175965667,-0.159491837024689,0.422755628824234,0.415468782186508
10.3867998123169,0.42278453707695,0.415376961231232,0.0114576388150454,-0.15954864025116,-0.0610949955880642,0.204356625676155,0.0114117581397295,-0.15952405333519,0.0114576388150454,-0.15954864025116,0.422781676054001,0.415376216173172,0.0114117963239551,-0.159524068236351,-0.0610930658876896,0.204357475042343,-0.0610949955880642,0.204356625676155,0.0114117963239551,-0.159524068236351,0.42269229888916,0.415420025587082,0.0113660003989935,-0.159499391913414,0.0114117581397295,-0.15952405333519,-0.0610930658876896,0.204357475042343,0.0113660003989935,-0.159499391913414,0.422689497470856,0.415419369935989
10.3872003555298,0.422718316316605,0.415327548980713,0.0114464843645692,-0.15955625474453,-0.0610048286616802,0.204373702406883,0.0114006409421563,-0.159531652927399,0.0114464843645692,-0.15955625474453,0.422715485095978,0.415326863527298,0.0114006772637367,-0.159531652927399,-0.0610028877854347,0.204374521970749,-0.0610048286616802,0.204373702406883,0.0114006772637367,-0.159531652927399,0.422626107931137,0.415370762348175,0.0113548431545496,-0.1595069617033,0.0114006409421563,-0.159531652927399,-0.0610028877854347,0.204374521970749,0.0113548431545496,-0.1595069617033,0.422623306512833,0.415370017290115
10.3875999450684,0.422652184963226,0.415278166532516,0.0114353289827704,-0.159563854336739,-0.0609146505594254,0.204390704631805,0.0113895209506154,-0.159539222717285,0.0114353289827704,-0.159563854336739,0.422649294137955,0.415277481079102,0.0113895209506154,-0.159539222717285,-0.0609126687049866,0.204391524195671,-0.0609146505594254,0.204390704631805,0.0113895209506154,-0.159539222717285,0.422559976577759,0.415321439504623,0.0113437222316861,-0.159514516592026,0.0113895209506154,-0.159539222717285,-0.0609126687049866,0.204391524195671,0.0113437222316861,-0.159514516592026,0.422557204961777,0.415320724248886
10.3879995346069,0.422585934400558,0.41522890329361,0.0114241717383265,-0.159571439027786,-0.0608244128525257,0.204407662153244,0.0113783618435264,-0.159546792507172,0.0114241717383265,-0.159571439027786,0.422583162784576,0.415228217840195,0.0113783618435264,-0.159546792507172,-0.0608224309980869,0.204408496618271,-0.0608244128525257,0.204407662153244,0.0113783618435264,-0.159546792507172,0.422493696212769,0.415272176265717,0.0113325621932745,-0.159522071480751,0.0113783618435264,-0.159546792507172,-0.0608224309980869,0.204408496618271,0.0113325621932745,-0.159522071480751,0.422490894794464,0.415271520614624
10.3884000778198,0.422519683837891,0.415179669857025,0.0114130508154631,-0.159579023718834,-0.0607341751456261,0.20442458987236,0.0113672027364373,-0.159554377198219,0.0114130508154631,-0.159579023718834,0.422516942024231,0.41517898440361,0.0113672027364373,-0.159554377198219,-0.0607321932911873,0.204425409436226,-0.0607341751456261,0.20442458987236,0.0113672027364373,-0.159554377198219,0.422427415847778,0.415223002433777,0.0113214002922177,-0.159529596567154,0.0113672027364373,-0.159554377198219,-0.0607321932911873,0.204425409436226,0.0113214002922177,-0.159529596567154,0.422424644231796,0.41522228717804
10.3887996673584,0.422453373670578,0.415130525827408,0.0114019298925996,-0.159586623311043,-0.0606438294053078,0.204441472887993,0.0113560417667031,-0.159561932086945,0.0114019298925996,-0.159586623311043,0.422450602054596,0.415129810571671,0.0113560799509287,-0.159561932086945,-0.0606418512761593,0.20444230735302,-0.0606438294053078,0.204441472887993,0.0113560799509287,-0.159561932086945,0.422361105680466,0.415173888206482,0.0113102374598384,-0.159537136554718,0.0113560417667031,-0.159561932086945,-0.0606418512761593,0.20444230735302,0.0113102374598384,-0.159537136554718,0.422358334064484,0.415173172950745
10.3892002105713,0.422387033700943,0.415081351995468,0.0113907307386398,-0.15959420800209,-0.0605535767972469,0.204458296298981,0.0113449152559042,-0.159569472074509,0.0113907307386398,-0.15959420800209,0.422384262084961,0.415080666542053,0.0113449152559042,-0.159569472074509,-0.0605515949428082,0.204459115862846,-0.0605535767972469,0.204458296298981,0.0113449152559042,-0.159569472074509,0.422294825315475,0.415124773979187,0.011299111880362,-0.159544661641121,0.0113449152559042,-0.159569472074509,-0.0605515949428082,0.204459115862846,0.011299111880362,-0.159544661641121,0.422291934490204,0.415124088525772
10.3895998001099,0.422320634126663,0.415032297372818,0.0113796051591635,-0.159601747989655,-0.0604632198810577,0.204475089907646,0.0113337524235249,-0.159577026963234,0.0113796051591635,-0.159601747989655,0.422317862510681,0.415031611919403,0.0113337524235249,-0.159577026963234,-0.0604612343013287,0.204475894570351,-0.0604632198810577,0.204475089907646,0.0113337524235249,-0.159577026963234,0.422228425741196,0.415075749158859,0.0112879471853375,-0.159552201628685,0.0113337524235249,-0.159577026963234,-0.0604612343013287,0.204475894570351,0.0112879471853375,-0.159552201628685,0.422225564718246,0.415075033903122
10.3900003433228,0.422254234552383,0.414983242750168,0.0113684423267841,-0.159609347581863,-0.0603728517889977,0.204491823911667,0.0113226249814034,-0.159584581851959,0.0113684423267841,-0.159609347581863,0.422251462936401,0.414982587099075,0.0113226249814034,-0.159584581851959,-0.0603708736598492,0.204492643475533,-0.0603728517889977,0.204491823911667,0.0113226249814034,-0.159584581851959,0.422161936759949,0.415026754140854,0.0112767415121198,-0.159559726715088,0.0113226249814034,-0.159584581851959,-0.0603708736598492,0.204492643475533,0.0112767415121198,-0.159559726715088,0.422159194946289,0.415026098489761
10.3903999328613,0.422187834978104,0.41493433713913,0.0113572767004371,-0.159616902470589,-0.0602824352681637,0.204508543014526,0.0113114584237337,-0.159592121839523,0.0113572767004371,-0.159616902470589,0.422185093164444,0.41493359208107,0.0113114584237337,-0.159592121839523,-0.0602805055677891,0.20450933277607,-0.0602824352681637,0.204508543014526,0.0113114584237337,-0.159592121839523,0.422095596790314,0.414977848529816,0.0112655740231276,-0.159567251801491,0.0113114584237337,-0.159592121839523,-0.0602805055677891,0.20450933277607,0.0112655740231276,-0.159567251801491,0.422092795372009,0.414977192878723
10.3908004760742,0.422121345996857,0.414885431528091,0.0113461101427674,-0.159624472260475,-0.0601920150220394,0.204525157809258,0.0113002900034189,-0.159599646925926,0.0113461101427674,-0.159624472260475,0.42211851477623,0.414884716272354,0.0113002909347415,-0.159599661827087,-0.0601900741457939,0.204525977373123,-0.0601920150220394,0.204525157809258,0.0113002909347415,-0.159599661827087,0.422029078006744,0.4149289727211,0.0112544037401676,-0.159574761986732,0.0113002900034189,-0.159599646925926,-0.0601900741457939,0.204525977373123,0.0112544419243932,-0.159574761986732,0.422026306390762,0.414928287267685
10.3912000656128,0.422054916620255,0.414836525917053,0.0113349435850978,-0.1596320271492,-0.0601016245782375,0.204541757702827,0.0112891215831041,-0.159607201814651,0.0113349435850978,-0.1596320271492,0.422052025794983,0.414835840463638,0.0112891215831041,-0.159607201814651,-0.0600996464490891,0.204542577266693,-0.0601016245782375,0.204541757702827,0.0112891215831041,-0.159607201814651,0.421962529420853,0.414880156517029,0.0112432325258851,-0.159582272171974,0.0112891215831041,-0.159607201814651,-0.0600996464490891,0.204542577266693,0.0112432325258851,-0.159582272171974,0.421959757804871,0.414879471063614
10.3915996551514,0.42198833823204,0.414787739515305,0.0113237733021379,-0.159639567136765,-0.0600111372768879,0.204558327794075,0.0112779121845961,-0.159614726901054,0.0113237733021379,-0.159639567136765,0.421985507011414,0.414787024259567,0.0112779121845961,-0.159614726901054,-0.0600091591477394,0.204559132456779,-0.0600111372768879,0.204558327794075,0.0112779121845961,-0.159614726901054,0.421896010637283,0.41483137011528,0.0112320622429252,-0.159589782357216,0.0112779121845961,-0.159614726901054,-0.0600091591477394,0.204559132456779,0.0112320622429252,-0.159589782357216,0.421893268823624,0.414830774068832
10.3920001983643,0.421921700239182,0.414738982915878,0.0113126039505005,-0.159647136926651,-0.059920646250248,0.204574823379517,0.0112667419016361,-0.159622251987457,0.0113126039505005,-0.159647136926651,0.421918928623199,0.414738297462463,0.0112667419016361,-0.159622251987457,-0.0599186606705189,0.204575657844543,-0.059920646250248,0.204574823379517,0.0112667419016361,-0.159622251987457,0.421829402446747,0.414782702922821,0.0112208882346749,-0.159597262740135,0.0112667419016361,-0.159622251987457,-0.0599186606705189,0.204575657844543,0.0112208882346749,-0.159597262740135,0.421826630830765,0.414782017469406
10.3923997879028,0.421855092048645,0.414690285921097,0.0113014318048954,-0.159654662013054,-0.0598300956189632,0.204591289162636,0.0112555287778378,-0.159629747271538,0.0113014318048954,-0.159654676914215,0.421852320432663,0.414689570665359,0.0112555669620633,-0.159629747271538,-0.0598281621932983,0.204592108726501,-0.0598300956189632,0.204591289162636,0.0112555669620633,-0.159629747271538,0.421762764453888,0.414734065532684,0.0112097132951021,-0.159604758024216,0.0112555287778378,-0.159629747271538,-0.0598281621932983,0.204592108726501,0.0112097132951021,-0.159604758024216,0.421760052442551,0.414733350276947
10.3928003311157,0.421788454055786,0.414641588926315,0.0112902205437422,-0.159662202000618,-0.0597395412623882,0.204607725143433,0.0112443538382649,-0.159637272357941,0.0112902205437422,-0.159662202000618,0.421785622835159,0.414640933275223,0.0112443547695875,-0.159637287259102,-0.0597375519573689,0.204608544707298,-0.0597395412623882,0.204607725143433,0.0112443547695875,-0.159637287259102,0.421696096658707,0.414685428142548,0.0111985374242067,-0.159612268209457,0.0112443538382649,-0.159637272357941,-0.0597375519573689,0.204608544707298,0.0111985374242067,-0.159612268209457,0.421693354845047,0.414684772491455
10.3931999206543,0.421721756458282,0.414593040943146,0.0112790465354919,-0.159669741988182,-0.0596490241587162,0.204624086618423,0.0112331779673696,-0.159644767642021,0.0112790465354919,-0.159669741988182,0.421718865633011,0.414592355489731,0.0112331788986921,-0.159644782543182,-0.0596470385789871,0.204624906182289,-0.0596490241587162,0.204624086618423,0.0112331788986921,-0.159644782543182,0.421629399061203,0.4146369099617,0.0111873606219888,-0.159619748592377,0.0112331779673696,-0.159644767642021,-0.0596470385789871,0.204624906182289,0.0111873606219888,-0.159619748592377,0.421626657247543,0.414636194705963
10.3936004638672,0.421655058860779,0.414544492959976,0.0112678315490484,-0.159677281975746,-0.0595584064722061,0.204640433192253,0.0112220011651516,-0.159652277827263,0.0112678315490484,-0.159677281975746,0.421652168035507,0.414543837308884,0.0112220011651516,-0.159652277827263,-0.059556420892477,0.204641222953796,-0.0595584064722061,0.204640433192253,0.0112220011651516,-0.159652277827263,0.421562761068344,0.414588391780853,0.0111761428415775,-0.159627228975296,0.0112220011651516,-0.159652277827263,-0.059556420892477,0.204641222953796,0.0111761428415775,-0.159627228975296,0.421559870243073,0.414587706327438
10.3940000534058,0.421588271856308,0.414495974779129,0.0112566547468305,-0.159684792160988,-0.0594677850604057,0.204656705260277,0.0112107861787081,-0.159659788012505,0.011256655678153,-0.159684807062149,0.421585500240326,0.414495289325714,0.0112108243629336,-0.159659802913666,-0.0594657957553864,0.204657509922981,-0.0594677850604057,0.204656705260277,0.0112108243629336,-0.159659802913666,0.421495974063873,0.414539933204651,0.0111649632453918,-0.159634709358215,0.0112108243629336,-0.159659802913666,-0.0594657957553864,0.204657509922981,0.0111649632453918,-0.159634709358215,0.421493142843246,0.414539307355881
10.3943996429443,0.421521484851837,0.414447546005249,0.0112454770132899,-0.159692317247391,-0.0593771040439606,0.204672932624817,0.0111996056511998,-0.159667283296585,0.0112454770132899,-0.159692317247391,0.42151865363121,0.414446920156479,0.0111996056511998,-0.159667283296585,-0.0593751147389412,0.204673752188683,-0.0593771040439606,0.204672932624817,0.0111996056511998,-0.159667283296585,0.421429127454758,0.414491564035416,0.011153744533658,-0.159642174839973,0.0111996056511998,-0.159667283296585,-0.0593751147389412,0.204673752188683,0.011153744533658,-0.159642174839973,0.421426355838776,0.414490848779678
10.3948001861572,0.421454757452011,0.414399206638336,0.0112342583015561,-0.159699827432632,-0.0592864155769348,0.204689115285873,0.011188386939466,-0.159674778580666,0.0112342583015561,-0.159699827432632,0.42145186662674,0.414398491382599,0.011188386939466,-0.159674778580666,-0.0592844262719154,0.204689934849739,-0.0592864155769348,0.204689115285873,0.011188386939466,-0.159674778580666,0.421362340450287,0.414443254470825,0.0111425621435046,-0.159649655222893,0.011188386939466,-0.159674778580666,-0.0592844262719154,0.204689934849739,0.0111425621435046,-0.159649655222893,0.421359479427338,0.414442509412766
10.3951997756958,0.421387791633606,0.414350867271423,0.0112230386584997,-0.159707337617874,-0.0591957271099091,0.204705268144608,0.01117720361799,-0.159682258963585,0.0112230386584997,-0.159707337617874,0.421385079622269,0.414350211620331,0.0111772045493126,-0.159682273864746,-0.0591937862336636,0.204706072807312,-0.0591957271099091,0.204705268144608,0.0111772045493126,-0.159682273864746,0.421295404434204,0.414394944906235,0.0111313387751579,-0.15965710580349,0.01117720361799,-0.159682258963585,-0.0591937862336636,0.204706072807312,0.0111313387751579,-0.15965710580349,0.421292662620544,0.414394289255142
10.3956003189087,0.42132094502449,0.414302557706833,0.0112118562683463,-0.159714832901955,-0.0591050311923027,0.204721361398697,0.011166020296514,-0.159689739346504,0.0112118562683463,-0.159714832901955,0.421318113803864,0.41430190205574,0.011166020296514,-0.159689739346504,-0.0591030418872833,0.204722166061401,-0.0591050311923027,0.204721361398697,0.011166020296514,-0.159689739346504,0.421228587627411,0.414346694946289,0.0111201163381338,-0.159664556384087,0.011166020296514,-0.159689739346504,-0.0591030418872833,0.204722166061401,0.0111201163381338,-0.159664556384087,0.421225726604462,0.414346069097519
10.3959999084473,0.421254009008408,0.41425433754921,0.0112006738781929,-0.159722343087196,-0.0590142756700516,0.204737409949303,0.0111547596752644,-0.159697219729424,0.0112006738781929,-0.159722343087196,0.421251177787781,0.414253711700439,0.0111547596752644,-0.159697219729424,-0.0590122863650322,0.204738229513168,-0.0590142235159874,0.204737409949303,0.0111547596752644,-0.159697219729424,0.421161621809006,0.414298534393311,0.0111089302226901,-0.159672021865845,0.0111547596752644,-0.159697219729424,-0.0590122863650322,0.204738229513168,0.0111089302226901,-0.159672021865845,0.421158879995346,0.414297878742218
10.3964004516602,0.421187043190002,0.414206236600876,0.0111894505098462,-0.159729838371277,-0.058923464268446,0.204753428697586,0.0111435726284981,-0.159704700112343,0.0111894505098462,-0.159729838371277,0.42118427157402,0.414205521345139,0.0111435726284981,-0.159704700112343,-0.0589214749634266,0.204754218459129,-0.058923464268446,0.204753428697586,0.0111435726284981,-0.159704700112343,0.421094626188278,0.414250403642654,0.0110976649448276,-0.159679472446442,0.0111435726284981,-0.159704700112343,-0.0589214749634266,0.204754218459129,0.0110976649448276,-0.159679472446442,0.421091854572296,0.414249747991562
10.3968000411987,0.42111998796463,0.41415810585022,0.0111782262101769,-0.159737333655357,-0.0588326491415501,0.204769372940063,0.0111323464661837,-0.15971215069294,0.0111782262101769,-0.159737333655357,0.421117275953293,0.414157450199127,0.0111323464661837,-0.15971215069294,-0.058830663561821,0.204770192503929,-0.0588326491415501,0.204769372940063,0.0111323846504092,-0.159712165594101,0.421027660369873,0.414202332496643,0.0110864760354161,-0.159686908125877,0.0111323464661837,-0.15971215069294,-0.058830663561821,0.204770192503929,0.0110864760354161,-0.159686908125877,0.421024799346924,0.414201676845551
10.3971996307373,0.421053051948547,0.414110004901886,0.0111670382320881,-0.159744814038277,-0.0587417781352997,0.204785287380219,0.0111211203038692,-0.159719631075859,0.0111670382320881,-0.159744814038277,0.421050161123276,0.414109349250793,0.0111211203038692,-0.159719631075859,-0.0587398409843445,0.204786092042923,-0.0587417781352997,0.204785287380219,0.0111211203038692,-0.159719631075859,0.420960575342178,0.414154320955276,0.0110752861946821,-0.159694343805313,0.0111211203038692,-0.159719631075859,-0.0587398409843445,0.204786092042923,0.0110752861946821,-0.159694343805313,0.420957773923874,0.414153695106506
10.3976001739502,0.420985877513885,0.414062023162842,0.0111557729542255,-0.159752294421196,-0.0586509071290493,0.20480115711689,0.0111098922789097,-0.159727081656456,0.0111557729542255,-0.159752294421196,0.420983105897903,0.414061337709427,0.0111099286004901,-0.159727081656456,-0.0586489625275135,0.204801961779594,-0.0586509071290493,0.20480115711689,0.0111099286004901,-0.159727081656456,0.420893549919128,0.414106398820877,0.0110640181228518,-0.15970179438591,0.0111098922789097,-0.159727081656456,-0.0586489625275135,0.204801961779594,0.0110640181228518,-0.15970179438591,0.420890688896179,0.414105713367462
10.3979997634888,0.420918792486191,0.414014041423798,0.0111445831134915,-0.159759774804115,-0.0585600771009922,0.204816967248917,0.0110986605286598,-0.159734532237053,0.0111445831134915,-0.159759774804115,0.420916080474854,0.414013385772705,0.0110986605286598,-0.159734532237053,-0.0585580840706825,0.204817771911621,-0.0585600771009922,0.204816967248917,0.0110986605286598,-0.159734532237053,0.420826405286789,0.414058476686478,0.0110527873039246,-0.159709215164185,0.0110986605286598,-0.159734532237053,-0.0585580840706825,0.204817771911621,0.0110527873039246,-0.159709215164185,0.420823663473129,0.414057791233063
10.3984003067017,0.420851737260818,0.413966178894043,0.0111333159729838,-0.159767255187035,-0.0584691353142262,0.204832747578621,0.0110874306410551,-0.15974198281765,0.0111333159729838,-0.159767255187035,0.420848786830902,0.413965493440628,0.0110874306410551,-0.15974198281765,-0.0584671460092068,0.204833537340164,-0.0584691353142262,0.204832747578621,0.0110874306410551,-0.15974198281765,0.420759290456772,0.414010584354401,0.0110415546223521,-0.159716635942459,0.0110874306410551,-0.15974198281765,-0.0584671460092068,0.204833537340164,0.0110415546223521,-0.159716635942459,0.420756459236145,0.41400995850563
10.3987998962402,0.420784473419189,0.413918316364288,0.0111221224069595,-0.159774720668793,-0.0583782382309437,0.20484846830368,0.0110761970281601,-0.159749433398247,0.0111221224069595,-0.159774720668793,0.420781672000885,0.413917690515518,0.0110761970281601,-0.159749433398247,-0.0583762489259243,0.204849258065224,-0.058378241956234,0.204848483204842,0.0110761970281601,-0.159749433398247,0.420692056417465,0.413962781429291,0.0110303582623601,-0.159724056720734,0.0110761970281601,-0.159749433398247,-0.0583762489259243,0.204849258065224,0.0110303582623601,-0.159724056720734,0.420689225196838,0.413962185382843
10.3992004394531,0.420717298984528,0.413870513439178,0.0111108906567097,-0.159782186150551,-0.0582872442901134,0.204864159226418,0.0110650025308132,-0.159756869077682,0.0111108524724841,-0.159782186150551,0.420714467763901,0.413869917392731,0.0110650025308132,-0.159756869077682,-0.0582852549850941,0.204864948987961,-0.0582872442901134,0.204864159226418,0.0110650025308132,-0.159756869077682,0.420624881982803,0.41391509771347,0.0110190864652395,-0.159731477499008,0.0110650025308132,-0.159756869077682,-0.0582852549850941,0.204864948987961,0.0110190864652395,-0.159731477499008,0.420622020959854,0.413914382457733
10.3996000289917,0.420650064945221,0.413822770118713,0.0110996570438147,-0.159789636731148,-0.0581962391734123,0.20487979054451,0.0110537288710475,-0.159764304757118,0.0110996570438147,-0.159789636731148,0.420647233724594,0.413822174072266,0.0110537288710475,-0.159764304757118,-0.0581942498683929,0.204880595207214,-0.0581962391734123,0.20487979054451,0.0110537288710475,-0.159764304757118,0.420557618141174,0.413867354393005,0.0110078500583768,-0.159738898277283,0.0110537288710475,-0.159764304757118,-0.0581942498683929,0.204880595207214,0.0110078500583768,-0.159738898277283,0.420554846525192,0.413866728544235
10.3999996185303,0.42058277130127,0.413775146007538,0.0110883833840489,-0.159797087311745,-0.0581052303314209,0.20489539206028,0.0110424552112818,-0.159771740436554,0.0110883833840489,-0.159797087311745,0.42057991027832,0.413774460554123,0.0110424933955073,-0.159771740436554,-0.0581032373011112,0.204896181821823,-0.0581052303314209,0.20489539206028,0.0110424933955073,-0.159771740436554,0.420490324497223,0.41381973028183,0.0109966117888689,-0.159746289253235,0.0110424933955073,-0.159771740436554,-0.0581032373011112,0.204896181821823,0.0109966117888689,-0.159746289253235,0.420487493276596,0.41381910443306
10.4004001617432,0.420515447854996,0.41372749209404,0.0110771087929606,-0.159804552793503,-0.058014165610075,0.204910933971405,0.0110312551259995,-0.159779146313667,0.0110771087929606,-0.159804552793503,0.420512646436691,0.413726836442947,0.0110312551259995,-0.159779146313667,-0.0580122172832489,0.204911708831787,-0.058014165610075,0.204910933971405,0.0110312551259995,-0.159779146313667,0.420423060655594,0.413772165775299,0.0109853344038129,-0.159753695130348,0.0110312551259995,-0.159779146313667,-0.0580122172832489,0.204911708831787,0.0109853344038129,-0.159753695130348,0.420420229434967,0.413771510124207
10.4007997512817,0.4204480946064,0.413679927587509,0.0110659105703235,-0.159811988472939,-0.0579230934381485,0.204926416277885,0.0110199777409434,-0.159786581993103,0.0110659105703235,-0.159811988472939,0.42044523358345,0.413679271936417,0.0110199777409434,-0.159786581993103,-0.0579211004078388,0.204927206039429,-0.0579230934381485,0.204926416277885,0.0110199777409434,-0.159786581993103,0.420355588197708,0.413724631071091,0.0109740952029824,-0.1597610861063,0.0110199777409434,-0.159786581993103,-0.0579211004078388,0.204927206039429,0.0109740952029824,-0.1597610861063,0.420352846384048,0.413723945617676
10.4012002944946,0.420380741357803,0.413632392883301,0.0110546331852674,-0.159819424152374,-0.0578320175409317,0.204941868782043,0.0110087376087904,-0.159793987870216,0.0110546331852674,-0.159819424152374,0.420377880334854,0.413631737232208,0.011008738540113,-0.159794002771378,-0.0578300692141056,0.204942628741264,-0.0578320175409317,0.204941868782043,0.011008738540113,-0.159794002771378,0.420288294553757,0.413677155971527,0.0109628532081842,-0.159768477082253,0.0110087376087904,-0.159793987870216,-0.0578300692141056,0.204942628741264,0.0109628532081842,-0.159768477082253,0.420285403728485,0.413676470518112
10.4015998840332,0.420313388109207,0.413584887981415,0.0110433921217918,-0.15982685983181,-0.0577408894896507,0.204957261681557,0.0109974965453148,-0.159801408648491,0.0110433921217918,-0.15982685983181,0.420310437679291,0.413584291934967,0.0109974965453148,-0.159801408648491,-0.0577388927340508,0.204958066344261,-0.0577408894896507,0.204957261681557,0.0109974965453148,-0.159801408648491,0.420220881700516,0.413629740476608,0.0109515720978379,-0.159775868058205,0.0109974965453148,-0.159801408648491,-0.0577388927340508,0.204958066344261,0.0109515720978379,-0.159775868058205,0.420218020677567,0.413629084825516
10.4020004272461,0.420245885848999,0.413537532091141,0.0110321510583162,-0.159834280610085,-0.0576497502624989,0.204972624778748,0.0109862154349685,-0.159808814525604,0.0110321510583162,-0.159834280610085,0.420242995023727,0.413536846637726,0.0109862154349685,-0.159808814525604,-0.0576477572321892,0.204973414540291,-0.0576497502624989,0.204972624778748,0.0109862154349685,-0.159808814525604,0.420153349637985,0.413582414388657,0.0109403282403946,-0.159783259034157,0.0109862154349685,-0.159808814525604,-0.0576477572321892,0.204973414540291,0.0109403282403946,-0.159783259034157,0.420150578022003,0.413581699132919
10.4024000167847,0.420178323984146,0.413490146398544,0.0110208699479699,-0.15984171628952,-0.0575585551559925,0.204987928271294,0.0109749333932996,-0.159816220402718,0.0110208699479699,-0.15984171628952,0.420175611972809,0.413489520549774,0.0109749333932996,-0.159816220402718,-0.0575565658509731,0.204988718032837,-0.0575585551559925,0.204987928271294,0.0109749333932996,-0.159816220402718,0.420085847377777,0.41353502869606,0.0109290443360806,-0.159790635108948,0.0109749333932996,-0.159816220402718,-0.0575565658509731,0.204988718032837,0.0109290443360806,-0.159790635108948,0.420082986354828,0.41353440284729
10.4027996063232,0.420110881328583,0.413442820310593,0.0110095888376236,-0.159849137067795,-0.05746740847826,0.205003187060356,0.0109636494889855,-0.159823626279831,0.0110095888376236,-0.159849137067795,0.420108050107956,0.413442194461823,0.0109636876732111,-0.15982361137867,-0.0574654154479504,0.205003976821899,-0.05746740847826,0.205003187060356,0.0109636876732111,-0.15982361137867,0.420018374919891,0.413487762212753,0.0109177976846695,-0.159797996282578,0.0109636494889855,-0.159823626279831,-0.0574654154479504,0.205003976821899,0.0109177976846695,-0.159797996282578,0.420015543699265,0.413487195968628
10.4032001495361,0.420043289661407,0.413395613431931,0.0109983049333096,-0.159856557846069,-0.0573761574923992,0.205018401145935,0.0109524400904775,-0.159831002354622,0.0109983049333096,-0.159856557846069,0.420040458440781,0.41339498758316,0.0109524400904775,-0.159831002354622,-0.0573741607367992,0.205019190907478,-0.0573761574923992,0.205018401145935,0.0109524400904775,-0.159831002354622,0.419950813055038,0.413440614938736,0.0109065109863877,-0.159805372357368,0.0109524400904775,-0.159831002354622,-0.0573741607367992,0.205019190907478,0.0109065109863877,-0.159805372357368,0.419947952032089,0.413439899682999
10.4035997390747,0.419975727796555,0.413348406553268,0.0109870582818985,-0.159863963723183,-0.0572848990559578,0.20503357052803,0.0109411543235183,-0.159838393330574,0.0109870582818985,-0.159863963723183,0.419972896575928,0.413347780704498,0.0109411543235183,-0.159838393330574,-0.0572829060256481,0.205034360289574,-0.0572848990559578,0.20503357052803,0.0109411543235183,-0.159838393330574,0.419883251190186,0.413393467664719,0.0108952233567834,-0.159812748432159,0.0109411543235183,-0.159838393330574,-0.0572829060256481,0.205034360289574,0.0108952233567834,-0.159812748432159,0.419880270957947,0.413392782211304
10.4040002822876,0.41990801692009,0.413301259279251,0.0109758097678423,-0.159871369600296,-0.0571936331689358,0.205048695206642,0.0109298666939139,-0.159845784306526,0.0109758097678423,-0.159871369600296,0.419905215501785,0.413300633430481,0.0109298666939139,-0.159845784306526,-0.0571916401386261,0.205049470067024,-0.0571936331689358,0.205048695206642,0.0109298666939139,-0.159845784306526,0.419815540313721,0.413346350193024,0.0108839347958565,-0.159820094704628,0.0109298666939139,-0.159845784306526,-0.0571916401386261,0.205049470067024,0.0108839347958565,-0.159820094704628,0.419812828302383,0.413345724344254
10.4043998718262,0.419840395450592,0.413254171609879,0.0109645230695605,-0.159878775477409,-0.0571023598313332,0.205063760280609,0.010918578132987,-0.159853145480156,0.0109645230695605,-0.159878775477409,0.419837653636932,0.413253545761108,0.010918578132987,-0.159853145480156,-0.0571003742516041,0.205064535140991,-0.0571023598313332,0.205063760280609,0.010918578132987,-0.159853145480156,0.419747889041901,0.413299292325974,0.010872645303607,-0.159827455878258,0.010918578132987,-0.159853145480156,-0.0571003742516041,0.205064535140991,0.010872645303607,-0.159827455878258,0.419745057821274,0.413298666477203
10.4048004150391,0.419772744178772,0.413207113742828,0.0109532345086336,-0.159886181354523,-0.0570109970867634,0.205078795552254,0.010907287709415,-0.159860521554947,0.0109532345086336,-0.159886181354523,0.419769912958145,0.413206517696381,0.0109072886407375,-0.159860536456108,-0.0570090003311634,0.205079570412636,-0.0570109970867634,0.205078795552254,0.0109072886407375,-0.159860536456108,0.419680267572403,0.413252323865891,0.0108613539487123,-0.159834817051888,0.010907287709415,-0.159860521554947,-0.0570090003311634,0.205079570412636,0.0108613539487123,-0.159834817051888,0.419677317142487,0.413251668214798
10.4052000045776,0.419705003499985,0.413160175085068,0.0109419440850616,-0.159893572330475,-0.0569196678698063,0.205093771219254,0.0108959972858429,-0.159867897629738,0.0109419440850616,-0.159893572330475,0.419702142477036,0.413159549236298,0.0108959972858429,-0.159867897629738,-0.056917667388916,0.205094546079636,-0.0569196678698063,0.205093771219254,0.0108959972858429,-0.159867897629738,0.419612467288971,0.41320538520813,0.0108500989153981,-0.159842148423195,0.0108959972858429,-0.159867897629738,-0.056917667388916,0.205094546079636,0.0108500989153981,-0.159842148423195,0.419609606266022,0.413204729557037
10.4055995941162,0.41963717341423,0.41311326622963,0.0109306527301669,-0.159900963306427,-0.0568282790482044,0.205108717083931,0.0108847049996257,-0.159875273704529,0.0109306527301669,-0.159900963306427,0.419634461402893,0.413112610578537,0.0108847049996257,-0.159875273704529,-0.0568262860178947,0.205109462141991,-0.0568282790482044,0.205108717083931,0.0108847049996257,-0.159875273704529,0.419544696807861,0.413158506155014,0.0108387675136328,-0.159849509596825,0.0108847049996257,-0.159875273704529,-0.0568262860178947,0.205109462141991,0.0108387675136328,-0.159849509596825,0.419541925191879,0.413157880306244
10.4060001373291,0.419569462537766,0.413066416978836,0.0109193604439497,-0.159908354282379,-0.0567368865013123,0.205123588442802,0.0108734108507633,-0.159882619976997,0.0109193604439497,-0.159908354282379,0.419566631317139,0.413065731525421,0.0108734108507633,-0.159882619976997,-0.0567348897457123,0.205124363303185,-0.0567368865013123,0.205123588442802,0.0108734108507633,-0.159882619976997,0.419476866722107,0.413111686706543,0.0108275096863508,-0.159856840968132,0.0108734108507633,-0.159882619976997,-0.0567348897457123,0.205124363303185,0.0108275096863508,-0.159856840968132,0.419474065303802,0.413111060857773
10.4063997268677,0.419501572847366,0.413019567728043,0.0109080662950873,-0.159915715456009,-0.0566454492509365,0.20513841509819,0.0108621148392558,-0.159889981150627,0.0109080662950873,-0.159915715456009,0.419498771429062,0.413018971681595,0.0108621148392558,-0.159889981150627,-0.0566434487700462,0.205139204859734,-0.0566454492509365,0.20513841509819,0.0108621148392558,-0.159889981150627,0.419409155845642,0.413064926862717,0.0108161754906178,-0.159864157438278,0.0108621148392558,-0.159889981150627,-0.0566434487700462,0.205139204859734,0.0108161754906178,-0.159864157438278,0.419406175613403,0.413064271211624
10.4068002700806,0.419433742761612,0.412972867488861,0.0108967712149024,-0.1599230915308,-0.0565539970993996,0.205153226852417,0.0108508188277483,-0.159897327423096,0.0108967712149024,-0.1599230915308,0.41943097114563,0.412972182035446,0.0108508188277483,-0.159897327423096,-0.0565520524978638,0.205154001712799,-0.0565539970993996,0.205153226852417,0.0108508188277483,-0.159897327423096,0.419341206550598,0.413018226623535,0.0108049158006907,-0.159871488809586,0.0108508188277483,-0.159897327423096,-0.0565520524978638,0.205154001712799,0.0108049158006907,-0.159871488809586,0.419338345527649,0.41301754117012
10.4071998596191,0.419365853071213,0.412926107645035,0.0108854752033949,-0.159930467605591,-0.0564625412225723,0.205167949199677,0.0108395218849182,-0.159904688596725,0.0108854752033949,-0.159930467605591,0.419363051652908,0.412925481796265,0.0108395218849182,-0.159904688596725,-0.0564605407416821,0.205168724060059,-0.0564625412225723,0.205167949199677,0.0108395218849182,-0.159904688596725,0.419273287057877,0.412971585988998,0.0107935788109899,-0.159878820180893,0.0108395218849182,-0.159904688596725,-0.0564605407416821,0.205168724060059,0.0107935788109899,-0.159878820180893,0.419270515441895,0.412970900535583
10.407600402832,0.419297903776169,0.412879467010498,0.0108741763979197,-0.159937828779221,-0.0563710331916809,0.205182656645775,0.0108282221481204,-0.159912019968033,0.0108741763979197,-0.159937828779221,0.41929504275322,0.412878841161728,0.0108282221481204,-0.159912019968033,-0.0563690327107906,0.205183431506157,-0.0563710331916809,0.205182656645775,0.0108282221481204,-0.159912019968033,0.4192054271698,0.412924915552139,0.0107822781428695,-0.159886136651039,0.0108282221481204,-0.159912019968033,-0.0563690327107906,0.205183431506157,0.0107822781428695,-0.159886136651039,0.419202476739883,0.412924289703369
10.4079999923706,0.419229954481125,0.412832885980606,0.0108628775924444,-0.15994518995285,-0.0562795139849186,0.20519731938839,0.0108169224113226,-0.15991935133934,0.0108628775924444,-0.15994518995285,0.419227123260498,0.412832230329514,0.0108169224113226,-0.15991935133934,-0.0562775172293186,0.20519807934761,-0.0562795139849186,0.20519731938839,0.0108169224113226,-0.15991935133934,0.419137418270111,0.41287836432457,0.0107709756121039,-0.159893438220024,0.0108169224113226,-0.15991935133934,-0.0562775172293186,0.20519807934761,0.0107709756121039,-0.159893438220024,0.419134497642517,0.412877798080444
10.4083995819092,0.419161945581436,0.412786275148392,0.0108515778556466,-0.159952536225319,-0.0561879985034466,0.205211907625198,0.0108056198805571,-0.159926682710648,0.0108515778556466,-0.159952536225319,0.419159114360809,0.412785738706589,0.0108056208118796,-0.159926697611809,-0.0561859495937824,0.20521268248558,-0.0561879985034466,0.205211907625198,0.0108056208118796,-0.159926697611809,0.419069409370422,0.412831872701645,0.0107596730813384,-0.159900739789009,0.0108056198805571,-0.159926682710648,-0.0561859495937824,0.20521268248558,0.0107596730813384,-0.159900739789009,0.419066607952118,0.412831276655197
10.4088001251221,0.41909396648407,0.412739843130112,0.0108402371406555,-0.159959897398949,-0.0560963712632656,0.205226466059685,0.010794241912663,-0.159934014081955,0.0108402371406555,-0.159959897398949,0.419091075658798,0.412739217281342,0.0107942782342434,-0.159934014081955,-0.0560943745076656,0.205227226018906,-0.0560963712632656,0.205226466059685,0.0107942782342434,-0.159934014081955,0.419001340866089,0.412785470485687,0.0107483686879277,-0.159908041357994,0.010794241912663,-0.159934014081955,-0.0560943745076656,0.205227226018906,0.0107483686879277,-0.159908041357994,0.418998509645462,0.412784844636917
10.4091997146606,0.419025957584381,0.412693411111832,0.0108288964256644,-0.159967243671417,-0.0560047440230846,0.205240949988365,0.0107829365879297,-0.159941330552101,0.0108288964256644,-0.159967243671417,0.419022977352142,0.412692785263062,0.0107829365879297,-0.159941330552101,-0.0560027472674847,0.20524175465107,-0.0560047440230846,0.205240949988365,0.0107829365879297,-0.159941330552101,0.418933302164078,0.412739098072052,0.0107369869947433,-0.15991535782814,0.0107829365879297,-0.159941330552101,-0.0560027472674847,0.20524175465107,0.0107369869947433,-0.15991535782814,0.418930441141129,0.412738412618637
10.4096002578735,0.418957769870758,0.412647038698196,0.0108175920322537,-0.159974589943886,-0.0559131093323231,0.205255433917046,0.0107716312631965,-0.159948661923409,0.0108175920322537,-0.159974589943886,0.418954879045486,0.412646412849426,0.0107716312631965,-0.159948661923409,-0.0559111088514328,0.205256193876266,-0.0559131093323231,0.205255433917046,0.0107716312631965,-0.159948661923409,0.418865114450455,0.412692755460739,0.0107256807386875,-0.159922644495964,0.0107716312631965,-0.159948661923409,-0.0559111088514328,0.205256193876266,0.0107256807386875,-0.159922644495964,0.418862402439117,0.412692129611969
10.4099998474121,0.418889701366425,0.412600725889206,0.0108062867075205,-0.159981921315193,-0.0558214709162712,0.205269828438759,0.0107602868229151,-0.159955978393555,0.0108062867075205,-0.159981921315193,0.418886810541153,0.412600070238113,0.0107603240758181,-0.159955963492393,-0.0558194741606712,0.205270603299141,-0.0558214709162712,0.205269828438759,0.0107603240758181,-0.159955963492393,0.418797016143799,0.412646472454071,0.010714371688664,-0.159929931163788,0.0107603240758181,-0.159955963492393,-0.0558194741606712,0.205270603299141,0.010714371688664,-0.159929931163788,0.418794184923172,0.412645906209946
10.410400390625,0.418821394443512,0.412554442882538,0.0107949404045939,-0.159989237785339,-0.055729828774929,0.205284222960472,0.0107489787042141,-0.159963265061378,0.0107949404045939,-0.159989237785339,0.418818682432175,0.412553817033768,0.0107489787042141,-0.159963265061378,-0.0557278282940388,0.205284968018532,-0.055729828774929,0.205284222960472,0.0107489787042141,-0.159963265061378,0.418728858232498,0.41260027885437,0.0107030244544148,-0.159937217831612,0.0107489787042141,-0.159963265061378,-0.0557278282940388,0.205284968018532,0.0107030244544148,-0.159937217831612,0.418726027011871,0.4125996530056
10.4107999801636,0.418753296136856,0.412508219480515,0.0107835959643126,-0.159996569156647,-0.0556380860507488,0.205298528075218,0.0107376305386424,-0.159970581531525,0.0107835959643126,-0.159996569156647,0.418750464916229,0.412507623434067,0.0107376305386424,-0.159970581531525,-0.055636078119278,0.205299288034439,-0.0556380860507488,0.205298528075218,0.0107376305386424,-0.159970581531525,0.418660640716553,0.412554085254669,0.0106916772201657,-0.159944504499435,0.0107376305386424,-0.159970581531525,-0.055636078119278,0.205299288034439,0.0106916772201657,-0.159944504499435,0.418657839298248,0.412553489208221
10.4111995697021,0.418685048818588,0.412462085485458,0.0107722859829664,-0.160003900527954,-0.055546373128891,0.205312788486481,0.0107263196259737,-0.159977868199348,0.0107722859829664,-0.160003900527954,0.418682217597961,0.412461489439011,0.0107263196259737,-0.159977868199348,-0.055544376373291,0.205313548445702,-0.055546373128891,0.205312788486481,0.0107263196259737,-0.159977868199348,0.418592393398285,0.412508010864258,0.0106803635135293,-0.159951776266098,0.0107263196259737,-0.159977868199348,-0.055544376373291,0.205313548445702,0.0106803635135293,-0.159951776266098,0.418589502573013,0.412507355213165
10.411600112915,0.418616771697998,0.412416011095047,0.0107609368860722,-0.1600112169981,-0.0554546713829041,0.205327019095421,0.0107149686664343,-0.159985169768333,0.0107609368860722,-0.1600112169981,0.418613910675049,0.412415385246277,0.0107149686664343,-0.159985169768333,-0.0554526150226593,0.205327779054642,-0.0554546713829041,0.205327019095421,0.0107149686664343,-0.159985169768333,0.418524205684662,0.412461966276169,0.0106690116226673,-0.159959048032761,0.0107149686664343,-0.159985169768333,-0.0554526150226593,0.205327779054642,0.0106690116226673,-0.159959048032761,0.418521225452423,0.412461280822754
10.4119997024536,0.418548464775085,0.41236999630928,0.0107495877891779,-0.160018533468246,-0.0553628578782082,0.205341190099716,0.0107036186382174,-0.159992471337318,0.0107495877891779,-0.160018533468246,0.418545633554459,0.412369340658188,0.0107036186382174,-0.159992471337318,-0.0553608052432537,0.205341964960098,-0.0553628578782082,0.205341190099716,0.0107036186382174,-0.159992471337318,0.418455809354782,0.412415951490402,0.0106576597318053,-0.159966304898262,0.0107036186382174,-0.159992471337318,-0.0553608052432537,0.205341964960098,0.0106576597318053,-0.159966304898262,0.418452948331833,0.412415325641632
10.4124002456665,0.418480187654495,0.412323951721191,0.0107382740825415,-0.160025835037231,-0.0552710369229317,0.205355316400528,0.0106922658160329,-0.159999743103981,0.0107382740825415,-0.160025835037231,0.418477326631546,0.412323325872421,0.0106922658160329,-0.159999743103981,-0.0552690364420414,0.20535609126091,-0.0552710369229317,0.205355316400528,0.0106922658160329,-0.159999743103981,0.418387472629547,0.41236999630928,0.0106463441625237,-0.159973576664925,0.0106922658160329,-0.159999743103981,-0.0552690364420414,0.20535609126091,0.0106463441625237,-0.159973576664925,0.41838464140892,0.41236937046051
10.4127998352051,0.418411821126938,0.412278026342392,0.0107269212603569,-0.160033151507378,-0.0551792159676552,0.205369397997856,0.0106809111312032,-0.160007014870644,0.0107269212603569,-0.160033151507378,0.418408840894699,0.412277370691299,0.0106809111312032,-0.160007014870644,-0.0551772117614746,0.205370143055916,-0.0551792159676552,0.205369397997856,0.0106809111312032,-0.160007014870644,0.41831910610199,0.412324100732803,0.0106349512934685,-0.159980818629265,0.0106809111312032,-0.160007014870644,-0.0551772117614746,0.205370143055916,0.0106349512934685,-0.159980818629265,0.418316274881363,0.412323474884033
10.413200378418,0.418343335390091,0.412232160568237,0.0107155665755272,-0.160040438175201,-0.0550873912870884,0.205383434891701,0.010669594630599,-0.160014301538467,0.0107155665755272,-0.160040438175201,0.418340504169464,0.412231504917145,0.010669594630599,-0.160014301538467,-0.0550853870809078,0.205384165048599,-0.0550873912870884,0.205383434891701,0.010669594630599,-0.160014301538467,0.418250679969788,0.412278234958649,0.0106236329302192,-0.159988075494766,0.010669594630599,-0.160014301538467,-0.0550853870809078,0.205384165048599,0.0106236329302192,-0.159988075494766,0.418247848749161,0.412277638912201
10.4135999679565,0.418274909257889,0.412186324596405,0.0107041737064719,-0.160047739744186,-0.0549955107271671,0.205397412180901,0.0106581998988986,-0.16002157330513,0.0107041737064719,-0.160047739744186,0.41827204823494,0.412185698747635,0.0106581998988986,-0.16002157330513,-0.0549935027956963,0.205398172140121,-0.0549955107271671,0.205397412180901,0.0106581998988986,-0.16002157330513,0.418182253837585,0.412232488393784,0.0106122745200992,-0.159995332360268,0.0106581998988986,-0.16002157330513,-0.0549935027956963,0.205398172140121,0.0106122745200992,-0.159995332360268,0.418179422616959,0.412231862545013
10.4139995574951,0.418206483125687,0.41214057803154,0.0106928553432226,-0.16005502641201,-0.0549036227166653,0.205411359667778,0.0106468424201012,-0.160028845071793,0.0106928553432226,-0.16005502641201,0.418203502893448,0.41213995218277,0.0106468806043267,-0.160028845071793,-0.0549015700817108,0.205412104725838,-0.0549036227166653,0.205411359667778,0.0106468806043267,-0.160028845071793,0.418113827705383,0.412186771631241,0.0106009151786566,-0.160002559423447,0.0106468424201012,-0.160028845071793,-0.0549015700817108,0.205412104725838,0.0106009151786566,-0.160002559423447,0.418110936880112,0.412186145782471
10.414400100708,0.41813799738884,0.412094831466675,0.0106814969331026,-0.160062313079834,-0.054811630398035,0.205425247550011,0.010635482147336,-0.160036087036133,0.0106814969331026,-0.160062313079834,0.418135076761246,0.412094235420227,0.0106354830786586,-0.160036101937294,-0.0548096783459187,0.205425977706909,-0.054811630398035,0.205425247550011,0.0106354830786586,-0.160036101937294,0.418045192956924,0.412141114473343,0.0105895176529884,-0.160009816288948,0.010635482147336,-0.160036087036133,-0.0548096783459187,0.205425977706909,0.0105895176529884,-0.160009816288948,0.418042361736298,0.412140518426895
10.4147996902466,0.418069452047348,0.412049174308777,0.0106701385229826,-0.160069599747658,-0.0547197386622429,0.205439075827599,0.0106241218745708,-0.160043358802795,0.0106701385229826,-0.160069599747658,0.418066531419754,0.412048578262329,0.0106241600587964,-0.160043358802795,-0.0547176860272884,0.205439835786819,-0.0547197386622429,0.205439075827599,0.0106241600587964,-0.160043358802795,0.417976707220078,0.41209551692009,0.0105781545862556,-0.160017028450966,0.0106241600587964,-0.160043358802795,-0.0547176860272884,0.205439835786819,0.0105781545862556,-0.160017028450966,0.417973905801773,0.412094861268997
10.4152002334595,0.418000876903534,0.412003606557846,0.0106587391346693,-0.16007687151432,-0.0546277388930321,0.205452874302864,0.0106127606704831,-0.160050615668297,0.0106587391346693,-0.16007687151432,0.41799795627594,0.412002980709076,0.0106127606704831,-0.160050615668297,-0.0546257346868515,0.205453634262085,-0.0546277388930321,0.205452874302864,0.0106127606704831,-0.160050615668297,0.417908072471619,0.412049949169159,0.0105667924508452,-0.160024270415306,0.0106127606704831,-0.160050615668297,-0.0546257346868515,0.205453634262085,0.0105667924508452,-0.160024270415306,0.417905360460281,0.412049323320389
10.415599822998,0.417932242155075,0.411958068609238,0.0106473779305816,-0.160084143280983,-0.0545357391238213,0.205466613173485,0.0106013594195247,-0.160057857632637,0.0106473779305816,-0.160084143280983,0.417929351329803,0.411957442760468,0.0106013594195247,-0.160057857632637,-0.0545337274670601,0.205467358231544,-0.0545357391238213,0.205466613173485,0.0106013594195247,-0.160057857632637,0.417839586734772,0.412004441022873,0.0105554284527898,-0.160031497478485,0.0106013594195247,-0.160057857632637,-0.0545337274670601,0.205467358231544,0.0105554284527898,-0.160031497478485,0.417836606502533,0.412003844976425
10.4160003662109,0.417863577604294,0.411912560462952,0.0106360139325261,-0.160091415047646,-0.0544437244534492,0.205480307340622,0.0105900326743722,-0.160065084695816,0.0106360139325261,-0.160091415047646,0.417860716581345,0.411911964416504,0.0105900326743722,-0.160065084695816,-0.0544417202472687,0.20548103749752,-0.0544437244534492,0.205480307340622,0.0105900326743722,-0.160065084695816,0.41777092218399,0.411958992481232,0.0105440635234118,-0.160038709640503,0.0105900326743722,-0.160065084695816,-0.0544417202472687,0.20548103749752,0.0105440635234118,-0.160038709640503,0.417768090963364,0.411958396434784
10.4163999557495,0.417794913053513,0.41186711192131,0.0106246117502451,-0.160098671913147,-0.0543517097830772,0.205493941903114,0.0105786304920912,-0.160072341561317,0.0106246117502451,-0.160098671913147,0.417792081832886,0.411866545677185,0.0105786304920912,-0.160072341561317,-0.0543496608734131,0.205494686961174,-0.0543517097830772,0.205493941903114,0.0105786304920912,-0.160072341561317,0.417702227830887,0.411913603544235,0.010532658547163,-0.160045921802521,0.0105786304920912,-0.160072341561317,-0.0543496608734131,0.205494686961174,0.010532658547163,-0.160045921802521,0.41769939661026,0.411913007497787
10.4167995452881,0.417726188898087,0.411821782588959,0.01061328407377,-0.160105913877487,-0.0542595945298672,0.205507546663284,0.0105672627687454,-0.160079583525658,0.0106132468208671,-0.16010594367981,0.417723327875137,0.411821097135544,0.0105672627687454,-0.160079583525658,-0.0542575903236866,0.205508306622505,-0.0542595945298672,0.205507546663284,0.0105672627687454,-0.160079583525658,0.417633563280106,0.411868304014206,0.0105212517082691,-0.160053119063377,0.0105672627687454,-0.160079583525658,-0.0542575903236866,0.205508306622505,0.0105212517082691,-0.160053119063377,0.417630702257156,0.411867678165436
10.417200088501,0.417657494544983,0.411776423454285,0.0106018809601665,-0.16011318564415,-0.0541674755513668,0.205521106719971,0.0105558950453997,-0.160086795687675,0.0106018809601665,-0.16011318564415,0.417654633522034,0.411775797605515,0.0105558959767222,-0.160086810588837,-0.0541654638946056,0.205521836876869,-0.0541674755513668,0.205521106719971,0.0105558950453997,-0.160086795687675,0.417564779520035,0.411823004484177,0.0105098839849234,-0.160060346126556,0.0105558950453997,-0.160086795687675,-0.0541654638946056,0.205521836876869,0.0105098839849234,-0.160060346126556,0.417561948299408,0.411822438240051
10.4175996780396,0.417588710784912,0.411731153726578,0.0105904741212726,-0.16012042760849,-0.0540753491222858,0.205534607172012,0.0105444872751832,-0.160094022750854,0.0105904741212726,-0.16012042760849,0.417585879564285,0.411730527877808,0.0105444872751832,-0.160094037652016,-0.054073341190815,0.205535337328911,-0.0540753491222858,0.205534607172012,0.0105444872751832,-0.160094037652016,0.417496025562286,0.411777794361115,0.0104985125362873,-0.160067543387413,0.0105444872751832,-0.160094022750854,-0.054073341190815,0.205535337328911,0.0104985125362873,-0.160067543387413,0.417493164539337,0.411777138710022
10.4180002212524,0.417519897222519,0.411685913801193,0.0105790663510561,-0.16012766957283,-0.0539832189679146,0.20554806292057,0.0105330785736442,-0.160101234912872,0.0105790663510561,-0.16012766957283,0.417517066001892,0.411685317754745,0.0105330785736442,-0.160101234912872,-0.053981214761734,0.205548793077469,-0.0539832189679146,0.20554806292057,0.0105330785736442,-0.160101234912872,0.417427152395248,0.411732643842697,0.0104871019721031,-0.160074725747108,0.0105330785736442,-0.160101234912872,-0.053981214761734,0.205548793077469,0.0104871019721031,-0.160074725747108,0.417424291372299,0.411731958389282
10.418399810791,0.417451083660126,0.411640763282776,0.0105676939710975,-0.16013491153717,-0.0538910813629627,0.205561459064484,0.0105217061936855,-0.160108461976051,0.0105676939710975,-0.16013491153717,0.417448222637177,0.411640197038651,0.0105217061936855,-0.160108461976051,-0.053889025002718,0.205562219023705,-0.0538910813629627,0.205561459064484,0.0105217061936855,-0.160108461976051,0.417358428239822,0.41168749332428,0.0104756904765964,-0.160081908106804,0.0105217061936855,-0.160108461976051,-0.053889025002718,0.205562219023705,0.0104756904765964,-0.160081908106804,0.417355507612228,0.411686897277832
10.4188003540039,0.417382210493088,0.411595642566681,0.0105563243851066,-0.160142153501511,-0.0537988431751728,0.205574825406075,0.0105102956295013,-0.160115659236908,0.0105563243851066,-0.160142153501511,0.417379409074783,0.411595076322556,0.0105103338137269,-0.160115659236908,-0.0537968352437019,0.205575555562973,-0.0537988431751728,0.205574825406075,0.0105103338137269,-0.160115659236908,0.417289525270462,0.411642462015152,0.0104643162339926,-0.160089105367661,0.0105102956295013,-0.160115659236908,-0.0537968352437019,0.205575555562973,0.0104643162339926,-0.160089105367661,0.417286664247513,0.411641836166382
10.4191999435425,0.417313307523727,0.411550670862198,0.0105449110269547,-0.160149365663528,-0.0537066012620926,0.205588132143021,0.0104989213868976,-0.160122871398926,0.0105449110269547,-0.160149365663528,0.417310446500778,0.411550045013428,0.0104989213868976,-0.160122871398926,-0.053704597055912,0.205588862299919,-0.0537066049873829,0.205588147044182,0.0104989213868976,-0.160122871398926,0.417220592498779,0.411597430706024,0.0104529038071632,-0.160096287727356,0.0104989213868976,-0.160122871398926,-0.053704597055912,0.205588862299919,0.0104529038071632,-0.160096287727356,0.417217671871185,0.411596864461899
10.4195995330811,0.417244344949722,0.411505669355392,0.0105334995314479,-0.160156592726707,-0.0536143556237221,0.205601394176483,0.0104875070974231,-0.160130068659782,0.0105334995314479,-0.160156592726707,0.41724157333374,0.411505073308945,0.0104875070974231,-0.160130068659782,-0.0536123514175415,0.205602139234543,-0.0536143556237221,0.205601394176483,0.0104875070974231,-0.160130068659782,0.417151600122452,0.411552488803864,0.0104415267705917,-0.160103470087051,0.0104875070974231,-0.160130068659782,-0.0536123514175415,0.205602139234543,0.0104415267705917,-0.160103470087051,0.417148768901825,0.411551922559738
10.4200000762939,0.417175471782684,0.411460727453232,0.0105220852419734,-0.160163819789886,-0.0535221099853516,0.205614611506462,0.010476091876626,-0.160137265920639,0.0105220852419734,-0.160163819789886,0.41717255115509,0.411460131406784,0.010476091876626,-0.160137265920639,-0.0535200946033001,0.205615326762199,-0.0535221099853516,0.205614611506462,0.010476091876626,-0.160137265920639,0.417082637548447,0.411507666110992,0.0104301096871495,-0.160110637545586,0.010476091876626,-0.160137265920639,-0.0535200946033001,0.205615326762199,0.0104301096871495,-0.160110637545586,0.417079836130142,0.411507070064545
10.4203996658325,0.41710638999939,0.411415845155716,0.0105106700211763,-0.160171031951904,-0.0534298494458199,0.205627769231796,0.0104646757245064,-0.160144463181496,0.0105106700211763,-0.160171031951904,0.417103558778763,0.411415278911591,0.0104646757245064,-0.160144463181496,-0.053427841514349,0.205628514289856,-0.0534298494458199,0.205627769231796,0.0104646757245064,-0.160144463181496,0.417013674974442,0.411462783813477,0.0104186926037073,-0.16011780500412,0.0104646757245064,-0.160144463181496,-0.053427841514349,0.205628514289856,0.0104186926037073,-0.16011780500412,0.417010754346848,0.411462187767029
10.4208002090454,0.417037278413773,0.411370992660522,0.0104992538690567,-0.160178244113922,-0.0533374920487404,0.205640882253647,0.0104532577097416,-0.160151645541191,0.0104992538690567,-0.160178244113922,0.417034447193146,0.411370396614075,0.0104532577097416,-0.160151645541191,-0.0533354841172695,0.205641627311707,-0.0533374957740307,0.205640897154808,0.0104532577097416,-0.160151645541191,0.416944652795792,0.411417990922928,0.0104072727262974,-0.160124957561493,0.0104532577097416,-0.160151645541191,-0.0533354841172695,0.205641627311707,0.0104072727262974,-0.160124957561493,0.416941732168198,0.411417424678802
10.421199798584,0.41696834564209,0.411326259374619,0.0104878358542919,-0.160185441374779,-0.0532452315092087,0.205653950572014,0.0104418387636542,-0.160158842802048,0.0104878358542919,-0.160185441374779,0.416965425014496,0.411325693130493,0.0104418387636542,-0.160158842802048,-0.0532431714236736,0.205654680728912,-0.0532452315092087,0.205653950572014,0.0104418387636542,-0.160158842802048,0.416875571012497,0.411373287439346,0.0103958528488874,-0.160132125020027,0.0104418387636542,-0.160158842802048,-0.0532431714236736,0.205654680728912,0.0103958528488874,-0.160132125020027,0.416872709989548,0.411372691392899
10.4216003417969,0.416899234056473,0.411281526088715,0.0104764169082046,-0.160192653536797,-0.0531528070569038,0.205666959285736,0.0104304188862443,-0.160165995359421,0.0104764169082046,-0.160192653536797,0.416896283626556,0.411280959844589,0.0104304188862443,-0.160165995359421,-0.0531507506966591,0.205667704343796,-0.0531528070569038,0.205666959285736,0.0104304188862443,-0.160165995359421,0.416806399822235,0.41132864356041,0.0103844320401549,-0.160139262676239,0.0104304188862443,-0.160165995359421,-0.0531507506966591,0.205667704343796,0.0103844320401549,-0.160139262676239,0.416803598403931,0.411328047513962
10.4219999313354,0.416830092668533,0.411236852407455,0.010464996099472,-0.160199835896492,-0.0530604422092438,0.205679938197136,0.0104189971461892,-0.160173162817955,0.010464996099472,-0.160199835896492,0.416827172040939,0.411236345767975,0.0104189971461892,-0.160173162817955,-0.0530583783984184,0.205680653452873,-0.0530604422092438,0.205679938197136,0.0104189971461892,-0.160173162817955,0.41673731803894,0.411284029483795,0.0103730103000998,-0.160146430134773,0.0104189971461892,-0.160173162817955,-0.0530583783984184,0.205680653452873,0.0103730103000998,-0.160146430134773,0.416734397411346,0.41128346323967
10.4224004745483,0.416760981082916,0.411192268133163,0.010453574359417,-0.16020704805851,-0.0529680177569389,0.205692857503891,0.0104075744748116,-0.16018034517765,0.010453574359417,-0.16020704805851,0.416758030653,0.411191672086716,0.0104075754061341,-0.160180360078812,-0.0529660023748875,0.205693587660789,-0.0529680177569389,0.205692857503891,0.0104075754061341,-0.160180360078812,0.416668146848679,0.411239504814148,0.010361585766077,-0.160153552889824,0.0104075744748116,-0.16018034517765,-0.0529660023748875,0.205693587660789,0.010361585766077,-0.160153552889824,0.416665256023407,0.4112389087677
10.4228000640869,0.416691720485687,0.411147803068161,0.0104421516880393,-0.160214215517044,-0.0528755858540535,0.205705747008324,0.0103961499407887,-0.160187512636185,0.0104421516880393,-0.160214215517044,0.416688859462738,0.411147147417068,0.0103961508721113,-0.160187527537346,-0.0528735257685184,0.205706462264061,-0.0528755858540535,0.205705747008324,0.0103961499407887,-0.160187512636185,0.416598856449127,0.411194980144501,0.0103501603007317,-0.160160705447197,0.0103961499407887,-0.160187512636185,-0.0528735257685184,0.205706462264061,0.0103501603007317,-0.160160705447197,0.416596084833145,0.411194413900375
10.4231996536255,0.416622549295425,0.411103308200836,0.0104307271540165,-0.16022139787674,-0.0527831502258778,0.205718547105789,0.0103847254067659,-0.160194650292397,0.0104307271540165,-0.16022139787674,0.416619569063187,0.411102652549744,0.0103847254067659,-0.160194650292397,-0.0527810901403427,0.205719277262688,-0.0527831502258778,0.205718547105789,0.0103847254067659,-0.160194650292397,0.416529685258865,0.411150574684143,0.0103387339040637,-0.160167828202248,0.0103847254067659,-0.160194650292397,-0.0527810901403427,0.205719277262688,0.0103387339040637,-0.160167828202248,0.416526854038239,0.411150008440018
10.4236001968384,0.416553258895874,0.411058843135834,0.0104193026199937,-0.160228580236435,-0.0526906661689281,0.205731347203255,0.0103732608258724,-0.160201817750931,0.0104193026199937,-0.160228580236435,0.41655033826828,0.411058276891708,0.010373261757195,-0.160201832652092,-0.0526886023581028,0.205732062458992,-0.0526906661689281,0.205731347203255,0.010373261757195,-0.160201832652092,0.416460454463959,0.411106169223785,0.010327267460525,-0.160174950957298,0.0103732608258724,-0.160201817750931,-0.0526886023581028,0.205732062458992,0.010327267460525,-0.160174950957298,0.416457563638687,0.411105573177338
10.423999786377,0.416483908891678,0.411014467477798,0.0104078762233257,-0.16023576259613,-0.0525981262326241,0.205744057893753,0.0103618325665593,-0.160208970308304,0.0104078762233257,-0.16023576259613,0.416481047868729,0.411013871431351,0.0103618325665593,-0.160208970308304,-0.0525960624217987,0.205744788050652,-0.0525981262326241,0.205744057893753,0.0103618325665593,-0.160208970308304,0.416391223669052,0.411061853170395,0.0103158392012119,-0.160182073712349,0.0103618325665593,-0.160208970308304,-0.0525960624217987,0.205744788050652,0.0103158392012119,-0.160182073712349,0.416388303041458,0.411061257123947
10.4244003295898,0.416414618492126,0.41097018122673,0.0103964097797871,-0.160242915153503,-0.0525055788457394,0.205756738781929,0.0103503651916981,-0.160216107964516,0.0103964097797871,-0.160242915153503,0.416411757469177,0.410969585180283,0.0103503661230206,-0.160216122865677,-0.0525035671889782,0.205757468938828,-0.0525055788457394,0.205756738781929,0.0103503661230206,-0.160216122865677,0.416321814060211,0.411017566919327,0.0103043708950281,-0.1601891964674,0.0103503651916981,-0.160216107964516,-0.0525035671889782,0.205757468938828,0.0103043708950281,-0.1601891964674,0.416318893432617,0.411017000675201
10.4247999191284,0.41634526848793,0.410925924777985,0.0103849805891514,-0.160250082612038,-0.0524130314588547,0.205769374966621,0.0103389360010624,-0.160223230719566,0.0103849805891514,-0.160250082612038,0.416342347860336,0.410925328731537,0.0103389360010624,-0.160223230719566,-0.0524109713733196,0.205770090222359,-0.0524130314588547,0.205769374966621,0.0103389360010624,-0.160223230719566,0.416252434253693,0.410973340272903,0.0102929398417473,-0.16019631922245,0.0103389360010624,-0.160223230719566,-0.0524109713733196,0.205770090222359,0.0102929398417473,-0.16019631922245,0.416249513626099,0.4109728038311
10.4252004623413,0.416275858879089,0.410881698131561,0.010373511351645,-0.160257250070572,-0.0523204803466797,0.205781936645508,0.0103275030851364,-0.160230383276939,0.010373511351645,-0.160257250070572,0.416272938251495,0.410881072282791,0.010327504016459,-0.160230398178101,-0.0523184165358543,0.205782666802406,-0.0523204803466797,0.205781936645508,0.010327504016459,-0.160230398178101,0.416183084249496,0.41092923283577,0.0102814687415957,-0.160203441977501,0.0103275030851364,-0.160230383276939,-0.0523184165358543,0.205782666802406,0.0102814687415957,-0.160203441977501,0.416180163621902,0.410928636789322
10.4256000518799,0.416206479072571,0.410837531089783,0.0103620802983642,-0.160264387726784,-0.0522278733551502,0.205794483423233,0.0103160329163074,-0.160237491130829,0.0103620802983642,-0.160264387726784,0.416203588247299,0.410837024450302,0.01031603384763,-0.16023750603199,-0.0522258132696152,0.20579519867897,-0.0522278733551502,0.205794483423233,0.01031603384763,-0.16023750603199,0.416113585233688,0.410885155200958,0.0102699967101216,-0.160210534930229,0.0103160329163074,-0.160237491130829,-0.0522258132696152,0.20579519867897,0.0102699967101216,-0.160210534930229,0.416110783815384,0.410884499549866
10.4259996414185,0.416136920452118,0.410793453454971,0.0103506473824382,-0.160271540284157,-0.0521352142095566,0.205806955695152,0.0103045599535108,-0.16024461388588,0.0103506483137608,-0.160271555185318,0.416134089231491,0.410792887210846,0.0103045599535108,-0.16024461388588,-0.0521332025527954,0.20580767095089,-0.0521352142095566,0.205806955695152,0.0103045599535108,-0.16024461388588,0.416044175624847,0.410841077566147,0.0102585619315505,-0.160217642784119,0.0103045599535108,-0.16024461388588,-0.0521332025527954,0.20580767095089,0.0102585619315505,-0.160217642784119,0.416041254997253,0.410840511322021
10.4264001846313,0.416067510843277,0.410749465227127,0.0103391744196415,-0.160278677940369,-0.0520425476133823,0.205819383263588,0.0102931261062622,-0.160251751542091,0.0103391744196415,-0.160278677940369,0.416064530611038,0.410748898983002,0.0102931261062622,-0.160251751542091,-0.0520405359566212,0.205820113420486,-0.0520425476133823,0.205819383263588,0.0102931261062622,-0.160251751542091,0.415974676609039,0.410797119140625,0.0102471252903342,-0.160224750638008,0.0102931261062622,-0.160251751542091,-0.0520405359566212,0.205820113420486,0.0102471252903342,-0.160224750638008,0.415971755981445,0.4107965528965
10.4267997741699,0.415997952222824,0.41070544719696,0.0103277014568448,-0.160285830497742,-0.0519499331712723,0.205831781029701,0.0102816885337234,-0.160258859395981,0.0103277014568448,-0.160285830497742,0.415995121002197,0.410704880952835,0.0102816885337234,-0.160258859395981,-0.0519478693604469,0.205832496285439,-0.0519499331712723,0.205831781029701,0.0102816885337234,-0.160258859395981,0.415905177593231,0.410753160715103,0.0102356504648924,-0.160231828689575,0.0102816885337234,-0.160258859395981,-0.0519478693604469,0.205832496285439,0.0102356504648924,-0.160231828689575,0.415902256965637,0.410752564668655
10.4272003173828,0.415928453207016,0.410661548376083,0.0103162648156285,-0.160292953252792,-0.0518572106957436,0.205844104290009,0.0102702127769589,-0.160265982151031,0.0103162657469511,-0.160292968153954,0.415925532579422,0.410660982131958,0.0102702127769589,-0.160265982151031,-0.0518551506102085,0.205844819545746,-0.0518572106957436,0.205844104290009,0.0102702127769589,-0.160265982151031,0.415835618972778,0.410709321498871,0.0102241719141603,-0.160238906741142,0.0102702127769589,-0.160265982151031,-0.0518551506102085,0.205844819545746,0.0102241719141603,-0.160238906741142,0.41583263874054,0.410708725452423
10.4275999069214,0.415858864784241,0.410617738962173,0.0103047890588641,-0.160300105810165,-0.0517644882202148,0.205856397747993,0.010258736088872,-0.160273090004921,0.0103047890588641,-0.160300105810165,0.415855914354324,0.410617083311081,0.010258736088872,-0.160273090004921,-0.0517624244093895,0.205857113003731,-0.0517644882202148,0.205856397747993,0.010258736088872,-0.160273090004921,0.415766030550003,0.410665452480316,0.0102127315476537,-0.160245984792709,0.010258736088872,-0.160273090004921,-0.0517624244093895,0.205857113003731,0.0102127315476537,-0.160245984792709,0.415763109922409,0.410664916038513
10.4280004501343,0.415789157152176,0.410573899745941,0.0102933114394546,-0.160307228565216,-0.0516717620193958,0.205868631601334,0.0102472947910428,-0.160280182957649,0.0102933123707771,-0.160307243466377,0.415786355733871,0.410573333501816,0.0102472947910428,-0.160280182957649,-0.0516696944832802,0.205869346857071,-0.0516717620193958,0.205868631601334,0.0102472947910428,-0.160280182957649,0.415696412324905,0.410621762275696,0.0102012138813734,-0.160253062844276,0.0102472947910428,-0.160280182957649,-0.0516696944832802,0.205869346857071,0.0102012138813734,-0.160253062844276,0.415693432092667,0.410621136426926
10.4284000396729,0.415719598531723,0.410530120134354,0.0102818701416254,-0.160314336419106,-0.051578976213932,0.20588082075119,0.01023577619344,-0.160287275910378,0.0102818701416254,-0.160314336419106,0.415716677904129,0.410529553890228,0.0102357771247625,-0.160287290811539,-0.051576916128397,0.205881521105766,-0.051578976213932,0.20588082075119,0.0102357771247625,-0.160287290811539,0.415626734495163,0.410578042268753,0.0101897707208991,-0.160260140895844,0.01023577619344,-0.160287275910378,-0.051576916128397,0.205881521105766,0.0101897707208991,-0.160260140895844,0.415623813867569,0.410577416419983
10.4287996292114,0.415649861097336,0.410486459732056,0.0102703515440226,-0.160321444272995,-0.0514861941337585,0.205892965197563,0.0102242957800627,-0.160294383764267,0.0102703515440226,-0.160321444272995,0.415647059679031,0.41048589348793,0.0102243339642882,-0.160294368863106,-0.0514841265976429,0.205893665552139,-0.0514861941337585,0.205892965197563,0.0102243339642882,-0.160294368863106,0.415557026863098,0.410534381866455,0.0101782893761992,-0.160267204046249,0.0102242957800627,-0.160294383764267,-0.0514841265976429,0.205893665552139,0.0101782893761992,-0.160267204046249,0.415554165840149,0.410533785820007
10.4292001724243,0.415580213069916,0.410442769527435,0.0102588711306453,-0.160328567028046,-0.0513933598995209,0.205905050039291,0.0102128135040402,-0.160301461815834,0.0102588711306453,-0.160328567028046,0.415577292442322,0.410442233085632,0.0102128135040402,-0.160301461815834,-0.0513913407921791,0.205905750393867,-0.0513933598995209,0.205905050039291,0.0102128135040402,-0.160301461815834,0.415487349033356,0.410490781068802,0.0101668061688542,-0.160274267196655,0.0102128135040402,-0.160301461815834,-0.0513913407921791,0.205905750393867,0.0101668061688542,-0.160274267196655,0.415484398603439,0.410490214824677
10.4295997619629,0.415510386228561,0.410399228334427,0.0102473916485906,-0.160335674881935,-0.0513005144894123,0.205917090177536,0.0102013722062111,-0.160308539867401,0.0102473916485906,-0.160335674881935,0.415507614612579,0.410398632287979,0.0102013722062111,-0.160308539867401,-0.0512984991073608,0.205917790532112,-0.0513005144894123,0.205917090177536,0.0102013722062111,-0.160308539867401,0.415417551994324,0.410447269678116,0.0101552866399288,-0.160281330347061,0.0102013722062111,-0.160308539867401,-0.0512984991073608,0.205917790532112,0.0101552866399288,-0.160281330347061,0.415414720773697,0.410446673631668
10.4300003051758,0.415440618991852,0.410355716943741,0.0102359466254711,-0.160342782735825,-0.0512076690793037,0.205929085612297,0.0101899253204465,-0.160315617918968,0.0102359466254711,-0.160342782735825,0.415437787771225,0.410355150699615,0.0101899262517691,-0.160315632820129,-0.0512056052684784,0.205929785966873,-0.0512076690793037,0.205929085612297,0.0101899262517691,-0.160315632820129,0.415347784757614,0.41040375828743,0.0101438397541642,-0.160288393497467,0.0101899253204465,-0.160315617918968,-0.0512056052684784,0.205929785966873,0.0101438397541642,-0.160288393497467,0.41534486413002,0.410403192043304
10.4303998947144,0.415370881557465,0.4103122651577,0.0102244997397065,-0.160349875688553,-0.0511147230863571,0.205941021442413,0.0101784011349082,-0.160322695970535,0.0102244997397065,-0.160349875688553,0.415367901325226,0.410311669111252,0.0101784011349082,-0.160322695970535,-0.0511127077043056,0.205941706895828,-0.0511147230863571,0.205941021442413,0.0101784011349082,-0.160322695970535,0.415278017520905,0.410360336303711,0.0101323900744319,-0.160295426845551,0.0101784011349082,-0.160322695970535,-0.0511127077043056,0.205941706895828,0.0101323900744319,-0.160295426845551,0.415275096893311,0.410359799861908
10.4308004379272,0.41530105471611,0.410268843173981,0.0102128991857171,-0.160356968641281,-0.0510218665003777,0.205952897667885,0.0101668760180473,-0.160329774022102,0.0102128991857171,-0.160356968641281,0.415298134088516,0.410268276929855,0.0101668760180473,-0.160329774022102,-0.0510198026895523,0.205953612923622,-0.0510218665003777,0.205952897667885,0.0101668760180473,-0.160329774022102,0.415208071470261,0.410317003726959,0.0101209403946996,-0.160302460193634,0.0101668760180473,-0.160329774022102,-0.0510198026895523,0.205953612923622,0.0101209403946996,-0.160302460193634,0.415205150842667,0.410316437482834
10.4312000274658,0.415231108665466,0.410225480794907,0.0102014504373074,-0.160364076495171,-0.0509289130568504,0.205964744091034,0.0101554254069924,-0.160336822271347,0.0102014504373074,-0.160364076495171,0.415228188037872,0.410224944353104,0.0101554254069924,-0.160336822271347,-0.050926897674799,0.205965459346771,-0.0509289130568504,0.205964744091034,0.0101554254069924,-0.160336822271347,0.415138304233551,0.41027370095253,0.0101093361154199,-0.160309508442879,0.0101554254069924,-0.160336822271347,-0.050926897674799,0.205965459346771,0.0101093361154199,-0.160309508442879,0.415135383605957,0.410273134708405
10.4315996170044,0.415161192417145,0.410182178020477,0.0101899998262525,-0.160371139645576,-0.0508359558880329,0.205976530909538,0.0101438974961638,-0.160343885421753,0.0101899998262525,-0.160371139645576,0.415158361196518,0.410181611776352,0.0101438974961638,-0.160343885421753,-0.0508339367806911,0.205977246165276,-0.0508359558880329,0.205976530909538,0.0101438974961638,-0.160343885421753,0.415068298578262,0.410230457782745,0.0100978836417198,-0.160316556692123,0.0101438974961638,-0.160343885421753,-0.0508339367806911,0.205977246165276,0.0100978836417198,-0.160316556692123,0.415065497159958,0.410229921340942
10.4320001602173,0.415091305971146,0.410138964653015,0.0101783946156502,-0.160378232598305,-0.0507429949939251,0.20598828792572,0.0101323686540127,-0.160350948572159,0.0101783946156502,-0.160378232598305,0.415088355541229,0.410138428211212,0.0101323686540127,-0.160350948572159,-0.0507409758865833,0.205988973379135,-0.0507429949939251,0.20598828792572,0.0101323686540127,-0.160350948572159,0.414998412132263,0.410187274217606,0.0100864302366972,-0.160323575139046,0.0101323686540127,-0.160350948572159,-0.0507409758865833,0.205988973379135,0.0100864302366972,-0.160323575139046,0.414995491504669,0.41018670797348
10.4323997497559,0.415021419525146,0.410095781087875,0.0101669412106276,-0.160385280847549,-0.0506499782204628,0.205999970436096,0.0101209133863449,-0.160357996821404,0.0101669412106276,-0.160385280847549,0.41501846909523,0.410095244646072,0.0101209133863449,-0.160357996821404,-0.0506479106843472,0.206000670790672,-0.0506499782204628,0.205999970436096,0.0101209133863449,-0.160357996821404,0.414928436279297,0.410144120454788,0.0100748222321272,-0.160330608487129,0.0101209133863449,-0.160357996821404,-0.0506479106843472,0.206000670790672,0.0100748222321272,-0.160330608487129,0.414925515651703,0.410143584012985
10.4328002929688,0.414951324462891,0.41005265712738,0.0101554878056049,-0.160392358899117,-0.0505569614470005,0.20601162314415,0.010109381750226,-0.160365030169487,0.0101554878056049,-0.160392358899117,0.414948403835297,0.4100521504879,0.0101093826815486,-0.160365045070648,-0.0505548901855946,0.206012323498726,-0.0505569614470005,0.20601162314415,0.0101093826815486,-0.160365045070648,0.414858400821686,0.410101056098938,0.0100633651018143,-0.160337626934052,0.010109381750226,-0.160365030169487,-0.0505548901855946,0.206012323498726,0.0100633651018143,-0.160337626934052,0.414855599403381,0.410100489854813
10.4331998825073,0.414881318807602,0.41000959277153,0.010143956169486,-0.160399436950684,-0.0504638887941837,0.206023216247559,0.0100978491827846,-0.160372078418732,0.010143956169486,-0.160399436950684,0.414878398180008,0.410009056329727,0.0100978501141071,-0.160372093319893,-0.0504618734121323,0.206023901700974,-0.0504638887941837,0.206023216247559,0.0100978501141071,-0.160372093319893,0.414788365364075,0.410058051347733,0.0100518316030502,-0.160344645380974,0.0100978491827846,-0.160372078418732,-0.0504618734121323,0.206023901700974,0.0100518316030502,-0.160344645380974,0.414785444736481,0.41005751490593
10.4336004257202,0.414811223745346,0.409966588020325,0.0101324217393994,-0.160406485199928,-0.050370816141367,0.206034764647484,0.0100863920524716,-0.160379111766815,0.0101324217393994,-0.160406485199928,0.414808392524719,0.409966021776199,0.0100863920524716,-0.160379111766815,-0.0503687933087349,0.206035435199738,-0.050370816141367,0.206034764647484,0.0100863920524716,-0.160379111766815,0.414718329906464,0.410015076398849,0.010040296241641,-0.160351663827896,0.0100863920524716,-0.160379111766815,-0.0503687933087349,0.206035435199738,0.010040296241641,-0.160351663827896,0.414715468883514,0.410014510154724
10.4340000152588,0.414741188287735,0.409923642873764,0.0101208873093128,-0.160413548350334,-0.0502777360379696,0.206046238541603,0.0100747784599662,-0.160386130213737,0.0101208873093128,-0.160413548350334,0.414738267660141,0.409923106431961,0.0100747793912888,-0.160386145114899,-0.0502757169306278,0.206046938896179,-0.0502777360379696,0.206046238541603,0.0100747793912888,-0.160386145114899,0.414648294448853,0.409972190856934,0.0100287599489093,-0.160358682274818,0.0100747784599662,-0.160386130213737,-0.0502757169306278,0.206046938896179,0.0100287590175867,-0.160358667373657,0.414645373821259,0.409971654415131
10.4343996047974,0.41467097401619,0.409880787134171,0.0101094292476773,-0.160420596599579,-0.0501846559345722,0.206057697534561,0.0100633194670081,-0.160393178462982,0.0101094292476773,-0.160420596599579,0.414668053388596,0.409880220890045,0.0100633194670081,-0.160393178462982,-0.0501825846731663,0.206058382987976,-0.0501846559345722,0.206057697534561,0.0100633194670081,-0.160393178462982,0.41457810997963,0.409929364919662,0.0100172981619835,-0.160365656018257,0.0100633194670081,-0.160393178462982,-0.0501825846731663,0.206058382987976,0.0100172981619835,-0.160365656018257,0.414575189352036,0.409928828477859
10.4348001480103,0.414600878953934,0.409837931394577,0.0100978156551719,-0.160427644848824,-0.0500914715230465,0.206069082021713,0.0100517803803086,-0.160400196909904,0.0100978156551719,-0.160427644848824,0.41459795832634,0.409837365150452,0.0100517813116312,-0.160400211811066,-0.0500894039869308,0.206069767475128,-0.0500914715230465,0.206069082021713,0.0100517813116312,-0.160400211811066,0.414507955312729,0.409886568784714,0.0100056836381555,-0.160372674465179,0.0100517803803086,-0.160400196909904,-0.0500894039869308,0.206069767475128,0.0100056836381555,-0.160372674465179,0.414505034685135,0.409886032342911
10.4351997375488,0.414530694484711,0.409795105457306,0.0100863529369235,-0.160434678196907,-0.0499982871115208,0.206080421805382,0.0100403185933828,-0.160407215356827,0.0100863529369235,-0.160434678196907,0.414527773857117,0.409794569015503,0.0100403185933828,-0.160407215356827,-0.0499962642788887,0.206081107258797,-0.0499982871115208,0.206080421805382,0.0100403185933828,-0.160407215356827,0.414437800645828,0.40984383225441,0.00999421905726194,-0.160379648208618,0.0100403185933828,-0.160407215356827,-0.0499962642788887,0.206081107258797,0.00999421905726194,-0.160379648208618,0.414434880018234,0.409843295812607
10.4356002807617,0.414460480213165,0.409752458333969,0.010074813850224,-0.160441726446152,-0.0499051474034786,0.206091716885567,0.0100287022069097,-0.160414218902588,0.010074813850224,-0.160441726446152,0.414457559585571,0.409751921892166,0.0100287031382322,-0.160414233803749,-0.0499030724167824,0.206092402338982,-0.0499051474034786,0.206091716885567,0.0100287031382322,-0.160414233803749,0.414367496967316,0.409801155328751,0.00998267810791731,-0.160386651754379,0.0100287022069097,-0.160414218902588,-0.0499030724167824,0.206092402338982,0.00998267810791731,-0.160386651754379,0.414364635944366,0.409800559282303
10.4359998703003,0.414390206336975,0.409709751605988,0.010063273832202,-0.160448744893074,-0.0498119033873081,0.206102982163429,0.0100172366946936,-0.160421222448349,0.010063273832202,-0.160448744893074,0.414387285709381,0.409709185361862,0.0100172376260161,-0.16042123734951,-0.0498098805546761,0.206103637814522,-0.0498119033873081,0.206102982163429,0.0100172376260161,-0.16042123734951,0.41429728269577,0.409758567810059,0.00997113529592752,-0.160393610596657,0.0100172366946936,-0.160421222448349,-0.0498098805546761,0.206103637814522,0.00997113529592752,-0.160393610596657,0.414294362068176,0.409758031368256
10.4364004135132,0.414319902658463,0.409667193889618,0.0100517310202122,-0.160455778241158,-0.0497187115252018,0.206114172935486,0.0100056175142527,-0.16042822599411,0.0100517310202122,-0.160455778241158,0.414317041635513,0.40966659784317,0.0100056175142527,-0.16042822599411,-0.0497166365385056,0.20611484348774,-0.0497187115252018,0.206114172935486,0.0100056175142527,-0.16042822599411,0.414226949214935,0.409715980291367,0.00995959155261517,-0.160400599241257,0.0100056175142527,-0.16042822599411,-0.0497166365385056,0.20611484348774,0.00995959155261517,-0.160400599241257,0.414224058389664,0.409715443849564
10.4368000030518,0.41424959897995,0.409624636173248,0.0100402645766735,-0.16046279668808,-0.0496254079043865,0.206125304102898,0.00999415013939142,-0.160435244441032,0.0100402645766735,-0.16046279668808,0.414246678352356,0.409624069929123,0.00999415013939142,-0.160435244441032,-0.0496233887970448,0.206126004457474,-0.0496254116296768,0.206125319004059,0.00999415013939142,-0.160435244441032,0.4141566157341,0.409673482179642,0.00994812324643135,-0.160407572984695,0.00999415013939142,-0.160435244441032,-0.0496233850717545,0.206125989556313,0.00994812324643135,-0.160407572984695,0.414153695106506,0.409672945737839
10.4371995925903,0.414179295301437,0.409582108259201,0.01002864446491,-0.160469830036163,-0.0495321601629257,0.206136405467987,0.00998260453343391,-0.160442218184471,0.01002864446491,-0.160469830036163,0.414176404476166,0.409581571817398,0.00998260453343391,-0.160442218184471,-0.0495300851762295,0.206137076020241,-0.0495321601629257,0.206136405467987,0.00998260453343391,-0.160442218184471,0.41408634185791,0.409631013870239,0.00993650034070015,-0.160414546728134,0.00998260453343391,-0.160442218184471,-0.0495300851762295,0.206137076020241,0.00993650034070015,-0.160414546728134,0.414083451032639,0.409630477428436
10.4376001358032,0.41410893201828,0.409539669752121,0.0100170979276299,-0.160476833581924,-0.0494388528168201,0.206147447228432,0.00997098162770271,-0.160449206829071,0.0100170979276299,-0.160476833581924,0.414106041193008,0.40953916311264,0.00997098162770271,-0.160449206829071,-0.0494367815554142,0.206148132681847,-0.0494388528168201,0.206147447228432,0.00997098162770271,-0.160449206829071,0.414015918970108,0.409588634967804,0.00992495287209749,-0.160421505570412,0.00997098162770271,-0.160449206829071,-0.0494367815554142,0.206148132681847,0.00992495287209749,-0.160421505570412,0.414013028144836,0.409588098526001
10.4379997253418,0.414038449525833,0.409497290849686,0.010005627758801,-0.160483822226524,-0.0493454970419407,0.206158444285393,0.00995951052755117,-0.160456195473671,0.010005627758801,-0.160483822226524,0.414035588502884,0.409496784210205,0.00995951052755117,-0.160456195473671,-0.0493434742093086,0.206159114837646,-0.0493454970419407,0.206158444285393,0.00995951052755117,-0.160456195473671,0.413945555686951,0.409546315670013,0.0099134799093008,-0.160428464412689,0.00995951052755117,-0.160456195473671,-0.0493434742093086,0.206159114837646,0.0099134799093008,-0.160428464412689,0.413942575454712,0.409545749425888
10.4384002685547,0.413968086242676,0.409455001354218,0.00999400392174721,-0.160490840673447,-0.0492521859705448,0.206169381737709,0.00994796119630337,-0.16046316921711,0.00999400392174721,-0.160490840673447,0.413965165615082,0.409454464912415,0.00994796119630337,-0.16046316921711,-0.0492501109838486,0.206170052289963,-0.0492521859705448,0.206169381737709,0.00994796119630337,-0.16046316921711,0.413875132799149,0.40950408577919,0.0099018532782793,-0.160435408353806,0.00994796119630337,-0.16046316921711,-0.0492501109838486,0.206170052289963,0.0099018532782793,-0.160435408353806,0.413872212171555,0.409503549337387
10.4387998580933,0.413897663354874,0.409412741661072,0.0099824545904994,-0.160497844219208,-0.0491588264703751,0.206180289387703,0.00993633363395929,-0.160470142960548,0.0099824545904994,-0.160497844219208,0.41389474272728,0.409412235021591,0.00993633363395929,-0.160470142960548,-0.0491567514836788,0.206180959939957,-0.0491588264703751,0.206180289387703,0.00993633363395929,-0.160470142960548,0.413804620504379,0.409461855888367,0.00989030208438635,-0.160442352294922,0.00993633363395929,-0.160470142960548,-0.0491567514836788,0.206180959939957,0.00989030208438635,-0.160442352294922,0.413801699876785,0.409461319446564
10.4392004013062,0.413827061653137,0.409370511770248,0.00997090432792902,-0.160504832863808,-0.0490654595196247,0.206191137433052,0.00992478244006634,-0.160477116703987,0.00997090432792902,-0.160504832863808,0.413824170827866,0.409370005130768,0.00992478244006634,-0.160477116703987,-0.0490633361041546,0.206191793084145,-0.0490654595196247,0.206191137433052,0.00992478244006634,-0.160477116703987,0.413734167814255,0.409419685602188,0.00987874995917082,-0.160449311137199,0.00992478244006634,-0.160477116703987,-0.0490633361041546,0.206191793084145,0.00987874995917082,-0.160449311137199,0.413731247186661,0.409419119358063
10.4395999908447,0.413756608963013,0.409328401088715,0.00995935220271349,-0.160511821508408,-0.0489720366895199,0.206201910972595,0.00991330668330193,-0.160484075546265,0.00995935220271349,-0.160511821508408,0.413753658533096,0.409327864646912,0.00991330668330193,-0.160484075546265,-0.0489699169993401,0.206202566623688,-0.0489720366895199,0.206201910972595,0.00991330668330193,-0.160484075546265,0.413663536310196,0.409377634525299,0.00986719597131014,-0.160456255078316,0.00991330668330193,-0.160484075546265,-0.0489699169993401,0.206202566623688,0.00986719597131014,-0.160456255078316,0.413660615682602,0.409377098083496
10.4399995803833,0.413686007261276,0.409286290407181,0.00994779914617538,-0.160518810153008,-0.0488786175847054,0.206212654709816,0.00990167539566755,-0.160491034388542,0.00994779914617538,-0.160518810153008,0.413683116436005,0.409285753965378,0.00990167539566755,-0.160491034388542,-0.0488764941692352,0.20621332526207,-0.0488786175847054,0.206212654709816,0.00990167539566755,-0.160491034388542,0.413592964410782,0.409335553646088,0.00985564105212688,-0.160463199019432,0.00990167539566755,-0.160491034388542,-0.0488764941692352,0.20621332526207,0.00985564105212688,-0.160463199019432,0.413590103387833,0.409334987401962
10.4404001235962,0.41361540555954,0.409244328737259,0.00993624422699213,-0.160525768995285,-0.0487850978970528,0.206223338842392,0.0098901204764843,-0.16049799323082,0.00993624422699213,-0.160525768995285,0.413612455129623,0.409243732690811,0.0098901204764843,-0.16049799323082,-0.0487830229103565,0.206224024295807,-0.0487850978970528,0.206223338842392,0.0098901204764843,-0.16049799323082,0.413522392511368,0.409293562173843,0.00984408427029848,-0.160470113158226,0.0098901204764843,-0.16049799323082,-0.0487830229103565,0.206224024295807,0.00984408427029848,-0.160470113158226,0.413519471883774,0.40929302573204
10.4407997131348,0.413544774055481,0.409202337265015,0.00992461293935776,-0.160532772541046,-0.0486916676163673,0.206233978271484,0.0098785636946559,-0.160504937171936,0.00992461293935776,-0.160532772541046,0.413541853427887,0.409201800823212,0.0098785636946559,-0.160504937171936,-0.0486895442008972,0.206234648823738,-0.0486916713416576,0.206233993172646,0.0098785636946559,-0.160504937171936,0.413451820611954,0.409251660108566,0.00983245112001896,-0.160477042198181,0.0098785636946559,-0.160504937171936,-0.0486895442008972,0.206234648823738,0.00983245112001896,-0.160477042198181,0.41344889998436,0.409251123666763
10.4412002563477,0.413474142551422,0.409160405397415,0.00991305615752935,-0.160539731383324,-0.0485981442034245,0.206244572997093,0.0098669296130538,-0.160511881113052,0.00991305615752935,-0.160539731383324,0.413471281528473,0.409159898757935,0.00986693054437637,-0.160511896014214,-0.0485960654914379,0.206245243549347,-0.0485981442034245,0.206244572997093,0.00986693054437637,-0.160511896014214,0.41338112950325,0.409209817647934,0.00982089247554541,-0.160483971238136,0.0098669296130538,-0.160511881113052,-0.0485960654914379,0.206245243549347,0.00982089247554541,-0.160483971238136,0.413378268480301,0.409209281206131
10.4415998458862,0.413403451442719,0.40911853313446,0.00990142114460468,-0.160546690225601,-0.0485046096146107,0.206255123019218,0.00985537096858025,-0.16051883995533,0.00990142114460468,-0.160546690225601,0.413400590419769,0.40911802649498,0.00985537096858025,-0.16051883995533,-0.0485025383532047,0.206255793571472,-0.0485046096146107,0.206255123019218,0.00985537096858025,-0.16051883995533,0.413310348987579,0.409167945384979,0.00980925653129816,-0.16049088537693,0.00985537096858025,-0.16051883995533,-0.0485025383532047,0.206255793571472,0.00980925653129816,-0.16049088537693,0.41330748796463,0.409167408943176
10.4420003890991,0.413332730531693,0.409076809883118,0.00988993886858225,-0.160553649067879,-0.0484110787510872,0.20626562833786,0.00984373409301043,-0.160525768995285,0.00988993886858225,-0.160553649067879,0.413329750299454,0.40907621383667,0.00984388776123524,-0.160525754094124,-0.0484089516103268,0.206266269087791,-0.0484110787510872,0.20626562833786,0.00984388776123524,-0.160525754094124,0.413239717483521,0.409126251935959,0.009797771461308,-0.160497784614563,0.00984373409301043,-0.160525768995285,-0.0484089516103268,0.206266269087791,0.009797771461308,-0.160497784614563,0.413236826658249,0.409125715494156
10.4423999786377,0.413261950016022,0.40903502702713,0.00987837836146355,-0.160560607910156,-0.0483174882829189,0.206276059150696,0.00983224902302027,-0.160532683134079,0.00987837836146355,-0.160560607910156,0.41325905919075,0.409034490585327,0.00983224995434284,-0.16053269803524,-0.048315417021513,0.206276714801788,-0.0483174882829189,0.206276059150696,0.00983224995434284,-0.16053269803524,0.41316893696785,0.409084558486938,0.00978621002286673,-0.160504698753357,0.00983224902302027,-0.160532683134079,-0.048315417021513,0.206276714801788,0.00978621002286673,-0.160504698753357,0.413166016340256,0.409084051847458
10.4427995681763,0.413191258907318,0.408993363380432,0.00986673962324858,-0.160567551851273,-0.048223901540041,0.206286430358887,0.00982068665325642,-0.160539612174034,0.00986673962324858,-0.160567551851273,0.413188368082047,0.408992826938629,0.00982068665325642,-0.160539612174034,-0.0482218265533447,0.20628710091114,-0.048223901540041,0.206286430358887,0.00982068665325642,-0.160539612174034,0.413098126649857,0.40904289484024,0.00977456942200661,-0.160511612892151,0.00982068665325642,-0.160539612174034,-0.0482218265533447,0.20628710091114,0.00977456942200661,-0.160511612892151,0.413095265626907,0.409042418003082
10.4432001113892,0.413120329380035,0.408951759338379,0.00985517725348473,-0.16057451069355,-0.0481302626430988,0.206296771764755,0.0098090460523963,-0.160546541213989,0.00985517725348473,-0.16057451069355,0.413117438554764,0.408951222896576,0.0098090460523963,-0.160546541213989,-0.0481282360851765,0.206297442317009,-0.0481302626430988,0.206296771764755,0.0098090460523963,-0.160546541213989,0.413027375936508,0.409001350402832,0.00976300425827503,-0.160518497228622,0.0098090460523963,-0.160546541213989,-0.0481282360851765,0.206297442317009,0.00976300425827503,-0.160518497228622,0.413024485111237,0.409000813961029
10.4435997009277,0.413049548864365,0.408910185098648,0.00984361302107573,-0.160581439733505,-0.0480366200208664,0.20630706846714,0.00979748088866472,-0.160553455352783,0.00984361302107573,-0.160581439733505,0.413046628236771,0.408909678459167,0.00979748088866472,-0.160553455352783,-0.048034593462944,0.206307724118233,-0.0480366200208664,0.20630706846714,0.00979748088866472,-0.160553455352783,0.412956535816193,0.408959865570068,0.00975143909454346,-0.160525396466255,0.00979748088866472,-0.160553455352783,-0.048034593462944,0.206307724118233,0.00975143909454346,-0.160525396466255,0.412953615188599,0.408959299325943
10.4440002441406,0.412978678941727,0.408868670463562,0.00983197148889303,-0.160588398575783,-0.0479429699480534,0.20631730556488,0.00978591572493315,-0.160560369491577,0.00983197148889303,-0.160588398575783,0.412975758314133,0.408868134021759,0.00978591572493315,-0.160560369491577,-0.0479408986866474,0.206317976117134,-0.0479429699480534,0.20631730556488,0.00978591572493315,-0.160560369491577,0.412885695695877,0.408918380737305,0.00973979476839304,-0.160532280802727,0.00978591572493315,-0.160560369491577,-0.0479408986866474,0.206317976117134,0.00973979476839304,-0.160532280802727,0.412882775068283,0.408917874097824
10.4443998336792,0.412907809019089,0.408827245235443,0.00982040446251631,-0.160595312714577,-0.0478493273258209,0.206327497959137,0.00977427046746016,-0.160567283630371,0.00982040446251631,-0.160595312714577,0.41290494799614,0.40882670879364,0.00977427046746016,-0.160567283630371,-0.0478472001850605,0.206328153610229,-0.0478493273258209,0.206327497959137,0.00977427046746016,-0.160567283630371,0.412814766168594,0.408876985311508,0.00972822587937117,-0.160539150238037,0.00977427046746016,-0.160567283630371,-0.0478472001850605,0.206328153610229,0.00972822587937117,-0.160539150238037,0.412811875343323,0.408876419067383
10.4448003768921,0.412836879491806,0.408785820007324,0.00980876013636589,-0.160602256655693,-0.0477555766701698,0.206337630748749,0.00976270250976086,-0.160574182868004,0.00980876013636589,-0.160602256655693,0.412833958864212,0.408785313367844,0.00976270250976086,-0.160574182868004,-0.0477535016834736,0.206338301301003,-0.0477555766701698,0.206337630748749,0.00976270250976086,-0.160574182868004,0.412743866443634,0.408835649490356,0.00971658062189817,-0.16054604947567,0.00976270250976086,-0.160574182868004,-0.0477534979581833,0.206338286399841,0.00971658062189817,-0.16054604947567,0.41274094581604,0.408835083246231
10.4451999664307,0.412765920162201,0.408744543790817,0.00979719124734402,-0.160609170794487,-0.0476618744432926,0.206347733736038,0.0097509790211916,-0.160581082105637,0.00979719124734402,-0.160609170794487,0.412762999534607,0.408744007349014,0.00975113268941641,-0.160581082105637,-0.0476597957313061,0.20634837448597,-0.0476618744432926,0.206347733736038,0.00975113268941641,-0.160581082105637,0.412672877311707,0.408794373273849,0.00970500893890858,-0.160552904009819,0.0097509790211916,-0.160581082105637,-0.0476597957313061,0.20634837448597,0.00970500893890858,-0.160552904009819,0.412669956684113,0.408793836832047
10.4455995559692,0.412694871425629,0.408703207969666,0.00978562142699957,-0.160616084933281,-0.0475681684911251,0.20635774731636,0.00973940826952457,-0.160587981343269,0.00978562142699957,-0.160616084933281,0.412691950798035,0.408702701330185,0.00973940826952457,-0.160587981343269,-0.047566045075655,0.206358417868614,-0.0475681684911251,0.20635774731636,0.00973940826952457,-0.160587981343269,0.412601917982101,0.408753126859665,0.00969336088746786,-0.160559773445129,0.00973940826952457,-0.160587981343269,-0.047566045075655,0.206358417868614,0.00969336088746786,-0.160559773445129,0.412598997354507,0.408752590417862
10.4460000991821,0.412623912096024,0.408662050962448,0.00977389607578516,-0.160622999072075,-0.0474743619561195,0.206367745995522,0.00972783658653498,-0.160594865679741,0.00977389607578516,-0.160622999072075,0.412620902061462,0.408661544322968,0.00972783658653498,-0.160594865679741,-0.047472283244133,0.206368386745453,-0.0474743135273457,0.206367745995522,0.00972783658653498,-0.160594865679741,0.412530869245529,0.408711969852448,0.009681710973382,-0.16056664288044,0.00972783658653498,-0.160594865679741,-0.047472283244133,0.206368386745453,0.009681710973382,-0.16056664288044,0.412527978420258,0.408711463212967
10.4463996887207,0.412552803754807,0.408620893955231,0.00976232439279556,-0.160629913210869,-0.047380555421114,0.206377655267715,0.00971618574112654,-0.160601750016212,0.00976232439279556,-0.160629913210869,0.412549823522568,0.40862038731575,0.00971618574112654,-0.160601750016212,-0.0473785251379013,0.206378310918808,-0.047380555421114,0.206377655267715,0.00971618574112654,-0.160601750016212,0.412459820508957,0.408670842647552,0.00967013742774725,-0.16057351231575,0.00971618574112654,-0.160601750016212,-0.0473785251379013,0.206378310918808,0.00967013742774725,-0.16057351231575,0.412456840276718,0.408670336008072
10.4468002319336,0.412481814622879,0.408579796552658,0.00975067354738712,-0.160636827349663,-0.0472867451608181,0.206387549638748,0.00970461126416922,-0.160608619451523,0.00975067354738712,-0.160636827349663,0.41247883439064,0.408579289913177,0.00970461126416922,-0.160608619451523,-0.0472846627235413,0.20638819038868,-0.0472867451608181,0.206387549638748,0.00970461126416922,-0.160608619451523,0.41238871216774,0.408629775047302,0.00965848471969366,-0.160580351948738,0.00970461126416922,-0.160608619451523,-0.0472846627235413,0.20638819038868,0.00965848471969366,-0.160580351948738,0.412385731935501,0.408629268407822
10.4471998214722,0.412410706281662,0.40853875875473,0.00973909813910723,-0.160643711686134,-0.0471929311752319,0.206397384405136,0.00969303492456675,-0.160615488886833,0.00973909813910723,-0.160643711686134,0.412407726049423,0.40853825211525,0.00969303492456675,-0.160615488886833,-0.0471908003091812,0.206398025155067,-0.0471929311752319,0.206397384405136,0.00969303492456675,-0.160615488886833,0.412317544221878,0.408588826656342,0.00964690744876862,-0.160587221384048,0.00969303492456675,-0.160615488886833,-0.0471908003091812,0.206398025155067,0.00964690744876862,-0.160587221384048,0.412314683198929,0.408588320016861
10.4476003646851,0.412339478731155,0.408497750759125,0.00972752273082733,-0.160650610923767,-0.0470990613102913,0.206407144665718,0.00968138035386801,-0.160622358322144,0.00972752273082733,-0.160650610923767,0.412336617708206,0.408497244119644,0.00968138128519058,-0.160622373223305,-0.047096986323595,0.206407815217972,-0.0470990613102913,0.206407144665718,0.00968138128519058,-0.160622373223305,0.412246495485306,0.408547937870026,0.009635329246521,-0.160594046115875,0.00968138035386801,-0.160622358322144,-0.047096986323595,0.206407815217972,0.009635329246521,-0.160594046115875,0.412243485450745,0.408547431230545
10.4479999542236,0.412268280982971,0.408456832170486,0.0097157908603549,-0.160657495260239,-0.0470051988959312,0.206416890025139,0.00966972578316927,-0.160629242658615,0.0097157908603549,-0.160657495260239,0.4122653901577,0.408456325531006,0.00966972671449184,-0.160629257559776,-0.0470030680298805,0.20641753077507,-0.0470051988959312,0.206416890025139,0.00966972671449184,-0.160629257559776,0.412175238132477,0.408507019281387,0.00962359737604856,-0.160600900650024,0.00966972578316927,-0.160629242658615,-0.0470030680298805,0.20641753077507,0.00962359737604856,-0.160600900650024,0.412172317504883,0.408506512641907
10.4483995437622,0.412197113037109,0.408416002988815,0.00970421172678471,-0.16066437959671,-0.0469112768769264,0.206426560878754,0.00965806934982538,-0.160636082291603,0.00970421172678471,-0.16066437959671,0.41219425201416,0.408415466547012,0.00965806934982538,-0.160636082291603,-0.0469091944396496,0.206427201628685,-0.0469112768769264,0.206426560878754,0.00965806934982538,-0.160636082291603,0.412103980779648,0.408466190099716,0.0096120173111558,-0.160607725381851,0.00965806934982538,-0.160636082291603,-0.0469091944396496,0.206427201628685,0.0096120173111558,-0.160607725381851,0.412101119756699,0.408465683460236
10.4488000869751,0.412125945091248,0.408375203609467,0.00969255622476339,-0.160671263933182,-0.0468173585832119,0.206436187028885,0.00964648928493261,-0.160642966628075,0.00969255622476339,-0.160671263933182,0.412122905254364,0.408374696969986,0.00964648928493261,-0.160642966628075,-0.0468152798712254,0.206436827778816,-0.0468173585832119,0.206436201930046,0.00964648928493261,-0.160642966628075,0.412032812833786,0.40842542052269,0.00960035808384418,-0.160614565014839,0.00964648928493261,-0.160642966628075,-0.0468152798712254,0.206436827778816,0.00960035808384418,-0.160614565014839,0.412029892206192,0.408424943685532
10.4491996765137,0.412054687738419,0.408334463834763,0.00968097522854805,-0.160678148269653,-0.0467234328389168,0.206445753574371,0.0096349073573947,-0.160649806261063,0.00968097522854805,-0.160678148269653,0.412051647901535,0.408333897590637,0.0096349073573947,-0.160649806261063,-0.0467213056981564,0.206446424126625,-0.0467234365642071,0.206445768475533,0.0096349073573947,-0.160649806261063,0.411961495876312,0.408384770154953,0.00958877522498369,-0.160621374845505,0.0096349073573947,-0.160649806261063,-0.0467213056981564,0.206446424126625,0.00958877522498369,-0.160621374845505,0.411958605051041,0.408384263515472
10.4496002197266,0.411983370780945,0.408293753862381,0.00966931600123644,-0.160685017704964,-0.0466294065117836,0.206455305218697,0.00962317083030939,-0.160656660795212,0.00966931600123644,-0.160685017704964,0.411980390548706,0.4082932472229,0.00962317083030939,-0.160656660795212,-0.0466273762285709,0.206455931067467,-0.0466294065117836,0.206455305218697,0.00962317083030939,-0.160656660795212,0.411890238523483,0.408344119787216,0.00957711506634951,-0.160628199577332,0.00962317083030939,-0.160656660795212,-0.0466273762285709,0.206455931067467,0.00957711506634951,-0.160628199577332,0.411887347698212,0.408343613147736
10.4499998092651,0.411912024021149,0.408253133296967,0.00965765491127968,-0.160691872239113,-0.0465354323387146,0.206464782357216,0.00961158610880375,-0.160663485527039,0.00965765491127968,-0.160691872239113,0.411909103393555,0.408252626657486,0.00961158610880375,-0.160663485527039,-0.0465334020555019,0.206465408205986,-0.0465354323387146,0.206464782357216,0.00961158610880375,-0.160663485527039,0.41181892156601,0.408303558826447,0.00956545304507017,-0.160635024309158,0.00961158610880375,-0.160663485527039,-0.0465334020555019,0.206465408205986,0.00956545304507017,-0.160635024309158,0.411816000938416,0.408303052186966
10.450400352478,0.41184064745903,0.408212572336197,0.00964607112109661,-0.160698741674423,-0.046441450715065,0.206474184989929,0.00959992408752441,-0.160670340061188,0.00964607112109661,-0.160698741674423,0.411837756633759,0.408212035894394,0.00959992408752441,-0.160670340061188,-0.0464393720030785,0.206474825739861,-0.046441450715065,0.206474184989929,0.00959992408752441,-0.160670340061188,0.411747574806213,0.408263027667999,0.00955386646091938,-0.160641849040985,0.00959992408752441,-0.160670340061188,-0.0464393720030785,0.206474825739861,0.00955386646091938,-0.160641849040985,0.411744564771652,0.408262521028519
10.4507999420166,0.411769300699234,0.40817204117775,0.00963433180004358,-0.160705596208572,-0.0463474243879318,0.206483572721481,0.00958826020359993,-0.160677164793015,0.00963433180004358,-0.160705596208572,0.411766290664673,0.408171534538269,0.00958826020359993,-0.160677164793015,-0.046345341950655,0.20648418366909,-0.0463474243879318,0.206483572721481,0.00958826020359993,-0.160677164793015,0.411676198244095,0.408222585916519,0.0095421252772212,-0.16064864397049,0.00958826020359993,-0.160677164793015,-0.046345341950655,0.20648418366909,0.0095421252772212,-0.16064864397049,0.411673277616501,0.408222079277039
10.4511995315552,0.411697894334793,0.408131629228592,0.00962274335324764,-0.16071243584156,-0.046253390610218,0.206492871046066,0.00957659538835287,-0.16068397462368,0.00962274428457022,-0.160712450742722,0.411694884300232,0.408131152391434,0.00957659631967545,-0.160683989524841,-0.0462512597441673,0.206493511795998,-0.046253390610218,0.206492871046066,0.00957659631967545,-0.160683989524841,0.411604791879654,0.408182203769684,0.00953053683042526,-0.160655453801155,0.00957659538835287,-0.16068397462368,-0.0462512597441673,0.206493511795998,0.00953053683042526,-0.160655453801155,0.411601901054382,0.408181667327881
10.4516000747681,0.41162645816803,0.408091217279434,0.00961100216954947,-0.16071929037571,-0.0461593084037304,0.206502139568329,0.00956493057310581,-0.160690814256668,0.00961100216954947,-0.16071929037571,0.411623507738113,0.408090740442276,0.00956493057310581,-0.160690814256668,-0.0461571775376797,0.20650278031826,-0.0461593084037304,0.206502139568329,0.00956493057310581,-0.160690814256668,0.411533296108246,0.408141821622849,0.00951879378408194,-0.160662248730659,0.00956493057310581,-0.160690814256668,-0.0461571775376797,0.20650278031826,0.00951879378408194,-0.160662248730659,0.411530405282974,0.40814134478569
10.4519996643066,0.411555022001266,0.408050924539566,0.00959941279143095,-0.160726130008698,-0.0460652224719524,0.206511378288269,0.00955326296389103,-0.160697624087334,0.00959941279143095,-0.160726130008698,0.411552041769028,0.408050417900085,0.00955326296389103,-0.160697624087334,-0.0460630916059017,0.2065120190382,-0.0460652224719524,0.206511378288269,0.00955326296389103,-0.160697624087334,0.411461889743805,0.408101558685303,0.00950720254331827,-0.160669028759003,0.00955326296389103,-0.160697624087334,-0.0460630916059017,0.2065120190382,0.00950720254331827,-0.160669028759003,0.411458879709244,0.408101052045822
10.4524002075195,0.411483436822891,0.408010631799698,0.00958782248198986,-0.160732984542847,-0.0459710843861103,0.206520527601242,0.00954159442335367,-0.160704433917999,0.00958782248198986,-0.160732984542847,0.411480516195297,0.408010125160217,0.00954159442335367,-0.160704433917999,-0.0459690019488335,0.206521168351173,-0.0459710843861103,0.206520527601242,0.00954159442335367,-0.160704433917999,0.411390364170074,0.408061355352402,0.00949545670300722,-0.160675838589668,0.00954159442335367,-0.160704433917999,-0.0459690019488335,0.206521168351173,0.00949545670300722,-0.160675838589668,0.41138744354248,0.408060818910599
10.4527997970581,0.411411911249161,0.407970398664474,0.00957607664167881,-0.160739809274673,-0.0458769463002682,0.206529647111893,0.00953000131994486,-0.160711243748665,0.00957607664167881,-0.160739809274673,0.411408990621567,0.407969921827316,0.00953000131994486,-0.160711243748665,-0.0458748117089272,0.206530287861824,-0.0458769463002682,0.206529647111893,0.00953000131994486,-0.160711243748665,0.411318838596344,0.408021152019501,0.00948386266827583,-0.16068260371685,0.00953000131994486,-0.160711243748665,-0.0458748117089272,0.206530287861824,0.00948386266827583,-0.16068260371685,0.411315828561783,0.408020675182343
10.453200340271,0.411340355873108,0.407930254936218,0.00956448353827,-0.1607466340065,-0.0457828044891357,0.206538692116737,0.00951825361698866,-0.16071805357933,0.00956448353827,-0.1607466340065,0.411337465047836,0.40792977809906,0.00951825454831123,-0.160718068480492,-0.0457807220518589,0.206539332866669,-0.0457828044891357,0.206538692116737,0.00951825454831123,-0.160718068480492,0.411247253417969,0.407981097698212,0.00947219133377075,-0.160689398646355,0.00951825361698866,-0.16071805357933,-0.0457807220518589,0.206539332866669,0.00947219133377075,-0.160689398646355,0.411244332790375,0.407980531454086
10.4535999298096,0.411268770694733,0.407890170812607,0.00955273490399122,-0.160753458738327,-0.0456886626780033,0.20654770731926,0.00950665958225727,-0.160724848508835,0.00955273490399122,-0.160753458738327,0.411265909671783,0.407889693975449,0.00950665958225727,-0.160724848508835,-0.0456865318119526,0.206548348069191,-0.0456886626780033,0.20654770731926,0.00950665958225727,-0.160724848508835,0.411175668239594,0.4079410135746,0.00946051813662052,-0.160696163773537,0.00950665958225727,-0.160724848508835,-0.0456865318119526,0.206548348069191,0.00946051813662052,-0.160696163773537,0.411172658205032,0.40794050693512
10.4540004730225,0.411197155714035,0.407850116491318,0.00954106356948614,-0.160760283470154,-0.0455944202840328,0.206556677818298,0.00949491001665592,-0.1607316583395,0.00954106356948614,-0.160760283470154,0.411194235086441,0.407849669456482,0.00949491001665592,-0.1607316583395,-0.0455923341214657,0.20655731856823,-0.0455944202840328,0.206556677818298,0.00949491001665592,-0.1607316583395,0.411103993654251,0.407901018857956,0.00944884400814772,-0.16070294380188,0.00949491001665592,-0.1607316583395,-0.0455923341214657,0.20655731856823,0.00944884400814772,-0.16070294380188,0.411101073026657,0.40790057182312
10.454400062561,0.411125540733337,0.407810211181641,0.00952939037233591,-0.160767093300819,-0.045500174164772,0.206565573811531,0.00948331132531166,-0.160738423466682,0.00952939037233591,-0.160767093300819,0.411122649908066,0.407809644937515,0.00948331132531166,-0.160738423466682,-0.0454980880022049,0.206566214561462,-0.045500174164772,0.206565573811531,0.00948331132531166,-0.160738423466682,0.411032378673553,0.407861083745956,0.00943716894835234,-0.160709694027901,0.00948331132531166,-0.160738423466682,-0.0454980880022049,0.206566214561462,0.00943716894835234,-0.160709694027901,0.411029428243637,0.407860636711121
10.4547996520996,0.411053866147995,0.407770246267319,0.00951771531254053,-0.160773918032646,-0.0454059727489948,0.206574440002441,0.00947155989706516,-0.160745233297348,0.00951771531254053,-0.160773918032646,0.411050856113434,0.407769739627838,0.00947155989706516,-0.160745233297348,-0.0454038456082344,0.206575065851212,-0.0454059727489948,0.206574440002441,0.00947155989706516,-0.160745233297348,0.410960733890533,0.407821238040924,0.00942549295723438,-0.160716459155083,0.00947155989706516,-0.160745233297348,-0.0454038456082344,0.206575065851212,0.00942549295723438,-0.160716459155083,0.410957813262939,0.407820761203766
10.4552001953125,0.410982131958008,0.407730370759964,0.00950603932142258,-0.160780698060989,-0.0453116782009602,0.206583246588707,0.00945995934307575,-0.16075199842453,0.00950603932142258,-0.160780698060989,0.410979151725769,0.407729893922806,0.00945995934307575,-0.16075199842453,-0.0453095436096191,0.206583857536316,-0.0453116782009602,0.206583246588707,0.00945995934307575,-0.16075199842453,0.410888999700546,0.407781392335892,0.00941381510347128,-0.160723209381104,0.00945995934307575,-0.16075199842453,-0.0453095436096191,0.206583857536316,0.00941381510347128,-0.160723209381104,0.410886019468307,0.407780915498734
10.4555997848511,0.410910397768021,0.407690614461899,0.00949436146765947,-0.160787492990494,-0.0452173762023449,0.206591993570328,0.00944820512086153,-0.160758778452873,0.00949436146765947,-0.160787492990494,0.410907477140427,0.407690107822418,0.00944820512086153,-0.160758778452873,-0.0452152937650681,0.206592604517937,-0.0452173762023449,0.206591993570328,0.00944820512086153,-0.160758778452873,0.410817265510559,0.407741665840149,0.0094021363183856,-0.160729959607124,0.00944820512086153,-0.160758778452873,-0.0452152937650681,0.206592604517937,0.0094021363183856,-0.160729959607124,0.410814344882965,0.407741159200668
10.456000328064,0.410838663578033,0.407650828361511,0.00948260631412268,-0.160794302821159,-0.0451230816543102,0.206600695848465,0.00943652540445328,-0.160765543580055,0.00948260724544525,-0.160794317722321,0.410835713148117,0.407650381326675,0.00943652540445328,-0.160765543580055,-0.0451209433376789,0.206601321697235,-0.0451230816543102,0.206600695848465,0.00943652540445328,-0.160765543580055,0.410745471715927,0.407701969146729,0.00939038023352623,-0.160736709833145,0.00943652540445328,-0.160765543580055,-0.0451210401952267,0.206601306796074,0.00939038023352623,-0.160736709833145,0.410742551088333,0.40770149230957
10.4563999176025,0.410766839981079,0.407611191272736,0.00947100389748812,-0.160801097750664,-0.0450287759304047,0.206609353423119,0.00942492205649614,-0.160772293806076,0.00947100389748812,-0.160801097750664,0.410763889551163,0.407610714435577,0.00942492298781872,-0.160772308707237,-0.0450266413390636,0.206609964370728,-0.0450287759304047,0.206609353423119,0.00942492298781872,-0.160772308707237,0.410673677921295,0.407662332057953,0.00937877595424652,-0.160743445158005,0.00942492205649614,-0.160772293806076,-0.0450266413390636,0.206609964370728,0.00937877595424652,-0.160743445158005,0.410670757293701,0.407661855220795
10.4568004608154,0.410695225000381,0.407571464776993,0.00945924408733845,-0.160807877779007,-0.0449344664812088,0.206617921590805,0.0094131613150239,-0.160779073834419,0.00945924408733845,-0.160807877779007,0.410692095756531,0.407571077346802,0.0094131613150239,-0.160779073834419,-0.04493223503232,0.206618577241898,-0.0449344664812088,0.206617921590805,0.0094131613150239,-0.160779073834419,0.410601943731308,0.4076227247715,0.0093670142814517,-0.160750180482864,0.0094131613150239,-0.160779073834419,-0.04493223503232,0.206618577241898,0.0093670142814517,-0.160750180482864,0.410598874092102,0.407622367143631
10.457200050354,0.410623103380203,0.407532155513763,0.00944756157696247,-0.16081465780735,-0.0448400601744652,0.20662647485733,0.00940143875777721,-0.16078582406044,0.00944756157696247,-0.16081465780735,0.410620391368866,0.407531410455704,0.00940143875777721,-0.16078582406044,-0.0448379255831242,0.206627115607262,-0.0448400601744652,0.20662647485733,0.00940143875777721,-0.16078582406044,0.410529941320419,0.407583475112915,0.00935532990843058,-0.160756915807724,0.00940143875777721,-0.16078582406044,-0.0448379255831242,0.206627115607262,0.00935532990843058,-0.160756915807724,0.41052719950676,0.407582730054855
10.4575996398926,0.410551369190216,0.407492458820343,0.00943587813526392,-0.160821452736855,-0.0447456538677216,0.206634968519211,0.0093897171318531,-0.160792574286461,0.00943587813526392,-0.160821452736855,0.41054829955101,0.407492130994797,0.0093897171318531,-0.160792574286461,-0.0447435230016708,0.206635594367981,-0.0447456538677216,0.206634968519211,0.0093897171318531,-0.160792574286461,0.410458207130432,0.407543778419495,0.00934364460408688,-0.160763636231422,0.0093897171318531,-0.160792574286461,-0.0447435230016708,0.206635594367981,0.00934364460408688,-0.160763636231422,0.410455167293549,0.407543450593948
10.4580001831055,0.410479515790939,0.407453000545502,0.00942419376224279,-0.160828202962875,-0.0446511507034302,0.206643432378769,0.00937803275883198,-0.160799324512482,0.00942419376224279,-0.160828202962875,0.410476446151733,0.407452642917633,0.00937803275883198,-0.160799324512482,-0.0446491129696369,0.206644028425217,-0.0446511507034302,0.206643432378769,0.00937803275883198,-0.160799324512482,0.410386204719543,0.40750452876091,0.00933195929974318,-0.160770356655121,0.00937803275883198,-0.160799324512482,-0.0446491129696369,0.206644028425217,0.00933195929974318,-0.160770356655121,0.410383492708206,0.40750378370285
10.458399772644,0.410407453775406,0.407413750886917,0.00941247027367353,-0.160834968090057,-0.0445568412542343,0.206651791930199,0.0093663465231657,-0.160806074738503,0.00941247027367353,-0.160834968090057,0.410404592752457,0.407413184642792,0.0093663465231657,-0.160806059837341,-0.0445546060800552,0.20665243268013,-0.0445568412542343,0.206651791930199,0.0093663465231657,-0.160806059837341,0.410314381122589,0.407465040683746,0.00932023487985134,-0.160777077078819,0.0093663465231657,-0.160806074738503,-0.0445546060800552,0.20665243268013,0.00932023487985134,-0.160777077078819,0.410311460494995,0.407464504241943
10.4588003158569,0.410335630178452,0.407374262809753,0.00940074492245913,-0.160841733217239,-0.0444623306393623,0.206660151481628,0.00935462024062872,-0.160812810063362,0.00940074492245913,-0.160841733217239,0.410332530736923,0.407373905181885,0.00935462024062872,-0.160812810063362,-0.0444602929055691,0.206660732626915,-0.0444623306393623,0.206660151481628,0.00935462024062872,-0.160812810063362,0.4102423787117,0.407425791025162,0.00930850766599178,-0.160783797502518,0.00935462024062872,-0.160812810063362,-0.0444602929055691,0.206660732626915,0.00930850766599178,-0.160783797502518,0.410239279270172,0.407425463199615
10.4591999053955,0.410263448953629,0.407335221767426,0.00938905775547028,-0.160848498344421,-0.0443678200244904,0.206668451428413,0.00934289302676916,-0.160819530487061,0.00938905775547028,-0.160848498344421,0.410260528326035,0.4073346555233,0.00934289302676916,-0.160819530487061,-0.0443657822906971,0.2066690325737,-0.0443678200244904,0.206668451428413,0.00934289302676916,-0.160819530487061,0.410170376300812,0.407386541366577,0.00929681863635778,-0.160790503025055,0.00934289302676916,-0.160819530487061,-0.0443657822906971,0.2066690325737,0.00929681863635778,-0.160790503025055,0.410167515277863,0.407386064529419
10.4596004486084,0.41019144654274,0.407295972108841,0.00937733054161072,-0.160855248570442,-0.0442733094096184,0.206676676869392,0.00933120306581259,-0.160826250910759,0.00937733054161072,-0.160855248570442,0.410188525915146,0.407295435667038,0.00933120306581259,-0.160826250910759,-0.0442712716758251,0.20667727291584,-0.0442733094096184,0.206676676869392,0.00933120306581259,-0.160826250910759,0.410098224878311,0.407347530126572,0.00928508955985308,-0.160797208547592,0.00933120306581259,-0.160826250910759,-0.0442712716758251,0.20667727291584,0.00928508955985308,-0.160797208547592,0.410095363855362,0.407346993684769
10.460000038147,0.410119444131851,0.407256722450256,0.00936560146510601,-0.160861983895302,-0.0441787950694561,0.206684857606888,0.00931947398930788,-0.160832986235619,0.00936560146510601,-0.160861983895302,0.41011655330658,0.407256156206131,0.00931947398930788,-0.160832986235619,-0.0441767573356628,0.206685438752174,-0.0441787950694561,0.206684857606888,0.00931947398930788,-0.160832986235619,0.41002631187439,0.407308310270309,0.00927335955202579,-0.160803899168968,0.00931947398930788,-0.160832986235619,-0.0441767573356628,0.206685438752174,0.00927335955202579,-0.160803899168968,0.410023212432861,0.407307952642441
10.4603996276855,0.410047322511673,0.407217711210251,0.00935390964150429,-0.160868734121323,-0.0440843813121319,0.206692963838577,0.0093077439814806,-0.160839706659317,0.00935390964150429,-0.160868734121323,0.410044431686401,0.40721720457077,0.0093077439814806,-0.160839706659317,-0.0440821461379528,0.206693589687347,-0.0440843813121319,0.206692963838577,0.0093077439814806,-0.160839706659317,0.409954220056534,0.407269328832626,0.0092616667971015,-0.160810604691505,0.0093077439814806,-0.160839706659317,-0.0440821461379528,0.206693589687347,0.0092616667971015,-0.160810604691505,0.409951120615005,0.40726900100708
10.4608001708984,0.409975171089172,0.407178699970245,0.00934214051812887,-0.160875469446182,-0.0439897663891315,0.206701025366783,0.00929604936391115,-0.160846412181854,0.00934214051812887,-0.160875469446182,0.409972310066223,0.407178193330765,0.00929604936391115,-0.160846412181854,-0.0439876317977905,0.206701651215553,-0.0439897663891315,0.206701040267944,0.00929604936391115,-0.160846412181854,0.409882098436356,0.407230317592621,0.00924989581108093,-0.16081728041172,0.00929604936391115,-0.160846412181854,-0.0439876317977905,0.206701651215553,0.00924989581108093,-0.16081728041172,0.40987902879715,0.407230019569397
10.461199760437,0.409903109073639,0.407139718532562,0.009330446831882,-0.160882189869881,-0.043895248323679,0.206709057092667,0.00928427837789059,-0.160853117704391,0.009330446831882,-0.160882189869881,0.409900188446045,0.407139182090759,0.00928427837789059,-0.160853117704391,-0.0438930168747902,0.206709697842598,-0.043895248323679,0.206709057092667,0.00928427837789059,-0.160853117704391,0.409809857606888,0.407191544771194,0.00923820026218891,-0.160823971033096,0.00928427837789059,-0.160853117704391,-0.0438930168747902,0.206709697842598,0.00923820026218891,-0.160823971033096,0.409806936979294,0.407190978527069
10.4616003036499,0.409830808639526,0.407100945711136,0.00931871309876442,-0.160888940095901,-0.0438006371259689,0.206717044115067,0.00927258282899857,-0.160859823226929,0.00931871309876442,-0.160888940095901,0.409828096628189,0.407100200653076,0.00927258282899857,-0.160859823226929,-0.0437983982264996,0.206717669963837,-0.0438006371259689,0.206717044115067,0.00927258282899857,-0.160859823226929,0.409737586975098,0.407152712345123,0.0092264274135232,-0.160830646753311,0.00927258282899857,-0.160859823226929,-0.0437983982264996,0.206717669963837,0.0092264274135232,-0.160830646753311,0.40973487496376,0.407151997089386
10.4619998931885,0.409758538007736,0.407062143087387,0.00930697843432426,-0.1608956605196,-0.0437060184776783,0.20672495663166,0.00926080998033285,-0.160866528749466,0.00930697843432426,-0.1608956605196,0.409755885601044,0.40706142783165,0.00926080998033285,-0.160866528749466,-0.0437038764357567,0.206725567579269,-0.0437060184776783,0.20672495663166,0.00926080998033285,-0.160866528749466,0.409665375947952,0.407113969326019,0.00921472907066345,-0.160837322473526,0.00926080998033285,-0.160866528749466,-0.0437038764357567,0.206725567579269,0.00921472907066345,-0.160837322473526,0.409662634134293,0.40711322426796
10.4624004364014,0.409686475992203,0.407023191452026,0.00929524283856153,-0.160902380943298,-0.0436113998293877,0.206732824444771,0.00924911163747311,-0.160873234272003,0.00929524283856153,-0.160902380943298,0.409683614969254,0.407022655010223,0.00924911163747311,-0.160873234272003,-0.0436092615127563,0.20673343539238,-0.0436113998293877,0.206732824444771,0.00924911163747311,-0.160873234272003,0.409593343734741,0.407075017690659,0.00920299254357815,-0.16084398329258,0.00924911163747311,-0.160873234272003,-0.0436092615127563,0.20673343539238,0.00920299254357815,-0.16084398329258,0.409590482711792,0.407074511051178
10.4628000259399,0.409614264965057,0.4069844186306,0.00928350631147623,-0.160909086465836,-0.0435166768729687,0.206740647554398,0.00923733506351709,-0.160879924893379,0.00928350631147623,-0.160909086465836,0.409611195325851,0.406984061002731,0.00923733506351709,-0.160879924893379,-0.0435146391391754,0.206741228699684,-0.0435166768729687,0.206740647554398,0.00923733506351709,-0.160879924893379,0.409521132707596,0.407036274671555,0.00919125415384769,-0.160850659012794,0.00923733506351709,-0.160879924893379,-0.0435146391391754,0.206741228699684,0.00919125415384769,-0.160850659012794,0.409518092870712,0.407035976648331
10.4631996154785,0.409542113542557,0.406945675611496,0.00927176792174578,-0.160915806889534,-0.043422058224678,0.206748396158218,0.0092256348580122,-0.160886600613594,0.00927176792174578,-0.160915806889534,0.409539014101028,0.406945317983627,0.0092256348580122,-0.160886600613594,-0.0434199199080467,0.206748992204666,-0.043422058224678,0.206748396158218,0.0092256348580122,-0.160886600613594,0.409448802471161,0.406997710466385,0.00917947664856911,-0.160857319831848,0.0092256348580122,-0.160886600613594,-0.0434199199080467,0.206748992204666,0.00917947664856911,-0.160857319831848,0.409445732831955,0.406997412443161
10.4636001586914,0.409469723701477,0.406907141208649,0.00926002860069275,-0.160922512412071,-0.0433273389935493,0.206756100058556,0.00921385642141104,-0.160893276333809,0.00926002860069275,-0.160922512412071,0.409466654062271,0.40690678358078,0.00921385642141104,-0.160893276333809,-0.043325200676918,0.206756711006165,-0.0433273389935493,0.206756100058556,0.00921385642141104,-0.160893276333809,0.409376442432404,0.40695920586586,0.00916777458041906,-0.160863965749741,0.00921385642141104,-0.160893276333809,-0.043325200676918,0.206756711006165,0.00916777458041906,-0.160863965749741,0.409373581409454,0.406958669424057
10.46399974823,0.40939736366272,0.406868636608124,0.00924824923276901,-0.16092923283577,-0.0432326160371304,0.20676377415657,0.00920215249061584,-0.160899952054024,0.00924824923276901,-0.16092923283577,0.409394294023514,0.406868249177933,0.00920215342193842,-0.160899966955185,-0.043230477720499,0.206764370203018,-0.0432326160371304,0.20676377415657,0.00920215249061584,-0.160899952054024,0.409304141998291,0.406920701265335,0.00915599334985018,-0.160870626568794,0.00920215249061584,-0.160899952054024,-0.043230477720499,0.206764370203018,0.00915599334985018,-0.160870626568794,0.409301072359085,0.406920343637466
10.4644002914429,0.409325033426285,0.406830072402954,0.00923654623329639,-0.160935893654823,-0.0431378968060017,0.206771373748779,0.00919037219136953,-0.160906612873077,0.00923650711774826,-0.160935908555984,0.409321963787079,0.406829744577408,0.00919037219136953,-0.160906612873077,-0.0431356579065323,0.206771999597549,-0.0431378968060017,0.206771373748779,0.00919037219136953,-0.160906612873077,0.409231841564178,0.40688219666481,0.00914425030350685,-0.160877257585526,0.00919037219136953,-0.160906612873077,-0.0431356579065323,0.206771999597549,0.00914425030350685,-0.160877257585526,0.40922874212265,0.406881809234619
10.4647998809814,0.409252524375916,0.406791776418686,0.00922476500272751,-0.160942599177361,-0.0430431738495827,0.206778913736343,0.00917862914502621,-0.160913288593292,0.00922476500272751,-0.160942599177361,0.409249663352966,0.406791210174561,0.00917862914502621,-0.160913288593292,-0.043040931224823,0.206779524683952,-0.0430431738495827,0.206778913736343,0.00917862914502621,-0.160913288593292,0.409159392118454,0.40684387087822,0.00913250632584095,-0.160883903503418,0.00917862914502621,-0.160913288593292,-0.043040931224823,0.206779524683952,0.00913250632584095,-0.160883903503418,0.409156501293182,0.406843334436417
10.4652004241943,0.409180194139481,0.406753271818161,0.00921298284083605,-0.160949289798737,-0.0429483503103256,0.206786423921585,0.00916688423603773,-0.160919949412346,0.00921298284083605,-0.160949289798737,0.409177124500275,0.406752914190292,0.00916688516736031,-0.160919964313507,-0.0429462045431137,0.206787019968033,-0.0429483503103256,0.206786423921585,0.00916688423603773,-0.160919949412346,0.409086734056473,0.406805783510208,0.00912072230130434,-0.160890534520149,0.00916688423603773,-0.160919949412346,-0.0429462045431137,0.206787019968033,0.00912072230130434,-0.160890534520149,0.409084022045135,0.406805038452148
10.4656000137329,0.409107565879822,0.406715154647827,0.00920127611607313,-0.160955980420113,-0.0428534261882305,0.206793904304504,0.00915509928017855,-0.160926595330238,0.00920127611607313,-0.160955980420113,0.40910467505455,0.406714618206024,0.00915510021150112,-0.160926625132561,-0.0428513810038567,0.206794455647469,-0.0428534261882305,0.206793904304504,0.00915510021150112,-0.160926625132561,0.409014254808426,0.40676748752594,0.00910901464521885,-0.16089716553688,0.00915509928017855,-0.160926595330238,-0.0428513810038567,0.206794455647469,0.00910901464521885,-0.16089716553688,0.409011602401733,0.406766772270203
10.4659996032715,0.409035086631775,0.406676888465881,0.00918949116021395,-0.160962641239166,-0.0427586995065212,0.206801280379295,0.00914335250854492,-0.160933256149292,0.00918949116021395,-0.160962641239166,0.40903228521347,0.406676381826401,0.0091433534398675,-0.160933271050453,-0.0427565611898899,0.206801876425743,-0.0427586995065212,0.206801280379295,0.00914335250854492,-0.160933256149292,0.408941894769669,0.406729251146317,0.00909722782671452,-0.160903796553612,0.00914335250854492,-0.160933256149292,-0.0427565611898899,0.206801876425743,0.00909722782671452,-0.160903796553612,0.408938825130463,0.406728893518448
10.4664001464844,0.408962666988373,0.406638622283936,0.00917770527303219,-0.160969316959381,-0.0426638759672642,0.206808611750603,0.00913160480558872,-0.160939916968346,0.00917770527303219,-0.160969316959381,0.408959805965424,0.40663805603981,0.00913160480558872,-0.160939916968346,-0.0426617339253426,0.20680920779705,-0.0426638759672642,0.206808611750603,0.00913160480558872,-0.160939916968346,0.408869475126266,0.406690955162048,0.00908544193953276,-0.160910427570343,0.00913160480558872,-0.160939916968346,-0.0426617339253426,0.20680920779705,0.00908544100821018,-0.160910412669182,0.408866405487061,0.406690627336502
10.4667997360229,0.408890098333359,0.406600564718246,0.00916595663875341,-0.160975977778435,-0.0425690487027168,0.206815898418427,0.00911981705576181,-0.160946547985077,0.00916595663875341,-0.160975977778435,0.408887028694153,0.406600177288055,0.00911981705576181,-0.160946547985077,-0.0425669066607952,0.206816479563713,-0.0425690487027168,0.206815898418427,0.00911981705576181,-0.160946547985077,0.408796906471252,0.406652927398682,0.00907369051128626,-0.160917028784752,0.00911981705576181,-0.160946547985077,-0.0425669066607952,0.206816479563713,0.00907369051128626,-0.160917028784752,0.408793866634369,0.406652599573135
10.4672002792358,0.408817559480667,0.40656253695488,0.00915416702628136,-0.160982638597488,-0.0424741245806217,0.206823140382767,0.00910802744328976,-0.160953193902969,0.00915416702628136,-0.160982638597488,0.408814638853073,0.406561970710754,0.00910802744328976,-0.160953193902969,-0.0424719788134098,0.206823721528053,-0.0424741245806217,0.206823140382767,0.00910802744328976,-0.160953193902969,0.408724367618561,0.406614869832993,0.00906194001436234,-0.160923659801483,0.00910802744328976,-0.160953193902969,-0.0424719788134098,0.206823721528053,0.00906194001436234,-0.160923659801483,0.408721327781677,0.406614571809769
10.4675998687744,0.408744782209396,0.406524628400803,0.00914241652935743,-0.160989299416542,-0.0423792973160744,0.206830307841301,0.0090962378308177,-0.160959810018539,0.00914241652935743,-0.160989299416542,0.408742129802704,0.406523942947388,0.0090962378308177,-0.160959810018539,-0.042377058416605,0.20683091878891,-0.0423792973160744,0.206830307841301,0.0090962378308177,-0.160959810018539,0.408651679754257,0.406577080488205,0.00905014853924513,-0.160930261015892,0.0090962378308177,-0.160959810018539,-0.042377058416605,0.20683091878891,0.00905014853924513,-0.160930261015892,0.408648788928986,0.40657651424408
10.4680004119873,0.408672243356705,0.406486660242081,0.00913062505424023,-0.160995930433273,-0.0422842726111412,0.206837460398674,0.00908448453992605,-0.160966455936432,0.00913062505424023,-0.160995930433273,0.408669352531433,0.406486093997955,0.00908448453992605,-0.160966455936432,-0.0422821305692196,0.206838056445122,-0.0422842726111412,0.206837460398674,0.00908448453992605,-0.160966455936432,0.408579170703888,0.406539052724838,0.00903835613280535,-0.160936862230301,0.00908448453992605,-0.160966455936432,-0.0422821305692196,0.206838056445122,0.00903835613280535,-0.160936862230301,0.408576101064682,0.406538665294647
10.4684000015259,0.408599734306335,0.406448602676392,0.00911883451044559,-0.161002591252327,-0.0421893447637558,0.206844553351402,0.00907269306480885,-0.160973057150841,0.00911883451044559,-0.161002591252327,0.40859666466713,0.406448274850845,0.00907273031771183,-0.160973057150841,-0.0421872995793819,0.206845104694366,-0.0421893447637558,0.206844553351402,0.00907273031771183,-0.160973057150841,0.408506512641907,0.406501233577728,0.00902656372636557,-0.160943448543549,0.00907269306480885,-0.160973057150841,-0.0421872995793819,0.206845104694366,0.00902656372636557,-0.160943448543549,0.408503383398056,0.40650087594986
10.4687995910645,0.408527046442032,0.406410813331604,0.00910704117268324,-0.161009252071381,-0.0420944169163704,0.206851541996002,0.00906093697994947,-0.160979703068733,0.00910704117268324,-0.161009252071381,0.408523976802826,0.406410455703735,0.00906093697994947,-0.160979703068733,-0.0420922748744488,0.206852152943611,-0.0420944169163704,0.206851556897163,0.00906093697994947,-0.160979703068733,0.408433616161346,0.406463593244553,0.00901477038860321,-0.160950064659119,0.00906093697994947,-0.160979703068733,-0.0420922748744488,0.206852152943611,0.00901477038860321,-0.160950064659119,0.408430963754654,0.406462877988815
10.4692001342773,0.408454209566116,0.406373202800751,0.00909528508782387,-0.161015883088112,-0.0419993884861469,0.206858545541763,0.00904914271086454,-0.160986319184303,0.00909528508782387,-0.161015883088112,0.408451467752457,0.406372457742691,0.00904914271086454,-0.160986319184303,-0.0419972464442253,0.20685912668705,-0.0419993884861469,0.206858545541763,0.00904914271086454,-0.160986319184303,0.408361047506332,0.406425833702087,0.00900301244109869,-0.160956650972366,0.00904914271086454,-0.160986319184303,-0.0419972464442253,0.20685912668705,0.00900301244109869,-0.160956650972366,0.408357918262482,0.406425476074219
10.4695997238159,0.408381551504135,0.406335443258286,0.00908348988741636,-0.161022514104843,-0.0419044606387615,0.206865444779396,0.00903734564781189,-0.160992905497551,0.00908348988741636,-0.161022514104843,0.408378452062607,0.406335055828094,0.00903734564781189,-0.160992905497551,-0.0419023185968399,0.206866040825844,-0.0419044606387615,0.206865444779396,0.00903734564781189,-0.160992905497551,0.408288389444351,0.4063880443573,0.00899125449359417,-0.160963222384453,0.00903734564781189,-0.160992905497551,-0.0419023185968399,0.206866040825844,0.00899125449359417,-0.160963222384453,0.408285349607468,0.406387746334076
10.4700002670288,0.408308893442154,0.406297624111176,0.00907169282436371,-0.161029130220413,-0.0418094322085381,0.206872314214706,0.00902554858475924,-0.160999521613121,0.00907169282436371,-0.161029130220413,0.408305823802948,0.406297266483307,0.00902554858475924,-0.160999521613121,-0.0418072938919067,0.206872880458832,-0.0418094359338284,0.206872329115868,0.00902554858475924,-0.160999521613121,0.40821561217308,0.406350493431091,0.00897945649921894,-0.160969808697701,0.00902554858475924,-0.160999521613121,-0.0418072938919067,0.206872880458832,0.00897945649921894,-0.160969808697701,0.408212691545486,0.406349956989288
10.4703998565674,0.408235937356949,0.406260311603546,0.00905989576131105,-0.161035776138306,-0.0417143069207668,0.206879153847694,0.00901375059038401,-0.16100612282753,0.00905989576131105,-0.161035776138306,0.408233046531677,0.406259745359421,0.00901375059038401,-0.16100612282753,-0.041712261736393,0.20687972009182,-0.0417143069207668,0.206879153847694,0.00901375059038401,-0.16100612282753,0.40814283490181,0.40631291270256,0.00896761938929558,-0.160976380109787,0.00901375059038401,-0.16100612282753,-0.041712261736393,0.20687972009182,0.00896761938929558,-0.160976380109787,0.408139795064926,0.406312584877014
10.4708003997803,0.408163160085678,0.40622267127037,0.00904809683561325,-0.161042392253876,-0.0416193753480911,0.206885889172554,0.0090019516646862,-0.161012709140778,0.00904809683561325,-0.161042392253876,0.408160150051117,0.406222194433212,0.0090019516646862,-0.161012709140778,-0.0416172333061695,0.206886455416679,-0.0416193753480911,0.206885889172554,0.0090019516646862,-0.161012709140778,0.408069908618927,0.406275510787964,0.00895585771650076,-0.160982936620712,0.0090019516646862,-0.161012709140778,-0.0416172333061695,0.206886455416679,0.00895585771650076,-0.160982936620712,0.408066928386688,0.406275033950806
10.4711999893188,0.408090263605118,0.406185179948807,0.00903629697859287,-0.161049008369446,-0.0415241494774818,0.206892624497414,0.00899015087634325,-0.161019295454025,0.00903629697859287,-0.161049008369446,0.408087342977524,0.406184762716293,0.00899015087634325,-0.161019295454025,-0.0415221080183983,0.206893190741539,-0.0415241494774818,0.206892624497414,0.00899015087634325,-0.161019295454025,0.407996982336044,0.406238108873367,0.00894405599683523,-0.160989508032799,0.00899015087634325,-0.161019295454025,-0.0415221080183983,0.206893190741539,0.00894405599683523,-0.160989508032799,0.407994031906128,0.406237721443176
10.4715995788574,0.408017486333847,0.406147807836533,0.00902449525892735,-0.161055609583855,-0.0414291210472584,0.206899270415306,0.00897834822535515,-0.161025881767273,0.00902449525892735,-0.161055609583855,0.408014416694641,0.406147360801697,0.00897834822535515,-0.161025881767273,-0.0414270758628845,0.206899806857109,-0.0414291210472584,0.206899270415306,0.00897834822535515,-0.161025881767273,0.407924205064774,0.406200766563416,0.0089322542771697,-0.160996079444885,0.00897834822535515,-0.161025881767273,-0.0414270758628845,0.206899806857109,0.0089322542771697,-0.160996079444885,0.407921254634857,0.406200349330902
10.4720001220703,0.407944560050964,0.406110435724258,0.00901265442371368,-0.161062210798264,-0.0413340888917446,0.206905841827393,0.00896654557436705,-0.161032468080521,0.00901265442371368,-0.161062210798264,0.407941579818726,0.406110018491745,0.00896654557436705,-0.161032468080521,-0.0413318499922752,0.206906452775002,-0.0413340888917446,0.206905841827393,0.00896654557436705,-0.161032468080521,0.407851219177246,0.406163454055786,0.00892041157931089,-0.161002621054649,0.00896654557436705,-0.161032468080521,-0.0413318462669849,0.20690643787384,0.00892041157931089,-0.161002621054649,0.40784826874733,0.406163036823273
10.4723997116089,0.407871603965759,0.406073182821274,0.00900085084140301,-0.161068826913834,-0.0412388630211353,0.206912413239479,0.00895474199205637,-0.161039054393768,0.00900085177272558,-0.161068841814995,0.407868623733521,0.406072795391083,0.00895474199205637,-0.161039054393768,-0.0412368178367615,0.206912949681282,-0.0412388630211353,0.206912413239479,0.00895474199205637,-0.161039054393768,0.407778382301331,0.406126260757446,0.00890860706567764,-0.161009177565575,0.00895474199205637,-0.161039054393768,-0.0412368178367615,0.206912949681282,0.00890860706567764,-0.161009177565575,0.407775312662125,0.406125843524933
10.4728002548218,0.407798618078232,0.406035959720612,0.00898904632776976,-0.161075413227081,-0.0411438345909119,0.206918880343437,0.00894293654710054,-0.161045610904694,0.00898904632776976,-0.161075413227081,0.407795637845993,0.406035542488098,0.00894293654710054,-0.161045610904694,-0.0411415919661522,0.206919476389885,-0.0411438345909119,0.206918880343437,0.00894293654710054,-0.161045610904694,0.407705396413803,0.406089127063751,0.00889680068939924,-0.161015719175339,0.00894293654710054,-0.161045610904694,-0.0411415919661522,0.206919476389885,0.00889680068939924,-0.161015719175339,0.407702386379242,0.406088650226593
10.4731998443604,0.407725691795349,0.405998826026917,0.00897724088281393,-0.16108201444149,-0.0410486049950123,0.206925317645073,0.00893113017082214,-0.16105218231678,0.00897724088281393,-0.16108201444149,0.40772271156311,0.405998378992081,0.00893113017082214,-0.16105218231678,-0.0410464629530907,0.206925913691521,-0.0410486049950123,0.206925317645073,0.00893113017082214,-0.16105218231678,0.407632350921631,0.406052023172379,0.00888499431312084,-0.161022260785103,0.00893113017082214,-0.16105218231678,-0.0410464629530907,0.206925913691521,0.00888499431312084,-0.161022260785103,0.407629400491714,0.406051576137543
10.4736003875732,0.407652676105499,0.405961722135544,0.00896543357521296,-0.161088600754738,-0.040953379124403,0.206931725144386,0.00891928374767303,-0.161058738827705,0.00896543357521296,-0.161088600754738,0.407649666070938,0.40596130490303,0.00891928374767303,-0.161058738827705,-0.0409512333571911,0.206932291388512,-0.040953379124403,0.206931725144386,0.00891928374767303,-0.161058738827705,0.407559365034103,0.406014978885651,0.00887314695864916,-0.161028802394867,0.00891928374767303,-0.161058738827705,-0.0409512333571911,0.206932291388512,0.00887314695864916,-0.161028802394867,0.407556414604187,0.406014561653137
10.4739999771118,0.407579571008682,0.405924677848816,0.00895362440496683,-0.161095187067986,-0.0408581495285034,0.206938073039055,0.00890743639320135,-0.161065295338631,0.00895362440496683,-0.161095187067986,0.407576620578766,0.405924320220947,0.00890743639320135,-0.161065295338631,-0.0408561043441296,0.206938609480858,-0.0408581495285034,0.206938073039055,0.00890743639320135,-0.161065295338631,0.407486319541931,0.405977994203568,0.00886133778840303,-0.16103532910347,0.00890743639320135,-0.161065295338631,-0.0408561043441296,0.206938609480858,0.00886133778840303,-0.16103532910347,0.407483369112015,0.405977547168732
10.4743995666504,0.40750652551651,0.405887752771378,0.00894181616604328,-0.161101758480072,-0.0407630205154419,0.206944316625595,0.00889562629163265,-0.161071836948395,0.00894181616604328,-0.161101758480072,0.407503515481949,0.405887275934219,0.00889562722295523,-0.161071851849556,-0.0407607778906822,0.206944897770882,-0.0407630205154419,0.206944316625595,0.00889562722295523,-0.161071851849556,0.407413303852081,0.405941098928452,0.00884952768683434,-0.161041855812073,0.00889562629163265,-0.161071836948395,-0.0407607778906822,0.206944897770882,0.00884952768683434,-0.161041855812073,0.407410234212875,0.405940622091293
10.4748001098633,0.407433450222015,0.405850827693939,0.00892996694892645,-0.161108329892159,-0.0406676940619946,0.206950575113297,0.0088838143274188,-0.16107839345932,0.00892996694892645,-0.161108329892159,0.407430529594421,0.405850410461426,0.00888381525874138,-0.161078408360481,-0.0406655482947826,0.206951126456261,-0.0406676940619946,0.206950575113297,0.00888381525874138,-0.161078408360481,0.407340198755264,0.405904203653336,0.00883771572262049,-0.161048382520676,0.0088838143274188,-0.16107839345932,-0.0406655482947826,0.206951126456261,0.00883771572262049,-0.161048382520676,0.407337218523026,0.4059037566185
10.4751996994019,0.407360374927521,0.405813992023468,0.00891811680048704,-0.161114886403084,-0.0405723676085472,0.206956759095192,0.0088719641789794,-0.161084935069084,0.00891811680048704,-0.161114886403084,0.40735736489296,0.405813544988632,0.00887200329452753,-0.161084920167923,-0.0405703224241734,0.206957295536995,-0.0405723676085472,0.206956759095192,0.00887200329452753,-0.161084920167923,0.407267093658447,0.405867397785187,0.00882582645863295,-0.161054909229279,0.0088719641789794,-0.161084935069084,-0.0405703224241734,0.206957295536995,0.00882582645863295,-0.161054909229279,0.407264083623886,0.405867040157318
10.4756002426147,0.407287180423737,0.405777215957642,0.00890630390495062,-0.16112145781517,-0.0404771380126476,0.206962868571281,0.00886015128344297,-0.161091476678848,0.00890630390495062,-0.16112145781517,0.407284170389175,0.405776768922806,0.00886015128344297,-0.161091491580009,-0.0404749922454357,0.206963434815407,-0.0404771380126476,0.206962868571281,0.00886015128344297,-0.161091491580009,0.407193869352341,0.405830711126328,0.00881401170045137,-0.161061406135559,0.00886015128344297,-0.161091476678848,-0.0404749922454357,0.206963434815407,0.00881401170045137,-0.161061406135559,0.407190948724747,0.405830234289169
10.4759998321533,0.407213985919952,0.405740469694138,0.00889449007809162,-0.161128014326096,-0.0403818115592003,0.206968933343887,0.00884829834103584,-0.161098018288612,0.00889449007809162,-0.161128014326096,0.407211035490036,0.405740052461624,0.00884829834103584,-0.161098018288612,-0.0403797663748264,0.20696946978569,-0.0403818115592003,0.206968933343887,0.00884829834103584,-0.161098018288612,0.407120704650879,0.405794024467468,0.0088021969422698,-0.16106790304184,0.00884829834103584,-0.161098018288612,-0.0403797663748264,0.20696946978569,0.0088021969422698,-0.16106790304184,0.407117754220963,0.405793577432632
10.4764003753662,0.407140821218491,0.405703812837601,0.00888259708881378,-0.161134570837021,-0.0402864888310432,0.20697495341301,0.0088364826515317,-0.161104544997215,0.00888259708881378,-0.161134570837021,0.407137870788574,0.40570342540741,0.0088364826515317,-0.161104544997215,-0.0402843430638313,0.206975519657135,-0.0402864888310432,0.20697495341301,0.0088364826515317,-0.161104544997215,0.407047480344772,0.405757397413254,0.0087903430685401,-0.161074429750443,0.0088364826515317,-0.161104544997215,-0.0402843430638313,0.206975519657135,0.0087903430685401,-0.161074429750443,0.407044559717178,0.40575698018074
10.4767999649048,0.407067626714706,0.405667215585709,0.00887078139930964,-0.161141112446785,-0.0401911586523056,0.206980898976326,0.00882462691515684,-0.161111041903496,0.00887078139930964,-0.161141112446785,0.407064646482468,0.405666798353195,0.00882462691515684,-0.161111041903496,-0.0401890128850937,0.206981465220451,-0.0401911586523056,0.206980898976326,0.00882462691515684,-0.161111041903496,0.406974285840988,0.405720829963684,0.00877848640084267,-0.161080911755562,0.00882462691515684,-0.161111041903496,-0.0401890128850937,0.206981465220451,0.00877848640084267,-0.161080911755562,0.406971365213394,0.405720442533493
10.4771995544434,0.40699428319931,0.405630677938461,0.00885896384716034,-0.161147654056549,-0.0400958321988583,0.206986799836159,0.00881277024745941,-0.161117568612099,0.00885896384716034,-0.161147654056549,0.406991332769394,0.405630260705948,0.00881277117878199,-0.16111758351326,-0.0400936864316463,0.206987366080284,-0.0400958321988583,0.206986799836159,0.00881277117878199,-0.16111758351326,0.406901061534882,0.405684381723404,0.0087666679173708,-0.161087423563004,0.00881277024745941,-0.161117568612099,-0.0400936864316463,0.206987366080284,0.0087666679173708,-0.161087423563004,0.406898081302643,0.405683904886246
10.4776000976563,0.406921148300171,0.405594199895859,0.00884706806391478,-0.161154195666313,-0.0400004088878632,0.206992670893669,0.00880095176398754,-0.16112408041954,0.00884706899523735,-0.161154210567474,0.406918078660965,0.405593782663345,0.00880095176398754,-0.16112408041954,-0.0399982668459415,0.206993222236633,-0.0400004088878632,0.206992670893669,0.00880095176398754,-0.16112408041954,0.40682777762413,0.405647903680801,0.00875480938702822,-0.161093890666962,0.00880095176398754,-0.16112408041954,-0.0399982668459415,0.206993222236633,0.00875480938702822,-0.161093890666962,0.406824827194214,0.405647486448288
10.4779996871948,0.406847774982452,0.405557781457901,0.00883524864912033,-0.161160737276077,-0.0399049855768681,0.206998482346535,0.00878905411809683,-0.161130592226982,0.00883524864912033,-0.161160737276077,0.406844705343246,0.40555739402771,0.00878909323364496,-0.161130622029305,-0.0399028360843658,0.206999018788338,-0.0399049855768681,0.206998482346535,0.00878909323364496,-0.161130622029305,0.406754493713379,0.405611574649811,0.00874295085668564,-0.161100387573242,0.00878905411809683,-0.161130592226982,-0.0399028360843658,0.206999018788338,0.00874295085668564,-0.161100387573242,0.40675151348114,0.405611097812653
10.4784002304077,0.406774431467056,0.405521422624588,0.00882335100322962,-0.16116726398468,-0.0398096591234207,0.207004204392433,0.00877723284065723,-0.161137118935585,0.00882335100322962,-0.16116726398468,0.406771391630173,0.405521064996719,0.00877723284065723,-0.161137118935585,-0.0398074127733707,0.207004755735397,-0.0398096591234207,0.207004204392433,0.00877723284065723,-0.161137118935585,0.406681090593338,0.40557524561882,0.00873112864792347,-0.161106869578362,0.00877723284065723,-0.161137118935585,-0.0398074127733707,0.207004755735397,0.00873112864792347,-0.161106869578362,0.406678140163422,0.405574828386307
10.4787998199463,0.406701058149338,0.40548512339592,0.00881152879446745,-0.161173805594444,-0.0397141389548779,0.20700991153717,0.00876537151634693,-0.161143600940704,0.00881152879446745,-0.161173805594444,0.406698077917099,0.405484706163406,0.00876537151634693,-0.161143600940704,-0.0397120900452137,0.207010433077812,-0.0397141389548779,0.20700991153717,0.00876537151634693,-0.161143600940704,0.406607687473297,0.405539005994797,0.00871922820806503,-0.161113321781158,0.00876537151634693,-0.161143600940704,-0.0397120900452137,0.207010433077812,0.00871922820806503,-0.161113321781158,0.406604737043381,0.405538558959961
10.4792003631592,0.406627655029297,0.405448913574219,0.00879966653883457,-0.161180302500725,-0.0396187156438828,0.207015559077263,0.00875350926071405,-0.161150097846985,0.00879966653883457,-0.161180302500725,0.40662470459938,0.405448466539383,0.00875350926071405,-0.161150097846985,-0.0396165661513805,0.207016080617905,-0.0396187156438828,0.207015559077263,0.00875350926071405,-0.161150097846985,0.406534373760223,0.405502796173096,0.00870740413665771,-0.161119803786278,0.00875350926071405,-0.161150097846985,-0.0396165661513805,0.207016080617905,0.00870740413665771,-0.161119803786278,0.40653133392334,0.405502468347549
10.4795999526978,0.406554192304611,0.40541273355484,0.00878780428320169,-0.161186814308167,-0.0395231917500496,0.207021147012711,0.0087416460737586,-0.161156594753265,0.00878780428320169,-0.161186814308167,0.406551241874695,0.405412346124649,0.0087416460737586,-0.161156594753265,-0.0395210459828377,0.207021668553352,-0.0395231917500496,0.207021147012711,0.0087416460737586,-0.161156594753265,0.40646094083786,0.405466675758362,0.00869550183415413,-0.161126270890236,0.0087416460737586,-0.161156594753265,-0.0395210459828377,0.207021668553352,0.00869550183415413,-0.161126270890236,0.406458020210266,0.405466288328171
10.4799995422363,0.40648078918457,0.405376642942429,0.00877594016492367,-0.161193341016769,-0.0394276715815067,0.207026675343513,0.008729781024158,-0.161163061857224,0.00877594016492367,-0.161193341016769,0.406477779150009,0.405376195907593,0.00872978195548058,-0.161163076758385,-0.0394256263971329,0.207027211785316,-0.0394276715815067,0.207026675343513,0.00872978195548058,-0.161163076758385,0.406387537717819,0.405430614948273,0.00868367496877909,-0.161132723093033,0.008729781024158,-0.161163061857224,-0.0394256263971329,0.207027211785316,0.00868367496877909,-0.161132723093033,0.406384468078613,0.405430257320404
10.4804000854492,0.406407356262207,0.405340582132339,0.00876407511532307,-0.16119983792305,-0.0393321514129639,0.207032144069672,0.00871787779033184,-0.161169543862343,0.00876407511532307,-0.16119983792305,0.406404286623001,0.405340164899826,0.00871787779033184,-0.161169543862343,-0.0393301025032997,0.207032680511475,-0.0393321514129639,0.207032144069672,0.00871787779033184,-0.161169543862343,0.406313985586166,0.405394643545151,0.00867177080363035,-0.161139190196991,0.00871787779033184,-0.161169543862343,-0.0393301025032997,0.207032680511475,0.00867177080363035,-0.161139190196991,0.406311124563217,0.405394196510315
10.4807996749878,0.406333893537521,0.405304610729218,0.00875217001885176,-0.16120633482933,-0.0392367318272591,0.207037568092346,0.00870604999363422,-0.161176025867462,0.00875217001885176,-0.16120633482933,0.406330913305283,0.405304163694382,0.00870604999363422,-0.161176025867462,-0.0392344817519188,0.207038089632988,-0.0392367318272591,0.207037568092346,0.00870604999363422,-0.161176025867462,0.406240522861481,0.405358672142029,0.00865994300693274,-0.161145642399788,0.00870604999363422,-0.161176040768623,-0.0392344817519188,0.207038089632988,0.00865994207561016,-0.161145627498627,0.406237572431564,0.405358284711838
10.4812002182007,0.406260311603546,0.40526869893074,0.00874030217528343,-0.161212831735611,-0.0391412079334259,0.207042902708054,0.00869418121874332,-0.16118249297142,0.00874030217528343,-0.161212831735611,0.40625736117363,0.405268281698227,0.00869418121874332,-0.16118249297142,-0.0391389653086662,0.20704348385334,-0.0391412079334259,0.207042902708054,0.00869418121874332,-0.16118249297142,0.406166970729828,0.405322819948196,0.0086480351164937,-0.161152094602585,0.00869418121874332,-0.16118249297142,-0.0391389653086662,0.20704348385334,0.0086480351164937,-0.161152094602585,0.406164050102234,0.405322432518005
10.4815998077393,0.406186759471893,0.405232816934586,0.00872843433171511,-0.16121931374073,-0.0390455909073353,0.207048252224922,0.00868231244385242,-0.16118897497654,0.00872843433171511,-0.16121931374073,0.406183838844299,0.405232429504395,0.00868231244385242,-0.16118897497654,-0.0390433445572853,0.207048788666725,-0.0390455909073353,0.207048252224922,0.00868231244385242,-0.16118897497654,0.40609347820282,0.405286997556686,0.0086361663416028,-0.161158531904221,0.00868231244385242,-0.16118897497654,-0.0390433445572853,0.207048788666725,0.0086361663416028,-0.161158531904221,0.406090527772903,0.405286580324173
10.4820003509521,0.406113147735596,0.405197024345398,0.00871652644127607,-0.161225810647011,-0.0389499701559544,0.207053497433662,0.00867040362209082,-0.161195427179337,0.00871652644127607,-0.161225810647011,0.406110197305679,0.405196636915207,0.00867040362209082,-0.161195427179337,-0.0389478243887424,0.207054048776627,-0.0389499701559544,0.207053497433662,0.00867040362209082,-0.161195427179337,0.406019926071167,0.405251264572144,0.00862429477274418,-0.161164954304695,0.00867040362209082,-0.161195427179337,-0.0389478243887424,0.207054048776627,0.00862429477274418,-0.161164954304695,0.406016886234283,0.405250877141953
10.4823999404907,0.406039535999298,0.405161261558533,0.00870469305664301,-0.16123229265213,-0.0388544574379921,0.207058697938919,0.00865849386900663,-0.161201879382133,0.00870469305664301,-0.16123229265213,0.406036615371704,0.405160874128342,0.00865853205323219,-0.161201879382133,-0.0388522073626518,0.207059249281883,-0.0388544574379921,0.207058697938919,0.00865853205323219,-0.161201879382133,0.405946254730225,0.405215561389923,0.00861238501966,-0.161171406507492,0.00865849386900663,-0.161201879382133,-0.0388522073626518,0.207059249281883,0.00861238501966,-0.161171406507492,0.405943334102631,0.405215203762054
10.4827995300293,0.405965983867645,0.405125588178635,0.00869278330355883,-0.161238759756088,-0.0387587435543537,0.207063868641853,0.00864665955305099,-0.16120833158493,0.00869278330355883,-0.161238759756088,0.405962973833084,0.405125200748444,0.00864665955305099,-0.16120833158493,-0.0387565903365612,0.207064390182495,-0.0387587435543537,0.207063868641853,0.00864665955305099,-0.16120833158493,0.405872642993927,0.40517994761467,0.00860055070370436,-0.161177814006805,0.00864665955305099,-0.16120833158493,-0.0387565903365612,0.207064390182495,0.00860055070370436,-0.161177814006805,0.405869692564011,0.405179530382156
10.4832000732422,0.40589240193367,0.405089974403381,0.00868087075650692,-0.161245241761208,-0.0386631265282631,0.207068964838982,0.00863474793732166,-0.161214783787727,0.00868087075650692,-0.161245241761208,0.405889302492142,0.405089557170868,0.00863474793732166,-0.161214783787727,-0.0386608764529228,0.207069516181946,-0.0386631265282631,0.207068964838982,0.00863474793732166,-0.161214783787727,0.405799001455307,0.405144333839417,0.00858863815665245,-0.16118423640728,0.00863474793732166,-0.161214783787727,-0.0386608764529228,0.207069516181946,0.00858863815665245,-0.16118423640728,0.405795991420746,0.405143946409225
10.4835996627808,0.40581864118576,0.405054420232773,0.00866903550922871,-0.161251723766327,-0.0385675095021725,0.207073986530304,0.00862287264317274,-0.161221235990524,0.00866903550922871,-0.161251723766327,0.405815601348877,0.405054062604904,0.00862287264317274,-0.161221235990524,-0.0385652631521225,0.207074537873268,-0.0385675132274628,0.207074001431465,0.00862287264317274,-0.161221235990524,0.405725389719009,0.405108869075775,0.00857672374695539,-0.161190658807755,0.00862287264317274,-0.161221235990524,-0.0385652631521225,0.207074537873268,0.00857672374695539,-0.161190658807755,0.405722290277481,0.405108451843262
10.4840002059937,0.405744940042496,0.405018895864487,0.00865712203085423,-0.161258175969124,-0.0384717993438244,0.207078978419304,0.00861095730215311,-0.161227658390999,0.00865712203085423,-0.161258175969124,0.405741930007935,0.405018508434296,0.00861095823347569,-0.16122767329216,-0.0384695492684841,0.207079529762268,-0.0384717993438244,0.207078993320465,0.00861095823347569,-0.16122767329216,0.405651569366455,0.405073404312134,0.0085648475214839,-0.161197066307068,0.00861095730215311,-0.161227658390999,-0.0384695492684841,0.207079529762268,0.0085648475214839,-0.161197066307068,0.405648618936539,0.405073016881943
10.4843997955322,0.405671209096909,0.404983520507813,0.00864520668983459,-0.161264643073082,-0.0383759886026382,0.207083970308304,0.00859908107668161,-0.161234095692635,0.00864520668983459,-0.161264643073082,0.405668169260025,0.404983133077621,0.00859908107668161,-0.161234095692635,-0.0383739396929741,0.207084462046623,-0.0383759886026382,0.207083970308304,0.00859908107668161,-0.161234095692635,0.40557786822319,0.405038058757782,0.00855297036468983,-0.161203488707542,0.00859908107668161,-0.161234095692635,-0.0383739396929741,0.207084462046623,0.00855297036468983,-0.161203488707542,0.405574917793274,0.405037641525269
10.4848003387451,0.405597448348999,0.404948145151138,0.00863329041749239,-0.161271095275879,-0.0382802784442902,0.207088828086853,0.00858716480433941,-0.16124053299427,0.00863329041749239,-0.161271095275879,0.405594438314438,0.404947757720947,0.00858716480433941,-0.16124053299427,-0.0382782258093357,0.207089349627495,-0.0382802784442902,0.207088828086853,0.00858716480433941,-0.16124053299427,0.405504167079926,0.40500271320343,0.00854105222970247,-0.161209866404533,0.00858716480433941,-0.16124053299427,-0.0382782258093357,0.207089349627495,0.00854105222970247,-0.161209866404533,0.40550109744072,0.405002325773239
10.4851999282837,0.405523627996445,0.404912799596786,0.00862137321382761,-0.161277532577515,-0.0381845682859421,0.20709365606308,0.00857524666935205,-0.161246940493584,0.00862137321382761,-0.161277532577515,0.405520677566528,0.404912441968918,0.00857524666935205,-0.161246940493584,-0.0381825156509876,0.20709416270256,-0.0381845682859421,0.20709365606308,0.00857524666935205,-0.161246940493584,0.405430346727371,0.404967457056046,0.00852913502603769,-0.161216273903847,0.00857524666935205,-0.161246940493584,-0.0381825156509876,0.20709416270256,0.00852913502603769,-0.161216273903847,0.40542733669281,0.404967099428177
10.4856004714966,0.405449837446213,0.404877573251724,0.00860953144729137,-0.161283984780312,-0.038088858127594,0.207098424434662,0.0085633285343647,-0.161253362894058,0.00860953144729137,-0.161283984780312,0.405446797609329,0.404877185821533,0.00856336578726768,-0.161253362894058,-0.0380867086350918,0.207098931074142,-0.038088858127594,0.207098424434662,0.00856336578726768,-0.161253362894058,0.405356526374817,0.404932260513306,0.00851721502840519,-0.161222666501999,0.0085633285343647,-0.161253362894058,-0.0380867086350918,0.207098931074142,0.00851721502840519,-0.161222666501999,0.405353516340256,0.404931873083115
10.4860000610352,0.405376017093658,0.404842406511307,0.00859761144965887,-0.161290422081947,-0.0379931516945362,0.207103133201599,0.00855144578963518,-0.161259770393372,0.00859761144965887,-0.161290422081947,0.405372947454453,0.404842048883438,0.00855144672095776,-0.161259785294533,-0.0379909984767437,0.207103654742241,-0.0379931516945362,0.207103133201599,0.00855144672095776,-0.161259785294533,0.405282706022263,0.404897123575211,0.00850533321499825,-0.161229059100151,0.00855144578963518,-0.161259770393372,-0.0379909984767437,0.207103654742241,0.00850533321499825,-0.161229059100151,0.405279666185379,0.404896795749664
10.4863996505737,0.405302166938782,0.404807299375534,0.00858569145202637,-0.161296859383583,-0.0378973446786404,0.207107797265053,0.00853956397622824,-0.161266192793846,0.00858569145202637,-0.161296859383583,0.405299097299576,0.404806911945343,0.00853956397622824,-0.161266192793846,-0.0378950946033001,0.207108318805695,-0.0378973446786404,0.207107797265053,0.00853956397622824,-0.161266192793846,0.405208766460419,0.40486204624176,0.00849341135472059,-0.161235436797142,0.00853956397622824,-0.161266192793846,-0.0378950946033001,0.207108318805695,0.00849341135472059,-0.161235436797142,0.405205845832825,0.404861658811569
10.4868001937866,0.405228227376938,0.404772222042084,0.00857376866042614,-0.161303281784058,-0.0378015451133251,0.207112416625023,0.00852764118462801,-0.161272585391998,0.00857376866042614,-0.161303281784058,0.405225306749344,0.404771834611893,0.00852764211595058,-0.161272600293159,-0.0377992950379848,0.207112938165665,-0.0378015451133251,0.207112416625023,0.00852764211595058,-0.161272600293159,0.405134916305542,0.404827058315277,0.00848148949444294,-0.161241814494133,0.00852764118462801,-0.161272585391998,-0.0377992950379848,0.207112938165665,0.00848148949444294,-0.161241814494133,0.405131965875626,0.404826670885086
10.4871997833252,0.405154347419739,0.404737234115601,0.00856184586882591,-0.161309719085693,-0.0377056375145912,0.207116961479187,0.00851571746170521,-0.161278992891312,0.00856184586882591,-0.161309704184532,0.405151277780533,0.40473684668541,0.00851571746170521,-0.16127897799015,-0.037703488022089,0.207117483019829,-0.0377056375145912,0.207116961479187,0.00851571746170521,-0.16127897799015,0.405060976743698,0.404792159795761,0.0084696039557457,-0.161248207092285,0.00851571746170521,-0.161278992891312,-0.037703488022089,0.207117483019829,0.0084696039557457,-0.161248207092285,0.405058026313782,0.40479177236557
10.4876003265381,0.405080378055573,0.404702335596085,0.00854992214590311,-0.161316126585007,-0.037609837949276,0.207121461629868,0.00850379373878241,-0.161285385489464,0.00854992214590311,-0.161316126585007,0.405077368021011,0.404701977968216,0.00850379373878241,-0.161285385489464,-0.0376076847314835,0.207121983170509,-0.037609837949276,0.207121461629868,0.00850379373878241,-0.161285385489464,0.404987066984177,0.404757231473923,0.00845767837017775,-0.161254554986954,0.00850379373878241,-0.161285385489464,-0.0376076847314835,0.207121983170509,0.00845767837017775,-0.161254554986954,0.40498411655426,0.404756844043732
10.4879999160767,0.405006468296051,0.404667466878891,0.00853799656033516,-0.16132253408432,-0.037514042109251,0.207125917077065,0.00849186815321445,-0.161291778087616,0.00853799656033516,-0.16132253408432,0.405003368854523,0.404667019844055,0.00849186815321445,-0.161291778087616,-0.0375118926167488,0.207126438617706,-0.037514042109251,0.207125917077065,0.00849186815321445,-0.161291778087616,0.404913157224655,0.404722392559052,0.00844575185328722,-0.161260932683945,0.00849186815321445,-0.161291778087616,-0.0375118926167488,0.207126438617706,0.00844575185328722,-0.161260932683945,0.404910087585449,0.404722034931183
10.4884004592896,0.40493243932724,0.404632657766342,0.00852607004344463,-0.161328956484795,-0.0374181419610977,0.207130283117294,0.00847994070500135,-0.161298140883446,0.00852607004344463,-0.161328956484795,0.404929459095001,0.404632240533829,0.00847994070500135,-0.161298155784607,-0.0374159887433052,0.207130804657936,-0.0374181419610977,0.207130283117294,0.00847994070500135,-0.161298155784607,0.404839187860489,0.40468767285347,0.00843382440507412,-0.161267280578613,0.00847994070500135,-0.161298140883446,-0.0374159887433052,0.207130804657936,0.00843382440507412,-0.161267280578613,0.404836148023605,0.404687285423279
10.4888000488281,0.404858440160751,0.404597878456116,0.00851414259523153,-0.161335363984108,-0.0373222455382347,0.207134619355202,0.00846801232546568,-0.161304548382759,0.00851414259523153,-0.161335363984108,0.404855400323868,0.404597520828247,0.00846801232546568,-0.161304548382759,-0.0373200923204422,0.207135140895844,-0.0373222455382347,0.207134619355202,0.00846801232546568,-0.161304548382759,0.404765099287033,0.404652953147888,0.00842189695686102,-0.161273643374443,0.00846801232546568,-0.161304548382759,-0.0373200923204422,0.207135140895844,0.00842189695686102,-0.161273643374443,0.404762178659439,0.40465259552002
10.4891996383667,0.404784351587296,0.404563188552856,0.00850221421569586,-0.16134175658226,-0.0372263453900814,0.207138910889626,0.00845608301460743,-0.161310911178589,0.00850221421569586,-0.16134175658226,0.404781341552734,0.404562830924988,0.00845608394593,-0.16131092607975,-0.0372241958975792,0.207139432430267,-0.0372263453900814,0.207138910889626,0.00845608394593,-0.16131092607975,0.404691100120544,0.404618352651596,0.00840996764600277,-0.161279991269112,0.00845608301460743,-0.161310911178589,-0.0372241958975792,0.207139432430267,0.00840996764600277,-0.161279991269112,0.404688000679016,0.40461790561676
10.4896001815796,0.404710382223129,0.404528588056564,0.00849028397351503,-0.161348164081573,-0.0371304526925087,0.207143142819405,0.00844415277242661,-0.16131728887558,0.00849028397351503,-0.161348164081573,0.404707312583923,0.404528200626373,0.00844415370374918,-0.161317303776741,-0.0371282510459423,0.207143664360046,-0.0371304526925087,0.207143142819405,0.00844415370374918,-0.161317303776741,0.404616981744766,0.404583781957626,0.00839803647249937,-0.16128633916378,0.00844415277242661,-0.16131728887558,-0.0371282510459423,0.207143664360046,0.00839803647249937,-0.16128633916378,0.40461403131485,0.404583394527435
10.4899997711182,0.404636263847351,0.404494017362595,0.00847835280001163,-0.161354541778564,-0.0370344594120979,0.207147315144539,0.00843218341469765,-0.16132365167141,0.00847835280001163,-0.161354541778564,0.40463325381279,0.404493600130081,0.00843222159892321,-0.16132365167141,-0.0370323099195957,0.207147836685181,-0.0370344594120979,0.207147315144539,0.00843222159892321,-0.16132365167141,0.40454289317131,0.404549181461334,0.00838606618344784,-0.161292672157288,0.00843218341469765,-0.16132365167141,-0.0370323099195957,0.207147836685181,0.00838610529899597,-0.161292672157288,0.404539942741394,0.404548823833466
10.4904003143311,0.404562145471573,0.404459536075592,0.0084663825109601,-0.161360949277878,-0.0369385704398155,0.207151457667351,0.00842028949409723,-0.161330014467239,0.0084663825109601,-0.161360949277878,0.404559075832367,0.404459148645401,0.00842028949409723,-0.161330014467239,-0.036936316639185,0.20715194940567,-0.0369385704398155,0.207151457667351,0.00842028949409723,-0.161330014467239,0.404468834400177,0.404514759778976,0.00837417226284742,-0.161299005150795,0.00842028949409723,-0.161330014467239,-0.036936316639185,0.20715194940567,0.00837417226284742,-0.161299005150795,0.404465764760971,0.404514402151108
10.4907999038696,0.40448796749115,0.404425114393234,0.00845448765903711,-0.161367326974869,-0.0368425771594048,0.207155510783195,0.00840831734240055,-0.161336377263069,0.00845448765903711,-0.161367326974869,0.404484957456589,0.404424756765366,0.00840831734240055,-0.161336377263069,-0.0368403792381287,0.207156017422676,-0.0368425771594048,0.207155510783195,0.00840831734240055,-0.161336377263069,0.404394626617432,0.404480427503586,0.00836219917982817,-0.161305338144302,0.00840831734240055,-0.161336377263069,-0.0368403755128384,0.207156002521515,0.00836219917982817,-0.161305338144302,0.404391705989838,0.404480010271072
10.4912004470825,0.404413849115372,0.404390692710876,0.00844251457601786,-0.16137370467186,-0.0367465913295746,0.207159504294395,0.00839634425938129,-0.161342725157738,0.00844251457601786,-0.16137370467186,0.404410779476166,0.404390335083008,0.00839634425938129,-0.161342725157738,-0.0367443412542343,0.207160025835037,-0.0367465913295746,0.207159504294395,0.00839634425938129,-0.161342725157738,0.404320538043976,0.404446065425873,0.00835022702813148,-0.16131167113781,0.00839634425938129,-0.161342725157738,-0.0367443412542343,0.207160025835037,0.00835022702813148,-0.16131167113781,0.40431746840477,0.404445677995682
10.4916000366211,0.404339611530304,0.404356390237808,0.00843054056167603,-0.16138006746769,-0.0366505049169064,0.207163468003273,0.00838440842926502,-0.161349073052406,0.00843054056167603,-0.16138006746769,0.404336601495743,0.40435603260994,0.00838440842926502,-0.161349073052406,-0.0366483516991138,0.207163974642754,-0.0366505049169064,0.207163468003273,0.00838440842926502,-0.161349073052406,0.40424633026123,0.404411792755127,0.00833829026669264,-0.161317989230156,0.00838440842926502,-0.161349073052406,-0.0366483516991138,0.207163974642754,0.00833829026669264,-0.161317989230156,0.404243320226669,0.404411435127258
10.4919996261597,0.404265433549881,0.404322147369385,0.00841860473155975,-0.161386430263519,-0.0365545228123665,0.207167387008667,0.0083724707365036,-0.161355406045914,0.00841860473155975,-0.161386430263519,0.404262393712997,0.404321789741516,0.0083724707365036,-0.161355406045914,-0.0365523658692837,0.207167878746986,-0.0365545228123665,0.207167387008667,0.0083724707365036,-0.161355406045914,0.404172092676163,0.404377579689026,0.00832635257393122,-0.161324307322502,0.0083724707365036,-0.161355406045914,-0.0365523658692837,0.207167863845825,0.00832635257393122,-0.161324307322502,0.404169052839279,0.404377222061157
10.4924001693726,0.404191166162491,0.404287964105606,0.00840666703879833,-0.16139280796051,-0.0364584363996983,0.207171201705933,0.00836053304374218,-0.161361739039421,0.00840666703879833,-0.16139280796051,0.40418815612793,0.40428763628006,0.00836053304374218,-0.161361739039421,-0.036456286907196,0.207171708345413,-0.0364584363996983,0.207171201705933,0.00836053304374218,-0.161361739039421,0.404097825288773,0.404343515634537,0.00831441394984722,-0.161330625414848,0.00836053304374218,-0.161361739039421,-0.036456286907196,0.207171708345413,0.00831441394984722,-0.161330625414848,0.404094874858856,0.404343128204346
10.4927997589111,0.404116958379745,0.40425381064415,0.0083946892991662,-0.161399155855179,-0.0363623574376106,0.207175001502037,0.00834855530411005,-0.161368072032928,0.0083946892991662,-0.161399155855179,0.404113948345184,0.404253482818604,0.00834855530411005,-0.161368072032928,-0.0363602042198181,0.207175493240356,-0.0363623574376106,0.207175001502037,0.00834855530411005,-0.161368072032928,0.404023557901382,0.40430936217308,0.00830247532576323,-0.161336928606033,0.00834855530411005,-0.161368072032928,-0.0363602004945278,0.207175478339195,0.00830247532576323,-0.161336928606033,0.404020547866821,0.404309034347534
10.493200302124,0.404042571783066,0.404219776391983,0.0083827106282115,-0.161405518651009,-0.036266278475523,0.207178756594658,0.00833657663315535,-0.161374405026436,0.0083827106282115,-0.161405518651009,0.40403950214386,0.404219448566437,0.00833657663315535,-0.161374405026436,-0.0362641252577305,0.207179248332977,-0.036266278475523,0.207178756594658,0.00833657663315535,-0.161374405026436,0.403949230909348,0.404275417327881,0.00829049572348595,-0.161343231797218,0.00833657663315535,-0.161374405026436,-0.0362641252577305,0.207179248332977,0.00829049572348595,-0.161343231797218,0.403946280479431,0.40427502989769
10.4935998916626,0.403968274593353,0.404185771942139,0.00837077014148235,-0.161411851644516,-0.0361701995134354,0.207182422280312,0.00832463521510363,-0.161380723118782,0.00837077014148235,-0.161411851644516,0.40396523475647,0.40418541431427,0.00832463521510363,-0.161380723118782,-0.0361680462956429,0.207182914018631,-0.0361701995134354,0.207182422280312,0.00832463521510363,-0.161380723118782,0.403874963521957,0.404241442680359,0.00827851518988609,-0.161349520087242,0.00832463521510363,-0.161380723118782,-0.0361680462956429,0.207182914018631,0.00827851518988609,-0.161349520087242,0.403871953487396,0.40424108505249
10.4940004348755,0.403893947601318,0.404151827096939,0.00835882779210806,-0.161418199539185,-0.0360740758478642,0.207186043262482,0.0083126537501812,-0.161387041211128,0.00835882779210806,-0.161418199539185,0.403890907764435,0.404151499271393,0.00831265468150377,-0.161387056112289,-0.0360718742012978,0.207186535000801,-0.0360740758478642,0.207186043262482,0.0083126537501812,-0.161387041211128,0.403800547122955,0.404207587242126,0.0082665728405118,-0.161355823278427,0.0083126537501812,-0.161387041211128,-0.0360718704760075,0.207186535000801,0.0082665728405118,-0.161355823278427,0.403797626495361,0.404207170009613
10.4944000244141,0.403819590806961,0.404118001461029,0.0083468072116375,-0.161424532532692,-0.0359779521822929,0.207189604640007,0.00830067228525877,-0.161393359303474,0.0083468072116375,-0.161424532532692,0.4038165807724,0.40411764383316,0.00830067228525877,-0.161393359303474,-0.0359757952392101,0.207190096378326,-0.0359779521822929,0.207189604640007,0.00830067228525877,-0.161393359303474,0.403726160526276,0.404173761606216,0.0082545904442668,-0.161362111568451,0.00830067228525877,-0.161393359303474,-0.0359757952392101,0.207190096378326,0.0082545904442668,-0.161362111568451,0.403723269701004,0.404173403978348
10.4947996139526,0.403745174407959,0.404084146022797,0.00833486299961805,-0.161430880427361,-0.0358817838132381,0.20719313621521,0.00828872714191675,-0.161399677395821,0.00833486299961805,-0.161430880427361,0.403742164373398,0.404083788394928,0.00828872714191675,-0.161399677395821,-0.0358796268701553,0.207193627953529,-0.0358817838132381,0.20719313621521,0.00828872714191675,-0.161399677395821,0.403651803731918,0.404139995574951,0.00824260618537664,-0.161368384957314,0.00828872714191675,-0.161399677395821,-0.0358796268701553,0.207193627953529,0.00824260618537664,-0.161368384957314,0.403648853302002,0.404139637947083
10.4952001571655,0.403670698404312,0.404050409793854,0.00832291692495346,-0.161437198519707,-0.0357856154441833,0.207196593284607,0.0082767428830266,-0.161405965685844,0.00832291692495346,-0.161437198519707,0.403667688369751,0.404050052165985,0.00827678199857473,-0.161405965685844,-0.0357834585011005,0.207197085022926,-0.0357856154441833,0.207196593284607,0.00827678199857473,-0.161405965685844,0.403577476739883,0.404106289148331,0.00823066011071205,-0.161374673247337,0.0082767428830266,-0.161405965685844,-0.0357834585011005,0.207197085022926,0.00823066011071205,-0.161374673247337,0.403574436903,0.404105931520462
10.4955997467041,0.403596252202988,0.404016733169556,0.00831089355051517,-0.161443516612053,-0.0356894470751286,0.207199990749359,0.00826475769281387,-0.161412268877029,0.00831089355051517,-0.161443516612053,0.403593242168427,0.404016375541687,0.00826475769281387,-0.161412268877029,-0.0356872417032719,0.207200482487679,-0.0356894470751286,0.207199990749359,0.00826475769281387,-0.161412268877029,0.403502970933914,0.404072642326355,0.00821863580495119,-0.161380931735039,0.00826475769281387,-0.161412268877029,-0.0356872417032719,0.207200482487679,0.00821863580495119,-0.161380931735039,0.403499960899353,0.404072314500809
10.496000289917,0.403521835803986,0.403983145952225,0.00829894561320543,-0.16144984960556,-0.0355932302772999,0.207203358411789,0.00825280975550413,-0.161418572068214,0.00829894561320543,-0.16144984960556,0.403518825769424,0.403982788324356,0.00825280975550413,-0.161418572068214,-0.0355910286307335,0.207203820347786,-0.0355932302772999,0.207203358411789,0.00825280975550413,-0.161418572068214,0.403428435325623,0.404039055109024,0.00820668786764145,-0.161387220025063,0.00825280975550413,-0.161418572068214,-0.0355910286307335,0.207203820347786,0.00820668786764145,-0.161387220025063,0.403425425291061,0.404038697481155
10.4963998794556,0.403447359800339,0.403949558734894,0.008286920376122,-0.161456167697906,-0.0354970209300518,0.207206651568413,0.00824078265577555,-0.161424845457077,0.008286920376122,-0.161456167697906,0.403444319963455,0.403949201107025,0.00824078358709812,-0.161424860358238,-0.035494863986969,0.20720711350441,-0.0354970209300518,0.207206651568413,0.00824078358709812,-0.161424860358238,0.403353989124298,0.404005527496338,0.00819473806768656,-0.161393478512764,0.00824078265577555,-0.161424845457077,-0.035494863986969,0.20720711350441,0.00819473806768656,-0.161393478512764,0.403351008892059,0.404005259275436
10.4968004226685,0.403372883796692,0.40391606092453,0.00827496964484453,-0.16146245598793,-0.0354007594287395,0.207209885120392,0.00822883285582066,-0.161431148648262,0.00827496964484453,-0.16146245598793,0.403369843959808,0.403915733098984,0.00822883285582066,-0.161431148648262,-0.0353986024856567,0.20721036195755,-0.0354007594287395,0.207209885120392,0.00822883285582066,-0.161431148648262,0.403279483318329,0.403972089290619,0.0081827100366354,-0.161399737000465,0.00822883285582066,-0.161431148648262,-0.0353986024856567,0.20721036195755,0.0081827100366354,-0.161399737000465,0.403276443481445,0.403971761465073
10.497200012207,0.4032983481884,0.403882652521133,0.00826298072934151,-0.161468788981438,-0.0353045016527176,0.207213059067726,0.00821684300899506,-0.161437436938286,0.00826298072934151,-0.161468788981438,0.403295338153839,0.403882324695587,0.00821684300899506,-0.161437436938286,-0.0353023447096348,0.207213550806046,-0.0353045016527176,0.207213073968887,0.00821684300899506,-0.161437436938286,0.40320497751236,0.403938710689545,0.00817075930535793,-0.161405995488167,0.00821684300899506,-0.161437436938286,-0.0353023447096348,0.207213550806046,0.00817075930535793,-0.161405995488167,0.403201937675476,0.403938382863998
10.4975996017456,0.403223752975464,0.403849273920059,0.00825098901987076,-0.161475092172623,-0.0352082438766956,0.207216203212738,0.00820485129952431,-0.161443695425987,0.00825098901987076,-0.161475092172623,0.40322071313858,0.403848946094513,0.00820485129952431,-0.161443695425987,-0.0352060869336128,0.207216680049896,-0.0352082438766956,0.207216203212738,0.00820485129952431,-0.161443695425987,0.403130412101746,0.403905421495438,0.00815872848033905,-0.161412239074707,0.00820485129952431,-0.161443695425987,-0.0352060869336128,0.207216680049896,0.00815872848033905,-0.161412239074707,0.40312734246254,0.403905093669891
10.4980001449585,0.403149157762527,0.40381595492363,0.00823895912617445,-0.161481365561485,-0.035111989825964,0.207219257950783,0.008192821405828,-0.16144996881485,0.00823895912617445,-0.161481365561485,0.403146088123322,0.403815627098083,0.008192821405828,-0.16144996881485,-0.0351097360253334,0.207219734787941,-0.035111989825964,0.207219257950783,0.008192821405828,-0.16144996881485,0.403055757284164,0.403872191905975,0.0081467367708683,-0.161418482661247,0.008192821405828,-0.16144996881485,-0.0351097360253334,0.207219734787941,0.0081467367708683,-0.161418482661247,0.403052717447281,0.403871834278107
10.4983997344971,0.403074502944946,0.403782725334167,0.00822700560092926,-0.16148766875267,-0.0350156389176846,0.207222297787666,0.00818086694926023,-0.161456242203712,0.00822700560092926,-0.16148766875267,0.403071463108063,0.403782367706299,0.00818086694926023,-0.161456242203712,-0.035013485699892,0.207222774624825,-0.0350156389176846,0.207222297787666,0.00818086694926023,-0.161456242203712,0.402981102466583,0.403838962316513,0.0081347431987524,-0.161424726247787,0.00818086694926023,-0.161456242203712,-0.035013485699892,0.207222774624825,0.0081347431987524,-0.161424726247787,0.402978092432022,0.403838664293289
10.49880027771,0.402999848127365,0.40374955534935,0.00821497198194265,-0.161493957042694,-0.0349193401634693,0.207225248217583,0.0081688342615962,-0.161462500691414,0.00821497198194265,-0.161493957042694,0.402996778488159,0.403749227523804,0.0081688342615962,-0.161462500691414,-0.0349171347916126,0.207225725054741,-0.0349193401634693,0.207225248217583,0.0081688342615962,-0.161462500691414,0.402906477451324,0.403805822134018,0.00812278687953949,-0.161430954933167,0.0081688342615962,-0.161462500691414,-0.0349171347916126,0.207225725054741,0.00812278687953949,-0.161430954933167,0.402903527021408,0.403805553913116
10.4991998672485,0.402925252914429,0.403716415166855,0.00820297654718161,-0.161500230431557,-0.0348229967057705,0.207228153944016,0.00815683789551258,-0.161468744277954,0.00820297654718161,-0.161500230431557,0.402922213077545,0.403716087341309,0.00815683882683516,-0.161468759179115,-0.0348207913339138,0.207228630781174,-0.0348229967057705,0.207228153944016,0.00815683882683516,-0.161468759179115,0.402831852436066,0.403772801160812,0.00811075232923031,-0.161437183618546,0.00815683789551258,-0.161468744277954,-0.0348207913339138,0.207228630781174,0.00811075232923031,-0.161437183618546,0.402828812599182,0.403772473335266
10.4996004104614,0.402850538492203,0.403683364391327,0.00819098111242056,-0.161506503820419,-0.0347266495227814,0.207231014966965,0.00814484152942896,-0.161475002765656,0.00819098111242056,-0.161506503820419,0.402847528457642,0.403683006763458,0.00814484152942896,-0.161475002765656,-0.0347244441509247,0.207231491804123,-0.0347266495227814,0.207231029868126,0.00814484152942896,-0.161475002765656,0.402757197618484,0.403739780187607,0.00809875503182411,-0.161443412303925,0.00814484152942896,-0.161475002765656,-0.0347244441509247,0.207231476902962,0.00809875503182411,-0.161443412303925,0.402754187583923,0.403739422559738
10.5,0.402775794267654,0.403650373220444,0.00817894469946623,-0.161512792110443,-0.034630261361599,0.207233801484108,0.00813284423202276,-0.161481246352196,0.00817894469946623,-0.161512792110443,0.402772754430771,0.403650015592575,0.00813284423202276,-0.161481246352196,-0.0346281006932259,0.207234278321266,-0.034630261361599,0.207233801484108,0.00813284423202276,-0.161481246352196,0.402682453393936,0.403706818819046,0.00808675773441792,-0.161449640989304,0.00813284423202276,-0.161481246352196,-0.0346281006932259,0.207234278321266,0.00808675773441792,-0.161449640989304,0.402679473161697,0.403706520795822
10.5003995895386,0.402701079845428,0.403617471456528,0.00816698465496302,-0.161519050598145,-0.0345339216291904,0.207236543297768,0.00812084600329399,-0.161487489938736,0.00816698465496302,-0.161519050598145,0.402698069810867,0.403617143630981,0.00812084600329399,-0.161487489938736,-0.0345316641032696,0.207237005233765,-0.0345339216291904,0.207236543297768,0.00812084600329399,-0.161487489938736,0.402607679367065,0.403673946857452,0.00807471945881844,-0.161455854773521,0.00812084600329399,-0.161487489938736,-0.0345316641032696,0.207237005233765,0.00807471945881844,-0.161455854773521,0.402604788541794,0.403673619031906
10.5008001327515,0.402626246213913,0.403584599494934,0.00815494637936354,-0.161525309085846,-0.0344374850392342,0.207239240407944,0.00810880586504936,-0.161493718624115,0.00815494637936354,-0.161525309085846,0.402623236179352,0.403584241867065,0.00810880586504936,-0.161493718624115,-0.0344353280961514,0.207239702343941,-0.0344374850392342,0.207239240407944,0.00810880586504936,-0.161493718624115,0.402532964944839,0.403641134500504,0.00806272029876709,-0.161462068557739,0.00810880586504936,-0.161493718624115,-0.0344353280961514,0.207239702343941,0.00806272029876709,-0.161462068557739,0.402529925107956,0.403640806674957
10.50119972229,0.402551621198654,0.403551787137985,0.00814290717244148,-0.161531582474709,-0.0343410521745682,0.207241877913475,0.00809676758944988,-0.161499962210655,0.00814290717244148,-0.161531582474709,0.402548491954803,0.403551459312439,0.00809676758944988,-0.161499962210655,-0.0343388952314854,0.207242339849472,-0.0343410521745682,0.207241877913475,0.00809676758944988,-0.161499962210655,0.402458190917969,0.403608381748199,0.00805071834474802,-0.161468267440796,0.00809676758944988,-0.161499962210655,-0.0343388952314854,0.207242339849472,0.00805071834474802,-0.161468267440796,0.402455180883408,0.403608053922653
10.5016002655029,0.402476727962494,0.403519034385681,0.00813090521842241,-0.161537826061249,-0.0342446193099022,0.2072444409132,0.00808476563543081,-0.161506190896034,0.00813090521842241,-0.161537826061249,0.40247368812561,0.403518676757813,0.00808476563543081,-0.161506190896034,-0.0342424623668194,0.207244902849197,-0.0342446193099022,0.2072444409132,0.00808476563543081,-0.161506190896034,0.402383357286453,0.403575718402863,0.00803867820650339,-0.161474481225014,0.00808476563543081,-0.161506190896034,-0.0342424623668194,0.207244902849197,0.00803867820650339,-0.161474481225014,0.402380377054214,0.403575390577316
10.5019998550415,0.402401953935623,0.403486400842667,0.00811890233308077,-0.161544069647789,-0.0341481938958168,0.207246959209442,0.00807276181876659,-0.161512419581413,0.00811890326440334,-0.16154408454895,0.40239879488945,0.40348607301712,0.00807276181876659,-0.161512434482574,-0.0341459847986698,0.207247421145439,-0.0341481938958168,0.207246959209442,0.00807276181876659,-0.161512434482574,0.402308493852615,0.403543084859848,0.00802667532116175,-0.161480665206909,0.00807276181876659,-0.161512419581413,-0.0341459847986698,0.207247421145439,0.00802667532116175,-0.161480665206909,0.402305454015732,0.403542727231979
10.5024003982544,0.402327030897141,0.403453767299652,0.00810685940086842,-0.161550298333168,-0.0340517200529575,0.2072494328022,0.00806071981787682,-0.161518633365631,0.00810686033219099,-0.161550313234329,0.402324050664902,0.403453469276428,0.00806071981787682,-0.161518633365631,-0.0340495072305202,0.207249879837036,-0.0340517200529575,0.2072494328022,0.00806071981787682,-0.161518633365631,0.4022336602211,0.403510540723801,0.00801467057317495,-0.161486864089966,0.00806071981787682,-0.161518633365631,-0.0340495072305202,0.207249879837036,0.00801467057317495,-0.161486864089966,0.402230620384216,0.403510183095932
10.502799987793,0.402252197265625,0.403421252965927,0.00809481646865606,-0.161556556820869,-0.0339552462100983,0.207251816987991,0.00804867502301931,-0.161524847149849,0.00809481646865606,-0.161556556820869,0.402249187231064,0.403420925140381,0.00804867502301931,-0.161524847149849,-0.0339530892670155,0.20725229382515,-0.0339552462100983,0.207251816987991,0.00804867502301931,-0.161524847149849,0.402158826589584,0.403478026390076,0.00800262577831745,-0.161493062973022,0.00804867502301931,-0.161524847149849,-0.0339530855417252,0.207252278923988,0.00800262577831745,-0.161493062973022,0.402155786752701,0.403477698564529
10.5031995773315,0.40217724442482,0.403388768434525,0.00808277167379856,-0.16156280040741,-0.0338587239384651,0.20725417137146,0.00803666841238737,-0.161531046032906,0.00808277167379856,-0.16156280040741,0.402174264192581,0.403388440608978,0.00803666841238737,-0.161531046032906,-0.0338565185666084,0.207254648208618,-0.0338587239384651,0.20725417137146,0.00803666841238737,-0.161531046032906,0.402083933353424,0.403445571660995,0.00799058098345995,-0.161499232053757,0.00803666841238737,-0.161531046032906,-0.0338565185666084,0.207254648208618,0.00799058098345995,-0.161499232053757,0.402080893516541,0.403445214033127
10.5036001205444,0.402102321386337,0.403356313705444,0.00807072594761848,-0.161569014191628,-0.0337622053921223,0.207256481051445,0.00802462268620729,-0.161537259817123,0.00807072594761848,-0.161569014191628,0.402099341154099,0.40335601568222,0.00802462268620729,-0.161537259817123,-0.0337600521743298,0.207256942987442,-0.0337622053921223,0.207256481051445,0.00802462268620729,-0.161537259817123,0.402008950710297,0.403413236141205,0.0079785343259573,-0.161505401134491,0.00802462268620729,-0.161537259817123,-0.0337600521743298,0.207256942987442,0.0079785343259573,-0.161505401134491,0.402005940675735,0.403412908315659
10.503999710083,0.402027398347855,0.403323978185654,0.00805871747434139,-0.161575242877007,-0.03366569429636,0.207258716225624,0.0080126142129302,-0.161543443799019,0.00805871747434139,-0.161575242877007,0.402024358510971,0.403323650360107,0.0080126142129302,-0.161543443799019,-0.033663485199213,0.20725916326046,-0.03366569429636,0.207258731126785,0.0080126142129302,-0.161543443799019,0.401933968067169,0.403380870819092,0.00796652585268021,-0.161511585116386,0.0080126142129302,-0.161543443799019,-0.033663485199213,0.20725916326046,0.00796652585268021,-0.161511585116386,0.401931017637253,0.403380572795868
10.5044002532959,0.401952415704727,0.403291702270508,0.00804666895419359,-0.161581456661224,-0.0335691310465336,0.20726090669632,0.0080005656927824,-0.161549642682076,0.00804666895419359,-0.161581456661224,0.401949375867844,0.403291374444962,0.00800056662410498,-0.161549657583237,-0.0335669256746769,0.207261353731155,-0.0335691310465336,0.20726090669632,0.00800056662410498,-0.161549657583237,0.401858955621719,0.403348654508591,0.00795447733253241,-0.161517739295959,0.0080005656927824,-0.161549642682076,-0.0335669256746769,0.207261353731155,0.00795447733253241,-0.161517739295959,0.401856005191803,0.403348356485367
10.5047998428345,0.401877373456955,0.403259456157684,0.00803465861827135,-0.161587670445442,-0.0334725752472878,0.207263022661209,0.00798851624131203,-0.161555841565132,0.00803465861827135,-0.161587670445442,0.401874393224716,0.40325915813446,0.00798851624131203,-0.161555841565132,-0.0334703661501408,0.207263484597206,-0.0334725752472878,0.207263022661209,0.00798851624131203,-0.161555841565132,0.401784002780914,0.403316497802734,0.00794246513396502,-0.161523908376694,0.00798851624131203,-0.161555841565132,-0.0334703661501408,0.207263484597206,0.00794246513396502,-0.161523908376694,0.401780962944031,0.403316169977188
10.5052003860474,0.401802390813828,0.403227269649506,0.0080226082354784,-0.161593899130821,-0.033375971019268,0.207265108823776,0.00797646585851908,-0.161562010645866,0.0080226082354784,-0.161593899130821,0.401799350976944,0.403226941823959,0.00797646585851908,-0.161562010645866,-0.0333738103508949,0.207265555858612,-0.033375971019268,0.207265108823776,0.00797646585851908,-0.161562010645866,0.401709049940109,0.4032843708992,0.00793041475117207,-0.161530077457428,0.00797646585851908,-0.161562010645866,-0.0333738103508949,0.207265555858612,0.00793041475117207,-0.161530077457428,0.401706010103226,0.403284072875977
10.5055999755859,0.401727318763733,0.403195202350616,0.00801055692136288,-0.161600098013878,-0.0332794152200222,0.207267105579376,0.00796441454440355,-0.161568194627762,0.00801055692136288,-0.161600098013878,0.401724278926849,0.403194844722748,0.00796441454440355,-0.161568194627762,-0.0332772098481655,0.207267582416534,-0.0332794152200222,0.207267105579376,0.00796441454440355,-0.161568194627762,0.401633888483047,0.403252303600311,0.00791836343705654,-0.16153621673584,0.00796441454440355,-0.161568194627762,-0.0332772098481655,0.207267582416534,0.00791836343705654,-0.16153621673584,0.401630908250809,0.403252005577087
10.5059995651245,0.401652276515961,0.40316316485405,0.00799850467592478,-0.161606281995773,-0.0331827662885189,0.207269087433815,0.00795236136764288,-0.161574363708496,0.00799850467592478,-0.161606281995773,0.401649236679077,0.403162837028503,0.00795236136764288,-0.161574378609657,-0.0331806093454361,0.20726951956749,-0.0331827662885189,0.207269087433815,0.00795236136764288,-0.161574378609657,0.40155890583992,0.403220355510712,0.00790631026029587,-0.161542370915413,0.00795236136764288,-0.161574378609657,-0.0331806093454361,0.20726951956749,0.00790631026029587,-0.161542370915413,0.401555806398392,0.403220057487488
10.5064001083374,0.401577174663544,0.403131157159805,0.0079864514991641,-0.161612495779991,-0.0330861695110798,0.207270979881287,0.00794030725955963,-0.16158053278923,0.0079864514991641,-0.161612495779991,0.40157413482666,0.403130829334259,0.00794030725955963,-0.16158053278923,-0.0330839641392231,0.207271441817284,-0.0330861695110798,0.207270979881287,0.00794030725955963,-0.16158053278923,0.401483714580536,0.403188437223434,0.00789425708353519,-0.161548510193825,0.00794030725955963,-0.16158053278923,-0.0330839641392231,0.207271441817284,0.00789425708353519,-0.161548510193825,0.401480704545975,0.403188109397888
10.506799697876,0.401502072811127,0.403099238872528,0.00797439645975828,-0.161618679761887,-0.0329895317554474,0.207272827625275,0.00792825315147638,-0.161586716771126,0.00797439645975828,-0.161618679761887,0.401499032974243,0.403098940849304,0.00792825315147638,-0.161586716771126,-0.0329873226583004,0.20727327466011,-0.0329895317554474,0.207272827625275,0.00792825315147638,-0.161586716771126,0.401408702135086,0.40315654873848,0.0078822011128068,-0.161554664373398,0.00792825315147638,-0.161586716771126,-0.0329873226583004,0.20727327466011,0.0078822011128068,-0.161554664373398,0.401405662298203,0.403156220912933
10.5072002410889,0.401426911354065,0.40306743979454,0.00796234048902988,-0.161624863743782,-0.0328928902745247,0.207274615764618,0.00791619624942541,-0.161592856049538,0.00796234048902988,-0.161624863743782,0.401423901319504,0.403067082166672,0.00791619624942541,-0.161592856049538,-0.0328906290233135,0.207275077700615,-0.0328928902745247,0.207274615764618,0.00791619624942541,-0.161592856049538,0.401333540678024,0.403124749660492,0.0078701451420784,-0.161560788750648,0.00791619624942541,-0.161592856049538,-0.0328906290233135,0.207275077700615,0.0078701451420784,-0.161560788750648,0.401330471038818,0.403124451637268
10.5075998306274,0.401351779699326,0.403035640716553,0.00795028358697891,-0.161631047725677,-0.0327962003648281,0.207276359200478,0.00790414027869701,-0.161599025130272,0.00795028358697891,-0.161631047725677,0.401348620653152,0.403035312891006,0.00790414027869701,-0.161599025130272,-0.0327939428389072,0.207276806235313,-0.0327962040901184,0.207276374101639,0.00790414027869701,-0.161599025130272,0.40125834941864,0.403093010187149,0.00785808824002743,-0.16156692802906,0.00790414027869701,-0.161599025130272,-0.0327939428389072,0.207276806235313,0.00785808824002743,-0.16156692802906,0.401255369186401,0.403092712163925
10.5080003738403,0.401276588439941,0.40300390124321,0.00793822575360537,-0.161637216806412,-0.0326995216310024,0.207278043031693,0.00789208151400089,-0.161605179309845,0.00793822575360537,-0.161637216806412,0.401273548603058,0.403003603219986,0.00789208151400089,-0.161605179309845,-0.0326972641050816,0.207278490066528,-0.0326995216310024,0.207278028130531,0.00789208151400089,-0.161605179309845,0.401183217763901,0.403061389923096,0.00784599222242832,-0.161573052406311,0.00789208151400089,-0.161605179309845,-0.0326972641050816,0.207278490066528,0.00784603040665388,-0.161573052406311,0.40118008852005,0.403061062097549
10.5083999633789,0.401201277971268,0.402972251176834,0.00792608968913555,-0.161643400788307,-0.0326028428971767,0.207279667258263,0.00788002274930477,-0.161611318588257,0.00792608968913555,-0.161643400788307,0.401198297739029,0.402971982955933,0.00788002368062735,-0.161611333489418,-0.0326005779206753,0.207280099391937,-0.0326028428971767,0.207279667258263,0.00788002368062735,-0.161611333489418,0.401107966899872,0.403029769659042,0.00783393252640963,-0.161579176783562,0.00788002274930477,-0.161611318588257,-0.0326005779206753,0.207280099391937,0.00783393252640963,-0.161579176783562,0.401104956865311,0.403029441833496
10.5087995529175,0.401126027107239,0.402940660715103,0.00791402906179428,-0.161649569869041,-0.032506063580513,0.207281231880188,0.00786796305328608,-0.161617457866669,0.00791402906179428,-0.161649569869041,0.401123076677322,0.402940392494202,0.00786796305328608,-0.161617457866669,-0.0325039029121399,0.207281664013863,-0.032506063580513,0.207281231880188,0.00786796305328608,-0.161617457866669,0.401032745838165,0.402998208999634,0.00782187189906836,-0.161585286259651,0.00786796305328608,-0.16161747276783,-0.0325039029121399,0.207281664013863,0.00782187189906836,-0.161585286259651,0.401029676198959,0.40299791097641
10.5092000961304,0.401050865650177,0.402909129858017,0.00790196843445301,-0.161655724048615,-0.032409343868494,0.20728275179863,0.00785590149462223,-0.161623612046242,0.00790196843445301,-0.161655724048615,0.401047825813293,0.402908831834793,0.00785590149462223,-0.161623612046242,-0.0324071310460567,0.207283183932304,-0.032409343868494,0.20728275179863,0.00785590149462223,-0.161623612046242,0.400957465171814,0.402966678142548,0.00780981034040451,-0.161591395735741,0.00785590149462223,-0.161623612046242,-0.0324071310460567,0.207283183932304,0.00780981034040451,-0.161591395735741,0.400954455137253,0.402966409921646
10.5095996856689,0.400975525379181,0.402877658605576,0.00788990594446659,-0.161661878228188,-0.0323126204311848,0.207284212112427,0.00784383807331324,-0.161629721522331,0.00788990594446659,-0.161661878228188,0.400972545146942,0.402877390384674,0.00784383807331324,-0.161629721522331,-0.0323103629052639,0.207284644246101,-0.0323126204311848,0.207284212112427,0.00784383807331324,-0.161629721522331,0.400882214307785,0.402935296297073,0.00779770920053124,-0.161597490310669,0.00784379988908768,-0.161629721522331,-0.0323103629052639,0.207284644246101,0.00779770920053124,-0.161597490310669,0.400879174470901,0.402934968471527
10.5100002288818,0.400900304317474,0.402846276760101,0.0078778425231576,-0.161668032407761,-0.032215803861618,0.207285597920418,0.00783173646777868,-0.161635845899582,0.0078778425231576,-0.161668032407761,0.400897145271301,0.402845978736877,0.00783173646777868,-0.161635845899582,-0.0322135947644711,0.207286030054092,-0.032215803861618,0.207285597920418,0.00783173646777868,-0.161635845899582,0.400806903839111,0.402903944253922,0.00778564531356096,-0.161603584885597,0.00783173646777868,-0.161635845899582,-0.0322135947644711,0.207286030054092,0.00778564531356096,-0.161603584885597,0.40080389380455,0.40290367603302
10.5103998184204,0.400824964046478,0.402814924716949,0.00786573905497789,-0.161674186587334,-0.0321190431714058,0.207286939024925,0.00781963299959898,-0.161641985177994,0.00786573905497789,-0.161674186587334,0.400821924209595,0.402814626693726,0.00781963299959898,-0.161641985177994,-0.0321168303489685,0.207287386059761,-0.0321190431714058,0.207286939024925,0.00781963299959898,-0.161641985177994,0.40073162317276,0.402872681617737,0.00777358096092939,-0.161609694361687,0.00781963299959898,-0.161641985177994,-0.0321168303489685,0.207287386059761,0.00777358096092939,-0.161609694361687,0.400728493928909,0.402872353792191
10.5108003616333,0.400749534368515,0.402783662080765,0.00785367377102375,-0.161680325865746,-0.0320222340524197,0.207288220524788,0.00780756771564484,-0.161648094654083,0.00785363558679819,-0.161680325865746,0.400746554136276,0.402783364057541,0.00780756771564484,-0.161648094654083,-0.0320200249552727,0.207288682460785,-0.03202223777771,0.207288235425949,0.00780756771564484,-0.161648094654083,0.400656253099442,0.402841448783875,0.00776151521131396,-0.161615788936615,0.00780756771564484,-0.161648094654083,-0.0320200249552727,0.207288682460785,0.00776151521131396,-0.161615788936615,0.400653213262558,0.402841120958328
10.5111999511719,0.400674164295197,0.402752488851547,0.0078415684401989,-0.161686465144157,-0.0319254286587238,0.207289487123489,0.00779550056904554,-0.161654204130173,0.0078415684401989,-0.161686465144157,0.40067121386528,0.402752220630646,0.00779550103470683,-0.161654219031334,-0.0319232195615768,0.207289889454842,-0.0319254286587238,0.207289487123489,0.00779550103470683,-0.161654219031334,0.400580823421478,0.402810305356979,0.00774940894916654,-0.161621868610382,0.00779550056904554,-0.161654204130173,-0.0319232195615768,0.207289889454842,0.00774940894916654,-0.161621868610382,0.400577783584595,0.402810007333755
10.5115995407104,0.4005988240242,0.40272131562233,0.00782950129359961,-0.161692604422569,-0.0318286269903183,0.207290634512901,0.0077833947725594,-0.161660328507423,0.00782950129359961,-0.161692604422569,0.400595813989639,0.402721017599106,0.0077833947725594,-0.161660328507423,-0.0318264178931713,0.207291066646576,-0.0318286269903183,0.207290634512901,0.0077833947725594,-0.161660328507423,0.400505512952805,0.402779221534729,0.00773734180256724,-0.16162796318531,0.0077833947725594,-0.161660328507423,-0.0318264178931713,0.207291066646576,0.00773734180256724,-0.16162796318531,0.400502473115921,0.40277886390686
10.5120000839233,0.40052342414856,0.402690261602402,0.00781739316880703,-0.161698713898659,-0.0317317806184292,0.207291767001152,0.00777128711342812,-0.161666423082352,0.00781739316880703,-0.161698713898659,0.400520294904709,0.402689933776855,0.00777128711342812,-0.161666423082352,-0.0317295677959919,0.207292169332504,-0.0317317806184292,0.207291767001152,0.00777128711342812,-0.161666423082352,0.400429993867874,0.402748137712479,0.00772523414343596,-0.161634027957916,0.00777128711342812,-0.161666423082352,-0.0317295677959919,0.207292169332504,0.00772523414343596,-0.161634027957916,0.400426983833313,0.4027478992939
10.5123996734619,0.400447905063629,0.402659207582474,0.00780528550967574,-0.161704853177071,-0.0316349342465401,0.207292810082436,0.0077592171728611,-0.161672532558441,0.00780528550967574,-0.161704853177071,0.40044492483139,0.402658939361572,0.0077592171728611,-0.161672532558441,-0.0316326729953289,0.207293257117271,-0.0316349342465401,0.207292810082436,0.0077592171728611,-0.161672532558441,0.400354564189911,0.402717232704163,0.00771316327154636,-0.161640107631683,0.0077592171728611,-0.161672532558441,-0.0316326729953289,0.207293257117271,0.00771316327154636,-0.161640107631683,0.40035155415535,0.402716934680939
10.5128002166748,0.400372445583344,0.402628242969513,0.00779321463778615,-0.161710977554321,-0.0315379947423935,0.207293823361397,0.00774706853553653,-0.161678612232208,0.00779321463778615,-0.161710977554321,0.400369495153427,0.402628004550934,0.00774710718542337,-0.161678612232208,-0.0315358340740204,0.207294255495071,-0.0315379947423935,0.207293823361397,0.00774710718542337,-0.161678612232208,0.400279134511948,0.402686268091202,0.00770105421543121,-0.161646172404289,0.00774706853553653,-0.161678612232208,-0.0315358340740204,0.207294255495071,0.00770105421543121,-0.161646172404289,0.400276154279709,0.4026859998703
10.5131998062134,0.400297045707703,0.402597397565842,0.00778110371902585,-0.161717101931572,-0.0314411595463753,0.207294791936874,0.00773499673232436,-0.161684706807137,0.00778110371902585,-0.161717101931572,0.400293916463852,0.402597099542618,0.00773499673232436,-0.161684706807137,-0.031438946723938,0.207295179367065,-0.0314411595463753,0.207294791936874,0.00773499673232436,-0.161684706807137,0.400203675031662,0.402655512094498,0.00768894329667091,-0.161652237176895,0.00773499673232436,-0.161684706807137,-0.031438946723938,0.207295179367065,0.00768894329667091,-0.161652237176895,0.400200635194778,0.402655154466629
10.5136003494263,0.400221526622772,0.40256655216217,0.00776899186894298,-0.1617231965065,-0.031344223767519,0.207295671105385,0.00772292399778962,-0.161690801382065,0.00776899186894298,-0.1617231965065,0.400218397378922,0.402566283941269,0.00772292399778962,-0.161690801382065,-0.0313420630991459,0.207296088337898,-0.031344223767519,0.207295671105385,0.00772292399778962,-0.161690801382065,0.400128155946732,0.402624666690826,0.00767687009647489,-0.161658301949501,0.00772292399778962,-0.161690801382065,-0.0313420630991459,0.207296088337898,0.00767687009647489,-0.161658301949501,0.400125086307526,0.402624398469925
10.5139999389648,0.400145977735519,0.402535825967789,0.00775687908753753,-0.161729291081429,-0.0312472954392433,0.207296520471573,0.0077108102850616,-0.161696866154671,0.00775687908753753,-0.161729291081429,0.400142967700958,0.402535527944565,0.00771081121638417,-0.161696881055832,-0.0312451329082251,0.207296907901764,-0.0312472954392433,0.207296520471573,0.0077108102850616,-0.161696866154671,0.400052666664124,0.402593970298767,0.00766471866518259,-0.161664351820946,0.0077108102850616,-0.161696866154671,-0.0312451329082251,0.207296907901764,0.00766471866518259,-0.161664351820946,0.400049537420273,0.402593672275543
10.5143995285034,0.400070428848267,0.402505099773407,0.00774476490914822,-0.161735400557518,-0.0311503689736128,0.207297265529633,0.00769869657233357,-0.161702945828438,0.00774476490914822,-0.161735400557518,0.400067389011383,0.402504831552505,0.00769869657233357,-0.161702945828438,-0.0311482083052397,0.207297712564468,-0.0311503689736128,0.207297265529633,0.00769869657233357,-0.161702945828438,0.399977147579193,0.402563363313675,0.00765264313668013,-0.16167040169239,0.00769869657233357,-0.161702945828438,-0.0311482083052397,0.207297712564468,0.00765264313668013,-0.161670386791229,0.399974018335342,0.402563005685806
10.5148000717163,0.399994909763336,0.402474522590637,0.00773268891498446,-0.161741495132446,-0.0310534480959177,0.207298010587692,0.00768658146262169,-0.161709010601044,0.00773268891498446,-0.161741495132446,0.399991810321808,0.402474194765091,0.00768658146262169,-0.161709010601044,-0.0310512371361256,0.207298427820206,-0.0310534480959177,0.207298010587692,0.00768658146262169,-0.161709010601044,0.399901479482651,0.402532756328583,0.00764052802696824,-0.161676451563835,0.00768658146262169,-0.161709010601044,-0.0310512371361256,0.207298427820206,0.00764052802696824,-0.161676451563835,0.39989846944809,0.402532488107681
10.5151996612549,0.399919211864471,0.402443915605545,0.00772053468972445,-0.161747589707375,-0.0309564806520939,0.207298681139946,0.00767446588724852,-0.16171507537365,0.00772053468972445,-0.161747589707375,0.399916172027588,0.402443647384644,0.00767446588724852,-0.16171507537365,-0.0309542696923018,0.207299083471298,-0.0309564806520939,0.207298681139946,0.00767446588724852,-0.16171507537365,0.399825900793076,0.402502238750458,0.00762841198593378,-0.161682486534119,0.00767446588724852,-0.16171507537365,-0.0309542696923018,0.207299083471298,0.00762841198593378,-0.161682486534119,0.39982283115387,0.402501970529556
10.5156002044678,0.399843692779541,0.402413427829742,0.00770845590159297,-0.161753669381142,-0.0308595187962055,0.207299292087555,0.00766234891489148,-0.161721140146255,0.00770845590159297,-0.161753669381142,0.39984056353569,0.402413129806519,0.00766234891489148,-0.161721140146255,-0.0308573059737682,0.207299694418907,-0.0308595187962055,0.207299292087555,0.00766234891489148,-0.161721140146255,0.399750262498856,0.402471780776978,0.00761633319780231,-0.161688506603241,0.00766234891489148,-0.161721140146255,-0.0308573059737682,0.207299694418907,0.00761633319780231,-0.161688506603241,0.39974719285965,0.402471542358398
10.5159997940063,0.399767935276031,0.402382999658585,0.0076962998136878,-0.161759749054909,-0.0307625103741884,0.207299828529358,0.0076502300798893,-0.161727175116539,0.0076962998136878,-0.161759749054909,0.39976492524147,0.402382701635361,0.0076502300798893,-0.161727175116539,-0.0307602975517511,0.207300260663033,-0.0307625103741884,0.207299828529358,0.0076502300798893,-0.161727175116539,0.399674564599991,0.402441382408142,0.00760417664423585,-0.161694526672363,0.0076502300798893,-0.161727175116539,-0.0307602975517511,0.207300260663033,0.00760417664423585,-0.161694526672363,0.399671614170074,0.402441143989563
10.5164003372192,0.399692326784134,0.402352601289749,0.0076842182315886,-0.161765813827515,-0.0306655056774616,0.207300320267677,0.00763811077922583,-0.161733224987984,0.0076842182315886,-0.161765813827515,0.399689197540283,0.402352333068848,0.0076381117105484,-0.161733239889145,-0.0306633412837982,0.207300752401352,-0.0306655056774616,0.207300320267677,0.0076381117105484,-0.161733239889145,0.399598956108093,0.402411103248596,0.00759205687791109,-0.161700576543808,0.00763811077922583,-0.161733224987984,-0.0306633412837982,0.207300752401352,0.00759205687791109,-0.161700576543808,0.399595946073532,0.402410835027695
10.5167999267578,0.399616658687592,0.402322292327881,0.007672059815377,-0.161771908402443,-0.0305685047060251,0.207300767302513,0.00762599008157849,-0.161739274859428,0.007672059815377,-0.161771908402443,0.399613559246063,0.402322053909302,0.00762599008157849,-0.161739274859428,-0.0305662900209427,0.207301169633865,-0.0305685047060251,0.207300767302513,0.00762599008157849,-0.161739274859428,0.399523288011551,0.40238082408905,0.00757993664592505,-0.161706581711769,0.00762599008157849,-0.161739274859428,-0.0305662900209427,0.207301169633865,0.00757993664592505,-0.161706581711769,0.399520218372345,0.402380526065826
10.5172004699707,0.399540930986404,0.402292042970657,0.00765993818640709,-0.161777973175049,-0.0304715074598789,0.207301139831543,0.00761386891826987,-0.161745324730873,0.00765993818640709,-0.161777973175049,0.399537801742554,0.402291774749756,0.00761386891826987,-0.161745324730873,-0.0304692462086678,0.207301542162895,-0.0304715074598789,0.207301139831543,0.00761386891826987,-0.161745324730873,0.399447619915009,0.402350634336472,0.0075678532011807,-0.16171258687973,0.00761386891826987,-0.161745324730873,-0.0304692462086678,0.207301542162895,0.0075678532011807,-0.16171258687973,0.39944452047348,0.40235036611557
10.5176000595093,0.399465173482895,0.402261853218079,0.00764781609177589,-0.161784023046494,-0.0303744152188301,0.20730148255825,0.00760174635797739,-0.161751344799995,0.00764781609177589,-0.161784023046494,0.399462133646011,0.4022616147995,0.00760174635797739,-0.161751344799995,-0.0303722023963928,0.207301884889603,-0.0303744152188301,0.20730148255825,0.00760174635797739,-0.161751344799995,0.399371832609177,0.402320504188538,0.00755569292232394,-0.161718606948853,0.00760174635797739,-0.161751344799995,-0.0303722023963928,0.207301884889603,0.00755569292232394,-0.161718606948853,0.399368792772293,0.402320235967636
10.5179996490479,0.399389386177063,0.402231752872467,0.0076356534846127,-0.161790072917938,-0.0302773267030716,0.207301765680313,0.00758958468213677,-0.161757379770279,0.0076356534846127,-0.161790072917938,0.399386435747147,0.402231484651566,0.00758958514779806,-0.16175739467144,-0.0302751138806343,0.207302153110504,-0.0302773267030716,0.207301765680313,0.00758958514779806,-0.16175739467144,0.39929610490799,0.402290463447571,0.0075435689650476,-0.161724612116814,0.00758958468213677,-0.161757379770279,-0.0302751138806343,0.207302153110504,0.0075435689650476,-0.161724612116814,0.399292975664139,0.402290165424347
10.5184001922607,0.399313658475876,0.4022017121315,0.00762352952733636,-0.161796137690544,-0.0301802922040224,0.207301959395409,0.00757745979353786,-0.161763414740562,0.00762352952733636,-0.161796137690544,0.399310559034348,0.402201414108276,0.00757745979353786,-0.161763414740562,-0.0301780793815851,0.207302361726761,-0.0301802922040224,0.207301959395409,0.00757745979353786,-0.161763414740562,0.399220287799835,0.402260452508926,0.00753144407644868,-0.161730617284775,0.00757745979353786,-0.161763414740562,-0.0301780793815851,0.207302361726761,0.00753144407644868,-0.161730617284775,0.399217307567596,0.402260214090347
10.5187997817993,0.399237871170044,0.402171730995178,0.00761140417307615,-0.16180220246315,-0.0300831608474255,0.207302123308182,0.00756533443927765,-0.161769449710846,0.00761140417307615,-0.16180220246315,0.399234801530838,0.402171492576599,0.00756533443927765,-0.161769449710846,-0.0300809498876333,0.207302510738373,-0.0300831608474255,0.207302123308182,0.00756533443927765,-0.161769449710846,0.399144530296326,0.402230501174927,0.00751928007230163,-0.161736607551575,0.00756533443927765,-0.161769449710846,-0.0300809498876333,0.207302510738373,0.00751928007230163,-0.161736607551575,0.399141490459442,0.402230232954025
10.5192003250122,0.399162083864212,0.402141839265823,0.00759923830628395,-0.161808222532272,-0.0299860890954733,0.207302212715149,0.00755316903814673,-0.161775469779968,0.00759923830628395,-0.161808222532272,0.399158984422684,0.402141511440277,0.00755316903814673,-0.161775469779968,-0.0299838241189718,0.207302629947662,-0.0299860890954733,0.207302212715149,0.00755316903814673,-0.161775469779968,0.399068742990494,0.402200639247894,0.00750715332105756,-0.161742597818375,0.00755316903814673,-0.161775469779968,-0.0299838241189718,0.207302629947662,0.00750715332105756,-0.161742597818375,0.399065673351288,0.402200371026993
10.5195999145508,0.399086207151413,0.402111977338791,0.00758711062371731,-0.161814272403717,-0.0298889670521021,0.207302242517471,0.0075410408899188,-0.161781460046768,0.00758711062371731,-0.161814272403717,0.399083107709885,0.402111679315567,0.0075410408899188,-0.161781460046768,-0.0298867523670197,0.207302659749985,-0.0298889670521021,0.207302242517471,0.0075410408899188,-0.161781460046768,0.398992836475372,0.402170836925507,0.0074950261041522,-0.161748602986336,0.0075410408899188,-0.161781460046768,-0.0298867523670197,0.207302659749985,0.0074950261041522,-0.161748602986336,0.398989856243134,0.402170598506927
10.5200004577637,0.399010360240936,0.402082175016403,0.00757498107850552,-0.161820277571678,-0.0297918487340212,0.20730222761631,0.00752891274169087,-0.161787465214729,0.00757498200982809,-0.161820292472839,0.39900729060173,0.402081906795502,0.00752891274169087,-0.161787465214729,-0.0297895893454552,0.207302644848824,-0.0297918487340212,0.20730222761631,0.00752891274169087,-0.161787465214729,0.398917019367218,0.402141094207764,0.00748285837471485,-0.161754563450813,0.00752891274169087,-0.161787465214729,-0.0297895893454552,0.207302644848824,0.00748285837471485,-0.161754563450813,0.398913949728012,0.402140825986862
10.5204000473022,0.398934483528137,0.40205243229866,0.00756281288340688,-0.161826327443123,-0.0296946875751019,0.207302182912827,0.00751674361526966,-0.161793455481529,0.00756281381472945,-0.161826342344284,0.398931354284286,0.402052164077759,0.00751674408093095,-0.16179347038269,-0.0296924263238907,0.207302555441856,-0.0296946875751019,0.207302182912827,0.00751674408093095,-0.16179347038269,0.398841172456741,0.402111381292343,0.00747072836384177,-0.161760538816452,0.00751674361526966,-0.161793455481529,-0.0296924263238907,0.207302555441856,0.00747072836384177,-0.161760538816452,0.398838073015213,0.402111142873764
10.5207996368408,0.398858577013016,0.402022749185562,0.00755064329132438,-0.161832332611084,-0.029597532004118,0.207302048802376,0.00750457448884845,-0.161799475550652,0.00755064329132438,-0.161832332611084,0.398855477571487,0.402022480964661,0.00750457448884845,-0.161799475550652,-0.0295952670276165,0.207302421331406,-0.029597532004118,0.207302048802376,0.00750461313873529,-0.161799475550652,0.398765236139297,0.402081817388535,0.00745859788730741,-0.161766529083252,0.00750457448884845,-0.161799475550652,-0.0295952670276165,0.207302421331406,0.00745859788730741,-0.161766529083252,0.398762106895447,0.402081519365311
10.5212001800537,0.398782640695572,0.401993215084076,0.00753851234912872,-0.161838367581367,-0.029500326141715,0.207301840186119,0.00749248079955578,-0.161805465817451,0.00753851234912872,-0.161838367581367,0.398779571056366,0.40199288725853,0.00749248079955578,-0.161805465817451,-0.0294981133192778,0.207302242517471,-0.029500326141715,0.207301840186119,0.00749248079955578,-0.161805465817451,0.398689270019531,0.402052283287048,0.00744642643257976,-0.161772489547729,0.00749248079955578,-0.161805465817451,-0.0294981133192778,0.207302242517471,0.00744642643257976,-0.161772489547729,0.398686289787292,0.402052015066147
10.5215997695923,0.398706674575806,0.40196368098259,0.00752634042873979,-0.161844372749329,-0.029403131455183,0.20730160176754,0.00748030887916684,-0.161811456084251,0.00752634042873979,-0.161844372749329,0.398703634738922,0.401963382959366,0.00748030934482813,-0.161811470985413,-0.0294009167701006,0.207302019000053,-0.029403131455183,0.20730160176754,0.00748030934482813,-0.161811470985413,0.39861336350441,0.402022778987885,0.00743425451219082,-0.161778435111046,0.00748030887916684,-0.161811456084251,-0.0294009167701006,0.207302019000053,0.00743425451219082,-0.161778435111046,0.398610264062881,0.402022510766983
10.5220003128052,0.398630648851395,0.401934206485748,0.00751420622691512,-0.161850392818451,-0.0293059851974249,0.207301303744316,0.00746813649311662,-0.16181743144989,0.00751420622691512,-0.161850392818451,0.398627668619156,0.401933938264847,0.00746813649311662,-0.16181743144989,-0.0293037220835686,0.207301706075668,-0.0293059851974249,0.207301303744316,0.00746813649311662,-0.16181743144989,0.398537397384644,0.401993334293365,0.00742212077602744,-0.161784395575523,0.00746813649311662,-0.16181743144989,-0.0293037220835686,0.207301706075668,0.00742212077602744,-0.161784395575523,0.398534297943115,0.401993095874786
10.5223999023438,0.398554682731628,0.401904791593552,0.00750203244388103,-0.161856397986412,-0.0292087458074093,0.207300946116447,0.00745596271008253,-0.161823406815529,0.00750203244388103,-0.161856397986412,0.398551642894745,0.40190452337265,0.00745596271008253,-0.161823406815529,-0.0292064845561981,0.207301333546638,-0.0292087495326996,0.207300961017609,0.00745596271008253,-0.161823406815529,0.398461371660233,0.401964008808136,0.00740994699299335,-0.161790356040001,0.00745596271008253,-0.161823406815529,-0.0292064845561981,0.207301333546638,0.00740994699299335,-0.161790356040001,0.398458302021027,0.401963770389557
10.5228004455566,0.398478716611862,0.401875466108322,0.00748985726386309,-0.161862388253212,-0.0291115138679743,0.207300543785095,0.00744378799572587,-0.161829397082329,0.00748985726386309,-0.161862388253212,0.398475587368011,0.401875138282776,0.00744378799572587,-0.161829397082329,-0.029109250754118,0.207300916314125,-0.0291115138679743,0.207300543785095,0.00744378799572587,-0.161829397082329,0.398385286331177,0.401934713125229,0.00739781046286225,-0.161796301603317,0.00744378799572587,-0.161829397082329,-0.029109250754118,0.207300916314125,0.00739781046286225,-0.161796301603317,0.39838233590126,0.401934444904327
10.5232000350952,0.398402690887451,0.401846200227737,0.00747768115252256,-0.161868378520012,-0.0290142819285393,0.207300052046776,0.00743165053427219,-0.161835357546806,0.00747768115252256,-0.161868378520012,0.398399651050568,0.401845932006836,0.00743165053427219,-0.161835357546806,-0.0290120225399733,0.207300454378128,-0.0290142837911844,0.207300066947937,0.00743165053427219,-0.161835357546806,0.398309350013733,0.401905506849289,0.00738563528284431,-0.161802247166634,0.00743165053427219,-0.161835357546806,-0.0290120206773281,0.207300439476967,0.00738563528284431,-0.161802247166634,0.398306280374527,0.401905238628387
10.5235996246338,0.39832666516304,0.401816993951797,0.00746550410985947,-0.161874383687973,-0.0289169624447823,0.207299530506134,0.0074194734916091,-0.161841318011284,0.00746550410985947,-0.161874383687973,0.398323535919189,0.401816725730896,0.0074194734916091,-0.161841318011284,-0.0289147440344095,0.207299917936325,-0.0289169624447823,0.207299530506134,0.0074194734916091,-0.161841318011284,0.398233234882355,0.401876360177994,0.00737345777451992,-0.16180819272995,0.0074194734916091,-0.161841318011284,-0.0289147440344095,0.207299917936325,0.00737345777451992,-0.16180819272995,0.398230284452438,0.401876121759415
10.5240001678467,0.39825052022934,0.401787847280502,0.00745332660153508,-0.161880359053612,-0.0288196932524443,0.207298949360847,0.00740729505196214,-0.161847278475761,0.00745332660153508,-0.161880359053612,0.398247420787811,0.401787549257278,0.00740729505196214,-0.161847278475761,-0.0288174767047167,0.207299336791039,-0.0288196932524443,0.207298949360847,0.00740729505196214,-0.161847278475761,0.398157268762589,0.401847273111343,0.00736128026619554,-0.161814123392105,0.00740729505196214,-0.161847278475761,-0.0288174767047167,0.207299336791039,0.00736128026619554,-0.161814123392105,0.398154139518738,0.401846945285797
10.5243997573853,0.398174434900284,0.401758790016174,0.00744118588045239,-0.161886349320412,-0.0287224259227514,0.207298293709755,0.00739511661231518,-0.161853238940239,0.00744118588045239,-0.161886349320412,0.398171305656433,0.40175849199295,0.00739511661231518,-0.161853238940239,-0.0287201628088951,0.207298681139946,-0.0287224259227514,0.207298293709755,0.00739511661231518,-0.161853238940239,0.398081064224243,0.401818186044693,0.007349100895226,-0.161820039153099,0.00739511661231518,-0.161853238940239,-0.0287201628088951,0.207298681139946,0.007349100895226,-0.161820039153099,0.398078083992004,0.401817947626114
10.5248003005981,0.398098349571228,0.401729762554169,0.00742896692827344,-0.16189232468605,-0.0286251176148653,0.20729760825634,0.00738297402858734,-0.161859169602394,0.00742896692827344,-0.16189232468605,0.398095279932022,0.401729494333267,0.00738297495990992,-0.161859184503555,-0.028622854501009,0.20729798078537,-0.0286251176148653,0.20729760825634,0.00738297495990992,-0.161859184503555,0.398004949092865,0.401789247989655,0.00733692059293389,-0.161825954914093,0.00738293631002307,-0.161859184503555,-0.028622854501009,0.20729798078537,0.00733692059293389,-0.161825954914093,0.398001968860626,0.401789009571075
10.5251998901367,0.398022204637527,0.40170082449913,0.00741678616032004,-0.161898300051689,-0.0285278111696243,0.207296848297119,0.00737075554206967,-0.161865130066872,0.00741678616032004,-0.161898300051689,0.398019134998322,0.401700586080551,0.00737075554206967,-0.161865130066872,-0.028525548055768,0.207297220826149,-0.0285278111696243,0.207296848297119,0.00737075554206967,-0.161865130066872,0.397928833961487,0.401760369539261,0.0073247398249805,-0.161831885576248,0.00737075554206967,-0.161865130066872,-0.028525548055768,0.207297220826149,0.0073247398249805,-0.161831885576248,0.397925794124603,0.401760131120682
10.5256004333496,0.397946000099182,0.401671916246414,0.00740460446104407,-0.161904275417328,-0.0284305084496737,0.207296028733253,0.00735857291147113,-0.161871060729027,0.00740460446104407,-0.161904275417328,0.397942900657654,0.401671677827835,0.00735857291147113,-0.161871060729027,-0.0284282453358173,0.207296401262283,-0.0284305103123188,0.207296043634415,0.00735857291147113,-0.161871060729027,0.397852689027786,0.40173152089119,0.00731255812570453,-0.161837801337242,0.00735857291147113,-0.161871060729027,-0.0284282453358173,0.207296401262283,0.00731255812570453,-0.161837801337242,0.397849589586258,0.40173128247261
10.5260000228882,0.397869825363159,0.401643067598343,0.00739242043346167,-0.161910220980644,-0.0283331163227558,0.207295149564743,0.0073463898152113,-0.161877006292343,0.00739242043346167,-0.161910220980644,0.397866725921631,0.401642829179764,0.0073463898152113,-0.161877006292343,-0.0283309035003185,0.207295522093773,-0.0283331163227558,0.207295149564743,0.0073463898152113,-0.161877006292343,0.397776573896408,0.401702761650085,0.00730037502944469,-0.161843717098236,0.0073463898152113,-0.161877006292343,-0.0283309035003185,0.207295522093773,0.00730037502944469,-0.161843717098236,0.39777347445488,0.401702553033829
10.5263996124268,0.397793710231781,0.401614338159561,0.00738023640587926,-0.161916181445122,-0.0282357782125473,0.207294210791588,0.00733420485630631,-0.161882936954498,0.00738023640587926,-0.161916181445122,0.397790610790253,0.401614099740982,0.00733420485630631,-0.161882936954498,-0.0282335616648197,0.207294598221779,-0.0282357782125473,0.207294210791588,0.00733420485630631,-0.161882936954498,0.397700309753418,0.401674062013626,0.00728819007053971,-0.161849617958069,0.00733420485630631,-0.161882936954498,-0.0282335616648197,0.207294598221779,0.00728819007053971,-0.161849617958069,0.397697269916534,0.401673823595047
10.5268001556396,0.397717446088791,0.401585668325424,0.00736805098131299,-0.161922141909599,-0.0281384438276291,0.20729324221611,0.00732198124751449,-0.161888852715492,0.00736805098131299,-0.161922141909599,0.397714287042618,0.401585459709167,0.00732198217883706,-0.161888867616653,-0.0281361788511276,0.20729361474514,-0.0281384438276291,0.20729324221611,0.00732198217883706,-0.161888867616653,0.397624045610428,0.401645451784134,0.00727600511163473,-0.161855518817902,0.00732198124751449,-0.161888852715492,-0.0281361788511276,0.20729361474514,0.00727600511163473,-0.161855518817902,0.397620975971222,0.401645183563232
10.5271997451782,0.397641181945801,0.401557058095932,0.00735586415976286,-0.161928072571754,-0.0280410163104534,0.207292184233665,0.00730979489162564,-0.161894783377647,0.00735586415976286,-0.161928072571754,0.397638112306595,0.401556819677353,0.00730979535728693,-0.161894798278809,-0.0280387997627258,0.207292571663857,-0.0280410163104534,0.207292184233665,0.00730979535728693,-0.161894798278809,0.39754781126976,0.401616871356964,0.00726381875574589,-0.161861404776573,0.00730979489162564,-0.161894783377647,-0.0280387979000807,0.207292556762695,0.00726381875574589,-0.161861404776573,0.397544801235199,0.401616603136063
10.5276002883911,0.397564917802811,0.401528507471085,0.00734367640689015,-0.161934018135071,-0.0279436409473419,0.207291081547737,0.00729760760441422,-0.161900699138641,0.00734367687255144,-0.161934033036232,0.397561818361282,0.401528269052505,0.00729760760441422,-0.161900699138641,-0.0279414243996143,0.207291439175606,-0.0279436409473419,0.207291081547737,0.00729760760441422,-0.161900699138641,0.397471576929092,0.401588320732117,0.00725163193419576,-0.161867305636406,0.00729760760441422,-0.161900699138641,-0.0279414243996143,0.207291439175606,0.00725163193419576,-0.161867305636406,0.397468507289886,0.40158811211586
10.5279998779297,0.397488594055176,0.40149998664856,0.00733144953846931,-0.161939933896065,-0.0278462208807468,0.207289919257164,0.00728541892021894,-0.161906599998474,0.00733144953846931,-0.161939933896065,0.39748552441597,0.40149974822998,0.00728541892021894,-0.161906599998474,-0.0278439577668905,0.207290291786194,-0.0278462208807468,0.207289919257164,0.00728541892021894,-0.161906599998474,0.397395312786102,0.401559919118881,0.0072394423186779,-0.161873191595078,0.00728541892021894,-0.161906599998474,-0.0278439577668905,0.207290291786194,0.0072394423186779,-0.161873191595078,0.397392243146896,0.401559710502625
10.5284004211426,0.397412300109863,0.401471555233002,0.00731925992295146,-0.161945894360542,-0.0277488566935062,0.207288712263107,0.00727322930470109,-0.161912515759468,0.00731925992295146,-0.161945894360542,0.397409200668335,0.401471346616745,0.00727322930470109,-0.161912515759468,-0.0277465935796499,0.207289069890976,-0.0277488566935062,0.207288712263107,0.00727322930470109,-0.161912515759468,0.397318959236145,0.401531517505646,0.00722721498459578,-0.161879062652588,0.00727322930470109,-0.161912515759468,-0.0277465935796499,0.207289069890976,0.00722721498459578,-0.161879062652588,0.397315979003906,0.401531279087067
10.5288000106812,0.397336035966873,0.401443213224411,0.00730703119188547,-0.161951825022697,-0.0276513993740082,0.207287415862083,0.00726103922352195,-0.161918416619301,0.00730703119188547,-0.161951825022697,0.3973328769207,0.401442974805832,0.00726103922352195,-0.161918416619301,-0.0276491325348616,0.207287788391113,-0.0276513993740082,0.207287415862083,0.00726103922352195,-0.161918416619301,0.39724263548851,0.4015032351017,0.00721502443775535,-0.161884948611259,0.00726103922352195,-0.161918416619301,-0.0276491325348616,0.207287788391113,0.00721502443775535,-0.161884948611259,0.397239565849304,0.401502996683121
10.5291996002197,0.397259622812271,0.401414930820465,0.00729483924806118,-0.161957740783691,-0.0275539476424456,0.207286089658737,0.00724880862981081,-0.161924302577972,0.00729483924806118,-0.161957740783691,0.397256523370743,0.401414692401886,0.0072488090954721,-0.161924317479134,-0.027551680803299,0.207286447286606,-0.0275539476424456,0.207286089658737,0.0072488090954721,-0.161924317479134,0.397166341543198,0.401474982500076,0.00720279477536678,-0.161890804767609,0.00724880862981081,-0.161924302577972,-0.027551680803299,0.207286447286606,0.00720279477536678,-0.161890804767609,0.397163271903992,0.401474744081497
10.5296001434326,0.397183299064636,0.401386678218842,0.00728264637291431,-0.161963671445847,-0.0274564977735281,0.207284703850746,0.00723657757043839,-0.161930203437805,0.00728264637291431,-0.161963671445847,0.397180169820786,0.401386499404907,0.00723661622032523,-0.161930203437805,-0.0274542346596718,0.207285061478615,-0.0274564977735281,0.207284703850746,0.00723661622032523,-0.161930203437805,0.397089958190918,0.40144681930542,0.00719060190021992,-0.161896675825119,0.00723657757043839,-0.161930203437805,-0.0274542346596718,0.207285061478615,0.00719060190021992,-0.161896675825119,0.397086828947067,0.401446610689163
10.5299997329712,0.397106856107712,0.40135857462883,0.00727041345089674,-0.161969557404518,-0.0273590087890625,0.207283243536949,0.00722438376396894,-0.161936104297638,0.00727037480100989,-0.161969572305679,0.397103786468506,0.401358336210251,0.00722438376396894,-0.161936104297638,-0.0273567419499159,0.207283601164818,-0.0273590087890625,0.207283243536949,0.00722438376396894,-0.161936104297638,0.397013545036316,0.401418685913086,0.00717840855941176,-0.161902531981468,0.00722438376396894,-0.161936104297638,-0.0273567419499159,0.207283601164818,0.00717840855941176,-0.161902531981468,0.39701047539711,0.401418477296829
10.5304002761841,0.397030532360077,0.401330411434174,0.00725818052887917,-0.161975473165512,-0.0272615216672421,0.20728175342083,0.00721218902617693,-0.161941975355148,0.00725818052887917,-0.161975473165512,0.397027343511581,0.401330232620239,0.00721218902617693,-0.161941975355148,-0.0272592566907406,0.207282096147537,-0.0272615216672421,0.20728175342083,0.00721218902617693,-0.161941975355148,0.396937161684036,0.401390641927719,0.00716621428728104,-0.161908403038979,0.00721218902617693,-0.161941975355148,-0.0272592566907406,0.207282096147537,0.00716621428728104,-0.161908403038979,0.396934121847153,0.401390463113785
10.5307998657227,0.396954029798508,0.401302427053452,0.00724598485976458,-0.161981388926506,-0.027163989841938,0.207280158996582,0.00719995470717549,-0.161947846412659,0.00724598485976458,-0.161981388926506,0.396950930356979,0.401302188634872,0.00719995517283678,-0.16194786131382,-0.0271617285907269,0.207280546426773,-0.027163989841938,0.207280158996582,0.00719995517283678,-0.16194786131382,0.396860688924789,0.401362687349319,0.0071539799682796,-0.161914259195328,0.00719995470717549,-0.161947846412659,-0.0271617285907269,0.207280546426773,0.0071539799682796,-0.161914259195328,0.396857619285583,0.40136244893074
10.5312004089355,0.396877527236938,0.401274412870407,0.00723378779366612,-0.161987289786339,-0.0270664636045694,0.207278549671173,0.00718771945685148,-0.16195373237133,0.00723378779366612,-0.161987289786339,0.3968745470047,0.40127420425415,0.00718771945685148,-0.16195373237133,-0.0270642507821321,0.207278922200203,-0.0270664673298597,0.207278564572334,0.00718771945685148,-0.16195373237133,0.396784245967865,0.401334762573242,0.00714174378663301,-0.161920085549355,0.00718771945685148,-0.16195373237133,-0.0270642507821321,0.207278922200203,0.00714174378663301,-0.161920085549355,0.396781176328659,0.401334524154663
10.5315999984741,0.396801054477692,0.401246517896652,0.00722151249647141,-0.16199317574501,-0.0269689466804266,0.207276880741119,0.00717552145943046,-0.161959588527679,0.00722151249647141,-0.16199317574501,0.396798014640808,0.401246309280396,0.00717552145943046,-0.161959588527679,-0.026966730132699,0.207277223467827,-0.0269689466804266,0.207276880741119,0.00717552145943046,-0.161959588527679,0.396707832813263,0.401306927204132,0.00712954625487328,-0.161925941705704,0.00717552145943046,-0.161959588527679,-0.026966730132699,0.207277223467827,0.00712954625487328,-0.161925926804543,0.39670467376709,0.401306688785553
10.5319995880127,0.396724671125412,0.401218712329865,0.0072093135677278,-0.161999076604843,-0.0268714316189289,0.20727513730526,0.0071632843464613,-0.16196545958519,0.0072093135677278,-0.161999076604843,0.396721512079239,0.401218503713608,0.0071632843464613,-0.16196545958519,-0.0268692169338465,0.207275480031967,-0.0268714316189289,0.20727513730526,0.0071632843464613,-0.16196545958519,0.396631240844727,0.401279121637344,0.00711730914190412,-0.161931768059731,0.0071632843464613,-0.16196545958519,-0.0268692169338465,0.207275480031967,0.00711730914190412,-0.161931768059731,0.396628201007843,0.401278883218765
10.5324001312256,0.396648108959198,0.401190936565399,0.00719707552343607,-0.162004947662354,-0.0267738737165928,0.207273334264755,0.00715104537084699,-0.161971315741539,0.00719707552343607,-0.162004947662354,0.39664500951767,0.401190757751465,0.00715104537084699,-0.161971315741539,-0.0267716590315104,0.207273691892624,-0.0267738737165928,0.207273334264755,0.00715104537084699,-0.161971315741539,0.396554738283157,0.401251435279846,0.00710507063195109,-0.161937594413757,0.00715104537084699,-0.161971315741539,-0.0267716590315104,0.207273691892624,0.00710507063195109,-0.161937594413757,0.396551758050919,0.401251196861267
10.5327997207642,0.396571546792984,0.401163250207901,0.0071848351508379,-0.162010833621025,-0.0266763232648373,0.207271471619606,0.00713884457945824,-0.161977156996727,0.00718483561649919,-0.162010848522186,0.3965685069561,0.401163041591644,0.00713884504511952,-0.161977171897888,-0.0266740582883358,0.207271829247475,-0.0266763232648373,0.207271471619606,0.00713884504511952,-0.161977171897888,0.396478354930878,0.401223748922348,0.00709287030622363,-0.161943435668945,0.00713884504511952,-0.161977171897888,-0.0266740582883358,0.207271829247475,0.00709287030622363,-0.161943435668945,0.396475166082382,0.401223570108414
10.5332002639771,0.396495044231415,0.401135593652725,0.00717259431257844,-0.162016704678535,-0.0265787746757269,0.207269564270973,0.00712656509131193,-0.161983013153076,0.00717259431257844,-0.162016704678535,0.396491944789886,0.401135385036469,0.00712656602263451,-0.161983028054237,-0.0265765078365803,0.207269921898842,-0.0265787746757269,0.207269564270973,0.00712656602263451,-0.161983028054237,0.396401762962341,0.401196181774139,0.00708059081807733,-0.161949262022972,0.00712656602263451,-0.161983028054237,-0.0265765078365803,0.207269921898842,0.00708059081807733,-0.161949262022972,0.396398663520813,0.40119594335556
10.5335998535156,0.396418422460556,0.401107996702194,0.00716035254299641,-0.162022560834885,-0.0264811832457781,0.207267597317696,0.00711436243727803,-0.161988854408264,0.00716035254299641,-0.162022560834885,0.39641535282135,0.40110781788826,0.00711436243727803,-0.161988854408264,-0.0264789182692766,0.207267954945564,-0.0264811851084232,0.207267612218857,0.00711436243727803,-0.161988854408264,0.396325141191483,0.401168674230576,0.00706838816404343,-0.161955088376999,0.00711436243727803,-0.161988854408264,-0.0264789182692766,0.207267954945564,0.00706838816404343,-0.161955088376999,0.396322071552277,0.401168465614319
10.5340003967285,0.396341919898987,0.401080518960953,0.00714810937643051,-0.162028446793556,-0.0263835489749908,0.207265585660934,0.00710212020203471,-0.161994710564613,0.00714810937643051,-0.162028446793556,0.396338731050491,0.401080340147018,0.00710212020203471,-0.161994710564613,-0.0263812839984894,0.207265913486481,-0.0263835489749908,0.207265585660934,0.00710212020203471,-0.161994710564613,0.396248608827591,0.401141196489334,0.00705614592880011,-0.161960884928703,0.00710212020203471,-0.161994710564613,-0.0263812839984894,0.207265913486481,0.00705614592880011,-0.161960884928703,0.396245509386063,0.401140958070755
10.5343999862671,0.396265268325806,0.401053100824356,0.00713586574420333,-0.162034302949905,-0.0262859705835581,0.207263499498367,0.00708987563848495,-0.16200053691864,0.00713586574420333,-0.162034302949905,0.396262139081955,0.401052892208099,0.00708987563848495,-0.16200053691864,-0.0262837056070566,0.207263827323914,-0.0262859705835581,0.207263499498367,0.00708987563848495,-0.16200053691864,0.39617195725441,0.40111380815506,0.00704390229657292,-0.161966696381569,0.00708987563848495,-0.16200053691864,-0.0262837056070566,0.207263827323914,0.00704390183091164,-0.161966681480408,0.396168857812881,0.401113599538803
10.5347995758057,0.396188616752625,0.401025742292404,0.00712365936487913,-0.162040144205093,-0.0261882990598679,0.207261353731155,0.00707763154059649,-0.162006363272667,0.00712365983054042,-0.162040159106255,0.396185547113419,0.401025533676147,0.00707763154059649,-0.162006363272667,-0.0261860322207212,0.207261696457863,-0.0261882990598679,0.207261353731155,0.00707763154059649,-0.162006363272667,0.396095365285873,0.40108647942543,0.00703169638291001,-0.161972492933273,0.00707763154059649,-0.162006363272667,-0.0261860322207212,0.207261696457863,0.00703169638291001,-0.161972492933273,0.396092176437378,0.401086270809174
10.5352001190186,0.396111935377121,0.400998383760452,0.00711137522011995,-0.162046015262604,-0.0260907299816608,0.207259148359299,0.00706538604572415,-0.162012204527855,0.00711137522011995,-0.162046015262604,0.396108895540237,0.400998175144196,0.00706538604572415,-0.162012204527855,-0.0260884650051594,0.207259491086006,-0.0260907299816608,0.207259148359299,0.00706538604572415,-0.162012204527855,0.396018654108047,0.401059210300446,0.00701941177248955,-0.161978289484978,0.00706538604572415,-0.162012204527855,-0.0260884650051594,0.207259491086006,0.00701941177248955,-0.161978289484978,0.396015584468842,0.401059001684189
10.5355997085571,0.396035313606262,0.40097114443779,0.00709912832826376,-0.162051856517792,-0.0259930212050676,0.207256883382797,0.00705313868820667,-0.162018001079559,0.00709912832826376,-0.162051856517792,0.396032243967056,0.400970965623856,0.00705313868820667,-0.162018001079559,-0.02599080465734,0.207257226109505,-0.0259930212050676,0.207256883382797,0.00705313868820667,-0.162018001079559,0.395941972732544,0.40103206038475,0.00700720399618149,-0.161984086036682,0.00705310003831983,-0.162018001079559,-0.02599080465734,0.207257226109505,0.00700720399618149,-0.161984086036682,0.395938903093338,0.401031851768494
10.53600025177,0.395958632230759,0.400943964719772,0.0070868800394237,-0.16205769777298,-0.0258954148739576,0.20725454390049,0.0070408908650279,-0.162023827433586,0.0070868800394237,-0.16205769777298,0.39595553278923,0.400943756103516,0.0070408908650279,-0.162023827433586,-0.025893148034811,0.207254901528358,-0.0258954148739576,0.20725454390049,0.0070408908650279,-0.162023827433586,0.395865321159363,0.401004940271378,0.00699491845443845,-0.161989882588387,0.0070408908650279,-0.162023827433586,-0.025893148034811,0.207254901528358,0.00699491845443845,-0.161989882588387,0.395862251520157,0.401004672050476
10.5363998413086,0.395881831645966,0.4009168446064,0.0070745931006968,-0.162063539028168,-0.0257976669818163,0.207252189517021,0.00702860346063972,-0.162029638886452,0.0070745931006968,-0.162063539028168,0.395878791809082,0.40091660618782,0.00702860346063972,-0.162029638886452,-0.0257954504340887,0.207252532243729,-0.0257976669818163,0.207252189517021,0.00702864211052656,-0.162029623985291,0.395788580179214,0.400977849960327,0.00698266923427582,-0.16199566423893,0.00702860346063972,-0.162029638886452,-0.0257954504340887,0.207252532243729,0.00698266923427582,-0.16199566423893,0.395785540342331,0.40097764134407
10.5368003845215,0.395805239677429,0.400889813899994,0.00706238113343716,-0.162069365382195,-0.0257000252604485,0.207249745726585,0.00701639289036393,-0.162035450339317,0.00706238113343716,-0.162069365382195,0.395802050828934,0.400889605283737,0.00701639289036393,-0.162035450339317,-0.0256977584213018,0.207250103354454,-0.0257000252604485,0.207249745726585,0.00701639289036393,-0.162035450339317,0.395711898803711,0.400950819253922,0.0069704195484519,-0.162001445889473,0.00701639289036393,-0.162035450339317,-0.0256977565586567,0.207250088453293,0.0069704195484519,-0.162001445889473,0.395708829164505,0.400950610637665
10.5371999740601,0.395728439092636,0.400862842798233,0.00705009186640382,-0.162075206637383,-0.025602288544178,0.207247257232666,0.00700410269200802,-0.162041246891022,0.00705009186640382,-0.162075206637383,0.395725250244141,0.400862634181976,0.00700410269200802,-0.162041246891022,-0.0256000235676765,0.207247585058212,-0.025602288544178,0.207247257232666,0.00700410269200802,-0.162041246891022,0.395635098218918,0.400923937559128,0.00695816893130541,-0.162007212638855,0.00700410269200802,-0.162041246891022,-0.0256000235676765,0.207247585058212,0.00695816893130541,-0.162007212638855,0.395632058382034,0.400923728942871
10.5375995635986,0.395651668310165,0.400835961103439,0.00703783938661218,-0.162081018090248,-0.025504607707262,0.207244694232941,0.00699185067787766,-0.162047028541565,0.00703783938661218,-0.162081018090248,0.395648509263992,0.400835752487183,0.00699185067787766,-0.162047028541565,-0.0255023911595345,0.207245051860809,-0.025504607707262,0.207244694232941,0.00699185067787766,-0.162047028541565,0.395558416843414,0.400897055864334,0.00694591738283634,-0.162012994289398,0.00699185067787766,-0.162047028541565,-0.0255023911595345,0.207245051860809,0.00694591738283634,-0.162012994289398,0.395555227994919,0.400896847248077
10.5380001068115,0.395574897527695,0.400809049606323,0.00702558690682054,-0.162086829543114,-0.0254068840295076,0.207242101430893,0.00697959773242474,-0.162052825093269,0.00702558690682054,-0.162086829543114,0.395571798086166,0.400808930397034,0.00697959773242474,-0.162052825093269,-0.0254046674817801,0.207242429256439,-0.0254068840295076,0.207242101430893,0.00697959773242474,-0.162052825093269,0.395481616258621,0.400870263576508,0.00693362578749657,-0.162018746137619,0.00697959773242474,-0.162052825093269,-0.0254046674817801,0.207242429256439,0.00693362578749657,-0.162018746137619,0.395478546619415,0.400870054960251
10.5383996963501,0.395498007535934,0.400782287120819,0.0070132939144969,-0.162092655897141,-0.0253091156482697,0.207239434123039,0.00696730613708496,-0.162058621644974,0.0070132939144969,-0.162092655897141,0.395494997501373,0.400782108306885,0.00696730613708496,-0.162058621644974,-0.0253069009631872,0.207239761948586,-0.0253091156482697,0.207239434123039,0.00696730613708496,-0.162058621644974,0.395404785871506,0.400843530893326,0.0069214110262692,-0.162024512887001,0.00696730613708496,-0.162058621644974,-0.0253069009631872,0.207239761948586,0.0069214110262692,-0.162024512887001,0.3954017162323,0.400843322277069
10.538800239563,0.395421266555786,0.400755554437637,0.00700100045651197,-0.162098452448845,-0.0252114050090313,0.207236707210541,0.0069550508633256,-0.162064403295517,0.00700100045651197,-0.162098452448845,0.395418107509613,0.400755375623703,0.0069550508633256,-0.162064403295517,-0.0252091400325298,0.207237049937248,-0.0252114050090313,0.207236707210541,0.0069550508633256,-0.162064403295517,0.39532795548439,0.400816857814789,0.00690911803394556,-0.162030279636383,0.0069550508633256,-0.162064403295517,-0.0252091400325298,0.207237049937248,0.00690911803394556,-0.162030279636383,0.395324856042862,0.400816649198532
10.5391998291016,0.395344316959381,0.400728940963745,0.00698878243565559,-0.162104234099388,-0.0251136012375355,0.207233920693398,0.00694279512390494,-0.16207018494606,0.00698878243565559,-0.162104234099388,0.39534130692482,0.400728762149811,0.00694279512390494,-0.16207018494606,-0.025111386552453,0.207234263420105,-0.0251136012375355,0.207233920693398,0.00694279512390494,-0.16207018494606,0.395251125097275,0.400790214538574,0.00689682317897677,-0.162036016583443,0.00694279512390494,-0.16207018494606,-0.0251113846898079,0.207234248518944,0.00689682317897677,-0.162036016583443,0.395248055458069,0.40079003572464
10.5396003723145,0.395267516374588,0.400702327489853,0.00697648618370295,-0.162110045552254,-0.0250159036368132,0.207231089472771,0.00693049933761358,-0.162075966596603,0.00697648711502552,-0.162110060453415,0.395264387130737,0.400702148675919,0.00693049933761358,-0.162075966596603,-0.0250136367976665,0.207231402397156,-0.0250159036368132,0.207231089472771,0.00693049933761358,-0.162075966596603,0.395174264907837,0.400763750076294,0.00688456604257226,-0.162041753530502,0.00693049933761358,-0.162075966596603,-0.0250136367976665,0.207231402397156,0.00688456604257226,-0.162041753530502,0.395171135663986,0.400763541460037
10.539999961853,0.395190685987473,0.40067583322525,0.00696418946608901,-0.162115842103958,-0.0249181110411882,0.207228168845177,0.00691820261999965,-0.162081718444824,0.0069641899317503,-0.162115857005119,0.395187497138977,0.400675654411316,0.00691820261999965,-0.162081718444824,-0.0249158442020416,0.207228511571884,-0.0249181110411882,0.207228168845177,0.00691820261999965,-0.162081718444824,0.395097345113754,0.400737285614014,0.00687230844050646,-0.162047505378723,0.00691820261999965,-0.162081718444824,-0.0249158442020416,0.207228511571884,0.00687230844050646,-0.162047505378723,0.395094275474548,0.400737076997757
10.5403995513916,0.395113736391068,0.400649398565292,0.0069518918171525,-0.162121638655663,-0.0248203258961439,0.207225203514099,0.00690590450540185,-0.162087485194206,0.0069518918171525,-0.162121638655663,0.395110666751862,0.400649189949036,0.00690598227083683,-0.162087485194206,-0.0248180590569973,0.207225546240807,-0.0248203258961439,0.207225203514099,0.00690598227083683,-0.162087485194206,0.395020455121994,0.400710880756378,0.00686001172289252,-0.162053242325783,0.00690590450540185,-0.162087485194206,-0.0248180590569973,0.207225546240807,0.00686001172289252,-0.162053242325783,0.395017385482788,0.400710672140121
10.5408000946045,0.395036816596985,0.400622963905334,0.00693963188678026,-0.162127420306206,-0.0247224979102612,0.207222208380699,0.00689368322491646,-0.162093237042427,0.00693963188678026,-0.162127420306206,0.395033717155457,0.400622844696045,0.00689368369057775,-0.162093251943588,-0.0247202310711145,0.207222536206245,-0.0247224979102612,0.207222208380699,0.00689368369057775,-0.162093251943588,0.394943565130234,0.400684535503387,0.00684771314263344,-0.162058979272842,0.00689368322491646,-0.162093237042427,-0.0247202310711145,0.207222536206245,0.00684771314263344,-0.162058979272842,0.394940406084061,0.400684326887131
10.5411996841431,0.39495986700058,0.400596708059311,0.00692733190953732,-0.16213321685791,-0.0246246755123138,0.207219123840332,0.0068813837133348,-0.162098988890648,0.00692733190953732,-0.16213321685791,0.394956797361374,0.400596469640732,0.0068813837133348,-0.162098988890648,-0.0246224105358124,0.207219466567039,-0.0246246755123138,0.207219123840332,0.0068813837133348,-0.162098988890648,0.394866645336151,0.400658249855042,0.00683545181527734,-0.162064701318741,0.0068813837133348,-0.162098988890648,-0.0246224086731672,0.207219451665878,0.00683545181527734,-0.162064701318741,0.3948635160923,0.40065810084343
10.541600227356,0.394882887601852,0.400570392608643,0.00691506965085864,-0.162138968706131,-0.0245268121361732,0.207215994596481,0.00686908327043056,-0.162104725837708,0.00691506965085864,-0.162138968706131,0.394879788160324,0.400570273399353,0.00686908327043056,-0.162104725837708,-0.0245245937258005,0.207216307520866,-0.0245268121361732,0.207215994596481,0.00686908327043056,-0.162104725837708,0.394789665937424,0.400632083415985,0.00682315183803439,-0.1620704382658,0.00686908327043056,-0.162104725837708,-0.0245245937258005,0.207216307520866,0.00682315183803439,-0.1620704382658,0.394786596298218,0.400631844997406
10.5419998168945,0.394805908203125,0.400544255971909,0.00690284883603454,-0.162144750356674,-0.0244290512055159,0.207212805747986,0.00685678515583277,-0.162110477685928,0.00690284883603454,-0.162144750356674,0.394802868366241,0.400544077157974,0.00685678515583277,-0.162110477685928,-0.0244267359375954,0.207213118672371,-0.0244290512055159,0.207212805747986,0.00685678515583277,-0.162110477685928,0.394712686538696,0.400605916976929,0.00681089237332344,-0.162076130509377,0.00685678515583277,-0.162110477685928,-0.0244267359375954,0.207213118672371,0.00681089237332344,-0.162076130509377,0.394709497690201,0.400605738162994
10.5424003601074,0.39472895860672,0.400518119335175,0.00689054513350129,-0.162150502204895,-0.0243311505764723,0.207209557294846,0.0068444823846221,-0.162116229534149,0.00689054513350129,-0.162150502204895,0.394725769758224,0.40051794052124,0.0068444823846221,-0.162116229534149,-0.0243288837373257,0.207209855318069,-0.0243311505764723,0.207209557294846,0.0068444823846221,-0.162116229534149,0.394635647535324,0.400579869747162,0.00679859006777406,-0.162081852555275,0.0068444823846221,-0.162116229534149,-0.0243288837373257,0.207209855318069,0.00679859006777406,-0.162081852555275,0.394632577896118,0.400579661130905
10.542799949646,0.394651919603348,0.400492072105408,0.00687824143096805,-0.162156254053116,-0.0242332555353642,0.207206249237061,0.00683217821642756,-0.162121951580048,0.00687824143096805,-0.162156254053116,0.394648730754852,0.400491893291473,0.00683217821642756,-0.162121951580048,-0.0242309886962175,0.207206547260284,-0.0242332555353642,0.207206249237061,0.00683217821642756,-0.162121951580048,0.394558638334274,0.40055388212204,0.0067862868309021,-0.162087559700012,0.00683217821642756,-0.162121951580048,-0.0242309886962175,0.207206547260284,0.0067862868309021,-0.162087559700012,0.394555598497391,0.400553673505783
10.5431995391846,0.394574880599976,0.400466114282608,0.00686593679711223,-0.162162020802498,-0.0241354182362556,0.207202881574631,0.00681987358257174,-0.162127688527107,0.00686593679711223,-0.162162020802498,0.394571721553802,0.400465935468674,0.00681987358257174,-0.162127688527107,-0.024133151397109,0.207203164696693,-0.0241354182362556,0.207202881574631,0.00681987358257174,-0.162127688527107,0.394481658935547,0.400527894496918,0.00677398266270757,-0.162093266844749,0.00681987358257174,-0.162127688527107,-0.024133151397109,0.207203164696693,0.00677398266270757,-0.162093266844749,0.394478529691696,0.400527745485306
10.5436000823975,0.394497811794281,0.400440156459808,0.00685363030061126,-0.162167772650719,-0.0240374878048897,0.207199439406395,0.00680756801739335,-0.162133410573006,0.00685363030061126,-0.162167772650719,0.394494742155075,0.400439977645874,0.00680756801739335,-0.162133410573006,-0.0240352693945169,0.20719975233078,-0.0240374878048897,0.207199439406395,0.00680756801739335,-0.162133410573006,0.394404530525208,0.400502055883408,0.00676167663186789,-0.162098944187164,0.00680756801739335,-0.162133410573006,-0.0240352693945169,0.20719975233078,0.00676167663186789,-0.162098944187164,0.394401550292969,0.400501906871796
10.543999671936,0.394420713186264,0.400414377450943,0.006841323338449,-0.162173509597778,-0.0239396132528782,0.207195967435837,0.00679533882066607,-0.162139117717743,0.006841323338449,-0.162173509597778,0.394417643547058,0.400414139032364,0.00679533882066607,-0.162139117717743,-0.0239373948425055,0.207196265459061,-0.0239396132528782,0.207195967435837,0.00679533882066607,-0.162139117717743,0.394327521324158,0.40047624707222,0.0067493706010282,-0.162104651331902,0.00679533882066607,-0.162139117717743,-0.0239373948425055,0.207196265459061,0.0067493706010282,-0.162104651331902,0.394324421882629,0.400476098060608
10.5444002151489,0.394343674182892,0.400388538837433,0.00682901497930288,-0.162179246544838,-0.0238417461514473,0.207192420959473,0.00678303092718124,-0.16214482486248,0.00682901497930288,-0.162179246544838,0.394340515136719,0.400388360023499,0.00678303092718124,-0.16214482486248,-0.0238394774496555,0.207192718982697,-0.0238417461514473,0.207192420959473,0.00678303092718124,-0.16214482486248,0.394250363111496,0.400450527667999,0.00673706317320466,-0.162110343575478,0.00678303092718124,-0.16214482486248,-0.0238394774496555,0.207192718982697,0.00673706317320466,-0.162110343575478,0.394247353076935,0.400450348854065
10.5447998046875,0.39426651597023,0.400362819433212,0.00681670615449548,-0.162184983491898,-0.0237438343465328,0.207188799977303,0.00677072210237384,-0.162150546908379,0.0068166283890605,-0.162184998393059,0.394263446331024,0.4003626704216,0.00677072210237384,-0.162150546908379,-0.0237415190786123,0.207189127802849,-0.0237438343465328,0.207188799977303,0.00677072210237384,-0.162150546908379,0.394173353910446,0.400424867868423,0.00672475434839725,-0.162116035819054,0.00677072210237384,-0.162150546908379,-0.0237415190786123,0.207189127802849,0.00672475341707468,-0.162116020917892,0.394170194864273,0.400424659252167
10.5452003479004,0.394189327955246,0.400337159633636,0.0068043190985918,-0.162190735340118,-0.0236458815634251,0.20718514919281,0.00675841234624386,-0.162156254053116,0.0068043190985918,-0.162190735340118,0.394186317920685,0.400336980819702,0.00675841234624386,-0.162156254053116,-0.0236436147242785,0.207185447216034,-0.0236458815634251,0.20718514919281,0.00675841234624386,-0.162156254053116,0.394096225500107,0.40039923787117,0.00671244459226727,-0.162121698260307,0.00675841234624386,-0.162156254053116,-0.0236435644328594,0.207185432314873,0.00671244459226727,-0.162121698260307,0.394093096256256,0.400399059057236
10.545599937439,0.394112259149551,0.400311589241028,0.00679200794547796,-0.162196442484856,-0.0235479343682528,0.207181423902512,0.00674610119313002,-0.162161931395531,0.00679200794547796,-0.162196442484856,0.394109070301056,0.400311380624771,0.0067461016587913,-0.162161946296692,-0.0235456693917513,0.207181721925735,-0.0235479343682528,0.207181423902512,0.0067461016587913,-0.162161946296692,0.394018977880478,0.400373727083206,0.00670013390481472,-0.162127375602722,0.00674610119313002,-0.162161931395531,-0.0235456693917513,0.207181721925735,0.00670013390481472,-0.162127375602722,0.394015938043594,0.400373548269272
10.5459995269775,0.394035071134567,0.400286078453064,0.00677969586104155,-0.162202164530754,-0.0234499461948872,0.20717765390873,0.00673378957435489,-0.162167653441429,0.00677969586104155,-0.162202164530754,0.394032001495361,0.40028589963913,0.00673378957435489,-0.162167653441429,-0.0234476793557405,0.207177951931953,-0.0234499461948872,0.20717765390873,0.00673378957435489,-0.162167653441429,0.393941849470139,0.400348246097565,0.00668790005147457,-0.162133038043976,0.00673378957435489,-0.162167653441429,-0.0234476793557405,0.207177951931953,0.00668790005147457,-0.162133038043976,0.393938809633255,0.400348097085953
10.5464000701904,0.393957942724228,0.400260597467422,0.00676738284528255,-0.162207901477814,-0.023352013900876,0.20717379450798,0.0067214765585959,-0.162173345685005,0.00676738284528255,-0.162207901477814,0.393954783678055,0.400260418653488,0.0067214765585959,-0.162173345685005,-0.0233497470617294,0.207174122333527,-0.023352013900876,0.20717379450798,0.0067214765585959,-0.162173345685005,0.393864721059799,0.400322824716568,0.00667558750137687,-0.162138715386391,0.0067214765585959,-0.162173345685005,-0.0233497470617294,0.207174122333527,0.00667558750137687,-0.162138715386391,0.393861591815948,0.400322675704956
10.546799659729,0.393880724906921,0.400235205888748,0.00675506889820099,-0.162213608622551,-0.0232540387660265,0.207169905304909,0.00670916261151433,-0.162179008126259,0.00675506889820099,-0.162213608622551,0.393877565860748,0.400235027074814,0.00670916261151433,-0.162179008126259,-0.0232517216354609,0.207170188426971,-0.0232540387660265,0.207169905304909,0.00670916261151433,-0.162179008126259,0.39378747344017,0.400297522544861,0.00666327448561788,-0.162144377827644,0.00670916261151433,-0.162179008126259,-0.0232517216354609,0.207170188426971,0.00666327448561788,-0.162144377827644,0.393784433603287,0.400297313928604
10.5472002029419,0.393803536891937,0.400209873914719,0.00674275355413556,-0.162219300866127,-0.0231560710817575,0.207165941596031,0.00669684819877148,-0.162184700369835,0.00674275355413556,-0.162219300866127,0.393800437450409,0.400209754705429,0.00669684819877148,-0.162184700369835,-0.0231537558138371,0.207166254520416,-0.0231560729444027,0.207165956497192,0.00669684819877148,-0.162184700369835,0.393710255622864,0.400272220373154,0.00665095960721374,-0.162150025367737,0.00669684819877148,-0.162184700369835,-0.0231537539511919,0.207166239619255,0.00665095960721374,-0.162150025367737,0.393707126379013,0.400272130966187
10.5475997924805,0.393726199865341,0.400184631347656,0.00673043774440885,-0.162225008010864,-0.0230580642819405,0.20716193318367,0.00668453238904476,-0.16219037771225,0.00673043774440885,-0.162225008010864,0.39372307062149,0.400184482336044,0.00668453285470605,-0.162190392613411,-0.0230557955801487,0.207162246108055,-0.0230580642819405,0.20716193318367,0.00668453285470605,-0.162190392613411,0.393633037805557,0.400247037410736,0.00663864426314831,-0.162155672907829,0.00668453285470605,-0.162190392613411,-0.0230557955801487,0.207162246108055,0.00663864426314831,-0.162155672907829,0.393629908561707,0.400246888399124
10.5480003356934,0.393648982048035,0.400159448385239,0.00671804323792458,-0.162230730056763,-0.0229600090533495,0.207157865166664,0.00667213834822178,-0.162196055054665,0.00671804323792458,-0.162230730056763,0.393645882606506,0.400159299373627,0.00667213834822178,-0.162196055054665,-0.0229577422142029,0.207158148288727,-0.0229600593447685,0.207157850265503,0.00667213834822178,-0.162196055054665,0.393555790185928,0.400221884250641,0.00662632752209902,-0.162161320447922,0.00667213834822178,-0.162196055054665,-0.0229577422142029,0.207158148288727,0.00662632752209902,-0.162161320447922,0.393552750349045,0.400221705436707
10.5483999252319,0.393571764230728,0.400134354829788,0.00670572463423014,-0.162236407399178,-0.0228620152920485,0.207153737545013,0.00665982067584991,-0.162201732397079,0.00670572463423014,-0.162236407399178,0.393568575382233,0.400134176015854,0.00665982067584991,-0.162201732397079,-0.0228597968816757,0.207154035568237,-0.0228620152920485,0.207153737545013,0.00665982067584991,-0.162201732397079,0.393478542566299,0.400196850299835,0.00661393301561475,-0.162166967988014,0.00665982067584991,-0.162201732397079,-0.0228597968816757,0.207154035568237,0.00661393301561475,-0.162166967988014,0.393475383520126,0.400196641683578
10.5488004684448,0.393494427204132,0.400109320878983,0.00669340556487441,-0.162242084741592,-0.0227640252560377,0.207149535417557,0.00664750160649419,-0.162207365036011,0.00669340556487441,-0.162242084741592,0.393491268157959,0.400109112262726,0.00664750160649419,-0.162207365036011,-0.0227617602795362,0.207149833440781,-0.0227640252560377,0.207149535417557,0.00664750160649419,-0.162207365036011,0.393401205539703,0.40017181634903,0.00660161441192031,-0.162172585725784,0.00664750160649419,-0.162207365036011,-0.0227617602795362,0.207149833440781,0.00660161441192031,-0.162172585725784,0.393398106098175,0.400171667337418
10.5492000579834,0.393417060375214,0.400084286928177,0.00668108556419611,-0.162247762084007,-0.022665947675705,0.207145288586617,0.00663518160581589,-0.162213042378426,0.00668108556419611,-0.162247762084007,0.393414050340652,0.400084137916565,0.00663518160581589,-0.162213042378426,-0.0226637292653322,0.207145556807518,-0.022665947675705,0.207145288586617,0.00663518160581589,-0.162213042378426,0.393323868513107,0.400146901607513,0.0065892948769033,-0.162178218364716,0.00663518160581589,-0.162213042378426,-0.0226637292653322,0.207145556807518,0.0065892948769033,-0.162178218364716,0.393320858478546,0.400146752595901
10.549599647522,0.393339812755585,0.400059372186661,0.00666868686676025,-0.162253454327583,-0.0225678756833076,0.20714096724987,0.00662278383970261,-0.162218689918518,0.00666868686676025,-0.162253454327583,0.393336683511734,0.400059193372726,0.00662278383970261,-0.162218689918518,-0.0225656572729349,0.207141265273094,-0.0225678756833076,0.20714096724987,0.00662278383970261,-0.162218689918518,0.393246561288834,0.400122046470642,0.00657697487622499,-0.162183836102486,0.00662278383970261,-0.162218689918518,-0.0225656572729349,0.207141265273094,0.00657697487622499,-0.162183836102486,0.39324352145195,0.400121867656708
10.5500001907349,0.393262445926666,0.400034517049789,0.0066563650034368,-0.162259131669998,-0.0224698577076197,0.207136586308479,0.00661046197637916,-0.162224337458611,0.0066563650034368,-0.162259131669998,0.393259346485138,0.400034368038177,0.00661046197637916,-0.162224337458611,-0.0224675908684731,0.207136884331703,-0.0224698577076197,0.207136586308479,0.00661046197637916,-0.162224337458611,0.39316925406456,0.400097221136093,0.00656465347856283,-0.162189468741417,0.00661046197637916,-0.162224337458611,-0.0224675908684731,0.207136884331703,0.00656465347856283,-0.162189468741417,0.393166095018387,0.400097072124481
10.5503997802734,0.393185079097748,0.400009721517563,0.0066440412774682,-0.162264779210091,-0.0223717503249645,0.207132160663605,0.00659813871607184,-0.162229970097542,0.00664404174312949,-0.162264794111252,0.393181949853897,0.400009632110596,0.00659813918173313,-0.162229984998703,-0.0223694834858179,0.20713247358799,-0.0223717503249645,0.207132160663605,0.00659813918173313,-0.162229984998703,0.393091887235641,0.400072485208511,0.0065522538498044,-0.162195071578026,0.00659813871607184,-0.162229970097542,-0.0223694834858179,0.20713247358799,0.0065522538498044,-0.162195071578026,0.393088757991791,0.400072336196899
10.5508003234863,0.393107712268829,0.399985015392303,0.00663164025172591,-0.162270456552505,-0.0222736522555351,0.207127690315247,0.00658581545576453,-0.162235617637634,0.00663164025172591,-0.162270456552505,0.393104583024979,0.399984896183014,0.00658581545576453,-0.162235617637634,-0.0222714338451624,0.20712798833847,-0.0222736522555351,0.207127690315247,0.00658581545576453,-0.162235617637634,0.393014550209045,0.400047808885574,0.0065399301238358,-0.162200689315796,0.00658581545576453,-0.162235617637634,-0.0222714338451624,0.20712798833847,0.0065399301238358,-0.162200689315796,0.393011420965195,0.400047689676285
10.5511999130249,0.393030285835266,0.399960398674011,0.00661931512877345,-0.162276104092598,-0.0221756082028151,0.207123145461082,0.00657341349869967,-0.162241250276566,0.00661931512877345,-0.162276104092598,0.393027156591415,0.399960249662399,0.00657341349869967,-0.162241250276566,-0.0221732929348946,0.207123428583145,-0.0221756082028151,0.207123145461082,0.00657341349869967,-0.162241250276566,0.392937153577805,0.40002316236496,0.00652760546654463,-0.162206277251244,0.00657341349869967,-0.162241250276566,-0.0221732929348946,0.207123428583145,0.00652760546654463,-0.162206277251244,0.392934024333954,0.40002304315567
10.5516004562378,0.392952859401703,0.399935752153397,0.00660698860883713,-0.16228175163269,-0.0220774728804827,0.207118511199951,0.00656108744442463,-0.162246868014336,0.00660698860883713,-0.16228175163269,0.392949759960175,0.399935632944107,0.00656108744442463,-0.162246868014336,-0.0220752060413361,0.207118809223175,-0.0220775231719017,0.207118526101112,0.00656108744442463,-0.162246868014336,0.392859697341919,0.399998724460602,0.00651520304381847,-0.162211894989014,0.00656108744442463,-0.162246868014336,-0.0220752060413361,0.207118809223175,0.00651520304381847,-0.162211894989014,0.392856568098068,0.399998515844345
10.5520000457764,0.392875373363495,0.399911224842072,0.00659458385780454,-0.162287414073944,-0.0219793971627951,0.20711387693882,0.00654876045882702,-0.162252485752106,0.00659458478912711,-0.162287428975105,0.392872273921967,0.399911135435104,0.00654876045882702,-0.162252485752106,-0.0219771284610033,0.207114145159721,-0.0219793971627951,0.20711387693882,0.00654876045882702,-0.162252485752106,0.392782300710678,0.399974226951599,0.00650287698954344,-0.162217512726784,0.00654876045882702,-0.162252485752106,-0.0219771284610033,0.207114145159721,0.00650287698954344,-0.162217512726784,0.392779111862183,0.399974077939987
10.5523996353149,0.392797976732254,0.399886816740036,0.00658225594088435,-0.162293061614037,-0.021881278604269,0.207109153270721,0.00653635570779443,-0.162258118391037,0.00658225594088435,-0.162293061614037,0.392794847488403,0.399886667728424,0.00653635570779443,-0.162258118391037,-0.0218789614737034,0.207109451293945,-0.021881278604269,0.207109153270721,0.00653635570779443,-0.162258118391037,0.392704784870148,0.399949818849564,0.00649054907262325,-0.162223070859909,0.00653635570779443,-0.162258118391037,-0.0218789614737034,0.207109451293945,0.00649054907262325,-0.162223070859909,0.392701655626297,0.399949669837952
10.5528001785278,0.392720520496368,0.399862438440323,0.00656992709264159,-0.162298709154129,-0.0217831656336784,0.207104355096817,0.00652402732521296,-0.162263721227646,0.00656992709264159,-0.162298709154129,0.392717331647873,0.399862259626389,0.00652402732521296,-0.162263721227646,-0.0217808503657579,0.20710463821888,-0.0217831656336784,0.207104355096817,0.00652402732521296,-0.162263721227646,0.39262729883194,0.399925500154495,0.00647814385592937,-0.162228673696518,0.00652402732521296,-0.162263721227646,-0.0217808503657579,0.20710463821888,0.00647814385592937,-0.162228673696518,0.392624199390411,0.399925351142883
10.5531997680664,0.392643064260483,0.399838089942932,0.00655751954764128,-0.162304326891899,-0.0216850135475397,0.20709952712059,0.00651161978021264,-0.162269338965416,0.00655751954764128,-0.162304326891899,0.392639875411987,0.39983794093132,0.00651162024587393,-0.162269353866577,-0.0216826964169741,0.207099795341492,-0.0216850135475397,0.20709952712059,0.00651162024587393,-0.162269353866577,0.392549902200699,0.399901241064072,0.00646581407636404,-0.162234246730804,0.00651161978021264,-0.162269338965416,-0.0216826964169741,0.207099795341492,0.00646581407636404,-0.162234246730804,0.392546772956848,0.39990109205246
10.5536003112793,0.392565459012985,0.399813830852509,0.00654518837109208,-0.16230995953083,-0.0215868186205626,0.207094609737396,0.00649928953498602,-0.162274926900864,0.00654518837109208,-0.16230995953083,0.392562448978424,0.399813711643219,0.00649928953498602,-0.162274926900864,-0.021584602072835,0.207094892859459,-0.0215868670493364,0.207094624638557,0.00649928953498602,-0.162274926900864,0.392472296953201,0.399876981973648,0.00645348383113742,-0.162239834666252,0.00649928953498602,-0.162274926900864,-0.021584602072835,0.207094892859459,0.00645348383113742,-0.162239834666252,0.392469167709351,0.399876892566681
10.5539999008179,0.3924880027771,0.399789690971375,0.00653277896344662,-0.162315607070923,-0.021488631144166,0.207089647650719,0.00648695742711425,-0.162280529737473,0.00653277896344662,-0.162315607070923,0.392484873533249,0.39978951215744,0.00648695742711425,-0.162280529737473,-0.0214864145964384,0.20708991587162,-0.0214886330068111,0.20708966255188,0.00648695742711425,-0.162280529737473,0.392394840717316,0.399852842092514,0.00644107535481453,-0.162245407700539,0.00648695742711425,-0.162280529737473,-0.0214864145964384,0.20708991587162,0.00644107535481453,-0.162245407700539,0.392391711473465,0.399852722883224
10.5544004440308,0.392410457134247,0.399765580892563,0.00652044638991356,-0.162321224808693,-0.0213905014097691,0.207084625959396,0.0064745475538075,-0.16228611767292,0.00652044638991356,-0.162321224808693,0.392407298088074,0.399765431880951,0.0064745475538075,-0.16228611767292,-0.0213882345706224,0.207084909081459,-0.0213905014097691,0.207084625959396,0.0064745475538075,-0.16228611767292,0.392317295074463,0.399828791618347,0.00642874324694276,-0.162250965833664,0.0064745475538075,-0.16228611767292,-0.0213882345706224,0.207084909081459,0.00642874324694276,-0.162250965833664,0.392314225435257,0.399828642606735
10.5548000335693,0.392332911491394,0.399741470813751,0.00650803511962295,-0.162326842546463,-0.0212922804057598,0.20707955956459,0.00646221404895186,-0.162291720509529,0.00650803511962295,-0.162326842546463,0.392329782247543,0.399741351604462,0.00646221404895186,-0.162291720509529,-0.0212900135666132,0.207079827785492,-0.0212922804057598,0.20707955956459,0.00646221404895186,-0.162291720509529,0.39223974943161,0.399804830551147,0.00641633244231343,-0.16225653886795,0.00646221404895186,-0.162291720509529,-0.0212900135666132,0.207079827785492,0.00641633244231343,-0.16225653886795,0.392236620187759,0.399804681539536
10.5551996231079,0.392255306243896,0.399717479944229,0.00649569975212216,-0.162332445383072,-0.0211941190063953,0.207074418663979,0.00644980184733868,-0.162297293543816,0.00649569975212216,-0.162332445383072,0.392252177000046,0.399717390537262,0.00644980184733868,-0.162297293543816,-0.0211918503046036,0.20707468688488,-0.0211941190063953,0.207074418663979,0.00644980184733868,-0.162297293543816,0.392162203788757,0.39978089928627,0.00640399800613523,-0.162262082099915,0.00644980184733868,-0.162297293543816,-0.0211918503046036,0.20707468688488,0.00640399800613523,-0.162262082099915,0.392159074544907,0.399780780076981
10.5556001663208,0.392177760601044,0.399693608283997,0.00648328615352511,-0.16233803331852,-0.0210959129035473,0.207069218158722,0.00643746601417661,-0.162302866578102,0.0064832866191864,-0.162338048219681,0.392174631357193,0.399693459272385,0.00643746647983789,-0.162302881479263,-0.0210936442017555,0.207069486379623,-0.0210959129035473,0.207069218158722,0.00643746647983789,-0.162302881479263,0.392084568738937,0.399756997823715,0.00639158580452204,-0.162267655134201,0.00643746647983789,-0.162302881479263,-0.0210936442017555,0.207069486379623,0.00639158580452204,-0.162267655134201,0.392081439495087,0.399756878614426
10.5559997558594,0.392100155353546,0.399669766426086,0.00647094892337918,-0.16234365105629,-0.020997716113925,0.20706395804882,0.00642505194991827,-0.16230845451355,0.00647087208926678,-0.16234365105629,0.392097026109695,0.399669677019119,0.00642505241557956,-0.162308469414711,-0.0209953989833593,0.207064226269722,-0.020997716113925,0.20706395804882,0.00642505241557956,-0.162308469414711,0.392007023096085,0.399733245372772,0.00637924904003739,-0.162273183465004,0.00642505194991827,-0.16230845451355,-0.0209953989833593,0.207064226269722,0.00637924904003739,-0.162273183465004,0.392003893852234,0.399733126163483
10.5564002990723,0.392022550106049,0.399645984172821,0.00645853392779827,-0.162349238991737,-0.0208994783461094,0.207058638334274,0.00641256012022495,-0.162314027547836,0.00645853392779827,-0.162349238991737,0.392019331455231,0.399645864963531,0.00641256012022495,-0.162314027547836,-0.0208972096443176,0.207058906555176,-0.0208994783461094,0.207058638334274,0.00641256012022495,-0.162314027547836,0.391929388046265,0.399709522724152,0.00636675814166665,-0.162278741598129,0.00641256012022495,-0.162314027547836,-0.0208972096443176,0.207058906555176,0.00636675814166665,-0.162278741598129,0.391926258802414,0.39970937371254
10.5567998886108,0.391944825649261,0.399622291326523,0.00644611706957221,-0.162354826927185,-0.0208012461662292,0.207053259015083,0.00640029879286885,-0.162319585680962,0.00644611706957221,-0.162354826927185,0.391941696405411,0.399622172117233,0.00640029925853014,-0.162319600582123,-0.0207989793270826,0.207053527235985,-0.0208012480288744,0.207053273916245,0.00640029925853014,-0.162319600582123,0.391851723194122,0.399685829877853,0.00635441904887557,-0.162284269928932,0.00640029925853014,-0.162319600582123,-0.0207989308983088,0.207053527235985,0.00635441904887557,-0.162284269928932,0.391848623752594,0.399685710668564
10.5572004318237,0.391867190599442,0.399598628282547,0.00643377797678113,-0.162360414862633,-0.0207030270248652,0.207047834992409,0.0063878046348691,-0.162325173616409,0.00643377797678113,-0.162360414862633,0.391864061355591,0.399598509073257,0.0063878046348691,-0.162325173616409,-0.0207007583230734,0.207048088312149,-0.0207030270248652,0.207047834992409,0.0063878046348691,-0.162325173616409,0.39177405834198,0.399662256240845,0.00634200312197208,-0.162289813160896,0.0063878046348691,-0.162325173616409,-0.0207007583230734,0.207048088312149,0.00634200312197208,-0.162289813160896,0.391770929098129,0.399662107229233
10.5576000213623,0.391789495944977,0.399575024843216,0.00642128149047494,-0.16236600279808,-0.0206047613173723,0.207042321562767,0.00637546367943287,-0.162330701947212,0.00642128149047494,-0.16236600279808,0.391786366701126,0.399574935436249,0.00637546414509416,-0.162330716848373,-0.0206024963408709,0.207042589783669,-0.0206047631800175,0.207042336463928,0.00637546414509416,-0.162330716848373,0.391696393489838,0.399638712406158,0.00632966309785843,-0.162295326590538,0.00637546414509416,-0.162330716848373,-0.0206024963408709,0.207042589783669,0.00632966309785843,-0.162295326590538,0.391693204641342,0.399638593196869
10.5579996109009,0.391711860895157,0.399551540613174,0.00640886183828115,-0.162371575832367,-0.0205065067857504,0.207036778330803,0.00636304495856166,-0.162336274981499,0.00640886183828115,-0.162371575832367,0.391708731651306,0.399551391601563,0.00636304495856166,-0.162336274981499,-0.0205042399466038,0.207037031650543,-0.0205065067857504,0.207036778330803,0.00636304495856166,-0.162336274981499,0.391618698835373,0.399615257978439,0.00631724437698722,-0.162300854921341,0.00636304495856166,-0.162336274981499,-0.0205042399466038,0.207037031650543,0.00631724437698722,-0.162300854921341,0.391615629196167,0.399615108966827
10.5584001541138,0.391634166240692,0.3995281457901,0.00639651995152235,-0.162377163767815,-0.02040820941329,0.207031160593033,0.00635062484070659,-0.162341803312302,0.00639651995152235,-0.162377163767815,0.391631036996841,0.399527996778488,0.00635062530636787,-0.162341818213463,-0.0204059444367886,0.207031428813934,-0.0204082112759352,0.207031175494194,0.00635062530636787,-0.162341818213463,0.391540914773941,0.399591863155365,0.00630482565611601,-0.162306383252144,0.00635062484070659,-0.162341803312302,-0.0204059425741434,0.207031413912773,0.00630482565611601,-0.162306383252144,0.391537845134735,0.399591743946075
10.5587997436523,0.39155638217926,0.399504691362381,0.00638409843668342,-0.16238272190094,-0.0203099232167006,0.207025483250618,0.00633828155696392,-0.162347346544266,0.00638409843668342,-0.16238272190094,0.39155325293541,0.399504631757736,0.00633828202262521,-0.162347361445427,-0.0203076563775539,0.207025736570358,-0.0203099716454744,0.207025483250618,0.00633828202262521,-0.162347361445427,0.391463190317154,0.399568557739258,0.00629248237237334,-0.162311896681786,0.00633828202262521,-0.162347361445427,-0.0203076563775539,0.207025736570358,0.00629248237237334,-0.162311896681786,0.391460210084915,0.399568408727646
10.5592002868652,0.391478627920151,0.399481445550919,0.00637167599052191,-0.162388280034065,-0.0202116928994656,0.207019731402397,0.00632586004212499,-0.16235288977623,0.00637167599052191,-0.162388280034065,0.391475528478622,0.399481326341629,0.00632586004212499,-0.16235288977623,-0.0202093757688999,0.20702001452446,-0.0202116947621107,0.207019746303558,0.00632586004212499,-0.16235288977623,0.391385495662689,0.399545282125473,0.0062800613231957,-0.162317410111427,0.00632586004212499,-0.16235288977623,-0.0202093757688999,0.20702001452446,0.0062800613231957,-0.162317410111427,0.391382396221161,0.399545162916183
10.5595998764038,0.391400903463364,0.399458169937134,0.00635933037847281,-0.162393838167191,-0.0201133731752634,0.207013964653015,0.00631343759596348,-0.162358418107033,0.00635933037847281,-0.162393838167191,0.391397833824158,0.399458080530167,0.00631343759596348,-0.162358418107033,-0.0201111044734716,0.207014203071594,-0.0201133731752634,0.207013964653015,0.00631343759596348,-0.162358418107033,0.39130774140358,0.399522095918655,0.00626763934269547,-0.162322908639908,0.00631343759596348,-0.162358418107033,-0.0201111044734716,0.207014203071594,0.00626763934269547,-0.162322908639908,0.391304701566696,0.399521946907043
10.5600004196167,0.391323059797287,0.399435013532639,0.00634690606966615,-0.162399381399155,-0.0200150590389967,0.207008093595505,0.00630109058693051,-0.162363931536674,0.00634690606966615,-0.162399381399155,0.391319930553436,0.399434894323349,0.00630109058693051,-0.162363931536674,-0.0200127921998501,0.207008346915245,-0.0200150609016418,0.207008108496666,0.00630109058693051,-0.162363931536674,0.391230016946793,0.399498999118805,0.00625529326498508,-0.16232842206955,0.00630109058693051,-0.162363931536674,-0.0200127921998501,0.207008346915245,0.00625529326498508,-0.16232842206955,0.391226887702942,0.399498850107193
10.5604000091553,0.3912453353405,0.399411916732788,0.00633448082953691,-0.16240493953228,-0.0199167560786009,0.207002177834511,0.00628866627812386,-0.162369474768639,0.00633448082953691,-0.16240493953228,0.391242206096649,0.399411797523499,0.00628866627812386,-0.162369474768639,-0.0199144892394543,0.207002431154251,-0.0199167560786009,0.207002177834511,0.00628866627812386,-0.162369474768639,0.391152173280716,0.399475872516632,0.00624286849051714,-0.162333905696869,0.00628866627812386,-0.162369474768639,-0.0199144892394543,0.207002431154251,0.00624286849051714,-0.162333905696869,0.391149133443832,0.39947584271431
10.5607995986938,0.391167491674423,0.399388819932938,0.00632205419242382,-0.162410482764244,-0.0198184624314308,0.206996202468872,0.00627624010667205,-0.162374973297119,0.00632205419242382,-0.162410482764244,0.391164392232895,0.399388700723648,0.00627624010667205,-0.162374973297119,-0.01981614343822,0.206996455788612,-0.0198184624314308,0.206996217370033,0.00627624010667205,-0.162374973297119,0.391074448823929,0.399452954530716,0.00623044325038791,-0.162339389324188,0.00627624010667205,-0.162374973297119,-0.0198160950094461,0.206996455788612,0.00623044325038791,-0.162339389324188,0.391071349382401,0.399452835321426
10.5612001419067,0.391089677810669,0.399365901947021,0.00630970485508442,-0.162416025996208,-0.0197200756520033,0.20699018239975,0.00626381346955895,-0.162380501627922,0.00630970485508442,-0.162416025996208,0.391086548566818,0.399365812540054,0.00626381393522024,-0.162380516529083,-0.0197178088128567,0.206990420818329,-0.0197200756520033,0.20699018239975,0.00626381393522024,-0.162380516529083,0.390996634960175,0.399430006742477,0.00621809437870979,-0.162344872951508,0.00626381346955895,-0.162380501627922,-0.0197178088128567,0.206990420818329,0.00621809437870979,-0.162344872951508,0.390993446111679,0.399429947137833
10.5615997314453,0.391011893749237,0.399342983961105,0.00629727682098746,-0.162421554327011,-0.0196216981858015,0.206984087824821,0.00625146366655827,-0.162386000156403,0.00629727682098746,-0.162421554327011,0.391008675098419,0.399342894554138,0.00625146366655827,-0.162386000156403,-0.0196194313466549,0.206984311342239,-0.0196217503398657,0.206984102725983,0.00625146366655827,-0.162386000156403,0.390918761491776,0.399407178163528,0.00620566727593541,-0.162350356578827,0.00625146366655827,-0.162386000156403,-0.0196194313466549,0.206984311342239,0.00620566727593541,-0.162350356578827,0.390915632247925,0.399406999349594
10.5620002746582,0.390934020280838,0.399320155382156,0.00628484738990664,-0.162427082657814,-0.0195233318954706,0.206977933645248,0.00623903516680002,-0.162391513586044,0.00628484738990664,-0.162427082657814,0.39093092083931,0.399320036172867,0.00623903516680002,-0.162391513586044,-0.019521065056324,0.206978186964989,-0.0195234306156635,0.206977933645248,0.00623903516680002,-0.162391513586044,0.390840888023376,0.399384379386902,0.00619323970749974,-0.162355840206146,0.00623903516680002,-0.162391513586044,-0.019521065056324,0.206978186964989,0.00619323970749974,-0.162355840206146,0.390837818384171,0.399384319782257
10.5623998641968,0.390856146812439,0.399297386407852,0.00627241702750325,-0.162432610988617,-0.0194250214844942,0.206971719861031,0.00622660527005792,-0.162396997213364,0.00627241795882583,-0.162432625889778,0.390852987766266,0.399297297000885,0.00622660527005792,-0.162396997213364,-0.0194227043539286,0.206971943378448,-0.0194250214844942,0.206971719861031,0.00622660527005792,-0.162396997213364,0.390762984752655,0.399361670017242,0.0061808112077415,-0.162361308932304,0.00622660527005792,-0.162396997213364,-0.0194227043539286,0.206971943378448,0.0061808112077415,-0.162361308932304,0.390759855508804,0.399361550807953
10.5628004074097,0.39077827334404,0.399274677038193,0.00625998573377728,-0.162438124418259,-0.0193266700953245,0.206965446472168,0.00621417444199324,-0.162402495741844,0.00625998666509986,-0.16243813931942,0.390775054693222,0.399274617433548,0.00621417444199324,-0.162402495741844,-0.019324354827404,0.206965699791908,-0.0193266700953245,0.206965446472168,0.00621417444199324,-0.162402495741844,0.390685200691223,0.399339020252228,0.00616845861077309,-0.162366792559624,0.00621417444199324,-0.162402495741844,-0.019324354827404,0.206965699791908,0.00616845861077309,-0.162366792559624,0.390681982040405,0.399338930845261
10.5631999969482,0.390700370073318,0.3992520570755,0.00624755444005132,-0.162443652749062,-0.0192282795906067,0.206959113478661,0.00620174361392856,-0.162407979369164,0.00624755444005132,-0.162443652749062,0.390697240829468,0.399251937866211,0.00620174361392856,-0.162407979369164,-0.0192260108888149,0.20695935189724,-0.0192282795906067,0.206959113478661,0.00620174361392856,-0.162407979369164,0.390607237815857,0.399316400289536,0.00615602731704712,-0.162372231483459,0.00620174361392856,-0.162407979369164,-0.019225962460041,0.206959336996078,0.00615602731704712,-0.162372231483459,0.390604138374329,0.399316310882568
10.5635995864868,0.39062237739563,0.399229466915131,0.0062351212836802,-0.162449151277542,-0.0191298481076956,0.206952720880508,0.00618931092321873,-0.162413477897644,0.0062351212836802,-0.162449151277542,0.390619307756424,0.399229377508163,0.00618931092321873,-0.162413477897644,-0.019127581268549,0.206952944397926,-0.0191298481076956,0.206952720880508,0.00618931092321873,-0.162413477897644,0.390529334545135,0.399293929338455,0.00614359555765986,-0.162377700209618,0.00618931092321873,-0.162413477897644,-0.019127581268549,0.206952944397926,0.00614359555765986,-0.162377700209618,0.390526205301285,0.399293839931488
10.5640001296997,0.390544503927231,0.39920699596405,0.0062226876616478,-0.162454664707184,-0.0190314743667841,0.206946283578873,0.00617695460096002,-0.162418931722641,0.0062226876616478,-0.162454664707184,0.390541285276413,0.399206906557083,0.0061769550666213,-0.162418946623802,-0.0190292056649923,0.206946492195129,-0.0190314743667841,0.206946283578873,0.0061769550666213,-0.162418946623802,0.390451461076736,0.399271488189697,0.00613116193562746,-0.162383154034615,0.0061769550666213,-0.162418946623802,-0.0190292056649923,0.206946492195129,0.00613116193562746,-0.162383154034615,0.390448242425919,0.399271368980408
10.5643997192383,0.390466511249542,0.39918452501297,0.00621033040806651,-0.162460163235664,-0.0189330596476793,0.206939771771431,0.00616452051326632,-0.16242441534996,0.00621017534285784,-0.162460163235664,0.390463322401047,0.39918452501297,0.00616452051326632,-0.16242441534996,-0.0189307928085327,0.206939980387688,-0.0189330596476793,0.206939771771431,0.00616452051326632,-0.16242441534996,0.390373438596725,0.399249076843262,0.00611865101382136,-0.162388607859612,0.00616452051326632,-0.16242441534996,-0.0189307928085327,0.206939980387688,0.00611865054816008,-0.16238859295845,0.390370339155197,0.399249017238617
10.5648002624512,0.390388578176498,0.399162232875824,0.0061978162266314,-0.162465646862984,-0.0188347045332193,0.206933185458183,0.00615200772881508,-0.162429884076118,0.00619781669229269,-0.162465661764145,0.39038547873497,0.399162143468857,0.00615200772881508,-0.162429884076118,-0.0188323389738798,0.206933408975601,-0.0188347045332193,0.206933185458183,0.00615200772881508,-0.162429884076118,0.390295535326004,0.399226784706116,0.0061062159948051,-0.162394046783447,0.00615200772881508,-0.162429884076118,-0.0188323389738798,0.206933408975601,0.0061062159948051,-0.162394046783447,0.390292316675186,0.399226695299149
10.5651998519897,0.390310525894165,0.399139910936356,0.00618537981063128,-0.162471145391464,-0.018736258149147,0.206926554441452,0.00613957131281495,-0.162435352802277,0.00618537981063128,-0.162471145391464,0.390307486057281,0.399139821529388,0.00613957131281495,-0.162435352802277,-0.0187339428812265,0.20692677795887,-0.0187362600117922,0.206926569342613,0.00613957131281495,-0.162435352802277,0.390217542648315,0.399204522371292,0.00609378004446626,-0.162399470806122,0.00613957131281495,-0.162435352802277,-0.0187339428812265,0.20692677795887,0.00609378004446626,-0.162399470806122,0.39021435379982,0.39920449256897
10.5656003952026,0.390232592821121,0.399117678403854,0.006172941531986,-0.162476629018784,-0.0186378229409456,0.206919848918915,0.00612713396549225,-0.162440791726112,0.006172941531986,-0.162476629018784,0.390229374170303,0.399117588996887,0.00612713443115354,-0.162440806627274,-0.0186355542391539,0.206920072436333,-0.0186378229409456,0.206919848918915,0.00612713443115354,-0.162440806627274,0.390139520168304,0.399182379245758,0.00608134316280484,-0.162404894828796,0.00612713396549225,-0.162440791726112,-0.0186355542391539,0.206920072436333,0.00608134316280484,-0.162404894828796,0.390136420726776,0.399182260036469
10.5659999847412,0.390154540538788,0.39909553527832,0.00616050278767943,-0.162482112646103,-0.0185393448919058,0.206913098692894,0.00611469568684697,-0.162446260452271,0.00616050278767943,-0.162482112646103,0.39015132188797,0.399095445871353,0.00611469568684697,-0.162446260452271,-0.0185370780527592,0.206913337111473,-0.0185393467545509,0.206913113594055,0.00611469568684697,-0.162446260452271,0.390061527490616,0.399160295724869,0.00606890581548214,-0.162410333752632,0.00611469568684697,-0.162446260452271,-0.0185370780527592,0.206913337111473,0.00606890581548214,-0.162410333752632,0.39005833864212,0.399160176515579
10.5663995742798,0.390076547861099,0.399073451757431,0.00614806311205029,-0.162487581372261,-0.0184408780187368,0.206906288862228,0.00610225647687912,-0.162451714277267,0.00614806357771158,-0.162487596273422,0.390073359012604,0.399073362350464,0.00610225647687912,-0.162451714277267,-0.0184386111795902,0.206906497478485,-0.0184409283101559,0.206906288862228,0.00610225647687912,-0.162451714277267,0.389983475208282,0.399138212203979,0.00605646753683686,-0.162415757775307,0.00610225647687912,-0.162451714277267,-0.0184386111795902,0.206906497478485,0.00605654437094927,-0.162415757775307,0.389980405569077,0.399138182401657
10.5668001174927,0.389998525381088,0.399051427841187,0.00613562250509858,-0.16249306499958,-0.0183424688875675,0.206899419426918,0.00608981680124998,-0.162457168102264,0.00613554520532489,-0.16249306499958,0.389995396137238,0.399051338434219,0.00608981680124998,-0.162457168102264,-0.0183401517570019,0.206899642944336,-0.0183424688875675,0.206899419426918,0.00608981680124998,-0.162457168102264,0.389905452728271,0.399116307497025,0.00604402786120772,-0.16242116689682,0.00608981680124998,-0.162457168102264,-0.0183401517570019,0.206899642944336,0.00604410516098142,-0.162421181797981,0.389902263879776,0.399116188287735
10.5671997070313,0.389920473098755,0.399029463529587,0.0061231036670506,-0.162498533725739,-0.018243970349431,0.206892490386963,0.00607737479731441,-0.1624626070261,0.0061231036670506,-0.162498533725739,0.389917254447937,0.39902937412262,0.00607737479731441,-0.1624626070261,-0.0182417035102844,0.206892684102058,-0.018243970349431,0.206892490386963,0.00607737479731441,-0.1624626070261,0.389827370643616,0.399094372987747,0.00603158678859472,-0.162426590919495,0.00607737479731441,-0.1624626070261,-0.0182417035102844,0.206892684102058,0.0060316645540297,-0.162426576018333,0.389824241399765,0.399094253778458
10.5676002502441,0.38984227180481,0.399007618427277,0.00611066119745374,-0.162504002451897,-0.0181455314159393,0.206885486841202,0.00606493279337883,-0.162468031048775,0.00611066119745374,-0.162504002451897,0.389839202165604,0.399007529020309,0.00606493325904012,-0.162468045949936,-0.0181432142853737,0.206885725259781,-0.0181455314159393,0.206885486841202,0.00606493325904012,-0.162468045949936,0.38974928855896,0.399072498083115,0.00601914618164301,-0.162432000041008,0.00606493325904012,-0.162468045949936,-0.0181432142853737,0.206885725259781,0.0060192234814167,-0.162432000041008,0.389746218919754,0.39907243847847
10.5679998397827,0.389764219522476,0.398985773324966,0.00609821686521173,-0.162509441375732,-0.0180470012128353,0.206878423690796,0.00605248985812068,-0.162473455071449,0.00609821686521173,-0.162509441375732,0.389761030673981,0.398985743522644,0.00605249078944325,-0.16247346997261,-0.0180447325110435,0.206878662109375,-0.0180470012128353,0.206878423690796,0.00605249078944325,-0.16247346997261,0.389671176671982,0.399050772190094,0.00600670324638486,-0.16243739426136,0.00605249078944325,-0.16247346997261,-0.0180447325110435,0.206878662109375,0.00600670324638486,-0.16243739426136,0.389668107032776,0.399050652980804
10.5684003829956,0.389686107635498,0.398964017629623,0.00608577206730843,-0.162514880299568,-0.0179485809057951,0.206871330738068,0.00604004599153996,-0.162478879094124,0.00608577253296971,-0.162514895200729,0.38968300819397,0.398963958024979,0.00604004599153996,-0.162478879094124,-0.0179462134838104,0.206871554255486,-0.0179485809057951,0.206871330738068,0.00604004599153996,-0.162478879094124,0.389593124389648,0.399029046297073,0.00599425937980413,-0.162442788481712,0.00604004599153996,-0.162478879094124,-0.0179462134838104,0.206871554255486,0.00599425937980413,-0.162442788481712,0.389589905738831,0.399028956890106
10.5687999725342,0.389608055353165,0.398942321538925,0.00607332680374384,-0.162520334124565,-0.0178500674664974,0.206864133477211,0.00602760119363666,-0.162484303116798,0.00607332726940513,-0.162520349025726,0.389604836702347,0.39894226193428,0.00602760119363666,-0.162484303116798,-0.0178477521985769,0.206864356994629,-0.0178500674664974,0.206864133477211,0.00602760119363666,-0.162484303116798,0.389514982700348,0.399007439613342,0.00598181504756212,-0.162448182702065,0.00602760119363666,-0.162484303116798,-0.0178477521985769,0.206864356994629,0.00598181504756212,-0.162448182702065,0.38951188325882,0.399007320404053
10.5691995620728,0.389529854059219,0.398920774459839,0.0060607991181314,-0.162525773048401,-0.0177514646202326,0.206856936216354,0.00601507443934679,-0.162489727139473,0.0060607991181314,-0.162525773048401,0.389526754617691,0.398920625448227,0.00601507443934679,-0.162489727139473,-0.017749197781086,0.20685712993145,-0.0177514646202326,0.206856936216354,0.00601507443934679,-0.162489727139473,0.389436960220337,0.398985832929611,0.00596932834014297,-0.162453576922417,0.00601507443934679,-0.162489727139473,-0.017749197781086,0.20685712993145,0.00596932834014297,-0.162453576922417,0.389433890581131,0.398985743522644
10.5696001052856,0.389451861381531,0.398899108171463,0.00604835199192166,-0.162531226873398,-0.0176529716700315,0.206849619746208,0.00600255001336336,-0.162495136260986,0.00604835199192166,-0.162531226873398,0.389448583126068,0.39889919757843,0.00600255001336336,-0.162495136260986,-0.0176507048308849,0.206849828362465,-0.0176529735326767,0.206849634647369,0.00600255001336336,-0.162495136260986,0.38935860991478,0.398964524269104,0.00595688167959452,-0.162458956241608,0.00600255001336336,-0.162495136260986,-0.0176507048308849,0.206849828362465,0.00595688167959452,-0.162458956241608,0.389355719089508,0.39896422624588
10.5699996948242,0.38937371969223,0.398877650499344,0.00603586481884122,-0.162536650896072,-0.0175544898957014,0.20684227347374,0.00599010149016976,-0.162500530481339,0.00603586481884122,-0.162536650896072,0.38937059044838,0.398877531290054,0.00599010195583105,-0.1625005453825,-0.0175521243363619,0.206842496991158,-0.0175544898957014,0.20684227347374,0.00599010195583105,-0.1625005453825,0.389280468225479,0.398943096399307,0.00594439636915922,-0.16246435046196,0.00599010195583105,-0.1625005453825,-0.0175521243363619,0.206842496991158,0.00594439636915922,-0.16246435046196,0.38927760720253,0.398942798376083
10.5704002380371,0.389295369386673,0.398856341838837,0.0060233767144382,-0.162542074918747,-0.017456017434597,0.206834822893143,0.00597765296697617,-0.162505939602852,0.0060233767144382,-0.162542074918747,0.38929209113121,0.398856461048126,0.00597765296697617,-0.162505939602852,-0.0174536500126123,0.206835061311722,-0.0174560192972422,0.206834837794304,0.00597765296697617,-0.162505939602852,0.389202386140823,0.39892166852951,0.00593194784596562,-0.16246971487999,0.00597765296697617,-0.162505939602852,-0.0174536500126123,0.206835061311722,0.00593194784596562,-0.16246971487999,0.389199256896973,0.398921549320221
10.5707998275757,0.389217287302017,0.398834943771362,0.00601092679426074,-0.162547513842583,-0.0173573568463326,0.206827372312546,0.00596516486257315,-0.162511333823204,0.00601092679426074,-0.162547513842583,0.389213979244232,0.398835003376007,0.00596516486257315,-0.162511333823204,-0.0173550900071859,0.206827595829964,-0.0173573568463326,0.206827372312546,0.00596516486257315,-0.162511333823204,0.38912433385849,0.398900240659714,0.00591945927590132,-0.162475079298019,0.00596516486257315,-0.162511333823204,-0.0173550900071859,0.206827595829964,0.00591945927590132,-0.162475079298019,0.389121055603027,0.398900330066681
10.5712003707886,0.389138996601105,0.398813724517822,0.00599839724600315,-0.162552922964096,-0.0172588042914867,0.206819847226143,0.00595267582684755,-0.162516728043556,0.00599839724600315,-0.162552922964096,0.389135897159576,0.398813545703888,0.00595267582684755,-0.162516728043556,-0.017256636172533,0.206820026040077,-0.0172588061541319,0.206819862127304,0.00595267582684755,-0.162516728043556,0.389046102762222,0.398879021406174,0.00590697070583701,-0.162480443716049,0.00595267582684755,-0.162516728043556,-0.017256636172533,0.206820026040077,0.00590697070583701,-0.162480443716049,0.38904282450676,0.398879140615463
10.5715999603271,0.389060795307159,0.398792505264282,0.00598594499751925,-0.162558332085609,-0.0171603616327047,0.206812247633934,0.00594022450968623,-0.162522122263908,0.00598594546318054,-0.162558346986771,0.389057695865631,0.39879235625267,0.00594022450968623,-0.162522122263908,-0.0171579960733652,0.20681244134903,-0.0171603616327047,0.206812247633934,0.00594022450968623,-0.162522122263908,0.388967931270599,0.398857861757278,0.00589451985433698,-0.162485808134079,0.00594022450968623,-0.162522122263908,-0.0171579960733652,0.20681244134903,0.00589451985433698,-0.162485808134079,0.388964623212814,0.398857891559601
10.5719995498657,0.388982355594635,0.398771464824677,0.00597345316782594,-0.162563741207123,-0.0170618277043104,0.206804573535919,0.00592777086421847,-0.162527501583099,0.00597345316782594,-0.162563741207123,0.388979494571686,0.398771196603775,0.00592777086421847,-0.162527501583099,-0.017059464007616,0.206804767251015,-0.0170618295669556,0.20680458843708,0.00592777086421847,-0.162527501583099,0.38888955116272,0.398836851119995,0.00588206807151437,-0.162491157650948,0.00592773221433163,-0.162527486681938,-0.017059464007616,0.206804767251015,0.00588206807151437,-0.162491157650948,0.388886302709579,0.398836940526962
10.5724000930786,0.388904273509979,0.398750364780426,0.00596096087247133,-0.162569150328636,-0.0169632080942392,0.206796854734421,0.00591523991897702,-0.16253288090229,0.00596096087247133,-0.162569150328636,0.388900965452194,0.398750394582748,0.00591523991897702,-0.16253288090229,-0.0169609412550926,0.206797048449516,-0.0169632080942392,0.206796854734421,0.00591523991897702,-0.16253288090229,0.388811260461807,0.398815900087357,0.00586957670748234,-0.162496522068977,0.00591523991897702,-0.16253288090229,-0.0169609412550926,0.206797048449516,0.00586957670748234,-0.162496522068977,0.388808190822601,0.398815780878067
10.5727996826172,0.3888258934021,0.398729354143143,0.00594850583001971,-0.162574544548988,-0.0168645940721035,0.206789076328278,0.00590278580784798,-0.16253824532032,0.005948506295681,-0.16257455945015,0.388822823762894,0.398729264736176,0.00590278580784798,-0.16253824532032,-0.016862228512764,0.206789299845695,-0.0168645959347486,0.206789091229439,0.00590278580784798,-0.16253824532032,0.388733178377151,0.398794770240784,0.00585708394646645,-0.162501856684685,0.00590278580784798,-0.16253824532032,-0.016862228512764,0.206789299845695,0.00585708394646645,-0.162501856684685,0.388729870319366,0.398794829845428
10.5732002258301,0.388747811317444,0.398708254098892,0.0059360102750361,-0.162579938769341,-0.0167659930884838,0.206781253218651,0.00589025299996138,-0.162543594837189,0.00593601074069738,-0.162579953670502,0.388744592666626,0.398708313703537,0.00589025346562266,-0.16254360973835,-0.0167637281119823,0.206781461834908,-0.0167659930884838,0.206781253218651,0.00589025346562266,-0.16254360973835,0.388654738664627,0.398774027824402,0.00584462890401483,-0.162507191300392,0.00589025346562266,-0.16254360973835,-0.0167637281119823,0.206781461834908,0.00584462890401483,-0.162507191300392,0.388651490211487,0.398774117231369
10.5735998153687,0.388669371604919,0.39868751168251,0.00592351472005248,-0.162585332989693,-0.0166673995554447,0.206773340702057,0.00587779702618718,-0.16254897415638,0.00592351518571377,-0.162585347890854,0.388666152954102,0.398687571287155,0.00587779702618718,-0.16254897415638,-0.0166651345789433,0.206773564219475,-0.0166674014180899,0.206773355603218,0.00587779702618718,-0.16254897415638,0.388576537370682,0.398753136396408,0.00583209609612823,-0.162512540817261,0.00587779702618718,-0.16254897415638,-0.0166651345789433,0.206773564219475,0.00583209609612823,-0.162512540817261,0.388573259115219,0.398753196001053
10.5740003585815,0.388591200113297,0.398666590452194,0.00591101823374629,-0.162590712308884,-0.0165688190609217,0.206765383481979,0.00586530053988099,-0.162554338574409,0.00591101823374629,-0.162590712308884,0.388587921857834,0.398666679859161,0.00586530053988099,-0.162554338574409,-0.0165664535015821,0.206765592098236,-0.0165688190609217,0.206765383481979,0.00586530053988099,-0.162554338574409,0.388497978448868,0.398732602596283,0.00581963919103146,-0.162517860531807,0.00586530053988099,-0.162554338574409,-0.0165664535015821,0.206765592098236,0.00581963919103146,-0.162517860531807,0.388495087623596,0.398732334375381
10.5743999481201,0.38851261138916,0.398646086454391,0.00589852081611753,-0.162596091628075,-0.0164701472967863,0.206757366657257,0.0058528040535748,-0.162559688091278,0.00589852081611753,-0.162596091628075,0.388509571552277,0.398645997047424,0.0058528040535748,-0.162559688091278,-0.0164679810404778,0.206757560372353,-0.0164702478796244,0.206757381558418,0.0058528040535748,-0.162559688091278,0.38841986656189,0.398711770772934,0.00580710498616099,-0.162523195147514,0.0058528040535748,-0.162559688091278,-0.0164679810404778,0.206757560372353,0.00580714363604784,-0.162523210048676,0.388416588306427,0.398711830377579
10.5747995376587,0.388434499502182,0.398625254631042,0.00588602246716619,-0.162601456046104,-0.0163715872913599,0.206749305129051,0.00584030570462346,-0.162565022706985,0.00588602293282747,-0.162601470947266,0.388431221246719,0.398625284433365,0.00584030570462346,-0.162565022706985,-0.0163692217320204,0.206749498844147,-0.0163715872913599,0.206749305129051,0.00584030570462346,-0.162565022706985,0.38834136724472,0.398691296577454,0.00579464621841908,-0.162528514862061,0.00584030570462346,-0.162565022706985,-0.0163692198693752,0.206749483942986,0.00579464621841908,-0.162528514862061,0.388338506221771,0.398691028356552
10.5752000808716,0.388356029987335,0.398604780435562,0.0058735222555697,-0.162606835365295,-0.0162729360163212,0.206741139292717,0.00582780689001083,-0.162570372223854,0.0058735222555697,-0.162606835365295,0.388352751731873,0.398604810237885,0.00582780735567212,-0.162570387125015,-0.0162706691771746,0.206741347908974,-0.0162729378789663,0.206741154193878,0.00582780735567212,-0.162570387125015,0.38826310634613,0.398670643568039,0.00578214786946774,-0.162533834576607,0.00582780735567212,-0.162570387125015,-0.0162706691771746,0.206741347908974,0.00578214786946774,-0.162533834576607,0.388260066509247,0.398670583963394
10.5755996704102,0.388277798891068,0.398584187030792,0.00586098385974765,-0.162612214684486,-0.0161743946373463,0.206732958555222,0.00581530714407563,-0.162575706839561,0.00586098385974765,-0.162612214684486,0.388274490833282,0.398584216833115,0.00581530760973692,-0.162575721740723,-0.0161720290780067,0.206733137369156,-0.0161743946373463,0.206732958555222,0.00581530760973692,-0.162575721740723,0.388184726238251,0.398650258779526,0.0057696495205164,-0.162539154291153,0.00581530760973692,-0.162575721740723,-0.0161720290780067,0.206733137369156,0.0057696495205164,-0.162539139389992,0.388181626796722,0.398650079965591
10.576000213623,0.388199120759964,0.398563891649246,0.00584852136671543,-0.162617564201355,-0.0160756651312113,0.206724688410759,0.00580280693247914,-0.162581026554108,0.00584852136671543,-0.162617564201355,0.38819608092308,0.398563802242279,0.00580280693247914,-0.162581026554108,-0.0160733982920647,0.206724897027016,-0.0160756651312113,0.206724688410759,0.00580280693247914,-0.162581026554108,0.388106316328049,0.39862984418869,0.00575714930891991,-0.162544459104538,0.00580280693247914,-0.162581026554108,-0.0160733982920647,0.206724897027016,0.00575714930891991,-0.162544459104538,0.388103246688843,0.398629724979401
10.5763998031616,0.388121008872986,0.398543357849121,0.00583597971126437,-0.162622928619385,-0.0159771461039782,0.206716358661652,0.00579030532389879,-0.162586376070976,0.00583597971126437,-0.162622928619385,0.388117700815201,0.398543387651443,0.00579026667401195,-0.162586376070976,-0.0159747805446386,0.206716537475586,-0.0159771461039782,0.206716358661652,0.00579030532389879,-0.162586376070976,0.388027995824814,0.398609429597855,0.00574464816600084,-0.162549763917923,0.00579026667401195,-0.162586376070976,-0.0159747805446386,0.206716537475586,0.00574464816600084,-0.162549763917923,0.388024747371674,0.398609519004822
10.5768003463745,0.388042449951172,0.398523151874542,0.00582347717136145,-0.162628263235092,-0.0158784370869398,0.206707969307899,0.00577780231833458,-0.162591695785522,0.00582347717136145,-0.162628263235092,0.388039171695709,0.398523181676865,0.00577780231833458,-0.162591695785522,-0.0158761702477932,0.206708177924156,-0.0158784370869398,0.206707969307899,0.00577780231833458,-0.162591695785522,0.387949705123901,0.398589074611664,0.00573214655742049,-0.162555053830147,0.00577780231833458,-0.162591695785522,-0.015876168385148,0.206708163022995,0.00573214655742049,-0.162555053830147,0.387946426868439,0.398589164018631
10.5771999359131,0.387964129447937,0.398502767086029,0.00581097230315208,-0.162633612751961,-0.0157798379659653,0.206699520349503,0.00576526019722223,-0.16259703040123,0.00581097276881337,-0.162633627653122,0.387960851192474,0.398502826690674,0.00576526019722223,-0.16259703040123,-0.0157774724066257,0.206699714064598,-0.0157798379659653,0.206699535250664,0.00576526019722223,-0.16259703040123,0.387871086597443,0.398569136857986,0.00571964355185628,-0.162560358643532,0.00576526019722223,-0.16259703040123,-0.0157774724066257,0.206699714064598,0.00571964355185628,-0.162560358643532,0.387867957353592,0.398568958044052
10.5775995254517,0.38788565993309,0.398482620716095,0.0057984278537333,-0.162638947367668,-0.0156810507178307,0.206691041588783,0.00575279397889972,-0.162602320313454,0.00579842878505588,-0.162638962268829,0.387882381677628,0.398482650518417,0.005752794444561,-0.162602335214615,-0.015678882598877,0.206691205501556,-0.0156810507178307,0.206691041588783,0.005752794444561,-0.162602335214615,0.387792617082596,0.398548990488052,0.00570710096508265,-0.162565633654594,0.005752794444561,-0.162602335214615,-0.0156787857413292,0.206691190600395,0.00570710096508265,-0.162565633654594,0.387789756059647,0.398548692464828
10.5780000686646,0.387807041406631,0.398462682962418,0.00578596070408821,-0.162644281983376,-0.0155823742970824,0.206682458519936,0.00574024999514222,-0.162607640028,0.0057859611697495,-0.162644296884537,0.387803941965103,0.398462504148483,0.00574024999514222,-0.162607640028,-0.0155801083892584,0.206682652235031,-0.0155823742970824,0.206682458519936,0.00574024999514222,-0.162607640028,0.387714236974716,0.398528873920441,0.0056946356780827,-0.162570908665657,0.00574024999514222,-0.162607640028,-0.0155801083892584,0.206682652235031,0.0056946356780827,-0.162570908665657,0.38771116733551,0.398528724908829
10.5783996582031,0.387728840112686,0.398442357778549,0.00577341532334685,-0.162649616599083,-0.0154838059097528,0.206673830747604,0.005727743729949,-0.162612944841385,0.00577341532334685,-0.162649616599083,0.387725532054901,0.398442387580872,0.005727743729949,-0.162612944841385,-0.0154814412817359,0.206674009561539,-0.0154838059097528,0.206673830747604,0.005727743729949,-0.162612944841385,0.387635827064514,0.398508727550507,0.00568209076300263,-0.162576198577881,0.005727743729949,-0.162612944841385,-0.0154814412817359,0.206674009561539,0.00568209076300263,-0.16257618367672,0.387632608413696,0.398508816957474
10.578800201416,0.387650281190872,0.398422449827194,0.00576086901128292,-0.16265495121479,-0.0153850503265858,0.206665143370628,0.0057152365334332,-0.16261824965477,0.00576086901128292,-0.16265495121479,0.38764700293541,0.398422509431839,0.0057152365334332,-0.16261824965477,-0.0153827853500843,0.206665322184563,-0.0153850503265858,0.206665143370628,0.0057152365334332,-0.16261824965477,0.387557178735733,0.398489058017731,0.00566962314769626,-0.162581458687782,0.0057152365334332,-0.16261824965477,-0.0153827853500843,0.206665322184563,0.00566962314769626,-0.162581458687782,0.387554109096527,0.398488938808441
10.5791997909546,0.387571573257446,0.398402750492096,0.00574835995212197,-0.162660270929337,-0.0152864046394825,0.206656396389008,0.00570268975570798,-0.162623539566994,0.00574835995212197,-0.162660270929337,0.38756850361824,0.398402631282806,0.00570268975570798,-0.162623539566994,-0.0152840409427881,0.206656590104103,-0.0152864055708051,0.206656411290169,0.00570268975570798,-0.162623539566994,0.387478709220886,0.398469179868698,0.00565707730129361,-0.162586733698845,0.00570268975570798,-0.162623539566994,-0.0152840409427881,0.206656590104103,0.00565707730129361,-0.162586733698845,0.387475818395615,0.398468881845474
10.5796003341675,0.387493103742599,0.398382902145386,0.0057358113117516,-0.162665590643883,-0.0151876723393798,0.206647589802742,0.00569018069654703,-0.162628829479218,0.0057358113117516,-0.162665590643883,0.387490004301071,0.398382753133774,0.00569014204666018,-0.162628829479218,-0.0151853077113628,0.206647768616676,-0.0151876723393798,0.206647589802742,0.00569014204666018,-0.162628829479218,0.387400448322296,0.398449152708054,0.00564453052356839,-0.162592008709908,0.00569014204666018,-0.162628829479218,-0.0151853077113628,0.206647768616676,0.00564456824213266,-0.162591993808746,0.387397199869156,0.398449242115021
10.5799999237061,0.387414455413818,0.39836323261261,0.00572330038994551,-0.162670910358429,-0.0150889484211802,0.206638723611832,0.00567763205617666,-0.162634119391441,0.00572330085560679,-0.16267092525959,0.387411594390869,0.398362934589386,0.00567763205617666,-0.162634119391441,-0.0150866825133562,0.206638887524605,-0.0150889484211802,0.206638723611832,0.00567763205617666,-0.162634119391441,0.387321829795837,0.398429483175278,0.00563202053308487,-0.162597253918648,0.00567763205617666,-0.162634119391441,-0.0150866825133562,0.206638887524605,0.00563202053308487,-0.162597253918648,0.387318551540375,0.398429572582245
10.5804004669189,0.387336254119873,0.398343205451965,0.00571075035259128,-0.162676215171814,-0.0149903343990445,0.206629782915115,0.00566512160003185,-0.162639394402504,0.00571075035259128,-0.162676215171814,0.387332946062088,0.39834326505661,0.00566512160003185,-0.162639394402504,-0.0149879707023501,0.206629976630211,-0.0149903353303671,0.206629797816277,0.00566512160003185,-0.162639394402504,0.387243270874023,0.398409903049469,0.00561951100826263,-0.16260252892971,0.00566512160003185,-0.162639394402504,-0.0149879697710276,0.20662996172905,0.00561951100826263,-0.16260252892971,0.387240052223206,0.398409992456436
10.5808000564575,0.387257516384125,0.398323774337769,0.00569819891825318,-0.162681505084038,-0.0148915350437164,0.206620797514915,0.00565257016569376,-0.162644669413567,0.00569819891825318,-0.162681505084038,0.387254446744919,0.398323655128479,0.00565257063135505,-0.162644684314728,-0.0148891704156995,0.206620961427689,-0.0148915350437164,0.206620797514915,0.00565257063135505,-0.162644684314728,0.387164562940598,0.398390501737595,0.00560696050524712,-0.162607774138451,0.00565257063135505,-0.162644684314728,-0.0148891704156995,0.206620961427689,0.00560696050524712,-0.162607774138451,0.387161523103714,0.398390352725983
10.5811996459961,0.387178957462311,0.39830419421196,0.00568568520247936,-0.162686809897423,-0.014792843721807,0.206611752510071,0.00564001919701695,-0.162649944424629,0.00568568520247936,-0.162686809897423,0.387175887823105,0.39830407500267,0.00564001919701695,-0.162649944424629,-0.014790577813983,0.206611916422844,-0.014792843721807,0.206611752510071,0.00564001919701695,-0.162649944424629,0.387086033821106,0.398370862007141,0.0055944100022316,-0.162612989544868,0.00564001919701695,-0.162649944424629,-0.014790577813983,0.206611916422844,0.0055944100022316,-0.162612989544868,0.387082815170288,0.398370951414108
10.581600189209,0.387100458145142,0.398284614086151,0.00567313143983483,-0.162692099809647,-0.0146940648555756,0.206602618098259,0.00562750548124313,-0.162655204534531,0.00567313190549612,-0.162692114710808,0.387097209692001,0.398284673690796,0.00562750548124313,-0.162655204534531,-0.0146917980164289,0.206602796912193,-0.0146940648555756,0.206602618098259,0.00562750548124313,-0.162655204534531,0.38700744509697,0.398351550102234,0.00558189675211906,-0.162618234753609,0.00562750548124313,-0.162655204534531,-0.0146917980164289,0.206602796912193,0.00558189675211906,-0.162618234753609,0.387004375457764,0.398351401090622
10.5819997787476,0.38702180981636,0.398265242576599,0.00566061632707715,-0.16269738972187,-0.0145953958854079,0.206593453884125,0.00561499083414674,-0.162660479545593,0.00566061632707715,-0.16269738972187,0.38701856136322,0.398265331983566,0.00561495218425989,-0.162660479545593,-0.014593031257391,0.206593617796898,-0.0145953958854079,0.206593453884125,0.00561495218425989,-0.162660479545593,0.386928826570511,0.398332148790359,0.00556938303634524,-0.162623465061188,0.00561495218425989,-0.162660479545593,-0.0145930303260684,0.206593602895737,0.00556938303634524,-0.162623465061188,0.386925756931305,0.398332059383392
10.5824003219604,0.386943221092224,0.39824590086937,0.00564806163311005,-0.162702679634094,-0.0144966393709183,0.206584215164185,0.00560243567451835,-0.162665724754333,0.00564806163311005,-0.162702679634094,0.386939972639084,0.398245960474014,0.00560243567451835,-0.162665724754333,-0.0144942747429013,0.206584379076958,-0.0144966393709183,0.206584215164185,0.00560243567451835,-0.162665724754333,0.386850267648697,0.398312866687775,0.00555682927370071,-0.162628695368767,0.00560243567451835,-0.162665724754333,-0.0144942747429013,0.206584379076958,0.00555682927370071,-0.162628695368767,0.386847198009491,0.398312717676163
10.582799911499,0.386864632368088,0.398226588964462,0.00563550507649779,-0.162707954645157,-0.0143978931009769,0.2065749168396,0.00558988098055124,-0.162670969963074,0.00563550507649779,-0.162707954645157,0.386861383914948,0.398226648569107,0.00558988144621253,-0.162670984864235,-0.0143956271931529,0.206575065851212,-0.0143978931009769,0.2065749168396,0.00558988144621253,-0.162670984864235,0.386771738529205,0.398293524980545,0.00554427551105618,-0.162633925676346,0.00558988144621253,-0.162670984864235,-0.0143956271931529,0.206575065851212,0.00554427551105618,-0.162633925676346,0.386768490076065,0.398293614387512
10.5832004547119,0.386785894632339,0.398207426071167,0.00562294805422425,-0.162713214755058,-0.0142991570755839,0.206565573811531,0.00557732442393899,-0.162676215171814,0.00562294805422425,-0.162713214755058,0.386782646179199,0.398207515478134,0.00557732488960028,-0.162676230072975,-0.0142968911677599,0.206565707921982,-0.0142991570755839,0.206565573811531,0.00557732488960028,-0.162676230072975,0.386693060398102,0.398274421691895,0.00553171942010522,-0.162639155983925,0.00557732488960028,-0.162676230072975,-0.0142967943102121,0.206565707921982,0.00553175853565335,-0.162639141082764,0.386689960956573,0.398274302482605
10.5836000442505,0.386707216501236,0.398188263177872,0.00561039010062814,-0.162718489766121,-0.0142003344371915,0.206556141376495,0.00556476786732674,-0.162681460380554,0.00561039056628942,-0.162718504667282,0.386704087257385,0.398188233375549,0.00556476786732674,-0.162681460380554,-0.01419806946069,0.206556275486946,-0.0142003353685141,0.206556156277657,0.00556476786732674,-0.162681460380554,0.386614382266998,0.398255228996277,0.0055192019790411,-0.162644356489182,0.00556476786732674,-0.162681460380554,-0.01419806946069,0.206556275486946,0.0055192019790411,-0.162644356489182,0.386611312627792,0.398255199193954
10.5839996337891,0.386628568172455,0.398169189691544,0.00559783214703202,-0.162723764777184,-0.0141015239059925,0.206546679139137,0.00555220991373062,-0.162686720490456,0.00559783214703202,-0.162723749876022,0.386625409126282,0.398169189691544,0.00555220991373062,-0.162686720490456,-0.0140992579981685,0.206546813249588,-0.0141015239059925,0.206546679139137,0.00555220991373062,-0.162686720490456,0.38653576374054,0.398236215114594,0.00550668360665441,-0.162649571895599,0.00555220991373062,-0.162686720490456,-0.0140992570668459,0.206546798348427,0.00550668360665441,-0.162649571895599,0.386532604694366,0.398236185312271
10.584400177002,0.386549949645996,0.39815017580986,0.00558527139946818,-0.162729009985924,-0.0140027236193419,0.206537127494812,0.00553965102881193,-0.162691935896873,0.00558527233079076,-0.162729024887085,0.386546671390533,0.398150146007538,0.00553965102881193,-0.162691935896873,-0.0140004586428404,0.206537276506424,-0.0140029201284051,0.206537112593651,0.00553965102881193,-0.162691935896873,0.386457085609436,0.398217290639877,0.00549412565305829,-0.162654772400856,0.00553965102881193,-0.162691935896873,-0.0140004586428404,0.206537276506424,0.00549412565305829,-0.162654772400856,0.386453956365585,0.398217260837555
10.5847997665405,0.386471152305603,0.398131251335144,0.00557271158322692,-0.162734270095825,-0.013904033228755,0.206527501344681,0.00552709074690938,-0.162697166204453,0.00557271158322692,-0.162734270095825,0.386468112468719,0.398131251335144,0.00552709074690938,-0.162697166204453,-0.0139016695320606,0.206527680158615,-0.0139041319489479,0.206527516245842,0.00552709074690938,-0.162697166204453,0.386378437280655,0.398198336362839,0.00548156630247831,-0.162659972906113,0.00552709074690938,-0.162697166204453,-0.0139016695320606,0.206527680158615,0.00548156630247831,-0.162659972906113,0.386375278234482,0.398198366165161
10.5852003097534,0.3863924741745,0.398112386465073,0.00556014990434051,-0.162739515304565,-0.0138052552938461,0.206517830491066,0.00551456864923239,-0.16270238161087,0.00556014990434051,-0.162739515304565,0.386389344930649,0.39811235666275,0.00551456911489367,-0.162702396512032,-0.0138028906658292,0.206518009305,-0.0138052552938461,0.206517830491066,0.00551456911489367,-0.162702396512032,0.386299729347229,0.398179590702057,0.00546900695189834,-0.162665188312531,0.00551456911489367,-0.162702396512032,-0.0138028906658292,0.206518009305,0.00546900695189834,-0.162665188312531,0.386296570301056,0.398179560899734
10.585599899292,0.386313796043396,0.398093551397324,0.00554758729413152,-0.162744760513306,-0.0137064876034856,0.206508114933968,0.00550200697034597,-0.162707611918449,0.00554758729413152,-0.162744760513306,0.386310636997223,0.398093551397324,0.00550196832045913,-0.162707597017288,-0.0137041248381138,0.206508278846741,-0.0137064885348082,0.206508129835129,0.00550196832045913,-0.162707597017288,0.386220991611481,0.398160815238953,0.00545644573867321,-0.162670359015465,0.00550196832045913,-0.162707597017288,-0.0137041248381138,0.206508278846741,0.00545644573867321,-0.162670359015465,0.386217832565308,0.398160815238953
10.5860004425049,0.386235028505325,0.398074835538864,0.00553502375259995,-0.162750005722046,-0.0136077329516411,0.206498324871063,0.00548940571025014,-0.162712812423706,0.00553502375259995,-0.162750005722046,0.386231869459152,0.398074835538864,0.00548940571025014,-0.162712812423706,-0.0136053692549467,0.206498473882675,-0.0136077338829637,0.206498339772224,0.00548940571025014,-0.162712812423706,0.386142283678055,0.398142158985138,0.00544388359412551,-0.16267554461956,0.00548940571025014,-0.162712812423706,-0.0136053692549467,0.206498473882675,0.00544388359412551,-0.16267554461956,0.386139124631882,0.398142158985138
10.5864000320435,0.386156290769577,0.398056179285049,0.00552245927974582,-0.162755236029625,-0.0135088907554746,0.206488490104675,0.00547684216871858,-0.162718027830124,0.00552245927974582,-0.162755236029625,0.386153131723404,0.398056149482727,0.00547684216871858,-0.162718027830124,-0.0135065279901028,0.206488639116287,-0.0135088907554746,0.206488490104675,0.00547684216871858,-0.162718027830124,0.386063575744629,0.398123562335968,0.00543132098391652,-0.162680715322495,0.00547684216871858,-0.162718027830124,-0.0135065279901028,0.206488639116287,0.00543132098391652,-0.162680715322495,0.386060416698456,0.398123562335968
10.586799621582,0.386077642440796,0.398037612438202,0.00550989387556911,-0.162760466337204,-0.0134100597351789,0.206478580832481,0.00546427816152573,-0.162723228335381,0.00550989434123039,-0.162760481238365,0.386074364185333,0.398037612438202,0.00546427816152573,-0.162723228335381,-0.0134076960384846,0.206478729844093,-0.0134100597351789,0.206478580832481,0.00546427816152573,-0.162723228335381,0.385984838008881,0.39810499548912,0.00541875744238496,-0.16268590092659,0.00546427816152573,-0.162723228335381,-0.0134076960384846,0.206478729844093,0.00541875744238496,-0.16268590092659,0.385981678962708,0.39810499548912
10.5872001647949,0.385998904705048,0.398019075393677,0.00549732754006982,-0.162765696644783,-0.0133112408220768,0.206468611955643,0.00545171275734901,-0.162728428840637,0.00549732800573111,-0.162765711545944,0.385995656251907,0.398019075393677,0.00545171275734901,-0.162728428840637,-0.0133088771253824,0.206468746066093,-0.0133112408220768,0.206468611955643,0.00545171275734901,-0.162728428840637,0.385906040668488,0.398086547851563,0.00540619296953082,-0.162691071629524,0.00545171275734901,-0.162728428840637,-0.0133088771253824,0.206468746066093,0.00540619296953082,-0.162691071629524,0.385902971029282,0.39808651804924
10.5875997543335,0.38592004776001,0.398000597953796,0.0054847220890224,-0.162770912051201,-0.0132124312222004,0.206458568572998,0.00543914595618844,-0.162733614444733,0.0054847220890224,-0.162770912051201,0.385916888713837,0.398000597953796,0.00543914595618844,-0.162733614444733,-0.013210067525506,0.206458702683449,-0.0132124312222004,0.206458568572998,0.00543914595618844,-0.162733614444733,0.385827332735062,0.398068100214005,0.0053936280310154,-0.16269625723362,0.00543914595618844,-0.162733614444733,-0.013210067525506,0.206458702683449,0.0053936280310154,-0.16269625723362,0.385824114084244,0.398068100214005
10.5880002975464,0.385841310024261,0.397982239723206,0.00547211477532983,-0.162776127457619,-0.0131136355921626,0.20644848048687,0.00542657915502787,-0.162738800048828,0.0054721157066524,-0.16277614235878,0.385838061571121,0.397982269525528,0.00542657915502787,-0.162738814949989,-0.0131112718954682,0.206448614597321,-0.0131136355921626,0.20644848048687,0.00542657915502787,-0.162738814949989,0.385748535394669,0.398049801588058,0.00538106122985482,-0.162701413035393,0.00542657915502787,-0.162738814949989,-0.0131112718954682,0.206448614597321,0.00538106122985482,-0.162701413035393,0.385745406150818,0.398049771785736
10.588399887085,0.385762453079224,0.39796394109726,0.00545954611152411,-0.162781327962875,-0.0130148502066731,0.206438317894936,0.00541401095688343,-0.162743985652924,0.00545954657718539,-0.162781342864037,0.385759294033051,0.39796394109726,0.00541401142254472,-0.162744000554085,-0.0130124865099788,0.206438452005386,-0.0130148502066731,0.206438317894936,0.00541401142254472,-0.162744000554085,0.385669738054276,0.398031532764435,0.00536849442869425,-0.162706568837166,0.00541401142254472,-0.162744000554085,-0.0130123887211084,0.206438466906548,0.00536849442869425,-0.162706568837166,0.385666579008102,0.398031502962112
10.5888004302979,0.385683655738831,0.397945672273636,0.00544697651639581,-0.162786543369293,-0.0129159772768617,0.206428110599518,0.00540144182741642,-0.162749171257019,0.00544697698205709,-0.162786558270454,0.38568052649498,0.397945702075958,0.00540144182741642,-0.162749171257019,-0.0129136145114899,0.206428244709969,-0.0129159772768617,0.206428110599518,0.00540144182741642,-0.162749171257019,0.385590940713882,0.398013293743134,0.00535588711500168,-0.162711724638939,0.00540144182741642,-0.162749171257019,-0.0129136145114899,0.206428244709969,0.00535592623054981,-0.162711724638939,0.385587751865387,0.398013353347778
10.5892000198364,0.385604828596115,0.397927522659302,0.00543440598994493,-0.16279174387455,-0.0128170195966959,0.206417858600616,0.00538883358240128,-0.162754356861115,0.00543440598994493,-0.16279174387455,0.385601669549942,0.397927522659302,0.00538883358240128,-0.162754356861115,-0.0128147536888719,0.206417962908745,-0.0128170195966959,0.206417858600616,0.00538883358240128,-0.162754356861115,0.385512053966522,0.397995203733444,0.00534331845119596,-0.162716865539551,0.00538883358240128,-0.162754356861115,-0.0128147536888719,0.206417962908745,0.00534331845119596,-0.162716865539551,0.385508924722672,0.397995203733444
10.589599609375,0.385525971651077,0.397909373044968,0.00542179495096207,-0.162796944379807,-0.0127182686701417,0.206407487392426,0.00537622394040227,-0.162759512662888,0.00542179541662335,-0.162796959280968,0.385522872209549,0.397909373044968,0.00537622394040227,-0.162759512662888,-0.0127159059047699,0.206407621502876,-0.0127182686701417,0.206407487392426,0.00537622394040227,-0.162759512662888,0.385433286428452,0.397977143526077,0.00533070974051952,-0.162722021341324,0.00537622394040227,-0.162759512662888,-0.0127159059047699,0.206407621502876,0.00533070974051952,-0.162722021341324,0.385430127382278,0.397977143526077
10.5900001525879,0.385447114706039,0.397891342639923,0.0054091839119792,-0.162802129983902,-0.0126194320619106,0.206397086381912,0.00536365201696754,-0.162764668464661,0.00540918437764049,-0.162802144885063,0.385443955659866,0.397891342639923,0.00536365201696754,-0.162764668464661,-0.0126170692965388,0.206397235393524,-0.0126194320619106,0.206397086381912,0.00536365201696754,-0.162764668464661,0.385354429483414,0.397959172725677,0.00531813921406865,-0.162727147340775,0.00536365201696754,-0.162764668464661,-0.0126170692965388,0.206397235393524,0.00531813921406865,-0.162727147340775,0.385351330041885,0.397959232330322
10.5903997421265,0.385368257761002,0.397873371839523,0.00539661012589931,-0.162807315587997,-0.0125205088406801,0.206386640667915,0.00535107916221023,-0.162769824266434,0.0053966105915606,-0.162807330489159,0.385365158319473,0.397873371839523,0.00535107962787151,-0.162769839167595,-0.0125182447955012,0.206386759877205,-0.0125205088406801,0.206386640667915,0.00535107962787151,-0.162769839167595,0.385275542736053,0.3979412317276,0.00530556682497263,-0.162732258439064,0.00535107962787151,-0.162769839167595,-0.0125182447955012,0.206386759877205,0.00530556682497263,-0.162732258439064,0.38527238368988,0.3979412317276
10.5908002853394,0.385289400815964,0.397855490446091,0.00538403633981943,-0.162812501192093,-0.0124216955155134,0.206376120448112,0.00533850537613034,-0.162774994969368,0.00538403633981943,-0.162812501192093,0.385286241769791,0.397855490446091,0.00533850584179163,-0.162775009870529,-0.0124193336814642,0.206376239657402,-0.0124216955155134,0.206376120448112,0.00533850584179163,-0.162775009870529,0.385196685791016,0.397923409938812,0.00529299443587661,-0.162737399339676,0.00533850584179163,-0.162775009870529,-0.0124193336814642,0.206376239657402,0.00529299443587661,-0.162737399339676,0.385193586349487,0.397923409938812
10.5911998748779,0.385210514068604,0.397837609052658,0.00537142157554626,-0.162817671895027,-0.0123228933662176,0.206365510821342,0.00532589294016361,-0.16278013586998,0.00537142157554626,-0.162817671895027,0.38520735502243,0.397837668657303,0.00532585382461548,-0.16278013586998,-0.0123204337432981,0.206365674734116,-0.0123228942975402,0.206365525722504,0.00532589294016361,-0.16278013586998,0.385117888450623,0.397905617952347,0.00528038199990988,-0.162742525339127,0.00532589294016361,-0.16278013586998,-0.0123204337432981,0.206365674734116,0.00528038199990988,-0.162742525339127,0.385114639997482,0.397905617952347
10.5916004180908,0.385131597518921,0.397819846868515,0.00535880727693439,-0.1628228276968,-0.0122239077463746,0.20635487139225,0.00531327864155173,-0.162785291671753,0.00535880727693439,-0.1628228276968,0.38512846827507,0.397819936275482,0.00531327864155173,-0.162785291671753,-0.0122216446325183,0.206355005502701,-0.0122239086776972,0.206354886293411,0.00531327864155173,-0.162785291671753,0.385038912296295,0.397887945175171,0.00526776956394315,-0.162747636437416,0.00531327864155173,-0.162785291671753,-0.0122216437011957,0.20635499060154,0.00526776956394315,-0.162747636437416,0.385035753250122,0.397887945175171
10.5920000076294,0.385052710771561,0.397802174091339,0.0053462297655642,-0.162828013300896,-0.0121250320225954,0.206344172358513,0.00530070252716541,-0.162790432572365,0.0053462297655642,-0.162828013300896,0.385049611330032,0.397802203893661,0.00530070252716541,-0.162790432572365,-0.0121227679774165,0.206344291567802,-0.0121250320225954,0.206344172358513,0.00530070252716541,-0.162790432572365,0.384960055351257,0.397870302200317,0.00525519344955683,-0.162752747535706,0.00530070252716541,-0.162790432572365,-0.0121227679774165,0.206344291567802,0.00525519344955683,-0.162752747535706,0.384956926107407,0.397870302200317
10.592399597168,0.384973764419556,0.397784560918808,0.00533361313864589,-0.162833169102669,-0.0120261684060097,0.20633339881897,0.00528808636590838,-0.162795558571815,0.00533361360430717,-0.16283318400383,0.384970635175705,0.397784560918808,0.00528804771602154,-0.162795558571815,-0.0120239052921534,0.206333518028259,-0.0120261684060097,0.20633339881897,0.00528808636590838,-0.162795558571815,0.384881138801575,0.397852718830109,0.00524261733517051,-0.162757858633995,0.00528804771602154,-0.162795558571815,-0.0120239052921534,0.206333518028259,0.00524261733517051,-0.162757858633995,0.384877949953079,0.397852748632431
10.5928001403809,0.384894877672195,0.397767037153244,0.005320995580405,-0.162838339805603,-0.01192731782794,0.206322580575943,0.00527546973899007,-0.162800684571266,0.005320995580405,-0.162838339805603,0.384891659021378,0.397767066955566,0.00527546973899007,-0.162800684571266,-0.0119249550625682,0.206322699785233,-0.01192731782794,0.206322580575943,0.00527546973899007,-0.162800684571266,0.384802222251892,0.397835195064545,0.00523000163957477,-0.162762969732285,0.00527546973899007,-0.162800684571266,-0.0119249550625682,0.206322699785233,0.00523000163957477,-0.162762969732285,0.384798973798752,0.397835224866867
10.5931997299194,0.38481593132019,0.397749543190002,0.00530837709084153,-0.162843495607376,-0.0118283797055483,0.20631168782711,0.00526289083063602,-0.162805825471878,0.00530837709084153,-0.162843495607376,0.384812772274017,0.397749543190002,0.00526289083063602,-0.162805825471878,-0.011826116591692,0.2063118070364,-0.0118283797055483,0.20631168782711,0.00526289083063602,-0.162805825471878,0.384723305702209,0.39781779050827,0.00521738501265645,-0.162768065929413,0.00526289083063602,-0.162805825471878,-0.011826116591692,0.2063118070364,0.00521738501265645,-0.162768065929413,0.384720057249069,0.39781779050827
10.5936002731323,0.384737014770508,0.397732138633728,0.00529579585418105,-0.162848621606827,-0.0117295514792204,0.206300720572472,0.00525027187541127,-0.162810936570168,0.00529575766995549,-0.162848636507988,0.38473379611969,0.397732138633728,0.00525027187541127,-0.162810936570168,-0.0117271905764937,0.206300839781761,-0.011729552410543,0.206300735473633,0.00525027187541127,-0.162810936570168,0.384644329547882,0.397800445556641,0.00520480610430241,-0.162773162126541,0.00525027187541127,-0.162810936570168,-0.0117271905764937,0.206300839781761,0.00520480610430241,-0.16277314722538,0.384641170501709,0.397800445556641
10.5939998626709,0.384658008813858,0.397714793682098,0.00528317550197244,-0.1628537774086,-0.0116306385025382,0.206289708614349,0.00523765245452523,-0.162816062569618,0.00528317550197244,-0.1628537774086,0.38465490937233,0.397714823484421,0.00523765245452523,-0.162816062569618,-0.0116282775998116,0.206289827823639,-0.0116306385025382,0.206289708614349,0.00523765245452523,-0.162816062569618,0.384565353393555,0.397783100605011,0.00519218761473894,-0.162778258323669,0.00523765245452523,-0.162816062569618,-0.0116282775998116,0.206289827823639,0.00519218761473894,-0.162778258323669,0.384562253952026,0.397783160209656
10.5944004058838,0.384579062461853,0.397697508335114,0.00527055421844125,-0.162858903408051,-0.0115316389128566,0.206278637051582,0.00522507121786475,-0.162821173667908,0.00527055421844125,-0.162858903408051,0.384575873613358,0.397697538137436,0.00522503256797791,-0.162821173667908,-0.0115293757990003,0.206278756260872,-0.0115316389128566,0.206278637051582,0.00522503256797791,-0.162821173667908,0.384486377239227,0.397765934467316,0.00517956772819161,-0.162783354520798,0.00522503256797791,-0.162821173667908,-0.0115293757990003,0.206278756260872,0.00517960684373975,-0.162783339619637,0.384483218193054,0.397765904664993
10.5947999954224,0.384500086307526,0.397680342197418,0.00525793200358748,-0.162864044308662,-0.0114327501505613,0.206267505884171,0.00521241128444672,-0.162826269865036,0.00525793200358748,-0.162864044308662,0.384496837854385,0.397680371999741,0.00521241128444672,-0.162826269865036,-0.011430487036705,0.206267610192299,-0.0114328488707542,0.206267490983009,0.00521241128444672,-0.162826269865036,0.384407430887222,0.39774876832962,0.00516698649153113,-0.162788420915604,0.00521241128444672,-0.162826269865036,-0.011430487036705,0.206267610192299,0.00516698649153113,-0.162788420915604,0.384404242038727,0.39774876832962
10.5951995849609,0.384421110153198,0.397663176059723,0.00524530885741115,-0.162869185209274,-0.0113338734954596,0.206256300210953,0.0051998277194798,-0.162831380963326,0.00524530885741115,-0.162869185209274,0.384417861700058,0.397663205862045,0.0051998277194798,-0.162831380963326,-0.0113315125927329,0.20625638961792,-0.0113339712843299,0.206256285309792,0.0051998277194798,-0.162831380963326,0.38432839512825,0.397731691598892,0.00515436474233866,-0.16279348731041,0.0051998277194798,-0.162831380963326,-0.0113315125927329,0.20625638961792,0.00515436474233866,-0.16279348731041,0.384325265884399,0.397731721401215
10.5956001281738,0.384342014789581,0.397646129131317,0.00523268477991223,-0.162874296307564,-0.0112349111586809,0.206245049834251,0.00518716545775533,-0.162836477160454,0.00523268477991223,-0.162874296307564,0.384338885545731,0.39764615893364,0.00518716545775533,-0.162836477160454,-0.0112326480448246,0.206245139241219,-0.0112349111586809,0.206245049834251,0.00518716545775533,-0.162836477160454,0.384249448776245,0.397714704275131,0.00514174299314618,-0.162798553705215,0.00518716545775533,-0.162836477160454,-0.0112326480448246,0.206245139241219,0.00514174299314618,-0.162798553705215,0.384246200323105,0.397714704275131
10.5959997177124,0.384263008832932,0.397629112005234,0.00522005977109075,-0.162879422307014,-0.0111360587179661,0.206233695149422,0.00517458096146584,-0.162841573357582,0.00522002158686519,-0.162879437208176,0.384259909391403,0.397629171609879,0.00517458096146584,-0.162841573357582,-0.0111336978152394,0.206233814358711,-0.0111360596492887,0.206233710050583,0.00517458096146584,-0.162841573357582,0.384170383214951,0.39769771695137,0.00512911938130856,-0.162803620100021,0.00517458096146584,-0.162841573357582,-0.0111336978152394,0.206233814358711,0.00512915849685669,-0.162803620100021,0.3841672539711,0.397697746753693
10.5964002609253,0.384183973073959,0.397612184286118,0.00520743429660797,-0.162884533405304,-0.0110372202470899,0.20622231066227,0.00516195595264435,-0.162846654653549,0.00520743476226926,-0.162884548306465,0.384180843830109,0.39761221408844,0.00516195595264435,-0.162846654653549,-0.0110347606241703,0.206222429871559,-0.0110372202470899,0.20622231066227,0.00516195595264435,-0.162846654653549,0.384091347455978,0.397680819034576,0.00511649623513222,-0.162808686494827,0.00516195595264435,-0.162846654653549,-0.0110347606241703,0.206222429871559,0.00511649623513222,-0.162808686494827,0.384088158607483,0.397680878639221
10.5967998504639,0.38410496711731,0.397595316171646,0.0051947683095932,-0.162889644503593,-0.0109381973743439,0.206210851669312,0.00514933001250029,-0.162851735949516,0.0051947683095932,-0.162889644503593,0.384101718664169,0.397595375776291,0.00514933001250029,-0.162851735949516,-0.0109359342604876,0.206210970878601,-0.0109381973743439,0.206210851669312,0.00514933001250029,-0.162851735949516,0.384012281894684,0.397664040327072,0.00510391034185886,-0.162813737988472,0.00514933001250029,-0.162851735949516,-0.0109359342604876,0.206210970878601,0.00510391034185886,-0.162813737988472,0.384009182453156,0.397664070129395
10.5972003936768,0.384025901556015,0.397578537464142,0.00518217962235212,-0.162894740700722,-0.0108392834663391,0.20619934797287,0.00513670360669494,-0.162856817245483,0.00518214143812656,-0.162894755601883,0.384022682905197,0.397578597068787,0.00513666495680809,-0.162856802344322,-0.010836923494935,0.206199482083321,-0.0108392834663391,0.20619934797287,0.00513666495680809,-0.162856802344322,0.383933275938034,0.39764729142189,0.00509124621748924,-0.162818789482117,0.00513666495680809,-0.162856802344322,-0.010836923494935,0.206199482083321,0.00509124621748924,-0.162818804383278,0.383930087089539,0.397647351026535
10.5975999832153,0.383946776390076,0.39756178855896,0.00516951270401478,-0.16289983689785,-0.0107402866706252,0.206187799572945,0.00512407580390573,-0.162861868739128,0.00516951316967607,-0.162899851799011,0.383943676948547,0.397561877965927,0.00512407580390573,-0.162861868739128,-0.0107380235567689,0.206187888979912,-0.0107402866706252,0.206187799572945,0.00512407626956701,-0.162861883640289,0.38385421037674,0.397630661725998,0.00507861888036132,-0.1628238260746,0.00512407626956701,-0.162861883640289,-0.0107380235567689,0.206187888979912,0.00507865799590945,-0.162823840975761,0.383851081132889,0.397630661725998
10.5979995727539,0.383867710828781,0.39754518866539,0.00515688303858042,-0.162904933094978,-0.0106413988396525,0.206176161766052,0.00511140841990709,-0.162866950035095,0.00515688303858042,-0.162904933094978,0.383864551782608,0.397545218467712,0.00511140841990709,-0.162866950035095,-0.0106390379369259,0.206176251173019,-0.0106413997709751,0.206176176667213,0.00511140841990709,-0.162866950035095,0.383775144815445,0.397614032030106,0.00506599154323339,-0.162828877568245,0.00511140841990709,-0.162866950035095,-0.0106390379369259,0.206176251173019,0.00506599154323339,-0.162828877568245,0.383771955966949,0.39761409163475
10.5984001159668,0.383788645267487,0.39752858877182,0.00514425290748477,-0.162910029292107,-0.0105424802750349,0.206164464354515,0.00509881833568215,-0.162872016429901,0.00514425290748477,-0.162910029292107,0.383785426616669,0.39752870798111,0.00509877968579531,-0.162872016429901,-0.0105401678010821,0.206164553761482,-0.0105424802750349,0.206164464354515,0.00509877968579531,-0.162872016429901,0.383696049451828,0.397597521543503,0.00505336280912161,-0.162833914160728,0.00509877968579531,-0.162872016429901,-0.0105401678010821,0.206164553761482,0.00505336280912161,-0.162833914160728,0.3836929500103,0.397597581148148
10.5987997055054,0.383709520101547,0.39751210808754,0.00513158272951841,-0.162915110588074,-0.0104435682296753,0.206152692437172,0.00508614862337708,-0.162877067923546,0.00513158272951841,-0.162915110588074,0.383706331253052,0.397512167692184,0.00508614862337708,-0.162877067923546,-0.0104412082582712,0.2061527967453,-0.0104435691609979,0.206152707338333,0.00508614908903837,-0.162877082824707,0.383616983890533,0.397581040859222,0.00504073407500982,-0.162838935852051,0.00508614908903837,-0.162877082824707,-0.0104412082582712,0.2061527967453,0.00504073407500982,-0.162838935852051,0.383613795042038,0.39758113026619
10.5992002487183,0.383630484342575,0.397495657205582,0.00511895073577762,-0.162920191884041,-0.0103445230051875,0.206140875816345,0.00507351802662015,-0.162882134318352,0.00511895073577762,-0.162920191884041,0.383627265691757,0.397495716810226,0.00507347891107202,-0.162882119417191,-0.0103422617539763,0.206140980124474,-0.010344572365284,0.206140875816345,0.00507347891107202,-0.162882119417191,0.383537888526917,0.397564649581909,0.00502806529402733,-0.162843972444534,0.00507347891107202,-0.162882119417191,-0.0103422123938799,0.206140980124474,0.00502810394391418,-0.162843972444534,0.383534669876099,0.397564768791199
10.5995998382568,0.383551359176636,0.397479325532913,0.00510631781071424,-0.162925273180008,-0.0102455886080861,0.206128999590874,0.00506088556721807,-0.162887170910835,0.00510631781071424,-0.162925273180008,0.383548110723495,0.397479325532913,0.00506088556721807,-0.162887170910835,-0.0102432779967785,0.206129103899002,-0.0102455886080861,0.206128999590874,0.00506088556721807,-0.162887170910835,0.3834587931633,0.397548377513885,0.00501547334715724,-0.162848979234695,0.00506088556721807,-0.162887170910835,-0.0102432779967785,0.206129088997841,0.00501547334715724,-0.162848979234695,0.383455574512482,0.397548407316208
10.6000003814697,0.383472204208374,0.397462993860245,0.00509364483878016,-0.162930339574814,-0.0101466672495008,0.206117048859596,0.00504821399226785,-0.162892207503319,0.00509364530444145,-0.162930354475975,0.383469074964523,0.39746305346489,0.00504821399226785,-0.162892207503319,-0.0101443072780967,0.206117153167725,-0.0101466681808233,0.206117078661919,0.00504821399226785,-0.162892207503319,0.383379578590393,0.397532135248184,0.00500280223786831,-0.162854000926018,0.00504821399226785,-0.162892207503319,-0.0101443072780967,0.206117153167725,0.00500284135341644,-0.162854000926018,0.383376449346542,0.397532135248184
