frequency_ghz,port1_rl_db,port2_rl_db,port3_rl_db,port4_rl_db
2.000000000000000000e+00,3.099446965985221958e-01,1.136533413718748275e-01,2.949824695011225156e-02,1.533550665835377580e-01
2.000299930572509766e+00,3.091173864457712472e-01,1.126419053267469633e-01,2.973034074636810367e-02,1.523423813304908836e-01
2.000600099563598633e+00,3.083885386900208636e-01,1.117130433133789458e-01,3.006479662610822903e-02,1.513461817489025751e-01
2.000900030136108398e+00,3.077554877955419044e-01,1.108698164622163446e-01,3.049905101925631454e-02,1.503688449353810519e-01
2.001199960708618164e+00,3.072234660004780626e-01,1.101135690893430413e-01,3.103614851335773431e-02,1.494144892504460642e-01
2.001499891281127930e+00,3.067931998789162895e-01,1.094458688656020084e-01,3.167161490057186779e-02,1.484849851326372483e-01
2.001800060272216797e+00,3.064649338944972490e-01,1.088690351555004904e-01,3.240859509556329177e-02,1.475818623754038550e-01
2.002099990844726562e+00,3.062421870368344790e-01,1.083828314249540847e-01,3.324661576052156259e-02,1.467103088008751000e-01
2.002399921417236328e+00,3.061254143287486795e-01,1.079905662825943746e-01,3.418515081528485100e-02,1.458700203740108392e-01
2.002700090408325195e+00,3.061168494242543781e-01,1.076918471445777736e-01,3.522299473104986700e-02,1.450642158327910547e-01
2.003000020980834961e+00,3.062145575689557142e-01,1.074894282009877106e-01,3.636012429952759778e-02,1.442954093795220383e-01
2.003299951553344727e+00,3.064219410195921922e-01,1.073833671755759084e-01,3.759700889886139624e-02,1.435660876002031183e-01
2.003599882125854492e+00,3.067401204468163112e-01,1.073759821077469589e-01,3.893272102647849647e-02,1.428791039421401510e-01
2.003900051116943359e+00,3.071695657346957820e-01,1.074658737138354386e-01,4.036451359863769961e-02,1.422342452189824524e-01
2.004199981689453125e+00,3.077089244991150219e-01,1.076554774887033550e-01,4.189556485315383549e-02,1.416356461244387688e-01
2.004499912261962891e+00,3.083613049508998061e-01,1.079468701083547977e-01,4.352188987115451768e-02,1.410842802063096424e-01
2.004800081253051758e+00,3.091272225878798907e-01,1.083376417770508526e-01,4.524441141310859421e-02,1.405827989739479866e-01
2.005100011825561523e+00,3.100049265014621636e-01,1.088295174620736300e-01,4.706126924981464399e-02,1.401329793617515362e-01
2.005399942398071289e+00,3.109956467178145445e-01,1.094243966997704431e-01,4.897262924817792629e-02,1.397361876738224540e-01
2.005700111389160156e+00,3.120999435101599606e-01,1.101206673252740909e-01,5.097738194045665222e-02,1.393931500504586030e-01
2.006000041961669922e+00,3.133186174151964543e-01,1.109186440213523750e-01,5.307359517357013168e-02,1.391069682517444006e-01
2.006299972534179688e+00,3.146501922560290820e-01,1.118196911712642655e-01,5.526085639908262515e-02,1.388809824040914132e-01
2.006599903106689453e+00,3.160943308363869941e-01,1.128252607059122004e-01,5.753823092578144727e-02,1.387127398983579174e-01
2.006900072097778320e+00,3.176523842992739488e-01,1.139318639981776460e-01,5.990448673318771872e-02,1.386051003938647552e-01
2.007200002670288086e+00,3.193234860974855649e-01,1.151415113491186526e-01,6.235801774701055233e-02,1.385606193421332621e-01
2.007499933242797852e+00,3.211057208934756657e-01,1.164548022029509994e-01,6.489887231560342862e-02,1.385789343831974885e-01
2.007800102233886719e+00,3.230003438975571628e-01,1.178693927019529575e-01,6.752362259766170327e-02,1.386625448787608961e-01
2.008100032806396484e+00,3.250066465260204596e-01,1.193866095424465229e-01,7.023245461013039037e-02,1.388132095717011794e-01
2.008399963378906250e+00,3.271228636269585821e-01,1.210065252563146398e-01,7.302406952737003354e-02,1.390300145087934314e-01
2.008699893951416016e+00,3.293502653738055730e-01,1.227268052602252663e-01,7.589844132505579877e-02,1.393149914088015473e-01
2.009000062942504883e+00,3.316855314327366577e-01,1.245483554821438937e-01,7.885048068097198770e-02,1.396686087730459325e-01
2.009299993515014648e+00,3.341299823044247552e-01,1.264698429013877412e-01,8.188224119334838735e-02,1.400919179190332209e-01
2.009599924087524414e+00,3.366817363634689309e-01,1.284917615069317565e-01,8.499038613612711068e-02,1.405864902036139119e-01
2.009900093078613281e+00,3.393404728347216293e-01,1.306123480576473206e-01,8.817365204517646493e-02,1.411518995630592910e-01
2.010200023651123047e+00,3.421021575106649726e-01,1.328313003019526428e-01,9.143137150597181739e-02,1.417894775114424133e-01
2.010499954223632812e+00,3.449698445308435613e-01,1.351473828432068758e-01,9.476158131725861966e-02,1.424995947192604084e-01
2.010799884796142578e+00,3.479398738262657886e-01,1.375600987078756388e-01,9.816155768453556363e-02,1.432834814626269826e-01
2.011100053787231445e+00,3.510122683304398028e-01,1.400694717031614189e-01,1.016315862690774507e-01,1.441396353976671374e-01
2.011399984359741211e+00,3.541845058877290953e-01,1.426720178944242412e-01,1.051685682263727023e-01,1.450701728459281581e-01
2.011699914932250977e+00,3.574555054582477798e-01,1.453688270207686428e-01,1.087723697459168221e-01,1.460749462089407091e-01
2.012000083923339844e+00,3.608243932462008585e-01,1.481578932500675627e-01,1.124400571251417541e-01,1.471542571383237519e-01
2.012300014495849609e+00,3.642880961206346191e-01,1.510383526145175626e-01,1.161714458938704619e-01,1.483078086343917190e-01
2.012599945068359375e+00,3.678471336582866402e-01,1.540083532035263214e-01,1.199642002102288552e-01,1.495361573174431857e-01
2.012900114059448242e+00,3.714994388607309461e-01,1.570688472359871024e-01,1.238149358206175610e-01,1.508408019148290147e-01
2.013200044631958008e+00,3.752421330094550811e-01,1.602148356719232669e-01,1.277241286768608375e-01,1.522186043772494612e-01
2.013499975204467773e+00,3.790740232947247823e-01,1.634483968208423899e-01,1.316893105996617408e-01,1.536724324115292251e-01
2.013799905776977539e+00,3.829931978292416828e-01,1.667659827132217387e-01,1.357090349332473467e-01,1.552006142232163488e-01
2.014100074768066406e+00,3.870004600679427531e-01,1.701679015436079467e-01,1.397811520452686418e-01,1.568033988612412832e-01
2.014400005340576172e+00,3.910895582146933780e-01,1.736505990744767192e-01,1.439053171182541058e-01,1.584810277165010495e-01
2.014699935913085938e+00,3.952618570552488553e-01,1.772148948162257098e-01,1.480780304236765099e-01,1.602320154727413237e-01
2.015000104904174805e+00,3.995129986862526739e-01,1.808570182928707082e-01,1.522991918858040139e-01,1.620568936169050622e-01
2.015300035476684570e+00,4.038451758635014377e-01,1.845764611565439139e-01,1.565659399595995538e-01,1.639558821239962549e-01
2.015599966049194336e+00,4.082525462800545846e-01,1.883725016033624966e-01,1.608777079342955940e-01,1.659279318878826848e-01
2.015899896621704102e+00,4.127344397695625333e-01,1.922412386830980868e-01,1.652313758286762524e-01,1.679722399760454066e-01
2.016200065612792969e+00,4.172895482491112418e-01,1.961836909472410850e-01,1.696260189224769732e-01,1.700883771910996212e-01
2.016499996185302734e+00,4.219140896910264504e-01,2.001960335404865954e-01,1.740597398257928419e-01,1.722759880133057919e-01
2.016799926757812500e+00,4.266086381165433705e-01,2.042775681803828125e-01,1.785334031695008372e-01,1.745340862956690497e-01
2.017100095748901367e+00,4.313679638450079734e-01,2.084258616904500760e-01,1.830414575589791593e-01,1.768631711523785399e-01
2.017400026321411133e+00,4.361921568713585939e-01,2.126396700500866876e-01,1.875839623233239994e-01,1.792613748031088305e-01
2.017699956893920898e+00,4.410798272928853625e-01,2.169181858912971606e-01,1.921599261852306728e-01,1.817290319305063240e-01
2.017999887466430664e+00,4.460263747250402533e-01,2.212584063829886316e-01,1.967680448075297128e-01,1.842639031338047517e-01
2.018300056457519531e+00,4.510316949648595641e-01,2.256589169108436099e-01,2.014046741323533563e-01,1.868671149261048881e-01
2.018599987030029297e+00,4.560934251298304209e-01,2.301168323692665552e-01,2.060705931667523583e-01,1.895351981032178668e-01
2.018899917602539062e+00,4.612086716812953124e-01,2.346324197206824946e-01,2.107639094947765246e-01,1.922708243446450416e-01
2.019200086593627930e+00,4.663754979635498232e-01,2.392022942674243147e-01,2.154821887689201687e-01,1.950694237690423216e-01
2.019500017166137695e+00,4.715926467995596449e-01,2.438252285950770204e-01,2.202239361809822660e-01,1.979338688029634308e-01
2.019799947738647461e+00,4.768583434543806066e-01,2.484992554266893250e-01,2.249882273603695804e-01,2.008599417477233140e-01
2.020100116729736328e+00,4.821678702326093746e-01,2.532228080864464825e-01,2.297738034545622199e-01,2.038484423007738411e-01
2.020400047302246094e+00,4.875210848411325459e-01,2.579972120320135343e-01,2.345798971078278117e-01,2.069004785371056643e-01
2.020699977874755859e+00,4.929191313970502364e-01,2.628122438352686330e-01,2.394031719292368798e-01,2.100062843369587817e-01
2.020999908447265625e+00,4.983531538489451851e-01,2.676738900146330424e-01,2.442442302122638242e-01,2.131741921588686806e-01
2.021300077438354492e+00,5.038235993079684949e-01,2.725734178672210573e-01,2.491012413073037113e-01,2.164032529363796031e-01
2.021600008010864258e+00,5.093305018198587275e-01,2.775185561787877897e-01,2.539740417438271503e-01,2.196833716236801792e-01
2.021899938583374023e+00,5.148725535798778230e-01,2.825005739442998931e-01,2.588606098384217957e-01,2.230220144489762912e-01
2.022200107574462891e+00,5.204434681670574436e-01,2.875179977074490134e-01,2.637565287180933526e-01,2.264157563358308312e-01
2.022500038146972656e+00,5.260446981369527597e-01,2.925734556643996287e-01,2.686664462961723676e-01,2.298619818561913331e-01
2.022799968719482422e+00,5.316741944394981489e-01,2.976593188751673336e-01,2.735867124070350820e-01,2.333616379514251160e-01
2.023099899291992188e+00,5.373293956370475133e-01,3.027776780981512039e-01,2.785139491477914842e-01,2.369119710045928806e-01
2.023400068283081055e+00,5.430070380374349970e-01,3.079286936866072466e-01,2.834498232448576793e-01,2.405146642374500210e-01
2.023699998855590820e+00,5.487064487631740928e-01,3.131052026977629299e-01,2.883957047945269192e-01,2.441625308942376726e-01
2.023999929428100586e+00,5.544260416729411833e-01,3.183088455619708657e-01,2.933456486595911183e-01,2.478610241747171705e-01
2.024300098419189453e+00,5.601632837776762130e-01,3.235364395028399453e-01,2.983010195994164615e-01,2.516048514241062684e-01
2.024600028991699219e+00,5.659171884630491700e-01,3.287874914227747469e-01,3.032616426818904865e-01,2.553942173067668686e-01
2.024899959564208984e+00,5.716854682505557728e-01,3.340604188726673529e-01,3.082250985760099926e-01,2.592286488334966665e-01
2.025199890136718750e+00,5.774669944820027823e-01,3.393533418017231074e-01,3.131920409209025813e-01,2.631054587665435096e-01
2.025500059127807617e+00,5.832594577504508493e-01,3.446655301589504061e-01,3.181602267414384566e-01,2.670256808021090333e-01
2.025799989700317383e+00,5.890622014715242161e-01,3.499944728328001631e-01,3.231324239410159338e-01,2.709861698136042385e-01
2.026099920272827148e+00,5.948728226798746244e-01,3.553391810457048328e-01,3.281035030706977995e-01,2.749869021386229240e-01
2.026400089263916016e+00,6.006894047314762508e-01,3.606976032479932703e-01,3.330767280518800999e-01,2.790262277906476740e-01
2.026700019836425781e+00,6.065112436314169519e-01,3.660692783197865285e-01,3.380492066992103473e-01,2.831032065654928154e-01
2.026999950408935547e+00,6.123378050963425023e-01,3.714526062148748031e-01,3.430221674174230850e-01,2.872172826247077482e-01
2.027299880981445312e+00,6.181655343717307183e-01,3.768455926954858981e-01,3.479948851275069255e-01,2.913663143090889363e-01
2.027600049972534180e+00,6.239948751949040417e-01,3.822477109617110624e-01,3.529648645398758555e-01,2.955501949015117980e-01
2.027899980545043945e+00,6.298236575648019642e-01,3.876582323728031132e-01,3.579346095804607497e-01,2.997676379111921530e-01
2.028199911117553711e+00,6.356507563905438030e-01,3.930748162524183575e-01,3.629030050955550091e-01,3.040171970843054128e-01
2.028500080108642578e+00,6.414754895368947052e-01,3.984967015549604197e-01,3.678681364906127849e-01,3.082980101957494279e-01
2.028800010681152344e+00,6.472956084310271807e-01,4.039220174774543759e-01,3.728328359907027156e-01,3.126091000288258592e-01
2.029099941253662109e+00,6.531122357818553992e-01,4.093512027919100627e-01,3.777943854106906585e-01,3.169510160842528568e-01
2.029400110244750977e+00,6.589214175619790836e-01,4.147829458153572402e-01,3.827545602451016826e-01,3.213201214592883437e-01
2.029700040817260742e+00,6.647243285366228882e-01,4.202154491213561660e-01,3.877122957253576474e-01,3.257175020652549602e-01
2.029999971389770508e+00,6.705191617433198248e-01,4.256479520464138133e-01,3.926685063691297550e-01,3.301410680032766942e-01
2.030299901962280273e+00,6.763054426469661262e-01,4.310799746793775311e-01,3.976224573487343594e-01,3.345903066174521490e-01
2.030600070953369141e+00,6.820826757763793768e-01,4.365105169343036495e-01,4.025741662005467014e-01,3.390654538873900115e-01
2.030900001525878906e+00,6.878484038674509415e-01,4.419391746613584582e-01,4.075244987320990608e-01,3.435635225335370024e-01
2.031199932098388672e+00,6.936040128224584267e-01,4.473646747133734891e-01,4.124734765541195891e-01,3.480860066475377490e-01
2.031500101089477539e+00,6.993481653244799645e-01,4.527862258972587539e-01,4.174210642927742021e-01,3.526316067966778767e-01
2.031800031661987305e+00,7.050791816324102346e-01,4.582038870464317792e-01,4.223687763143201268e-01,3.571982027372131441e-01
2.032099962234497070e+00,7.107989670698344753e-01,4.636169954146243666e-01,4.273149703340195504e-01,3.617865631413680894e-01
2.032399892807006836e+00,7.165054256446357073e-01,4.690242164284154081e-01,4.322630646821284950e-01,3.663951869213484258e-01
2.032700061798095703e+00,7.221977917771638111e-01,4.744263995108788934e-01,4.372100538557713301e-01,3.710236968818356740e-01
2.032999992370605469e+00,7.278769173747735577e-01,4.798212201650301489e-01,4.421586632335889333e-01,3.756729115887077475e-01
2.033299922943115234e+00,7.335416353650383581e-01,4.852098233375029546e-01,4.471094491026814666e-01,3.803390324894341257e-01
2.033600091934204102e+00,7.391914203775216130e-01,4.905916325132481659e-01,4.520619722850438005e-01,3.850237007833633429e-01
2.033900022506713867e+00,7.448284277204596515e-01,4.959670660988796942e-01,4.570173401239638888e-01,3.897283496860268759e-01
2.034199953079223633e+00,7.504492486698906006e-01,5.013332445678718718e-01,4.619772816453793784e-01,3.944478086673159911e-01
2.034499883651733398e+00,7.560562893174249677e-01,5.066930719565081453e-01,4.669409167345947576e-01,3.991860562217293129e-01
2.034800052642822266e+00,7.616488090561891466e-01,5.120450441557670151e-01,4.719107824454784605e-01,4.039400045198185962e-01
2.035099983215332031e+00,7.672265465667066353e-01,5.173891801383772027e-01,4.768862109551890160e-01,4.087116675552223688e-01
2.035399913787841797e+00,7.727904301340159376e-01,5.227253940343367100e-01,4.818682004574146305e-01,4.134982028377578445e-01
2.035700082778930664e+00,7.783391306034463941e-01,5.280538027863589390e-01,4.868581187927866205e-01,4.183008677055884972e-01
2.036000013351440430e+00,7.838750723844866153e-01,5.333755213614692625e-01,4.918584957540997893e-01,4.231200461004961388e-01
2.036299943923950195e+00,7.893956292350965409e-01,5.386889310716882484e-01,4.968674836142225604e-01,4.279530602457987110e-01
2.036600112915039062e+00,7.949042175263563159e-01,5.439955597751421346e-01,5.018868497012698437e-01,4.328025571283721229e-01
2.036900043487548828e+00,8.004015359804410590e-01,5.492945508757194339e-01,5.069184989026251920e-01,4.376677850264066860e-01
2.037199974060058594e+00,8.058847852972805814e-01,5.545869204520501583e-01,5.119639902179378144e-01,4.425468861304692747e-01
2.037499904632568359e+00,8.113559064700391898e-01,5.598741478761627421e-01,5.170234831092541672e-01,4.474422585846104528e-01
2.037800073623657227e+00,8.168163334924333219e-01,5.651538771414279516e-01,5.220984244532975715e-01,4.523524881853192570e-01
2.038100004196166992e+00,8.222657032211173611e-01,5.704289832327915644e-01,5.271893861177380236e-01,4.572785876267693728e-01
2.038399934768676758e+00,8.277049794896028656e-01,5.756992612649701746e-01,5.322987492038397939e-01,4.622200231069142906e-01
2.038700103759765625e+00,8.331346606580842806e-01,5.809637247115452263e-01,5.374277782461193143e-01,4.671762685144369431e-01
2.039000034332275391e+00,8.385575546279659953e-01,5.862255997631352633e-01,5.425769249252628823e-01,4.721497422248929210e-01
2.039299964904785156e+00,8.439711424069871182e-01,5.914833835859508726e-01,5.477471793993662352e-01,4.771398218013556125e-01
2.039599895477294922e+00,8.493779904855556229e-01,5.967397643494335435e-01,5.529404243971343114e-01,4.821447339024786394e-01
2.039900064468383789e+00,8.547785718301226243e-01,6.019928908094085429e-01,5.581589593140192651e-01,4.871669799641398790e-01
2.040199995040893555e+00,8.601750232765960069e-01,6.072462087449613799e-01,5.634036313594066314e-01,4.922073421061141651e-01
2.040499925613403320e+00,8.655665149960221072e-01,6.124984591355200347e-01,5.686755831822247753e-01,4.972649288490930131e-01
2.040800094604492188e+00,8.709544600229158773e-01,6.177515825477806199e-01,5.739756728153766474e-01,5.023397413191028615e-01
2.041100025177001953e+00,8.763424601445130024e-01,6.230048822914355799e-01,5.793054934516641552e-01,5.074331618074775507e-01
2.041399955749511719e+00,8.817286753396960108e-01,6.282617475411542696e-01,5.846689032164512634e-01,5.125471750303377538e-01
2.041699886322021484e+00,8.871147276170081586e-01,6.335220046178682285e-01,5.900643775973489769e-01,5.176806738047291523e-01
2.042000055313110352e+00,8.925018583107466874e-01,6.387856145016206355e-01,5.954942927096275040e-01,5.228327967605609361e-01
2.042299985885620117e+00,8.978924068424811722e-01,6.440558083851857241e-01,6.009611140363448900e-01,5.280066303974174646e-01
2.042599916458129883e+00,9.032872223267562894e-01,6.493323355236662042e-01,6.064658983395116998e-01,5.332034804101629666e-01
2.042900085449218750e+00,9.086861780329852367e-01,6.546149027557829347e-01,6.120105079027365891e-01,5.384211382589477735e-01
2.043200016021728516e+00,9.140921490880855593e-01,6.599075445545703467e-01,6.175955637632728479e-01,5.436625727361211746e-01
2.043499946594238281e+00,9.195051862037286750e-01,6.652084670758726670e-01,6.232225874706713853e-01,5.489264670141609237e-01
2.043800115585327148e+00,9.249285555171299356e-01,6.705210959853076247e-01,6.288946898350161741e-01,5.542164953586339315e-01
2.044100046157836914e+00,9.303615736376634748e-01,6.758470521107049489e-01,6.346124138387831959e-01,5.595312954801959782e-01
2.044399976730346680e+00,9.358063116620904953e-01,6.811851019091323955e-01,6.403772105437249840e-01,5.648730158513622923e-01
2.044699907302856445e+00,9.412642223004040742e-01,6.865367840502869523e-01,6.461921674117545589e-01,5.702418994045441725e-01
2.045000076293945312e+00,9.467361608457847133e-01,6.919058495381519291e-01,6.520573540829220915e-01,5.756384113540511382e-01
2.045300006866455078e+00,9.522253812323898670e-01,6.972922211596531694e-01,6.579733389993281945e-01,5.810659920282855717e-01
2.045599937438964844e+00,9.577317200061519209e-01,7.026961254826786796e-01,6.639457981341702064e-01,5.865217338426149674e-01
2.045900106430053711e+00,9.632570051744724360e-01,7.081209457392274587e-01,6.699712009869058793e-01,5.920114377453935539e-01
2.046200037002563477e+00,9.688031764604800866e-01,7.135660343757493917e-01,6.760556966331526807e-01,5.975310250101705245e-01
2.046499967575073242e+00,9.743700111886079984e-01,7.190346391952542326e-01,6.821989321398878037e-01,6.030853074540626357e-01
2.046799898147583008e+00,9.799623586585743951e-01,7.245280169299190831e-01,6.884013471925704009e-01,6.086744962526107194e-01
2.047100067138671875e+00,9.855787871367684971e-01,7.300439450524094376e-01,6.946669006717169914e-01,6.142985058770470408e-01
2.047399997711181641e+00,9.912218424921359627e-01,7.355892889386554945e-01,7.009957184822319665e-01,6.199593568669301558e-01
2.047699928283691406e+00,9.968932012197474490e-01,7.411619271663859587e-01,7.073917594729310920e-01,6.256579481715439650e-01
2.048000097274780273e+00,1.002595389625879463e+00,7.467640508273047928e-01,7.138523128527706207e-01,6.313978069264549742e-01
2.048300027847290039e+00,1.008325896424478785e+00,7.523985883806351138e-01,7.203830900911436519e-01,6.371756645075489223e-01
2.048599958419799805e+00,1.014091618971209918e+00,7.580648923130249850e-01,7.269826387265653223e-01,6.429963154655780055e-01
2.048899888992309570e+00,1.019890633801485258e+00,7.637649406942541574e-01,7.336545287002881333e-01,6.488607786749007733e-01
2.049200057983398438e+00,1.025725633827089700e+00,7.695016366034439503e-01,7.403997591076267870e-01,6.547689387216470980e-01
2.049499988555908203e+00,1.031598241817645922e+00,7.752747622641440461e-01,7.472187294894272469e-01,6.607223635398384864e-01
2.049799919128417969e+00,1.037509399045395631e+00,7.810867811961146323e-01,7.541143307533727524e-01,6.667220405637650504e-01
2.050100088119506836e+00,1.043461233900967677e+00,7.869380847077442898e-01,7.610874442887217706e-01,6.727706733235722103e-01
2.050400018692016602e+00,1.049454989634534652e+00,7.928322768590223557e-01,7.681428235301656082e-01,6.788674624996340334e-01
2.050699949264526367e+00,1.055491550623244512e+00,7.987685714032590756e-01,7.752755667770900860e-01,6.850167426946640603e-01
2.051000118255615234e+00,1.061572065704143419e+00,8.047487101270233145e-01,7.824919763461712918e-01,6.912167764411796256e-01
2.051300048828125000e+00,1.067699432427954287e+00,8.107740671718594028e-01,7.897919043872592137e-01,6.974707014437082631e-01
2.051599979400634766e+00,1.073876664334317388e+00,8.168469175983505970e-01,7.971774215428963917e-01,7.037786380045216728e-01
2.051899909973144531e+00,1.080101021754839685e+00,8.229699817419879881e-01,8.046490386211981871e-01,7.101439889838561115e-01
2.052200078964233398e+00,1.086376238582178244e+00,8.291418564850123740e-01,8.122091972990261866e-01,7.165652814078906641e-01
2.052500009536743164e+00,1.092704164024691726e+00,8.353659099419199485e-01,8.198581394995642091e-01,7.230468930534778016e-01
2.052799940109252930e+00,1.099084728744718742e+00,8.416419262493608500e-01,8.275977900580380187e-01,7.295878723393373066e-01
2.053100109100341797e+00,1.105520166530661319e+00,8.479735194597649572e-01,8.354299843012613636e-01,7.361899932791626799e-01
2.053400039672851562e+00,1.112011891789805640e+00,8.543609364920279337e-01,8.433538171914856107e-01,7.428562876326927356e-01
2.053699970245361328e+00,1.118560054108572510e+00,8.608038193520860526e-01,8.513735269851457899e-01,7.495855859465507809e-01
2.053999900817871094e+00,1.125167457890556610e+00,8.673060268836679798e-01,8.594891348066396874e-01,7.563817132115493447e-01
2.054300069808959961e+00,1.131835132640871100e+00,8.738679857726767697e-01,8.677007557873194221e-01,7.632440952181471783e-01
2.054600000381469727e+00,1.138563232997382491e+00,8.804913753968737211e-01,8.760104210970138805e-01,7.701750231034796279e-01
2.054899930953979492e+00,1.145353648145646996e+00,8.871758213806902882e-01,8.844205765338608582e-01,7.771754613527754874e-01
2.055200099945068359e+00,1.152207988386030335e+00,8.939236054418056021e-01,8.929294676616654769e-01,7.842459334249374248e-01
2.055500030517578125e+00,1.159126669660481390e+00,9.007364929773785667e-01,9.015396677249516433e-01,7.913884736035269318e-01
2.055799961090087891e+00,1.166110473131436009e+00,9.076168045422072783e-01,9.102525766167391952e-01,7.986062206056632196e-01
2.056099891662597656e+00,1.173162388388724553e+00,9.145628511376836522e-01,9.190694036912474552e-01,8.058978447813252011e-01
2.056400060653686523e+00,1.180281712335970568e+00,9.215777872256896153e-01,9.279898655787113260e-01,8.132658751204036029e-01
2.056699991226196289e+00,1.187468783671016048e+00,9.286610783822293325e-01,9.370169063093976014e-01,8.207102852873724430e-01
2.056999921798706055e+00,1.194726214752486637e+00,9.358165874913010329e-01,9.461492032679417186e-01,8.282341118369890287e-01
2.057300090789794922e+00,1.202054472836565857e+00,9.430423677088628498e-01,9.553891905861945366e-01,8.358387059210702352e-01
2.057600021362304688e+00,1.209452927621772256e+00,9.503404540940386669e-01,9.647360886124705104e-01,8.435228217634282988e-01
2.057899951934814453e+00,1.216924955869528979e+00,9.577134225216893393e-01,9.741916467806950308e-01,8.512899440031844733e-01
2.058199882507324219e+00,1.224470848321121297e+00,9.651610286847757125e-01,9.837569778917372165e-01,8.591398437306891900e-01
2.058500051498413086e+00,1.232088613938297827e+00,9.726839359559460441e-01,9.934319662894924852e-01,8.670754491145638010e-01
2.058799982070922852e+00,1.239781288649560720e+00,9.802822744799590815e-01,1.003218522310804328e+00,8.750961782884973950e-01
2.059099912643432617e+00,1.247550543462431882e+00,9.879588410697438539e-01,1.013115772526924419e+00,8.832029370280944924e-01
2.059400081634521484e+00,1.255393894278543643e+00,9.957126961101158136e-01,1.023125798433126121e+00,8.913986341247066569e-01
2.059700012207031250e+00,1.263315028266086326e+00,1.003545998263955852e+00,1.033246147180831187e+00,8.996833205573258052e-01
2.059999942779541016e+00,1.271313139206087239e+00,1.011459354330088711e+00,1.043480100738853888e+00,9.080576600284464561e-01
2.060300111770629883e+00,1.279387881459077114e+00,1.019453279002730417e+00,1.053827937911993473e+00,9.165231519657204284e-01
2.060600042343139648e+00,1.287540855661101213e+00,1.027527727021788184e+00,1.064290667578770222e+00,9.250805337566060382e-01
2.060899972915649414e+00,1.295773656599412460e+00,1.035682261483037880e+00,1.074866544393759060e+00,9.337309382180640771e-01
2.061199903488159180e+00,1.304082885155904981e+00,1.043921887522779368e+00,1.085556015570233956e+00,9.424747433429234711e-01
2.061500072479248047e+00,1.312471968584014714e+00,1.052241258341092722e+00,1.096361148776604511e+00,9.513131202276730036e-01
2.061800003051757812e+00,1.320939219021069366e+00,1.060646272038556770e+00,1.107281178096606755e+00,9.602472836393980415e-01
2.062099933624267578e+00,1.329487044346862268e+00,1.069134440026225263e+00,1.118315669909307530e+00,9.692773680194116670e-01
2.062400102615356445e+00,1.338113481263507820e+00,1.077706686679990034e+00,1.129465411536280772e+00,9.784049133194929748e-01
2.062700033187866211e+00,1.346820022340613487e+00,1.086364660125453963e+00,1.140731114789022227e+00,9.876308262377930802e-01
2.062999963760375977e+00,1.355604415747059921e+00,1.095105151685996425e+00,1.152111329533674677e+00,9.969546532180912912e-01
2.063299894332885742e+00,1.364471695076142854e+00,1.103932727607542574e+00,1.163606809134678732e+00,1.006378809049307099e+00
2.063600063323974609e+00,1.373415713774644331e+00,1.112845059528836611e+00,1.175218946190111691e+00,1.015901382890457505e+00
2.063899993896484375e+00,1.382440591656475037e+00,1.121841662547478968e+00,1.186944440886952501e+00,1.025525771465543245e+00
2.064199924468994141e+00,1.391544094982566593e+00,1.130925334780411573e+00,1.198784878138057008e+00,1.035250016622814906e+00
2.064500093460083008e+00,1.400725756100705821e+00,1.140095633626055260e+00,1.210740039508113375e+00,1.045076637123067309e+00
2.064800024032592773e+00,1.409986545846268591e+00,1.149350515568699382e+00,1.222810970695888733e+00,1.055004572257478124e+00
2.065099954605102539e+00,1.419325283044632569e+00,1.158690522954807900e+00,1.234995638312593957e+00,1.065036683810077545e+00
2.065399885177612305e+00,1.428741503552539260e+00,1.168117926349055313e+00,1.247291428098836086e+00,1.075169590699873723e+00
2.065700054168701172e+00,1.438236571798958918e+00,1.177629396495688097e+00,1.259703286295454472e+00,1.085407037418637755e+00
2.065999984741210938e+00,1.447808217821188181e+00,1.187227343474355212e+00,1.272226992762337749e+00,1.095748088770259532e+00
2.066299915313720703e+00,1.457455200237931292e+00,1.196911477948064073e+00,1.284862442472642918e+00,1.106192352825469571e+00
2.066600084304809570e+00,1.467178719251263308e+00,1.206678947104393052e+00,1.297609407033006867e+00,1.116741447009984789e+00
2.066900014877319336e+00,1.476977077144837391e+00,1.216532841020309341e+00,1.310466685147456012e+00,1.127394720690737318e+00
2.067199945449829102e+00,1.486848594793688028e+00,1.226468398157534390e+00,1.323435718895155988e+00,1.138151852337809355e+00
2.067500114440917969e+00,1.496795803819097825e+00,1.236488937682435951e+00,1.336514034518805349e+00,1.149013198647059308e+00
2.067800045013427734e+00,1.506813987309150615e+00,1.246595047293451719e+00,1.349699730155879518e+00,1.159980165098345228e+00
2.068099975585937500e+00,1.516904238608698829e+00,1.256781729624599997e+00,1.362993775465362933e+00,1.171050886397704716e+00
2.068399906158447266e+00,1.527066723277934468e+00,1.267051864978515630e+00,1.376395426633167496e+00,1.182225568749016187e+00
2.068700075149536133e+00,1.537296700455649257e+00,1.277403486476244243e+00,1.389901139771665628e+00,1.193505903549756830e+00
2.069000005722045898e+00,1.547595716158234769e+00,1.287835261962435363e+00,1.403514582236045305e+00,1.204890117812485784e+00
2.069299936294555664e+00,1.557962281871356547e+00,1.298347216753142019e+00,1.417230417887450633e+00,1.216377877125509821e+00
2.069600105285644531e+00,1.568395573757362937e+00,1.308939555715546987e+00,1.431047116264521302e+00,1.227968518486066252e+00
2.069900035858154297e+00,1.578894176791626469e+00,1.319610504842085419e+00,1.444967224798005878e+00,1.239664215327812791e+00
2.070199966430664062e+00,1.589457195012338397e+00,1.330358285969419629e+00,1.458987787144750969e+00,1.251460926103356019e+00
2.070499897003173828e+00,1.600081910948778496e+00,1.341183851174609476e+00,1.473106695010811151e+00,1.263362952631847946e+00
2.070800065994262695e+00,1.610766359811310444e+00,1.352084758989411606e+00,1.487322929214805134e+00,1.275364305114120578e+00
2.071099996566772461e+00,1.621511710809262485e+00,1.363060448415164494e+00,1.501636004961958371e+00,1.287469670991995274e+00
2.071399927139282227e+00,1.632314868641307148e+00,1.374109317414644593e+00,1.516042743227296263e+00,1.299675126854245910e+00
2.071700096130371094e+00,1.643174834496944126e+00,1.385231715207725367e+00,1.530541094246932188e+00,1.311981763713871540e+00
2.072000026702880859e+00,1.654088526059731334e+00,1.396424008633013969e+00,1.545133358687330816e+00,1.324386374597382732e+00
2.072299957275390625e+00,1.665056691850242299e+00,1.407687159191684856e+00,1.559815134265782666e+00,1.336892308910430760e+00
2.072599887847900391e+00,1.676074679405049617e+00,1.419018642528106167e+00,1.574585554259137821e+00,1.349496089053511483e+00
2.072900056838989258e+00,1.687144071620108488e+00,1.430417129316736258e+00,1.589441153016114328e+00,1.362196736420977272e+00
2.073199987411499023e+00,1.698259699582972626e+00,1.441881402112401789e+00,1.604380766501587452e+00,1.374994138463566884e+00
2.073499917984008789e+00,1.709422799151590233e+00,1.453409711145830174e+00,1.619405606829845912e+00,1.387886788803165850e+00
2.073800086975097656e+00,1.720628286001564033e+00,1.465001412853408347e+00,1.634509927886686809e+00,1.400875322364857123e+00
2.074100017547607422e+00,1.731876355954354185e+00,1.476653372890232685e+00,1.649691692269603660e+00,1.413957284968556216e+00
2.074399948120117188e+00,1.743164629593519255e+00,1.488366014651107738e+00,1.664952343288948367e+00,1.427131211509647946e+00
2.074700117111206055e+00,1.754490056430519029e+00,1.500136270414921258e+00,1.680287144060752524e+00,1.440398193069773125e+00
2.075000047683715820e+00,1.765851376367246761e+00,1.511961455031915147e+00,1.695694217604292175e+00,1.453752947862633205e+00
2.075299978256225586e+00,1.777246605209510832e+00,1.523842074113857414e+00,1.711171376642725006e+00,1.467198603849791061e+00
2.075599908828735352e+00,1.788672832840128901e+00,1.535775068183122594e+00,1.726717327565305826e+00,1.480730708998352574e+00
2.075900077819824219e+00,1.800127685069533356e+00,1.547757997986906942e+00,1.742328019346222945e+00,1.494348645523891905e+00
2.076200008392333984e+00,1.811608264319312100e+00,1.559788654676703912e+00,1.758003361411489829e+00,1.508052434597944025e+00
2.076499938964843750e+00,1.823114331225826223e+00,1.571867374796623196e+00,1.773737829244787179e+00,1.521839421761888467e+00
2.076800107955932617e+00,1.834642153058713143e+00,1.583991221556770634e+00,1.789533590115111483e+00,1.535707755516464212e+00
2.077100038528442383e+00,1.846188419029100469e+00,1.596157276707818928e+00,1.805384298460366299e+00,1.549657159261149664e+00
2.077399969100952148e+00,1.857753062099629426e+00,1.608363147845772279e+00,1.821288637419475442e+00,1.563684499997088029e+00
2.077699899673461914e+00,1.869332422437496311e+00,1.620605865553947034e+00,1.837242897639709494e+00,1.577789186641105124e+00
2.078000068664550781e+00,1.880921291575865073e+00,1.632886459757927122e+00,1.853246790324327709e+00,1.591967694376115405e+00
2.078299999237060547e+00,1.892520704009540644e+00,1.645198983570804740e+00,1.869296489979909159e+00,1.606220056515092143e+00
2.078599929809570312e+00,1.904126387193850523e+00,1.657544301702605249e+00,1.885388359164352767e+00,1.620544374616395222e+00
2.078900098800659180e+00,1.915736068072066534e+00,1.669919260732157795e+00,1.901519323466925204e+00,1.634939610914913022e+00
2.079200029373168945e+00,1.927346277911646810e+00,1.682319463302152096e+00,1.917689015347210146e+00,1.649399829315365995e+00
2.079499959945678711e+00,1.938956115351251563e+00,1.694743445770007462e+00,1.933892080252981316e+00,1.663926068609668851e+00
2.079799890518188477e+00,1.950559725823802104e+00,1.707189885798479301e+00,1.950126311099116494e+00,1.678517334224625124e+00
2.080100059509277344e+00,1.962157174237884938e+00,1.719655124580687922e+00,1.966389815656686357e+00,1.693168963328267385e+00
2.080399990081787109e+00,1.973743941793491885e+00,1.732137183955433812e+00,1.982677736770033672e+00,1.707880071948003620e+00
2.080699920654296875e+00,1.985318525971930814e+00,1.744632608238350979e+00,1.998987922246419302e+00,1.722646722640899242e+00
2.081000089645385742e+00,1.996876110405144678e+00,1.757140519401828360e+00,2.015317054684565345e+00,1.737470700700203485e+00
2.081300020217895508e+00,2.008415717981601123e+00,1.769656376895816674e+00,2.031662865999283696e+00,1.752346231184915837e+00
2.081599950790405273e+00,2.019933911353885225e+00,1.782177651853686484e+00,2.048020724627554578e+00,1.767270082748878535e+00
2.081899881362915039e+00,2.031425392281534847e+00,1.794703322466638662e+00,2.064388781991020494e+00,1.782243620988567923e+00
2.082200050354003906e+00,2.042891329099241648e+00,1.807228273330605095e+00,2.080762359667470029e+00,1.797260486419029135e+00
2.082499980926513672e+00,2.054325952121134780e+00,1.819750859767943041e+00,2.097139072524460524e+00,1.812320517497018058e+00
2.082799911499023438e+00,2.065726694322584045e+00,1.832268590828639576e+00,2.113515960325332621e+00,1.827421014229800855e+00
2.083100080490112305e+00,2.077090218134786781e+00,1.844778005122130526e+00,2.129888662058918136e+00,1.842558853942101837e+00
2.083400011062622070e+00,2.088414384068670415e+00,1.857276929955975930e+00,2.146254279509341334e+00,1.857731332019837200e+00
2.083699941635131836e+00,2.099695252003815682e+00,1.869762408641156837e+00,2.162608689102346826e+00,1.872935604782831387e+00
2.084000110626220703e+00,2.110929554574585421e+00,1.882231355736774026e+00,2.178949841699359791e+00,1.888170768723599569e+00
2.084300041198730469e+00,2.122116140400093443e+00,1.894678999904672922e+00,2.195274008156849810e+00,1.903431380523946448e+00
2.084599971771240234e+00,2.133248865141538886e+00,1.907105817905560885e+00,2.211576399312753072e+00,1.918716162981565443e+00
2.084899902343750000e+00,2.144328954308238000e+00,1.919505767894209569e+00,2.227853234004436800e+00,1.934022419864874776e+00
2.085200071334838867e+00,2.155347862834200434e+00,1.931876611172363090e+00,2.244102516262311386e+00,1.949345476464876992e+00
2.085500001907348633e+00,2.166307232743082789e+00,1.944217177525419338e+00,2.260319495350175512e+00,1.964684145099098389e+00
2.085799932479858398e+00,2.177201930030466581e+00,1.956521791832080304e+00,2.276502157280640759e+00,1.980033660513276450e+00
2.086100101470947266e+00,2.188027283775351606e+00,1.968789825127260640e+00,2.292646358707605803e+00,1.995394060467878816e+00
2.086400032043457031e+00,2.198782802723106222e+00,1.981014815735609336e+00,2.308746913995398220e+00,2.010759588676971354e+00
2.086699962615966797e+00,2.209464808621456999e+00,1.993197066958598551e+00,2.324801422375779136e+00,2.026128404784689252e+00
2.086999893188476562e+00,2.220070700492779547e+00,2.005333032384695180e+00,2.340806262230306523e+00,2.041497857728067356e+00
2.087300062179565430e+00,2.230595667156197948e+00,2.017418960929468597e+00,2.356757002940670365e+00,2.056864559057969721e+00
2.087599992752075195e+00,2.241038928614501380e+00,2.029450195888802266e+00,2.372650991380127028e+00,2.072222744804762762e+00
2.087899923324584961e+00,2.251394969227499931e+00,2.041425264147864294e+00,2.388482882180301026e+00,2.087572548049195120e+00
2.088200092315673828e+00,2.261662377944769986e+00,2.053341079149042070e+00,2.404252087478421451e+00,2.102909310917802532e+00
2.088500022888183594e+00,2.271837366023132354e+00,2.065194780321041090e+00,2.419951706894391208e+00,2.118230053687505610e+00
2.088799953460693359e+00,2.281916376794195678e+00,2.076983564855918729e+00,2.435579034352323369e+00,2.133531327691714274e+00
2.089099884033203125e+00,2.291898567675482834e+00,2.088703515258821586e+00,2.451130785657226419e+00,2.148811208766467473e+00
2.089400053024291992e+00,2.301780382949819348e+00,2.100349714672271162e+00,2.466603187758607429e+00,2.164063624525675245e+00
2.089699983596801758e+00,2.311558620559466704e+00,2.111923433148731544e+00,2.481993365850240885e+00,2.179288142917132465e+00
2.089999914169311523e+00,2.321229043368369105e+00,2.123416735053335724e+00,2.497296670060739743e+00,2.194479270645941948e+00
2.090300083160400391e+00,2.330790401452225602e+00,2.134831413419930435e+00,2.512509865087953820e+00,2.209634477886813997e+00
2.090600013732910156e+00,2.340240232409945609e+00,2.146161567303444873e+00,2.527627692201706466e+00,2.224750067765347783e+00
2.090899944305419922e+00,2.349573304475201851e+00,2.157403344396036537e+00,2.542648221156194044e+00,2.239824210456261788e+00
2.091200113296508789e+00,2.358790192409889297e+00,2.168557488742249628e+00,2.557567869731851129e+00,2.254853098767788833e+00
2.091500043869018555e+00,2.367887145133072302e+00,2.179617186147527530e+00,2.572382139297167747e+00,2.269830788815981215e+00
2.091799974441528320e+00,2.376858474240374886e+00,2.190580255630049322e+00,2.587088677606502962e+00,2.284755875579448592e+00
2.092099905014038086e+00,2.385706293169470804e+00,2.201446024488953324e+00,2.601682719094304819e+00,2.299625650580929381e+00
2.092400074005126953e+00,2.394425055998665286e+00,2.212209081342703776e+00,2.616161263709810836e+00,2.314434638411266398e+00
2.092700004577636719e+00,2.403012224391526619e+00,2.222866696126223118e+00,2.630521068193569789e+00,2.329180656335108068e+00
2.092999935150146484e+00,2.411467938260166033e+00,2.233418550355994014e+00,2.644758893051888382e+00,2.343861592351502932e+00
2.093300104141235352e+00,2.419786657300935673e+00,2.243859860832524422e+00,2.658870483697161724e+00,2.358471490652175984e+00
2.093600034713745117e+00,2.427968009422242890e+00,2.254188119169121762e+00,2.672852740278336192e+00,2.373008257490369477e+00
2.093899965286254883e+00,2.436007791607264217e+00,2.264400920285716268e+00,2.686703173098337061e+00,2.387469361640901955e+00
2.094199895858764648e+00,2.443904154491673086e+00,2.274494403998783554e+00,2.700417646807500738e+00,2.401848311239399791e+00
2.094500064849853516e+00,2.451658679300237509e+00,2.284467988015744133e+00,2.713992907015594369e+00,2.416146322501198984e+00
2.094799995422363281e+00,2.459265343818142213e+00,2.294316062047250249e+00,2.727425576853912403e+00,2.430357219583098694e+00
2.095099925994873047e+00,2.466722537733275544e+00,2.304039188577445163e+00,2.740713065967641082e+00,2.444477102013034475e+00
2.095400094985961914e+00,2.474028412061354931e+00,2.313634011667743628e+00,2.753852004895549932e+00,2.458504424077069039e+00
2.095700025558471680e+00,2.481181808011058365e+00,2.323096215091644101e+00,2.766839132892250142e+00,2.472435069371359262e+00
2.095999956130981445e+00,2.488179790636791733e+00,2.332426470492401371e+00,2.779672651411708717e+00,2.486266008258846583e+00
2.096299886703491211e+00,2.495022065321366611e+00,2.341618556636690052e+00,2.792348154316683928e+00,2.499993470211823166e+00
2.096600055694580078e+00,2.501704950438020880e+00,2.350674446287601693e+00,2.804864630928692648e+00,2.513614515933892513e+00
2.096899986267089844e+00,2.508228495721296358e+00,2.359587498587641274e+00,2.817215805958456443e+00,2.527125934746357050e+00
2.097199916839599609e+00,2.514590143149685986e+00,2.368359539714978368e+00,2.829402321299663736e+00,2.540525914816682107e+00
2.097500085830688477e+00,2.520788573375671415e+00,2.376986339973894857e+00,2.841419692631996785e+00,2.553809505322320206e+00
2.097800016403198242e+00,2.526820583767243278e+00,2.385464939715665089e+00,2.853266994538842027e+00,2.566973891496147964e+00
2.098099946975708008e+00,2.532687382835978607e+00,2.393796258865191540e+00,2.864939281901968116e+00,2.580015952574905125e+00
2.098400115966796875e+00,2.538386476348670318e+00,2.401975231847425007e+00,2.876435984374872135e+00,2.592934363562882094e+00
2.098700046539306641e+00,2.543917867182300618e+00,2.410002595102493039e+00,2.887753776695282326e+00,2.605723413623115547e+00
2.098999977111816406e+00,2.549279678490167900e+00,2.417873571782145348e+00,2.898890805678905558e+00,2.618382558227339008e+00
2.099299907684326172e+00,2.554468767862820844e+00,2.425588333902502391e+00,2.909845009526204507e+00,2.630907845278067203e+00
2.099600076675415039e+00,2.559486530180627994e+00,2.433146221539085996e+00,2.920614528389852360e+00,2.643298100978449305e+00
2.099900007247924805e+00,2.564331306271850242e+00,2.440542482982959616e+00,2.931197033811677954e+00,2.655546462096278315e+00
2.100199937820434570e+00,2.569003159513161272e+00,2.447779224731316372e+00,2.941587877908282245e+00,2.667655419616519641e+00
2.100500106811523438e+00,2.573499445919348982e+00,2.454851834014784462e+00,2.951791391180880630e+00,2.679618062250041177e+00
2.100800037384033203e+00,2.577819251592619043e+00,2.461761997100369470e+00,2.961798434740999131e+00,2.691434189196058036e+00
2.101099967956542969e+00,2.581964976731637051e+00,2.468505923843246297e+00,2.971612631652997383e+00,2.703101277349962750e+00
2.101399898529052734e+00,2.585933563359930965e+00,2.475081053305767664e+00,2.981229634091953518e+00,2.714613630340809713e+00
2.101700067520141602e+00,2.589724185989574323e+00,2.481490561174449994e+00,2.990648057031603635e+00,2.725971357471055789e+00
2.101999998092651367e+00,2.593339735676736257e+00,2.487729945129663722e+00,2.999869572355713832e+00,2.737173464365143083e+00
2.102299928665161133e+00,2.596774860361161785e+00,2.493799294768024755e+00,3.008889068036397774e+00,2.748216559789317337e+00
2.102600097656250000e+00,2.600031900822437070e+00,2.499699369854518682e+00,3.017704714992661685e+00,2.759097134929062722e+00
2.102900028228759766e+00,2.603112762411651460e+00,2.505425237247574266e+00,3.026320466652001162e+00,2.769814049701595948e+00
2.103199958801269531e+00,2.606015756291240493e+00,2.510979096977137726e+00,3.034728947091668960e+00,2.780363473324090062e+00
2.103499889373779297e+00,2.608738882621383759e+00,2.516359149124813843e+00,3.042934264562306979e+00,2.790747811220856356e+00
2.103800058364868164e+00,2.611283738903181106e+00,2.521564573684406341e+00,3.050934141143289313e+00,2.800959562393287694e+00
2.104099988937377930e+00,2.613651711628853569e+00,2.526597392236574535e+00,3.058725666677859500e+00,2.811000920665995384e+00
2.104399919509887695e+00,2.615842157002745250e+00,2.531453744888118251e+00,3.066309746527750235e+00,2.820867433370680022e+00
2.104700088500976562e+00,2.617854834658220220e+00,2.536136435286777679e+00,3.073684108746920884e+00,2.830559363086439628e+00
2.105000019073486328e+00,2.619689386156864863e+00,2.540641522156457555e+00,3.080850519763612461e+00,2.840075062090527069e+00
2.105299949645996094e+00,2.621347318406605176e+00,2.544972803732190592e+00,3.087812022915134680e+00,2.849409993063418689e+00
2.105600118637084961e+00,2.622828747699668561e+00,2.549126309649957456e+00,3.094557729805329949e+00,2.858564803524120013e+00
2.105900049209594727e+00,2.624136259094107082e+00,2.553104418980721046e+00,3.101098512101222227e+00,2.867540368413164398e+00
2.106199979782104492e+00,2.625267718079513202e+00,2.556903840518037541e+00,3.107425239313585053e+00,2.876330341769901544e+00
2.106499910354614258e+00,2.626225510347521830e+00,2.560529960603678656e+00,3.113545633919411415e+00,2.884937659605907978e+00
2.106800079345703125e+00,2.627010357491210701e+00,2.563978982573548837e+00,3.119455718657107024e+00,2.893359477018186077e+00
2.107100009918212891e+00,2.627622376966395557e+00,2.567253544948133737e+00,3.125154459978157107e+00,2.901594928810732554e+00
2.107399940490722656e+00,2.628061684852065483e+00,2.570352034536040442e+00,3.130645690459335384e+00,2.909641452282313967e+00
2.107700109481811523e+00,2.628332867213816204e+00,2.573274503337080965e+00,3.135928151809237896e+00,2.917500978174745185e+00
2.108000040054321289e+00,2.628430651437008159e+00,2.576023938747812103e+00,3.140999501614875733e+00,2.925169209182008956e+00
2.108299970626831055e+00,2.628364131185891406e+00,2.578599399209816845e+00,3.145866536846682493e+00,2.932649355817325443e+00
2.108599901199340820e+00,2.628128261093741536e+00,2.580999406707933375e+00,3.150523200135840085e+00,2.939934326040829049e+00
2.108900070190429688e+00,2.627727727821649317e+00,2.583229192170995336e+00,3.154974656606124306e+00,2.947032546885004489e+00
2.109200000762939453e+00,2.627161515317539831e+00,2.585287340002950796e+00,3.159219497674627064e+00,2.953936448683844418e+00
2.109499931335449219e+00,2.626432524234023180e+00,2.587173512723410340e+00,3.163260851913979987e+00,2.960647744213741994e+00
2.109800100326538086e+00,2.625542170777877438e+00,2.588889623187971445e+00,3.167096830902585314e+00,2.967165516052267638e+00
2.110100030899047852e+00,2.624490289551076216e+00,2.590435433318462710e+00,3.170731862552322422e+00,2.973491947849485229e+00
2.110399961471557617e+00,2.623280474088644620e+00,2.591814215025611379e+00,3.174163021699618614e+00,2.979623050189345257e+00
2.110699892044067383e+00,2.621912524043676473e+00,2.593028088253702013e+00,3.177394778526255070e+00,2.985562808645399357e+00
2.111000061035156250e+00,2.620390552389073147e+00,2.594073611695790760e+00,3.180426164607471406e+00,2.991307148297694507e+00
2.111299991607666016e+00,2.618713636015857382e+00,2.594955510139207444e+00,3.183259823658549870e+00,2.996859104923734751e+00
2.111599922180175781e+00,2.616884173020162407e+00,2.595675179481325312e+00,3.185898753560898911e+00,3.002216120987348802e+00
2.111900091171264648e+00,2.614903735243157890e+00,2.596230379268692268e+00,3.188341802689388160e+00,3.007380522220427288e+00
2.112200021743774414e+00,2.612776834928959957e+00,2.596627590720727685e+00,3.190592012911279252e+00,3.012352428772296697e+00
2.112499952316284180e+00,2.610500545824551821e+00,2.596864557823636233e+00,3.192649847384789741e+00,3.017130133028040895e+00
2.112799882888793945e+00,2.608082233821359175e+00,2.596944638031301267e+00,3.194518412102477889e+00,3.021717203878302005e+00
2.113100051879882812e+00,2.605517547250566501e+00,2.596870211622193558e+00,3.196199080685116378e+00,3.026111264010574065e+00
2.113399982452392578e+00,2.602814476510631359e+00,2.596639103466431564e+00,3.197694030850648517e+00,3.030315560822684606e+00
2.113699913024902344e+00,2.599970576268351152e+00,2.596256519374722238e+00,3.199005370892740618e+00,3.034327348303659910e+00
2.114000082015991211e+00,2.596990193629320487e+00,2.595722653527327672e+00,3.200133530077674315e+00,3.038151755205221960e+00
2.114300012588500977e+00,2.593875926461754577e+00,2.595040540355344927e+00,3.201080755087581053e+00,3.041783505176152147e+00
2.114599943161010742e+00,2.590627914113798447e+00,2.594212067021333556e+00,3.201851606277758222e+00,3.045228487852940535e+00
2.114900112152099609e+00,2.587247581885355530e+00,2.593237910394563084e+00,3.202445514380236169e+00,3.048488492272840134e+00
2.115200042724609375e+00,2.583739309936664341e+00,2.592118931864285436e+00,3.202867092692336826e+00,3.051558299109698336e+00
2.115499973297119141e+00,2.580104674553689303e+00,2.590860495606955638e+00,3.203116868963906683e+00,3.054444892158848290e+00
2.115799903869628906e+00,2.576345766534721804e+00,2.589462183713883370e+00,3.203196016645721400e+00,3.057145877291145286e+00
2.116100072860717773e+00,2.572465061670605291e+00,2.587925852958674611e+00,3.203110913177770858e+00,3.059664281347328263e+00
2.116400003433227539e+00,2.568463294777154626e+00,2.586256584550794990e+00,3.202860337097137133e+00,3.062002027990436304e+00
2.116699934005737305e+00,2.564344068268197496e+00,2.584451444217958471e+00,3.202446558529493892e+00,3.064157506662747110e+00
2.117000102996826172e+00,2.560107321502508970e+00,2.582518652557825867e+00,3.201876207266418195e+00,3.066134901412114644e+00
2.117300033569335938e+00,2.555760775248740568e+00,2.580453119982147214e+00,3.201147242323244768e+00,3.067932917656090996e+00
2.117599964141845703e+00,2.551300461477901571e+00,2.578262535260331223e+00,3.200264095149498722e+00,3.069554896000727950e+00
2.117899894714355469e+00,2.546731727508906307e+00,2.575949093383345101e+00,3.199231348911235617e+00,3.071002904899204911e+00
2.118200063705444336e+00,2.542057591986571108e+00,2.573512019951156304e+00,3.198046890606730308e+00,3.072276269464833565e+00
2.118499994277954102e+00,2.537276396984183169e+00,2.570955320414018530e+00,3.196716885094621485e+00,3.073377227779450216e+00
2.118799924850463867e+00,2.532395234870295386e+00,2.568281049866865562e+00,3.195243184549937610e+00,3.074308753304985764e+00
2.119100093841552734e+00,2.527413616043025613e+00,2.565493751899201147e+00,3.193626938056534748e+00,3.075071284549424799e+00
2.119400024414062500e+00,2.522334135764585650e+00,2.562590451738826047e+00,3.191874287246551756e+00,3.075666258481992266e+00
2.119699954986572266e+00,2.517160078049377248e+00,2.559577965346388595e+00,3.189985439535538703e+00,3.076098850536332030e+00
2.119999885559082031e+00,2.511890351011248246e+00,2.556456231764933751e+00,3.187964485501615819e+00,3.076363770305563516e+00
2.120300054550170898e+00,2.506534608420842414e+00,2.553229395846818406e+00,3.185811226100974114e+00,3.076469171250301393e+00
2.120599985122680664e+00,2.501085018274117111e+00,2.549899088207369768e+00,3.183530151898757765e+00,3.076415347617944107e+00
2.120899915695190430e+00,2.495552472709028802e+00,2.546467867556156506e+00,3.181125983486797537e+00,3.076201512410133176e+00
2.121200084686279297e+00,2.489935846078318971e+00,2.542937706350393512e+00,3.178597745548129794e+00,3.075833890763710610e+00
2.121500015258789062e+00,2.484235359764816575e+00,2.539312346103518969e+00,3.175949280686512388e+00,3.075310122339832475e+00
2.121799945831298828e+00,2.478456126259944270e+00,2.535590656426236045e+00,3.173186463244575428e+00,3.074636455350727271e+00
2.122100114822387695e+00,2.472600102100414254e+00,2.531781021710892254e+00,3.170310487278213074e+00,3.073810948586481739e+00
2.122400045394897461e+00,2.466667175936759548e+00,2.527878168048989238e+00,3.167321079073444512e+00,3.072837474117174228e+00
2.122699975967407227e+00,2.460662341585659885e+00,2.523890304826621023e+00,3.164223676953923814e+00,3.071716801829058152e+00
2.122999906539916992e+00,2.454587547129393865e+00,2.519819226386630806e+00,3.161021418535926664e+00,3.070453228501900611e+00
2.123300075531005859e+00,2.448441879596493287e+00,2.515665116451951455e+00,3.157715559559375329e+00,3.069044627515238322e+00
2.123600006103515625e+00,2.442230284692625375e+00,2.511431483055594605e+00,3.154310807728430976e+00,3.067499717102877277e+00
2.123899936676025391e+00,2.435953511211446099e+00,2.507121065532489812e+00,3.150808600335832654e+00,3.065813895693052071e+00
2.124200105667114258e+00,2.429616135478743111e+00,2.502735839217798741e+00,3.147208539851602538e+00,3.063993281114991696e+00
2.124500036239624023e+00,2.423216411248719560e+00,2.498276745819558720e+00,3.143519003216010521e+00,3.062038391947027094e+00
2.124799966812133789e+00,2.416760801829211047e+00,2.493748124163436053e+00,3.139739249237340601e+00,3.059953230618635445e+00
2.125099897384643555e+00,2.410247545416194015e+00,2.489152623704418144e+00,3.135872257482109404e+00,3.057735134349392148e+00
2.125400066375732422e+00,2.403679063911523528e+00,2.484491299240223050e+00,3.131921761517442615e+00,3.055392633172791417e+00
2.125699996948242188e+00,2.397059817170192453e+00,2.479766634860030905e+00,3.127887913730407643e+00,3.052922885468484004e+00
2.125999927520751953e+00,2.390388479934615340e+00,2.474979737966349624e+00,3.123775661756949429e+00,3.050329401900844672e+00
2.126300096511840820e+00,2.383669701775908756e+00,2.470135086880364650e+00,3.119588128246288505e+00,3.047614346397513607e+00
2.126600027084350586e+00,2.376904427489008764e+00,2.465235394807516300e+00,3.115325380996785576e+00,3.044779368770767825e+00
2.126899957656860352e+00,2.370095331509847636e+00,2.460280321928456804e+00,3.110993701781314513e+00,3.041828109172574734e+00
2.127199888229370117e+00,2.363242462295402468e+00,2.455273275766236551e+00,3.106590916229511556e+00,3.038761060199663078e+00
2.127500057220458984e+00,2.356348024244254713e+00,2.450216174877442477e+00,3.102120045355085676e+00,3.035580648902247880e+00
2.127799987792968750e+00,2.349413848333074650e+00,2.445112414237983867e+00,3.097585561032413892e+00,3.032290473814429177e+00
2.128099918365478516e+00,2.342446242525272115e+00,2.439963494808822908e+00,3.092990170304453112e+00,3.028888909875488089e+00
2.128400087356567383e+00,2.335440045134711706e+00,2.434769572594262854e+00,3.088333684246940436e+00,3.025382206216585601e+00
2.128700017929077148e+00,2.328399897687232656e+00,2.429534986703736799e+00,3.083620681691916499e+00,3.021769803694887457e+00
2.128999948501586914e+00,2.321327329170144615e+00,2.424261357343122203e+00,3.078853804007181338e+00,3.018055819937673245e+00
2.129300117492675781e+00,2.314225595076708331e+00,2.418951158196100515e+00,3.074033067061055391e+00,3.014238021905226717e+00
2.129600048065185547e+00,2.307095646507780540e+00,2.413605039845824862e+00,3.069159620644294595e+00,3.010322446855600464e+00
2.129899978637695312e+00,2.299935162786510556e+00,2.408225916865556204e+00,3.064241582422980059e+00,3.006307823386767275e+00
2.130199909210205078e+00,2.292750935415514668e+00,2.402815193400313465e+00,3.059274051971121011e+00,3.002199877218735935e+00
2.130500078201293945e+00,2.285542016188276460e+00,2.397377052510746065e+00,3.054264084018144310e+00,2.997999441199458825e+00
2.130800008773803711e+00,2.278313126145018686e+00,2.391908977162465977e+00,3.049211474943599676e+00,2.993706663060542006e+00
2.131099939346313477e+00,2.271060299158277562e+00,2.386416983273484504e+00,3.044118746932824138e+00,2.989324543950926838e+00
2.131400108337402344e+00,2.263788808908091976e+00,2.380900622097815500e+00,3.038986564121628042e+00,2.984852838074880221e+00
2.131700038909912109e+00,2.256498308763918548e+00,2.375362021419284986e+00,3.033818502293192942e+00,2.980295386870444485e+00
2.131999969482421875e+00,2.249192471490792489e+00,2.369805779666550372e+00,3.028616049319643011e+00,2.975655317248080856e+00
2.132299900054931641e+00,2.241869394414495620e+00,2.364229243135731018e+00,3.023382131263925743e+00,2.970933128755060437e+00
2.132600069046020508e+00,2.234531993260299831e+00,2.358636475009733502e+00,3.018116224042118212e+00,2.966130376920106837e+00
2.132899999618530273e+00,2.227182148129880801e+00,2.353028412047775131e+00,3.012820991587741748e+00,2.961245995633986716e+00
2.133199930191040039e+00,2.219821882805114388e+00,2.347407315108998915e+00,3.007498971819595468e+00,2.956287323187034133e+00
2.133500099182128906e+00,2.212449880576259797e+00,2.341775147771004040e+00,3.002148181380486669e+00,2.951253557399287963e+00
2.133800029754638672e+00,2.205068487139344224e+00,2.336131835125978995e+00,2.996774070095989728e+00,2.946142320020253891e+00
2.134099960327148438e+00,2.197680536865822098e+00,2.330479965026356126e+00,2.991382144376233843e+00,2.940961263613599552e+00
2.134399890899658203e+00,2.190284914143868278e+00,2.324823156825986725e+00,2.985964307803744333e+00,2.935709371436336035e+00
2.134700059890747070e+00,2.182884448413911382e+00,2.319160323876984897e+00,2.980527295998657955e+00,2.930387277605373431e+00
2.134999990463256836e+00,2.175478867461347221e+00,2.313489169701060444e+00,2.975073593470259237e+00,2.924998256306841959e+00
2.135299921035766602e+00,2.168070550217135573e+00,2.307820250824395458e+00,2.969601257482800349e+00,2.919542358968089779e+00
2.135600090026855469e+00,2.160656415252050877e+00,2.302147565599407919e+00,2.964113222550179394e+00,2.914022371476040263e+00
2.135900020599365234e+00,2.153244540204650281e+00,2.296477441835603095e+00,2.958613524833269448e+00,2.908439164649893272e+00
2.136199951171875000e+00,2.145830755639750009e+00,2.290807507564454504e+00,2.953099423760323194e+00,2.902794143836397112e+00
2.136499881744384766e+00,2.138419223586988327e+00,2.285138928686069271e+00,2.947573957256067079e+00,2.897086407338483216e+00
2.136800050735473633e+00,2.131007513003082998e+00,2.279475212548113916e+00,2.942036872912068279e+00,2.891322877218726717e+00
2.137099981307983398e+00,2.123598038086600415e+00,2.273815292488385431e+00,2.936491757604347441e+00,2.885499956804191690e+00
2.137399911880493164e+00,2.116191739558153984e+00,2.268165198381281833e+00,2.930936028129274451e+00,2.879619708927887878e+00
2.137700080871582031e+00,2.108789919738511820e+00,2.262520018046298098e+00,2.925375194220387609e+00,2.873686165378827262e+00
2.138000011444091797e+00,2.101393595151725968e+00,2.256883308079107753e+00,2.919807435679591556e+00,2.867697890559139484e+00
2.138299942016601562e+00,2.094004598552505758e+00,2.251256800589097828e+00,2.914232431844644644e+00,2.861657017133222070e+00
2.138600111007690430e+00,2.086619543124762277e+00,2.245641297831686867e+00,2.908655563750103035e+00,2.855562327053891458e+00
2.138900041580200195e+00,2.079243710478682505e+00,2.240038148039245947e+00,2.903072330726787609e+00,2.849418341896940099e+00
2.139199972152709961e+00,2.071873400296893042e+00,2.234446308468170717e+00,2.897489042472243259e+00,2.843227114759423912e+00
2.139499902725219727e+00,2.064513921630253268e+00,2.228867465391259461e+00,2.891903421005584285e+00,2.836984036162853329e+00
2.139800071716308594e+00,2.057162879362354424e+00,2.223304864859266150e+00,2.886315648659271815e+00,2.830695866313344133e+00
2.140100002288818359e+00,2.049821499508723832e+00,2.217758296367707160e+00,2.880727367911528169e+00,2.824361138120676795e+00
2.140399932861328125e+00,2.042492244851742189e+00,2.212226374904116000e+00,2.875138262203959627e+00,2.817981003662641371e+00
2.140700101852416992e+00,2.035173150770879680e+00,2.206712338888785929e+00,2.869551869707877678e+00,2.811555934370202348e+00
2.141000032424926758e+00,2.027867300185582700e+00,2.201216067148062283e+00,2.863965374036428368e+00,2.805089473879813777e+00
2.141299962997436523e+00,2.020572840632567146e+00,2.195739292957051170e+00,2.858380817787671280e+00,2.798580291488866223e+00
2.141599893569946289e+00,2.013292100174994825e+00,2.190282493566034105e+00,2.852799171019835711e+00,2.792027680454626903e+00
2.141900062561035156e+00,2.006024916756691923e+00,2.184845160719152801e+00,2.847219262799032702e+00,2.785434975628676924e+00
2.142199993133544922e+00,1.998772170902524348e+00,2.179428335174170783e+00,2.841645230508581754e+00,2.778803116269197737e+00
2.142499923706054688e+00,1.991534063298886270e+00,2.174033280478605334e+00,2.836072788129179845e+00,2.772132339636852016e+00
2.142800092697143555e+00,1.984310551261167843e+00,2.168662221697371439e+00,2.830505029114495752e+00,2.765422391583525208e+00
2.143100023269653320e+00,1.977103271191219314e+00,2.163310740220429018e+00,2.824940975826250700e+00,2.758678572652499827e+00
2.143399953842163086e+00,1.969911730729963839e+00,2.157984190937244584e+00,2.819383331311257734e+00,2.751894270730205871e+00
2.143699884414672852e+00,1.962738795638930167e+00,2.152682667690784868e+00,2.813830089085170183e+00,2.745076067550811683e+00
2.144000053405761719e+00,1.955580047390810483e+00,2.147404368736258284e+00,2.808280905390653892e+00,2.738222578835581622e+00
2.144299983978271484e+00,1.948439227850114142e+00,2.142149816767910053e+00,2.802737654465751405e+00,2.731334639202136927e+00
2.144599914550781250e+00,1.941317082627914026e+00,2.136922841071304369e+00,2.797201790421753209e+00,2.724412042678284962e+00
2.144900083541870117e+00,1.934212148409270249e+00,2.131718956270058030e+00,2.791669200176150500e+00,2.717458685910570271e+00
2.145200014114379883e+00,1.927125401228575452e+00,2.126544323718551066e+00,2.786142257377097309e+00,2.710471597498893104e+00
2.145499944686889648e+00,1.920058959712348745e+00,2.121394673529009900e+00,2.780622410621440554e+00,2.703452374323039642e+00
2.145800113677978516e+00,1.913012689772504382e+00,2.116272595581900173e+00,2.775108675514714296e+00,2.696401838850326804e+00
2.146100044250488281e+00,1.905983232388240634e+00,2.111177220228021234e+00,2.769602213974847071e+00,2.689320730128550441e+00
2.146399974822998047e+00,1.898973927344637103e+00,2.106110073853510123e+00,2.764099634608921718e+00,2.682210310271611053e+00
2.146699905395507812e+00,1.891984787913934873e+00,2.101071751999143977e+00,2.758604572509042452e+00,2.675070210305858343e+00
2.147000074386596680e+00,1.885017934823529195e+00,2.096060465593092115e+00,2.753115341148459461e+00,2.667901014787724456e+00
2.147300004959106445e+00,1.878072480547367640e+00,2.091077933414564161e+00,2.747632106062569690e+00,2.660701939341064914e+00
2.147599935531616211e+00,1.871144767427905364e+00,2.086123671273836244e+00,2.742154116589093249e+00,2.653477383096862319e+00
2.147900104522705078e+00,1.864239483079295434e+00,2.081197749496089155e+00,2.736681589779908386e+00,2.646224582252457935e+00
2.148200035095214844e+00,1.857356038217818917e+00,2.076302807208044499e+00,2.731216018098496345e+00,2.638945142743365668e+00
2.148499965667724609e+00,1.850494880764385730e+00,2.071434877310499356e+00,2.725753367603391819e+00,2.631638122238878275e+00
2.148799896240234375e+00,1.843654499831066884e+00,2.066597166546175757e+00,2.720298476147366529e+00,2.624306778467370371e+00
2.149100065231323242e+00,1.836837891905606091e+00,2.061790946922823942e+00,2.714847092403825268e+00,2.616948406922896098e+00
2.149399995803833008e+00,1.830041347981120392e+00,2.057012830111272006e+00,2.709401962813267506e+00,2.609566679875174433e+00
2.149699926376342773e+00,1.823270520448850629e+00,2.052264548757634088e+00,2.703961674558648554e+00,2.602159610417475566e+00
2.150000095367431641e+00,1.816520849799210691e+00,2.047546372810978621e+00,2.698522168788424214e+00,2.594728237647746738e+00
2.150300025939941406e+00,1.809793839813267802e+00,2.042857656747261608e+00,2.693092085781401135e+00,2.587272402681133343e+00
2.150599956512451172e+00,1.803090614361539945e+00,2.038200240847120259e+00,2.687662693139771353e+00,2.579795307907627233e+00
2.150899887084960938e+00,1.796411811640227896e+00,2.033570748443765286e+00,2.682236578155597240e+00,2.572294268379530457e+00
2.151200056076049805e+00,1.789757108319613099e+00,2.028973254579875984e+00,2.676814964399907293e+00,2.564770741685533206e+00
2.151499986648559570e+00,1.783124203704169464e+00,2.024405605465910529e+00,2.671396296961582095e+00,2.557224601916504803e+00
2.151799917221069336e+00,1.776515698412627131e+00,2.019867793583091320e+00,2.665980351677017968e+00,2.549657391954049501e+00
2.152100086212158203e+00,1.769932789294929254e+00,2.015359240778978656e+00,2.660564711040416253e+00,2.542069069520342062e+00
2.152400016784667969e+00,1.763372707580218801e+00,2.010881264108170807e+00,2.655152653296305232e+00,2.534458758364043440e+00
2.152699947357177734e+00,1.756837918613546545e+00,2.006433972010381872e+00,2.649743482350395141e+00,2.526827707165671733e+00
2.153000116348266602e+00,1.750327981368130503e+00,2.002015015827233846e+00,2.644333678796830789e+00,2.519178689284932826e+00
2.153300046920776367e+00,1.743843122751495001e+00,1.997627200804932057e+00,2.638924025158969400e+00,2.511510250297683822e+00
2.153599977493286133e+00,1.737383970192312166e+00,1.993268222871029671e+00,2.633515383434598789e+00,2.503822120648279359e+00
2.153899908065795898e+00,1.730950000432402769e+00,1.988941500770952109e+00,2.628107296747359545e+00,2.496113605048206452e+00
2.154200077056884766e+00,1.724541147594440771e+00,1.984642288688890588e+00,2.622698619961683519e+00,2.488386472156370210e+00
2.154500007629394531e+00,1.718157573752008282e+00,1.980372284829685636e+00,2.617290095287637008e+00,2.480643080767224173e+00
2.154799938201904297e+00,1.711799866923172431e+00,1.976132725052454298e+00,2.611879101003644621e+00,2.472882127413556397e+00
2.155100107192993164e+00,1.705467348748564982e+00,1.971922178375724810e+00,2.606466698097476886e+00,2.465102406220619269e+00
2.155400037765502930e+00,1.699162311632812283e+00,1.967739547174301773e+00,2.601053085541393362e+00,2.457306761748939472e+00
2.155699968338012695e+00,1.692883716930680293e+00,1.963585837839430415e+00,2.595637509016059941e+00,2.449494225185581797e+00
2.155999898910522461e+00,1.686630133817886845e+00,1.959463097342957205e+00,2.590218120785618527e+00,2.441664784784776998e+00
2.156300067901611328e+00,1.680404808272381700e+00,1.955369024911415732e+00,2.584797748754676938e+00,2.433822047776376341e+00
2.156599998474121094e+00,1.674205398886098095e+00,1.951301894852174312e+00,2.579371687830822157e+00,2.425963176731977811e+00
2.156899929046630859e+00,1.668032420396964532e+00,1.947264154347085663e+00,2.573941831382811518e+00,2.418088285790008118e+00
2.157200098037719727e+00,1.661887535645423686e+00,1.943252158983124422e+00,2.568507294689591269e+00,2.410200591517607904e+00
2.157500028610229492e+00,1.655770775153724506e+00,1.939268753336906848e+00,2.563068548222826593e+00,2.402298185394792895e+00
2.157799959182739258e+00,1.649680263074622566e+00,1.935315618275558425e+00,2.557623429311228769e+00,2.394382407896796572e+00
2.158099889755249023e+00,1.643618110894502715e+00,1.931387379061169973e+00,2.552175615414833842e+00,2.386454549513884693e+00
2.158400058746337891e+00,1.637583462587657301e+00,1.927488965198358883e+00,2.546719706712015530e+00,2.378514485207449347e+00
2.158699989318847656e+00,1.631576831066949840e+00,1.923616523687597057e+00,2.541259452347126135e+00,2.370560160474631584e+00
2.158999919891357422e+00,1.625598391752890448e+00,1.919770927344778277e+00,2.535790244851042097e+00,2.362596318019714481e+00
2.159300088882446289e+00,1.619650320740685157e+00,1.915953812141140578e+00,2.530315835515751566e+00,2.354621043238119160e+00
2.159600019454956055e+00,1.613728953953181611e+00,1.912160468861491269e+00,2.524833780940843653e+00,2.346634528665471731e+00
2.159899950027465820e+00,1.607837980083952401e+00,1.908396145237781782e+00,2.519341069852464976e+00,2.338637715106798076e+00
2.160200119018554688e+00,1.601974135690288348e+00,1.904655882184653537e+00,2.513843251538423029e+00,2.330633706661856763e+00
2.160500049591064453e+00,1.596141170032942203e+00,1.900942998613129209e+00,2.508336493065250750e+00,2.322617747310298686e+00
2.160799980163574219e+00,1.590337090262717634e+00,1.897254987593169240e+00,2.502821511062970572e+00,2.314594594410206874e+00
2.161099910736083984e+00,1.584563477529042919e+00,1.893593880952507691e+00,2.497297003770255319e+00,2.306563575804776001e+00
2.161400079727172852e+00,1.578817443960216504e+00,1.889956796583641463e+00,2.491763121004472392e+00,2.298525135289851029e+00
2.161700010299682617e+00,1.573104207936663279e+00,1.886345873377837545e+00,2.486221063347689331e+00,2.290480353016819404e+00
2.161999940872192383e+00,1.567420653160903621e+00,1.882758662192318466e+00,2.480667328898461754e+00,2.282428607738084647e+00
2.162300109863281250e+00,1.561767033470379928e+00,1.879196661218900166e+00,2.475103717511232482e+00,2.274370763368362081e+00
2.162600040435791016e+00,1.556145038362314992e+00,1.875658834079505954e+00,2.469529676564213183e+00,2.266308533564546757e+00
2.162899971008300781e+00,1.550552771592681900e+00,1.872145451505744296e+00,2.463944235760736401e+00,2.258241430916034354e+00
2.163199901580810547e+00,1.544993418510687055e+00,1.868657213559408392e+00,2.458348978426929232e+00,2.250170806976035998e+00
2.163500070571899414e+00,1.539465018796372320e+00,1.865190154696882985e+00,2.452741142516451145e+00,2.242095445012699972e+00
2.163800001144409180e+00,1.533968423071871090e+00,1.861748525531803589e+00,2.447123952591346185e+00,2.234019620710843146e+00
2.164099931716918945e+00,1.528503329884770778e+00,1.858328628471309862e+00,2.441493871034204677e+00,2.225940053290638598e+00
2.164400100708007812e+00,1.523072134436304736e+00,1.854933055143953569e+00,2.435852519415440565e+00,2.217860107539806336e+00
2.164700031280517578e+00,1.517671958132359222e+00,1.851562129683141933e+00,2.430198578426542078e+00,2.209779509458275726e+00
2.164999961853027344e+00,1.512304100682079433e+00,1.848211794365189897e+00,2.424533985327579799e+00,2.201698403671880744e+00
2.165299892425537109e+00,1.506970532762572867e+00,1.844884327956981984e+00,2.418856350401820787e+00,2.193618363584963760e+00
2.165600061416625977e+00,1.501670147567397473e+00,1.841579256438014678e+00,2.413167031678745467e+00,2.185538818238129455e+00
2.165899991989135742e+00,1.496402656651940166e+00,1.838294243352836421e+00,2.407465628129277224e+00,2.177461052107730222e+00
2.166199922561645508e+00,1.491168049774499238e+00,1.835034669406584440e+00,2.401749167492400971e+00,2.169389046538730437e+00
2.166500091552734375e+00,1.485969566022474986e+00,1.831794296069810590e+00,2.396023014953847508e+00,2.161317454530746307e+00
2.166800022125244141e+00,1.480803974379547583e+00,1.828577989031890283e+00,2.390284814668867774e+00,2.153251472154441792e+00
2.167099952697753906e+00,1.475674125758236865e+00,1.825378200225109770e+00,2.384533788159051593e+00,2.145188393253883774e+00
2.167399883270263672e+00,1.470579284593874991e+00,1.822206265336383746e+00,2.378768103996316885e+00,2.137132572480818560e+00
2.167700052261352539e+00,1.465517779559430966e+00,1.819049734366475324e+00,2.372988980734544118e+00,2.129082785399706523e+00
2.167999982833862305e+00,1.460490930886526817e+00,1.815914627009241000e+00,2.367199888255448137e+00,2.121041135694299751e+00
2.168299913406372070e+00,1.455501835986386938e+00,1.812800816895510980e+00,2.361396683065914104e+00,2.113006689542014982e+00
2.168600082397460938e+00,1.450550568910779603e+00,1.809706553448931832e+00,2.355581376370047497e+00,2.104978328722821868e+00
2.168900012969970703e+00,1.445633201642286592e+00,1.806635484530114910e+00,2.349755644715656011e+00,2.096962026576944638e+00
2.169199943542480469e+00,1.440750081528138882e+00,1.803580374332790726e+00,2.343915653655751719e+00,2.088956678997076821e+00
2.169500112533569336e+00,1.435907458889214894e+00,1.800546438706891683e+00,2.338065244579015101e+00,2.080959883218661322e+00
2.169800043106079102e+00,1.431101368357142523e+00,1.797533793839402705e+00,2.332198880075299297e+00,2.072977523145529855e+00
2.170099973678588867e+00,1.426331168160836604e+00,1.794539462856105771e+00,2.326322523613352455e+00,2.065004016760903838e+00
2.170399904251098633e+00,1.421599650897073186e+00,1.791564094047087163e+00,2.320433964313539210e+00,2.057046828948793760e+00
2.170700073242187500e+00,1.416906156387861548e+00,1.788606979149850673e+00,2.314534650966645124e+00,2.049105589166996477e+00
2.171000003814697266e+00,1.412251023046124487e+00,1.785671890024313813e+00,2.308624533082259234e+00,2.041174277004235371e+00
2.171299934387207031e+00,1.407632970138890105e+00,1.782753277184409679e+00,2.302700154320756809e+00,2.033261448553962403e+00
2.171600103378295898e+00,1.403053525151237935e+00,1.779853404707827158e+00,2.296767823078353032e+00,2.025366506526163235e+00
2.171900033950805664e+00,1.398515342908213999e+00,1.776973101875961802e+00,2.290823414212620257e+00,2.017486690159830509e+00
2.172199964523315430e+00,1.394012554328669662e+00,1.774108200331993013e+00,2.284868866017719213e+00,2.009626971882060076e+00
2.172499895095825195e+00,1.389552705755993101e+00,1.771266200096542232e+00,2.278902453665278216e+00,2.001785140236125748e+00
2.172800064086914062e+00,1.385131181291123559e+00,1.768438846684513788e+00,2.272926685020639770e+00,1.993963834654603584e+00
2.173099994659423828e+00,1.380750093635026987e+00,1.765631219014597075e+00,2.266942726001316633e+00,1.986163465195218469e+00
2.173399925231933594e+00,1.376409513255463457e+00,1.762838359497966634e+00,2.260947583763830870e+00,1.978384232617963479e+00
2.173700094223022461e+00,1.372109611599546586e+00,1.760066932967940367e+00,2.254943928339751658e+00,1.970626280032498290e+00
2.174000024795532227e+00,1.367849575027813458e+00,1.757309303151456614e+00,2.248929198198799106e+00,1.962893937183816107e+00
2.174299955368041992e+00,1.363631619572463372e+00,1.754573198210496177e+00,2.242909698495148429e+00,1.955184897096112095e+00
2.174599885940551758e+00,1.359453432261593653e+00,1.751849679979475605e+00,2.236881328315743822e+00,1.947498188090732940e+00
2.174900054931640625e+00,1.355318629762704230e+00,1.749148036402696782e+00,2.230844861405067547e+00,1.939841893414804508e+00
2.175199985504150391e+00,1.351225006422422492e+00,1.746460182584754328e+00,2.224798404472937641e+00,1.932209180263904980e+00
2.175499916076660156e+00,1.347173146558318324e+00,1.743789993712591802e+00,2.218750243148678969e+00,1.924604942087099202e+00
2.175800085067749023e+00,1.343163525325507202e+00,1.741134894609531747e+00,2.212692574937417778e+00,1.917027017164260716e+00
2.176100015640258789e+00,1.339194271617608401e+00,1.738499902283003440e+00,2.206626222120069869e+00,1.909481294976520527e+00
2.176399946212768555e+00,1.335272034556330922e+00,1.735880453459249129e+00,2.200559352638110422e+00,1.901963907919872243e+00
2.176700115203857422e+00,1.331389408745316416e+00,1.733276400704367726e+00,2.194484074399632778e+00,1.894475849752241814e+00
2.177000045776367188e+00,1.327550947769867484e+00,1.730690209316731565e+00,2.188404902258230589e+00,1.887020560843701622e+00
2.177299976348876953e+00,1.323756567589295940e+00,1.728117272257604364e+00,2.182321931807833959e+00,1.879597228593291813e+00
2.177599906921386719e+00,1.320005084212791946e+00,1.725563928627986465e+00,2.176234700465657923e+00,1.872207568572686665e+00
2.177900075912475586e+00,1.316297552633598711e+00,1.723024302638655803e+00,2.170143453310135140e+00,1.864851414794240991e+00
2.178200006484985352e+00,1.312632710591908003e+00,1.720501253587627177e+00,2.164050845021424863e+00,1.857530583051181017e+00
2.178499937057495117e+00,1.309011965584014670e+00,1.717992407399603572e+00,2.157957195576568399e+00,1.850246203215630825e+00
2.178800106048583984e+00,1.305435775353632533e+00,1.715500911336298895e+00,2.151859357993411326e+00,1.842995440123356587e+00
2.179100036621093750e+00,1.301903198263176797e+00,1.713025432420949734e+00,2.145762642082199356e+00,1.835784025746879378e+00
2.179399967193603516e+00,1.298417266721339169e+00,1.710566359493833843e+00,2.139661842003349079e+00,1.828608689475911486e+00
2.179699897766113281e+00,1.294972993133290950e+00,1.708118639887345136e+00,2.133563961256242258e+00,1.821470341079014732e+00
2.180000066757202148e+00,1.291576047532956295e+00,1.705688092989544380e+00,2.127466550893692077e+00,1.814373605076951224e+00
2.180299997329711914e+00,1.288223506738791713e+00,1.703273388355222018e+00,2.121369501995135298e+00,1.807319128546382769e+00
2.180599927902221680e+00,1.284914331502326590e+00,1.700875975116883598e+00,2.115273580653771024e+00,1.800302859517659559e+00
2.180900096893310547e+00,1.281650422975808779e+00,1.698490937444107285e+00,2.109180136158475882e+00,1.793325693837593215e+00
2.181200027465820312e+00,1.278432210023078053e+00,1.696120739357477092e+00,2.103089812142279857e+00,1.786393686018637794e+00
2.181499958038330078e+00,1.275260775286352732e+00,1.693763118836359771e+00,2.097003295764398700e+00,1.779502725214465952e+00
2.181799888610839844e+00,1.272131524727919238e+00,1.691423785736815510e+00,2.090920210813303814e+00,1.772655658224805642e+00
2.182100057601928711e+00,1.269050046387447894e+00,1.689098487567566531e+00,2.084841665657301668e+00,1.765854391709919202e+00
2.182399988174438477e+00,1.266013075992943326e+00,1.686785402014190804e+00,2.078769816990534203e+00,1.759097694136016798e+00
2.182699918746948242e+00,1.263022551014235662e+00,1.684488307828017950e+00,2.072702161708171786e+00,1.752384559341248593e+00
2.183000087738037109e+00,1.260075494862739065e+00,1.682204416716781337e+00,2.066640768835584119e+00,1.745717951625459508e+00
2.183300018310546875e+00,1.257175715085293355e+00,1.679934739384961961e+00,2.060585411770447184e+00,1.739098756900958831e+00
2.183599948883056641e+00,1.254320676003569668e+00,1.677678154390278564e+00,2.054538819960435525e+00,1.732525295568745793e+00
2.183900117874145508e+00,1.251511531142617484e+00,1.675438923291914239e+00,2.048502958013347364e+00,1.726002539553591619e+00
2.184200048446655273e+00,1.248747163204670052e+00,1.673209369183363382e+00,2.042472553891355957e+00,1.719524380192014812e+00
2.184499979019165039e+00,1.246028611956124577e+00,1.670996860689260233e+00,2.036450918152025835e+00,1.713096271089551204e+00
2.184799909591674805e+00,1.243355318400941600e+00,1.668796159177284855e+00,2.030442729050161876e+00,1.706717643274616725e+00
2.185100078582763672e+00,1.240727451136045989e+00,1.666607945128936841e+00,2.024443141472928254e+00,1.700389821595914563e+00
2.185400009155273438e+00,1.238144849674418957e+00,1.664433216588941944e+00,2.018455337009015249e+00,1.694112109618829187e+00
2.185699939727783203e+00,1.235606928049819864e+00,1.662272714639057458e+00,2.012479643718511291e+00,1.687885995271171335e+00
2.186000108718872070e+00,1.233114648038371675e+00,1.660126091727526010e+00,2.006515305252501324e+00,1.681710507988551928e+00
2.186300039291381836e+00,1.230668760512292126e+00,1.657989330904927394e+00,2.000563670882639311e+00,1.675586018576610270e+00
2.186599969863891602e+00,1.228264857809382216e+00,1.655867673190696721e+00,1.994625108903463895e+00,1.669516507052332788e+00
2.186899900436401367e+00,1.225908138017786531e+00,1.653758117830790075e+00,1.988701510717715282e+00,1.663497874998259629e+00
2.187200069427490234e+00,1.223594078553439379e+00,1.651660421795791089e+00,1.982794205957639999e+00,1.657531563430626687e+00
2.187500000000000000e+00,1.221325550361083812e+00,1.649575268840184572e+00,1.976901258171240183e+00,1.651620451931228084e+00
2.187799930572509766e+00,1.219101256037627756e+00,1.647503679930844234e+00,1.971024170835715683e+00,1.645760656025007318e+00
2.188100099563598633e+00,1.216920951451222921e+00,1.645442163965342264e+00,1.965164879854218061e+00,1.639957302784344151e+00
2.188400030136108398e+00,1.214784315281057125e+00,1.643393386100872933e+00,1.959320897499937875e+00,1.634208343544587549e+00
2.188699960708618164e+00,1.212692531166054799e+00,1.641355921850628174e+00,1.953494476552220860e+00,1.628514065134709865e+00
2.188999891281127930e+00,1.210644129090102883e+00,1.639330082101257524e+00,1.947687522925093173e+00,1.622873187248774718e+00
2.189300060272216797e+00,1.208636637217022747e+00,1.637316556951472268e+00,1.941897046616835043e+00,1.617288792185244128e+00
2.189599990844726562e+00,1.206674319283868924e+00,1.635311973716988554e+00,1.936128759889462092e+00,1.611761042725478266e+00
2.189899921417236328e+00,1.204754779794604991e+00,1.633321062031306781e+00,1.930378137153873741e+00,1.606287447178753380e+00
2.190200090408325195e+00,1.202876421258302964e+00,1.631338965995677848e+00,1.924647902143921341e+00,1.600870510876200914e+00
2.190500020980834961e+00,1.201040844047763567e+00,1.629368075573905950e+00,1.918939119590991949e+00,1.595508212585363239e+00
2.190799951553344727e+00,1.199247423959213021e+00,1.627408422297832447e+00,1.913251696002892466e+00,1.590203227080872583e+00
2.191099882125854492e+00,1.197494867203132696e+00,1.625459327219842987e+00,1.907586949273925248e+00,1.584955835044856931e+00
2.191400051116943359e+00,1.195783311527746529e+00,1.623519418442722628e+00,1.901941670663961137e+00,1.579764425690395324e+00
2.191699981689453125e+00,1.194114702899736535e+00,1.621589584019821562e+00,1.896322254568285848e+00,1.574628791785206872e+00
2.191999912261962891e+00,1.192484637350157861e+00,1.619670273785250858e+00,1.890723598501772518e+00,1.569550311303149481e+00
2.192300081253051758e+00,1.190894065692752468e+00,1.617758516005419533e+00,1.885149914540086957e+00,1.564529338639288669e+00
2.192600011825561523e+00,1.189343167071006624e+00,1.615857366809507978e+00,1.879598704777844853e+00,1.559564581131996697e+00
2.192899942398071289e+00,1.187833724656378376e+00,1.613965006966475935e+00,1.874074941809617201e+00,1.554656396734639845e+00
2.193200111389160156e+00,1.186363227338664617e+00,1.612082775113191424e+00,1.868573390994754613e+00,1.549805743399634617e+00
2.193500041961669922e+00,1.184929223431051115e+00,1.610208685637457560e+00,1.863099025206161663e+00,1.545010591407529610e+00
2.193799972534179688e+00,1.183534349636706118e+00,1.608343345375935707e+00,1.857648888737081228e+00,1.540273695045484725e+00
2.194099903106689453e+00,1.182176699347975202e+00,1.606485559413823649e+00,1.852226417448544993e+00,1.535592530703395964e+00
2.194400072097778320e+00,1.180858104528851094e+00,1.604636322990832031e+00,1.846829958858022369e+00,1.530968672623540527e+00
2.194700002670288086e+00,1.179574112765396254e+00,1.602794168664059216e+00,1.841459488995681459e+00,1.526400890632381158e+00
2.194999933242797852e+00,1.178327514592612424e+00,1.600960804272170135e+00,1.836117367665337063e+00,1.521890122820899194e+00
2.195300102233886719e+00,1.177115524109510591e+00,1.599132570933826436e+00,1.830803101375698683e+00,1.517434385350695525e+00
2.195600032806396484e+00,1.175939741363635438e+00,1.597313045360730488e+00,1.825514523730714878e+00,1.513036001114735019e+00
2.195899963378906250e+00,1.174797680973347580e+00,1.595501470482590944e+00,1.820256681048024960e+00,1.508690405035528981e+00
2.196199893951416016e+00,1.173691924746671278e+00,1.593694275574811581e+00,1.815024815018867699e+00,1.504404444532492224e+00
2.196500062942504883e+00,1.172618088682471971e+00,1.591894375356059932e+00,1.809823313530636746e+00,1.500172380776720660e+00
2.196799993515014648e+00,1.171577238765028950e+00,1.590101031645481111e+00,1.804649806408935797e+00,1.495994043562477671e+00
2.197099924087524414e+00,1.170568910611833546e+00,1.588312889388463711e+00,1.799506112636351851e+00,1.491871124235591761e+00
2.197400093078613281e+00,1.169593562028859335e+00,1.586530289656541415e+00,1.794392146791128573e+00,1.487803298690313580e+00
2.197700023651123047e+00,1.168648327910811080e+00,1.584753636339960581e+00,1.789307013878535857e+00,1.483789902838500430e+00
2.197999954223632812e+00,1.167734429444849731e+00,1.582982070122954443e+00,1.784252425523483510e+00,1.479829581529301219e+00
2.198299884796142578e+00,1.166850949089777600e+00,1.581215071733784727e+00,1.779226157524072205e+00,1.475922924064001940e+00
2.198600053787231445e+00,1.165996453068407934e+00,1.579452218510186912e+00,1.774232568612720939e+00,1.472070160040316544e+00
2.198899984359741211e+00,1.165170952716095165e+00,1.577694080695902112e+00,1.769268247405555439e+00,1.468270234589844847e+00
2.199199914932250977e+00,1.164374084588815972e+00,1.575939141361887508e+00,1.764334770987781464e+00,1.464521298932970561e+00
2.199500083923339844e+00,1.163603961651825891e+00,1.574188539745444260e+00,1.759431084946387669e+00,1.460824840161468519e+00
2.199800014495849609e+00,1.162862205252165770e+00,1.572441573432469930e+00,1.754559157573577277e+00,1.457181033567660489e+00
2.200099945068359375e+00,1.162145766340921149e+00,1.570697696061326809e+00,1.749717677847327790e+00,1.453587468882568512e+00
2.200400114059448242e+00,1.161455762104528278e+00,1.568955956271793184e+00,1.744906299298333296e+00,1.450044152678917175e+00
2.200700044631958008e+00,1.160789351594026186e+00,1.567218035365516737e+00,1.740127344021905387e+00,1.446551181631908545e+00
2.200999975204467773e+00,1.160149475216209591e+00,1.565481463306721999e+00,1.735378681594416106e+00,1.443106755948170505e+00
2.201299905776977539e+00,1.159531669221076644e+00,1.563746957830618234e+00,1.730660824927206187e+00,1.439713023878750331e+00
2.201600074768066406e+00,1.158937454245174248e+00,1.562014885549993570e+00,1.725975421586964043e+00,1.436366361874877651e+00
2.201900005340576172e+00,1.158363858889011944e+00,1.560283524736163274e+00,1.721319789617701490e+00,1.433067737277645914e+00
2.202199935913085938e+00,1.157814119034387801e+00,1.558554443815560520e+00,1.716696438324488483e+00,1.429817548410356576e+00
2.202500104904174805e+00,1.157283687235618475e+00,1.556825511577101917e+00,1.712103326119233104e+00,1.426613417134961370e+00
2.202800035476684570e+00,1.156774147535226005e+00,1.555097334356124739e+00,1.707541529423441728e+00,1.423455397642545250e+00
2.203099966049194336e+00,1.156283817011345416e+00,1.553368202366004480e+00,1.703011299092027198e+00,1.420343028649910577e+00
2.203399896621704102e+00,1.155812477545142825e+00,1.551641137137760085e+00,1.698510889547404368e+00,1.417274788937022079e+00
2.203700065612792969e+00,1.155359112173337310e+00,1.549912974387265496e+00,1.694042484053275510e+00,1.414251852458561665e+00
2.203999996185302734e+00,1.154921936484825551e+00,1.548185863535295859e+00,1.689605508178859683e+00,1.411272235430828248e+00
2.204299926757812500e+00,1.154502821491119269e+00,1.546455692081160738e+00,1.685198737286344395e+00,1.408334967918078995e+00
2.204600095748901367e+00,1.154098501974305080e+00,1.544725426306318372e+00,1.680822103289047798e+00,1.405440246060511766e+00
2.204900026321411133e+00,1.153708888021603318e+00,1.542994139540132759e+00,1.676476479893332705e+00,1.402587464788488392e+00
2.205199956893920898e+00,1.153333943899130354e+00,1.541260027767229257e+00,1.672159997974820511e+00,1.399774538992717199e+00
2.205499887466430664e+00,1.152973142235819815e+00,1.539524163172107718e+00,1.667875054378605837e+00,1.397002649127428109e+00
2.205800056457519531e+00,1.152624421646650132e+00,1.537788086847618141e+00,1.663619382080770093e+00,1.394269533151251350e+00
2.206099987030029297e+00,1.152287876540245337e+00,1.536047439628812628e+00,1.659393985267034966e+00,1.391574241344790464e+00
2.206399917602539062e+00,1.151963222332546444e+00,1.534305348481630249e+00,1.655199295350526567e+00,1.388918690310518844e+00
2.206700086593627930e+00,1.151649348805474427e+00,1.532561060011569776e+00,1.651031861612206830e+00,1.386299759544743715e+00
2.207000017166137695e+00,1.151344931538354377e+00,1.530810403080800519e+00,1.646895246711749916e+00,1.383716465767148351e+00
2.207299947738647461e+00,1.151049676779835718e+00,1.529059168294148785e+00,1.642788594718007866e+00,1.381168977585727209e+00
2.207600116729736328e+00,1.150763153959259322e+00,1.527304134702472949e+00,1.638707871133404881e+00,1.378656805390853224e+00
2.207900047302246094e+00,1.150484479312648745e+00,1.525544434269987981e+00,1.634657445115644148e+00,1.376179191273345648e+00
2.208199977874755859e+00,1.150212259433562867e+00,1.523780629259682273e+00,1.630636227181597064e+00,1.373735135577708100e+00
2.208499908447265625e+00,1.149946058872789001e+00,1.522012283841911673e+00,1.626641241735302224e+00,1.371322287380132732e+00
2.208800077438354492e+00,1.149687245268529612e+00,1.520239077338291445e+00,1.622675279381271762e+00,1.368941988738432869e+00
2.209100008010864258e+00,1.149431541352242236e+00,1.518461899215528099e+00,1.618737847868058299e+00,1.366593413492405373e+00
2.209399938583374023e+00,1.149180746001742026e+00,1.516679059135080943e+00,1.614825142265463143e+00,1.364274550342875703e+00
2.209700107574462891e+00,1.148934162908718193e+00,1.514890659162775322e+00,1.610941374279984295e+00,1.361983809177132354e+00
2.210000038146972656e+00,1.148690068444282231e+00,1.513097644489915794e+00,1.607083828782088997e+00,1.359723296347333132e+00
2.210299968719482422e+00,1.148446946211953534e+00,1.511298413374225991e+00,1.603252741879454657e+00,1.357490376755238426e+00
2.210599899291992188e+00,1.148207029929712464e+00,1.509492833662740008e+00,1.599446472939111130e+00,1.355283934731009055e+00
2.210900068283081055e+00,1.147967228882041502e+00,1.507681723903877113e+00,1.595666115895356452e+00,1.353105218530116449e+00
2.211199998855590820e+00,1.147726300554256618e+00,1.505864886653451418e+00,1.591911713641919190e+00,1.350950016204978121e+00
2.211499929428100586e+00,1.147485940973636209e+00,1.504041317999145644e+00,1.588181637138109892e+00,1.348821243427478445e+00
2.211800098419189453e+00,1.147245230657209181e+00,1.502211265352936476e+00,1.584477601990035733e+00,1.346716471561934192e+00
2.212100028991699219e+00,1.147003130660773307e+00,1.500374979490620042e+00,1.580796138771791703e+00,1.344633431930283507e+00
2.212399959564208984e+00,1.146756746913452973e+00,1.498530675364464937e+00,1.577138973736553540e+00,1.342572162692549309e+00
2.212699890136718750e+00,1.146508369479663170e+00,1.496680181446138347e+00,1.573506579968262598e+00,1.340534074855701308e+00
2.213000059127807617e+00,1.146257186850591969e+00,1.494821697945186934e+00,1.569896370627487769e+00,1.338516385988604895e+00
2.213299989700317383e+00,1.146001391075712306e+00,1.492957038603446085e+00,1.566308624922117421e+00,1.336519197613444287e+00
2.213599920272827148e+00,1.145739714192270498e+00,1.491085203557300343e+00,1.562743486315407271e+00,1.334540106872393217e+00
2.213900089263916016e+00,1.145474720996123574e+00,1.489204447320855884e+00,1.559201252467085075e+00,1.332581077955088622e+00
2.214200019836425781e+00,1.145202954776867621e+00,1.487316514437431181e+00,1.555680056596252303e+00,1.330637914404173339e+00
2.214499950408935547e+00,1.144925081041594295e+00,1.485422215082376596e+00,1.552180135621672896e+00,1.328713177761004838e+00
2.214799880981445312e+00,1.144641006191637889e+00,1.483518832620254413e+00,1.548700906625262608e+00,1.326803924126785938e+00
2.215100049972534180e+00,1.144347867658787266e+00,1.481607989953718008e+00,1.545243217267100677e+00,1.324910794536676928e+00
2.215399980545043945e+00,1.144048491899577025e+00,1.479690048510443612e+00,1.541804697899304744e+00,1.323032359329423535e+00
2.215699911117553711e+00,1.143739736637396698e+00,1.477763911141316999e+00,1.538385579148829008e+00,1.321168611566665874e+00
2.216000080108642578e+00,1.143422756214282465e+00,1.475829207468194681e+00,1.534985590616933182e+00,1.319317462487191062e+00
2.216300010681152344e+00,1.143097031572622990e+00,1.473886825538544443e+00,1.531606012141841555e+00,1.317481268602254563e+00
2.216599941253662109e+00,1.142761073134999084e+00,1.471936284826757202e+00,1.528244889720880018e+00,1.315655739940898794e+00
2.216900110244750977e+00,1.142415650274599237e+00,1.469978112637831735e+00,1.524901341339307770e+00,1.313841936441455083e+00
2.217200040817260742e+00,1.142058355418559046e+00,1.468012891750946292e+00,1.521575277857122099e+00,1.312038068825873705e+00
2.217499971389770508e+00,1.141691924151006843e+00,1.466037401236224058e+00,1.518266237181948419e+00,1.310245996113065914e+00
2.217799901962280273e+00,1.141313910584335956e+00,1.464055038775668560e+00,1.514975970501561742e+00,1.308463841558528351e+00
2.218100070953369141e+00,1.140924447737278857e+00,1.462065646147961973e+00,1.511700455072710891e+00,1.306688157632115210e+00
2.218400001525878906e+00,1.140522698790727762e+00,1.460067393056408758e+00,1.508443037976587853e+00,1.304924232582777677e+00
2.218699932098388672e+00,1.140109132578040585e+00,1.458062293428121325e+00,1.505201658938547293e+00,1.303165379243991229e+00
2.219000101089477539e+00,1.139683289168511360e+00,1.456047728105869021e+00,1.501973423096153226e+00,1.301415780000917177e+00
2.219300031661987305e+00,1.139244454075612811e+00,1.454027421725458513e+00,1.498762101456267981e+00,1.299672931067023640e+00
2.219599962234497070e+00,1.138793113227643650e+00,1.451999594225959145e+00,1.495565296019578216e+00,1.297936462446470651e+00
2.219899892807006836e+00,1.138327512233705319e+00,1.449962464260553308e+00,1.492383347888325051e+00,1.296204788750863424e+00
2.220200061798095703e+00,1.137850500232796769e+00,1.447919305802725098e+00,1.489215913730228547e+00,1.294480540650857714e+00
2.220499992370605469e+00,1.137357930558195562e+00,1.445869417527098300e+00,1.486059619221880013e+00,1.292758598105148149e+00
2.220799922943115234e+00,1.136853785168191244e+00,1.443811491037321204e+00,1.482920037255204271e+00,1.291042802152847724e+00
2.221100091934204102e+00,1.136333826773114675e+00,1.441748324749839494e+00,1.479792631269092551e+00,1.289331400342826006e+00
2.221400022506713867e+00,1.135801372835620437e+00,1.439676617702432493e+00,1.476677236829085693e+00,1.287623045634518348e+00
2.221699953079223633e+00,1.135253567369238992e+00,1.437598911029339011e+00,1.473575363558847551e+00,1.285918182093896078e+00
2.221999883651733398e+00,1.134692319219041012e+00,1.435514601105024379e+00,1.470486132589222006e+00,1.284215620326065954e+00
2.222300052642822266e+00,1.134116406126710164e+00,1.433424484367034957e+00,1.467407442188635169e+00,1.282517109539437206e+00
2.222599983215332031e+00,1.133526118537311334e+00,1.431328600296235765e+00,1.464341535674624772e+00,1.280818828855433633e+00
2.222899913787841797e+00,1.132923034667762341e+00,1.429226714459839620e+00,1.461287735200558435e+00,1.279123784277334197e+00
2.223200082778930664e+00,1.132303303187994103e+00,1.427119356245803328e+00,1.458243898984376008e+00,1.277429775247106658e+00
2.223500013351440430e+00,1.131670392297510652e+00,1.425006266780180830e+00,1.455211060440430249e+00,1.275738080293252974e+00
2.223799943923950195e+00,1.131022241349908475e+00,1.422888725075296623e+00,1.452189662416428551e+00,1.274046959975694282e+00
2.224100112915039062e+00,1.130361164962440323e+00,1.420766870086176192e+00,1.449178678950645782e+00,1.272356524929677546e+00
2.224400043487548828e+00,1.129683780516536951e+00,1.418640899360376961e+00,1.446176835177408915e+00,1.270667611748735659e+00
2.224699974060058594e+00,1.128993568479196075e+00,1.416509640772998235e+00,1.443186494532250119e+00,1.268978888699532570e+00
2.224999904632568359e+00,1.128289677084951315e+00,1.414374657160913928e+00,1.440203951470012900e+00,1.267289964925645274e+00
2.225300073623657227e+00,1.127571474049578804e+00,1.412236926935656944e+00,1.437232527460065912e+00,1.265602603851509578e+00
2.225600004196166992e+00,1.126840275391160828e+00,1.410094544739474376e+00,1.434271571067285977e+00,1.263914754130565310e+00
2.225899934768676758e+00,1.126094707241402926e+00,1.407949868004723326e+00,1.431317238489547838e+00,1.262228196156927273e+00
2.226200103759765625e+00,1.125335227043107622e+00,1.405802873641749384e+00,1.428374332811257474e+00,1.260541981500722830e+00
2.226500034332275391e+00,1.124562724492963017e+00,1.403653305504681814e+00,1.425440296021818209e+00,1.258854226955100408e+00
2.226799964904785156e+00,1.123777179637942325e+00,1.401500520808092398e+00,1.422515150587752908e+00,1.257166913895940930e+00
2.227099895477294922e+00,1.122979377966861980e+00,1.399349408631304081e+00,1.419597983175309164e+00,1.255479602347265633e+00
2.227400064468383789e+00,1.122167921336240770e+00,1.397193517054801992e+00,1.416689996370797289e+00,1.253791894833366838e+00
2.227699995040893555e+00,1.121345446885221087e+00,1.395039121771373347e+00,1.413790136359924343e+00,1.252105600073906810e+00
2.227999925613403320e+00,1.120510235168272306e+00,1.392884334576635741e+00,1.410901479328796393e+00,1.250419039622729045e+00
2.228300094604492188e+00,1.119664804909876743e+00,1.390727746706701407e+00,1.408018696349905952e+00,1.248732776442176284e+00
2.228600025177001953e+00,1.118805899151451788e+00,1.388573396724128939e+00,1.405145635096527901e+00,1.247046580972034135e+00
2.228899955749511719e+00,1.117937490877503270e+00,1.386419274863963214e+00,1.402280264080300043e+00,1.245361871883554405e+00
2.229199886322021484e+00,1.117058844954404329e+00,1.384265934977920720e+00,1.399425339868737295e+00,1.243675016994949090e+00
2.229500055313110352e+00,1.116168654841714680e+00,1.382114677300998462e+00,1.396576847161121737e+00,1.241992210761043713e+00
2.229799985885620117e+00,1.115269537297288061e+00,1.379965287730165802e+00,1.393737520645365713e+00,1.240309559843640219e+00
2.230099916458129883e+00,1.114360802868022748e+00,1.377818744127175199e+00,1.390906457216642522e+00,1.238626850650765610e+00
2.230400085449218750e+00,1.113442180778277057e+00,1.375673683464171182e+00,1.388084556190090302e+00,1.236946997354953837e+00
2.230700016021728516e+00,1.112516939824486295e+00,1.373533626275470709e+00,1.385270792987035371e+00,1.235269927818577029e+00
2.230999946594238281e+00,1.111581715917648427e+00,1.371397095192639304e+00,1.382466937318780564e+00,1.233593342156264150e+00
2.231300115585327148e+00,1.110639792659837033e+00,1.369264328631694116e+00,1.379670729139029772e+00,1.231919539772129424e+00
2.231600046157836914e+00,1.109689000723683927e+00,1.367137141375885712e+00,1.376884235197519235e+00,1.230247521462484395e+00
2.231899976730346680e+00,1.108733608034503604e+00,1.365014778814166663e+00,1.374106275202322980e+00,1.228579294414743561e+00
2.232199907302856445e+00,1.107771449701220767e+00,1.362897533728482991e+00,1.371338358524697432e+00,1.226914524148232433e+00
2.232500076293945312e+00,1.106803329000633607e+00,1.360787652067427800e+00,1.368580544475915817e+00,1.225253065884215564e+00
2.232800006866455078e+00,1.105829696499670334e+00,1.358683470145497507e+00,1.365830750814398309e+00,1.223596427189954206e+00
2.233099937438964844e+00,1.104851881728261098e+00,1.356586658749645125e+00,1.363090647934969146e+00,1.221943323504129042e+00
2.233400106430053711e+00,1.103870291876408283e+00,1.354497099106171332e+00,1.360361024632746663e+00,1.220295218132105175e+00
2.233700037002563477e+00,1.102885114774593944e+00,1.352416705245012007e+00,1.357642090307539018e+00,1.218652026927297571e+00
2.233999967575073242e+00,1.101896950617126558e+00,1.350344781307111441e+00,1.354933250113547150e+00,1.217015552121624822e+00
2.234299898147583008e+00,1.100906140060733396e+00,1.348280521711966440e+00,1.352235085299632544e+00,1.215383802978948102e+00
2.234600067138671875e+00,1.099913735555001715e+00,1.346228278663336830e+00,1.349547334681469257e+00,1.213760043661393340e+00
2.234899997711181641e+00,1.098919720797743915e+00,1.344183797215873888e+00,1.346870949447701582e+00,1.212142658738255996e+00
2.235199928283691406e+00,1.097924734527920831e+00,1.342151009285774688e+00,1.344205473717376087e+00,1.210533638617458108e+00
2.235500097274780273e+00,1.096931515215370689e+00,1.340129368445788671e+00,1.341551833148230344e+00,1.208931825925598558e+00
2.235800027847290039e+00,1.095937978325817408e+00,1.338119361463232293e+00,1.338911263508441030e+00,1.207338968339065399e+00
2.236099958419799805e+00,1.094944554684746052e+00,1.336119010037234656e+00,1.336281653503292421e+00,1.205755764419455200e+00
2.236399888992309570e+00,1.093954305011191508e+00,1.334133635174039156e+00,1.333664565050733941e+00,1.204182131112547127e+00
2.236700057983398438e+00,1.092965070223734569e+00,1.332160926673337631e+00,1.331061955650051143e+00,1.202618361911452549e+00
2.236999988555908203e+00,1.091980376810347320e+00,1.330201694756366404e+00,1.328471387556361405e+00,1.201064863576672082e+00
2.237299919128417969e+00,1.090998454411732155e+00,1.328255795082372570e+00,1.325895198253723262e+00,1.199523891091719419e+00
2.237600088119506836e+00,1.090022360571929250e+00,1.326325155019020929e+00,1.323332252934571240e+00,1.197994015664114897e+00
2.237900018692016602e+00,1.089048982300615753e+00,1.324409827221313618e+00,1.320783857911680625e+00,1.196476926832110488e+00
2.238199949264526367e+00,1.088081908389438190e+00,1.322507197558854930e+00,1.318249980186143366e+00,1.194972516794373218e+00
2.238500118255615234e+00,1.087122005848410788e+00,1.320622541527825433e+00,1.315732759379047767e+00,1.193482288364733801e+00
2.238800048828125000e+00,1.086168073401769796e+00,1.318754185735501183e+00,1.313229336309455153e+00,1.192006359764506307e+00
2.239099979400634766e+00,1.085221737069593573e+00,1.316901189651757731e+00,1.310742957559176469e+00,1.190544201399094337e+00
2.239399909973144531e+00,1.084283994219713554e+00,1.315066371532338518e+00,1.308272530289684266e+00,1.189097684951271994e+00
2.239700078964233398e+00,1.083353748293251151e+00,1.313249300635494832e+00,1.305817908793116544e+00,1.187667277334535143e+00
2.240000009536743164e+00,1.082433720939448341e+00,1.311449165849442045e+00,1.303382807245760722e+00,1.186254048779619596e+00
2.240299940109252930e+00,1.081523179398309331e+00,1.309669015076447174e+00,1.300963469838518849e+00,1.184856276981018475e+00
2.240600109100341797e+00,1.080623586598016495e+00,1.307906120864639199e+00,1.298562951961218515e+00,1.183477732690212170e+00
2.240900039672851562e+00,1.079735290965626149e+00,1.306163388655714241e+00,1.296181170392094906e+00,1.182116853049211658e+00
2.241199970245361328e+00,1.078858382500547552e+00,1.304439486942997606e+00,1.293817598227525956e+00,1.180776472472378158e+00
2.241499900817871094e+00,1.077994776004332911e+00,1.302736463368423969e+00,1.291474735723252776e+00,1.179453221857871048e+00
2.241800069808959961e+00,1.077143410500678078e+00,1.301053588021391372e+00,1.289150495449695510e+00,1.178151065166257228e+00
2.242100000381469727e+00,1.076305480103084244e+00,1.299392548785915036e+00,1.286847554402093863e+00,1.176868120061626444e+00
2.242399930953979492e+00,1.075481443866690645e+00,1.297751462367245701e+00,1.284564286543905753e+00,1.175608005715062188e+00
2.242700099945068359e+00,1.074671873699703850e+00,1.296131635486954314e+00,1.282304521989162005e+00,1.174369117462331413e+00
2.243000030517578125e+00,1.073877626818542153e+00,1.294533847330286758e+00,1.280064843640753347e+00,1.173153434462722799e+00
2.243299961090087891e+00,1.073100288210070641e+00,1.292959104527273917e+00,1.277847687902938123e+00,1.171958788565583776e+00
2.243599891662597656e+00,1.072338427399552208e+00,1.291405985707040349e+00,1.275653723897960612e+00,1.170788877508044612e+00
2.243900060653686523e+00,1.071592705535377554e+00,1.289875260675072521e+00,1.273482475037991168e+00,1.169641184618023022e+00
2.244199991226196289e+00,1.070865238238160266e+00,1.288368906101689415e+00,1.271336173950239345e+00,1.168518547655028827e+00
2.244499921798706055e+00,1.070155264121174454e+00,1.286884639788639983e+00,1.269212769983092182e+00,1.167420781539439290e+00
2.244800090789794922e+00,1.069463096807855340e+00,1.285423978750730445e+00,1.267114075639237836e+00,1.166348541468783750e+00
2.245100021362304688e+00,1.068790320344688016e+00,1.283987942626166223e+00,1.265041106186342024e+00,1.165302468130148483e+00
2.245399951934814453e+00,1.068136124719593960e+00,1.282575241563643331e+00,1.262993544402191137e+00,1.164282390487645591e+00
2.245699882507324219e+00,1.067501918945545691e+00,1.281187463952634609e+00,1.260971776987229953e+00,1.163287880241823613e+00
2.246000051498413086e+00,1.066887112650309444e+00,1.279823717743196143e+00,1.258976694599655000e+00,1.162322424627877382e+00
2.246299982070922852e+00,1.066294208855094627e+00,1.278485589480696571e+00,1.257009138122862524e+00,1.161382747146683325e+00
2.246599912643432617e+00,1.065721065390462963e+00,1.277170990301398357e+00,1.255067682574184662e+00,1.160472486322008612e+00
2.246900081634521484e+00,1.065170320370137258e+00,1.275882618307747407e+00,1.253155554952353201e+00,1.159589944965058628e+00
2.247200012207031250e+00,1.064639669634755315e+00,1.274618793404797223e+00,1.251270390069510130e+00,1.158735079772074350e+00
2.247499942779541016e+00,1.064131545843810756e+00,1.273380763872668187e+00,1.249414873674911997e+00,1.157910259098222205e+00
2.247800111770629883e+00,1.063645358802532082e+00,1.272167414711904865e+00,1.247587930349438379e+00,1.157114093884477279e+00
2.248100042343139648e+00,1.063183391421120172e+00,1.270980035030132793e+00,1.245791209985477543e+00,1.156348537593756998e+00
2.248399972915649414e+00,1.062742370338337849e+00,1.269818083386485164e+00,1.244024110573088260e+00,1.155612671289822035e+00
2.248699903488159180e+00,1.062325045860053940e+00,1.268682530717212043e+00,1.242286990295760285e+00,1.154906200689092222e+00
2.249000072479248047e+00,1.061930415660106597e+00,1.267571805242261096e+00,1.240579989626179991e+00,1.154230954116121310e+00
2.249300003051757812e+00,1.061561055975258405e+00,1.266486875483436414e+00,1.238904774777511486e+00,1.153586918973863451e+00
2.249599933624267578e+00,1.061213976096805123e+00,1.265428397112436709e+00,1.237261164569297911e+00,1.152972219855812552e+00
2.249900102615356445e+00,1.060891583855544607e+00,1.264394669898807777e+00,1.235649923684968732e+00,1.152389007943072974e+00
2.250200033187866211e+00,1.060592952117068721e+00,1.263387803667169074e+00,1.234069668885737769e+00,1.151836587015393931e+00
2.250499963760375977e+00,1.060318991344677109e+00,1.262407565661547437e+00,1.232522185766667722e+00,1.151316217785978813e+00
2.250799894332885742e+00,1.060069111388882934e+00,1.261450356285059193e+00,1.231008187150210764e+00,1.150826794460215963e+00
2.251100063323974609e+00,1.059843746361721628e+00,1.260520126888283521e+00,1.229526869213127593e+00,1.150368269395921184e+00
2.251399993896484375e+00,1.059643528019703851e+00,1.259615228062600512e+00,1.228078621678760474e+00,1.149941927773212358e+00
2.251699924468994141e+00,1.059467421686941302e+00,1.258735616263505275e+00,1.226664063139101035e+00,1.149546873160341542e+00
2.252000093460083008e+00,1.059315667455865917e+00,1.257882383116480929e+00,1.225283984592398623e+00,1.149183191715138941e+00
2.252300024032592773e+00,1.059189360675668601e+00,1.257053729293745814e+00,1.223936789966991734e+00,1.148851177540417989e+00
2.252599954605102539e+00,1.059087219271145353e+00,1.256248595550551350e+00,1.222623847354285198e+00,1.148549759070246923e+00
2.252899885177612305e+00,1.059009542596479392e+00,1.255470112707586017e+00,1.221346042513377750e+00,1.148280794472915201e+00
2.253200054168701172e+00,1.058956682740136213e+00,1.254715854153144239e+00,1.220103329514244717e+00,1.148041489352235267e+00
2.253499984741210938e+00,1.058928233121862794e+00,1.253984603944140908e+00,1.218894137712198678e+00,1.147834293626434965e+00
2.253799915313720703e+00,1.058923623956356197e+00,1.253278514520306475e+00,1.217720565531176469e+00,1.147657788107915078e+00
2.254100084304809570e+00,1.058944130616663148e+00,1.252595722417933377e+00,1.216581128344571994e+00,1.147512012060174280e+00
2.254400014877319336e+00,1.058988698821853092e+00,1.251937572484771222e+00,1.215477384610921030e+00,1.147397200361016889e+00
2.254699945449829102e+00,1.059055673195207437e+00,1.251302668336813362e+00,1.214410130261498244e+00,1.147311183897390841e+00
2.255000114440917969e+00,1.059147820419779285e+00,1.250690901636807517e+00,1.213376502689202940e+00,1.147255667113309396e+00
2.255300045013427734e+00,1.059262550309131967e+00,1.250100297529117332e+00,1.212379180055467964e+00,1.147229383922891088e+00
2.255599975585937500e+00,1.059401640108114995e+00,1.249533953220857807e+00,1.211417481675572727e+00,1.147232195837824875e+00
2.255899906158447266e+00,1.059562819073692097e+00,1.248988128008177156e+00,1.210489790906006613e+00,1.147263952961218081e+00
2.256200075149536133e+00,1.059746737045702769e+00,1.248464057052396603e+00,1.209597468875806214e+00,1.147324012032807650e+00
2.256500005722045898e+00,1.059952951520440667e+00,1.247961969880616362e+00,1.208741890162971622e+00,1.147412115743422723e+00
2.256799936294555664e+00,1.060180696906686926e+00,1.247481052465981621e+00,1.207919237170857585e+00,1.147527238838428998e+00
2.257100105285644531e+00,1.060430910996200016e+00,1.247019185361555316e+00,1.207133672722649154e+00,1.147670879255242360e+00
2.257400035858154297e+00,1.060701773890036614e+00,1.246578738200078140e+00,1.206382119028427180e+00,1.147839731409849406e+00
2.257699966430664062e+00,1.060993608639049013e+00,1.246156592037192201e+00,1.205665311088916614e+00,1.148034766375633842e+00
2.257999897003173828e+00,1.061305808463899547e+00,1.245753834404822236e+00,1.204983013586337304e+00,1.148254589768959777e+00
2.258300065994262695e+00,1.061637768806280580e+00,1.245369932004884550e+00,1.204334745923342442e+00,1.148498840446934066e+00
2.258599996566772461e+00,1.061988671431681075e+00,1.245005007125552510e+00,1.203720174177639102e+00,1.148767747632217118e+00
2.258899927139282227e+00,1.062359608475998751e+00,1.244655719189532439e+00,1.203141825574826962e+00,1.149060848872077711e+00
2.259200096130371094e+00,1.062747215315489324e+00,1.244324883515335545e+00,1.202595781286405430e+00,1.149375382138116297e+00
2.259500026702880859e+00,1.063153902380143068e+00,1.244009000990635050e+00,1.202082700373120705e+00,1.149712325327691520e+00
2.259799957275390625e+00,1.063578047904034207e+00,1.243710783478971571e+00,1.201602713442819104e+00,1.150070467736130198e+00
2.260099887847900391e+00,1.064018570004547914e+00,1.243427533516394456e+00,1.201155989685711800e+00,1.150449434826160466e+00
2.260400056838989258e+00,1.064474813663098152e+00,1.243159750692020227e+00,1.200740293233720557e+00,1.150847107579010764e+00
2.260699987411499023e+00,1.064947341011700077e+00,1.242905009754286416e+00,1.200356592929783695e+00,1.151264995164658966e+00
2.260999917984008789e+00,1.065433603512578653e+00,1.242664077456230309e+00,1.200004939705584528e+00,1.151699929577358672e+00
2.261300086975097656e+00,1.065934914306542636e+00,1.242436312570063706e+00,1.199683933975406624e+00,1.152151506666904357e+00
2.261600017547607422e+00,1.066449584337359147e+00,1.242221433594064450e+00,1.199393945286963525e+00,1.152620277163441509e+00
2.261899948120117188e+00,1.066976448396787180e+00,1.242016653323090081e+00,1.199132870774371140e+00,1.153103751638935082e+00
2.262200117111206055e+00,1.067517269894000753e+00,1.241823747480244489e+00,1.198901733058313379e+00,1.153602704343718699e+00
2.262500047683715820e+00,1.068067243788869192e+00,1.241642689896805596e+00,1.198699188732454513e+00,1.154113877495838825e+00
2.262799978256225586e+00,1.068628984545357596e+00,1.241469338277712220e+00,1.198525457400747340e+00,1.154637458640226155e+00
2.263099908828735352e+00,1.069200135239103622e+00,1.241306999203535044e+00,1.198378972881388060e+00,1.155173009186326372e+00
2.263400077819824219e+00,1.069780621480007410e+00,1.241151731151254989e+00,1.198259324923276248e+00,1.155718035602816940e+00
2.263700008392333984e+00,1.070368557430563472e+00,1.241004628328310044e+00,1.198165781652166251e+00,1.156273406650011548e+00
2.263999938964843750e+00,1.070965806817802513e+00,1.240864617905587108e+00,1.198098039283918892e+00,1.156836346498143930e+00
2.264300107955932617e+00,1.071568615488176057e+00,1.240731501810927950e+00,1.198055229574778391e+00,1.157407518694698156e+00
2.264600038528442383e+00,1.072177556997579773e+00,1.240603473741686003e+00,1.198036868398509647e+00,1.157984155679962823e+00
2.264899969100952148e+00,1.072791067138636922e+00,1.240480469193775637e+00,1.198041805937225535e+00,1.158566035980526099e+00
2.265199899673461914e+00,1.073409367549452709e+00,1.240362334865575900e+00,1.198069441411036440e+00,1.159151856203617825e+00
2.265500068664550781e+00,1.074030435131918981e+00,1.240247384910577733e+00,1.198118551411079258e+00,1.159740295468450810e+00
2.265799999237060547e+00,1.074654917625960104e+00,1.240135023963442773e+00,1.198189425186137580e+00,1.160329847536451631e+00
2.266099929809570312e+00,1.075281963153477793e+00,1.240025082014561297e+00,1.198279652064888401e+00,1.160920609074674648e+00
2.266400098800659180e+00,1.075906907455146833e+00,1.239917593448526478e+00,1.198389026067663066e+00,1.161510562934946256e+00
2.266700029373168945e+00,1.076533712112640373e+00,1.239809760229995339e+00,1.198517128051881375e+00,1.162099540485107330e+00
2.266999959945678711e+00,1.077159045618559574e+00,1.239701826039218968e+00,1.198663048052300617e+00,1.162684606047672098e+00
2.267299890518188477e+00,1.077781925085251391e+00,1.239594338485760172e+00,1.198824340930541243e+00,1.163264801525104586e+00
2.267600059509277344e+00,1.078403106133086542e+00,1.239484406987639620e+00,1.199001449005763442e+00,1.163841850162206537e+00
2.267899990081787109e+00,1.079020108134534306e+00,1.239373734978097996e+00,1.199193667410089148e+00,1.164411276571650777e+00
2.268199920654296875e+00,1.079633734520172528e+00,1.239258463762195062e+00,1.199399173851693812e+00,1.164972667100740322e+00
2.268500089645385742e+00,1.080240425227746215e+00,1.239140361348838537e+00,1.199617077515833907e+00,1.165525417210499626e+00
2.268800020217895508e+00,1.080841957504347528e+00,1.239019013860126250e+00,1.199846631928616292e+00,1.166069293039328159e+00
2.269099950790405273e+00,1.081435544268124715e+00,1.238893728794795646e+00,1.200085849536818738e+00,1.166600928585882491e+00
2.269399881362915039e+00,1.082021892041120870e+00,1.238760476157325430e+00,1.200335172640520920e+00,1.167120872717255287e+00
2.269700050354003906e+00,1.082598397850073724e+00,1.238622512596143199e+00,1.200593240159874231e+00,1.167626481005764161e+00
2.269999980926513672e+00,1.083165669712468970e+00,1.238477797941683001e+00,1.200857986561955304e+00,1.168117806745087028e+00
2.270299911499023438e+00,1.083723086053463014e+00,1.238325969360783096e+00,1.201128297984741966e+00,1.168593835295324679e+00
2.270600080490112305e+00,1.084267500650395455e+00,1.238165821477988038e+00,1.201404322779394462e+00,1.169052456374838123e+00
2.270900011062622070e+00,1.084800797838034958e+00,1.237996509471433360e+00,1.201684066837596543e+00,1.169492755224656566e+00
2.271199941635131836e+00,1.085320747669232144e+00,1.237819138744954195e+00,1.201965573982654245e+00,1.169914424263970076e+00
2.271500110626220703e+00,1.085826427192218224e+00,1.237630096464408691e+00,1.202248745941859154e+00,1.170315122424064214e+00
2.271800041198730469e+00,1.086316527855932357e+00,1.237432077209569492e+00,1.202532912532127796e+00,1.170695749292443910e+00
2.272099971771240234e+00,1.086792742970782877e+00,1.237223092558092041e+00,1.202817057399664158e+00,1.171053606284092607e+00
2.272399902343750000e+00,1.087251541046691639e+00,1.237001887369382880e+00,1.203097834582589121e+00,1.171388068266169036e+00
2.272700071334838867e+00,1.087692815340490338e+00,1.236768721834779816e+00,1.203375587010554471e+00,1.171697711688533206e+00
2.273000001907348633e+00,1.088116527983647774e+00,1.236523241238822957e+00,1.203650016823561097e+00,1.171982249035946166e+00
2.273299932479858398e+00,1.088521673968600334e+00,1.236264698154927233e+00,1.203918029271052070e+00,1.172240690213777636e+00
2.273600101470947266e+00,1.088907927378305329e+00,1.235992077538199396e+00,1.204180559274580009e+00,1.172470983344187978e+00
2.273900032043457031e+00,1.089272853292579946e+00,1.235706081008754342e+00,1.204433990017513612e+00,1.172673485166617846e+00
2.274199962615966797e+00,1.089618225272491525e+00,1.235405202902500443e+00,1.204679245092834972e+00,1.172847699132665511e+00
2.274499893188476562e+00,1.089942017498824800e+00,1.235088606117971333e+00,1.204912901586956631e+00,1.172990787538956470e+00
2.274800062179565430e+00,1.090243930880624879e+00,1.234758160532655857e+00,1.205136962766066189e+00,1.173103785408249111e+00
2.275099992752075195e+00,1.090522064956029435e+00,1.234410923043218311e+00,1.205348029095250073e+00,1.173183718292576838e+00
2.275399923324584961e+00,1.090778561803477098e+00,1.234047495718030296e+00,1.205544746023170299e+00,1.173232639132544497e+00
2.275700092315673828e+00,1.091010109421446161e+00,1.233668767385809550e+00,1.205726437253879624e+00,1.173249218632738788e+00
2.276000022888183594e+00,1.091217129349308479e+00,1.233272324638999162e+00,1.205892984994811457e+00,1.173230603824439777e+00
2.276299953460693359e+00,1.091400357827427614e+00,1.232859472936541634e+00,1.206041779455673701e+00,1.173178826823098486e+00
2.276599884033203125e+00,1.091556997527286521e+00,1.232429476512913791e+00,1.206172876842718678e+00,1.173091497874075850e+00
2.276900053024291992e+00,1.091688655913239714e+00,1.231980739903841604e+00,1.206284057492817752e+00,1.172968273619237944e+00
2.277199983596801758e+00,1.091793358443669870e+00,1.231514673894998690e+00,1.206374247940618538e+00,1.172808233729441207e+00
2.277499914169311523e+00,1.091871877479688724e+00,1.231031368750088451e+00,1.206443444746821081e+00,1.172613520009285093e+00
2.277800083160400391e+00,1.091923304700753494e+00,1.230529578843165828e+00,1.206490409133410768e+00,1.172381306706286708e+00
2.278100013732910156e+00,1.091947522172786122e+00,1.230009862167607881e+00,1.206513484482331089e+00,1.172111285869734232e+00
2.278399944305419922e+00,1.091943797759990398e+00,1.229471748603507608e+00,1.206511423608217282e+00,1.171803861955997839e+00
2.278700113296508789e+00,1.091912832906771769e+00,1.228915543436278623e+00,1.206485128411303620e+00,1.171458760817285061e+00
2.279000043869018555e+00,1.091853168343104530e+00,1.228339279488244395e+00,1.206430115904643774e+00,1.171073938795350156e+00
2.279299974441528320e+00,1.091765157217332138e+00,1.227745852057346543e+00,1.206349601939779470e+00,1.170652825380502637e+00
2.279599905014038086e+00,1.091649610074281185e+00,1.227133643161088195e+00,1.206238814552661465e+00,1.170191326916228514e+00
2.279900074005126953e+00,1.091504797190031351e+00,1.226503906368934249e+00,1.206098973154557275e+00,1.169692150918299811e+00
2.280200004577636719e+00,1.091331449282139543e+00,1.225854916387321580e+00,1.205930162066192857e+00,1.169154294719794596e+00
2.280499935150146484e+00,1.091128553689186598e+00,1.225187858627734050e+00,1.205728338629674656e+00,1.168576901861872130e+00
2.280800104141235352e+00,1.090898103539965192e+00,1.224503335372059798e+00,1.205496005519245184e+00,1.167961747907692471e+00
2.281100034713745117e+00,1.090638917977805544e+00,1.223801246225619588e+00,1.205230409617875864e+00,1.167308343952491834e+00
2.281399965286254883e+00,1.090350043872789554e+00,1.223080107749045187e+00,1.204932187051697356e+00,1.166617685383711134e+00
2.281699895858764648e+00,1.090033729415417874e+00,1.222341399426291719e+00,1.204598698176576610e+00,1.165887930507869985e+00
2.282000064849853516e+00,1.089688614463436345e+00,1.221586071784469096e+00,1.204230489763777445e+00,1.165120634008456557e+00
2.282299995422363281e+00,1.089314603535877390e+00,1.220813034508447581e+00,1.203826974644339520e+00,1.164315286324305143e+00
2.282599925994873047e+00,1.088913067753731534e+00,1.220023494040124667e+00,1.203387985216980205e+00,1.163474406037862563e+00
2.282900094985961914e+00,1.088483371333579530e+00,1.219218242765865323e+00,1.202911805780655152e+00,1.162595696262344491e+00
2.283200025558471680e+00,1.088027470198051017e+00,1.218396146549332260e+00,1.202398786804974140e+00,1.161682063845892232e+00
2.283499956130981445e+00,1.087543087663958241e+00,1.217559250647658686e+00,1.201847317236970358e+00,1.160733308002212416e+00
2.283799886703491211e+00,1.087032546429712365e+00,1.216706568166508351e+00,1.201258334687747897e+00,1.159749496658780021e+00
2.284100055694580078e+00,1.086495997018951831e+00,1.215839668127844275e+00,1.200632000459283866e+00,1.158731532407815790e+00
2.284399986267089844e+00,1.085932983771694005e+00,1.214958358115819870e+00,1.199965928165717566e+00,1.157680481572976205e+00
2.284699916839599609e+00,1.085345278241272915e+00,1.214063611259249775e+00,1.199260854610828098e+00,1.156596946215714405e+00
2.285000085830688477e+00,1.084733254590108054e+00,1.213155846183759712e+00,1.198517524807797052e+00,1.155482799172178554e+00
2.285300016403198242e+00,1.084096746715748516e+00,1.212235950519426009e+00,1.197734295069688093e+00,1.154337927986026413e+00
2.285599946975708008e+00,1.083436196446482480e+00,1.211302942575542607e+00,1.196911724816307032e+00,1.153163940231412443e+00
2.285900115966796875e+00,1.082752889379600347e+00,1.210360048375226594e+00,1.196049824558296892e+00,1.151960802870703127e+00
2.286200046539306641e+00,1.082047776027769581e+00,1.209405474623053589e+00,1.195148172522303653e+00,1.150730570006677667e+00
2.286499977111816406e+00,1.081320928467085718e+00,1.208442029056290279e+00,1.194206102839421968e+00,1.149475437587367921e+00
2.286799907684326172e+00,1.080573834793463250e+00,1.207469333888859353e+00,1.193226163067109047e+00,1.148194139224707921e+00
2.287100076675415039e+00,1.079806605611889125e+00,1.206487782147410925e+00,1.192206033981246360e+00,1.146889918322446134e+00
2.287400007247924805e+00,1.079020966270077375e+00,1.205499770659452130e+00,1.191146392059251991e+00,1.145563288149258563e+00
2.287699937820434570e+00,1.078216271145693517e+00,1.204504221678851072e+00,1.190049272122885471e+00,1.144215935032043330e+00
2.288000106811523438e+00,1.077396006005688189e+00,1.203502326966106040e+00,1.188912078342042156e+00,1.142848986219373808e+00
2.288300037384033203e+00,1.076558551188000479e+00,1.202495687164725657e+00,1.187738159484623690e+00,1.141464764398707921e+00
2.288599967956542969e+00,1.075706691525154302e+00,1.201485880675360107e+00,1.186526095762583610e+00,1.140064367058395423e+00
2.288899898529052734e+00,1.074840524265842978e+00,1.200472642046068517e+00,1.185276329861628897e+00,1.138648926118655424e+00
2.289200067520141602e+00,1.073961676212540572e+00,1.199456734755502518e+00,1.183990166989125070e+00,1.137220468575835586e+00
2.289499998092651367e+00,1.073070462704456052e+00,1.198440054318405723e+00,1.182668024877070234e+00,1.135781519846413623e+00
2.289799928665161133e+00,1.072169447371946305e+00,1.197421963811282408e+00,1.181309884097377250e+00,1.134331569803543882e+00
2.290100097656250000e+00,1.071258357814909079e+00,1.196405833538305652e+00,1.179917500804557484e+00,1.132875331776720618e+00
2.290400028228759766e+00,1.070339046183214293e+00,1.195391221833188800e+00,1.178491783802304349e+00,1.131412558206013275e+00
2.290699958801269531e+00,1.069412182690822943e+00,1.194377974685834065e+00,1.177032187401780394e+00,1.129947253251576633e+00
2.290999889373779297e+00,1.068480420743961989e+00,1.193370179089803917e+00,1.175540949594791273e+00,1.128477856295575954e+00
2.291300058364868164e+00,1.067544165451972393e+00,1.192365657208759311e+00,1.174017764868718672e+00,1.127009008997405859e+00
2.291599988937377930e+00,1.066604810388972702e+00,1.191368845692426515e+00,1.172465399446578793e+00,1.125541897681885617e+00
2.291899919509887695e+00,1.065663992144494809e+00,1.190378446865261841e+00,1.170883245369816361e+00,1.124079442378352001e+00
2.292200088500976562e+00,1.064722469358664991e+00,1.189396364521115190e+00,1.169273401387953992e+00,1.122622880929333489e+00
2.292500019073486328e+00,1.063781559666334031e+00,1.188423678140628992e+00,1.167635419757028448e+00,1.121173719865205642e+00
2.292799949645996094e+00,1.062843476909867357e+00,1.187460398203651124e+00,1.165974128811438693e+00,1.119735661209609212e+00
2.293100118637084961e+00,1.061910214297557165e+00,1.186509916846520740e+00,1.164288442523349287e+00,1.118309727531523912e+00
2.293400049209594727e+00,1.060981350159709624e+00,1.185571810815418958e+00,1.162578105463068390e+00,1.116898233199070001e+00
2.293699979782104492e+00,1.060058878958330286e+00,1.184648168334546003e+00,1.160847758399985885e+00,1.115503906019188918e+00
2.293999910354614258e+00,1.059145489876221147e+00,1.183739164784524567e+00,1.159097963215494742e+00,1.114127542031732920e+00
2.294300079345703125e+00,1.058241895995398973e+00,1.182847335879714690e+00,1.157328323305595319e+00,1.112773952911736863e+00
2.294600009918212891e+00,1.057349091064112123e+00,1.181971453081765766e+00,1.155543305711521418e+00,1.111442927430849270e+00
2.294899940490722656e+00,1.056469981735639330e+00,1.181115798614110091e+00,1.153742323655221780e+00,1.110138188505926049e+00
2.295200109481811523e+00,1.055605487785366003e+00,1.180279222495080660e+00,1.151928456541349455e+00,1.108861372856763561e+00
2.295500040054321289e+00,1.054757093959009628e+00,1.179464973205446521e+00,1.150102406087649465e+00,1.107615056152763788e+00
2.295799970626831055e+00,1.053926153883344874e+00,1.178671616008636569e+00,1.148266594198212198e+00,1.106400742857256647e+00
2.296099901199340820e+00,1.053114603748798395e+00,1.177902842388416582e+00,1.146423127401181130e+00,1.105223211103361747e+00
2.296400070190429688e+00,1.052323159285537102e+00,1.177158330656100871e+00,1.144573432592196127e+00,1.104081504255919999e+00
2.296700000762939453e+00,1.051554395872441594e+00,1.176440146983856572e+00,1.142718018945005465e+00,1.102979922114446731e+00
2.296999931335449219e+00,1.050811095048137744e+00,1.175748748677582611e+00,1.140862226859840289e+00,1.101920616913531159e+00
2.297300100326538086e+00,1.050092518904448102e+00,1.175085511524307957e+00,1.139005280261428332e+00,1.100904832785516207e+00
2.297600030899047852e+00,1.049400690109610679e+00,1.174451482380779455e+00,1.137151105668728901e+00,1.099936521676223133e+00
2.297899961471557617e+00,1.048737578276839333e+00,1.173849579216535322e+00,1.135299826653196842e+00,1.099017958001200057e+00
2.298199892044067383e+00,1.048104648286411367e+00,1.173277700682916702e+00,1.133455281753039889e+00,1.098149220824742534e+00
2.298500061035156250e+00,1.047504874871389102e+00,1.172739455293936084e+00,1.131618247146140011e+00,1.097333967555733647e+00
2.298799991607666016e+00,1.046937190936775952e+00,1.172235480066841973e+00,1.129792539094002013e+00,1.096575281169825278e+00
2.299099922180175781e+00,1.046405393217597846e+00,1.171766604442133097e+00,1.127979085861424480e+00,1.095874067884317737e+00
2.299400091171264648e+00,1.045909636043230062e+00,1.171334019718315522e+00,1.126181698334304482e+00,1.095233416073810639e+00
2.299700021743774414e+00,1.045452650012087314e+00,1.170938455602498207e+00,1.124400227191271195e+00,1.094654940698287060e+00
2.299999952316284180e+00,1.045034941354927138e+00,1.170581331877702969e+00,1.122639118827106985e+00,1.094140441597678093e+00
