frequency_ghz,port1_rl_db,port2_rl_db,port3_rl_db,port4_rl_db
2.000000000000000000e+00,6.059999205511900300e+00,6.054458960194103234e+00,6.057590700428404418e+00,6.056003532212022478e+00
2.000299930572509766e+00,6.053474342386152784e+00,6.047943415894783570e+00,6.051070750662788100e+00,6.049482799793295840e+00
2.000600099563598633e+00,6.046947361170897928e+00,6.041422953255209727e+00,6.044548411607594041e+00,6.042961833479266076e+00
2.000900030136108398e+00,6.040418340089480864e+00,6.034900244235473110e+00,6.038024225943972922e+00,6.036437089084937924e+00
2.001199960708618164e+00,6.033887869861130682e+00,6.028378252784055036e+00,6.031496558761539006e+00,6.029911171339117359e+00
2.001499891281127930e+00,6.027354539232248065e+00,6.021852428162298487e+00,6.024969982505079535e+00,6.023383825281330317e+00
2.001800060272216797e+00,6.020819726075666622e+00,6.015324439629331721e+00,6.018442193989409716e+00,6.016852633933316596e+00
2.002099990844726562e+00,6.014282787599404045e+00,6.008795675256455304e+00,6.011908979826715793e+00,6.010322330163542226e+00
2.002399921417236328e+00,6.007745309794212396e+00,6.002265036472489435e+00,6.005376425869491719e+00,6.003787346571282768e+00
2.002700090408325195e+00,6.001206710749768192e+00,5.995732345971522825e+00,5.998840661011807462e+00,5.997254416869712834e+00
2.003000020980834961e+00,5.994664579782779334e+00,5.989198944875830044e+00,5.992306391480163086e+00,5.990717938979786439e+00
2.003299951553344727e+00,5.988124357175156121e+00,5.982662835861968453e+00,5.985769362335462418e+00,5.984180076041778484e+00
2.003599882125854492e+00,5.981580097979994015e+00,5.976128238846650120e+00,5.979231017802820958e+00,5.977643524155455523e+00
2.003900051116943359e+00,5.975036552960611758e+00,5.969591328638580663e+00,5.972691264129174726e+00,5.971103262512656329e+00
2.004199981689453125e+00,5.968490755690160299e+00,5.963053179640821710e+00,5.966149908612260688e+00,5.964563106576817653e+00
2.004499912261962891e+00,5.961945437316733987e+00,5.956514394570847415e+00,5.959610095540193164e+00,5.958021188699631487e+00
2.004800081253051758e+00,5.955399502707001247e+00,5.949974813585479083e+00,5.953069397617221092e+00,5.951480483349850026e+00
2.005100011825561523e+00,5.948852542541398947e+00,5.943436616483516843e+00,5.946526725185475648e+00,5.944937702391719370e+00
2.005399942398071289e+00,5.942304704191236908e+00,5.936895100820254179e+00,5.939983330498566971e+00,5.938395098749507106e+00
2.005700111389160156e+00,5.935755931007014041e+00,5.930354530031184623e+00,5.933440264126975450e+00,5.931853083402672588e+00
2.006000041961669922e+00,5.929207766879198260e+00,5.923815245849173294e+00,5.926896828679967477e+00,5.925308066430935661e+00
2.006299972534179688e+00,5.922660457206747608e+00,5.917272223677223053e+00,5.920353204692750282e+00,5.918765609088630697e+00
2.006599903106689453e+00,5.916112935261632622e+00,5.910730636787110193e+00,5.913810811928767563e+00,5.912221850089646402e+00
2.006900072097778320e+00,5.909561688995356832e+00,5.904190868510854173e+00,5.907266172192597864e+00,5.905677745913706644e+00
2.007200002670288086e+00,5.903014942205091486e+00,5.897649982328339924e+00,5.900721272336387990e+00,5.899135356181817613e+00
2.007499933242797852e+00,5.896466328455648664e+00,5.891108384895343164e+00,5.894179212089582620e+00,5.892592184527686072e+00
2.007800102233886719e+00,5.889919440477850543e+00,5.884569675998365668e+00,5.887635967844876639e+00,5.886048639269612970e+00
2.008100032806396484e+00,5.883371182811991673e+00,5.878029690996022794e+00,5.881092899738681545e+00,5.879506142224202314e+00
2.008399963378906250e+00,5.876825188080918139e+00,5.871488367135073716e+00,5.874550829162290100e+00,5.872964196633541079e+00
2.008699893951416016e+00,5.870278814595052630e+00,5.864950363904246622e+00,5.868009319835351789e+00,5.866424310216652671e+00
2.009000062942504883e+00,5.863733706590577022e+00,5.858412986672173695e+00,5.861468858554374606e+00,5.859883492588426890e+00
2.009299993515014648e+00,5.857188755102980871e+00,5.851875595369937955e+00,5.854929927320941196e+00,5.853343271706482831e+00
2.009599924087524414e+00,5.850647000581249202e+00,5.845338809914908396e+00,5.848390005197867225e+00,5.846804188132141533e+00
2.009900093078613281e+00,5.844102221134553687e+00,5.838803851147741142e+00,5.841852320690579248e+00,5.840266328118667971e+00
2.010200023651123047e+00,5.837561366349283354e+00,5.832269605547896418e+00,5.835314618700317091e+00,5.833728445659641437e+00
2.010499954223632812e+00,5.831021403814851567e+00,5.825736319051426193e+00,5.828778975252772554e+00,5.827193003447836084e+00
2.010799884796142578e+00,5.824481845687381920e+00,5.819204885718986198e+00,5.822244798843837721e+00,5.820659665220277112e+00
2.011100053787231445e+00,5.817944123699600567e+00,5.812674177083392735e+00,5.815711265136602748e+00,5.814126861891217857e+00
2.011399984359741211e+00,5.811408049145805776e+00,5.806145957286289239e+00,5.809179051371815561e+00,5.807594708892267477e+00
2.011699914932250977e+00,5.804873162745677106e+00,5.799618407543999155e+00,5.802650980823496951e+00,5.801064724070195133e+00
2.012000083923339844e+00,5.798339005930043477e+00,5.793093213919955353e+00,5.796121667011430389e+00,5.794537433003993598e+00
2.012300014495849609e+00,5.791806205499733018e+00,5.786569527885012221e+00,5.789593236856179104e+00,5.788010026524546880e+00
2.012599945068359375e+00,5.785277086887314901e+00,5.780046882767538641e+00,5.783068878164307591e+00,5.781485024159892738e+00
2.012900114059448242e+00,5.778750924351978568e+00,5.773527161362005167e+00,5.776545747453534219e+00,5.774962186155977228e+00
2.013200044631958008e+00,5.772224833690856372e+00,5.767008702254502239e+00,5.770023418290515238e+00,5.768441708211816454e+00
2.013499975204467773e+00,5.765699640068544518e+00,5.760493067188701133e+00,5.763505363656072689e+00,5.761921268293876075e+00
2.013799905776977539e+00,5.759179985243603639e+00,5.753978925778319820e+00,5.756985847146694368e+00,5.755405275854108993e+00
2.014100074768066406e+00,5.752660388466431129e+00,5.747465209605859826e+00,5.750471848487120674e+00,5.748890975555927874e+00
2.014400005340576172e+00,5.746142079466732611e+00,5.740956906459705245e+00,5.743958997049324111e+00,5.742377901758536574e+00
2.014699935913085938e+00,5.739627872700012290e+00,5.734448899367306396e+00,5.737449727192315052e+00,5.735868419533972862e+00
2.015000104904174805e+00,5.733115836714862468e+00,5.727943105510470367e+00,5.730942718377431078e+00,5.729361670561619491e+00
2.015300035476684570e+00,5.726608546884834006e+00,5.721442743495376959e+00,5.724435215241054919e+00,5.722854364244663650e+00
2.015599966049194336e+00,5.720100644410117674e+00,5.714942133095051169e+00,5.717934301905382100e+00,5.716355154601280297e+00
2.015899896621704102e+00,5.713594973999537530e+00,5.708446761287325977e+00,5.711433047974655786e+00,5.709855638571785796e+00
2.016200065612792969e+00,5.707090874441513861e+00,5.701952960765064304e+00,5.704938273310697916e+00,5.703355330982804006e+00
2.016499996185302734e+00,5.700593781342049304e+00,5.695459292166411558e+00,5.698442929183356043e+00,5.696862736555587503e+00
2.016799926757812500e+00,5.694097224495102694e+00,5.688973364250106357e+00,5.691947752576353103e+00,5.690373693984899006e+00
2.017100095748901367e+00,5.687605199730665362e+00,5.682484979655310298e+00,5.685462838340001213e+00,5.683882936709519385e+00
2.017400026321411133e+00,5.681114689075059232e+00,5.676004723112606953e+00,5.678974379981148957e+00,5.677401414857365047e+00
2.017699956893920898e+00,5.674631648760852798e+00,5.669524107730237183e+00,5.672496056139745058e+00,5.670911385737024801e+00
2.017999887466430664e+00,5.668145096543346639e+00,5.663050692796587349e+00,5.666011946993537940e+00,5.664437841474349256e+00
2.018300056457519531e+00,5.661666073346623307e+00,5.656575468156042064e+00,5.659539477678469765e+00,5.657961166247690521e+00
2.018599987030029297e+00,5.655188219679269324e+00,5.650105763217101895e+00,5.653065733673998672e+00,5.651489852380939816e+00
2.018899917602539062e+00,5.648715965964240304e+00,5.643639236678566817e+00,5.646596241499675095e+00,5.645022750641491172e+00
2.019200086593627930e+00,5.642244260761705377e+00,5.637178737851854748e+00,5.640132492121587404e+00,5.638554484826058477e+00
2.019500017166137695e+00,5.635776993424266301e+00,5.630721096882673748e+00,5.633668859310394517e+00,5.632092982296797778e+00
2.019799947738647461e+00,5.629315481981481462e+00,5.624262915137975050e+00,5.627211817912547431e+00,5.625636056056060319e+00
2.020100116729736328e+00,5.622855395102895670e+00,5.617813246657642701e+00,5.620754826204048982e+00,5.619184794342634071e+00
2.020400047302246094e+00,5.616398440654844393e+00,5.611366795992898560e+00,5.614304828823211579e+00,5.612731444656353652e+00
2.020699977874755859e+00,5.609946519798065800e+00,5.604923915834907788e+00,5.607856760614581049e+00,5.606284662940676178e+00
2.020999908447265625e+00,5.603499230915502949e+00,5.598483564178676986e+00,5.601411889385243370e+00,5.599842012098572575e+00
2.021300077438354492e+00,5.597056907292115469e+00,5.592047012929290517e+00,5.594972102647095547e+00,5.593403691289471347e+00
2.021600008010864258e+00,5.590619273916068721e+00,5.585614204904799429e+00,5.588538471138676300e+00,5.586968715199809310e+00
2.021899938583374023e+00,5.584180026820063425e+00,5.579187530095000014e+00,5.582107311301721886e+00,5.580537492343323080e+00
2.022200107574462891e+00,5.577751885223544370e+00,5.572760821147905830e+00,5.575681267931329899e+00,5.574108926237903994e+00
2.022500038146972656e+00,5.571323355540346078e+00,5.566342400871995721e+00,5.569254859784214418e+00,5.567690125004905788e+00
2.022799968719482422e+00,5.564899145117365720e+00,5.559927678507296633e+00,5.562837770023235429e+00,5.561272292190825084e+00
2.023099899291992188e+00,5.558481576405819524e+00,5.553515822705385574e+00,5.556426602366220990e+00,5.554854183541804602e+00
2.023400068283081055e+00,5.552067824677774155e+00,5.547110646269298506e+00,5.550011695212294427e+00,5.548448455504951582e+00
2.023699998855590820e+00,5.545658411291114476e+00,5.540706833834665446e+00,5.543608853867480590e+00,5.542041963846257246e+00
2.023999929428100586e+00,5.539252631805414495e+00,5.534309463412117935e+00,5.537207760589443417e+00,5.535642365955256494e+00
2.024300098419189453e+00,5.532851554488493306e+00,5.527917943193250139e+00,5.530811433492871743e+00,5.529247196576477563e+00
2.024600028991699219e+00,5.526456458421789009e+00,5.521528198786390895e+00,5.524418944053741676e+00,5.522855012971202626e+00
2.024899959564208984e+00,5.520064793672433190e+00,5.515145039909072899e+00,5.518031228933684140e+00,5.516467588711538639e+00
2.025199890136718750e+00,5.513678255671181638e+00,5.508766377360493571e+00,5.511648898419563736e+00,5.510086576715677253e+00
2.025500059127807617e+00,5.507297131340777696e+00,5.502392388574729232e+00,5.505272024288837329e+00,5.503707565789939693e+00
2.025799989700317383e+00,5.500918825126270839e+00,5.496021770464371237e+00,5.498897304858388679e+00,5.497337105155524206e+00
2.026099920272827148e+00,5.494547078166998055e+00,5.489658777565953329e+00,5.492530124038737860e+00,5.490969452792776373e+00
2.026400089263916016e+00,5.488180215924744587e+00,5.483297297823338745e+00,5.486167417199285801e+00,5.484607275305367402e+00
2.026700019836425781e+00,5.481818346348809712e+00,5.476943572725165410e+00,5.479808474649678907e+00,5.478249943949381695e+00
2.026999950408935547e+00,5.475461190200796580e+00,5.470594189096313009e+00,5.473456281636761567e+00,5.471898361089332141e+00
2.027299880981445312e+00,5.469110802127251425e+00,5.464249089703661966e+00,5.467109894242943469e+00,5.465550414249480404e+00
2.027600049972534180e+00,5.462762364962473249e+00,5.457910963620420830e+00,5.460764877329006062e+00,5.459208409510093674e+00
2.027899980545043945e+00,5.456420392543982700e+00,5.451576396502060717e+00,5.454428279688805503e+00,5.452871818010098792e+00
2.028199911117553711e+00,5.450085213673315110e+00,5.445247990139473693e+00,5.448096452335962070e+00,5.446541586859466655e+00
2.028500080108642578e+00,5.443753669198172496e+00,5.438925403031602102e+00,5.441768739642565578e+00,5.440214757994638717e+00
2.028800010681152344e+00,5.437427872559263520e+00,5.432606869154422924e+00,5.435447234248545811e+00,5.433893762007904193e+00
2.029099941253662109e+00,5.431109081101192615e+00,5.426294482061018165e+00,5.429131843058152995e+00,5.427578305217362953e+00
2.029400110244750977e+00,5.424794889318430791e+00,5.419987556542129603e+00,5.422819938890536484e+00,5.421269008535348988e+00
2.029700040817260742e+00,5.418485230164375110e+00,5.413686347085554296e+00,5.416516509944502289e+00,5.414963250514866822e+00
2.029999971389770508e+00,5.412181195381680965e+00,5.407391853603449761e+00,5.410216148202041886e+00,5.408666370294391790e+00
2.030299901962280273e+00,5.405884780147401258e+00,5.401099821219076169e+00,5.403922652434792973e+00,5.402372606403337052e+00
2.030600070953369141e+00,5.399591700177151843e+00,5.394814791089559414e+00,5.397635525326296424e+00,5.396085165817695817e+00
2.030900001525878906e+00,5.393305299349313131e+00,5.388537074487391720e+00,5.391352861117029605e+00,5.389802600936556054e+00
2.031199932098388672e+00,5.387023213409550593e+00,5.382263951738279317e+00,5.385075175642337619e+00,5.383526689567873724e+00
2.031500101089477539e+00,5.380750789688626412e+00,5.375994723726877034e+00,5.378804353487555368e+00,5.377257199247491570e+00
2.031800031661987305e+00,5.374479693347851139e+00,5.369734913183734193e+00,5.372537727185433098e+00,5.370991903934675626e+00
2.032099962234497070e+00,5.368218317364798153e+00,5.363477844170602360e+00,5.366278972009634884e+00,5.364732822007834301e+00
2.032399892807006836e+00,5.361960757015387102e+00,5.357229471777785967e+00,5.360025689565165230e+00,5.358480859238381910e+00
2.032700061798095703e+00,5.355709984316194827e+00,5.350984911341774897e+00,5.353778739595052905e+00,5.352234486615470743e+00
2.032999992370605469e+00,5.349463776518437186e+00,5.344747626515982120e+00,5.347537734960567946e+00,5.345994207523215636e+00
2.033299922943115234e+00,5.343224079044095021e+00,5.338516598555168358e+00,5.341300285758138422e+00,5.339758258900432430e+00
2.033600091934204102e+00,5.336992514497305606e+00,5.332288385521728458e+00,5.335073705542090039e+00,5.333530159577063223e+00
2.033900022506713867e+00,5.330763531227153074e+00,5.326071417099987215e+00,5.328849456785339278e+00,5.327307773299518878e+00
2.034199953079223633e+00,5.324543766682944046e+00,5.319857929718240008e+00,5.322632175611857974e+00,5.321090910510321237e+00
2.034499883651733398e+00,5.318329135115469342e+00,5.313650637433999790e+00,5.316421713635025803e+00,5.314881268828313132e+00
2.034800052642822266e+00,5.312119366800084563e+00,5.307450231353278092e+00,5.310216750283109022e+00,5.308678280012878226e+00
2.035099983215332031e+00,5.305919554882421174e+00,5.301254078041917950e+00,5.304018873518817401e+00,5.302480771511946855e+00
2.035399913787841797e+00,5.299722965872391889e+00,5.295066732173633106e+00,5.297825995984158709e+00,5.296291273189267734e+00
2.035700082778930664e+00,5.293533679252058199e+00,5.288885194337603401e+00,5.291641059273938907e+00,5.290104271678023551e+00
2.036000013351440430e+00,5.287350423639178842e+00,5.282710508179421893e+00,5.285463185300308453e+00,5.283925662855458505e+00
2.036299943923950195e+00,5.281174375785743891e+00,5.276541092778367137e+00,5.279290555774094784e+00,5.277753089071585357e+00
2.036600112915039062e+00,5.275004711130709012e+00,5.270377575383532687e+00,5.273123900977800815e+00,5.271589565868284311e+00
2.036900043487548828e+00,5.268841513288105460e+00,5.264222130518888321e+00,5.266962974861053581e+00,5.265430440344676555e+00
2.037199974060058594e+00,5.262683018216064212e+00,5.258073363196293926e+00,5.260810098923301759e+00,5.259278083571130580e+00
2.037499904632568359e+00,5.256533481543380404e+00,5.251930019774658120e+00,5.254662448684628728e+00,5.253133428878932421e+00
2.037800073623657227e+00,5.250390568170021588e+00,5.245793052157051939e+00,5.248523151931702380e+00,5.246994131530369643e+00
2.038100004196166992e+00,5.244252512165035185e+00,5.239664873190107208e+00,5.242390336426961284e+00,5.240861318485078968e+00
2.038399934768676758e+00,5.238122980477541546e+00,5.233541187835627717e+00,5.236264280415126926e+00,5.234733943171315573e+00
2.038700103759765625e+00,5.231997580312500062e+00,5.227425496206331346e+00,5.230143881843556386e+00,5.228616418976567815e+00
2.039000034332275391e+00,5.225881395519714090e+00,5.221316655208871005e+00,5.224029639053489937e+00,5.222503273144315727e+00
2.039299964904785156e+00,5.219772512183064705e+00,5.215212486804703396e+00,5.217924933433596202e+00,5.216397597524204954e+00
2.039599895477294922e+00,5.213668035061411743e+00,5.209117815581140398e+00,5.211825224598732653e+00,5.210299425996617551e+00
2.039900064468383789e+00,5.207571719845019764e+00,5.203028620169115825e+00,5.205732292679846829e+00,5.204208418017712390e+00
2.040199995040893555e+00,5.201483754797565418e+00,5.196946856504470524e+00,5.199645663167165921e+00,5.198123223429742978e+00
2.040499925613403320e+00,5.195401255183943690e+00,5.190871030733189784e+00,5.193568288358218155e+00,5.192043915306156165e+00
2.040800094604492188e+00,5.189324998489952989e+00,5.184801916734437910e+00,5.187495844431357028e+00,5.185973865513209269e+00
2.041100025177001953e+00,5.183256225921706317e+00,5.178742836762054935e+00,5.181430283198658060e+00,5.179909945701500540e+00
2.041399955749511719e+00,5.177194605730850441e+00,5.172687397740881821e+00,5.175373037706386015e+00,5.173852367420385789e+00
2.041699886322021484e+00,5.171140095108476942e+00,5.166640745353308084e+00,5.169321733653172934e+00,5.167802637321321058e+00
2.042000055313110352e+00,5.165094367024799737e+00,5.160600278503824079e+00,5.163276740249441943e+00,5.161758921578037729e+00
2.042299985885620117e+00,5.159052414271733333e+00,5.154566983813669623e+00,5.157241950359935601e+00,5.155723358157882963e+00
2.042599916458129883e+00,5.153018741370116729e+00,5.148540788137324853e+00,5.151211086379779758e+00,5.149694110705401506e+00
2.042900085449218750e+00,5.146992656691447898e+00,5.142521897577067236e+00,5.145187936176254695e+00,5.143672363439446116e+00
2.043200016021728516e+00,5.140973632544204364e+00,5.136509661410110894e+00,5.139172714689314247e+00,5.137657319787440002e+00
2.043499946594238281e+00,5.134962876082813210e+00,5.130506276076987504e+00,5.133165529417704320e+00,5.131650249542954789e+00
2.043800115585327148e+00,5.128956512280666402e+00,5.124508264194900242e+00,5.127164356297556402e+00,5.125651402058099215e+00
2.044100046157836914e+00,5.122959699634119346e+00,5.118518710157219154e+00,5.121170023536988580e+00,5.119657307750439479e+00
2.044399976730346680e+00,5.116969008653484252e+00,5.112535889610661854e+00,5.115182823416287050e+00,5.113672887768927922e+00
2.044699907302856445e+00,5.110987665376544697e+00,5.106559754810041873e+00,5.109204277392862537e+00,5.107693807323016699e+00
2.045000076293945312e+00,5.105010802557670146e+00,5.100592235810567310e+00,5.103232660807142551e+00,5.101723792060399276e+00
2.045300006866455078e+00,5.099044758345873340e+00,5.094631107576499396e+00,5.097267413667621483e+00,5.095758559284644384e+00
2.045599937438964844e+00,5.093083453200342170e+00,5.088677697328493288e+00,5.091310195976781472e+00,5.089802685904749602e+00
2.045900106430053711e+00,5.087130716842502842e+00,5.082732068906699929e+00,5.085359237152612621e+00,5.083854360521240068e+00
2.046200037002563477e+00,5.081183848174060103e+00,5.076793336650542443e+00,5.079417813863149611e+00,5.077912978426303070e+00
2.046499967575073242e+00,5.075246263072187070e+00,5.070860802461274019e+00,5.073483423380237056e+00,5.071977829722476017e+00
2.046799898147583008e+00,5.069315038702244536e+00,5.064938994831588381e+00,5.067554940698538957e+00,5.066051814663627972e+00
2.047100067138671875e+00,5.063391976760456714e+00,5.059021260531149089e+00,5.061636435879143470e+00,5.060132714155052724e+00
2.047399997711181641e+00,5.057475485140913385e+00,5.053113508483880523e+00,5.055722662198313344e+00,5.054220294539433667e+00
2.047699928283691406e+00,5.051566436910754021e+00,5.047213731896670552e+00,5.049817630319558326e+00,5.048317354158272430e+00
2.048000097274780273e+00,5.045666713856158836e+00,5.041317952152204462e+00,5.043919973853459027e+00,5.042419596241832558e+00
2.048300027847290039e+00,5.039771829272343240e+00,5.035433686816507048e+00,5.038030737393262903e+00,5.036531472973956980e+00
2.048599958419799805e+00,5.033886644733652993e+00,5.029554363576302478e+00,5.032149036216729598e+00,5.030649951875833636e+00
2.048899888992309570e+00,5.028009113771142680e+00,5.023682473365067125e+00,5.026273170210813213e+00,5.024776459638805370e+00
2.049200057983398438e+00,5.022138730710291377e+00,5.017819967522011204e+00,5.020407876790457635e+00,5.018910212763301182e+00
2.049499988555908203e+00,5.016275653739948659e+00,5.011964068945774287e+00,5.014547734637054610e+00,5.013052199694469913e+00
2.049799919128417969e+00,5.010419371582070625e+00,5.006117171261418974e+00,5.008695165928820359e+00,5.007201415672511757e+00
2.050100088119506836e+00,5.004573077778353252e+00,5.000276686622136424e+00,5.002851355913229270e+00,5.001357293174989671e+00
2.050400018692016602e+00,4.998732862088680839e+00,4.994442459538325885e+00,4.997015036431684543e+00,4.995522833551001796e+00
2.050699949264526367e+00,4.992900096599197646e+00,4.988617432494400816e+00,4.991186701951402682e+00,4.989696596990567556e+00
2.051000118255615234e+00,4.987077354380452299e+00,4.982801660994650383e+00,4.985366635454307804e+00,4.983875685236804465e+00
2.051300048828125000e+00,4.981260555233554932e+00,4.976990754599667000e+00,4.979552823129345107e+00,4.978064095371320441e+00
2.051599979400634766e+00,4.975451685019856463e+00,4.971191542944685793e+00,4.973746225910628205e+00,4.972258812106360004e+00
2.051899909973144531e+00,4.969650365254532076e+00,4.965396828916700755e+00,4.967949071199203814e+00,4.966461922137798801e+00
2.052200078964233398e+00,4.963857834591816953e+00,4.959612260360732883e+00,4.962158317528862383e+00,4.960672932767138832e+00
2.052500009536743164e+00,4.958072217005621951e+00,4.953833711157526132e+00,4.956377214987211843e+00,4.954892428290461837e+00
2.052799940109252930e+00,4.952295003178168287e+00,4.948062222776984598e+00,4.950603729634116767e+00,4.949119266353345203e+00
2.053100109100341797e+00,4.946524760268487420e+00,4.942299182189951345e+00,4.944838313175322853e+00,4.943354087121148766e+00
2.053400039672851562e+00,4.940763326781699050e+00,4.936546201922596744e+00,4.939078783150142371e+00,4.937596126933502916e+00
2.053699970245361328e+00,4.935010314914958229e+00,4.930799249919705751e+00,4.933328218116713515e+00,4.931846561546063157e+00
2.053999900817871094e+00,4.929264737281910946e+00,4.925058566684129779e+00,4.927586641452363914e+00,4.926105275658485994e+00
2.054300069808959961e+00,4.923525335612554343e+00,4.919329472178995744e+00,4.921850638093191677e+00,4.920371887439428882e+00
2.054600000381469727e+00,4.917797102256145969e+00,4.913605401822374930e+00,4.916124243087186763e+00,4.914644155336147513e+00
2.054899930953979492e+00,4.912074394943578781e+00,4.907890584561172886e+00,4.910405852886873035e+00,4.908929162735072182e+00
2.055200099945068359e+00,4.906360713299294574e+00,4.902183176095880945e+00,4.904695142653342721e+00,4.903218186688887315e+00
2.055500030517578125e+00,4.900654394833437344e+00,4.896485043856896979e+00,4.898991641341009284e+00,4.897516587442778402e+00
2.055799961090087891e+00,4.894956595608212169e+00,4.890794549848512140e+00,4.893295996053645069e+00,4.891823080084154007e+00
2.056099891662597656e+00,4.889265446859006659e+00,4.885109271453448976e+00,4.887611421108434939e+00,4.886136449311158536e+00
2.056400060653686523e+00,4.883583774360142904e+00,4.879434297197524195e+00,4.881930913652816173e+00,4.880458822862721924e+00
2.056699991226196289e+00,4.877908297349028643e+00,4.873770037616385054e+00,4.876259607036334209e+00,4.874789322706401862e+00
2.056999921798706055e+00,4.872243495905581590e+00,4.868109310671125733e+00,4.870597342042454869e+00,4.869127636096830969e+00
2.057300090789794922e+00,4.866585369445097342e+00,4.862457828154954420e+00,4.864943047423554212e+00,4.863473175330129905e+00
2.057600021362304688e+00,4.860935088850167674e+00,4.856815703160685338e+00,4.859296979116460413e+00,4.857826726402849182e+00
2.057899951934814453e+00,4.855293563140456570e+00,4.851179411443988343e+00,4.853657118416862204e+00,4.852190445394196416e+00
2.058199882507324219e+00,4.849659841992949971e+00,4.845553235245697365e+00,4.848026500825675988e+00,4.846560013293821356e+00
2.058500051498413086e+00,4.844034345220297411e+00,4.839935140040739547e+00,4.842403284613872927e+00,4.840939031659286407e+00
2.058799982070922852e+00,4.838417033372255815e+00,4.834323081540866873e+00,4.836789650101939841e+00,4.835324690292811312e+00
2.059099912643432617e+00,4.832806979940549752e+00,4.828720361974526476e+00,4.831184033979220693e+00,4.829719636320472631e+00
2.059400081634521484e+00,4.827206083762361821e+00,4.823127188805783838e+00,4.825584004758924017e+00,4.824122328111439373e+00
2.059700012207031250e+00,4.821612875895854522e+00,4.817540217842146255e+00,4.819994548978824511e+00,4.818533598853057320e+00
2.059999942779541016e+00,4.816028056399723312e+00,4.811962716109480453e+00,4.814412820164827522e+00,4.812951826283427437e+00
2.060300111770629883e+00,4.810450647079590247e+00,4.806391481494197926e+00,4.808838901988655046e+00,4.807381059071668794e+00
2.060600042343139648e+00,4.804882498302474936e+00,4.800829080050029951e+00,4.803274636959416810e+00,4.801815335697547482e+00
2.060899972915649414e+00,4.799321211706008228e+00,4.795276737590462801e+00,4.797715791166085708e+00,4.796259272060463985e+00
2.061199903488159180e+00,4.793768797291661166e+00,4.789731200021607904e+00,4.792168038398162189e+00,4.790710353498753626e+00
2.061500072479248047e+00,4.788225015292574049e+00,4.784193642239536359e+00,4.786625880722899851e+00,4.785171318946598085e+00
2.061800003051757812e+00,4.782689547133122332e+00,4.778663327730667376e+00,4.781093406980930105e+00,4.779638512789048832e+00
2.062099933624267578e+00,4.777161272350801902e+00,4.773143332826431440e+00,4.775568275136714114e+00,4.774114322830159907e+00
2.062400102615356445e+00,4.771641675133659888e+00,4.767630836906104008e+00,4.770051663264248454e+00,4.768599076354792743e+00
2.062700033187866211e+00,4.766130473406272827e+00,4.762125803947761860e+00,4.764543510959914130e+00,4.763092928712667984e+00
2.062999963760375977e+00,4.760626616738223404e+00,4.756630078483480517e+00,4.759043189448469491e+00,4.757592189549313844e+00
2.063299894332885742e+00,4.755132458583265276e+00,4.751140559925895346e+00,4.753550892920009652e+00,4.752102982669465625e+00
2.063600063323974609e+00,4.749645059654482360e+00,4.745661357111546685e+00,4.748068711973523648e+00,4.746619559030838431e+00
2.063899993896484375e+00,4.744166897772505997e+00,4.740189134156516992e+00,4.742593897404673520e+00,4.741146592535313786e+00
2.064199924468994141e+00,4.738697265130521252e+00,4.734724962185243413e+00,4.737125604456774219e+00,4.735679167698134684e+00
2.064500093460083008e+00,4.733235504610867395e+00,4.729270438313703195e+00,4.731666461098344101e+00,4.730220867249509631e+00
2.064800024032592773e+00,4.727781504784379862e+00,4.723823989805532086e+00,4.726215460535740931e+00,4.724771976519796191e+00
2.065099954605102539e+00,4.722337039223026167e+00,4.718385748744962527e+00,4.720774483060897531e+00,4.719329699085521135e+00
2.065399885177612305e+00,4.716898289123159671e+00,4.712954994343720116e+00,4.715340023009532366e+00,4.713897229651845322e+00
2.065700054168701172e+00,4.711471203526096829e+00,4.707531797660600148e+00,4.709913600316299132e+00,4.708472784992495441e+00
2.065999984741210938e+00,4.706050607672319863e+00,4.702117874248321172e+00,4.704497147603135865e+00,4.703056466607528741e+00
2.066299915313720703e+00,4.700638004599833941e+00,4.696712480246180377e+00,4.699088388703213326e+00,4.697647257362547180e+00
2.066600084304809570e+00,4.695233193389229065e+00,4.691316444643033989e+00,4.693685421802060276e+00,4.692247756555091520e+00
2.066900014877319336e+00,4.689837945767950877e+00,4.685927185481087776e+00,4.688293340761093830e+00,4.686856261758108211e+00
2.067199945449829102e+00,4.684450510035668813e+00,4.680546407955803012e+00,4.682909240619163249e+00,4.681472455624843931e+00
2.067500114440917969e+00,4.679071560043160716e+00,4.675174216462803400e+00,4.677532532055308501e+00,4.676097662058716686e+00
2.067800045013427734e+00,4.673700971865433651e+00,4.669811558516557604e+00,4.672165261883299614e+00,4.670730523915526788e+00
2.068099975585937500e+00,4.668338576977390630e+00,4.664453496404037836e+00,4.666805732356920977e+00,4.665372454100140232e+00
2.068399906158447266e+00,4.662984889791810694e+00,4.659106325961800188e+00,4.661454380819364474e+00,4.660021001606797775e+00
2.068700075149536133e+00,4.657638258634987594e+00,4.653767153537769374e+00,4.656112699150193102e+00,4.654679950482261575e+00
2.069000005722045898e+00,4.652301285566171174e+00,4.648435857291282503e+00,4.650777655573658187e+00,4.649346442203167840e+00
2.069299936294555664e+00,4.646972465434995314e+00,4.643112744841534578e+00,4.645451464627880611e+00,4.644021461153892361e+00
2.069600105285644531e+00,4.641650019456352361e+00,4.637799257408736331e+00,4.640133582799692569e+00,4.638704670055930457e+00
2.069900035858154297e+00,4.636339777883903501e+00,4.632492901683875175e+00,4.634823925387688170e+00,4.633395231979331896e+00
2.070199966430664062e+00,4.631035050543170328e+00,4.627194865584723260e+00,4.629522569684524136e+00,4.628095351790500800e+00
2.070499897003173828e+00,4.625739348384379390e+00,4.621904999831677685e+00,4.624229144168273464e+00,4.622804149876788671e+00
2.070800065994262695e+00,4.620451521840968745e+00,4.616624647950210658e+00,4.618945189561427966e+00,4.617521063974858286e+00
2.071099996566772461e+00,4.615173266798740848e+00,4.611352474815675784e+00,4.613669231104347901e+00,4.612245610095684789e+00
2.071399927139282227e+00,4.609900674650704744e+00,4.606088242378712394e+00,4.608401753401249579e+00,4.606979068616509743e+00
2.071700096130371094e+00,4.604640361061842491e+00,4.600831256063103503e+00,4.603141931216010008e+00,4.601719879479992059e+00
2.072000026702880859e+00,4.599385810045254708e+00,4.595585325280293176e+00,4.597889003285644094e+00,4.596471425443188430e+00
2.072299957275390625e+00,4.594140062034123062e+00,4.590344987165861035e+00,4.592647718717772776e+00,4.591227779555191013e+00
2.072599887847900391e+00,4.588900672648104084e+00,4.585114565303712197e+00,4.587412735815446396e+00,4.585994588467050548e+00
2.072900056838989258e+00,4.583673749849088708e+00,4.579891783986457021e+00,4.582187347685814593e+00,4.580768484578378263e+00
2.073199987411499023e+00,4.578451781398259257e+00,4.574677712809409158e+00,4.576970491254272133e+00,4.575552890892682356e+00
2.073499917984008789e+00,4.573239094236596358e+00,4.569472125161302856e+00,4.571759230265362461e+00,4.570344273153324366e+00
2.073800086975097656e+00,4.568036505760571409e+00,4.564273687126548573e+00,4.566557871743871289e+00,4.565143275265633349e+00
2.074100017547607422e+00,4.562840366043899643e+00,4.559083670505583719e+00,4.561366246560442761e+00,4.559951407402786039e+00
2.074399948120117188e+00,4.557653121090278425e+00,4.553904121041555619e+00,4.556181630589209774e+00,4.554768614493452716e+00
2.074700117111206055e+00,4.552474983742797576e+00,4.548730848834736662e+00,4.551004488627828692e+00,4.549593675193446707e+00
2.075000047683715820e+00,4.547303305771106530e+00,4.543566629653544631e+00,4.545837827847606150e+00,4.544426490667906826e+00
2.075299978256225586e+00,4.542141727980951060e+00,4.538410133262450685e+00,4.540677255006025703e+00,4.539269193469653629e+00
2.075599908828735352e+00,4.536986724765871060e+00,4.533264145140324608e+00,4.535526542583363074e+00,4.534118472270076694e+00
2.075900077819824219e+00,4.531842146888454437e+00,4.528124863847796888e+00,4.530382817319436484e+00,4.528976680697499368e+00
2.076200008392333984e+00,4.526706267819960772e+00,4.522991697038929892e+00,4.525250051491386927e+00,4.523842051575698520e+00
2.076499938964843750e+00,4.521575460300554461e+00,4.517871021734040760e+00,4.520122593146713719e+00,4.518719003467976059e+00
2.076800107955932617e+00,4.516456204824404352e+00,4.512756494032715615e+00,4.515005531337478395e+00,4.513601261083620919e+00
2.077100038528442383e+00,4.511342631151512350e+00,4.507649114017798553e+00,4.509896989414602153e+00,4.508492233971727714e+00
2.077399969100952148e+00,4.506239536934621093e+00,4.502553443516915443e+00,4.504794899405596631e+00,4.503392034058288473e+00
2.077699899673461914e+00,4.501144618157614019e+00,4.497462711070946639e+00,4.499702004191153293e+00,4.498301170699172680e+00
2.078000068664550781e+00,4.496057129444492872e+00,4.492382579554475619e+00,4.494617688851711534e+00,4.493217591627868046e+00
2.078299999237060547e+00,4.490977629971302676e+00,4.487310681570917836e+00,4.489541871357589642e+00,4.488142160367043942e+00
2.078599929809570312e+00,4.485906490578690509e+00,4.482245247986393011e+00,4.484474603414627225e+00,4.483075868238410422e+00
2.078900098800659180e+00,4.480845979997295281e+00,4.477189833041545164e+00,4.479414753797020587e+00,4.478017441041304281e+00
2.079200029373168945e+00,4.475791853745000992e+00,4.472142704012634695e+00,4.474364450112793712e+00,4.472967430525000232e+00
2.079499959945678711e+00,4.470746130863836321e+00,4.467103380279830560e+00,4.469321172365038564e+00,4.467926445077084807e+00
2.079799890518188477e+00,4.465708714360036247e+00,4.462072371139147009e+00,4.464286331316484002e+00,4.462891904308904145e+00
2.080100059509277344e+00,4.460680839286854216e+00,4.457050643315434435e+00,4.459259846136187200e+00,4.457866648833005208e+00
2.080399990081787109e+00,4.455659107120585105e+00,4.452034455681077141e+00,4.454242572492838725e+00,4.452849251249490159e+00
2.080699920654296875e+00,4.450648181036275020e+00,4.447027348742926378e+00,4.449233655219022587e+00,4.447841337594681477e+00
2.081000089645385742e+00,4.445642724438478410e+00,4.442031241541460673e+00,4.444231763718901718e+00,4.442840795730729653e+00
2.081300020217895508e+00,4.440648305008194185e+00,4.437042240467889087e+00,4.439239426047154602e+00,4.437848513236565040e+00
2.081599950790405273e+00,4.435661301771457232e+00,4.432059043857043967e+00,4.434255815770637987e+00,4.432865104666491973e+00
2.081899881362915039e+00,4.430681091376015956e+00,4.427087417869774555e+00,4.429278281195153433e+00,4.427890587399885725e+00
2.082200050354003906e+00,4.425709444265574000e+00,4.422123031969360518e+00,4.424310328813557902e+00,4.422923716596300459e+00
2.082499980926513672e+00,4.420748733069231662e+00,4.417166069574825826e+00,4.419349522534243846e+00,4.417964401105521688e+00
2.082799911499023438e+00,4.415794528820655707e+00,4.412217530581868274e+00,4.414399713136224257e+00,4.413013439918108460e+00
2.083100080490112305e+00,4.410847427214156014e+00,4.407277732660594083e+00,4.409455553036577768e+00,4.408072840966618777e+00
2.083400011062622070e+00,4.405911421969822328e+00,4.402347280246218020e+00,4.404520892513625441e+00,4.403137157782078148e+00
2.083699941635131836e+00,4.400981782546156573e+00,4.397423270837494513e+00,4.399593836968640481e+00,4.398211704159959545e+00
2.084000110626220703e+00,4.396058739489697054e+00,4.392509183984562249e+00,4.394677213096343849e+00,4.393294969838259512e+00
2.084300041198730469e+00,4.391147790410149021e+00,4.387602249505236252e+00,4.389766450673262987e+00,4.388386444658341823e+00
2.084599971771240234e+00,4.386243681216063450e+00,4.382703949136779187e+00,4.384863907050640996e+00,4.383484024684147329e+00
2.084899902343750000e+00,4.381346759549640701e+00,4.377812182618663783e+00,4.379971130279671776e+00,4.378593116519937212e+00
2.085200071334838867e+00,4.376459005118883638e+00,4.372932296339879343e+00,4.375085659448326503e+00,4.373708031039000410e+00
2.085500001907348633e+00,4.371579268079417879e+00,4.368057910469511640e+00,4.370208118734192126e+00,4.368832785317163570e+00
2.085799932479858398e+00,4.366707422431258756e+00,4.363192181429497829e+00,4.365339388886356531e+00,4.363964914872077827e+00
2.086100101470947266e+00,4.361844404088862426e+00,4.358333842310184281e+00,4.360479494661356981e+00,4.359104623819064273e+00
2.086400032043457031e+00,4.356990246932119781e+00,4.353485473902148684e+00,4.355626619633985896e+00,4.354252852533425866e+00
2.086699962615966797e+00,4.352142390799978777e+00,4.348645918624171713e+00,4.350781750239888446e+00,4.349410097381624318e+00
2.086999893188476562e+00,4.347305146299929035e+00,4.343812977060906633e+00,4.345945596755004026e+00,4.344574427752522894e+00
2.087300062179565430e+00,4.342474228482894105e+00,4.338987701795126384e+00,4.341119951178146863e+00,4.339748798201145341e+00
2.087599992752075195e+00,4.337653191372794481e+00,4.334170942889815414e+00,4.336299226038938137e+00,4.334928952873275954e+00
2.087899923324584961e+00,4.332838152811034682e+00,4.329364041322766532e+00,4.331488231833481528e+00,4.330118623408983680e+00
2.088200092315673828e+00,4.328032632522099021e+00,4.324563648681120753e+00,4.326685773045160666e+00,4.325317207216487603e+00
2.088500022888183594e+00,4.323235244094367324e+00,4.319773670106531682e+00,4.321890453365079487e+00,4.320523709399245682e+00
2.088799953460693359e+00,4.318445918806748551e+00,4.314988890162815061e+00,4.317103150024264480e+00,4.315738494662381797e+00
2.089099884033203125e+00,4.313666184409187032e+00,4.310213737141871171e+00,4.312325455291558640e+00,4.310959854633216182e+00
2.089400053024291992e+00,4.308892824256224330e+00,4.305447102344702515e+00,4.307555125944580787e+00,4.306190075260548866e+00
2.089699983596801758e+00,4.304126737520362234e+00,4.300689310284808720e+00,4.302794026333013555e+00,4.301430442762120165e+00
2.089999914169311523e+00,4.299371626178807304e+00,4.295937115491390124e+00,4.298038992267224856e+00,4.296676557872784130e+00
2.090300083160400391e+00,4.294623096773366733e+00,4.291194801725552566e+00,4.293294428129797780e+00,4.291931260089243416e+00
2.090600013732910156e+00,4.289884391067517733e+00,4.286460003479010794e+00,4.288555254124498894e+00,4.287195443895069680e+00
2.090899944305419922e+00,4.285150152214379560e+00,4.281734822471927160e+00,4.283826619654663048e+00,4.282467283032786121e+00
2.091200113296508789e+00,4.280427593264111152e+00,4.277015832804162976e+00,4.279103961553325952e+00,4.277747221392170118e+00
2.091500043869018555e+00,4.275711542058814985e+00,4.272305767712273550e+00,4.274392990646358470e+00,4.273033728282586097e+00
2.091799974441528320e+00,4.271002885127897386e+00,4.267604146297396817e+00,4.269686517577127916e+00,4.268331033542345665e+00
2.092099905014038086e+00,4.266303663239975563e+00,4.262911290001298426e+00,4.264990253661159691e+00,4.263633557974055854e+00
2.092400074005126953e+00,4.261612774251336333e+00,4.258225129645196283e+00,4.260301449106647986e+00,4.258946307985267410e+00
2.092700004577636719e+00,4.256929315404309300e+00,4.253547456026019802e+00,4.255620882215763068e+00,4.254266634236705258e+00
2.092999935150146484e+00,4.252253299910390361e+00,4.248878420302674819e+00,4.250946806690310886e+00,4.249594647128186686e+00
2.093300104141235352e+00,4.247586945020328741e+00,4.244216481187571333e+00,4.246282260300702660e+00,4.244930866285306692e+00
2.093600034713745117e+00,4.242929352976162249e+00,4.239562286831956683e+00,4.241628113783110443e+00,4.240274647610996261e+00
2.093899965286254883e+00,4.238277778897026948e+00,4.234918066503838396e+00,4.236977526861756438e+00,4.235628002036278872e+00
2.094199895858764648e+00,4.233633306777244698e+00,4.230281136943887077e+00,4.232337963278062887e+00,4.230989013067635085e+00
2.094500064849853516e+00,4.229000636466275331e+00,4.225651836790654592e+00,4.227704976766567313e+00,4.226357836475513885e+00
2.094799995422363281e+00,4.224373561593213644e+00,4.221030923106494193e+00,4.223081213960774072e+00,4.221734578814021255e+00
2.095099925994873047e+00,4.219754774746139248e+00,4.216417216214812136e+00,4.218464149274558039e+00,4.217118937460814898e+00
2.095400094985961914e+00,4.215143980945359914e+00,4.211813069508269614e+00,4.213857113505677709e+00,4.212512746161606536e+00
2.095700025558471680e+00,4.210539773474730296e+00,4.207215983434259066e+00,4.209255096045774636e+00,4.207912902861366433e+00
2.095999956130981445e+00,4.205947095941665381e+00,4.202627187841100564e+00,4.204665103230039946e+00,4.203322801169557366e+00
2.096299886703491211e+00,4.201361100378701252e+00,4.198047090228484102e+00,4.200081519849470979e+00,4.198738480424257347e+00
2.096600055694580078e+00,4.196779446659259172e+00,4.193472728089070678e+00,4.195505343500488316e+00,4.194163858408673562e+00
2.096899986267089844e+00,4.192210214979981586e+00,4.188907180556171284e+00,4.190937580594164658e+00,4.189597085318669478e+00
2.097199916839599609e+00,4.187647532815049978e+00,4.184351861249590243e+00,4.186377143434699910e+00,4.185036743058700104e+00
2.097500085830688477e+00,4.183093901554891580e+00,4.179803437181951686e+00,4.181823713349151816e+00,4.180486328214385594e+00
2.097800016403198242e+00,4.178548308401730083e+00,4.175260613463008141e+00,4.177280844206192612e+00,4.175942306615436195e+00
2.098099946975708008e+00,4.174007560804006367e+00,4.170729312398569810e+00,4.172744288851503391e+00,4.171408723078251946e+00
2.098400115966796875e+00,4.169480595096191955e+00,4.166203384369693730e+00,4.168217133385884843e+00,4.166879580171617192e+00
2.098700046539306641e+00,4.164957158444114071e+00,4.161686099814058792e+00,4.163696508699523235e+00,4.162360297899675210e+00
2.098999977111816406e+00,4.160440000861757248e+00,4.157177842737683093e+00,4.159184035177355909e+00,4.157852174654729893e+00
2.099299907684326172e+00,4.155933496220244550e+00,4.152676160135165162e+00,4.154680518295863934e+00,4.153346288502738126e+00
2.099600076675415039e+00,4.151436994681526826e+00,4.148181675397135670e+00,4.150184401351565633e+00,4.148850456067211034e+00
2.099900007247924805e+00,4.146946226565367155e+00,4.143699314066387807e+00,4.145693742458004039e+00,4.144363439713173669e+00
2.100199937820434570e+00,4.142463308098937702e+00,4.139218708260693269e+00,4.141216310812029455e+00,4.139883583667439915e+00
2.100500106811523438e+00,4.137988780999538818e+00,4.134749502171227498e+00,4.136742126910537110e+00,4.135410946156876655e+00
2.100800037384033203e+00,4.133521177100646149e+00,4.130287467985498395e+00,4.132276950473622534e+00,4.130949240710378945e+00
2.101099967956542969e+00,4.129060740850481359e+00,4.125834513278598514e+00,4.127818799416202111e+00,4.126494123669012914e+00
2.101399898529052734e+00,4.124609303375029512e+00,4.121386986774421501e+00,4.123372045383281836e+00,4.122046261658304900e+00
2.101700067520141602e+00,4.120166728223503938e+00,4.116949168526414127e+00,4.118931474453161101e+00,4.117603486553853998e+00
2.101999998092651367e+00,4.115730936882712854e+00,4.112519082725767383e+00,4.114496554907569603e+00,4.113173725286169535e+00
2.102299928665161133e+00,4.111302304795218632e+00,4.108098087385267938e+00,4.110072632488916078e+00,4.108747884167774700e+00
2.102600097656250000e+00,4.106884265638994336e+00,4.103681652162862292e+00,4.105655490941400920e+00,4.104330623455742177e+00
2.102900028228759766e+00,4.102471403671196448e+00,4.099276756621234696e+00,4.101244562946574135e+00,4.099921926285755802e+00
2.103199958801269531e+00,4.098064733056865805e+00,4.094878978749688869e+00,4.096843299047450593e+00,4.095522460228086636e+00
2.103499889373779297e+00,4.093670530368535232e+00,4.090485847837238786e+00,4.092450679019653315e+00,4.091128414752978060e+00
2.103800058364868164e+00,4.089281563771397288e+00,4.086104872465055493e+00,4.088061116458944433e+00,4.086741681820859284e+00
2.104099988937377930e+00,4.084902203089782802e+00,4.081729683444450529e+00,4.083682995287713169e+00,4.082364423759203831e+00
2.104399919509887695e+00,4.080527464946818839e+00,4.077360057915967673e+00,4.079314760894189540e+00,4.077994568307572010e+00
2.104700088500976562e+00,4.076161910809688926e+00,4.073000065741172016e+00,4.074948799289632717e+00,4.073635610877188284e+00
2.105000019073486328e+00,4.071804779764650384e+00,4.068647183066386397e+00,4.070594192249513021e+00,4.069278972535984806e+00
2.105299949645996094e+00,4.067455621982066560e+00,4.064304985809861215e+00,4.066246625032583495e+00,4.064931714855394951e+00
2.105600118637084961e+00,4.063113680428831032e+00,4.059967983033611283e+00,4.061907233459454147e+00,4.060593483112501900e+00
2.105900049209594727e+00,4.058780213938545600e+00,4.055637276969782157e+00,4.057576056043126655e+00,4.056263050106816870e+00
2.106199979782104492e+00,4.054452302826355492e+00,4.051318158050682072e+00,4.053251748022245415e+00,4.051938581422199093e+00
2.106499910354614258e+00,4.050134758389035916e+00,4.047003035855759379e+00,4.048936314789378876e+00,4.047622940255552138e+00
2.106800079345703125e+00,4.045824981145407229e+00,4.042697825477153728e+00,4.044627239142103647e+00,4.043317612444876197e+00
2.107100009918212891e+00,4.041521144356919670e+00,4.038398883278862428e+00,4.040325844274667233e+00,4.039015737345664547e+00
2.107399940490722656e+00,4.037223360446580145e+00,4.034109963670721832e+00,4.036032944526472654e+00,4.034723690284708120e+00
2.107700109481811523e+00,4.032935256852124617e+00,4.029826011390428953e+00,4.031747740098875710e+00,4.030440132506890372e+00
2.108000040054321289e+00,4.028654778069375553e+00,4.025550506167109965e+00,4.027468458710974808e+00,4.026162238131968607e+00
2.108299970626831055e+00,4.024383211973056262e+00,4.021282802171346482e+00,4.023197826802608290e+00,4.021891204228248640e+00
2.108599901199340820e+00,4.020117906449244494e+00,4.017023372074564946e+00,4.018935679182684240e+00,4.017629953021817357e+00
2.108900070190429688e+00,4.015861186764423607e+00,4.012772232215462864e+00,4.014680122419783892e+00,4.013376399941412487e+00
2.109200000762939453e+00,4.011610620189463461e+00,4.008526924067378872e+00,4.010433127412144749e+00,4.009128509348530933e+00
2.109499931335449219e+00,4.007368196408757299e+00,4.004290400231575120e+00,4.006193185290703340e+00,4.004889939004782740e+00
2.109800100326538086e+00,4.003134320047293748e+00,4.000059920083015363e+00,4.001961835829226821e+00,4.000659626043291617e+00
2.110100030899047852e+00,3.998907772075623424e+00,3.995839269093941493e+00,3.997737153068577243e+00,3.996435264239644347e+00
2.110399961471557617e+00,3.994688898284053380e+00,3.991624844048551779e+00,3.993519167828441407e+00,3.992220065685840424e+00
2.110699892044067383e+00,3.990476982470366529e+00,3.987417765267708969e+00,3.989310585717233515e+00,3.988010559552470635e+00
2.111000061035156250e+00,3.986273956537750074e+00,3.983219519351712812e+00,3.985107225457710456e+00,3.983810805457009163e+00
2.111299991607666016e+00,3.982076766154076797e+00,3.979027185172706815e+00,3.980914877814575092e+00,3.979617108206624287e+00
2.111599922180175781e+00,3.977887882684412624e+00,3.974843536076555051e+00,3.976727957022421212e+00,3.975430090754117352e+00
2.111900091171264648e+00,3.973705281636523701e+00,3.970667883611829208e+00,3.972547672009662634e+00,3.971253453512344045e+00
2.112200021743774414e+00,3.969532391392393667e+00,3.966496738492534035e+00,3.968377365057456529e+00,3.967082425506732513e+00
2.112499952316284180e+00,3.965364201891209639e+00,3.962338301793367989e+00,3.964212816827544117e+00,3.962919547755900496e+00
2.112799882888793945e+00,3.961206184045527934e+00,3.958183218488915411e+00,3.960055944930402472e+00,3.958763434950316462e+00
2.113100051879882812e+00,3.957055836933563775e+00,3.954037334292315187e+00,3.955907151017485912e+00,3.954614514496014088e+00
2.113399982452392578e+00,3.952912418227186642e+00,3.949898634680375498e+00,3.951764781470953558e+00,3.950474458476318063e+00
2.113699913024902344e+00,3.948775337763402504e+00,3.945766795351040468e+00,3.947631280065813097e+00,3.946340168338875021e+00
2.114000082015991211e+00,3.944646584962856029e+00,3.941643347613758230e+00,3.943505150131881187e+00,3.942213194045131708e+00
2.114300012588500977e+00,3.940525791837616865e+00,3.937526453413055627e+00,3.939386987021701536e+00,3.938096018555612421e+00
2.114599943161010742e+00,3.936410275912868073e+00,3.933416876587439326e+00,3.935275141949179378e+00,3.933984934060444250e+00
2.114900112152099609e+00,3.932303761715263413e+00,3.929316821405569371e+00,3.931170114008334160e+00,3.929882959560479616e+00
2.115200042724609375e+00,3.928205209492807715e+00,3.925221941746903642e+00,3.927072836059091188e+00,3.925785098841692022e+00
2.115499973297119141e+00,3.924113350205074457e+00,3.921136166640110332e+00,3.922982519999052009e+00,3.921696779062865623e+00
2.115799903869628906e+00,3.920029946902045204e+00,3.917055464695554434e+00,3.918900919232996216e+00,3.917615075993001295e+00
2.116100072860717773e+00,3.915952799372548476e+00,3.912983398886236142e+00,3.914826836006872313e+00,3.913541698705507610e+00
2.116400003433227539e+00,3.911883590455672355e+00,3.908919340750043325e+00,3.910759171188895600e+00,3.909475901056230107e+00
2.116699934005737305e+00,3.907822476827870872e+00,3.904860844640172690e+00,3.906700694480238933e+00,3.905415307253648827e+00
2.117000102996826172e+00,3.903766163194512639e+00,3.900812954022455870e+00,3.902646437947394631e+00,3.901365736535646001e+00
2.117300033569335938e+00,3.899719537923384660e+00,3.896768757795885385e+00,3.898601980707266712e+00,3.897320233401575074e+00
2.117599964141845703e+00,3.895678650534506904e+00,3.892735269348681637e+00,3.894563792599812668e+00,3.893282486100221984e+00
2.117899894714355469e+00,3.891646045507539231e+00,3.888707462412055005e+00,3.890532949416169561e+00,3.889253509480298909e+00
2.118200063705444336e+00,3.887620565575279130e+00,3.884686719044661007e+00,3.886509538105524353e+00,3.885231908761435538e+00
2.118499994277954102e+00,3.883602687233024042e+00,3.880672496862105358e+00,3.882494090932950392e+00,3.881215717858437220e+00
2.118799924850463867e+00,3.879592969785847334e+00,3.876666992597304073e+00,3.878485349045726949e+00,3.877208326027616003e+00
2.119100093841552734e+00,3.875589741456172632e+00,3.872667751830486615e+00,3.874484555393349794e+00,3.873207344776482763e+00
2.119400024414062500e+00,3.871592917032811609e+00,3.868677917536851751e+00,3.870491174019230485e+00,3.869215929210861660e+00
2.119699954986572266e+00,3.867603050105017370e+00,3.864692717843345893e+00,3.866504470814875916e+00,3.865229124702968200e+00
2.119999885559082031e+00,3.863622494041227373e+00,3.860716420237557234e+00,3.862524293416469856e+00,3.861250577812127993e+00
2.120300054550170898e+00,3.859648496409218588e+00,3.856747453260535252e+00,3.858552829020633901e+00,3.857280314654359721e+00
2.120599985122680664e+00,3.855680857806547124e+00,3.852785416169450361e+00,3.854587007692674039e+00,3.853315351890807428e+00
2.120899915695190430e+00,3.851720758212708873e+00,3.848829588638448485e+00,3.850629952677040890e+00,3.849358769654851908e+00
2.121200084686279297e+00,3.847768074192603915e+00,3.844881211272618060e+00,3.846678526640494145e+00,3.845409196595467094e+00
2.121500015258789062e+00,3.843822933374997142e+00,3.840941435113114810e+00,3.842735562675578365e+00,3.841466724330673710e+00
2.121799945831298828e+00,3.839885770479487537e+00,3.837006310499677220e+00,3.838800103744993919e+00,3.837530217169041968e+00
2.122100114822387695e+00,3.835952647116643188e+00,3.833081369138484185e+00,3.834870102685572490e+00,3.833603867352082695e+00
2.122400045394897461e+00,3.832028918696812170e+00,3.829163382212528166e+00,3.830948478197189644e+00,3.829680699832763935e+00
2.122699975967407227e+00,3.828111805395997269e+00,3.825250167086986952e+00,3.827035062050472281e+00,3.825767206674513865e+00
2.122999906539916992e+00,3.824202316710251903e+00,3.821345517556155702e+00,3.823126568815636617e+00,3.821861899044836974e+00
2.123300075531005859e+00,3.820300797058911790e+00,3.817446519055931464e+00,3.819227209251398136e+00,3.817959968945394245e+00
2.123600006103515625e+00,3.816405430086733386e+00,3.813555838128987574e+00,3.815332720844338166e+00,3.814068768000077991e+00
2.123899936676025391e+00,3.812516252206117340e+00,3.809673320638285343e+00,3.811445864969656316e+00,3.810183243795506325e+00
2.124200105667114258e+00,3.808636031055424809e+00,3.805795543077905130e+00,3.807567427570559548e+00,3.806305176490765163e+00
2.124500036239624023e+00,3.804760919758645166e+00,3.801926695767944953e+00,3.803694491915919240e+00,3.802433998425867934e+00
2.124799966812133789e+00,3.800894467704151847e+00,3.798064314498808436e+00,3.799830615526785138e+00,3.798568233410504646e+00
2.125099897384643555e+00,3.797034395744743218e+00,3.794207967641792134e+00,3.795974254319190333e+00,3.794711739185650856e+00
2.125400066375732422e+00,3.793180695777352174e+00,3.790360442126115004e+00,3.792122702590648764e+00,3.790862820383427145e+00
2.125699996948242188e+00,3.789335836179501982e+00,3.786519358523183332e+00,3.788277850068241914e+00,3.787020111021494717e+00
2.125999927520751953e+00,3.785497420231476173e+00,3.782684630818222260e+00,3.784441506510285436e+00,3.783183924585721947e+00
2.126300096511840820e+00,3.781664602870749903e+00,3.778858264430983382e+00,3.780611075206947280e+00,3.779354072706679446e+00
2.126600027084350586e+00,3.777840379109229652e+00,3.775037720787730144e+00,3.776788510922399311e+00,3.775534823766093062e+00
2.126899957656860352e+00,3.774022610760093155e+00,3.771224608766098996e+00,3.772974196108178635e+00,3.771717683892584105e+00
2.127199888229370117e+00,3.770212031008637776e+00,3.767417836454924451e+00,3.769164243255192837e+00,3.767909976028986918e+00
2.127500057220458984e+00,3.766408221382856247e+00,3.763619108984686434e+00,3.765364131933713221e+00,3.764109063584621495e+00
2.127799987792968750e+00,3.762611406588151741e+00,3.759827508665707807e+00,3.761567920178157109e+00,3.760315179930304286e+00
2.128099918365478516e+00,3.758821037979631186e+00,3.756040533314723984e+00,3.757781437933314539e+00,3.756528299628839385e+00
2.128400087356567383e+00,3.755037712905782588e+00,3.752263350543342035e+00,3.753999835593659462e+00,3.752749114692961463e+00
2.128700017929077148e+00,3.751262657909695264e+00,3.748490928578923409e+00,3.750226871609164903e+00,3.748974123060520469e+00
2.128999948501586914e+00,3.747493005597914983e+00,3.744728008180640000e+00,3.746458480108250555e+00,3.745209521392589114e+00
2.129300117492675781e+00,3.743732799642145004e+00,3.740969357160883302e+00,3.742697479366529301e+00,3.741449386084401141e+00
2.129600048065185547e+00,3.739976912533396369e+00,3.737218415254397907e+00,3.738945982178744742e+00,3.737697463092496619e+00
2.129899978637695312e+00,3.736229583266216459e+00,3.733474828323871897e+00,3.735199389292784833e+00,3.733950706458748048e+00
2.130199909210205078e+00,3.732485608750190309e+00,3.729738461863132848e+00,3.731460282976985621e+00,3.730211534624964909e+00
2.130500078201293945e+00,3.728751954420066461e+00,3.726008320310226107e+00,3.727728107235961374e+00,3.726480947135974553e+00
2.130800008773803711e+00,3.725024079484652084e+00,3.722285985219817128e+00,3.724001420569409415e+00,3.722755503857007930e+00
2.131099939346313477e+00,3.721303837285991900e+00,3.718568789455800161e+00,3.720282300075728799e+00,3.719037043354303407e+00
2.131400108337402344e+00,3.717589385135560143e+00,3.714858691772699117e+00,3.716569538488745827e+00,3.715325716407600343e+00
2.131700038909912109e+00,3.713881647616472659e+00,3.711157093106689953e+00,3.712866797882869552e+00,3.711622091590653927e+00
2.131999969482421875e+00,3.710182019776457896e+00,3.707460449551894577e+00,3.709168243789036534e+00,3.707924638673083084e+00
2.132299900054931641e+00,3.706488636091677780e+00,3.703770130719404641e+00,3.705475854643141886e+00,3.704234091548045171e+00
2.132600069046020508e+00,3.702799956455777863e+00,3.700089434281922607e+00,3.701790636723339745e+00,3.700550363384724761e+00
2.132899999618530273e+00,3.699121288042577227e+00,3.696413229465137285e+00,3.698112061864181399e+00,3.696874157416089712e+00
2.133199930191040039e+00,3.695448512992958623e+00,3.692744196779575994e+00,3.694442036370523930e+00,3.693201694349426578e+00
2.133500099182128906e+00,3.691780571819722301e+00,3.689081998033227450e+00,3.690777614451816735e+00,3.689537444302172453e+00
2.133800029754638672e+00,3.688123195064652027e+00,3.685426357038120049e+00,3.687119752094414782e+00,3.685880338221757313e+00
2.134099960327148438e+00,3.684467258674702261e+00,3.681777892532482888e+00,3.683468745961778978e+00,3.682231532993402556e+00
2.134399890899658203e+00,3.680822217960802334e+00,3.678136139599433196e+00,3.679824147058010642e+00,3.678587462059350166e+00
2.134700059890747070e+00,3.677183229052507052e+00,3.674499898756104610e+00,3.676185974688301883e+00,3.674950501588419183e+00
2.134999990463256836e+00,3.673550314333302591e+00,3.670872205030039748e+00,3.672555813937445901e+00,3.671319949719338727e+00
2.135299921035766602e+00,3.669924166735017756e+00,3.667249697077822113e+00,3.668931940011332937e+00,3.667696913818784932e+00
2.135600090026855469e+00,3.666303279846736540e+00,3.663634399003698583e+00,3.665313529975223084e+00,3.664079964240620768e+00
2.135900020599365234e+00,3.662690336855456419e+00,3.660028323605465594e+00,3.661702080327757347e+00,3.660470693160071232e+00
2.136199951171875000e+00,3.659084426298830017e+00,3.656425832478994664e+00,3.658098882700536514e+00,3.656866807038293921e+00
2.136499881744384766e+00,3.655484530955858347e+00,3.652828011116311391e+00,3.654501568309035164e+00,3.653270145965489490e+00
2.136800050735473633e+00,3.651891984948387737e+00,3.649240891872294501e+00,3.650910742501438655e+00,3.649679847587750992e+00
2.137099981307983398e+00,3.648305350546187320e+00,3.645659466903970358e+00,3.647325091737534386e+00,3.646095142895223518e+00
2.137399911880493164e+00,3.644726027317670258e+00,3.642082647657278738e+00,3.643748432500520273e+00,3.642518569817458474e+00
2.137700080871582031e+00,3.641154615418173979e+00,3.638514334962060559e+00,3.640177535799202335e+00,3.638947281568945868e+00
2.138000011444091797e+00,3.637585892454866521e+00,3.634952322634024569e+00,3.636612636917626595e+00,3.635384124788509475e+00
2.138299942016601562e+00,3.634026962154689677e+00,3.631396707691086689e+00,3.633054470726730933e+00,3.631827455384766701e+00
2.138600111007690430e+00,3.630472889057581476e+00,3.627847917199302774e+00,3.629503552150106671e+00,3.628274819120704375e+00
2.138900041580200195e+00,3.626925624826543348e+00,3.624304054707089939e+00,3.625958676501759292e+00,3.624732167577809250e+00
2.139199972152709961e+00,3.623386013862717636e+00,3.620768831372215946e+00,3.622418706336352212e+00,3.621194600657670737e+00
2.139499902725219727e+00,3.619851632147295994e+00,3.617238360343616677e+00,3.618886698657646228e+00,3.617664130990728033e+00
2.139800071716308594e+00,3.616324450006727087e+00,3.613717073020206616e+00,3.615362258393785666e+00,3.614138265270298689e+00
2.140100002288818359e+00,3.612804086863008912e+00,3.610197318855774107e+00,3.611843809511321002e+00,3.610621172929128875e+00
2.140399932861328125e+00,3.609289940213850745e+00,3.606687732882303266e+00,3.608332286913902731e+00,3.607108259343140944e+00
2.140700101852416992e+00,3.605783192476776478e+00,3.603185618671875368e+00,3.604823747344235940e+00,3.603603627937750353e+00
2.141000032424926758e+00,3.602279439083497792e+00,3.599687745824667218e+00,3.601325373237781236e+00,3.600105737616075885e+00
2.141299962997436523e+00,3.598785913502307476e+00,3.596197056922344260e+00,3.597834230088859275e+00,3.596612091333493577e+00
2.141599893569946289e+00,3.595296289487079910e+00,3.592713659622543521e+00,3.594346708387088363e+00,3.593126549725545349e+00
2.141900062561035156e+00,3.591815409525666247e+00,3.589235919453074963e+00,3.590865793133180439e+00,3.589647755162963527e+00
2.142199993133544922e+00,3.588340593111611465e+00,3.585762889940848019e+00,3.587392965242120368e+00,3.586174035440626184e+00
2.142499923706054688e+00,3.584870543708236212e+00,3.582298836809709730e+00,3.583926304025470522e+00,3.582707653702241313e+00
2.142800092697143555e+00,3.581407768706644568e+00,3.578839316059285736e+00,3.580464842773305456e+00,3.579248149956009595e+00
2.143100023269653320e+00,3.577950571028495119e+00,3.575388122578541328e+00,3.577010368939748552e+00,3.575794807958827981e+00
2.143399953842163086e+00,3.574500969415172591e+00,3.571941815535419451e+00,3.573562017786455769e+00,3.572347086453619092e+00
2.143699884414672852e+00,3.571058883022736552e+00,3.568502118968260639e+00,3.570121669676842302e+00,3.568905265956041628e+00
2.144000053405761719e+00,3.567619884969882804e+00,3.565069813873006588e+00,3.566684502299928283e+00,3.565472858449124871e+00
2.144299983978271484e+00,3.564189243912945670e+00,3.561642762231245207e+00,3.563256702548862176e+00,3.562042870058649058e+00
2.144599914550781250e+00,3.560763541216993566e+00,3.558222790234915056e+00,3.559833430440486612e+00,3.558621203265612376e+00
2.144900083541870117e+00,3.557346090239303926e+00,3.554807858445712565e+00,3.556417038878200820e+00,3.555205596328313788e+00
2.145200014114379883e+00,3.553934995243677619e+00,3.551399666278668654e+00,3.553007059231288345e+00,3.551795748298882227e+00
2.145499944686889648e+00,3.550528943541930715e+00,3.547998186997409764e+00,3.549602980553961284e+00,3.548394129195022284e+00
2.145800113677978516e+00,3.547129462424838398e+00,3.544603014846691824e+00,3.546205714770927386e+00,3.544996439185005066e+00
2.146100044250488281e+00,3.543736675186432539e+00,3.541214259882845550e+00,3.542815572110693534e+00,3.541605794745772418e+00
2.146399974822998047e+00,3.540349780042071792e+00,3.537831503881405659e+00,3.539430152075040414e+00,3.538220747143301814e+00
2.146699905395507812e+00,3.536968568003617364e+00,3.534455697501886373e+00,3.536051590097406550e+00,3.534844164840702962e+00
2.147000074386596680e+00,3.533595691702724473e+00,3.531084249119647467e+00,3.532679127567895705e+00,3.531470337468713083e+00
2.147300004959106445e+00,3.530226655069314212e+00,3.527720657797861925e+00,3.529311169070577403e+00,3.528106579596662407e+00
2.147599935531616211e+00,3.526863421850574998e+00,3.524362902122499364e+00,3.525952856874807306e+00,3.524747592488784775e+00
2.147900104522705078e+00,3.523509398645689572e+00,3.521010143805287651e+00,3.522598910471391065e+00,3.521393496704743331e+00
2.148200035095214844e+00,3.520159462384551130e+00,3.517666057498137988e+00,3.519251527208914432e+00,3.518047185033226665e+00
2.148499965667724609e+00,3.516816960044360840e+00,3.514326512516933843e+00,3.515910779682788867e+00,3.514706454868731456e+00
2.148799896240234375e+00,3.513480086966873195e+00,3.510993530582562805e+00,3.512575141476194762e+00,3.511370173496139557e+00
2.149100065231323242e+00,3.510147985441449237e+00,3.507666345262372865e+00,3.509244916487447519e+00,3.508043696623781127e+00
2.149399995803833008e+00,3.506824454421107795e+00,3.504345749227492313e+00,3.505922336579455845e+00,3.504721464001257836e+00
2.149699926376342773e+00,3.503505518493181370e+00,3.501030318274716446e+00,3.502605855775458021e+00,3.501405158321124755e+00
2.150000095367431641e+00,3.500192182275763564e+00,3.497722431618586647e+00,3.499296184411309518e+00,3.498095871177824723e+00
2.150300025939941406e+00,3.496886898288248169e+00,3.494419850926210103e+00,3.495990481922529369e+00,3.494790968580733015e+00
2.150599956512451172e+00,3.493585834299806514e+00,3.491123573398013491e+00,3.492694030809843753e+00,3.491493272461843489e+00
2.150899887084960938e+00,3.490292212813146389e+00,3.487832882668397083e+00,3.489401944511414388e+00,3.488202102957831396e+00
2.151200056076049805e+00,3.487004309948719794e+00,3.484548216058407366e+00,3.486114144001308368e+00,3.484917339115814805e+00
2.151499986648559570e+00,3.483721621837506000e+00,3.481271074825760703e+00,3.482834312674396582e+00,3.481637100929257489e+00
2.151799917221069336e+00,3.480446625854121123e+00,3.478000329102493460e+00,3.479559259113276237e+00,3.478362809648986698e+00
2.152100086212158203e+00,3.477176273350152780e+00,3.474733713208451036e+00,3.476291023727044571e+00,3.475096252389384244e+00
2.152400016784667969e+00,3.473913587658100433e+00,3.471472718475821395e+00,3.473031165187478564e+00,3.471834025633057763e+00
2.152699947357177734e+00,3.470655370832899322e+00,3.468218508779943310e+00,3.469774278767341347e+00,3.468578555954421994e+00
2.153000116348266602e+00,3.467403259147805006e+00,3.464971333124058361e+00,3.466525086091818864e+00,3.465329112971453629e+00
2.153300046920776367e+00,3.464156468371330178e+00,3.461729989195160506e+00,3.463279351064062261e+00,3.462087356587888465e+00
2.153599977493286133e+00,3.460917021991089637e+00,3.458493821440687288e+00,3.460042196394698788e+00,3.458849091435411083e+00
2.153899908065795898e+00,3.457683624048891957e+00,3.455263936862054130e+00,3.456810144486465841e+00,3.455618101791472885e+00
2.154200077056884766e+00,3.454454752867965439e+00,3.452041428391318778e+00,3.453584002584663804e+00,3.452393443340413981e+00
2.154500007629394531e+00,3.451234495924744294e+00,3.448820539154963782e+00,3.450365176989966365e+00,3.449173060238388544e+00
2.154799938201904297e+00,3.448018694428205411e+00,3.445609705806620404e+00,3.447150154488385354e+00,3.445960833251524580e+00
2.155100107192993164e+00,3.444808496515223695e+00,3.442403773841520298e+00,3.443942204047692357e+00,3.442753011307102984e+00
2.155400037765502930e+00,3.441604923270118022e+00,3.439203346487016866e+00,3.440741006674856273e+00,3.439550618158745188e+00
2.155699968338012695e+00,3.438406933669868160e+00,3.436007827196374098e+00,3.437544443561371121e+00,3.436355740642318857e+00
2.155999898910522461e+00,3.435213935871483493e+00,3.432820304962294511e+00,3.434353219683973002e+00,3.433166551567669700e+00
2.156300067901611328e+00,3.432028242336766954e+00,3.429638951026378280e+00,3.431167961397002308e+00,3.429981298212424257e+00
2.156599998474121094e+00,3.428849090539854316e+00,3.426461780810341029e+00,3.427991295903623836e+00,3.426802229012976930e+00
2.156899929046630859e+00,3.425672885775399301e+00,3.423291146224416437e+00,3.424817311636550343e+00,3.423631458192514465e+00
2.157200098037719727e+00,3.422504003591251287e+00,3.420126808997703716e+00,3.421652103472662798e+00,3.420465592581531489e+00
2.157500028610229492e+00,3.419341671247675851e+00,3.416968064342654543e+00,3.418490903423777816e+00,3.417304791090494565e+00
2.157799959182739258e+00,3.416184772153563198e+00,3.413813857084887715e+00,3.415335642276628114e+00,3.414149969427032971e+00
2.158099889755249023e+00,3.413032253030537255e+00,3.410667519606374043e+00,3.412185881987610525e+00,3.411002554081314919e+00
2.158400058746337891e+00,3.409888599143704013e+00,3.407525665978580864e+00,3.409043727234069454e+00,3.407858148586911273e+00
2.158699989318847656e+00,3.406748667249619000e+00,3.404389993206588638e+00,3.405905145677132317e+00,3.404721568912913998e+00
2.158999919891357422e+00,3.403614577621402404e+00,3.401259284898013213e+00,3.402773842088746559e+00,3.401590702367008223e+00
2.159300088882446289e+00,3.400487693959284741e+00,3.398135129090667839e+00,3.399647632626825899e+00,3.398465358629850996e+00
2.159600019454956055e+00,3.397364562935526244e+00,3.395016939624708296e+00,3.396527416687292522e+00,3.395345267169872727e+00
2.159899950027465820e+00,3.394248773033000433e+00,3.391904802655529405e+00,3.393411617900492505e+00,3.392230527620218261e+00
2.160200119018554688e+00,3.391139522586064547e+00,3.388796630420098932e+00,3.390304082193789093e+00,3.389122531835161212e+00
2.160500049591064453e+00,3.388033219397652118e+00,3.385695725911154419e+00,3.387200005092894095e+00,3.386021205663988898e+00
2.160799980163574219e+00,3.384935162584234547e+00,3.382599770504941539e+00,3.384103501976465811e+00,3.382924485167024820e+00
2.161099910736083984e+00,3.381841093056525249e+00,3.379510802779685186e+00,3.381012558630989151e+00,3.379833513613652141e+00
2.161400079727172852e+00,3.378753841400526703e+00,3.376427546875000907e+00,3.377925798520710732e+00,3.376747983635430828e+00
2.161700010299682617e+00,3.375671793774977392e+00,3.373348540570013210e+00,3.374846113274491799e+00,3.373669010245547106e+00
2.161999940872192383e+00,3.372594392287269649e+00,3.370276545284449199e+00,3.371771774125076782e+00,3.370594339482562596e+00
2.162300109863281250e+00,3.369524430584387442e+00,3.367208351772641883e+00,3.368702536279879478e+00,3.367527159538376669e+00
2.162600040435791016e+00,3.366459659275152561e+00,3.364148364553210868e+00,3.365639210659787217e+00,3.364464454351127287e+00
2.162899971008300781e+00,3.363401184804622357e+00,3.361092077788738308e+00,3.362581492917297687e+00,3.361407031074441054e+00
2.163199901580810547e+00,3.360346601969277813e+00,3.358043315822485386e+00,3.359529183074651648e+00,3.358356167818243421e+00
2.163500070571899414e+00,3.357298129632175776e+00,3.354999643676777499e+00,3.356483813205696443e+00,3.355310799847193604e+00
2.163800001144409180e+00,3.354258102817259335e+00,3.351960555924898166e+00,3.353443709525282923e+00,3.352270009968274955e+00
2.164099931716918945e+00,3.351218788932979198e+00,3.348927914765100766e+00,3.350408757609562471e+00,3.349237333043607379e+00
2.164400100708007812e+00,3.348188626372893939e+00,3.345898706156606117e+00,3.347379129308003520e+00,3.346208230696048336e+00
2.164700031280517578e+00,3.345163558512318946e+00,3.342876302187002935e+00,3.344355359645195147e+00,3.343184872500257754e+00
2.164999961853027344e+00,3.342143802489268456e+00,3.339859665650980247e+00,3.341337951282111085e+00,3.340167489284353142e+00
2.165299892425537109e+00,3.339128815141510387e+00,3.336850482094762427e+00,3.338325039687991769e+00,3.337154647434834587e+00
2.165600061416625977e+00,3.336119972116136534e+00,3.333845108850668648e+00,3.335318637879118420e+00,3.334147989200417328e+00
2.165899991989135742e+00,3.333117591653687040e+00,3.330846581265206829e+00,3.332316587861698931e+00,3.331146482544266263e+00
2.166199922561645508e+00,3.330120196362831297e+00,3.327852078126274371e+00,3.329320439964653211e+00,3.328151101061195050e+00
2.166500091552734375e+00,3.327126554797312785e+00,3.324862441577980388e+00,3.326330336282579125e+00,3.325163761139028118e+00
2.166800022125244141e+00,3.324140533118038032e+00,3.321880380846107705e+00,3.323344828317416955e+00,3.322177259633570579e+00
2.167099952697753906e+00,3.321160817391144437e+00,3.318902725198162429e+00,3.320365337410246642e+00,3.319198525773475517e+00
2.167399883270263672e+00,3.318184273573469234e+00,3.315930604080994382e+00,3.317390909737438331e+00,3.316225770528494099e+00
2.167700052261352539e+00,3.315213936738008460e+00,3.312964009646317987e+00,3.314423087027506654e+00,3.313258719175259159e+00
2.167999982833862305e+00,3.312249252023387491e+00,3.310002067595843478e+00,3.311461556818597884e+00,3.310295901956441078e+00
2.168299913406372070e+00,3.309289842165158646e+00,3.307046445116151201e+00,3.308503380982404707e+00,3.307338894221075076e+00
2.168600082397460938e+00,3.306337548145481975e+00,3.304096302505242111e+00,3.305552102092470967e+00,3.304386877660483002e+00
2.168900012969970703e+00,3.303388440438391527e+00,3.301152121863497158e+00,3.302604938670542722e+00,3.301441985152125724e+00
2.169199943542480469e+00,3.300445843100654919e+00,3.298211503831138369e+00,3.299664718821758047e+00,3.298500879155977117e+00
2.169500112533569336e+00,3.297508208679307273e+00,3.295278419807081249e+00,3.296727850023175144e+00,3.295567012712100841e+00
2.169800043106079102e+00,3.294575339560787519e+00,3.292350281063514572e+00,3.293798369798679015e+00,3.292636784022509921e+00
2.170099973678588867e+00,3.291649555522019099e+00,3.289426660571158401e+00,3.290872855970147892e+00,3.289712886819650794e+00
2.170399904251098633e+00,3.288726994664887382e+00,3.286509984454107247e+00,3.287953350352978532e+00,3.286794135960427354e+00
2.170700073242187500e+00,3.285812107577541497e+00,3.283597478157400662e+00,3.285040478050298862e+00,3.283879269388234157e+00
2.171000003814697266e+00,3.282901906480083731e+00,3.280690407745038506e+00,3.282130858723189437e+00,3.280971141806042546e+00
2.171299934387207031e+00,3.279997076829812119e+00,3.277788884379145173e+00,3.279227765887970936e+00,3.278068413170580619e+00
2.171600103378295898e+00,3.277098264357734436e+00,3.274891231440435480e+00,3.276329670345288214e+00,3.275170735169922853e+00
2.171900033950805664e+00,3.274203186085053563e+00,3.272001262824945300e+00,3.273436589111814676e+00,3.272278853273508759e+00
2.172199964523315430e+00,3.271313660597208184e+00,3.269115633704153812e+00,3.270549870992876862e+00,3.269390929337248508e+00
2.172499895095825195e+00,3.268430405901512348e+00,3.266235144215010600e+00,3.267668240846580474e+00,3.266510471718135911e+00
2.172800064086914062e+00,3.265552068200856972e+00,3.263361484980629168e+00,3.264791687619736482e+00,3.263634877989336935e+00
2.173099994659423828e+00,3.262678757836822818e+00,3.260490848501635952e+00,3.261920218390788051e+00,3.260763038302645356e+00
2.173399925231933594e+00,3.259811008586399605e+00,3.257626370263837945e+00,3.259053182948759009e+00,3.257898882699699517e+00
2.173700094223022461e+00,3.256948790612117950e+00,3.254766878300358712e+00,3.256193752526505669e+00,3.255038848664001172e+00
2.174000024795532227e+00,3.254091334411237213e+00,3.251913309209128577e+00,3.253337717855159461e+00,3.252183865482012770e+00
2.174299955368041992e+00,3.251238911621713079e+00,3.249064719960531811e+00,3.250487439149910784e+00,3.249334156636971116e+00
2.174599885940551758e+00,3.248392436223821456e+00,3.246221364751837868e+00,3.247642076510577347e+00,3.246489508160024684e+00
2.174900054931640625e+00,3.245550830059133585e+00,3.243383524917458516e+00,3.244803681225187919e+00,3.243650143381567208e+00
2.175199985504150391e+00,3.242715344529974342e+00,3.240550192831554988e+00,3.241967521976377498e+00,3.240815302738406789e+00
2.175499916076660156e+00,3.239883000126484891e+00,3.237722791220146945e+00,3.239138477453169074e+00,3.237986812251874458e+00
2.175800085067749023e+00,3.237057753562180284e+00,3.234900833768450390e+00,3.236314171019554653e+00,3.235163455998676163e+00
2.176100015640258789e+00,3.234237422374959259e+00,3.232082649408531960e+00,3.233496731820473702e+00,3.232345795968369906e+00
2.176399946212768555e+00,3.231421930948881194e+00,3.229272675276640747e+00,3.230681907535475350e+00,3.229533155390054588e+00
2.176700115203857422e+00,3.228612811988336162e+00,3.226465186379790406e+00,3.227872418983089631e+00,3.226722843087652226e+00
2.177000045776367188e+00,3.225806476426558156e+00,3.223662654069835654e+00,3.225070042166486850e+00,3.223922069824223691e+00
2.177299976348876953e+00,3.223008643532441653e+00,3.220864427637253780e+00,3.222273249477576762e+00,3.221122976064304311e+00
2.177599906921386719e+00,3.220213120370122084e+00,3.218074164272990423e+00,3.219478929563948100e+00,3.218331696068394976e+00
2.177900075912475586e+00,3.217423074346460687e+00,3.215289625519506256e+00,3.216691195594834518e+00,3.215542820768244603e+00
2.178200006484985352e+00,3.214637821114416649e+00,3.212507449949342675e+00,3.213908337318506447e+00,3.212761457776184493e+00
2.178499937057495117e+00,3.211857827628859852e+00,3.209731503497070371e+00,3.211130739857845917e+00,3.209984805243816908e+00
2.178800106048583984e+00,3.209085694094935270e+00,3.206960315336411682e+00,3.208358388840167219e+00,3.207212030096292743e+00
2.179100036621093750e+00,3.206314567421318706e+00,3.204195259467234713e+00,3.205589474978004283e+00,3.204445735262314798e+00
2.179399967193603516e+00,3.203551728474112625e+00,3.201433049115061547e+00,3.202829053996331332e+00,3.201682603982654030e+00
2.179699897766113281e+00,3.200792893086376711e+00,3.198678178673353134e+00,3.200070422613369381e+00,3.198926664239857054e+00
2.180000066757202148e+00,3.198038014288655084e+00,3.195928185315018766e+00,3.197319462655031863e+00,3.196175115451356241e+00
2.180299997329711914e+00,3.195288929543239398e+00,3.193182442370162022e+00,3.194573318860611799e+00,3.193427250200326473e+00
2.180599927902221680e+00,3.192545782778615227e+00,3.190441890897437460e+00,3.191829084529834049e+00,3.190685487258487996e+00
2.180900096893310547e+00,3.189806679008980517e+00,3.187707001908107074e+00,3.189091927812734983e+00,3.187950855362026381e+00
2.181200027465820312e+00,3.187072456457037184e+00,3.184975155485870069e+00,3.186361087610104725e+00,3.185219241352807096e+00
2.181499958038330078e+00,3.184346472566196518e+00,3.182248999047412319e+00,3.183633800501136868e+00,3.182490410596485741e+00
2.181799888610839844e+00,3.181621394012692949e+00,3.179530498792942694e+00,3.180911230678221013e+00,3.179770267988134336e+00
2.182100057601928711e+00,3.178902864008655627e+00,3.176815130213376914e+00,3.178193938449175526e+00,3.177055074667896939e+00
2.182399988174438477e+00,3.176189115278125641e+00,3.174103488570275466e+00,3.175482199734744437e+00,3.174342520947367241e+00
2.182699918746948242e+00,3.173479737939872258e+00,3.171398348069633943e+00,3.172775932999925441e+00,3.171635870512876210e+00
2.183000087738037109e+00,3.170776270794561924e+00,3.168698935595668509e+00,3.170072348213952118e+00,3.168934003316166148e+00
2.183300018310546875e+00,3.168077265966161349e+00,3.166003146865578710e+00,3.167375957011543619e+00,3.166238030965704997e+00
2.183599948883056641e+00,3.165382848327775278e+00,3.163312961533546019e+00,3.164684953548540403e+00,3.163545306122743206e+00
2.183900117874145508e+00,3.162694433965476559e+00,3.160626817651200238e+00,3.161997109639647086e+00,3.160859293701726358e+00
2.184200048446655273e+00,3.160011379533800735e+00,3.157945302009296462e+00,3.159315016393505537e+00,3.158177555234146894e+00
2.184499979019165039e+00,3.157332091122377449e+00,3.155268271928728829e+00,3.156637966957805297e+00,3.155501260870612334e+00
2.184799909591674805e+00,3.154658250129926511e+00,3.152598858697911233e+00,3.153965610073062198e+00,3.152827343438006746e+00
2.185100078582763672e+00,3.151987868451171959e+00,3.149931645650669410e+00,3.151296862733757642e+00,3.150161477809391819e+00
2.185400009155273438e+00,3.149324625614499773e+00,3.147271991990899132e+00,3.148636333144653854e+00,3.147498050692228766e+00
2.185699939727783203e+00,3.146664859548824023e+00,3.144614930100213090e+00,3.145976989271845881e+00,3.144842082743232847e+00
2.186000108718872070e+00,3.144009414112851175e+00,3.141963552779715840e+00,3.143325726338768167e+00,3.142189976190453038e+00
2.186300039291381836e+00,3.141360690770115482e+00,3.139317778140818138e+00,3.140676222430867082e+00,3.139540909142044534e+00
2.186599969863891602e+00,3.138716252298918707e+00,3.136675588819681337e+00,3.138033786506611911e+00,3.136901223214251910e+00
2.186899900436401367e+00,3.136076256983725052e+00,3.134037052320323813e+00,3.135396364271137326e+00,3.134260170615876362e+00
2.187200069427490234e+00,3.133441241389766763e+00,3.131405584232269224e+00,3.132760698418382450e+00,3.131629050606239861e+00
2.187500000000000000e+00,3.130810851181966115e+00,3.128779482952440461e+00,3.130132746971587387e+00,3.129000268169753074e+00
2.187799930572509766e+00,3.128184921192655565e+00,3.126157817143385031e+00,3.127508876646246883e+00,3.126377041129730916e+00
2.188100099563598633e+00,3.125564994837125354e+00,3.123538674871739751e+00,3.124889891161350963e+00,3.123756578220170610e+00
2.188400030136108398e+00,3.122948718470595075e+00,3.120926486706194325e+00,3.122275759004477180e+00,3.121143575496818201e+00
2.188699960708618164e+00,3.120337887153360690e+00,3.118318748840872345e+00,3.119666185902911781e+00,3.118535627568439939e+00
2.188999891281127930e+00,3.117730730662620520e+00,3.115715235031875086e+00,3.117062241540790701e+00,3.115932054030180254e+00
2.189300060272216797e+00,3.115129777123797794e+00,3.113117220977343891e+00,3.114461732952122475e+00,3.113332016380637945e+00
2.189599990844726562e+00,3.112532705858873427e+00,3.110523701846574784e+00,3.111866571342543963e+00,3.110736648044786001e+00
2.189899921417236328e+00,3.109940790655401521e+00,3.107934271786438885e+00,3.109277747528780278e+00,3.108146404558886911e+00
2.190200090408325195e+00,3.107353990570891789e+00,3.105351347049247313e+00,3.106690303194618252e+00,3.105562648539824444e+00
2.190500020980834961e+00,3.104771145789066988e+00,3.102769564162000560e+00,3.104110756656466741e+00,3.102981259302213690e+00
2.190799951553344727e+00,3.102193399645523542e+00,3.100196785053042525e+00,3.101533188202713731e+00,3.100406512927902813e+00
2.191099882125854492e+00,3.099621820568738251e+00,3.097626730090424552e+00,3.098962370895229412e+00,3.097833667169482830e+00
2.191400051116943359e+00,3.097052350118986830e+00,3.095060776882909703e+00,3.096395421584473340e+00,3.095267799566708611e+00
2.191699981689453125e+00,3.094487997292143078e+00,3.092501287871436411e+00,3.093834050161634597e+00,3.092705871287984465e+00
2.191999912261962891e+00,3.091929133024995391e+00,3.089944222143102159e+00,3.091276919162777581e+00,3.090149408381952068e+00
2.192300081253051758e+00,3.089374050998933363e+00,3.087391563237507075e+00,3.088723492877103904e+00,3.087597683052191400e+00
2.192600011825561523e+00,3.086823952420746586e+00,3.084844619156377199e+00,3.086175063864225798e+00,3.085049190054623303e+00
2.192899942398071289e+00,3.084279000538521220e+00,3.082303637584914213e+00,3.083630348055522052e+00,3.082506684163272670e+00
2.193200111389160156e+00,3.081738549603771471e+00,3.079766354999132538e+00,3.081092202041983974e+00,3.079966039750891671e+00
2.193500041961669922e+00,3.079203163723028602e+00,3.077233231538083036e+00,3.078558461772384902e+00,3.077434593629148729e+00
2.193799972534179688e+00,3.076671756364823374e+00,3.074705419816013308e+00,3.076028540868737782e+00,3.074904623146799132e+00
2.194099903106689453e+00,3.074145186469441793e+00,3.072183668996273820e+00,3.073503054084269159e+00,3.072380634543505185e+00
2.194400072097778320e+00,3.071623330637915039e+00,3.069662797167999280e+00,3.070984104944125992e+00,3.069861438541327203e+00
2.194700002670288086e+00,3.069105834333690552e+00,3.067149371523061774e+00,3.068468065410528300e+00,3.067345031966856261e+00
2.194999933242797852e+00,3.066594183541716312e+00,3.064639254026795268e+00,3.065956839126999789e+00,3.064834880568308328e+00
2.195300102233886719e+00,3.064085906020865835e+00,3.062134041183218969e+00,3.063450574173183671e+00,3.062328970493937152e+00
2.195600032806396484e+00,3.061581983876632052e+00,3.059634006590219446e+00,3.060948536029283851e+00,3.059827329417315944e+00
2.195899963378906250e+00,3.059083426652530857e+00,3.057138319702079610e+00,3.058451498921954670e+00,3.057330481277497736e+00
2.196199893951416016e+00,3.056588799785340704e+00,3.054646249360081001e+00,3.055958685922932183e+00,3.054837527586799162e+00
2.196500062942504883e+00,3.054098882319422614e+00,3.052159130593684822e+00,3.053471865359397963e+00,3.052350763095699193e+00
2.196799993515014648e+00,3.051613433917487406e+00,3.049677265748306887e+00,3.050987705362047997e+00,3.049866504639047182e+00
2.197099924087524414e+00,3.049133493898258607e+00,3.047199078347530232e+00,3.048507947561087672e+00,3.047388004025654240e+00
2.197400093078613281e+00,3.046656974459725387e+00,3.044725514689987200e+00,3.046033025710417785e+00,3.044913816869243561e+00
2.197700023651123047e+00,3.044184976117950026e+00,3.042257415208222682e+00,3.043562930778953568e+00,3.042444561317604546e+00
2.197999954223632812e+00,3.041718277338675946e+00,3.039793049254524426e+00,3.041097573089078132e+00,3.039979077898363080e+00
2.198299884796142578e+00,3.039255039403147229e+00,3.037332930617235416e+00,3.038635645097417459e+00,3.037518586418393340e+00
2.198600053787231445e+00,3.036797287449213290e+00,3.034878431182118419e+00,3.036179247049977104e+00,3.035062437839044058e+00
2.198899984359741211e+00,3.034344166089230299e+00,3.032427772102379571e+00,3.033727609709191864e+00,3.032609940474981780e+00
2.199199914932250977e+00,3.031893353678462688e+00,3.029981215753333679e+00,3.031279516253267303e+00,3.030163414930102661e+00
2.199500083923339844e+00,3.029448568344585535e+00,3.027538986271472332e+00,3.028836853846581967e+00,3.027720542514988900e+00
2.199800014495849609e+00,3.027009373371500445e+00,3.025101748363623777e+00,3.026398853570432479e+00,3.025282466507151380e+00
2.200099945068359375e+00,3.024572599521522243e+00,3.022668611324546006e+00,3.023963515450796447e+00,3.022848562696140551e+00
2.200400114059448242e+00,3.022141498464056220e+00,3.020240164089742940e+00,3.021534336980615354e+00,3.020417753800017646e+00
2.200700044631958008e+00,3.019715766590497896e+00,3.017814737835153416e+00,3.019108571996367729e+00,3.017993084059769515e+00
2.200999975204467773e+00,3.017292333865419174e+00,3.015396125007201000e+00,3.016686377243157580e+00,3.015572592125928431e+00
2.201299905776977539e+00,3.014873709845477645e+00,3.012981346157786344e+00,3.014271322419247667e+00,3.013157424114415228e+00
2.201600074768066406e+00,3.012459885118881964e+00,3.010570909684255891e+00,3.011858663068270658e+00,3.010744977404518963e+00
2.201900005340576172e+00,3.010050194267135826e+00,3.008162500076827062e+00,3.009451946361778152e+00,3.008338373183415904e+00
2.202199935913085938e+00,3.007645583722271532e+00,3.005761181371692903e+00,3.007047463494041839e+00,3.005935595076952183e+00
2.202500104904174805e+00,3.005245341615665922e+00,3.003365509518223675e+00,3.004648825266124312e+00,3.003535482461982653e+00
2.202800035476684570e+00,3.002849363150799089e+00,3.000969882733342420e+00,3.002254194983763114e+00,3.001141977789228754e+00
2.203099966049194336e+00,3.000456454072325307e+00,2.998579964675487375e+00,2.999863499883495432e+00,2.998751526455310401e+00
2.203399896621704102e+00,2.998068178656310590e+00,2.996196283545525141e+00,2.997478025476582708e+00,2.996366544732844694e+00
2.203700065612792969e+00,2.995685380487922878e+00,2.993816344003921603e+00,2.995095052474254338e+00,2.993983687276741357e+00
2.203999996185302734e+00,2.993306403730652931e+00,2.991439368167372326e+00,2.992718284188209399e+00,2.991607198320791916e+00
2.204299926757812500e+00,2.990932299973387831e+00,2.989066831345390085e+00,2.990344971883098335e+00,2.989235416877788598e+00
2.204600095748901367e+00,2.988563213166213206e+00,2.986700052659856830e+00,2.987977304951631830e+00,2.986867124756784619e+00
2.204900026321411133e+00,2.986195498192850017e+00,2.984337104785580230e+00,2.985611858170909905e+00,2.984502405647088352e+00
2.205199956893920898e+00,2.983833159670913560e+00,2.981978509937445843e+00,2.983252104330528454e+00,2.982143405844153161e+00
2.205499887466430664e+00,2.981475686119927637e+00,2.979622911315430223e+00,2.980896727222821951e+00,2.979787083059420194e+00
2.205800056457519531e+00,2.979123637129694302e+00,2.977273598199627891e+00,2.978544644496910365e+00,2.977436598845881743e+00
2.206099987030029297e+00,2.976774392585028295e+00,2.974928128179748388e+00,2.976196275623157028e+00,2.975087861500476105e+00
2.206399917602539062e+00,2.974429465301275499e+00,2.972584511575616872e+00,2.973854071600175342e+00,2.972745153716991773e+00
2.206700086593627930e+00,2.972089121874775142e+00,2.970246752039346738e+00,2.971515955209885096e+00,2.970407720795030571e+00
2.207000017166137695e+00,2.969753107401932546e+00,2.967913197006315951e+00,2.969179818552574179e+00,2.968073509726414816e+00
2.207299947738647461e+00,2.967420987171621061e+00,2.965584879413307284e+00,2.966849650388502013e+00,2.965743787552535426e+00
2.207600116729736328e+00,2.965093131255283510e+00,2.963260219194260081e+00,2.964523725643386953e+00,2.963417250642059297e+00
2.207900047302246094e+00,2.962770184806485130e+00,2.960938001231673056e+00,2.962202752407375961e+00,2.961096198653174305e+00
2.208199977874755859e+00,2.960450835983810425e+00,2.958623239053177922e+00,2.959884328105406581e+00,2.958777914394726594e+00
2.208499908447265625e+00,2.958135451863011411e+00,2.956310450271668611e+00,2.957570129224324607e+00,2.956466274116215764e+00
2.208800077438354492e+00,2.955824944938465038e+00,2.954002091512147210e+00,2.955262127781243642e+00,2.954156144397410699e+00
2.209100008010864258e+00,2.953517037721575367e+00,2.951697943120276779e+00,2.952955927146505566e+00,2.951852679969828142e+00
2.209399938583374023e+00,2.951216018197971191e+00,2.949397981767726939e+00,2.950656218468102221e+00,2.949550288645700569e+00
2.209700107574462891e+00,2.948917268461214825e+00,2.947103144767116323e+00,2.948357617510706685e+00,2.947253148345434060e+00
2.210000038146972656e+00,2.946621917291478709e+00,2.944812278242343595e+00,2.946065497216037610e+00,2.944962363278103012e+00
2.210299968719482422e+00,2.944331834616091825e+00,2.942525531354576174e+00,2.943777715492149838e+00,2.942673929616669959e+00
2.210599899291992188e+00,2.942045233990657760e+00,2.940241206008463060e+00,2.941493411856882290e+00,2.940390320534329138e+00
2.210900068283081055e+00,2.939763187306761338e+00,2.937962330924816623e+00,2.939212825036897847e+00,2.938110647292384581e+00
2.211199998855590820e+00,2.937488017470871959e+00,2.935686174603953091e+00,2.936937054600563535e+00,2.935833780321685182e+00
2.211499929428100586e+00,2.935214209679520181e+00,2.933416139343886009e+00,2.934663952940535392e+00,2.933562744568512404e+00
2.211800098419189453e+00,2.932943652404651935e+00,2.931149486585275632e+00,2.932397621555702827e+00,2.931294251020966524e+00
2.212100028991699219e+00,2.930678480299095501e+00,2.928888090834744773e+00,2.930132010389191244e+00,2.929031790110625089e+00
2.212399959564208984e+00,2.928418083679058981e+00,2.926626682181967531e+00,2.927873472658105491e+00,2.926772608838312806e+00
2.212699890136718750e+00,2.926160601523590366e+00,2.924373305347667262e+00,2.925618961479306002e+00,2.924516491806936180e+00
2.213000059127807617e+00,2.923907450206653547e+00,2.922123350340616099e+00,2.923368039257686846e+00,2.922265231944750852e+00
2.213299989700317383e+00,2.921658167817517970e+00,2.919876438819761777e+00,2.921119257740625308e+00,2.920018091413822070e+00
2.213599920272827148e+00,2.919412808122300085e+00,2.917635384595911763e+00,2.918875404356721770e+00,2.917775681856923597e+00
2.213900089263916016e+00,2.917172617338384288e+00,2.915397696287620022e+00,2.916636171736139982e+00,2.915535995707418948e+00
2.214200019836425781e+00,2.914935866195149661e+00,2.913163019043026214e+00,2.914401970469993497e+00,2.913301317436871596e+00
2.214499950408935547e+00,2.912702708398855478e+00,2.910932753867095713e+00,2.912170231286774769e+00,2.911071468321724254e+00
2.214799880981445312e+00,2.910474786647554879e+00,2.908705662555005844e+00,2.909942564026579248e+00,2.908844001504816923e+00
2.215100049972534180e+00,2.908248731543195298e+00,2.906483897632541336e+00,2.907719426777684024e+00,2.906620577870551170e+00
2.215399980545043945e+00,2.906027604601223224e+00,2.904265782578058896e+00,2.905500480603405045e+00,2.904402478503668839e+00
2.215699911117553711e+00,2.903811814839214467e+00,2.902051559516430679e+00,2.903286077691720202e+00,2.902186746725419653e+00
2.216000080108642578e+00,2.901598468844415635e+00,2.899840913392894848e+00,2.901075115638151569e+00,2.899975702135773936e+00
2.216300010681152344e+00,2.899390635489469847e+00,2.897635245296648066e+00,2.898866557608894112e+00,2.897769346495919329e+00
2.216599941253662109e+00,2.897185249559011133e+00,2.895432748088232700e+00,2.896662999321255150e+00,2.895565813970066849e+00
2.216900110244750977e+00,2.894984677153529695e+00,2.893234606367782291e+00,2.894464213635524530e+00,2.893366409744353440e+00
2.217200040817260742e+00,2.892787303727890169e+00,2.891040525383804294e+00,2.892269257626036261e+00,2.891171341461127753e+00
2.217499971389770508e+00,2.890594671435491314e+00,2.888850442680258368e+00,2.890077497366645876e+00,2.888980315409186428e+00
2.217799901962280273e+00,2.888405941467672822e+00,2.886663334225929578e+00,2.887889383731462090e+00,2.886794900819477760e+00
2.218100070953369141e+00,2.886220487929645806e+00,2.884482388079616655e+00,2.885706672900813619e+00,2.884610427047503034e+00
2.218400001525878906e+00,2.884038472376766471e+00,2.882303518864373970e+00,2.883526958452986566e+00,2.882430946843032693e+00
2.218699932098388672e+00,2.881861357892800513e+00,2.880130005693976702e+00,2.881351132045139707e+00,2.880256074156124502e+00
2.219000101089477539e+00,2.879689334462316452e+00,2.877958419957322711e+00,2.879180433378794479e+00,2.878084455582916590e+00
2.219300031661987305e+00,2.877519034775231077e+00,2.875791764220256397e+00,2.877012005083439572e+00,2.875917954588033787e+00
2.219599962234497070e+00,2.875353826051762596e+00,2.873628490338747010e+00,2.874848116904047401e+00,2.873752905927347001e+00
2.219899892807006836e+00,2.873192880088923928e+00,2.871470324920428752e+00,2.872689072266771504e+00,2.871593099977576724e+00
2.220200061798095703e+00,2.871034995688219293e+00,2.869314605487436332e+00,2.870532229198544005e+00,2.869438817557305565e+00
2.220499992370605469e+00,2.868882231909686720e+00,2.867163645605186328e+00,2.868379784263332510e+00,2.867285525275291569e+00
2.220799922943115234e+00,2.866731101358723777e+00,2.865016396104052454e+00,2.866230766468465418e+00,2.865138431626761406e+00
2.221100091934204102e+00,2.864584798831649071e+00,2.862873765919942581e+00,2.864086193343107212e+00,2.862992985444389848e+00
2.221400022506713867e+00,2.862443579829705875e+00,2.860732955341460659e+00,2.861946352821354012e+00,2.860852202168385539e+00
2.221699953079223633e+00,2.860303792428547265e+00,2.858597733730828150e+00,2.859809041324572032e+00,2.858717000290337928e+00
2.221999883651733398e+00,2.858170100227020782e+00,2.856465726034336239e+00,2.857675422599866621e+00,2.856584365767850464e+00
2.222300052642822266e+00,2.856039417317867368e+00,2.854337497214202823e+00,2.855546900701453339e+00,2.854455210641541285e+00
2.222599983215332031e+00,2.853912427924275796e+00,2.852212894099681151e+00,2.853421699630886543e+00,2.852329757166154334e+00
2.222899913787841797e+00,2.851788908985457116e+00,2.850093699865914321e+00,2.851301337870051356e+00,2.850208855689806864e+00
2.223200082778930664e+00,2.849670292554415951e+00,2.847976280556086870e+00,2.849181995652902089e+00,2.848092401820109032e+00
2.223500013351440430e+00,2.847554575621992434e+00,2.845863159359161898e+00,2.847068565292881104e+00,2.845977451305128358e+00
2.223799943923950195e+00,2.845442909618098426e+00,2.843755007548900426e+00,2.844958433714499968e+00,2.843867467822836392e+00
2.224100112915039062e+00,2.843336060938937315e+00,2.841648014473628692e+00,2.842852470616564986e+00,2.841762517492653739e+00
2.224400043487548828e+00,2.841231468770142321e+00,2.839547119972849920e+00,2.840749646712272813e+00,2.839660291221503652e+00
2.224699974060058594e+00,2.839129790846781631e+00,2.837448481767784969e+00,2.838651292217666100e+00,2.837561097378735298e+00
2.224999904632568359e+00,2.837035336437661037e+00,2.835354920199397277e+00,2.836554878819658843e+00,2.835466379405605863e+00
2.225300073623657227e+00,2.834940807940047769e+00,2.833264593561002798e+00,2.834464630262702567e+00,2.833374042743399990e+00
2.225600004196166992e+00,2.832852469474751889e+00,2.831178683186921674e+00,2.832377024778466534e+00,2.831288200509171737e+00
2.225899934768676758e+00,2.830766812167644364e+00,2.829096129075779231e+00,2.830292336057407709e+00,2.829204811553676091e+00
2.226200103759765625e+00,2.828684803397352177e+00,2.827016498747714657e+00,2.828214103440391813e+00,2.827123787554674639e+00
2.226500034332275391e+00,2.826607510567335613e+00,2.824941480832658058e+00,2.826136992503817780e+00,2.825048058295247966e+00
2.226799964904785156e+00,2.824533418324177703e+00,2.822869437974179441e+00,2.824064161547266139e+00,2.822975562355260593e+00
2.227099895477294922e+00,2.822463265706302238e+00,2.820801790272226661e+00,2.821995837046066491e+00,2.820907104860145953e+00
2.227400064468383789e+00,2.820395322842208952e+00,2.818738683265810785e+00,2.819930022015201931e+00,2.818842014099131710e+00
2.227699995040893555e+00,2.818332626625746240e+00,2.816676618569495805e+00,2.817869403846320786e+00,2.816782192263207918e+00
2.227999925613403320e+00,2.816274447564167005e+00,2.814620274073533324e+00,2.815810381984698463e+00,2.814723944288979762e+00
2.228300094604492188e+00,2.814217464880728325e+00,2.812567733833001071e+00,2.813756798442739626e+00,2.812670534677627732e+00
2.228600025177001953e+00,2.812166405462011909e+00,2.810517785656687195e+00,2.811706495920778703e+00,2.810619439097734595e+00
2.228899955749511719e+00,2.810117982985874008e+00,2.808471333850559581e+00,2.809660803890382752e+00,2.808573795060007594e+00
2.229199886322021484e+00,2.808072222409212948e+00,2.806429572956909091e+00,2.807616492438251843e+00,2.806531099085485259e+00
2.229500055313110352e+00,2.806032238334932316e+00,2.804390290428855792e+00,2.805578229940278057e+00,2.804491249806790876e+00
2.229799985885620117e+00,2.803995165635044806e+00,2.802355921768204805e+00,2.803542244515892623e+00,2.802455281816256694e+00
2.230099916458129883e+00,2.801960745284100440e+00,2.800324894366685857e+00,2.801510459790660157e+00,2.800423586030627021e+00
2.230400085449218750e+00,2.799930659691668211e+00,2.798298108967504749e+00,2.799480710994793675e+00,2.798395360100948803e+00
2.230700016021728516e+00,2.797904775159745672e+00,2.796274579846007580e+00,2.797456092438594943e+00,2.796370225186302960e+00
2.230999946594238281e+00,2.795881480704974997e+00,2.794252349294419790e+00,2.795434392719442940e+00,2.794349711157868565e+00
2.231300115585327148e+00,2.793862009418872194e+00,2.792236491269603604e+00,2.793416938263232119e+00,2.792332594249107292e+00
2.231600046157836914e+00,2.791846788417205349e+00,2.790224122217858316e+00,2.791402418671707242e+00,2.790317075403027758e+00
2.231899976730346680e+00,2.789834115300421580e+00,2.788213419286196260e+00,2.789392095029676444e+00,2.788307726274267040e+00
2.232199907302856445e+00,2.787825644182154505e+00,2.786206729538227567e+00,2.787385823682312136e+00,2.786300870596165602e+00
2.232500076293945312e+00,2.785821202917071471e+00,2.784205215133235267e+00,2.785381601495005022e+00,2.784298191986045445e+00
2.232800006866455078e+00,2.783819827020575843e+00,2.782205791885912216e+00,2.783381769954841989e+00,2.782297817325198430e+00
2.233099937438964844e+00,2.781821545736204992e+00,2.780210654464791986e+00,2.781386120546323504e+00,2.780302298853830401e+00
2.233400106430053711e+00,2.779827508491676813e+00,2.778219410973901127e+00,2.779393811788506419e+00,2.778309241914517003e+00
2.233700037002563477e+00,2.777837398051109297e+00,2.776231298025843230e+00,2.777403289273544296e+00,2.776319987054893801e+00
2.233999967575073242e+00,2.775850684036351268e+00,2.774246814746031298e+00,2.775418858609122186e+00,2.774334819952950060e+00
2.234299898147583008e+00,2.773866616462180801e+00,2.772265261685171289e+00,2.773436328545687779e+00,2.772354432612520458e+00
2.234600067138671875e+00,2.771886145836654602e+00,2.770287908306008795e+00,2.771458583591535518e+00,2.770374745958101403e+00
2.234899997711181641e+00,2.769910286277463829e+00,2.768313745532105408e+00,2.769483732996112391e+00,2.768400336193259204e+00
2.235199928283691406e+00,2.767936969620488519e+00,2.766343427695652668e+00,2.767511632249032516e+00,2.766429655280615130e+00
2.235500097274780273e+00,2.765967171558773252e+00,2.764375871510247773e+00,2.765544051699560413e+00,2.764461036715981646e+00
2.235800027847290039e+00,2.764001278294738295e+00,2.762412367740471719e+00,2.763579013678491680e+00,2.762496847435265135e+00
2.236099958419799805e+00,2.762038967802070921e+00,2.760452950421187879e+00,2.761618911942116839e+00,2.760536687372589615e+00
2.236399888992309570e+00,2.760080326852777155e+00,2.758495850769906887e+00,2.759660554696156787e+00,2.758579498675147068e+00
2.236700057983398438e+00,2.758124711977778087e+00,2.756543097162717615e+00,2.757706870186754422e+00,2.756625447254925199e+00
2.236999988555908203e+00,2.756172178426113284e+00,2.754593453104827727e+00,2.755757038117944369e+00,2.754674824416520451e+00
2.237299919128417969e+00,2.754222512010916724e+00,2.752647704513992988e+00,2.753809068770875612e+00,2.752728965426191721e+00
2.237600088119506836e+00,2.752278978509949514e+00,2.750703827298476511e+00,2.751865286863433013e+00,2.750784464378674521e+00
2.237900018692016602e+00,2.750337440560838953e+00,2.748764324660956326e+00,2.749926510219773856e+00,2.748844538839078311e+00
2.238199949264526367e+00,2.748399340736837004e+00,2.746828373933245970e+00,2.747989643867767118e+00,2.746907497276890098e+00
2.238500118255615234e+00,2.746463641539065303e+00,2.744897203100898242e+00,2.746056125607690745e+00,2.744976157653857829e+00
2.238800048828125000e+00,2.744532957775223103e+00,2.742967541809988585e+00,2.744126929807045201e+00,2.743044738565381557e+00
2.239099979400634766e+00,2.742605977946188656e+00,2.741042199045589101e+00,2.742200156731888772e+00,2.741119747906812787e+00
2.239399909973144531e+00,2.740679650956487023e+00,2.739120153141758607e+00,2.740276857153088219e+00,2.739196569824691618e+00
2.239700078964233398e+00,2.738759847778702738e+00,2.737201678896301615e+00,2.738357157597530733e+00,2.737277071610782375e+00
2.240000009536743164e+00,2.736841900212134693e+00,2.735286678279096773e+00,2.736440982143760969e+00,2.735360495026537109e+00
2.240299940109252930e+00,2.734927040758110994e+00,2.733374638878860008e+00,2.734528061307712754e+00,2.733448746210081381e+00
2.240600109100341797e+00,2.733016906513350719e+00,2.731465334518795807e+00,2.732618776252539128e+00,2.731539278366603263e+00
2.240900039672851562e+00,2.731109091409612333e+00,2.729561069462055123e+00,2.730712820695974763e+00,2.729632806241956811e+00
2.241199970245361328e+00,2.729205486688663473e+00,2.727658402439336882e+00,2.728811155633302121e+00,2.727730160965205819e+00
2.241499900817871094e+00,2.727304555655742924e+00,2.725760308028067236e+00,2.726911736567490419e+00,2.725831566690537944e+00
2.241800069808959961e+00,2.725406337047575622e+00,2.723866323979400317e+00,2.725015601606412652e+00,2.723937779921292712e+00
2.242100000381469727e+00,2.723512114522757877e+00,2.721974636331090824e+00,2.723122902333154460e+00,2.722044719202938445e+00
2.242399930953979492e+00,2.721621554166122170e+00,2.720085557629424056e+00,2.721233197634375767e+00,2.720155171087443868e+00
2.242700099945068359e+00,2.719733607500600669e+00,2.718199926820119128e+00,2.719348457006904418e+00,2.718269207500696005e+00
2.243000030517578125e+00,2.717850356509891263e+00,2.716318809063766881e+00,2.717466140546256792e+00,2.716387159303974119e+00
2.243299961090087891e+00,2.715969224518829606e+00,2.714440200366790013e+00,2.715587395747022903e+00,2.714509287870249921e+00
2.243599891662597656e+00,2.714093433038160530e+00,2.712564937743521920e+00,2.713711023777399145e+00,2.712632455526366559e+00
2.243900060653686523e+00,2.712218762763182855e+00,2.710693799913899138e+00,2.711838690533723728e+00,2.710761176388221561e+00
2.244199991226196289e+00,2.710348593008939488e+00,2.708826512229245864e+00,2.709968896201079946e+00,2.708891338370497781e+00
2.244499921798706055e+00,2.708480891080605080e+00,2.706961249725486240e+00,2.708103059721753247e+00,2.707025305766705525e+00
2.244800090789794922e+00,2.706615873407129946e+00,2.705098946396693904e+00,2.706240376898811473e+00,2.705162654460466332e+00
2.245100021362304688e+00,2.704756371371979107e+00,2.703240858252831558e+00,2.704381902520748504e+00,2.703303773984866876e+00
2.245399951934814453e+00,2.702898513475091136e+00,2.701384501693054219e+00,2.702525878223609013e+00,2.701447491878891771e+00
2.245699882507324219e+00,2.701043369613656431e+00,2.699532471119950205e+00,2.700673397168709133e+00,2.699596222026060310e+00
2.246000051498413086e+00,2.699192955872016242e+00,2.697684948847268949e+00,2.698824374231057810e+00,2.697745658516952805e+00
2.246299982070922852e+00,2.697344992556272469e+00,2.695840086888483533e+00,2.696977269106138664e+00,2.695900426331955479e+00
2.246599912643432617e+00,2.695501070431667312e+00,2.693996585058005433e+00,2.695135282719603786e+00,2.694056367587411849e+00
2.246900081634521484e+00,2.693659881293140046e+00,2.692157699920505021e+00,2.693294942958048388e+00,2.692218130812658927e+00
2.247200012207031250e+00,2.691821859466782207e+00,2.690322666197509260e+00,2.691459197052082253e+00,2.690381289083885630e+00
2.247499942779541016e+00,2.689987006109917811e+00,2.688491054423205018e+00,2.689625653484574386e+00,2.688548945370984100e+00
2.247800111770629883e+00,2.688156107836918718e+00,2.686660974362014009e+00,2.687795673233220661e+00,2.686718986622260275e+00
2.248100042343139648e+00,2.686327997472259366e+00,2.684835625158451755e+00,2.685968998141513353e+00,2.684892081669347785e+00
2.248399972915649414e+00,2.684503019822230829e+00,2.683011960858792122e+00,2.684146272736614325e+00,2.683069406291224368e+00
2.248699903488159180e+00,2.682681717505103869e+00,2.681193215429709564e+00,2.682326087250540780e+00,2.681249521298393113e+00
2.249000072479248047e+00,2.680862478042886465e+00,2.679376577296839645e+00,2.680508527851312994e+00,2.679431835013784013e+00
2.249300003051757812e+00,2.679046377279460600e+00,2.677564565768764560e+00,2.678694648535842049e+00,2.677618422682717547e+00
2.249599933624267578e+00,2.677235214483104642e+00,2.675754138893289280e+00,2.676883749451365091e+00,2.675807302497378970e+00
2.249900102615356445e+00,2.675426193672231001e+00,2.673946334670359803e+00,2.675076082560995161e+00,2.674000521310413880e+00
2.250200033187866211e+00,2.673619726956586451e+00,2.672143538531723816e+00,2.673272401084203498e+00,2.672196325317324206e+00
2.250499963760375977e+00,2.671817867354154163e+00,2.670343728196092226e+00,2.671471126814197738e+00,2.670395813041828603e+00
2.250799894332885742e+00,2.670018566850977493e+00,2.668546525467752506e+00,2.669673253904971233e+00,2.668597166442112645e+00
2.251100063323974609e+00,2.668221379131963111e+00,2.666752277783325908e+00,2.667879305718016791e+00,2.666802840301166100e+00
2.251399993896484375e+00,2.666428043883930954e+00,2.664961511401456207e+00,2.666086848451027613e+00,2.665011831210073456e+00
2.251699924468994141e+00,2.664637986437768280e+00,2.663174894833355566e+00,2.664298498300245566e+00,2.663223975877567540e+00
2.252000093460083008e+00,2.662852282331773512e+00,2.661389521556718929e+00,2.662513813027298060e+00,2.661438272339883504e+00
2.252300024032592773e+00,2.661069101714684138e+00,2.659606568393471981e+00,2.660731480234337809e+00,2.659656144193667693e+00
2.252599954605102539e+00,2.659287201506707721e+00,2.657830399013476175e+00,2.658952506743421651e+00,2.657877061686395592e+00
2.252899885177612305e+00,2.657510297777660568e+00,2.656054623051128161e+00,2.657176661460772138e+00,2.656100984356055683e+00
2.253200054168701172e+00,2.655737377453096570e+00,2.654282400361248406e+00,2.655403416316896692e+00,2.654328262584806364e+00
2.253499984741210938e+00,2.653964954913147878e+00,2.652514488723483499e+00,2.653634082102307890e+00,2.652559339366280966e+00
2.253799915313720703e+00,2.652196742283999598e+00,2.650747743483563124e+00,2.651867702426053519e+00,2.650793438747220510e+00
2.254100084304809570e+00,2.650431993612055059e+00,2.648984657822557320e+00,2.650104022766343270e+00,2.649030407097654916e+00
2.254400014877319336e+00,2.648670267454384497e+00,2.647225638607096254e+00,2.648343134361176965e+00,2.647269030029771208e+00
2.254699945449829102e+00,2.646911957320232212e+00,2.645469398326715904e+00,2.646585681697069425e+00,2.645512702042680964e+00
2.255000114440917969e+00,2.645155571386801352e+00,2.643715436910702543e+00,2.644832649195965057e+00,2.643758783444178473e+00
2.255300045013427734e+00,2.643402024814852425e+00,2.641965594605033996e+00,2.643081338501352295e+00,2.642008303044644624e+00
2.255599975585937500e+00,2.641653731177824760e+00,2.640218627036986732e+00,2.641334798249669547e+00,2.640258736728655187e+00
2.255899906158447266e+00,2.639906632722317070e+00,2.638473965401335164e+00,2.639588738499181630e+00,2.638515484063070904e+00
2.256200075149536133e+00,2.638163803127437479e+00,2.636732116804474835e+00,2.637847502405676003e+00,2.636772681759442793e+00
2.256500005722045898e+00,2.636423548618153312e+00,2.634994666985860157e+00,2.636108362890441814e+00,2.635034219824929469e+00
2.256799936294555664e+00,2.634685902948303404e+00,2.633259780388640614e+00,2.634373106307340784e+00,2.633299195350180089e+00
2.257100105285644531e+00,2.632951742066517831e+00,2.631527157814192552e+00,2.632638989605671220e+00,2.631566644005789879e+00
2.257400035858154297e+00,2.631220458724048861e+00,2.629799146873835092e+00,2.630909635108988898e+00,2.629835909843969866e+00
2.257699966430664062e+00,2.629492413370164705e+00,2.628073145786108178e+00,2.629185137720457810e+00,2.628109278825098372e+00
2.257999897003173828e+00,2.627767921195951040e+00,2.626349235525207160e+00,2.627460101939492532e+00,2.626385315826911704e+00
2.258300065994262695e+00,2.626046704743163485e+00,2.624629545121554663e+00,2.625740713254582026e+00,2.624666558296611996e+00
2.258599996566772461e+00,2.624326491750357704e+00,2.622911858631628235e+00,2.624023315036809301e+00,2.622948167453708734e+00
2.258899927139282227e+00,2.622609886094766640e+00,2.621198297182832260e+00,2.622308160675940858e+00,2.621233267813814827e+00
2.259200096130371094e+00,2.620896306680754684e+00,2.619487988463182759e+00,2.620596990462197518e+00,2.619522689461446951e+00
2.259500026702880859e+00,2.619188331990170315e+00,2.617779589126949524e+00,2.618887753820547282e+00,2.617814007466323645e+00
2.259799957275390625e+00,2.617481251334940140e+00,2.616075050384941925e+00,2.617181992878063745e+00,2.616107851063529388e+00
2.260099887847900391e+00,2.615775804037452801e+00,2.614373178352269012e+00,2.615479588075214856e+00,2.614407057802235812e+00
2.260400056838989258e+00,2.614075106528230386e+00,2.612675903477426509e+00,2.613780307455848551e+00,2.612706895873445845e+00
2.260699987411499023e+00,2.612376295704752938e+00,2.610979004248701774e+00,2.612083065565239615e+00,2.611009555679330241e+00
2.260999917984008789e+00,2.610681328898540432e+00,2.609285374838432148e+00,2.610390111520589862e+00,2.609316942754709157e+00
2.261300086975097656e+00,2.608989990398285386e+00,2.607595789898581984e+00,2.608699586835670381e+00,2.607624967538444416e+00
2.261600017547607422e+00,2.607300226984250457e+00,2.605908887671354979e+00,2.607012263451087275e+00,2.605938134731040190e+00
2.261899948120117188e+00,2.605614036220358809e+00,2.604225266667070660e+00,2.605326915018171707e+00,2.604253907759813913e+00
2.262200117111206055e+00,2.603931841966482530e+00,2.602542229620470771e+00,2.603644951548702124e+00,2.602571366671510678e+00
2.262500047683715820e+00,2.602250620690576888e+00,2.600865920400975639e+00,2.601965990645864757e+00,2.600893813106375241e+00
2.262799978256225586e+00,2.600573189165474197e+00,2.599190401184080734e+00,2.600289805588111403e+00,2.599218316205329948e+00
2.263099908828735352e+00,2.598899121034968118e+00,2.597518259618762038e+00,2.598617643479629535e+00,2.597544817049523225e+00
2.263400077819824219e+00,2.597226458529156456e+00,2.595848277873016752e+00,2.596947534618813336e+00,2.595873454975541339e+00
2.263700008392333984e+00,2.595557423500731264e+00,2.594181606498557002e+00,2.595280402450551804e+00,2.594206880969550433e+00
2.263999938964843750e+00,2.593891841087225814e+00,2.592518063255498273e+00,2.593615935307246989e+00,2.592543089017676383e+00
2.264300107955932617e+00,2.592228500515130207e+00,2.590857480064352014e+00,2.591955142443771010e+00,2.590881777657783047e+00
2.264600038528442383e+00,2.590568980167704538e+00,2.589199766546432357e+00,2.590296273502592506e+00,2.589223113748292171e+00
2.264899969100952148e+00,2.588911444928323924e+00,2.587544214367289541e+00,2.588640876249781009e+00,2.587567240978041028e+00
2.265199899673461914e+00,2.587258001345531078e+00,2.585892502235422441e+00,2.586988699903450595e+00,2.585915349540815811e+00
2.265500068664550781e+00,2.585606418976704290e+00,2.584243778408141790e+00,2.585338039356137152e+00,2.584266301849037717e+00
2.265799999237060547e+00,2.583959069175242540e+00,2.582595995946064260e+00,2.583692660733680313e+00,2.582618140179157251e+00
2.266099929809570312e+00,2.582312065258274725e+00,2.580953438784676646e+00,2.582048367807568745e+00,2.580974477664572664e+00
2.266400098800659180e+00,2.580670208824747291e+00,2.579313814536837945e+00,2.580407353603666909e+00,2.579333301697767311e+00
2.266700029373168945e+00,2.579030077851901304e+00,2.577675953576123558e+00,2.578768171120743524e+00,2.577695797873256200e+00
2.266999959945678711e+00,2.577393690382739244e+00,2.576040320629437552e+00,2.577133965238527225e+00,2.576059646942070902e+00
2.267299890518188477e+00,2.575758867269388741e+00,2.574408807423399281e+00,2.575500778151758041e+00,2.574427043202864418e+00
2.267600059509277344e+00,2.574128661371200000e+00,2.572780259404236602e+00,2.573870149372916583e+00,2.572796948868958378e+00
2.267899990081787109e+00,2.572499364058486560e+00,2.571153681332525309e+00,2.572243563436782843e+00,2.571170753868429859e+00
2.268199920654296875e+00,2.570875273121933091e+00,2.569531035557651499e+00,2.570618910267004065e+00,2.569546784931087569e+00
2.268500089645385742e+00,2.569251240402651959e+00,2.567908885228622928e+00,2.568998461926273347e+00,2.567924463116519007e+00
2.268800020217895508e+00,2.567631829232188689e+00,2.566291899776757646e+00,2.567379764918982232e+00,2.566307200787880216e+00
2.269099950790405273e+00,2.566014408117156531e+00,2.564677191581097748e+00,2.565764960266352812e+00,2.564692678168784212e+00
2.269399881362915039e+00,2.564398323920787703e+00,2.563064178533946968e+00,2.564151981609848363e+00,2.563078551257532922e+00
2.269700050354003906e+00,2.562787779433192803e+00,2.561455676854217600e+00,2.562541970494880417e+00,2.561469084602623791e+00
2.269999980926513672e+00,2.561180180578169097e+00,2.559848543798431297e+00,2.560935987921202805e+00,2.559861465397363034e+00
2.270299911499023438e+00,2.559573859930929451e+00,2.558245647125809707e+00,2.559329720560354904e+00,2.558256607936437277e+00
2.270600080490112305e+00,2.557970243024239920e+00,2.556644293991691796e+00,2.557729155308845037e+00,2.556655841664691842e+00
2.270900011062622070e+00,2.556370257093621312e+00,2.555044409545673467e+00,2.556129491762391570e+00,2.555057358944488044e+00
2.271199941635131836e+00,2.554772215445187289e+00,2.553450874552125605e+00,2.554533432853963060e+00,2.553461635051739620e+00
2.271500110626220703e+00,2.553178468230814513e+00,2.551858136945631017e+00,2.552941421869155292e+00,2.551866510231743934e+00
2.271800041198730469e+00,2.551585434846086464e+00,2.550267590348945124e+00,2.551350667825986740e+00,2.550277055934037751e+00
2.272099971771240234e+00,2.549996024880622159e+00,2.548681369197844049e+00,2.549763282027793121e+00,2.548689146347300039e+00
2.272399902343750000e+00,2.548411094977739211e+00,2.547096297178685909e+00,2.548179272785694671e+00,2.547103334099417360e+00
2.272700071334838867e+00,2.546827406074148481e+00,2.545513972094050725e+00,2.546595963189552947e+00,2.545522045802548039e+00
2.273000001907348633e+00,2.545244700658970238e+00,2.543935921606935047e+00,2.545015504288113739e+00,2.543943627336831881e+00
2.273299932479858398e+00,2.543667737065775203e+00,2.542359537285330706e+00,2.543440058736230913e+00,2.542365870551429374e+00
2.273600101470947266e+00,2.542092114343892817e+00,2.540785391361202183e+00,2.541866573044473832e+00,2.540792223135369454e+00
2.273900032043457031e+00,2.540518169532685722e+00,2.539215774484733679e+00,2.540295158663172348e+00,2.539220184140761560e+00
2.274199962615966797e+00,2.538949298546549826e+00,2.537647232205704650e+00,2.538727351898288465e+00,2.537653359807712672e+00
2.274499893188476562e+00,2.537382232365507750e+00,2.536081556706026419e+00,2.537160751285327809e+00,2.536085776827481819e+00
2.274800062179565430e+00,2.535816720221717446e+00,2.534520316396362993e+00,2.535596089746630089e+00,2.534523036600691448e+00
2.275099992752075195e+00,2.534254296468568146e+00,2.532958103259820071e+00,2.534037404474047239e+00,2.532963367203970417e+00
2.275399923324584961e+00,2.532695406256054049e+00,2.531403309733013085e+00,2.532478994355324975e+00,2.531404889211438913e+00
2.275700092315673828e+00,2.531139623768239755e+00,2.529848195733108707e+00,2.530926014882022290e+00,2.529850552020216803e+00
2.276000022888183594e+00,2.529585486778749281e+00,2.528297087382337160e+00,2.529372699570070715e+00,2.528297344930344970e+00
2.276299953460693359e+00,2.528032873478138765e+00,2.526747930947831122e+00,2.527823096529479674e+00,2.526748123538288482e+00
2.276599884033203125e+00,2.526485928506936762e+00,2.525202212028169413e+00,2.526275835894618016e+00,2.525201290956726297e+00
2.276900053024291992e+00,2.524939785405096337e+00,2.523655941293036165e+00,2.524730961559018994e+00,2.523657252516842142e+00
2.277199983596801758e+00,2.523397024564070890e+00,2.522116588697360218e+00,2.523189680933467294e+00,2.522116023323857537e+00
2.277499914169311523e+00,2.521856314916171460e+00,2.520577142238218826e+00,2.521651992428988187e+00,2.520576422768519009e+00
2.277800083160400391e+00,2.520318007473007604e+00,2.519043071560291835e+00,2.520114976170990673e+00,2.519040659374962132e+00
2.278100013732910156e+00,2.518782944440718818e+00,2.517508601298894977e+00,2.518582119621652460e+00,2.517506058825303317e+00
2.278399944305419922e+00,2.517250534615148361e+00,2.515978235489844561e+00,2.517050886772048912e+00,2.515976365874077469e+00
2.278700113296508789e+00,2.515721179943508634e+00,2.514451393615181551e+00,2.515521316798096763e+00,2.514447550348257732e+00
2.279000043869018555e+00,2.514193239184514095e+00,2.512926672701418340e+00,2.513996682524886062e+00,2.512922219908792165e+00
2.279299974441528320e+00,2.512670359896762573e+00,2.511402374610114396e+00,2.512475336505158197e+00,2.511397794999598698e+00
2.279599905014038086e+00,2.511147971104626286e+00,2.509883201998483582e+00,2.510954576944732786e+00,2.509879169877633043e+00
2.279900074005126953e+00,2.509628589347807193e+00,2.508366038808924614e+00,2.509436022238813457e+00,2.508360848426074430e+00
2.280200004577636719e+00,2.508111274999811791e+00,2.506852436369579440e+00,2.507920963002357340e+00,2.506845864608644003e+00
2.280499935150146484e+00,2.506598400593475162e+00,2.505339498603519566e+00,2.506408376972189433e+00,2.505333179606926031e+00
2.280800104141235352e+00,2.505086887721617472e+00,2.503831310019676959e+00,2.504900163803255975e+00,2.503823825973226391e+00
2.281100034713745117e+00,2.503578012954498888e+00,2.502323236449392585e+00,2.503392345682116105e+00,2.502315612095871167e+00
2.281399965286254883e+00,2.502071059816512566e+00,2.500820472534000416e+00,2.501887269057974095e+00,2.500810757864302403e+00
2.281699895858764648e+00,2.500568125075679493e+00,2.499319234460852357e+00,2.500384775651901315e+00,2.499309116395577846e+00
2.282000064849853516e+00,2.499067674366640901e+00,2.497819478026022111e+00,2.498886222553341696e+00,2.497810616917104820e+00
2.282299995422363281e+00,2.497569284034166337e+00,2.496323072289539979e+00,2.497389259123698579e+00,2.496313379331853710e+00
2.282599925994873047e+00,2.496072310836719765e+00,2.494829811085495397e+00,2.495894654974510019e+00,2.494817956284473670e+00
2.282900094985961914e+00,2.494579535142428917e+00,2.493338627509554151e+00,2.494403723921483795e+00,2.493327940370106521e+00
2.283200025558471680e+00,2.493089771072739325e+00,2.491851644872724147e+00,2.492914899888100333e+00,2.491839557577923081e+00
2.283499956130981445e+00,2.491601055103361162e+00,2.490365386211319088e+00,2.491428151039120742e+00,2.490351400155864425e+00
2.283799886703491211e+00,2.490115780603948004e+00,2.488881833397548426e+00,2.489945709813760732e+00,2.488867902307422941e+00
2.284100055694580078e+00,2.488632640667968410e+00,2.487400794332697451e+00,2.488463237508190318e+00,2.487387170024883076e+00
2.284399986267089844e+00,2.487154029248355602e+00,2.485921629757448237e+00,2.486984023696334312e+00,2.485908441781659484e+00
2.284699916839599609e+00,2.485675251486036075e+00,2.484444863764489142e+00,2.485508352271540655e+00,2.484431841110615657e+00
2.285000085830688477e+00,2.484199577191297692e+00,2.482972832688901565e+00,2.484034444440484268e+00,2.482957645285061687e+00
2.285300016403198242e+00,2.482727704611037201e+00,2.481502078959007207e+00,2.482563554804454675e+00,2.481485775620793977e+00
2.285599946975708008e+00,2.481257589628787397e+00,2.480033781303685014e+00,2.481095362778626967e+00,2.480017021308852598e+00
2.285900115966796875e+00,2.479789589548915707e+00,2.478568361858392688e+00,2.479629015412832871e+00,2.478551454376100249e+00
2.286200046539306641e+00,2.478324175791856820e+00,2.477104899855423703e+00,2.478165599082467363e+00,2.477088498200646249e+00
2.286499977111816406e+00,2.476860979110477867e+00,2.475644771364980734e+00,2.476704957386602679e+00,2.475626878369908024e+00
2.286799907684326172e+00,2.475400876309840292e+00,2.474187217247357573e+00,2.475245621947431029e+00,2.474167056152702937e+00
2.287100076675415039e+00,2.473944027048732952e+00,2.472731671443527013e+00,2.473789890265936542e+00,2.472712650741403007e+00
2.287400007247924805e+00,2.472488951752001896e+00,2.471277636274626044e+00,2.472337618958217131e+00,2.471257909735362635e+00
2.287699937820434570e+00,2.471036056209602982e+00,2.469828226723167042e+00,2.470886432007613820e+00,2.469807465127316526e+00
2.288000106811523438e+00,2.469586363201050183e+00,2.468380399151629323e+00,2.469436401183803920e+00,2.468357792491633784e+00
2.288300037384033203e+00,2.468138342931803564e+00,2.466934580143971711e+00,2.467991514968807643e+00,2.466912191236886986e+00
2.288599967956542969e+00,2.466692983542841500e+00,2.465491315668237871e+00,2.466547082116138156e+00,2.465469165706840382e+00
2.288899898529052734e+00,2.465250651287325123e+00,2.464049784832317513e+00,2.465107038309535703e+00,2.464027439544332232e+00
2.289200067520141602e+00,2.463809897174700669e+00,2.462612549769772841e+00,2.463668066746303786e+00,2.462589320519474434e+00
2.289499998092651367e+00,2.462372641828590503e+00,2.461177063215295835e+00,2.462232576391814920e+00,2.461153241891854915e+00
2.289799928665161133e+00,2.460937380897050719e+00,2.459742964123367237e+00,2.460799138211311909e+00,2.459718799029265046e+00
2.290100097656250000e+00,2.459504461505135797e+00,2.458312128031915123e+00,2.459367282342198369e+00,2.458287847148103111e+00
2.290400028228759766e+00,2.458074302596003236e+00,2.456883784822323058e+00,2.457938172719884573e+00,2.456858413321007628e+00
2.290699958801269531e+00,2.456646483668923686e+00,2.455458351261139427e+00,2.456512449441264234e+00,2.455431771876364522e+00
2.290999889373779297e+00,2.455221298888047965e+00,2.454035115787112531e+00,2.455089063273359518e+00,2.454008524858005913e+00
2.291300058364868164e+00,2.453798796365052493e+00,2.452613209956203022e+00,2.453667682812067596e+00,2.452586957896313091e+00
2.291599988937377930e+00,2.452377936131448610e+00,2.451195674850828343e+00,2.452248019857204753e+00,2.451168202129170748e+00
2.291899919509887695e+00,2.450959394024015747e+00,2.449779952524148818e+00,2.450831298608299846e+00,2.449750915690899422e+00
2.292200088500976562e+00,2.449543739865767122e+00,2.448364876777548549e+00,2.449418821193846796e+00,2.448337133626192763e+00
2.292500019073486328e+00,2.448130878060903015e+00,2.446955421236805428e+00,2.448006889981839684e+00,2.446925184469627812e+00
2.292799949645996094e+00,2.446719408515138472e+00,2.445545373575127357e+00,2.446596660045135430e+00,2.445515475144705686e+00
2.293100118637084961e+00,2.445310921384332481e+00,2.444139624825267365e+00,2.445191589677834010e+00,2.444108826503387899e+00
2.293400049209594727e+00,2.443905569046314064e+00,2.442735813237461695e+00,2.443786509646669991e+00,2.442704703048962589e+00
2.293699979782104492e+00,2.442501832640875836e+00,2.441334146948832551e+00,2.442384452113831816e+00,2.441302860203413250e+00
2.293999910354614258e+00,2.441100840942856731e+00,2.439935061072769251e+00,2.440984176530493599e+00,2.439902526495488111e+00
2.294300079345703125e+00,2.439702416614107250e+00,2.438538233696043278e+00,2.439587405933291819e+00,2.438505206493087218e+00
2.294600009918212891e+00,2.438306952430166152e+00,2.437143761640661932e+00,2.438193577204939899e+00,2.437109855582908047e+00
2.294899940490722656e+00,2.436911582678142452e+00,2.435751592407463306e+00,2.436800605087458216e+00,2.435717327869119764e+00
2.295200109481811523e+00,2.435519388624455051e+00,2.434362151737724300e+00,2.435410984701585235e+00,2.434327109197923722e+00
2.295500040054321289e+00,2.434130443524653131e+00,2.432975257638496203e+00,2.434023319474087454e+00,2.432939715467073327e+00
2.295799970626831055e+00,2.432743247388374108e+00,2.431590886367115179e+00,2.432637081780454569e+00,2.431555916261495032e+00
2.296099901199340820e+00,2.431359076738891734e+00,2.430206987249475148e+00,2.431255002705597246e+00,2.430171497115743762e+00
2.296400070190429688e+00,2.429977250653433174e+00,2.428827679624027347e+00,2.429875428381166103e+00,2.428791004279066801e+00
2.296700000762939453e+00,2.428596807386436573e+00,2.427449789773640010e+00,2.428496129396283010e+00,2.427413067814474523e+00
2.296999931335449219e+00,2.427219855640354584e+00,2.426074770417331550e+00,2.427121460157320776e+00,2.426036552737985019e+00
2.297300100326538086e+00,2.425845123398310932e+00,2.424701248687341160e+00,2.425747440233069874e+00,2.424662904005994601e+00
2.297600030899047852e+00,2.424472759278692546e+00,2.423331191201805623e+00,2.424376998197011801e+00,2.423291914864419194e+00
2.297899961471557617e+00,2.423102274178187798e+00,2.421962705832314100e+00,2.423007749978202785e+00,2.421922534941546079e+00
2.298199892044067383e+00,2.421734115316515723e+00,2.420596461389573850e+00,2.421641609904530146e+00,2.420556454301636240e+00
2.298500061035156250e+00,2.420368769042530843e+00,2.419233047068506615e+00,2.420276183173179607e+00,2.419191776139426597e+00
2.298799991607666016e+00,2.419004653987897768e+00,2.417870862797390608e+00,2.418916108358025951e+00,2.417830198701863331e+00
2.299099922180175781e+00,2.417644475255869452e+00,2.416512227994652484e+00,2.417556151265372044e+00,2.416469426369716622e+00
2.299400091171264648e+00,2.416285424995728182e+00,2.415155207005084126e+00,2.416199476792318723e+00,2.415112709954027270e+00
2.299700021743774414e+00,2.414928365994662762e+00,2.413800237935892934e+00,2.414844227607521265e+00,2.413757782402344620e+00
2.299999952316284180e+00,2.413575632029431706e+00,2.412449378740818773e+00,2.413492580475542493e+00,2.412405204212389798e+00
