frequency_ghz,port1_rl_db,port2_rl_db,port3_rl_db,port4_rl_db
2.000000000000000000e+00,4.929090370982711633e+00,4.936208472702773520e+00,4.935468628401725510e+00,4.926062067331856476e+00
2.000299930572509766e+00,4.934098956441778761e+00,4.941224802085510071e+00,4.940475904724412004e+00,4.931065606708521898e+00
2.000600099563598633e+00,4.939099209914823874e+00,4.946229371117350837e+00,4.945472218636351336e+00,4.936060384849922933e+00
2.000900030136108398e+00,4.944088361655411212e+00,4.951226365886985725e+00,4.950462356347212989e+00,4.941043012199926920e+00
2.001199960708618164e+00,4.949068380355448937e+00,4.956212766552482663e+00,4.955441165179191643e+00,4.946018067420521191e+00
2.001499891281127930e+00,4.954039288341757441e+00,4.961189328992480441e+00,4.960409931507927084e+00,4.950983536760372061e+00
2.001800060272216797e+00,4.959000916800308190e+00,4.966157371108493201e+00,4.965368701856368361e+00,4.955939532509899159e+00
2.002099990844726562e+00,4.963952313105171044e+00,4.971114691906038274e+00,4.970318712249441440e+00,4.960885490215416027e+00
2.002399921417236328e+00,4.968894630420511049e+00,4.976062491393625109e+00,4.975257456231037878e+00,4.965822450734774129e+00
2.002700090408325195e+00,4.973825557843473355e+00,4.980999882287468594e+00,4.980187488260682471e+00,4.970749386663636749e+00
2.003000020980834961e+00,4.978749360517809031e+00,4.985927353650342120e+00,4.985107480534370694e+00,4.975664613992344165e+00
2.003299951553344727e+00,4.983660941013557277e+00,4.990846877669002701e+00,4.990018300287864861e+00,4.980571488432823379e+00
2.003599882125854492e+00,4.988562075427457110e+00,4.995754657701399815e+00,4.994916888979795466e+00,4.985468616280039456e+00
2.003900051116943359e+00,4.993454206776291038e+00,5.000651931130856376e+00,4.999807465129153528e+00,4.990354904461747232e+00
2.004199981689453125e+00,4.998335970832999742e+00,5.005539857361355871e+00,5.004687129423776248e+00,4.995230833082542787e+00
2.004499912261962891e+00,5.003206262876736865e+00,5.010417186178520055e+00,5.009556223329766134e+00,5.000096068568394614e+00
2.004800081253051758e+00,5.008068125438901674e+00,5.015283331833060743e+00,5.014414745071505308e+00,5.004952857918723019e+00
2.005100011825561523e+00,5.012917803714953990e+00,5.020140206140801808e+00,5.019263583062119949e+00,5.009798038744088799e+00
2.005399942398071289e+00,5.017758124457394331e+00,5.024987735939388855e+00,5.024101043412382950e+00,5.014632061594769041e+00
2.005700111389160156e+00,5.022588797912325376e+00,5.029821921643994109e+00,5.028929122347030933e+00,5.019456710074832628e+00
2.006000041961669922e+00,5.027408334535793166e+00,5.034647731351303612e+00,5.033746172195407986e+00,5.024271561270254871e+00
2.006299972534179688e+00,5.032216757264651008e+00,5.039462194235602155e+00,5.038551847565639008e+00,5.029073496718909020e+00
2.006599903106689453e+00,5.037014285893695487e+00,5.044265806755358739e+00,5.043347096776833460e+00,5.033867222125723906e+00
2.006900072097778320e+00,5.041802134307645566e+00,5.049058969296631005e+00,5.048132121573520870e+00,5.038647899856777634e+00
2.007200002670288086e+00,5.046578697463314001e+00,5.053840906644200714e+00,5.052905870219118967e+00,5.043420419206157135e+00
2.007499933242797852e+00,5.051343466515206160e+00,5.058613426274495950e+00,5.057668455725971235e+00,5.048179768244302146e+00
2.007800102233886719e+00,5.056098801425551237e+00,5.063372330107478447e+00,5.062419987622609696e+00,5.052928580866069552e+00
2.008100032806396484e+00,5.060841642550157893e+00,5.068123055810225708e+00,5.067161552330736285e+00,5.057666844263469130e+00
2.008399963378906250e+00,5.065574495313765802e+00,5.072860853283463811e+00,5.071891009280545148e+00,5.062395392399262839e+00
2.008699893951416016e+00,5.070295928680055297e+00,5.077588116048715960e+00,5.076609876319482240e+00,5.067109921276543361e+00
2.009000062942504883e+00,5.075005330286328942e+00,5.082304050480294322e+00,5.081317144724674328e+00,5.071814950679579326e+00
2.009299993515014648e+00,5.079705123182472803e+00,5.087007222113174798e+00,5.086012645969479884e+00,5.076508927659344472e+00
2.009599924087524414e+00,5.084392050129115326e+00,5.091700832503519791e+00,5.090696611460562515e+00,5.081190374222435580e+00
2.009900093078613281e+00,5.089068068392784916e+00,5.096383726179692708e+00,5.095371094173523296e+00,5.085860953705028109e+00
2.010200023651123047e+00,5.093732146516442683e+00,5.101052738330725589e+00,5.100031423966421507e+00,5.090521706178633643e+00
2.010499954223632812e+00,5.098385185837105205e+00,5.105712356380998962e+00,5.104681642909360662e+00,5.095168695714187734e+00
2.010799884796142578e+00,5.103027691289161893e+00,5.110358771036161762e+00,5.109320167027108006e+00,5.099805127438439278e+00
2.011100053787231445e+00,5.107656971433441662e+00,5.114993603805636724e+00,5.113946508897008414e+00,5.104429088603516185e+00
2.011399984359741211e+00,5.112274805442869052e+00,5.119617549699693626e+00,5.118561889764387196e+00,5.109043037050957636e+00
2.011699914932250977e+00,5.116881654855502504e+00,5.124230085161316950e+00,5.123164603795975935e+00,5.113643490502441047e+00
2.012000083923339844e+00,5.121476081075413411e+00,5.128830089329705189e+00,5.127756785240089599e+00,5.118232497086713018e+00
2.012300014495849609e+00,5.126058841924454157e+00,5.133418496801294140e+00,5.132335879640915977e+00,5.122810915558390299e+00
2.012599945068359375e+00,5.130628597335470609e+00,5.137994257287934019e+00,5.136903516765931599e+00,5.127376345115498779e+00
2.012900114059448242e+00,5.135187370224551628e+00,5.142558811384447814e+00,5.141458807566383626e+00,5.131929390756959641e+00
2.013200044631958008e+00,5.139734289277938295e+00,5.147109884506538613e+00,5.146001185510491460e+00,5.136470691469145144e+00
2.013499975204467773e+00,5.144268832255983526e+00,5.151650584527528665e+00,5.150532471948140234e+00,5.141000385090764624e+00
2.013799905776977539e+00,5.148790455732231486e+00,5.156178129710315972e+00,5.155052086928114896e+00,5.145517819917055924e+00
2.014100074768066406e+00,5.153301039231953595e+00,5.160692291309657342e+00,5.159557346125763999e+00,5.150022022339715733e+00
2.014400005340576172e+00,5.157798196876983710e+00,5.165195406036771075e+00,5.164052697115479873e+00,5.154513658479388027e+00
2.014699935913085938e+00,5.162282868180625428e+00,5.169686349311023221e+00,5.168533892077106451e+00,5.158994567297431999e+00
2.015000104904174805e+00,5.166755508401219998e+00,5.174164217789696707e+00,5.173002125311235488e+00,5.163461549062706268e+00
2.015300035476684570e+00,5.171216297303060649e+00,5.178629374644463823e+00,5.177459235234942447e+00,5.167916305036896141e+00
2.015599966049194336e+00,5.175662980596475116e+00,5.183083911090306195e+00,5.181903240775158181e+00,5.172359067422726220e+00
2.015899896621704102e+00,5.180098527764085858e+00,5.187523095788359129e+00,5.186333594901030075e+00,5.176789136957574478e+00
2.016200065612792969e+00,5.184520396563562450e+00,5.191950928497441886e+00,5.190752659505153410e+00,5.181205407969064147e+00
2.016499996185302734e+00,5.188929695770565509e+00,5.196365310850858954e+00,5.195158992045850965e+00,5.185610515141960697e+00
2.016799926757812500e+00,5.193326366804922323e+00,5.200766705823759217e+00,5.199550653046987492e+00,5.190002655908822149e+00
2.017100095748901367e+00,5.197710609117876857e+00,5.205155958316764142e+00,5.203930653977032250e+00,5.194380761914837663e+00
2.017400026321411133e+00,5.202081174445186917e+00,5.209531862937719637e+00,5.208297468144570175e+00,5.198745921601544140e+00
2.017699956893920898e+00,5.206438150886344651e+00,5.213895817652717923e+00,5.212651739600310030e+00,5.203099322175120278e+00
2.017999887466430664e+00,5.210782784327697925e+00,5.218245135835414494e+00,5.216991862748883158e+00,5.207439293780078415e+00
2.018300056457519531e+00,5.215114733556735160e+00,5.222582382191881756e+00,5.221320089166082923e+00,5.211766487180502949e+00
2.018599987030029297e+00,5.219432635760380634e+00,5.226906203017661845e+00,5.225633981797750849e+00,5.216079723587915495e+00
2.018899917602539062e+00,5.223738835193982410e+00,5.231215291231517739e+00,5.229934748882425488e+00,5.220379314668487147e+00
2.019200086593627930e+00,5.228031306106291076e+00,5.235512802211137462e+00,5.234224562374675038e+00,5.224666338759766937e+00
2.019500017166137695e+00,5.232309140668301772e+00,5.239796835480328596e+00,5.238497832402083887e+00,5.228941226369219208e+00
2.019799947738647461e+00,5.236574510524867776e+00,5.244067170912928511e+00,5.242758253653819978e+00,5.233199960674360440e+00
2.020100116729736328e+00,5.240825205822241983e+00,5.248322625480757786e+00,5.247005903076847666e+00,5.237446600972081256e+00
2.020400047302246094e+00,5.245063364218738755e+00,5.252566663547366232e+00,5.251239714389328128e+00,5.241681005231541235e+00
2.020699977874755859e+00,5.249287862379409475e+00,5.256795690985920366e+00,5.255458817969726582e+00,5.245899785089516598e+00
2.020999908447265625e+00,5.253498045809779526e+00,5.261011135426646668e+00,5.259664057630063283e+00,5.250107073454188367e+00
2.021300077438354492e+00,5.257697346232176550e+00,5.265214300165439454e+00,5.263859125718197696e+00,5.254298629344743787e+00
2.021600008010864258e+00,5.261880760325316153e+00,5.269402586176967773e+00,5.268038252748722172e+00,5.258477613354454405e+00
2.021899938583374023e+00,5.266048980411376590e+00,5.273576516575515072e+00,5.272203384111186608e+00,5.262641520675096274e+00
2.022200107574462891e+00,5.270204327225428642e+00,5.277737464401361045e+00,5.276353323225158043e+00,5.266793093512214696e+00
2.022500038146972656e+00,5.274345770612367090e+00,5.281881264219685512e+00,5.280495942511094221e+00,5.270929765528203248e+00
2.022799968719482422e+00,5.278475783525184539e+00,5.286014094770385974e+00,5.284615933684211342e+00,5.275053606762714509e+00
2.023099899291992188e+00,5.282589196739876591e+00,5.290136010198223104e+00,5.288719848204510576e+00,5.279162861295592535e+00
2.023400068283081055e+00,5.286689674359509539e+00,5.294237492607498652e+00,5.292818946488420551e+00,5.283254735325230378e+00
2.023699998855590820e+00,5.290773987542448431e+00,5.298330829337293046e+00,5.296899397860874714e+00,5.287337966987851523e+00
2.023999929428100586e+00,5.294844779644085619e+00,5.302406419283025585e+00,5.300965484964685004e+00,5.291404382961362174e+00
2.024300098419189453e+00,5.298901834426983370e+00,5.306468141464004695e+00,5.305017774225020410e+00,5.295456280419363893e+00
2.024600028991699219e+00,5.302943977546287435e+00,5.310515416434141933e+00,5.309055785158234286e+00,5.299494295884241701e+00
2.024899959564208984e+00,5.306972846544772082e+00,5.314547669521662243e+00,5.313078557412140412e+00,5.303517887934860120e+00
2.025199890136718750e+00,5.310986564798839460e+00,5.318566945841393334e+00,5.317086791372439336e+00,5.307527156364931997e+00
2.025500059127807617e+00,5.314985862512642711e+00,5.322570927877093183e+00,5.321081372554027134e+00,5.311522303546297508e+00
2.025799989700317383e+00,5.318971247850367234e+00,5.326560145042977368e+00,5.325061616097439554e+00,5.315501539872130365e+00
2.026099920272827148e+00,5.322941664011119123e+00,5.330534315417843949e+00,5.329027233724472623e+00,5.319467761303543263e+00
2.026400089263916016e+00,5.326896300393872075e+00,5.334495343379275667e+00,5.332976804699116613e+00,5.323419006318644620e+00
2.026700019836425781e+00,5.330836424135886986e+00,5.338440076930263345e+00,5.336912936437563815e+00,5.327355387040394241e+00
2.026999950408935547e+00,5.334763585652594564e+00,5.342370808604527177e+00,5.340833906584315116e+00,5.331277140872666465e+00
2.027299880981445312e+00,5.338674922616965191e+00,5.346286644573797986e+00,5.344740087983273824e+00,5.335183707295604094e+00
2.027600049972534180e+00,5.342570648112995535e+00,5.350187186943800022e+00,5.348630641376312056e+00,5.339075653667164190e+00
2.027899980545043945e+00,5.346452312647397065e+00,5.354073985056296614e+00,5.352507752148683906e+00,5.342952816756288748e+00
2.028199911117553711e+00,5.350318589346246156e+00,5.357945263831039640e+00,5.356367799714717215e+00,5.346814928553293100e+00
2.028500080108642578e+00,5.354170560250076427e+00,5.361800430099759929e+00,5.360214907621068114e+00,5.350661726679195596e+00
2.028800010681152344e+00,5.358007441275947969e+00,5.365641342652002876e+00,5.364045301818451961e+00,5.354493643854613794e+00
2.029099941253662109e+00,5.361828365329883717e+00,5.369467824370174114e+00,5.367862051331955264e+00,5.358311022462883599e+00
2.029400110244750977e+00,5.365634212619616150e+00,5.373278238201729451e+00,5.371662384292354098e+00,5.362112654492659836e+00
2.029700040817260742e+00,5.369425388108322927e+00,5.377072329559026365e+00,5.375447240767348589e+00,5.365899359451150374e+00
2.029999971389770508e+00,5.373201237751543680e+00,5.380852652895498522e+00,5.379217719966289835e+00,5.369670852263705996e+00
2.030299901962280273e+00,5.376961900980617770e+00,5.384617668199628504e+00,5.382972785600969701e+00,5.373426819525795040e+00
2.030600070953369141e+00,5.380706694386669930e+00,5.388368006458926551e+00,5.386711994479808752e+00,5.377168197743930733e+00
2.030900001525878906e+00,5.384437121822282180e+00,5.392100938975266544e+00,5.390435652618263518e+00,5.380892432732843567e+00
2.031199932098388672e+00,5.388150876364166564e+00,5.395819027550540881e+00,5.394143953813181902e+00,5.384602491792495726e+00
2.031500101089477539e+00,5.391849470356241625e+00,5.399522541895609429e+00,5.397836896684827579e+00,5.388296211914540557e+00
2.031800031661987305e+00,5.395531931049122321e+00,5.403209340143951600e+00,5.401514289876435448e+00,5.391976153174113051e+00
2.032099962234497070e+00,5.399198984582504579e+00,5.406881078168455090e+00,5.405176245101125154e+00,5.395638750020798291e+00
2.032399892807006836e+00,5.402851299339495483e+00,5.410537105686548109e+00,5.408822609104609214e+00,5.399286620825699323e+00
2.032700061798095703e+00,5.406487686279701776e+00,5.414176948349576080e+00,5.412453016832532882e+00,5.402918482865709748e+00
2.032999992370605469e+00,5.410107660923804573e+00,5.417801108628635731e+00,5.416066320296490488e+00,5.406534500675972410e+00
2.033299922943115234e+00,5.413711635404281353e+00,5.421410377368028222e+00,5.419665445940621495e+00,5.410135492758479714e+00
2.033600091934204102e+00,5.417301116616970447e+00,5.425001934947278670e+00,5.423247805257704890e+00,5.413719492487516050e+00
2.033900022506713867e+00,5.420874436217262726e+00,5.428579924157329373e+00,5.426814279065047764e+00,5.417287357369336753e+00
2.034199953079223633e+00,5.424430334558657307e+00,5.432140229565395551e+00,5.430365853812403110e+00,5.420841385292244574e+00
2.034499883651733398e+00,5.427971619276243942e+00,5.435685730775293933e+00,5.433900477651175009e+00,5.424377371055589592e+00
2.034800052642822266e+00,5.431496774634553049e+00,5.439213349914991724e+00,5.437418442636885452e+00,5.427899144011933963e+00
2.035099983215332031e+00,5.435005129732324747e+00,5.442725868383577748e+00,5.440920827158083561e+00,5.431402645667900764e+00
2.035399913787841797e+00,5.438497266691799226e+00,5.446222959919952977e+00,5.444407699028306347e+00,5.434890674422585555e+00
2.035700082778930664e+00,5.441974985592312741e+00,5.449702629480497329e+00,5.447877768210890537e+00,5.438364922747740415e+00
2.036000013351440430e+00,5.445433980882969927e+00,5.453166958512893459e+00,5.451332124648019750e+00,5.441820229199904269e+00
2.036299943923950195e+00,5.448878139006624544e+00,5.456614407952912416e+00,5.454769278358561735e+00,5.445260383124730375e+00
2.036600112915039062e+00,5.452306828861357424e+00,5.460046052461717814e+00,5.458191862461282184e+00,5.448684122453654410e+00
2.036900043487548828e+00,5.455718100583577979e+00,5.463462000023592502e+00,5.461595183273217025e+00,5.452091748616467726e+00
2.037199974060058594e+00,5.459112705534369780e+00,5.466859925193890746e+00,5.464984360556557341e+00,5.455482357887072808e+00
2.037499904632568359e+00,5.462491292733479220e+00,5.470241668361826015e+00,5.468356096202546368e+00,5.458857493251664472e+00
2.037800073623657227e+00,5.465853706154090830e+00,5.473607765098044808e+00,5.471710766334862974e+00,5.462215619969149394e+00
2.038100004196166992e+00,5.469198992442620977e+00,5.476956400536327152e+00,5.475050235221702088e+00,5.465557217897045739e+00
2.038399934768676758e+00,5.472527054829256166e+00,5.480288933434551701e+00,5.478372135532256770e+00,5.468882362066143088e+00
2.038700103759765625e+00,5.475840610798745622e+00,5.483604969367524617e+00,5.481678376540330966e+00,5.472190796861948314e+00
2.039000034332275391e+00,5.479135695635198644e+00,5.486905141158350041e+00,5.484967554158105330e+00,5.475482953521551011e+00
2.039299964904785156e+00,5.482414604463317076e+00,5.490186797836282828e+00,5.488239447278787431e+00,5.478758316117028571e+00
2.039599895477294922e+00,5.485678288313524220e+00,5.493452745570712281e+00,5.491495977478715318e+00,5.482016578516228478e+00
2.039900064468383789e+00,5.488923213667770362e+00,5.496701667744126496e+00,5.494734745993461900e+00,5.485258606330142506e+00
2.040199995040893555e+00,5.492152375609141046e+00,5.499933961270642158e+00,5.497956721194928065e+00,5.488484037959960204e+00
2.040499925613403320e+00,5.495364917356394763e+00,5.503149725020780814e+00,5.501162249909611113e+00,5.491691993291314411e+00
2.040800094604492188e+00,5.498559138593640760e+00,5.506347606484885304e+00,5.504349452866086345e+00,5.494883520455189796e+00
2.041100025177001953e+00,5.501737805313188012e+00,5.509529631319179721e+00,5.507520993332444270e+00,5.498058251422779819e+00
2.041399955749511719e+00,5.504899299521284206e+00,5.512693748397641258e+00,5.510674564904121553e+00,5.501215797792187168e+00
2.041699886322021484e+00,5.508043940993817777e+00,5.515840974724729229e+00,5.513812651086452021e+00,5.504356319014554799e+00
2.042000055313110352e+00,5.511170741454431088e+00,5.518971696367306556e+00,5.516933839924963223e+00,5.507479948869566933e+00
2.042299985885620117e+00,5.514280148637595858e+00,5.522084820890150958e+00,5.520035127020472387e+00,5.510586584243425179e+00
2.042599916458129883e+00,5.517373645056803610e+00,5.525181282983878006e+00,5.523121882031024832e+00,5.513676189377170189e+00
2.042900085449218750e+00,5.520450747564980887e+00,5.528260615051070914e+00,5.526191090756303659e+00,5.516747841765694105e+00
2.043200016021728516e+00,5.523508673900310306e+00,5.531322443780317677e+00,5.529241964572101153e+00,5.519804197476862129e+00
2.043499946594238281e+00,5.526550638263181270e+00,5.534366968074162507e+00,5.532276644813451938e+00,5.522840934202303487e+00
2.043800115585327148e+00,5.529575117025895992e+00,5.537394381717605008e+00,5.535294288874476720e+00,5.525863376767906843e+00
2.044100046157836914e+00,5.532582341852650742e+00,5.540404541206472189e+00,5.538293308684101746e+00,5.528865947297828320e+00
2.044399976730346680e+00,5.535572158200232629e+00,5.543397083990262431e+00,5.541276106558550296e+00,5.531852361464193457e+00
2.044699907302856445e+00,5.538544093120489897e+00,5.546371693872598208e+00,5.544241490673492478e+00,5.534821961092696085e+00
2.045000076293945312e+00,5.541499248462802285e+00,5.549331178988654578e+00,5.547188285477577807e+00,5.537772604513983232e+00
2.045300006866455078e+00,5.544437572312772566e+00,5.552270950201785737e+00,5.550118691602880183e+00,5.540707624321187019e+00
2.045599937438964844e+00,5.547358447043585272e+00,5.555194294074391692e+00,5.553030881230808902e+00,5.543624759097470545e+00
2.045900106430053711e+00,5.550260395823477744e+00,5.558099977593010443e+00,5.555927783776533069e+00,5.546523782097031230e+00
2.046200037002563477e+00,5.553145678845687883e+00,5.560987765111153003e+00,5.558805543839394403e+00,5.549404697636757255e+00
2.046499967575073242e+00,5.556013197177921192e+00,5.563857960034924943e+00,5.561665433640746059e+00,5.552270350415261291e+00
2.046799898147583008e+00,5.558863869139976543e+00,5.566710848801515787e+00,5.564507707531363145e+00,5.555116510002405583e+00
2.047100067138671875e+00,5.561696196624411392e+00,5.569546678839545351e+00,5.567332029323273090e+00,5.557947403879179404e+00
2.047399997711181641e+00,5.564511541953955032e+00,5.572364166608475777e+00,5.570138895906421084e+00,5.560757577430498699e+00
2.047699928283691406e+00,5.567309215787060950e+00,5.575162971969876757e+00,5.572929103648957216e+00,5.563552915385628239e+00
2.048000097274780273e+00,5.570088304748247232e+00,5.577945194171220145e+00,5.575701208317186186e+00,5.566328304839379015e+00
2.048300027847290039e+00,5.572849939183504908e+00,5.580710031962703432e+00,5.578455744617238921e+00,5.569087082367405017e+00
2.048599958419799805e+00,5.575594239869721136e+00,5.583456661292368395e+00,5.581191406697584512e+00,5.571827359503696009e+00
2.048899888992309570e+00,5.578320730161100194e+00,5.586184911576466128e+00,5.583909838808256865e+00,5.574551255330709942e+00
2.049200057983398438e+00,5.581028906782243837e+00,5.588896747949878119e+00,5.586610423331077158e+00,5.577255965807534466e+00
2.049499988555908203e+00,5.583720222227812613e+00,5.591589157942189914e+00,5.589294173519201436e+00,5.579943559601835190e+00
2.049799919128417969e+00,5.586393186536059652e+00,5.594264804324469154e+00,5.591958708489526586e+00,5.582614120451055761e+00
2.050100088119506836e+00,5.589048057855726448e+00,5.596922424723293155e+00,5.594604827135693625e+00,5.585265588888351118e+00
2.050400018692016602e+00,5.591685512720168560e+00,5.599561404361292460e+00,5.597234246777818889e+00,5.587899862546738206e+00
2.050699949264526367e+00,5.594304015391768914e+00,5.602182592297840991e+00,5.599845386316335549e+00,5.590515721795831006e+00
2.051000118255615234e+00,5.596905882496876927e+00,5.604786200295968079e+00,5.602438631272991465e+00,5.593113904435130124e+00
2.051300048828125000e+00,5.599488841479926649e+00,5.607372873185538786e+00,5.605013721943733707e+00,5.595694608455223040e+00
2.051599979400634766e+00,5.602053633863111060e+00,5.609938042881975839e+00,5.607570312384114075e+00,5.598255888337448027e+00
2.051899909973144531e+00,5.604602163556412719e+00,5.612487894189097659e+00,5.610109476885854818e+00,5.600800677910049430e+00
2.052200078964233398e+00,5.607130996901918074e+00,5.615018934811054407e+00,5.612630671383863401e+00,5.603326471926919794e+00
2.052500009536743164e+00,5.609641711562232125e+00,5.617532555183735177e+00,5.615133980121069790e+00,5.605834715707040061e+00
2.052799940109252930e+00,5.612134852371161386e+00,5.620027328543555356e+00,5.617617699430098810e+00,5.608325349219650313e+00
2.053100109100341797e+00,5.614608943084728132e+00,5.622504336961680060e+00,5.620084093772041101e+00,5.610797149930665029e+00
2.053400039672851562e+00,5.617065849408366951e+00,5.624962702648418578e+00,5.622532053763208637e+00,5.613250859536371706e+00
2.053699970245361328e+00,5.619504820853427063e+00,5.627403264203643118e+00,5.624962956886554011e+00,5.615686440227171339e+00
2.053999900817871094e+00,5.621924996808429498e+00,5.629825452324292101e+00,5.627374518092874922e+00,5.618103796468689737e+00
2.054300069808959961e+00,5.624326838198456358e+00,5.632229530216775970e+00,5.629768062576835597e+00,5.620502952423760412e+00
2.054600000381469727e+00,5.626710807341519072e+00,5.634614770786482651e+00,5.632143028198028922e+00,5.622883436225220244e+00
2.054899930953979492e+00,5.629076702989300962e+00,5.636981935477576755e+00,5.634500925457554210e+00,5.625246540211636948e+00
2.055200099945068359e+00,5.631423477317357928e+00,5.639331783005719245e+00,5.636839125034709852e+00,5.627591134462218925e+00
2.055500030517578125e+00,5.633753162349276700e+00,5.641662037441502520e+00,5.639159061030410314e+00,5.629917100913543138e+00
2.055799961090087891e+00,5.636063361378214509e+00,5.643974794175453447e+00,5.641461433445660312e+00,5.632225243655310187e+00
2.056099891662597656e+00,5.638356200261346984e+00,5.646267790891547733e+00,5.643745153379219559e+00,5.634515336449026357e+00
2.056400060653686523e+00,5.640630144371758803e+00,5.648543658307559667e+00,5.646011106307543770e+00,5.636786906391703766e+00
2.056699991226196289e+00,5.642885880424069356e+00,5.650800592579516390e+00,5.648257871064181757e+00,5.639039607081945071e+00
2.056999921798706055e+00,5.645123355666006759e+00,5.653038997689402656e+00,5.650486236710698051e+00,5.641273624379584462e+00
2.057300090789794922e+00,5.647341924284280168e+00,5.655260212854178903e+00,5.652696672205896888e+00,5.643490644121436084e+00
2.057600021362304688e+00,5.649542036595359917e+00,5.657461502504967044e+00,5.654887292397345888e+00,5.645688593424623036e+00
2.057899951934814453e+00,5.651724549874601600e+00,5.659644719197522988e+00,5.657061478660672549e+00,5.647867924494748948e+00
2.058199882507324219e+00,5.653887470923488756e+00,5.661809699552218689e+00,5.659216178944619813e+00,5.650029374980498176e+00
2.058500051498413086e+00,5.656032926610292222e+00,5.663956533345637645e+00,5.661352624143648704e+00,5.652170972366887369e+00
2.058799982070922852e+00,5.658159838419162924e+00,5.666084546121522791e+00,5.663469776607486850e+00,5.654295548961752793e+00
2.059099912643432617e+00,5.660266987984774900e+00,5.668193483585283410e+00,5.665568629959625291e+00,5.656400505630020170e+00
2.059400081634521484e+00,5.662357340381084292e+00,5.670284399104362549e+00,5.667649104354910428e+00,5.658487907236726677e+00
2.059700012207031250e+00,5.664429004747470131e+00,5.672356651546774486e+00,5.669712183842657183e+00,5.660556726547437023e+00
2.059999942779541016e+00,5.666480685908127590e+00,5.674410667087038895e+00,5.671755700362100860e+00,5.662607580596618284e+00
2.060300111770629883e+00,5.668514275671690861e+00,5.676444892149826948e+00,5.673780284711826383e+00,5.664639047251347037e+00
2.060600042343139648e+00,5.670530841120501542e+00,5.678462011980373703e+00,5.675787072588222237e+00,5.666651277039928658e+00
2.060899972915649414e+00,5.672528356185052800e+00,5.680460425827137172e+00,5.677773819313399528e+00,5.668645476294057239e+00
2.061199903488159180e+00,5.674505927840851172e+00,5.682439124369105699e+00,5.679743949023396077e+00,5.670622222687614844e+00
2.061500072479248047e+00,5.676464974511500117e+00,5.684399751918532750e+00,5.681693517139930982e+00,5.672579815784894564e+00
2.061800003051757812e+00,5.678406764008716578e+00,5.686342753560839292e+00,5.683625520458090996e+00,5.674518842023871912e+00
2.062099933624267578e+00,5.680329480234046713e+00,5.688265831571902353e+00,5.685539451985668791e+00,5.676438965111256785e+00
2.062400102615356445e+00,5.682233381714492104e+00,5.690169534766042148e+00,5.687433860345024073e+00,5.678339428018519541e+00
2.062700033187866211e+00,5.684118882188474942e+00,5.692056041028155100e+00,5.689309090573395622e+00,5.680222756179697186e+00
2.062999963760375977e+00,5.685984964416954668e+00,5.693924335697473360e+00,5.691167347907260421e+00,5.682088002489519951e+00
2.063299894332885742e+00,5.687833065633429719e+00,5.695771980399577217e+00,5.693005172034590444e+00,5.683933915922070312e+00
2.063600063323974609e+00,5.689662510596512845e+00,5.697601181396787950e+00,5.694826280858594991e+00,5.685760431791880620e+00
2.063899993896484375e+00,5.691472489736973728e+00,5.699413128901329451e+00,5.696626669528940923e+00,5.687568806703325208e+00
2.064199924468994141e+00,5.693264368109934637e+00,5.701206443042882377e+00,5.698409407352873046e+00,5.689359023932149206e+00
2.064500093460083008e+00,5.695038194590694935e+00,5.702978949234558392e+00,5.700173142170333662e+00,5.691130051551925639e+00
2.064800024032592773e+00,5.696792485032171172e+00,5.704734538604924410e+00,5.701918230999921455e+00,5.692882738040663249e+00
2.065099954605102539e+00,5.698528185685580283e+00,5.706471970201672406e+00,5.703645295571339702e+00,5.694616742439949419e+00
2.065399885177612305e+00,5.700245879344876698e+00,5.708188807083299565e+00,5.705352308658571125e+00,5.696331319606509069e+00
2.065700054168701172e+00,5.701944204184292708e+00,5.709887858881139699e+00,5.707040964001873107e+00,5.698028201121273284e+00
2.065999984741210938e+00,5.703623621341597172e+00,5.711568398693782633e+00,5.708711928747616682e+00,5.699706112428729377e+00
2.066299915313720703e+00,5.705285336426692666e+00,5.713230512979517783e+00,5.710364633818447722e+00,5.701364920805751524e+00
2.066600084304809570e+00,5.706928005099447532e+00,5.714873217732019839e+00,5.711997000717461859e+00,5.703004974072709565e+00
2.066900014877319336e+00,5.708551454412170045e+00,5.716496135947632062e+00,5.713610416802636927e+00,5.704626889363122899e+00
2.067199945449829102e+00,5.710156262089908452e+00,5.718102446654147464e+00,5.715205336503032640e+00,5.706230713265266985e+00
2.067500114440917969e+00,5.711742122156171497e+00,5.719688387932957419e+00,5.716781889103358161e+00,5.707814203847238588e+00
2.067800045013427734e+00,5.713310036866683816e+00,5.721256693390872172e+00,5.718340910920096221e+00,5.709381357513596100e+00
2.068099975585937500e+00,5.714859861109124139e+00,5.722804879863500283e+00,5.719879562746069013e+00,5.710927650327364269e+00
2.068399906158447266e+00,5.716390143426702153e+00,5.724334950993145377e+00,5.721399606738700960e+00,5.712456153254920288e+00
2.068700075149536133e+00,5.717900780074172573e+00,5.725846553856344556e+00,5.722901397961591918e+00,5.713965981334351518e+00
2.069000005722045898e+00,5.719393325802712091e+00,5.727339225169359338e+00,5.724384428574848194e+00,5.715456793927812029e+00
2.069299936294555664e+00,5.720867217939678895e+00,5.728813525083663372e+00,5.725848515562255159e+00,5.716927637086454794e+00
2.069600105285644531e+00,5.722322361050831141e+00,5.730268565166484862e+00,5.727294587640344048e+00,5.718381535266185089e+00
2.069900035858154297e+00,5.723759240772904100e+00,5.731705265876861688e+00,5.728720762595323812e+00,5.719817736901041449e+00
2.070199966430664062e+00,5.725176756283946844e+00,5.733123640950132049e+00,5.730128030867835065e+00,5.721232825436167957e+00
2.070499897003173828e+00,5.726576617962941818e+00,5.734522012495220977e+00,5.731518082284489779e+00,5.722630551211338457e+00
2.070800065994262695e+00,5.727957070755911317e+00,5.735901836086889638e+00,5.732887974986394575e+00,5.724010220657755887e+00
2.071099996566772461e+00,5.729318474498688474e+00,5.737263332625804679e+00,5.734239679340778828e+00,5.725370159596519848e+00
2.071399927139282227e+00,5.730661769591046451e+00,5.738606395576767660e+00,5.735573238325324397e+00,5.726710772730073451e+00
2.071700096130371094e+00,5.731985515841825141e+00,5.739931008927730005e+00,5.736887565409302780e+00,5.728033793211439573e+00
2.072000026702880859e+00,5.733291227833571035e+00,5.741235487600335752e+00,5.738183052903620407e+00,5.729337785525666860e+00
2.072299957275390625e+00,5.734578322687773344e+00,5.742521771299471389e+00,5.739460311435095718e+00,5.730622979483895207e+00
2.072599887847900391e+00,5.735846303491346276e+00,5.743789861448989065e+00,5.740718630942144074e+00,5.731889440470842700e+00
2.072900056838989258e+00,5.737095958469748957e+00,5.745039233346403762e+00,5.741956763062058045e+00,5.733137248292978327e+00
2.073199987411499023e+00,5.738326749080843392e+00,5.746269060534444861e+00,5.743178018156957165e+00,5.734366641619674354e+00
2.073499917984008789e+00,5.739538648812371413e+00,5.747480521393349306e+00,5.744380888099177795e+00,5.735577608180988385e+00
2.073800086975097656e+00,5.740732581160356673e+00,5.748674328535914313e+00,5.745563967567832719e+00,5.736769670817251310e+00
2.074100017547607422e+00,5.741907105013199342e+00,5.749848355072232131e+00,5.746728433692580573e+00,5.737943223838404272e+00
2.074399948120117188e+00,5.743063375048400587e+00,5.751003935777664111e+00,5.747874888435125840e+00,5.739097613265573550e+00
2.074700117111206055e+00,5.744201050786934104e+00,5.752140070587880238e+00,5.749001736291945441e+00,5.740233418478142724e+00
2.075000047683715820e+00,5.745320148257341053e+00,5.753258591852121739e+00,5.750110714479998109e+00,5.741351595515410189e+00
2.075299978256225586e+00,5.746419679905327982e+00,5.754358476830303104e+00,5.751201278747096524e+00,5.742450504839417214e+00
2.075599908828735352e+00,5.747501038567770948e+00,5.755440445752402212e+00,5.752272177053253444e+00,5.743531139186959678e+00
2.075900077819824219e+00,5.748565548854162266e+00,5.756500894051031381e+00,5.753325005345110377e+00,5.744592462361763907e+00
2.076200008392333984e+00,5.749610221043564451e+00,5.757544895537630936e+00,5.754359371890308772e+00,5.745636111585015193e+00
2.076499938964843750e+00,5.750634726667426477e+00,5.758570356828901282e+00,5.755375559515805151e+00,5.746660631182645140e+00
2.076800107955932617e+00,5.751642741430917027e+00,5.759576967345804377e+00,5.756372510682453481e+00,5.747667179935683990e+00
2.077100038528442383e+00,5.752632229612214765e+00,5.760563943370683226e+00,5.757350343410696070e+00,5.748653427477910860e+00
2.077399969100952148e+00,5.753601971280046357e+00,5.761534261243037136e+00,5.758310690328622528e+00,5.749623110292384709e+00
2.077699899673461914e+00,5.754553814385349853e+00,5.762484102327174895e+00,5.759251901668421603e+00,5.750574344056065712e+00
2.078000068664550781e+00,5.755486818378223290e+00,5.763416524891900927e+00,5.760174087922178998e+00,5.751507234912759614e+00
2.078299999237060547e+00,5.756401784721538739e+00,5.764330841677453243e+00,5.761079487850221170e+00,5.752419286003027210e+00
2.078599929809570312e+00,5.757298180903434037e+00,5.765225863568593567e+00,5.761965758203134946e+00,5.753314815383848924e+00
2.078900098800659180e+00,5.758175606554559067e+00,5.766101117333094273e+00,5.762831812214136207e+00,5.754192338938228346e+00
2.079200029373168945e+00,5.759034004251507355e+00,5.766959474235574312e+00,5.763681564955276393e+00,5.755049445756349691e+00
2.079499959945678711e+00,5.759875342408859566e+00,5.767799286908674716e+00,5.764510851505086464e+00,5.755889412030972707e+00
2.079799890518188477e+00,5.760697479355913586e+00,5.768620370711325052e+00,5.765324015024798854e+00,5.756710804989033647e+00
2.080100059509277344e+00,5.761501139492068546e+00,5.769423580948721764e+00,5.766116890810060625e+00,5.757514409611460771e+00
2.080399990081787109e+00,5.762287379926211095e+00,5.770207241279797117e+00,5.766892076325689231e+00,5.758299270991612318e+00
2.080699920654296875e+00,5.763055132668274183e+00,5.770974074714933622e+00,5.767648563035143283e+00,5.759064779664690548e+00
2.081000089645385742e+00,5.763803057242605554e+00,5.771721256560839564e+00,5.768386370903085592e+00,5.759813034003245846e+00
2.081300020217895508e+00,5.764533582721599103e+00,5.772449184180016957e+00,5.769106132874143533e+00,5.760542083082194509e+00
2.081599950790405273e+00,5.765244835033485060e+00,5.773160752440365862e+00,5.769807623009608477e+00,5.761252337671147750e+00
2.081899881362915039e+00,5.765938190855079526e+00,5.773852698598151534e+00,5.770491051474691879e+00,5.761946531741081401e+00
2.082200050354003906e+00,5.766615065572832322e+00,5.774524970155805903e+00,5.771156567247567537e+00,5.762620646968782623e+00
2.082499980926513672e+00,5.767272685000284227e+00,5.775180729040453542e+00,5.771803330434278401e+00,5.763277058509660655e+00
2.082799911499023438e+00,5.767910547474186522e+00,5.775818819725961895e+00,5.772430562023083134e+00,5.763915813406593536e+00
2.083100080490112305e+00,5.768530921451033855e+00,5.776438526857753608e+00,5.773041149959288632e+00,5.764535026960206920e+00
2.083400011062622070e+00,5.769133993950067207e+00,5.777039310228410329e+00,5.773632671706200092e+00,5.765137576729101099e+00
2.083699941635131836e+00,5.769718305385787893e+00,5.777620710656963254e+00,5.774206953041518986e+00,5.765720716267513701e+00
2.084000110626220703e+00,5.770283741317578041e+00,5.778185583301786998e+00,5.774762651682810777e+00,5.766285361739007520e+00
2.084300041198730469e+00,5.770830878666869168e+00,5.778731519390535531e+00,5.775300245352758211e+00,5.766833410176404051e+00
2.084599971771240234e+00,5.771362206485805224e+00,5.779258972032570441e+00,5.775819478655969341e+00,5.767361876990183767e+00
2.084899902343750000e+00,5.771872607259819432e+00,5.779769132295934142e+00,5.776319484575441976e+00,5.767872512386340134e+00
2.085200071334838867e+00,5.772366133224446472e+00,5.780260991305659068e+00,5.776802235356923276e+00,5.768366219582270915e+00
2.085500001907348633e+00,5.772842281995512970e+00,5.780734497498817070e+00,5.777267522150532741e+00,5.768841038772593244e+00
2.085799932479858398e+00,5.773298734855720760e+00,5.781189242405041284e+00,5.777714133491974380e+00,5.769297315300041973e+00
2.086100101470947266e+00,5.773738562767244176e+00,5.781625773543569657e+00,5.778142467653916370e+00,5.769736205051357203e+00
2.086400032043457031e+00,5.774159669472927803e+00,5.782045956548583554e+00,5.778553032052213823e+00,5.770157108922580491e+00
2.086699962615966797e+00,5.774563861684331556e+00,5.782447328174075807e+00,5.778945376447004456e+00,5.770559149875343685e+00
2.086999893188476562e+00,5.774949177987517501e+00,5.782829883439434937e+00,5.779320245318670501e+00,5.770944838067374683e+00
2.087300062179565430e+00,5.775317322399258657e+00,5.783195665638539040e+00,5.779677447604391283e+00,5.771311108393333278e+00
2.087599992752075195e+00,5.775665771052836739e+00,5.783543311758680083e+00,5.780015558785542851e+00,5.771661338719895618e+00
2.087899923324584961e+00,5.775997859622742148e+00,5.783871958327731377e+00,5.780337035404626178e+00,5.771991370639960373e+00
2.088200092315673828e+00,5.776311294908987648e+00,5.784184165468870376e+00,5.780640301599194508e+00,5.772305193118388189e+00
2.088500022888183594e+00,5.776606983614046342e+00,5.784477209677264753e+00,5.780925247994259664e+00,5.772601189822058387e+00
2.088799953460693359e+00,5.776885059129874378e+00,5.784753256216001560e+00,5.781192444145071718e+00,5.772878307068215697e+00
2.089099884033203125e+00,5.777145548811200015e+00,5.785011295464871139e+00,5.781441402362249349e+00,5.773138931057475887e+00
2.089400053024291992e+00,5.777388546117641965e+00,5.785251635780548796e+00,5.781673777286827409e+00,5.773381669125802418e+00
2.089699983596801758e+00,5.777612876772179717e+00,5.785473740019696720e+00,5.781887229203881873e+00,5.773605924820191859e+00
2.089999914169311523e+00,5.777820633433931263e+00,5.785678512135874030e+00,5.782084333357225603e+00,5.773811579646630499e+00
2.090300083160400391e+00,5.778010001202590118e+00,5.785866591440921525e+00,5.782262657752253787e+00,5.774001775209487874e+00
2.090600013732910156e+00,5.778181734301027106e+00,5.786034070835441412e+00,5.782424424174978483e+00,5.774173634954969714e+00
2.090899944305419922e+00,5.778336180745085926e+00,5.786186597248340391e+00,5.782567405617480283e+00,5.774327517800451837e+00
2.091200113296508789e+00,5.778472776817546119e+00,5.786320638122272264e+00,5.782694034318053511e+00,5.774463967489737115e+00
2.091500043869018555e+00,5.778591598225082393e+00,5.786437170595670310e+00,5.782801713002828414e+00,5.774582468551381353e+00
2.091799974441528320e+00,5.778693285468713192e+00,5.786536647316165904e+00,5.782892267802878905e+00,5.774684509105998842e+00
2.092099905014038086e+00,5.778778505902902651e+00,5.786616883502718522e+00,5.782965738514822540e+00,5.774767814312371073e+00
2.092400074005126953e+00,5.778843636534434225e+00,5.786682105677876109e+00,5.783020911855941470e+00,5.774834867718857012e+00
2.092700004577636719e+00,5.778893662240020213e+00,5.786728631626632868e+00,5.783059748000527023e+00,5.774883754340542907e+00
2.092999935150146484e+00,5.778925883229337757e+00,5.786757110511606683e+00,5.783081879412202753e+00,5.774914772930025642e+00
2.093300104141235352e+00,5.778939538261322006e+00,5.786769618199482323e+00,5.783085188726502679e+00,5.774929699642502356e+00
2.093600034713745117e+00,5.778936711734308673e+00,5.786762726378892552e+00,5.783071270529846153e+00,5.774927682434243259e+00
2.093899965286254883e+00,5.778916435042594557e+00,5.786740235435158475e+00,5.783040494631569217e+00,5.774906602457957838e+00
2.094199895858764648e+00,5.778878510694861248e+00,5.786698935990722603e+00,5.782992274058380566e+00,5.774869004127757499e+00
2.094500064849853516e+00,5.778825220519006933e+00,5.786641430116739038e+00,5.782926317216303680e+00,5.774813981762763504e+00
2.094799995422363281e+00,5.778752969908146575e+00,5.786566344566067777e+00,5.782842111998974133e+00,5.774743734421988961e+00
2.095099925994873047e+00,5.778663752394706421e+00,5.786475441180757073e+00,5.782743059317022372e+00,5.774654481813300322e+00
2.095400094985961914e+00,5.778557486437896351e+00,5.786365838913462234e+00,5.782625647963442361e+00,5.774547254397046636e+00
2.095700025558471680e+00,5.778433870498909997e+00,5.786239275653412228e+00,5.782492226632759191e+00,5.774424208149887328e+00
2.095999956130981445e+00,5.778292307369508940e+00,5.786095824299531287e+00,5.782339840863317093e+00,5.774283564114103484e+00
2.096299886703491211e+00,5.778135786563572296e+00,5.785934218445287769e+00,5.782172011117188148e+00,5.774126039667813792e+00
2.096600055694580078e+00,5.777961472106873941e+00,5.785756549975292984e+00,5.781986775687716573e+00,5.773951325617443509e+00
2.096899986267089844e+00,5.777768998973364489e+00,5.785562003236607964e+00,5.781782536045594334e+00,5.773761535571666492e+00
2.097199916839599609e+00,5.777561136706196976e+00,5.785350065240758788e+00,5.781565534463474876e+00,5.773552180691636337e+00
2.097500085830688477e+00,5.777334449943177574e+00,5.785122065829408022e+00,5.781328503752219738e+00,5.773327915519553599e+00
2.097800016403198242e+00,5.777093567372546090e+00,5.784877066966156889e+00,5.781075220454603425e+00,5.773085127143104067e+00
2.098099946975708008e+00,5.776834745037540131e+00,5.784614151089976453e+00,5.780805901762656518e+00,5.772827215990209204e+00
2.098400115966796875e+00,5.776558560124533948e+00,5.784335202306403190e+00,5.780519084865582968e+00,5.772551599634639707e+00
2.098700046539306641e+00,5.776266500091136180e+00,5.784039227418262819e+00,5.780214809324078828e+00,5.772258896785435134e+00
2.098999977111816406e+00,5.775957325101398254e+00,5.783726304560030229e+00,5.779896265350482842e+00,5.771949842536210795e+00
2.099299907684326172e+00,5.775631662959899160e+00,5.783397427813529390e+00,5.779559346983332624e+00,5.771623851500683244e+00
2.099600076675415039e+00,5.775288517423166290e+00,5.783051217707320113e+00,5.779205459014423951e+00,5.771282463045430688e+00
2.099900007247924805e+00,5.774928979855752154e+00,5.782687394369817824e+00,5.778835614317508806e+00,5.770924414282462500e+00
2.100199937820434570e+00,5.774552927148501880e+00,5.782309828758243953e+00,5.778449754007821682e+00,5.770548293535392226e+00
2.100500106811523438e+00,5.774161787622205111e+00,5.781913260504511598e+00,5.778046550371432666e+00,5.770156590686678300e+00
2.100800037384033203e+00,5.773753060188319353e+00,5.781500688777278185e+00,5.777625946543976987e+00,5.769748185008364061e+00
2.101099967956542969e+00,5.773327556741914002e+00,5.781072376591463780e+00,5.777190543095494846e+00,5.769323702346211391e+00
2.101399898529052734e+00,5.772886278100783031e+00,5.780627209279400880e+00,5.776737965635140526e+00,5.768882363978490524e+00
2.101700067520141602e+00,5.772428274954738647e+00,5.780164935215438504e+00,5.776267986118774012e+00,5.768425368828355992e+00
2.101999998092651367e+00,5.771954017989972208e+00,5.779686927684265285e+00,5.775784426174745967e+00,5.767949983788462909e+00
2.102299928665161133e+00,5.771463631904332203e+00,5.779192758885995040e+00,5.775282097923196467e+00,5.767460760196179592e+00
2.102600097656250000e+00,5.770955950956829561e+00,5.778682165811447113e+00,5.774764813370892647e+00,5.766954756926365278e+00
2.102900028228759766e+00,5.770432781874675676e+00,5.778153044607270417e+00,5.774230151986734505e+00,5.766434656453424346e+00
2.103199958801269531e+00,5.769894821515300087e+00,5.777614654043184750e+00,5.773675192971604808e+00,5.765896116619824596e+00
2.103499889373779297e+00,5.769335741239874693e+00,5.777056272555910255e+00,5.773111338509227863e+00,5.765343235675056910e+00
2.103800058364868164e+00,5.768767823895393221e+00,5.776479396727442150e+00,5.772533390789293506e+00,5.764765895585980182e+00
2.104099988937377930e+00,5.768181332126066430e+00,5.775885932382593957e+00,5.771930379351980278e+00,5.764184997682409772e+00
2.104399919509887695e+00,5.767579144129290292e+00,5.775275633823722110e+00,5.771317497194373480e+00,5.763582009917107563e+00
2.104700088500976562e+00,5.766955230223329565e+00,5.774660268913027750e+00,5.770685320021583742e+00,5.762962185719137764e+00
2.105000019073486328e+00,5.766315848020184376e+00,5.774022639938632295e+00,5.770041202652560486e+00,5.762326547821185585e+00
2.105299949645996094e+00,5.765669719532447779e+00,5.773360936960799883e+00,5.769384409224471710e+00,5.761671482552665147e+00
2.105600118637084961e+00,5.765000855584844430e+00,5.772691433629346669e+00,5.768704495778170127e+00,5.761008495825937104e+00
2.105900049209594727e+00,5.764322535502150124e+00,5.772002348189701593e+00,5.768012373528619285e+00,5.760322212013790910e+00
2.106199979782104492e+00,5.763622372570798902e+00,5.771300420718377566e+00,5.767298234414731439e+00,5.759630576752767794e+00
2.106499910354614258e+00,5.762912360912918253e+00,5.770579282464096238e+00,5.766575332179309399e+00,5.758912056253638667e+00
2.106800079345703125e+00,5.762180363089982826e+00,5.769846401488013754e+00,5.765836284535983403e+00,5.758182560864863575e+00
2.107100009918212891e+00,5.761432543420238694e+00,5.769098501081632691e+00,5.765074444255857244e+00,5.757443027358468690e+00
2.107399940490722656e+00,5.760672382720354534e+00,5.768331867296437210e+00,5.764308167609114797e+00,5.756679449964783757e+00
2.107700109481811523e+00,5.759894245966815873e+00,5.767550575990609829e+00,5.763522178621036218e+00,5.755902252221586579e+00
2.108000040054321289e+00,5.759102993433180551e+00,5.766756203868581565e+00,5.762717272597170037e+00,5.755114295217797604e+00
2.108299970626831055e+00,5.758294742054223647e+00,5.765944318583561490e+00,5.761898501582657595e+00,5.754306391326114323e+00
2.108599901199340820e+00,5.757473329747945456e+00,5.765116487251406241e+00,5.761064991024889892e+00,5.753483859020476210e+00
2.108900070190429688e+00,5.756634797123686198e+00,5.764273522836347752e+00,5.760215762760033442e+00,5.752648000187284616e+00
2.109200000762939453e+00,5.755780324606525333e+00,5.763415169544869876e+00,5.759351512647592486e+00,5.751794312066548009e+00
2.109499931335449219e+00,5.754911918524301839e+00,5.762542856591121421e+00,5.758470453854953597e+00,5.750927685713999260e+00
2.109800100326538086e+00,5.754027296855182882e+00,5.761653071970169293e+00,5.757577230505193988e+00,5.750043524338686041e+00
2.110100030899047852e+00,5.753128176414050721e+00,5.760750613137886944e+00,5.756665936214385937e+00,5.749145310316730928e+00
2.110399961471557617e+00,5.752213286442118267e+00,5.759831248118278957e+00,5.755740857508947705e+00,5.748232214222391612e+00
2.110699892044067383e+00,5.751284256068464273e+00,5.758898067023109135e+00,5.754800928599649090e+00,5.747303670659766439e+00
2.111000061035156250e+00,5.750339653422480879e+00,5.757948568313987714e+00,5.753845232872273563e+00,5.746360974598196059e+00
2.111299991607666016e+00,5.749379844781973503e+00,5.756984637683125960e+00,5.752875315023598723e+00,5.745402093274805111e+00
2.111599922180175781e+00,5.748406464395580784e+00,5.756005916579422177e+00,5.751890822934542236e+00,5.744429053263305107e+00
2.111900091171264648e+00,5.747415968954886267e+00,5.755011119375449624e+00,5.750890851714841823e+00,5.743440081296883548e+00
2.112200021743774414e+00,5.746413486670879145e+00,5.754002596733109876e+00,5.749875560461252810e+00,5.742436988248874385e+00
2.112499952316284180e+00,5.745394043409053353e+00,5.752979435590653168e+00,5.748846663111607747e+00,5.741418915668809575e+00
2.112799882888793945e+00,5.744359922618206937e+00,5.751940657906998489e+00,5.747802870009380172e+00,5.740387226472524418e+00
2.113100051879882812e+00,5.743311348876670053e+00,5.750887490997381946e+00,5.746742722198126430e+00,5.739340301660702082e+00
2.113399982452392578e+00,5.742249483939353638e+00,5.749819350325592993e+00,5.745668822362995698e+00,5.738277345621920489e+00
2.113699913024902344e+00,5.741169867724071452e+00,5.748737325362309747e+00,5.744580759322373886e+00,5.737201204910710395e+00
2.114000082015991211e+00,5.740078184492272584e+00,5.747640316238960878e+00,5.743477412051875675e+00,5.736110640941642913e+00
2.114300012588500977e+00,5.738972477769648251e+00,5.746528221680000215e+00,5.742360697572264527e+00,5.735004755727564962e+00
2.114599943161010742e+00,5.737851000973814841e+00,5.745402715471275457e+00,5.741229159087133382e+00,5.733885547111782444e+00
2.114900112152099609e+00,5.736716232365442814e+00,5.744262091375148316e+00,5.740083246737450295e+00,5.732750379177572242e+00
2.115200042724609375e+00,5.735566419573113528e+00,5.743106908156719648e+00,5.738923432329171348e+00,5.731602043489498755e+00
2.115499973297119141e+00,5.734402041501326153e+00,5.741937656740116580e+00,5.737748256356471899e+00,5.730437838434051301e+00
2.115799903869628906e+00,5.733223516001007880e+00,5.740754289671463617e+00,5.736558273232839511e+00,5.729261362378901268e+00
2.116100072860717773e+00,5.732029551931423939e+00,5.739557677076065900e+00,5.735356164425541081e+00,5.728070312734509173e+00
2.116400003433227539e+00,5.730823852811354868e+00,5.738344879305642188e+00,5.734138427910215441e+00,5.726864613804567128e+00
2.116699934005737305e+00,5.729603221499236732e+00,5.737119451471429876e+00,5.732907143846654563e+00,5.725645259373401075e+00
2.117000102996826172e+00,5.728367911094575327e+00,5.735879613721798442e+00,5.731661277623776307e+00,5.724411370904363139e+00
2.117300033569335938e+00,5.727118253046397989e+00,5.734624598577742205e+00,5.730401454107284742e+00,5.723164404019239981e+00
2.117599964141845703e+00,5.725855646935603893e+00,5.733357324171207026e+00,5.729128319780718570e+00,5.721902050012469765e+00
2.117899894714355469e+00,5.724578217199962182e+00,5.732074706687630972e+00,5.727840797885087376e+00,5.720626939442691850e+00
2.118200063705444336e+00,5.723287401352099124e+00,5.730778350799006660e+00,5.726539639493958056e+00,5.719337337169932312e+00
2.118499994277954102e+00,5.721983490960454333e+00,5.729469109558441353e+00,5.725224224403664408e+00,5.718033969221795410e+00
2.118799924850463867e+00,5.720664998549988667e+00,5.728145226340158658e+00,5.723894673365281349e+00,5.716717725492572733e+00
2.119100093841552734e+00,5.719332217023142206e+00,5.726807343395792671e+00,5.722553342711823809e+00,5.715386398200110740e+00
2.119400024414062500e+00,5.717987049208298700e+00,5.725457002112470661e+00,5.721196908216904298e+00,5.714042433223217365e+00
2.119699954986572266e+00,5.716627400330457576e+00,5.724092223620836251e+00,5.719827131977241130e+00,5.712684158254752731e+00
2.119999885559082031e+00,5.715255200200024532e+00,5.722714046841826274e+00,5.718443551902009148e+00,5.711313062747227498e+00
2.120300054550170898e+00,5.713868034770453797e+00,5.721322341411701373e+00,5.717046432106911880e+00,5.709927241020677613e+00
2.120599985122680664e+00,5.712468785794061255e+00,5.719917422806990004e+00,5.715636956777369271e+00,5.708528295273294972e+00
2.120899915695190430e+00,5.711055458071387037e+00,5.718498506257495784e+00,5.714212072072446524e+00,5.707117981338909019e+00
2.121200084686279297e+00,5.709627977066792148e+00,5.717066384825134406e+00,5.712775808226327356e+00,5.705692465438582772e+00
2.121500015258789062e+00,5.708188198899692090e+00,5.715621266368319020e+00,5.711324872363380933e+00,5.704254124258056002e+00
2.121799945831298828e+00,5.706734883951368964e+00,5.714162524752711469e+00,5.709860833515413070e+00,5.702803385003170966e+00
2.122100114822387695e+00,5.705267805776478518e+00,5.712690091052431640e+00,5.708385432042446084e+00,5.701337328428577322e+00
2.122400045394897461e+00,5.703788509357280212e+00,5.711205204251140088e+00,5.706895301951849575e+00,5.699859016728611394e+00
2.122699975967407227e+00,5.702296741911029088e+00,5.709708355425612503e+00,5.705391395082235917e+00,5.698368574696099031e+00
2.122999906539916992e+00,5.700789978959278415e+00,5.708196682882016759e+00,5.703875563425553352e+00,5.696863919549937982e+00
2.123300075531005859e+00,5.699271532447830246e+00,5.706671660127259571e+00,5.702346644929770392e+00,5.695347498042862888e+00
2.123600006103515625e+00,5.697739725315748238e+00,5.705134752312080337e+00,5.700804351967878603e+00,5.693816222788072423e+00
2.123899936676025391e+00,5.696195272714769331e+00,5.703583242214787852e+00,5.699250483727836603e+00,5.692274761719479770e+00
2.124200105667114258e+00,5.694638704049617139e+00,5.702020987831688537e+00,5.697681626422708590e+00,5.690718482147564039e+00
2.124500036239624023e+00,5.693067656845246738e+00,5.700444798043848849e+00,5.696102416247640576e+00,5.689149988694019555e+00
2.124799966812133789e+00,5.691483850385692378e+00,5.698857011598127187e+00,5.694509513579265381e+00,5.687568316542765068e+00
2.125099897384643555e+00,5.689888700131973565e+00,5.697255608790802839e+00,5.692903585848800851e+00,5.685975027271490845e+00
2.125400066375732422e+00,5.688279486214970149e+00,5.695641885218623024e+00,5.691284300002291907e+00,5.684367847924468364e+00
2.125699996948242188e+00,5.686658489368594971e+00,5.694015166428519237e+00,5.689653156860750016e+00,5.682749176266966629e+00
2.125999927520751953e+00,5.685025665336791434e+00,5.692375900110214992e+00,5.688009945646749443e+00,5.681117014241378271e+00
2.126300096511840820e+00,5.683379770907363238e+00,5.690724501022304871e+00,5.686353862020123273e+00,5.679473751643548063e+00
2.126600027084350586e+00,5.681721457683202026e+00,5.689060054797453247e+00,5.684685892513726913e+00,5.677817277048475830e+00
2.126899957656860352e+00,5.680051489110664598e+00,5.687383398631329356e+00,5.683005135165210220e+00,5.676147195555155456e+00
2.127199888229370117e+00,5.678368517805045812e+00,5.685694094581789315e+00,5.681312080609517423e+00,5.674465857394833890e+00
2.127500057220458984e+00,5.676673600423141508e+00,5.683993629141951942e+00,5.679606949867281429e+00,5.672772774372585758e+00
2.127799987792968750e+00,5.674964996177637389e+00,5.682280735021654650e+00,5.677887937544173980e+00,5.671067788669756027e+00
2.128099918365478516e+00,5.673245259966986254e+00,5.680555518747042676e+00,5.676158947818102263e+00,5.669349466610045241e+00
2.128400087356567383e+00,5.671513151928166963e+00,5.678818421139204986e+00,5.674417849769206157e+00,5.667619503947287640e+00
2.128700017929077148e+00,5.669770100739834895e+00,5.677067831266596976e+00,5.672664107700336800e+00,5.665876845255912286e+00
2.128999948501586914e+00,5.668014486911400418e+00,5.675306403494242424e+00,5.670898098442775925e+00,5.664123173555712931e+00
2.129300117492675781e+00,5.666247238333178338e+00,5.673533143247436961e+00,5.669120008560717849e+00,5.662357598236996914e+00
2.129600048065185547e+00,5.664466648834793894e+00,5.671746898995522201e+00,5.667330625532186694e+00,5.660580170703929603e+00
2.129899978637695312e+00,5.662674219359212557e+00,5.669948734229558696e+00,5.665529357810951794e+00,5.658791194567203142e+00
2.130199909210205078e+00,5.660872358145784489e+00,5.668140311432908973e+00,5.663715749355565876e+00,5.656989572265849198e+00
2.130500078201293945e+00,5.659056993445704897e+00,5.666319496870675820e+00,5.661891144816832977e+00,5.655176255391599405e+00
2.130800008773803711e+00,5.657230654667739778e+00,5.664485986419345309e+00,5.660055348519447804e+00,5.653351670514109806e+00
2.131099939346313477e+00,5.655392308475292396e+00,5.662642320810586938e+00,5.658206151469177492e+00,5.651515217572512739e+00
2.131400108337402344e+00,5.653542587160471200e+00,5.660787364447040559e+00,5.656347230136596238e+00,5.649666805904468347e+00
2.131700038909912109e+00,5.651682667184106279e+00,5.658918160296101618e+00,5.654475999966845023e+00,5.647807527045633158e+00
2.131999969482421875e+00,5.649807836366347757e+00,5.657040044487711583e+00,5.652593017559758515e+00,5.645936549931511728e+00
2.132299900054931641e+00,5.647923285166758234e+00,5.655149704006404932e+00,5.650698901312274813e+00,5.644055041772632286e+00
2.132600069046020508e+00,5.646027864910101002e+00,5.653248287282561790e+00,5.648793021912309698e+00,5.642161264101125617e+00
2.132899999618530273e+00,5.644120860415174690e+00,5.651335493731344251e+00,5.646877021571611088e+00,5.640256657343397428e+00
2.133199930191040039e+00,5.642202466045943332e+00,5.649411165395283874e+00,5.644948680690815124e+00,5.638339634295434166e+00
2.133500099182128906e+00,5.640273992912855583e+00,5.647475500237041146e+00,5.643008913501317281e+00,5.636412501913494744e+00
2.133800029754638672e+00,5.638332903807627083e+00,5.645529191178638939e+00,5.641059256600615690e+00,5.634473099926387896e+00
2.134099960327148438e+00,5.636380144711255369e+00,5.643570568450052782e+00,5.639098145108743410e+00,5.632523936419245203e+00
2.134399890899658203e+00,5.634417606385419219e+00,5.641602410078659702e+00,5.637126071012177775e+00,5.630563711412247763e+00
2.134700059890747070e+00,5.632445534300795309e+00,5.639621344630118216e+00,5.635142389100424865e+00,5.628592408944902203e+00
2.134999990463256836e+00,5.630460140602274954e+00,5.637630922518122922e+00,5.633148408572299815e+00,5.626609888544733096e+00
2.135299921035766602e+00,5.628464745671550418e+00,5.635629750609709276e+00,5.631143695326201737e+00,5.624615624861307950e+00
2.135600090026855469e+00,5.626457516826431693e+00,5.633616187148548171e+00,5.629127677298591870e+00,5.622611175620240154e+00
2.135900020599365234e+00,5.624440167697572157e+00,5.631593152212957420e+00,5.627100318725803518e+00,5.620596999685235851e+00
2.136199951171875000e+00,5.622412281952374968e+00,5.629559389102159805e+00,5.625062877346531209e+00,5.618571737404851163e+00
2.136499881744384766e+00,5.620373597394584309e+00,5.627514635378471297e+00,5.623014813213028873e+00,5.616535765780380274e+00
2.136800050735473633e+00,5.618325492610174443e+00,5.625459043797648384e+00,5.620957204087594583e+00,5.614487436786868457e+00
2.137099981307983398e+00,5.616264981688652291e+00,5.623392847586302423e+00,5.618888334115197836e+00,5.612431216038155313e+00
2.137399911880493164e+00,5.614194784173135666e+00,5.621316820083849919e+00,5.616808318817482437e+00,5.610362112477510266e+00
2.137700080871582031e+00,5.612115316838411694e+00,5.619228946007409853e+00,5.614717437088055263e+00,5.608283572637539294e+00
2.138000011444091797e+00,5.610022962342393171e+00,5.617132339700081189e+00,5.612617426456799841e+00,5.606194796743118935e+00
2.138299942016601562e+00,5.607922050157499783e+00,5.615025460615811426e+00,5.610506663997629317e+00,5.604095636687668858e+00
2.138600111007690430e+00,5.605809927320692942e+00,5.612907368409853603e+00,5.608384775557203383e+00,5.601987721661739528e+00
2.138900041580200195e+00,5.603687642882384523e+00,5.610778790826229212e+00,5.606254227127767997e+00,5.599867227107020895e+00
2.139199972152709961e+00,5.601556279873252997e+00,5.608639961858365552e+00,5.604113696952895296e+00,5.597737243524027129e+00
2.139499902725219727e+00,5.599414579340454168e+00,5.606491451156766281e+00,5.601960659194961778e+00,5.595596688717444422e+00
2.139800071716308594e+00,5.597261893129882537e+00,5.604332611113134632e+00,5.599799769123642079e+00,5.593446780825544806e+00
2.140100002288818359e+00,5.595099879151209876e+00,5.602164402815929201e+00,5.597628214515527389e+00,5.591286832458161271e+00
2.140399932861328125e+00,5.592927579104822300e+00,5.599984275160483804e+00,5.595446971326690999e+00,5.589116802696439734e+00
2.140700101852416992e+00,5.590745275100761802e+00,5.597796407135406049e+00,5.593254497759487798e+00,5.586937333175932885e+00
2.141000032424926758e+00,5.588554177390978595e+00,5.595598651379113164e+00,5.591053256579748165e+00,5.584747545082864306e+00
2.141299962997436523e+00,5.586351530350205152e+00,5.593389424580572644e+00,5.588842620456734522e+00,5.582548357815602103e+00
2.141599893569946289e+00,5.584139265634695093e+00,5.591171837649727472e+00,5.586621051289788475e+00,5.580339145155383207e+00
2.141900062561035156e+00,5.581917313921566759e+00,5.588943655430718138e+00,5.584391110486672360e+00,5.578118945433704567e+00
2.142199993133544922e+00,5.579685489676774246e+00,5.586706346150890568e+00,5.582150022581831905e+00,5.575891870803019401e+00
2.142499923706054688e+00,5.577446836149585252e+00,5.584457590891743095e+00,5.579901177578447502e+00,5.573651692683449177e+00
2.142800092697143555e+00,5.575195709792851950e+00,5.582203405882913749e+00,5.577641342002674918e+00,5.571404695911343907e+00
2.143100023269653320e+00,5.572935723154561316e+00,5.579936402564906750e+00,5.575373550767062092e+00,5.569147417667974054e+00
2.143399953842163086e+00,5.570667385224657764e+00,5.577660478008754197e+00,5.573096039545438529e+00,5.566879795210852855e+00
2.143699884414672852e+00,5.568388258951840974e+00,5.575374932848732534e+00,5.570808177371483261e+00,5.564604768794683132e+00
2.144000053405761719e+00,5.566099959841449341e+00,5.573081869544829203e+00,5.568509845043269735e+00,5.562318565261525016e+00
2.144299983978271484e+00,5.563804524800341156e+00,5.570776547071883300e+00,5.566205440894291812e+00,5.560024013393380038e+00
2.144599914550781250e+00,5.561497978597998326e+00,5.568463916592870433e+00,5.563889002552492968e+00,5.557720811613470424e+00
2.144900083541870117e+00,5.559182604923681659e+00,5.566142605541935851e+00,5.561565217689619089e+00,5.555406992875711047e+00
2.145200014114379883e+00,5.556856680030472617e+00,5.563810896500990921e+00,5.559230705851394561e+00,5.553085771604107101e+00
2.145499944686889648e+00,5.554523296000470900e+00,5.561470997684779149e+00,5.556888173692114741e+00,5.550753564133719564e+00
2.145800113677978516e+00,5.552179859100573545e+00,5.559121217684336536e+00,5.554536485075294294e+00,5.548413905532937562e+00
2.146100044250488281e+00,5.549828802153882634e+00,5.556763307333515201e+00,5.552175128378950220e+00,5.546065244516241499e+00
2.146399974822998047e+00,5.547467723223150848e+00,5.554395922290686016e+00,5.549807147282226794e+00,5.543705485826524892e+00
2.146699905395507812e+00,5.545097721381044842e+00,5.552019137411586591e+00,5.547428172908183797e+00,5.541339820859334964e+00
2.147000074386596680e+00,5.542720923899153718e+00,5.549633451195275846e+00,5.545042251402874101e+00,5.538962016778232744e+00
2.147300004959106445e+00,5.540333435831357178e+00,5.547240531810619046e+00,5.542645450454743106e+00,5.536578073311810400e+00
2.147599935531616211e+00,5.537937335861114363e+00,5.544837773261913405e+00,5.540240740833888289e+00,5.534185179419798040e+00
2.147900104522705078e+00,5.535532143714395836e+00,5.542426927964147154e+00,5.537828459202758680e+00,5.531782268155899018e+00
2.148200035095214844e+00,5.533119302039093412e+00,5.540007044115996315e+00,5.535406072335263161e+00,5.529371889230349169e+00
2.148499965667724609e+00,5.530698230578767749e+00,5.537578386116406293e+00,5.532975797581412003e+00,5.526953205548452708e+00
2.148799896240234375e+00,5.528268091159080022e+00,5.535143083691823840e+00,5.530536638549595096e+00,5.524526063198804238e+00
2.149100065231323242e+00,5.525828858479191474e+00,5.532696920039112953e+00,5.528088645710954374e+00,5.522090063812981953e+00
2.149399995803833008e+00,5.523382593545095531e+00,5.530243506739348724e+00,5.525633101490663890e+00,5.519644850479025422e+00
2.149699926376342773e+00,5.520927882616253335e+00,5.527780635278580768e+00,5.523169621892691339e+00,5.517192557393702401e+00
2.150000095367431641e+00,5.518462598955482079e+00,5.525310166624590735e+00,5.520697602971043949e+00,5.514731887659366727e+00
2.150300025939941406e+00,5.515991299686680449e+00,5.522831646933120453e+00,5.518216485099356916e+00,5.512262741798842569e+00
2.150599956512451172e+00,5.513510834685718009e+00,5.520345051087428345e+00,5.515728145740148136e+00,5.509784561434928563e+00
2.150899887084960938e+00,5.511022696037223056e+00,5.517850225136462505e+00,5.513231909452676938e+00,5.507300032731507144e+00
2.151200056076049805e+00,5.508526313170508892e+00,5.515347001004546001e+00,5.510728117867284226e+00,5.504805131238335036e+00
2.151499986648559570e+00,5.506021192205547088e+00,5.512836309720904993e+00,5.508214666878910926e+00,5.502303350342092614e+00
2.151799917221069336e+00,5.503509974764449808e+00,5.510317628787506194e+00,5.505692340024661569e+00,5.499794248960228948e+00
2.152100086212158203e+00,5.500989173813319866e+00,5.507789640585169622e+00,5.503165634819252361e+00,5.497275731474886129e+00
2.152400016784667969e+00,5.498461007915141252e+00,5.505254270402280881e+00,5.500629710496152569e+00,5.494750955586463981e+00
2.152699947357177734e+00,5.495925082830287245e+00,5.502711803856133344e+00,5.498083484974364055e+00,5.492218442985540960e+00
2.153000116348266602e+00,5.493380791123147588e+00,5.500162713002750614e+00,5.495530746926343468e+00,5.489677031603869217e+00
2.153300046920776367e+00,5.490829202735979742e+00,5.497603705962043286e+00,5.492972105573708852e+00,5.487128097150010042e+00
2.153599977493286133e+00,5.488271436898345179e+00,5.495036128291489241e+00,5.490405095638068111e+00,5.484570833365692621e+00
2.153899908065795898e+00,5.485704703735634347e+00,5.492462816760505184e+00,5.487828724676624859e+00,5.482006857915060039e+00
2.154200077056884766e+00,5.483129745642246533e+00,5.489882592886907275e+00,5.485246379733080602e+00,5.479435157526944877e+00
2.154500007629394531e+00,5.480547494253164231e+00,5.487293264156626549e+00,5.482657054192339174e+00,5.476855711513614722e+00
2.154799938201904297e+00,5.477958978492294406e+00,5.484697422045438309e+00,5.480058553497802798e+00,5.474270149762372029e+00
2.155100107192993164e+00,5.475361115506718335e+00,5.482094049437511885e+00,5.477453364449366369e+00,5.471675616426924904e+00
2.155400037765502930e+00,5.472756651779012493e+00,5.479483124379314063e+00,5.474840915901686422e+00,5.469073721841177793e+00
2.155699968338012695e+00,5.470146462942942378e+00,5.476863045095976545e+00,5.472222366515503644e+00,5.466463942762133321e+00
2.155999898910522461e+00,5.467526831915555441e+00,5.474238400763379531e+00,5.469594735986021306e+00,5.463848553624446325e+00
2.156300067901611328e+00,5.464900509503856973e+00,5.471605222776397603e+00,5.466961377781217379e+00,5.461224013993892790e+00
2.156599998474121094e+00,5.462267251984503247e+00,5.468963721830003344e+00,5.464320111214538755e+00,5.458593515949714536e+00
2.156899929046630859e+00,5.459626379323046841e+00,5.466317755412029022e+00,5.461670363748025281e+00,5.455956864546100960e+00
2.157200098037719727e+00,5.456979236169154923e+00,5.463664052116532943e+00,5.459015487589330640e+00,5.453310386286071676e+00
2.157500028610229492e+00,5.454323867188497488e+00,5.461002662079030401e+00,5.456352246264008166e+00,5.450660434996246195e+00
2.157799959182739258e+00,5.451664190960666900e+00,5.458333520440318054e+00,5.453683049584496345e+00,5.448000593461310714e+00
2.158099889755249023e+00,5.448993989247456149e+00,5.455659646788609152e+00,5.451007020753109167e+00,5.445334317596971729e+00
2.158400058746337891e+00,5.446318830881111239e+00,5.452976211847141208e+00,5.448324567943803487e+00,5.442662181610394612e+00
2.158699989318847656e+00,5.443636722327855892e+00,5.450286215907289566e+00,5.445634223949805452e+00,5.439982929512057197e+00
2.158999919891357422e+00,5.440947615217281097e+00,5.447589878745580094e+00,5.442938337528886450e+00,5.437297414618146085e+00
2.159300088882446289e+00,5.438253238438685244e+00,5.444887602747131794e+00,5.440232575451206642e+00,5.434603958651752720e+00
2.159600019454956055e+00,5.435550628224192771e+00,5.442177864020695921e+00,5.437523412450866900e+00,5.431903476034362299e+00
2.159899950027465820e+00,5.432840117733080731e+00,5.439462529256681833e+00,5.434804310294411245e+00,5.429198673459857183e+00
2.160200119018554688e+00,5.430125560179766886e+00,5.436739162299013550e+00,5.432082064636498231e+00,5.426485382159317084e+00
2.160500049591064453e+00,5.427403313173196686e+00,5.434011606543347028e+00,5.429351240692030345e+00,5.423765690728950872e+00
2.160799980163574219e+00,5.424674160435802861e+00,5.431275083889347322e+00,5.426614979211342948e+00,5.421039831027114175e+00
2.161099910736083984e+00,5.421938182036609710e+00,5.428533570221148352e+00,5.423872612564998086e+00,5.418307361225965124e+00
2.161400079727172852e+00,5.419197649370428138e+00,5.425783890434012768e+00,5.421124343081239694e+00,5.415567970754225691e+00
2.161700010299682617e+00,5.416449389485459065e+00,5.423030045366282081e+00,5.418368757724413953e+00,5.412823671169959994e+00
2.161999940872192383e+00,5.413695671191685044e+00,5.420267853492522825e+00,5.415606276569889133e+00,5.410070908789334609e+00
2.162300109863281250e+00,5.410932793257647866e+00,5.417500852332647554e+00,5.412837376375333243e+00,5.407314917445852132e+00
2.162600040435791016e+00,5.408167623443088878e+00,5.414727227458506320e+00,5.410064311523968605e+00,5.404550170068542769e+00
2.162899971008300781e+00,5.405393193820826170e+00,5.411947045014741775e+00,5.407283053044352528e+00,5.401781605965858546e+00
2.163199901580810547e+00,5.402615681615374754e+00,5.409160900434748953e+00,5.404496076320944198e+00,5.399004019765937912e+00
2.163500070571899414e+00,5.399829567827548971e+00,5.406369771825930926e+00,5.401703127185077058e+00,5.396222222820905579e+00
2.163800001144409180e+00,5.397037847874718075e+00,5.403571248213015821e+00,5.398904978028604695e+00,5.393433611496604385e+00
2.164099931716918945e+00,5.394241690162689729e+00,5.400766771456416038e+00,5.396100185826316675e+00,5.390639290561859198e+00
2.164400100708007812e+00,5.391438303307504398e+00,5.397957780439782915e+00,5.393289102685666414e+00,5.387839008188298529e+00
2.164700031280517578e+00,5.388628443466729756e+00,5.395141949716784069e+00,5.390472401705168615e+00,5.385032514569742190e+00
2.164999961853027344e+00,5.385814344561829614e+00,5.392318311291363742e+00,5.387652087249145794e+00,5.382220314369659420e+00
2.165299892425537109e+00,5.382993124491807002e+00,5.389492176572799664e+00,5.384822685347081972e+00,5.379403295804353391e+00
2.165600061416625977e+00,5.380168425253627262e+00,5.386657834849382098e+00,5.381988724725607298e+00,5.376579508501871274e+00
2.165899991989135742e+00,5.377334748639089668e+00,5.383818960912703844e+00,5.379148782053412958e+00,5.373750547808566758e+00
2.166199922561645508e+00,5.374497594999275485e+00,5.380973275031771585e+00,5.376303583954562981e+00,5.370916320065523664e+00
2.166500091552734375e+00,5.371653707341303985e+00,5.378122254035849537e+00,5.373455010948003263e+00,5.368074706142206054e+00
2.166800022125244141e+00,5.368804296496936246e+00,5.375267524912718642e+00,5.370597953877752850e+00,5.365228979417416610e+00
2.167099952697753906e+00,5.365951731050798479e+00,5.372407017957733899e+00,5.367734980986707427e+00,5.362376194494889781e+00
2.167399883270263672e+00,5.363090322731340009e+00,5.369539639209116366e+00,5.364868107509607853e+00,5.359521103226675187e+00
2.167700052261352539e+00,5.360225522617953153e+00,5.366665070954187655e+00,5.361996423682985125e+00,5.356657691167895585e+00
2.167999982833862305e+00,5.357354495352348422e+00,5.363789456725928773e+00,5.359118609583635617e+00,5.353789463958012362e+00
2.168299913406372070e+00,5.354478991201685467e+00,5.360905261470821692e+00,5.356235386368226159e+00,5.350917028906252426e+00
2.168600082397460938e+00,5.351596744602423961e+00,5.358017984022879432e+00,5.353346617260647200e+00,5.348037087944738310e+00
2.168900012969970703e+00,5.348710509963680693e+00,5.355123945861902435e+00,5.350453142562684228e+00,5.345154121403940195e+00
2.169199943542480469e+00,5.345818386543435885e+00,5.352224038118318816e+00,5.347553920187887222e+00,5.342266112682098722e+00
2.169500112533569336e+00,5.342921105946628835e+00,5.349320712974725112e+00,5.344648438408873048e+00,5.339370313147279390e+00
2.169800043106079102e+00,5.340018673081049272e+00,5.346412603631025107e+00,5.341740390346775058e+00,5.336471875692891942e+00
2.170099973678588867e+00,5.337111838970470146e+00,5.343497256741734702e+00,5.338826086458055009e+00,5.333567818801748572e+00
2.170399904251098633e+00,5.334199363663615578e+00,5.340577343870585025e+00,5.335905882900783936e+00,5.330658843482861897e+00
2.170700073242187500e+00,5.331280626858165839e+00,5.337653670407323858e+00,5.332981906298287278e+00,5.327744778967296924e+00
2.171000003814697266e+00,5.328360061152233484e+00,5.334725033349042356e+00,5.330053310519685894e+00,5.324825078618554031e+00
2.171299934387207031e+00,5.325432428885567226e+00,5.331791023911255145e+00,5.327119716129216975e+00,5.321899975398808991e+00
2.171600103378295898e+00,5.322500931030822002e+00,5.328851734964258569e+00,5.324179706670731704e+00,5.318971787065779111e+00
2.171900033950805664e+00,5.319563920490827158e+00,5.325906986357092698e+00,5.321235625398507807e+00,5.316038413162127441e+00
2.172199964523315430e+00,5.316621910690775721e+00,5.322959240956828708e+00,5.318288984646572182e+00,5.313098864140059163e+00
2.172499895095825195e+00,5.313676125278535167e+00,5.320006374120799464e+00,5.315333888899593795e+00,5.310155804895932086e+00
2.172800064086914062e+00,5.310725293082679599e+00,5.317047795897239304e+00,5.312376679411633162e+00,5.307207993155037329e+00
2.173099994659423828e+00,5.307769782896365030e+00,5.314084442502275074e+00,5.309415366907356493e+00,5.304255103062328836e+00
2.173399925231933594e+00,5.304807545336576169e+00,5.311117932435700517e+00,5.306449150166332451e+00,5.301298052615290857e+00
2.173700094223022461e+00,5.301842981380190167e+00,5.308146759792641944e+00,5.303476989356589399e+00,5.298335069893523652e+00
2.174000024795532227e+00,5.298874513490096305e+00,5.305170137631423088e+00,5.300499776168816624e+00,5.295370133968830828e+00
2.174299955368041992e+00,5.295900945783604818e+00,5.302188901708696278e+00,5.297519922871199327e+00,5.292398763535453909e+00
2.174599885940551758e+00,5.292921453983737479e+00,5.299203715956100957e+00,5.294535207308115332e+00,5.289423301490704610e+00
2.174900054931640625e+00,5.289940240260339266e+00,5.296213149147356525e+00,5.291546244250709741e+00,5.286443152853939509e+00
2.175199985504150391e+00,5.286953287633972209e+00,5.293220120616196844e+00,5.288552309020476905e+00,5.283459261660676809e+00
2.175499916076660156e+00,5.283961532929700944e+00,5.290223070939052086e+00,5.285553886495593545e+00,5.280471375128246159e+00
2.175800085067749023e+00,5.280965266063387453e+00,5.287219116369853644e+00,5.282551459880494349e+00,5.277480329652606272e+00
2.176100015640258789e+00,5.277966387371058055e+00,5.284212368061255383e+00,5.279544761149253418e+00,5.274481917908603101e+00
2.176399946212768555e+00,5.274961652977911086e+00,5.281201544550597760e+00,5.276533276068885669e+00,5.271481999265638763e+00
2.176700115203857422e+00,5.271953129435310359e+00,5.278187684680386127e+00,5.273519070364748096e+00,5.268476843542011068e+00
2.177000045776367188e+00,5.268941933004011702e+00,5.275167845123281296e+00,5.270501090363797658e+00,5.265467715409619665e+00
2.177299976348876953e+00,5.265926655168890136e+00,5.272144115188942770e+00,5.267477883786856552e+00,5.262454113039246373e+00
2.177599906921386719e+00,5.262904569851334813e+00,5.269117347361415682e+00,5.264452036672876645e+00,5.259436030523135130e+00
2.177900075912475586e+00,5.259881075463153977e+00,5.266084937937307586e+00,5.261422297771170875e+00,5.256415359254459574e+00
2.178200006484985352e+00,5.256853025433788851e+00,5.263049872916337968e+00,5.258387126655081900e+00,5.253389557541540356e+00
2.178499937057495117e+00,5.253821003423819747e+00,5.260010462927050767e+00,5.255348227733717792e+00,5.250360312408615115e+00
2.178800106048583984e+00,5.250784604217832552e+00,5.256968294907840900e+00,5.252305462098937561e+00,5.247327827490933849e+00
2.179100036621093750e+00,5.247744633088823107e+00,5.253921284035709682e+00,5.249260165822759561e+00,5.244291443349350601e+00
2.179399967193603516e+00,5.244700698623444346e+00,5.250871099260812969e+00,5.246209850522676632e+00,5.241250611378736934e+00
2.179699897766113281e+00,5.241654967491635730e+00,5.247816707251272916e+00,5.243155913812488578e+00,5.238206793714221376e+00
2.180000066757202148e+00,5.238602784868517048e+00,5.244759310624268700e+00,5.240099450960189031e+00,5.235158770147704033e+00
2.180299997329711914e+00,5.235548034586966715e+00,5.241696414424962036e+00,5.237038653793597121e+00,5.232106743677665150e+00
2.180599927902221680e+00,5.232490010721800644e+00,5.238630481032213737e+00,5.233974461303064984e+00,5.229051113399759920e+00
2.180900096893310547e+00,5.229428167764707425e+00,5.235562539824826445e+00,5.230905314185754662e+00,5.225991902879658646e+00
2.181200027465820312e+00,5.226362615927085287e+00,5.232490945072862942e+00,5.227833962025709269e+00,5.222929642144750417e+00
2.181499958038330078e+00,5.223292452503354610e+00,5.229414392365264064e+00,5.224759218221912249e+00,5.219864203187841944e+00
2.181799888610839844e+00,5.220220624810114174e+00,5.226336087163269362e+00,5.221679269089076314e+00,5.216795254114029667e+00
2.182100057601928711e+00,5.217144145220372842e+00,5.223253070218024874e+00,5.218598606303164189e+00,5.213721897408536421e+00
2.182399988174438477e+00,5.214065383203490001e+00,5.220165587528661888e+00,5.215513213538754300e+00,5.210646249505089145e+00
2.182699918746948242e+00,5.210983108874115644e+00,5.217076826234954723e+00,5.212425181206942426e+00,5.207567249452228708e+00
2.183000087738037109e+00,5.207897544790581534e+00,5.213983590394053458e+00,5.209333167556190247e+00,5.204482992942861763e+00
2.183300018310546875e+00,5.204807471498313909e+00,5.210886960002277135e+00,5.206236931484707675e+00,5.201398682800661533e+00
2.183599948883056641e+00,5.201713823768222333e+00,5.207791288469167945e+00,5.203139843795545616e+00,5.198306236360629384e+00
2.183900117874145508e+00,5.198619562128090621e+00,5.204686973085120627e+00,5.200039511804730452e+00,5.195213051098003021e+00
2.184200048446655273e+00,5.195522108565260311e+00,5.201582672719093914e+00,5.196931010373821991e+00,5.192118460526492285e+00
2.184499979019165039e+00,5.192419637020075918e+00,5.198472210171249053e+00,5.193824639335363536e+00,5.189020352815965076e+00
2.184799909591674805e+00,5.189315540662463810e+00,5.195358939699445955e+00,5.190713862156234093e+00,5.185917746120733085e+00
2.185100078582763672e+00,5.186204060898059964e+00,5.192244590832655327e+00,5.187601942266938160e+00,5.182814451108158416e+00
2.185400009155273438e+00,5.183097025573007777e+00,5.189127461918588757e+00,5.184481039995656459e+00,5.179704876447981832e+00
2.185699939727783203e+00,5.179982318257585483e+00,5.186005253378925595e+00,5.181364937246931035e+00,5.176592612493871925e+00
2.186000108718872070e+00,5.176865737933371570e+00,5.182881958230333375e+00,5.178238147081066778e+00,5.173480619076434195e+00
2.186300039291381836e+00,5.173741783098732228e+00,5.179756841668694989e+00,5.175112347521348966e+00,5.170365662961743602e+00
2.186599969863891602e+00,5.170618999277234451e+00,5.176625240522292337e+00,5.171987950527764610e+00,5.167244726870423577e+00
2.186899900436401367e+00,5.167495864128235361e+00,5.173489617206659119e+00,5.168856050270239422e+00,5.164120351217932559e+00
2.187200069427490234e+00,5.164369535734447680e+00,5.170357098873921586e+00,5.165720411972017700e+00,5.160994465515676310e+00
2.187500000000000000e+00,5.161237081349849376e+00,5.167219956923888802e+00,5.162581727625022765e+00,5.157867705095422473e+00
2.187799930572509766e+00,5.158102348517009439e+00,5.164079918925689405e+00,5.159444225206538448e+00,5.154735932623096595e+00
2.188100099563598633e+00,5.154967149486253675e+00,5.160933408761042784e+00,5.156301624039349996e+00,5.151603419205103229e+00
2.188400030136108398e+00,5.151823852287745531e+00,5.157787380501403618e+00,5.153158552851241581e+00,5.148468694624957820e+00
2.188699960708618164e+00,5.148683913559666259e+00,5.154639068256391177e+00,5.150008656798652495e+00,5.145329015819720908e+00
2.188999891281127930e+00,5.145540795465427308e+00,5.151487158781508313e+00,5.146862918469853554e+00,5.142183828509261367e+00
2.189300060272216797e+00,5.142391944319197883e+00,5.148334632136331912e+00,5.143706155715417339e+00,5.139044898754526969e+00
2.189599990844726562e+00,5.139245390346918185e+00,5.145175897470119608e+00,5.140555777535459114e+00,5.135894025006654040e+00
2.189899921417236328e+00,5.136091530003228378e+00,5.142018453857875038e+00,5.137394136992986304e+00,5.132748460857747830e+00
2.190200090408325195e+00,5.132938185803347153e+00,5.138855341268772747e+00,5.134234954803328144e+00,5.129596746053240786e+00
2.190500020980834961e+00,5.129778925110556997e+00,5.135693516531230074e+00,5.131071103338674888e+00,5.126446178924751962e+00
2.190799951553344727e+00,5.126619756512219794e+00,5.132527357953255986e+00,5.127907584988369294e+00,5.123287873442451179e+00
2.191099882125854492e+00,5.123456653572901587e+00,5.129360115362668004e+00,5.124738467369258643e+00,5.120130854973714563e+00
2.191400051116943359e+00,5.120293970033291231e+00,5.126188346024028952e+00,5.121571119066813615e+00,5.116968432402587474e+00
2.191699981689453125e+00,5.117130180985585142e+00,5.123015275921228628e+00,5.118397976262870408e+00,5.113803300532586249e+00
2.191999912261962891e+00,5.113960208994270396e+00,5.119839438039871737e+00,5.115228149954842429e+00,5.110638179938482573e+00
2.192300081253051758e+00,5.110788845657734392e+00,5.116663894519052569e+00,5.112049679105165723e+00,5.107471651097053922e+00
2.192600011825561523e+00,5.107615428005765956e+00,5.113483730473621591e+00,5.108871120012511646e+00,5.104301519371131413e+00
2.192899942398071289e+00,5.104440694490646635e+00,5.110301965149495196e+00,5.105691592725282391e+00,5.101129478178699550e+00
2.193200111389160156e+00,5.101264279395435253e+00,5.107117924010045051e+00,5.102508487602792187e+00,5.097956463085463241e+00
2.193500041961669922e+00,5.098085482439885574e+00,5.103931082459901347e+00,5.099323574876518883e+00,5.094780432128952263e+00
2.193799972534179688e+00,5.094904769547824230e+00,5.100743707962058338e+00,5.096137642690218073e+00,5.091602190914819914e+00
2.194099903106689453e+00,5.091719937767120285e+00,5.097554365620283967e+00,5.092948914983540298e+00,5.088421117474063671e+00
2.194400072097778320e+00,5.088534136884865333e+00,5.094362041165227950e+00,5.089758404596670616e+00,5.085238806669259759e+00
2.194700002670288086e+00,5.085346541724047320e+00,5.091167746716768860e+00,5.086567507068627592e+00,5.082055889964561146e+00
2.194999933242797852e+00,5.082158786390261085e+00,5.087971794217977184e+00,5.083372544693860462e+00,5.078869011929213251e+00
2.195300102233886719e+00,5.078966791467149910e+00,5.084774037933988744e+00,5.080176625122473588e+00,5.075681392992653862e+00
2.195600032806396484e+00,5.075773450066584758e+00,5.081574598126545439e+00,5.076978516693531063e+00,5.072491374313921497e+00
2.195899963378906250e+00,5.072579795380683265e+00,5.078373208874640277e+00,5.073778337598358945e+00,5.069300789792449358e+00
2.196199893951416016e+00,5.069383945240137912e+00,5.075169734354837203e+00,5.070576866194803856e+00,5.066106338384088303e+00
2.196500062942504883e+00,5.066185526350992063e+00,5.071964861165588090e+00,5.067374893416946691e+00,5.062910764841238809e+00
2.196799993515014648e+00,5.062986017335071587e+00,5.068757255851092935e+00,5.064168691625211771e+00,5.059713991483967277e+00
2.197099924087524414e+00,5.059783830596714438e+00,5.065549552251519927e+00,5.060962328868466642e+00,5.056515629549371837e+00
2.197400093078613281e+00,5.056579754099046475e+00,5.062339531524976621e+00,5.057752996028924919e+00,5.053315780156398596e+00
2.197700023651123047e+00,5.053375060067875957e+00,5.059128913966581820e+00,5.054543725556177591e+00,5.050113240216247412e+00
2.197999954223632812e+00,5.050169642510621060e+00,5.055914140232787624e+00,5.051332062182673610e+00,5.046910147552110537e+00
2.198299884796142578e+00,5.046960619263599845e+00,5.052699856428403358e+00,5.048118600100512054e+00,5.043706008134611452e+00
2.198600053787231445e+00,5.043750691424678578e+00,5.049484023248714593e+00,5.044904857904467299e+00,5.040499040081682480e+00
2.198899984359741211e+00,5.040539422580470053e+00,5.046265319706536800e+00,5.041688910691259018e+00,5.037291753329919963e+00
2.199199914932250977e+00,5.037325749368361194e+00,5.043046588785800033e+00,5.038470155534119144e+00,5.034082675786905270e+00
2.199500083923339844e+00,5.034111566976337215e+00,5.039826114865339157e+00,5.035252304216799146e+00,5.030869969521571505e+00
2.199800014495849609e+00,5.030897033212974101e+00,5.036604813424869320e+00,5.032031657903321076e+00,5.027657064427957678e+00
2.200099945068359375e+00,5.027681035639491647e+00,5.033378522620726159e+00,5.028810779082450111e+00,5.024444993555406747e+00
2.200400114059448242e+00,5.024460897985953522e+00,5.030154461599357418e+00,5.025585819674235566e+00,5.021230182921863516e+00
2.200700044631958008e+00,5.021242203380770874e+00,5.026927855414760948e+00,5.022363357473111911e+00,5.018012651877235442e+00
2.200999975204467773e+00,5.018021476871728836e+00,5.023701562098780826e+00,5.019136062376633234e+00,5.014794810840211170e+00
2.201299905776977539e+00,5.014799173578876612e+00,5.020471591573722137e+00,5.015909497839816211e+00,5.011575680621671580e+00
2.201600074768066406e+00,5.011575376835067708e+00,5.017241259849542168e+00,5.012680573269554074e+00,5.008355271674236775e+00
2.201900005340576172e+00,5.008351571589005680e+00,5.014010573546251237e+00,5.009453089384482638e+00,5.005133024015094634e+00
2.202199935913085938e+00,5.005124052345962582e+00,5.010777560166750355e+00,5.006222439848554195e+00,5.001911888703734377e+00
2.202500104904174805e+00,5.001897898541042053e+00,5.007545180573238497e+00,5.002990868370992494e+00,4.998685846553915013e+00
2.202800035476684570e+00,4.998669489370509922e+00,5.004309367841010214e+00,4.999757207021414906e+00,4.995461400230709614e+00
2.203099966049194336e+00,4.995439274555313780e+00,5.001074134722931497e+00,4.996522762582799260e+00,4.992236117227669467e+00
2.203399896621704102e+00,4.992209899568538667e+00,4.997836317325463185e+00,4.993288998473027540e+00,4.989008935456503480e+00
2.203700065612792969e+00,4.988978969545679654e+00,4.994598953882743331e+00,4.990052744049132016e+00,4.985779426788337076e+00
2.203999996185302734e+00,4.985745571418009447e+00,4.991359640063850023e+00,4.986814553162779440e+00,4.982551607634284174e+00
2.204299926757812500e+00,4.982512591667436652e+00,4.988119158656414420e+00,4.983577742327386595e+00,4.979321658647608118e+00
2.204600095748901367e+00,4.979277149920057433e+00,4.984878948952633948e+00,4.980338484868233273e+00,4.976089892790346525e+00
2.204900026321411133e+00,4.976041813247730872e+00,4.981637703653454707e+00,4.977098687229694285e+00,4.972856841855065824e+00
2.205199956893920898e+00,4.972806669954113801e+00,4.978394614294642473e+00,4.973857749859031507e+00,4.969623744052441339e+00
2.205499887466430664e+00,4.969569505919188224e+00,4.975151120123893378e+00,4.970616207227866568e+00,4.966389766768431357e+00
2.205800056457519531e+00,4.966331331079706146e+00,4.971905932167523190e+00,4.967372769492616413e+00,4.963155442856207245e+00
2.206099987030029297e+00,4.963092224678439024e+00,4.968659832595363923e+00,4.964130509037657291e+00,4.959919247366644690e+00
2.206399917602539062e+00,4.959853390421264940e+00,4.965413778553350532e+00,4.960887415243676379e+00,4.956682870380426209e+00
2.206700086593627930e+00,4.956613587129664822e+00,4.962167237018769050e+00,4.957641535884201645e+00,4.953445262172875729e+00
2.207000017166137695e+00,4.953371713008185573e+00,4.958918389437062757e+00,4.954397509116157394e+00,4.950207645489879127e+00
2.207299947738647461e+00,4.950129211764480175e+00,4.955671441410266276e+00,4.951150435745141465e+00,4.946967763054107792e+00
2.207600116729736328e+00,4.946884623389696145e+00,4.952423292069941141e+00,4.947903548697013321e+00,4.943729398049677037e+00
2.207900047302246094e+00,4.943642519941347402e+00,4.949171805022622550e+00,4.944656194866996479e+00,4.940490355961951963e+00
2.208199977874755859e+00,4.940399126012747111e+00,4.945922419413665949e+00,4.941408086680501910e+00,4.937248611704893264e+00
2.208499908447265625e+00,4.937153883115151132e+00,4.942671339495991134e+00,4.938160424024734318e+00,4.934007540831928829e+00
2.208800077438354492e+00,4.933908833372367297e+00,4.939419021061332238e+00,4.934910731228518088e+00,4.930765098609520614e+00
2.209100008010864258e+00,4.930663686570225579e+00,4.936166821573658936e+00,4.931660566387673583e+00,4.927522502637754265e+00
2.209399938583374023e+00,4.927416778787075735e+00,4.932913797039473636e+00,4.928410553289085172e+00,4.924280669854699255e+00
2.209700107574462891e+00,4.924170635516293970e+00,4.929661753751747533e+00,4.925158978107341490e+00,4.921036280263014540e+00
2.210000038146972656e+00,4.920923317180273315e+00,4.926407838017222929e+00,4.921908328726790849e+00,4.917791145452798496e+00
2.210299968719482422e+00,4.917675718519108230e+00,4.923153575969861251e+00,4.918655641743702844e+00,4.914546936731348126e+00
2.210599899291992188e+00,4.914428012336773399e+00,4.919898338401727855e+00,4.915403827819483595e+00,4.911302754973378093e+00
2.210900068283081055e+00,4.911178712891507203e+00,4.916644111847196186e+00,4.912151301273902426e+00,4.908057187933000165e+00
2.211199998855590820e+00,4.907929646207203511e+00,4.913390923911294728e+00,4.908896570702678375e+00,4.904810684311191160e+00
2.211499929428100586e+00,4.904680322708470541e+00,4.910133819372823005e+00,4.905644295236434083e+00,4.901565257591889768e+00
2.211800098419189453e+00,4.901431384117843848e+00,4.906876396652299022e+00,4.902392021726102556e+00,4.898317235746823428e+00
2.212100028991699219e+00,4.898182085309184863e+00,4.903620495715903971e+00,4.899137054072776998e+00,4.895071401793883226e+00
2.212399959564208984e+00,4.894930310108666305e+00,4.900365184260834006e+00,4.895882489792889203e+00,4.891824728284134949e+00
2.212699890136718750e+00,4.891680322583772167e+00,4.897107050315177901e+00,4.892628297597546805e+00,4.888576769898447694e+00
2.213000059127807617e+00,4.888428625684849926e+00,4.893850411587823857e+00,4.889373382188789918e+00,4.885329257073815157e+00
2.213299989700317383e+00,4.885177711516154098e+00,4.890592089580396262e+00,4.886118209445454497e+00,4.882081379087156670e+00
2.213599920272827148e+00,4.881927661874366997e+00,4.887334665337325745e+00,4.882864087527894803e+00,4.878832536366057404e+00
2.213900089263916016e+00,4.878675981452923693e+00,4.884077891739063482e+00,4.879607668123673747e+00,4.875584696437022636e+00
2.214200019836425781e+00,4.875424881181565695e+00,4.880819637878492046e+00,4.876351241983165608e+00,4.872336034918204106e+00
2.214499950408935547e+00,4.872172738766854749e+00,4.877561318253081701e+00,4.873096490736204878e+00,4.869087778574932912e+00
2.214799880981445312e+00,4.868921549867418541e+00,4.874303830781528291e+00,4.869840838496833690e+00,4.865837157400661361e+00
2.215100049972534180e+00,4.865669507193498333e+00,4.871044685292458709e+00,4.866586412113084847e+00,4.862589069459640534e+00
2.215399980545043945e+00,4.862416049512988003e+00,4.867787443366562883e+00,4.863330407234746744e+00,4.859340851497111480e+00
2.215699911117553711e+00,4.859164544418070442e+00,4.864528471622155514e+00,4.860074285778637204e+00,4.856091736600963493e+00
2.216000080108642578e+00,4.855912056903173735e+00,4.861270945973431346e+00,4.856818048347959049e+00,4.852843028070283005e+00
2.216300010681152344e+00,4.852660241767669191e+00,4.858011752745411194e+00,4.853563289611110498e+00,4.849594394617230186e+00
2.216599941253662109e+00,4.849408319368740727e+00,4.854753796974545565e+00,4.850307890836286440e+00,4.846345365921539639e+00
2.216900110244750977e+00,4.846157347498993850e+00,4.851494745481377713e+00,4.847051422820191746e+00,4.843096259205001530e+00
2.217200040817260742e+00,4.842903631371858530e+00,4.848236944533103276e+00,4.843795930353179457e+00,4.839848612168264452e+00
2.217499971389770508e+00,4.839653187575762239e+00,4.844979336642504464e+00,4.840540296572810597e+00,4.836599157849894581e+00
2.217799901962280273e+00,4.836400983193064107e+00,4.841722313245290010e+00,4.837284517736823553e+00,4.833350607780397823e+00
2.218100070953369141e+00,4.833148505261368300e+00,4.838464224605292685e+00,4.834030529847302304e+00,4.830102187846061490e+00
2.218400001525878906e+00,4.829897718873894519e+00,4.835206758824346807e+00,4.830774485627501669e+00,4.826854294499974607e+00
2.218699932098388672e+00,4.826648882397178930e+00,4.831948473845583791e+00,4.827519367963520658e+00,4.823604702072119998e+00
2.219000101089477539e+00,4.823395546805897993e+00,4.828692368939827340e+00,4.824265686245706064e+00,4.820357666496454030e+00
2.219300031661987305e+00,4.820145598808160514e+00,4.825433670444932766e+00,4.821011818548850414e+00,4.817110199974200313e+00
2.219599962234497070e+00,4.816894262776900248e+00,4.822178184150907931e+00,4.817756627641519351e+00,4.813863874187067182e+00
2.219899892807006836e+00,4.813645169747148955e+00,4.818920825840517175e+00,4.814504187562686610e+00,4.810615460645156993e+00
2.220200061798095703e+00,4.810395351684925380e+00,4.815665712184730829e+00,4.811249655733686126e+00,4.807367935481415167e+00
2.220499992370605469e+00,4.807145004297919577e+00,4.812410154187777067e+00,4.807997435992080071e+00,4.804121426383952453e+00
2.220799922943115234e+00,4.803895310794355389e+00,4.809153625031894919e+00,4.804744507353025718e+00,4.800875904518054682e+00
2.221100091934204102e+00,4.800647157061398218e+00,4.805898083190704106e+00,4.801491484490759909e+00,4.797630492419671988e+00
2.221400022506713867e+00,4.797396633149161538e+00,4.802645070016034801e+00,4.798239157225149043e+00,4.794385189582774487e+00
2.221699953079223633e+00,4.794150265340106465e+00,4.799389851492542824e+00,4.794987688115760704e+00,4.791139241436609630e+00
2.221999883651733398e+00,4.790901201282521171e+00,4.796136735080748892e+00,4.791736376832049338e+00,4.787894076545695654e+00
2.222300052642822266e+00,4.787653970022984318e+00,4.792882905637487312e+00,4.788484914951289362e+00,4.784651646449271212e+00
2.222599983215332031e+00,4.784407191895226674e+00,4.789630020559133783e+00,4.785235127365549346e+00,4.781406674635198861e+00
2.222899913787841797e+00,4.781160847040207607e+00,4.786378240756095970e+00,4.781986183481328645e+00,4.778162218936749639e+00
2.223200082778930664e+00,4.777915247390173370e+00,4.783126181905447361e+00,4.778735740367257456e+00,4.774919904735678067e+00
2.223500013351440430e+00,4.774670066497296972e+00,4.779872672003278922e+00,4.775488178382806481e+00,4.771677178207704095e+00
2.223799943923950195e+00,4.771424400044622871e+00,4.776623127252918266e+00,4.772238425207211421e+00,4.768436691080250256e+00
2.224100112915039062e+00,4.768180245797790207e+00,4.773372115512231950e+00,4.768992072700537932e+00,4.765194465728722406e+00
2.224400043487548828e+00,4.764935943387815342e+00,4.770122426315865027e+00,4.765744124638439772e+00,4.761954283234603125e+00
2.224699974060058594e+00,4.761693135783058750e+00,4.766872946767534813e+00,4.762498455203982850e+00,4.758712889413883929e+00
2.224999904632568359e+00,4.758450565734034576e+00,4.763624055516039846e+00,4.759251179717512770e+00,4.755474570451075245e+00
2.225300073623657227e+00,4.755208990846155004e+00,4.760375621232260990e+00,4.756006556577126787e+00,4.752235060019890156e+00
2.225600004196166992e+00,4.751966910858043569e+00,4.757129152755262602e+00,4.752761986497651137e+00,4.748996466286453888e+00
2.225899934768676758e+00,4.748726328078904046e+00,4.753881571320433430e+00,4.749519399723059365e+00,4.745759496460156157e+00
2.226200103759765625e+00,4.745485532063236533e+00,4.750637569208461031e+00,4.746274327189820674e+00,4.742523199780210419e+00
2.226500034332275391e+00,4.742246390494696762e+00,4.747390273203154543e+00,4.743032198878030847e+00,4.739285733699621694e+00
2.226799964904785156e+00,4.739008204376276012e+00,4.744145935223214927e+00,4.739791124038896797e+00,4.736050073534685545e+00
2.227099895477294922e+00,4.735770299253820426e+00,4.740902511909686368e+00,4.736549561894052296e+00,4.732815342457192820e+00
2.227400064468383789e+00,4.732533263809481028e+00,4.737659463142906979e+00,4.733309942821962935e+00,4.729581142867371746e+00
2.227699995040893555e+00,4.729296307941170063e+00,4.734415987804935000e+00,4.730070349881864367e+00,4.726348883206433982e+00
2.227999925613403320e+00,4.726061306993251776e+00,4.731176126055559372e+00,4.726831893095965853e+00,4.723115300042717735e+00
2.228300094604492188e+00,4.722827134313309472e+00,4.727933850613077027e+00,4.723594302161458813e+00,4.719883162032577850e+00
2.228600025177001953e+00,4.719592878460511898e+00,4.724694530729417252e+00,4.720357394030891385e+00,4.716651647427225313e+00
2.228899955749511719e+00,4.716359747991592855e+00,4.721455688269392326e+00,4.717121012513747047e+00,4.713421431068541168e+00
2.229199886322021484e+00,4.713126344072845697e+00,4.718216487506584400e+00,4.713886391210546201e+00,4.710193858029892766e+00
2.229500055313110352e+00,4.709895878235889732e+00,4.714980584085520121e+00,4.710651033468852056e+00,4.706965316147126543e+00
2.229799985885620117e+00,4.706665154914809079e+00,4.711745397212192543e+00,4.707416936894172288e+00,4.703737735917705720e+00
2.230099916458129883e+00,4.703435631725782606e+00,4.708508621285693252e+00,4.704184893570701576e+00,4.700511165256658686e+00
2.230400085449218750e+00,4.700206166831625509e+00,4.705275754731879978e+00,4.700952836564972870e+00,4.697285712274968716e+00
2.230700016021728516e+00,4.696978446000022345e+00,4.702040258458562327e+00,4.697722728058010055e+00,4.694061562576487212e+00
2.230999946594238281e+00,4.693752127503644012e+00,4.698808638112645042e+00,4.694492639210043450e+00,4.690837098966465391e+00
2.231300115585327148e+00,4.690525474375472292e+00,4.695576569462990513e+00,4.691264776135032122e+00,4.687614226163180575e+00
2.231600046157836914e+00,4.687300897295243018e+00,4.692345734946639979e+00,4.688038015994457020e+00,4.684392939648720500e+00
2.231899976730346680e+00,4.684078262315009233e+00,4.689115945067798386e+00,4.684810255704804582e+00,4.681170587586144904e+00
2.232199907302856445e+00,4.680854479751243247e+00,4.685887419098603068e+00,4.681584232754287811e+00,4.677953011397697480e+00
2.232500076293945312e+00,4.677632524351414745e+00,4.682661136044169226e+00,4.678359892401574349e+00,4.674734055572804081e+00
2.232800006866455078e+00,4.674413037611859778e+00,4.679433999202408323e+00,4.675137720895932603e+00,4.671515288031169000e+00
2.233099937438964844e+00,4.671192666562495432e+00,4.676210296274596168e+00,4.671913544333651913e+00,4.668299310151262205e+00
2.233400106430053711e+00,4.667974533583864272e+00,4.672984033871902199e+00,4.668693521945789016e+00,4.665083894182155966e+00
2.233700037002563477e+00,4.664757648790329725e+00,4.669760959836985137e+00,4.665473547464389803e+00,4.661869534705795459e+00
2.233999967575073242e+00,4.661541427393361303e+00,4.666538990595832104e+00,4.662253514942178434e+00,4.658656850708636554e+00
2.234299898147583008e+00,4.658326457023067135e+00,4.663317734782702395e+00,4.659036759598889965e+00,4.655444069365851867e+00
2.234600067138671875e+00,4.655112621224049896e+00,4.660099175598228172e+00,4.655818528511979082e+00,4.652234176541586663e+00
2.234899997711181641e+00,4.651898495217242413e+00,4.656881244182931923e+00,4.652603708862094400e+00,4.649024218239845574e+00
2.235199928283691406e+00,4.648686763423022228e+00,4.653664098644613389e+00,4.649388831218564277e+00,4.645815814827061629e+00
2.235500097274780273e+00,4.645477242987976041e+00,4.650448368791596288e+00,4.646176845832215463e+00,4.642607560453556381e+00
2.235800027847290039e+00,4.642268207488621456e+00,4.647232308665373068e+00,4.642966024797649638e+00,4.639400233780061278e+00
2.236099958419799805e+00,4.639060738960255392e+00,4.644019196566552488e+00,4.639754136200203938e+00,4.636196551316445813e+00
2.236399888992309570e+00,4.635853170450189964e+00,4.640806469686257429e+00,4.636545560559520496e+00,4.632992016525830259e+00
2.236700057983398438e+00,4.632648581690169465e+00,4.637595289009578181e+00,4.633336620835902586e+00,4.629790645803224081e+00
2.236999988555908203e+00,4.629443935774247620e+00,4.634384795578548655e+00,4.630129658076150179e+00,4.626589495726834755e+00
2.237299919128417969e+00,4.626241032279917675e+00,4.631175682721812237e+00,4.626924767601864552e+00,4.623390220938240702e+00
2.237600088119506836e+00,4.623038404612536567e+00,4.627970623886975332e+00,4.623720407329756199e+00,4.620192011548060584e+00
2.237900018692016602e+00,4.619840096386993444e+00,4.624763580717105249e+00,4.620517500601466487e+00,4.616993871702948837e+00
2.238199949264526367e+00,4.616640809669969592e+00,4.621560098352679447e+00,4.617316229581073017e+00,4.613798400465251248e+00
2.238500118255615234e+00,4.613442996752582737e+00,4.618356690790838215e+00,4.614115983065250504e+00,4.610603347429444554e+00
2.238800048828125000e+00,4.610246298076139837e+00,4.615154323201779540e+00,4.610917104025398672e+00,4.607410712486088578e+00
2.239099979400634766e+00,4.607050976024194888e+00,4.611953569131777897e+00,4.607721282812446084e+00,4.604219728349926655e+00
2.239399909973144531e+00,4.603857966419274916e+00,4.608755665261657697e+00,4.604524878195567439e+00,4.601028021539704582e+00
2.239700078964233398e+00,4.600667265812123041e+00,4.605558209179983820e+00,4.601329587837678758e+00,4.597838344947483336e+00
2.240000009536743164e+00,4.597476294586064327e+00,4.602360788351377074e+00,4.598137779806651615e+00,4.594651166031982648e+00
2.240299940109252930e+00,4.594286132755017960e+00,4.599165945529010813e+00,4.594945488454978744e+00,4.591466260665786336e+00
2.240600109100341797e+00,4.591098826621667683e+00,4.595973303444107039e+00,4.591755483475047583e+00,4.588280446963588943e+00
2.240900039672851562e+00,4.587912597480363175e+00,4.592782267057732071e+00,4.588566141187698122e+00,4.585097535344809572e+00
2.241199970245361328e+00,4.584726481495438932e+00,4.589591713249228988e+00,4.585379926863809352e+00,4.581915724484522556e+00
2.241499900817871094e+00,4.581545592031489811e+00,4.586402678188454374e+00,4.582193670536797825e+00,4.578734411462194842e+00
2.241800069808959961e+00,4.578362798551553148e+00,4.583215278220956534e+00,4.579010316973671557e+00,4.575556393576968972e+00
2.242100000381469727e+00,4.575183220473914680e+00,4.580030531780588277e+00,4.575826612943463267e+00,4.572379098150793908e+00
2.242399930953979492e+00,4.572003457861477216e+00,4.576845441170224404e+00,4.572646028527140416e+00,4.569203685690272465e+00
2.242700099945068359e+00,4.568827050935734491e+00,4.573662446539199067e+00,4.569466532714630880e+00,4.566029369880147293e+00
2.243000030517578125e+00,4.565650601558222554e+00,4.570482159074579442e+00,4.566288430106556717e+00,4.562857001935680223e+00
2.243299961090087891e+00,4.562477471763647152e+00,4.567301662489656522e+00,4.563112514117463547e+00,4.559685516024150509e+00
2.243599891662597656e+00,4.559304615144339934e+00,4.564123498531519552e+00,4.559937290400548626e+00,4.556516338253829623e+00
2.243900060653686523e+00,4.556133482989649153e+00,4.560948276105614596e+00,4.556763992169684307e+00,4.553348993020605029e+00
2.244199991226196289e+00,4.552965758224813975e+00,4.557772199319349404e+00,4.553593828130178878e+00,4.550182327182011655e+00
2.244499921798706055e+00,4.549796390127670342e+00,4.554600687772682122e+00,4.550422865191380950e+00,4.547018046305566941e+00
2.244800090789794922e+00,4.546630645590929554e+00,4.551429305904870937e+00,4.547254056938377254e+00,4.543854474837045743e+00
2.245100021362304688e+00,4.543466228679275076e+00,4.548259542011616752e+00,4.544087980107041069e+00,4.540693097157813440e+00
2.245399951934814453e+00,4.540303898982977593e+00,4.545091604054348977e+00,4.540923461445494524e+00,4.537532317361575807e+00
2.245699882507324219e+00,4.537142048705407937e+00,4.541924588867985335e+00,4.537761323267440972e+00,4.534374917290396212e+00
2.246000051498413086e+00,4.533984069125677863e+00,4.538758987716871474e+00,4.534598707530851591e+00,4.531217492735220453e+00
2.246299982070922852e+00,4.530825393202212226e+00,4.535595410531725769e+00,4.531438787646081323e+00,4.528063980443820746e+00
2.246599912643432617e+00,4.527669236691079568e+00,4.532435466129341783e+00,4.528279943727208767e+00,4.524911071040994770e+00
2.246900081634521484e+00,4.524515636685391584e+00,4.529275454701676473e+00,4.525124908212854180e+00,4.521759240341564734e+00
2.247200012207031250e+00,4.521362714495178459e+00,4.526117145085766680e+00,4.521970602347399115e+00,4.518609518783526013e+00
2.247499942779541016e+00,4.518212218884939624e+00,4.522960839757530493e+00,4.518817392859882709e+00,4.515461083504256123e+00
2.247800111770629883e+00,4.515062957039836178e+00,4.519806941067529671e+00,4.515664951677546668e+00,4.512315145238785519e+00
2.248100042343139648e+00,4.511915648739953433e+00,4.516653762633044522e+00,4.512516494096198372e+00,4.509172220688632216e+00
2.248399972915649414e+00,4.508768862608335759e+00,4.513503857374786321e+00,4.509369838395906882e+00,4.506029110805227944e+00
2.248699903488159180e+00,4.505625832472729186e+00,4.510355692537757477e+00,4.506222492032510019e+00,4.502888320334893280e+00
2.249000072479248047e+00,4.502483876824142861e+00,4.507208003927046569e+00,4.503078145704130897e+00,4.499749431950402112e+00
2.249300003051757812e+00,4.499345091818568676e+00,4.504062575717682648e+00,4.499935628797951281e+00,4.496611872870714954e+00
2.249599933624267578e+00,4.496205631529351265e+00,4.500917372535892191e+00,4.496795099185561639e+00,4.493476322074175577e+00
2.249900102615356445e+00,4.493070167216926869e+00,4.497776803869909301e+00,4.493657381832849573e+00,4.490342734072550357e+00
2.250200033187866211e+00,4.489935719644050138e+00,4.494636857477727787e+00,4.490520652052516049e+00,4.487209991042092838e+00
2.250499963760375977e+00,4.486802502302596807e+00,4.491498551410487039e+00,4.487387109336525626e+00,4.484081292316545841e+00
2.250799894332885742e+00,4.483671521007752681e+00,4.488363077056067851e+00,4.484253083942208562e+00,4.480953668064420192e+00
2.251100063323974609e+00,4.480543121975194332e+00,4.485229763822163207e+00,4.481122188834899767e+00,4.477827061598202540e+00
2.251399993896484375e+00,4.477414524220327152e+00,4.482096235493211012e+00,4.477993681440911367e+00,4.474703697039155159e+00
2.251699924468994141e+00,4.474290371771015629e+00,4.478965429589461422e+00,4.474867474019474933e+00,4.471580880233949173e+00
2.252000093460083008e+00,4.471167125033883138e+00,4.475837266275187964e+00,4.471740226969899368e+00,4.468460167103869729e+00
2.252300024032592773e+00,4.468045250179456751e+00,4.472711249104573739e+00,4.468617739891796781e+00,4.465340778686779366e+00
2.252599954605102539e+00,4.464925291915182726e+00,4.469586265988116480e+00,4.465496152182430123e+00,4.462225704468062659e+00
2.252899885177612305e+00,4.461806588212001046e+00,4.466463815972522511e+00,4.462377361356036687e+00,4.459110197158942412e+00
2.253200054168701172e+00,4.458692628260992663e+00,4.463342842066589711e+00,4.459259824261627259e+00,4.455996409010346326e+00
2.253499984741210938e+00,4.455578288293352784e+00,4.460223512984323513e+00,4.456143359624127775e+00,4.452887824869439903e+00
2.253799915313720703e+00,4.452467111495240992e+00,4.457105599342515490e+00,4.453030932323867930e+00,4.449777675458629567e+00
2.254100084304809570e+00,4.449357343326396652e+00,4.453992592783777127e+00,4.449918783356614504e+00,4.446671780550906838e+00
2.254400014877319336e+00,4.446249430118961676e+00,4.450878708106209558e+00,4.446809561100215191e+00,4.443565681500301956e+00
2.254699945449829102e+00,4.443144638671462587e+00,4.447768079282976572e+00,4.443700703281519893e+00,4.440463321452576828e+00
2.255000114440917969e+00,4.440039061183531643e+00,4.444659589616725803e+00,4.440596148667146359e+00,4.437363820580054963e+00
2.255300045013427734e+00,4.436938025017449938e+00,4.441552529884386757e+00,4.437492404342025409e+00,4.434264127302132152e+00
2.255599975585937500e+00,4.433838448890144335e+00,4.438448057344436926e+00,4.434391582619244154e+00,4.431166086683512084e+00
2.255899906158447266e+00,4.430740496317614685e+00,4.435344845819720661e+00,4.431291960974329314e+00,4.428071988493324618e+00
2.256200075149536133e+00,4.427644670628502865e+00,4.432243686474759414e+00,4.428194491618804740e+00,4.424979697798476330e+00
2.256500005722045898e+00,4.424551244954845863e+00,4.429145437482246983e+00,4.425098861527521521e+00,4.421888158216657594e+00
2.256799936294555664e+00,4.421459714353603410e+00,4.426048186241332338e+00,4.422006182151109854e+00,4.418799398825497882e+00
2.257100105285644531e+00,4.418370839270647998e+00,4.422954750679161329e+00,4.418913673220943750e+00,4.415713795626471594e+00
2.257400035858154297e+00,4.415283335837124845e+00,4.419862185645516028e+00,4.415825993754166845e+00,4.412628992972847719e+00
2.257699966430664062e+00,4.412196645500785053e+00,4.416772213062052366e+00,4.412737821780190473e+00,4.409545969010348010e+00
2.257999897003173828e+00,4.409114468398982467e+00,4.413684434266468060e+00,4.409653055737653204e+00,4.406465968506210196e+00
2.258300065994262695e+00,4.406033295751896617e+00,4.410599177597307019e+00,4.406570085411100735e+00,4.403389548851268209e+00
2.258599996566772461e+00,4.402956293938812493e+00,4.407514112705468001e+00,4.403489571436006500e+00,4.400310897410971478e+00
2.258899927139282227e+00,4.399878871653327472e+00,4.404432530070001128e+00,4.400411747561140174e+00,4.397237757398280600e+00
2.259200096130371094e+00,4.396802316636306607e+00,4.401351364343727646e+00,4.397335919363505319e+00,4.394166064872450761e+00
2.259500026702880859e+00,4.393729282998925179e+00,4.398275258943648680e+00,4.394261624391664789e+00,4.391096890431271049e+00
2.259799957275390625e+00,4.390660366995487784e+00,4.395200076548375634e+00,4.391189669582665545e+00,4.388028555648704199e+00
2.260099887847900391e+00,4.387591184638947261e+00,4.392126885699896732e+00,4.388119203881232444e+00,4.384964267934920557e+00
2.260400056838989258e+00,4.384526088509361763e+00,4.389055382704075470e+00,4.385052346374730625e+00,4.381901223398058320e+00
2.260699987411499023e+00,4.381462359348049063e+00,4.385986366594543995e+00,4.381988070091505705e+00,4.378838339412414626e+00
2.260999917984008789e+00,4.378401275345632726e+00,4.382919667643686346e+00,4.378923919470696369e+00,4.375779788210895305e+00
2.261300086975097656e+00,4.375341291917523634e+00,4.379855521131664986e+00,4.375864227806230744e+00,4.372723653455351744e+00
2.261600017547607422e+00,4.372284455463629982e+00,4.376793285718758142e+00,4.372803671355036670e+00,4.369668518988972572e+00
2.261899948120117188e+00,4.369227617214733073e+00,4.373733486243126301e+00,4.369746573252356825e+00,4.366617944299258092e+00
2.262200117111206055e+00,4.366175685746699564e+00,4.370676040183797184e+00,4.366692475644823546e+00,4.363567287937620165e+00
2.262500047683715820e+00,4.363126445100451889e+00,4.367620824669187662e+00,4.363640709876020374e+00,4.360518495721029453e+00
2.262799978256225586e+00,4.360076516200411589e+00,4.364567738161285071e+00,4.360591078357810346e+00,4.357472765949947480e+00
2.263099908828735352e+00,4.357030595941051132e+00,4.361516110778402400e+00,4.357543875125595711e+00,4.354430003759651946e+00
2.263400077819824219e+00,4.353986624691326135e+00,4.358467821677840526e+00,4.354497103004671743e+00,4.351389818698089940e+00
2.263700008392333984e+00,4.350945534351501109e+00,4.355420579497333300e+00,4.351453964932200158e+00,4.348349915970653790e+00
2.263999938964843750e+00,4.347906146305370534e+00,4.352377481897463873e+00,4.348412755787512296e+00,4.345313787831035057e+00
2.264300107955932617e+00,4.344868327606616454e+00,4.349336482889173183e+00,4.345374774428129250e+00,4.342278315461436833e+00
2.264600038528442383e+00,4.341834973530612096e+00,4.346295629678166961e+00,4.342338168185270852e+00,4.339246299685268760e+00
2.264899969100952148e+00,4.338801827229012531e+00,4.343257894979339007e+00,4.339304910849766550e+00,4.336217435408359577e+00
2.265199899673461914e+00,4.335769516026944714e+00,4.340223365561392654e+00,4.336273711666114750e+00,4.333190796957563151e+00
2.265500068664550781e+00,4.332742282933406130e+00,4.337191102657824260e+00,4.333242979814225571e+00,4.330165866311538991e+00
2.265799999237060547e+00,4.329716818749227869e+00,4.334159100996499703e+00,4.330216855287175370e+00,4.327144264977142107e+00
2.266099929809570312e+00,4.326694957576911804e+00,4.331131925162015506e+00,4.327191863666607574e+00,4.324120346326147057e+00
2.266400098800659180e+00,4.323675257634835845e+00,4.328104721121033727e+00,4.324171034837350547e+00,4.321103002889858935e+00
2.266700029373168945e+00,4.320653668409285331e+00,4.325083156180934196e+00,4.321149401565442361e+00,4.318087272493959183e+00
2.266999959945678711e+00,4.317639302455923200e+00,4.322060586457307174e+00,4.318132279698926546e+00,4.315073562668023222e+00
2.267299890518188477e+00,4.314624159119707869e+00,4.319043033306478208e+00,4.315114600712810500e+00,4.312064843766875377e+00
2.267600059509277344e+00,4.311611778034768250e+00,4.316026619086523297e+00,4.312102954573918012e+00,4.309053502801261537e+00
2.267899990081787109e+00,4.308601956380529785e+00,4.313012116709197485e+00,4.309092753173215051e+00,4.306048362672827423e+00
2.268199920654296875e+00,4.305594930698984690e+00,4.310000944026653791e+00,4.306083784640852841e+00,4.303043848856623832e+00
2.268500089645385742e+00,4.302592090349865117e+00,4.306990044922671679e+00,4.303080327406656913e+00,4.300041746543125321e+00
2.268800020217895508e+00,4.299590031723762529e+00,4.303983811208095034e+00,4.300074726097879108e+00,4.297042325247543815e+00
2.269099950790405273e+00,4.296589831970070605e+00,4.300978057465643545e+00,4.297073918215045474e+00,4.294046984980558257e+00
2.269399881362915039e+00,4.293593264886718330e+00,4.297978256376241646e+00,4.294075528222805360e+00,4.291048665345662094e+00
2.269700050354003906e+00,4.290596353995985268e+00,4.294978509592843885e+00,4.291078927686843514e+00,4.288058782378339373e+00
2.269999980926513672e+00,4.287605656932446330e+00,4.291980619376019490e+00,4.288086234198635438e+00,4.285067925669220124e+00
2.270299911499023438e+00,4.284614264512221382e+00,4.288987812969767610e+00,4.285091865121429144e+00,4.282081654947488047e+00
2.270600080490112305e+00,4.281625645300316307e+00,4.285993919944853126e+00,4.282104146647795595e+00,4.279097032994695127e+00
2.270900011062622070e+00,4.278640199973027691e+00,4.283002916910398028e+00,4.279120448532535370e+00,4.276113481311877074e+00
2.271199941635131836e+00,4.275659054272697546e+00,4.280015634705694794e+00,4.276134074932053331e+00,4.273132297604369079e+00
2.271500110626220703e+00,4.272677633463480618e+00,4.277032501128929631e+00,4.273151024483726523e+00,4.270154315082825391e+00
2.271800041198730469e+00,4.269701699163086950e+00,4.274047553726386894e+00,4.270172786281118071e+00,4.267180103010354664e+00
2.272099971771240234e+00,4.266723880333741725e+00,4.271070576349753622e+00,4.267196874027095355e+00,4.264207408517336262e+00
2.272399902343750000e+00,4.263749628522525370e+00,4.268091883325350722e+00,4.264221381796767574e+00,4.261238025379052274e+00
2.272700071334838867e+00,4.260778772494196787e+00,4.265115742182373992e+00,4.261251519205703886e+00,4.258269751851933904e+00
2.273000001907348633e+00,4.257814037823048459e+00,4.262141643573592376e+00,4.258280265821393407e+00,4.255303283795464964e+00
2.273299932479858398e+00,4.254845516796337712e+00,4.259173270708344283e+00,4.255314832889222743e+00,4.252339318274563240e+00
2.273600101470947266e+00,4.251883284383081829e+00,4.256204874555526096e+00,4.252348440192715628e+00,4.249380634964492032e+00
2.273900032043457031e+00,4.248922656143660603e+00,4.253239672541130112e+00,4.249386617059499827e+00,4.246420043583856163e+00
2.274199962615966797e+00,4.245964136955625357e+00,4.250277527835976343e+00,4.246427837617666512e+00,4.243465330713441119e+00
2.274499893188476562e+00,4.243009352333640294e+00,4.247316176508545205e+00,4.243471818221143721e+00,4.240511886718445034e+00
2.274800062179565430e+00,4.240057656292950838e+00,4.244357838011608486e+00,4.240516425451722249e+00,4.237561472213021929e+00
2.275099992752075195e+00,4.237104667404366865e+00,4.241403278702814639e+00,4.237564904665521048e+00,4.234613580299371627e+00
2.275399923324584961e+00,4.234157367312604059e+00,4.238449577227828335e+00,4.234616588599644516e+00,4.231667467200884047e+00
2.275700092315673828e+00,4.231209209202985377e+00,4.235499734240769421e+00,4.231670713390832006e+00,4.228723229950144713e+00
2.276000022888183594e+00,4.228265359269431478e+00,4.232552458465690393e+00,4.228723918801121862e+00,4.225785737640178397e+00
2.276299953460693359e+00,4.225326467180085643e+00,4.229608101386335584e+00,4.225781791095728934e+00,4.222846339958294060e+00
2.276599884033203125e+00,4.222386261814297548e+00,4.226663545213233064e+00,4.222843596329099114e+00,4.219912404605803857e+00
2.276900053024291992e+00,4.219450620942061470e+00,4.223723741094735473e+00,4.219905649938977987e+00,4.216977021045217100e+00
2.277199983596801758e+00,4.216518213604915744e+00,4.220785392080706799e+00,4.216970751262890893e+00,4.214047036148816261e+00
2.277499914169311523e+00,4.213586291998791644e+00,4.217850674889184859e+00,4.214039201857512573e+00,4.211117913588785733e+00
2.277800083160400391e+00,4.210659804825583663e+00,4.214918736319981818e+00,4.211110034884441689e+00,4.208193710476150429e+00
2.278100013732910156e+00,4.207732890636986411e+00,4.211987843654879882e+00,4.208184118242427552e+00,4.205270588919160168e+00
2.278399944305419922e+00,4.204810828122456989e+00,4.209060844307249916e+00,4.205259270141517014e+00,4.202349339122001481e+00
2.278700113296508789e+00,4.201888757000896035e+00,4.206135798401650305e+00,4.202338851618114823e+00,4.199433498931082198e+00
2.279000043869018555e+00,4.198971411337893755e+00,4.203214128891890056e+00,4.199420211388654955e+00,4.196516703558751615e+00
2.279299974441528320e+00,4.196056646800952805e+00,4.200293730990198426e+00,4.196503446772084089e+00,4.193604431689677448e+00
2.279599905014038086e+00,4.193142806434430270e+00,4.197376811436829058e+00,4.193588801533774557e+00,4.190694646995139827e+00
2.279900074005126953e+00,4.190233474149392734e+00,4.194462178073130154e+00,4.190679241208559169e+00,4.187786670353010443e+00
2.280200004577636719e+00,4.187326323946554574e+00,4.191550470919117366e+00,4.187769023283091308e+00,4.184882506589916673e+00
2.280499935150146484e+00,4.184421268428348384e+00,4.188642000670391496e+00,4.184864936369386612e+00,4.181979249314007774e+00
2.280800104141235352e+00,4.181517680896708278e+00,4.185735266215208306e+00,4.181960728796544124e+00,4.179080767183283918e+00
2.281100034713745117e+00,4.178619070170330296e+00,4.182830420198906829e+00,4.179061231722459802e+00,4.176182116807110489e+00
2.281399965286254883e+00,4.175721757546415169e+00,4.179929117572795505e+00,4.176160739953397538e+00,4.173287595751218326e+00
2.281699895858764648e+00,4.172826991653172612e+00,4.177029295056827962e+00,4.173265312198612520e+00,4.170395790901022970e+00
2.282000064849853516e+00,4.169934238280329275e+00,4.174133250774484161e+00,4.170374833528721403e+00,4.167507153619036231e+00
2.282299995422363281e+00,4.167045420571468206e+00,4.171240914631349384e+00,4.167482218344219724e+00,4.164619720694711980e+00
2.282599925994873047e+00,4.164158672557041641e+00,4.168347901969138292e+00,4.164596049545124856e+00,4.161736929044874245e+00
2.282900094985961914e+00,4.161273996410109532e+00,4.165460725563231215e+00,4.161709727228276812e+00,4.158854746036995564e+00
2.283200025558471680e+00,4.158392295406605932e+00,4.162574432532538893e+00,4.158828178146892540e+00,4.155974764202256644e+00
2.283499956130981445e+00,4.155513981153481140e+00,4.159690918126739412e+00,4.155948805810364632e+00,4.153099755906126234e+00
2.283799886703491211e+00,4.152637249783408535e+00,4.156811139969065039e+00,4.153070453246283655e+00,4.150225298742685531e+00
2.284100055694580078e+00,4.149763862669175296e+00,4.153932777295590739e+00,4.150196259199133486e+00,4.147355782812173430e+00
2.284399986267089844e+00,4.146892326134939744e+00,4.151056873898247623e+00,4.147324147684714468e+00,4.144485705738428116e+00
2.284699916839599609e+00,4.144023944938622250e+00,4.148184345067440937e+00,4.144455737407424678e+00,4.141619693673024294e+00
2.285000085830688477e+00,4.141157985561128463e+00,4.145313753810252244e+00,4.141588952045547778e+00,4.138757326661297142e+00
2.285300016403198242e+00,4.138295691685764055e+00,4.142448125959741212e+00,4.138723945270340820e+00,4.135896591294057956e+00
2.285599946975708008e+00,4.135434777746090695e+00,4.139582618496165267e+00,4.135863567940772256e+00,4.133039806729406962e+00
2.285900115966796875e+00,4.132577539984431780e+00,4.136720421154469918e+00,4.133005200676213242e+00,4.130182231053883157e+00
2.286200046539306641e+00,4.129720993725076283e+00,4.133862618994329274e+00,4.130148894355707867e+00,4.127331965949860404e+00
2.286499977111816406e+00,4.126869325218217810e+00,4.131005343666707574e+00,4.127296086039144107e+00,4.124481673279636773e+00
2.286799907684326172e+00,4.124019974563223556e+00,4.128151470888274055e+00,4.124446029731663188e+00,4.121633149592407008e+00
2.287100076675415039e+00,4.121171874080995501e+00,4.125300362955535149e+00,4.121595208244815289e+00,4.118789715543803354e+00
2.287400007247924805e+00,4.118326496974913375e+00,4.122451464493361861e+00,4.118752235809568063e+00,4.115948241013579256e+00
2.287699937820434570e+00,4.115484591604893438e+00,4.119605348173191572e+00,4.115908802510201525e+00,4.113108885126191439e+00
2.288000106811523438e+00,4.112646810200440761e+00,4.116761592566899886e+00,4.113069498786833478e+00,4.110271863186713226e+00
2.288300037384033203e+00,4.109810229548438443e+00,4.113921294530417327e+00,4.110232046208246892e+00,4.107438060584653883e+00
2.288599967956542969e+00,4.106976624395255016e+00,4.111083533920937505e+00,4.107396588837765705e+00,4.104607053745922052e+00
2.288899898529052734e+00,4.104145579572462843e+00,4.108247088689895854e+00,4.104565068512560977e+00,4.101778256037345471e+00
2.289200067520141602e+00,4.101316833838509091e+00,4.105414749945936137e+00,4.101735872595772214e+00,4.098952465645933962e+00
2.289499998092651367e+00,4.098490636209599636e+00,4.102585194135755842e+00,4.098910193493314758e+00,4.096129641121254217e+00
2.289799928665161133e+00,4.095668592853281886e+00,4.099757189415278447e+00,4.096086342704147398e+00,4.093308755526133602e+00
2.290100097656250000e+00,4.092846976605432729e+00,4.096933773710752291e+00,4.093264800687315130e+00,4.090490593365138317e+00
2.290400028228759766e+00,4.090030111215877007e+00,4.094113490125018906e+00,4.090447015605649383e+00,4.087675099386945732e+00
2.290699958801269531e+00,4.087215298032883304e+00,4.091293567162606948e+00,4.087631138365466654e+00,4.084864610806176799e+00
2.290999889373779297e+00,4.084403031196284672e+00,4.088476790813587947e+00,4.084819612691651614e+00,4.082052932665460432e+00
2.291300058364868164e+00,4.081594481285589993e+00,4.085663734040827499e+00,4.082009855867973158e+00,4.079246496407836098e+00
2.291599988937377930e+00,4.078786771888418095e+00,4.082852622574474566e+00,4.079201628559271597e+00,4.076442655348290423e+00
2.291899919509887695e+00,4.075982058018653653e+00,4.080045095535865585e+00,4.076396100072335216e+00,4.073641491188948471e+00
2.292200088500976562e+00,4.073180614461186622e+00,4.077239524236970780e+00,4.073592389368904776e+00,4.070843182595556442e+00
2.292500019073486328e+00,4.070380424546702791e+00,4.074435762007665218e+00,4.070793987229766486e+00,4.068046701002144161e+00
2.292799949645996094e+00,4.067585237326015957e+00,4.071636325035481008e+00,4.067998428356391472e+00,4.065253499886169131e+00
2.293100118637084961e+00,4.064792118143007116e+00,4.068838347850602055e+00,4.065203421812098483e+00,4.062461091985365869e+00
2.293400049209594727e+00,4.062001588867871327e+00,4.066043763730703198e+00,4.062412388602992586e+00,4.059673721963687143e+00
2.293699979782104492e+00,4.059214188706258497e+00,4.063251532401878308e+00,4.059622950021873677e+00,4.056886416850231214e+00
2.293999910354614258e+00,4.056429264340558838e+00,4.060462969012595735e+00,4.056838842122393984e+00,4.054105153186662314e+00
2.294300079345703125e+00,4.053644868116578870e+00,4.057678410197819829e+00,4.054054509389517946e+00,4.051325709144831144e+00
2.294600009918212891e+00,4.050865302984928640e+00,4.054892954056757759e+00,4.051274840463663374e+00,4.048548288815863039e+00
2.294899940490722656e+00,4.048089261916011594e+00,4.052110856591743193e+00,4.048498168799785191e+00,4.045774176717718440e+00
2.295200109481811523e+00,4.045315311713041595e+00,4.049333834114593245e+00,4.045722325987714640e+00,4.043001814420613904e+00
2.295500040054321289e+00,4.042542950873969865e+00,4.046558580060843902e+00,4.042949740562807648e+00,4.040232124119379264e+00
2.295799970626831055e+00,4.039775518881672411e+00,4.043784196332108394e+00,4.040180811636826519e+00,4.037465692993661648e+00
2.296099901199340820e+00,4.037007499834569302e+00,4.041014598698317251e+00,4.037415200711721219e+00,4.034702181116642805e+00
2.296400070190429688e+00,4.034244850356968115e+00,4.038248171238648432e+00,4.034649983842778731e+00,4.031941800096262796e+00
2.296700000762939453e+00,4.031484264512829263e+00,4.035483066441521771e+00,4.031889071721634465e+00,4.029184959077392492e+00
2.296999931335449219e+00,4.028726336870451341e+00,4.032721744759081517e+00,4.029130280554555021e+00,4.026427993496151103e+00
2.297300100326538086e+00,4.025969612094281835e+00,4.029963666952152579e+00,4.026374367537231436e+00,4.023674266311571657e+00
2.297600030899047852e+00,4.023218376462867951e+00,4.027205360894081210e+00,4.023622306771707180e+00,4.020925075702678875e+00
2.297899961471557617e+00,4.020466567599027208e+00,4.024452033453673749e+00,4.020870618738060287e+00,4.018178618077695496e+00
2.298199892044067383e+00,4.017721214098849636e+00,4.021702217739944629e+00,4.018123923310800372e+00,4.015434388909543628e+00
2.298500061035156250e+00,4.014977374823289757e+00,4.018953204065811136e+00,4.015378964548157015e+00,4.012692210993592745e+00
2.298799991607666016e+00,4.012235648997245718e+00,4.016207390051061310e+00,4.012637022330942216e+00,4.009952315957074021e+00
2.299099922180175781e+00,4.009495309584751865e+00,4.013465385143234698e+00,4.009898360892077740e+00,4.007215460558585463e+00
2.299400091171264648e+00,4.006761172245388636e+00,4.010725006153583294e+00,4.007162226949509076e+00,4.004482974208404045e+00
2.299700021743774414e+00,4.004027594109333066e+00,4.007988108736959099e+00,4.004427591634910577e+00,4.001752110924062578e+00
2.299999952316284180e+00,4.001296953290149006e+00,4.005253266789102540e+00,4.001697194546835590e+00,3.999022545127499217e+00
