frequency,S11_re,S11_im,S12_re,S12_im,S13_re,S13_im,S14_re,S14_im,S21_re,S21_im,S22_re,S22_im,S23_re,S23_im,S24_re,S24_im,S31_re,S31_im,S32_re,S32_im,S33_re,S33_im,S34_re,S34_im,S41_re,S41_im,S42_re,S42_im,S43_re,S43_im,S44_re,S44_im
7.90000009536743,-0.0610127449035645,0.342296808958054,0.366784632205963,-0.260081619024277,0.070671521127224,-0.180601835250854,0.366434246301651,-0.260312646627426,0.366784632205963,-0.260081619024277,-0.0613254867494106,0.341975778341293,0.366662353277206,-0.260163009166718,0.0707934871315956,-0.180557101964951,0.070671521127224,-0.180601835250854,0.366662383079529,-0.26016303896904,-0.0608120411634445,0.342472761869431,0.366357743740082,-0.260394752025604,0.366434246301651,-0.260312646627426,0.0707934871315956,-0.180557101964951,0.366357713937759,-0.260394722223282,-0.0606638230383396,0.342543184757233
7.90059995651245,-0.0605619698762894,0.342590242624283,0.366603195667267,-0.260268479585648,0.0705317333340645,-0.180557370185852,0.366252660751343,-0.260499179363251,0.366603195667267,-0.26026850938797,-0.0608749575912952,0.342269569635391,0.366480827331543,-0.260349780321121,0.0706536471843719,-0.180512800812721,0.0705317333340645,-0.180557370185852,0.366480767726898,-0.260349810123444,-0.0603611432015896,0.342766016721725,0.366176098585129,-0.260581225156784,0.366252660751343,-0.260499179363251,0.0706536471843719,-0.180512800812721,0.366176068782806,-0.260581165552139,-0.0602128989994526,0.342836230993271
7.90119981765747,-0.0601112470030785,0.342883110046387,0.366421550512314,-0.260455131530762,0.0703920647501945,-0.18051278591156,0.366070926189423,-0.260685443878174,0.366421580314636,-0.260455191135406,-0.060424230992794,0.342562854290009,0.366299092769623,-0.260536372661591,0.0705140084028244,-0.180468335747719,0.0703920647501945,-0.18051278591156,0.366299092769623,-0.260536372661591,-0.0599100440740585,0.343058675527573,0.365994274616241,-0.26076740026474,0.366070926189423,-0.260685443878174,0.0705140084028244,-0.180468335747719,0.365994244813919,-0.260767340660095,-0.0597619451582432,0.343128710985184
7.90180015563965,-0.0596602521836758,0.34317547082901,0.366239756345749,-0.260641604661942,0.0702525675296783,-0.180468067526817,0.365889042615891,-0.260871469974518,0.366239786148071,-0.260641634464264,-0.0599733032286167,0.3428555727005,0.366117268800735,-0.260722696781158,0.070374496281147,-0.180423751473427,0.0702525675296783,-0.180468067526817,0.366117268800735,-0.260722696781158,-0.059458926320076,0.343350827693939,0.36581227183342,-0.260953396558762,0.365889042615891,-0.260871469974518,0.070374496281147,-0.180423751473427,0.365812301635742,-0.260953366756439,-0.0593107156455517,0.343420684337616
7.90240001678467,-0.059209231287241,0.343467324972153,0.366057872772217,-0.260827839374542,0.0701131820678711,-0.180423229932785,0.365706980228424,-0.261057317256927,0.366057902574539,-0.260827898979187,-0.0595223568379879,0.343147814273834,0.365935266017914,-0.260908842086792,0.0702351108193398,-0.180379062891006,0.0701131820678711,-0.180423229932785,0.365935295820236,-0.260908842086792,-0.0590076968073845,0.343642473220825,0.365630179643631,-0.261139124631882,0.365706980228424,-0.261057317256927,0.0702351480722427,-0.180379062891006,0.365630179643631,-0.261139065027237,-0.0588594637811184,0.343712151050568
7.90299987792969,-0.0587581023573875,0.343758672475815,0.365875869989395,-0.261013865470886,0.0699739679694176,-0.180378243327141,0.365524798631668,-0.261242926120758,0.365875840187073,-0.261013895273209,-0.0590712986886501,0.34343945980072,0.365753173828125,-0.261094748973846,0.0700959116220474,-0.180334240198135,0.0699739679694176,-0.180378243327141,0.365753173828125,-0.261094778776169,-0.0585563667118549,0.343933582305908,0.36544793844223,-0.261324673891068,0.365524798631668,-0.261242926120758,0.070095919072628,-0.180334255099297,0.365447908639908,-0.261324673891068,-0.0584080219268799,0.344003081321716
7.90360021591187,-0.0583067871630192,0.344049453735352,0.365693658590317,-0.261199653148651,0.0698349103331566,-0.180333152413368,0.3653424680233,-0.261428356170654,0.365693658590317,-0.261199712753296,-0.0586200580000877,0.343730628490448,0.365570843219757,-0.261280447244644,0.0699567645788193,-0.180289283394814,0.0698349103331566,-0.180333152413368,0.365570843219757,-0.261280447244644,-0.0581048391759396,0.344224184751511,0.365265548229218,-0.261510014533997,0.3653424680233,-0.261428356170654,0.0699567720293999,-0.180289298295975,0.365265518426895,-0.261510014533997,-0.0579564832150936,0.344293475151062
7.90420007705688,-0.0578553639352322,0.344339728355408,0.365511298179626,-0.261385262012482,0.0696959272027016,-0.180287927389145,0.365160018205643,-0.261613577604294,0.365511327981949,-0.261385291814804,-0.0581687055528164,0.344021260738373,0.365388482809067,-0.261465966701508,0.0698178708553314,-0.180244222283363,0.0696959272027016,-0.180287927389145,0.365388482809067,-0.261465966701508,-0.0576532185077667,0.34451425075531,0.365082979202271,-0.261695146560669,0.365160018205643,-0.261613577604294,0.0698178708553314,-0.180244222283363,0.365083038806915,-0.261695116758347,-0.0575048290193081,0.344583332538605
7.9047999382019,-0.0574038438498974,0.344629466533661,0.365328848361969,-0.261570662260056,0.0695572048425674,-0.180242583155632,0.364977419376373,-0.261798560619354,0.365328788757324,-0.261570662260056,-0.0577173382043839,0.344311386346817,0.365205883979797,-0.261651217937469,0.0696790367364883,-0.180199027061462,0.0695572048425674,-0.180242583155632,0.36520591378212,-0.261651217937469,-0.0572014898061752,0.344803780317307,0.364900320768356,-0.26188001036644,0.364977419376373,-0.261798560619354,0.0696790814399719,-0.18019899725914,0.364900290966034,-0.26188001036644,-0.0570531710982323,0.344872713088989
7.90539979934692,-0.056952215731144,0.344918638467789,0.3651462495327,-0.261755794286728,0.0694185495376587,-0.180197104811668,0.364794731140137,-0.261983305215836,0.3651462495327,-0.26175582408905,-0.0572658590972424,0.344600975513458,0.365023285150528,-0.261836230754852,0.0695404186844826,-0.18015368282795,0.0694185495376587,-0.180197104811668,0.365023285150528,-0.261836230754852,-0.0567497462034225,0.3450927734375,0.364717572927475,-0.262064725160599,0.364794671535492,-0.261983305215836,0.0695404186844826,-0.18015368282795,0.364717543125153,-0.262064695358276,-0.0566013194620609,0.345161527395248
7.9060001373291,-0.0565004907548428,0.345207333564758,0.364963531494141,-0.261940747499466,0.0692800655961037,-0.180151507258415,0.364611804485321,-0.262167900800705,0.364963442087173,-0.261940777301788,-0.0568142011761665,0.344890028238297,0.364840447902679,-0.262021094560623,0.0694019645452499,-0.180108219385147,0.0692800655961037,-0.180151507258415,0.364840447902679,-0.262021094560623,-0.0562979020178318,0.345381259918213,0.364534556865692,-0.262249231338501,0.364611804485321,-0.262167870998383,0.0694019645452499,-0.180108219385147,0.364534556865692,-0.262249171733856,-0.0561493746936321,0.345449805259705
7.90659999847412,-0.0560487508773804,0.345495522022247,0.36478054523468,-0.262125462293625,0.0691416561603546,-0.180105790495872,0.364428788423538,-0.26235219836235,0.36478054523468,-0.262125462293625,-0.0563624426722527,0.345178544521332,0.364657402038574,-0.262205719947815,0.0692635402083397,-0.180062636733055,0.0691416561603546,-0.180105790495872,0.364657402038574,-0.262205719947815,-0.0558458752930164,0.345669209957123,0.364351511001587,-0.262433439493179,0.364428788423538,-0.26235219836235,0.0692635849118233,-0.180062636733055,0.364351540803909,-0.262433439493179,-0.055697325617075,0.34573757648468
7.90719985961914,-0.0555968321859837,0.345783144235611,0.36459755897522,-0.262309998273849,0.0690035000443459,-0.18005995452404,0.364245682954788,-0.262536317110062,0.364597499370575,-0.262310028076172,-0.0559105835855007,0.345466583967209,0.364474296569824,-0.262390106916428,0.0691253691911697,-0.180016949772835,0.0690035000443459,-0.18005995452404,0.364474296569824,-0.262390106916428,-0.0553937517106533,0.34595662355423,0.364168256521225,-0.262617498636246,0.364245682954788,-0.262536317110062,0.0691253691911697,-0.180016949772835,0.364168226718903,-0.262617439031601,-0.0552451051771641,0.346024870872498
7.90780019760132,-0.0551447309553623,0.346070259809494,0.364414423704147,-0.262494266033173,0.0688654184341431,-0.180013969540596,0.364062279462814,-0.262720257043839,0.364414364099503,-0.262494295835495,-0.0554586313664913,0.345754057168961,0.364291101694107,-0.262574344873428,0.0689872801303864,-0.179971113801003,0.0688654184341431,-0.180013969540596,0.364291101694107,-0.262574344873428,-0.0549414567649364,0.346243560314178,0.363984853029251,-0.262801319360733,0.364062279462814,-0.262720257043839,0.0689872801303864,-0.179971113801003,0.363984882831573,-0.262801289558411,-0.0547929480671883,0.346311569213867
7.90840005874634,-0.0546926222741604,0.346356868743896,0.364231079816818,-0.262678384780884,0.0687274932861328,-0.179967880249023,0.36387887597084,-0.262903928756714,0.364231050014496,-0.262678414583206,-0.0550065822899342,0.346041053533554,0.364107698202133,-0.262758284807205,0.0688493922352791,-0.179925173521042,0.0687274932861328,-0.179967880249023,0.364107698202133,-0.262758284807205,-0.0544891469180584,0.346529960632324,0.36380136013031,-0.262984931468964,0.36387887597084,-0.262903928756714,0.0688493922352791,-0.179925173521042,0.36380136013031,-0.262984901666641,-0.0543405376374722,0.346597760915756
7.90899991989136,-0.0542403385043144,0.346642941236496,0.364047586917877,-0.262862235307693,0.0685897469520569,-0.179921671748161,0.363695323467255,-0.26308736205101,0.364047586917877,-0.262862265110016,-0.0545544363558292,0.346327424049377,0.36392417550087,-0.262942045927048,0.0687116235494614,-0.179879084229469,0.0685897469520569,-0.179921671748161,0.36392417550087,-0.262942045927048,-0.0540367476642132,0.346815824508667,0.363617718219757,-0.263168305158615,0.363695323467255,-0.26308736205101,0.068711631000042,-0.17987909913063,0.363617718219757,-0.263168275356293,-0.0538881160318851,0.346883445978165
7.90959978103638,-0.0537880472838879,0.346928507089615,0.363864064216614,-0.263045877218246,0.0684521570801735,-0.179875329136848,0.363511592149734,-0.263270646333694,0.363864034414291,-0.263045907020569,-0.0541021190583706,0.346613347530365,0.363740533590317,-0.263125598430634,0.0685739815235138,-0.179832920432091,0.0684521570801735,-0.179875329136848,0.363740533590317,-0.263125598430634,-0.0535841658711433,0.347101181745529,0.363433957099915,-0.263351500034332,0.363511592149734,-0.263270646333694,0.0685739815235138,-0.179832920432091,0.363433927297592,-0.26335147023201,-0.0534355230629444,0.347168564796448
7.91020011901855,-0.053335577249527,0.347213536500931,0.363680303096771,-0.263229340314865,0.0683146491646767,-0.179828867316246,0.363327741622925,-0.263453662395477,0.363680303096771,-0.263229370117188,-0.0536497943103313,0.34689873456955,0.363556653261185,-0.26330891251564,0.0684365481138229,-0.179786592721939,0.0683146491646767,-0.179828867316246,0.363556653261185,-0.26330891251564,-0.0531315021216869,0.347385972738266,0.36325004696846,-0.26353445649147,0.36332768201828,-0.263453662395477,0.0684365481138229,-0.179786592721939,0.363250017166138,-0.263534426689148,-0.0529828406870365,0.347453236579895
7.91079998016357,-0.0528829395771027,0.347497999668121,0.363496422767639,-0.263412564992905,0.0681773871183395,-0.179782271385193,0.363143771886826,-0.263636499643326,0.363496422767639,-0.263412564992905,-0.0531972944736481,0.347183644771576,0.363372713327408,-0.26349201798439,0.068299189209938,-0.179740160703659,0.0681773871183395,-0.179782271385193,0.363372713327408,-0.26349201798439,-0.0526788309216499,0.347670257091522,0.363065958023071,-0.263717234134674,0.363143771886826,-0.263636499643326,0.068299189209938,-0.179740160703659,0.363065958023071,-0.263717174530029,-0.0525300689041615,0.347737342119217
7.91139984130859,-0.052430298179388,0.347782015800476,0.36331245303154,-0.263595521450043,0.0680401623249054,-0.179735600948334,0.362959653139114,-0.263819098472595,0.363312423229218,-0.263595551252365,-0.0527447052299976,0.347467929124832,0.363188683986664,-0.263674914836884,0.0681619942188263,-0.179693594574928,0.0680401995778084,-0.179735586047173,0.363188683986664,-0.263674914836884,-0.0522259138524532,0.347954034805298,0.362881779670715,-0.263899743556976,0.36295959353447,-0.263819128274918,0.0681619942188263,-0.179693594574928,0.362881779670715,-0.263899683952332,-0.0520771257579327,0.348020941019058
7.91200017929077,-0.0519775673747063,0.348065435886383,0.363128274679184,-0.263778328895569,0.0679031386971474,-0.179688736796379,0.362775355577469,-0.26400151848793,0.363128304481506,-0.263778328895569,-0.05229202657938,0.34775173664093,0.363004416227341,-0.26385760307312,0.0680249556899071,-0.179646909236908,0.0679031386971474,-0.179688736796379,0.363004416227341,-0.26385760307312,-0.0517729818820953,0.348237276077271,0.36269748210907,-0.264082044363022,0.362775355577469,-0.26400151848793,0.0680249556899071,-0.179646909236908,0.362697452306747,-0.264081984758377,-0.0516241863369942,0.348303943872452
7.91260004043579,-0.0515246726572514,0.348348379135132,0.362944036722183,-0.263960868120193,0.0677662491798401,-0.179641798138618,0.362590968608856,-0.264183670282364,0.362944036722183,-0.263960897922516,-0.0518392734229565,0.34803506731987,0.362820118665695,-0.2640400826931,0.0678880885243416,-0.179600104689598,0.0677662491798401,-0.179641798138618,0.362820118665695,-0.2640400826931,-0.0513199716806412,0.348520010709763,0.362512975931168,-0.264264136552811,0.362590968608856,-0.264183670282364,0.0678880885243416,-0.179600104689598,0.36251300573349,-0.264264106750488,-0.0511711612343788,0.348586559295654
7.91319990158081,-0.0510716959834099,0.348630785942078,0.362759619951248,-0.264143228530884,0.0676295086741447,-0.179594755172729,0.362406432628632,-0.264365583658218,0.362759590148926,-0.264143258333206,-0.0513864196836948,0.348317831754684,0.362635642290115,-0.264222294092178,0.0677512958645821,-0.179553166031837,0.0676295086741447,-0.179594755172729,0.362635642290115,-0.264222294092178,-0.0508668012917042,0.348802208900452,0.362328439950943,-0.26444599032402,0.362406432628632,-0.264365583658218,0.0677513033151627,-0.179553180932999,0.362328410148621,-0.264445960521698,-0.0507179684937,0.348868548870087
7.91379976272583,-0.0506187193095684,0.34891265630722,0.362575083971024,-0.264325350522995,0.0674929395318031,-0.179547548294067,0.362221747636795,-0.264547348022461,0.362575083971024,-0.264325380325317,-0.050933413207531,0.348600119352341,0.362450987100601,-0.264404296875,0.0676146745681763,-0.179506152868271,0.0674929395318031,-0.179547548294067,0.362450987100601,-0.264404296875,-0.0504135414958,0.349083870649338,0.362143665552139,-0.264627665281296,0.362221747636795,-0.264547348022461,0.0676146745681763,-0.179506152868271,0.362143635749817,-0.264627635478973,-0.0502646118402481,0.349150031805038
7.91440010070801,-0.0501655787229538,0.349194049835205,0.362390339374542,-0.264507263898849,0.0673565044999123,-0.179500252008438,0.362036973237991,-0.264728873968124,0.362390339374542,-0.264507293701172,-0.0504802353680134,0.348881840705872,0.362266182899475,-0.264586120843887,0.0674782171845436,-0.179458990693092,0.0673565044999123,-0.179500252008438,0.362266182899475,-0.264586120843887,-0.0499602034687996,0.349365025758743,0.361958771944046,-0.26480907201767,0.362036973237991,-0.264728873968124,0.0674782171845436,-0.179458990693092,0.361958771944046,-0.26480907201767,-0.0498112589120865,0.349430978298187
7.91499996185303,-0.0497122742235661,0.349474877119064,0.362205594778061,-0.264688968658447,0.0672202184796333,-0.179452836513519,0.361852020025253,-0.264910161495209,0.362205505371094,-0.26468899846077,-0.0500270575284958,0.349163025617599,0.362081348896027,-0.264767736196518,0.0673419237136841,-0.179411739110947,0.0672202184796333,-0.179452836513519,0.362081348896027,-0.264767736196518,-0.0495067909359932,0.349645674228668,0.361773759126663,-0.264990329742432,0.361852020025253,-0.264910161495209,0.0673419237136841,-0.179411739110947,0.361773729324341,-0.264990299940109,-0.0493577495217323,0.349711447954178
7.91559982299805,-0.0492588952183723,0.349755167961121,0.362020581960678,-0.264870434999466,0.0670841038227081,-0.179405272006989,0.361666977405548,-0.265091270208359,0.362020581960678,-0.264870464801788,-0.0495738945901394,0.349443733692169,0.361896276473999,-0.264949083328247,0.0672057867050171,-0.179364293813705,0.0670841038227081,-0.179405272006989,0.361896276473999,-0.264949083328247,-0.0490532144904137,0.34992578625679,0.361588627099991,-0.265171319246292,0.361666977405548,-0.265091270208359,0.0672057941555977,-0.179364308714867,0.361588627099991,-0.265171319246292,-0.0489042438566685,0.349991321563721
7.91620016098022,-0.0488055199384689,0.350034981966019,0.361835479736328,-0.26505172252655,0.0669480636715889,-0.179357618093491,0.361481726169586,-0.265272110700607,0.361835479736328,-0.265051752328873,-0.0491203963756561,0.349723875522614,0.361711114645004,-0.265130221843719,0.0670698285102844,-0.179316774010658,0.0669480636715889,-0.179357618093491,0.361711114645004,-0.265130221843719,-0.048599649220705,0.350205361843109,0.361403346061707,-0.265352129936218,0.361481726169586,-0.265272110700607,0.0670698285102844,-0.179316774010658,0.361403346061707,-0.265352129936218,-0.0484504997730255,0.350270748138428
7.91680002212524,-0.0483519099652767,0.350314259529114,0.361650288105011,-0.265232741832733,0.0668121874332428,-0.179309830069542,0.361296415328979,-0.265452772378922,0.361650288105011,-0.265232741832733,-0.0486669838428497,0.350003510713577,0.36152583360672,-0.265311151742935,0.0669339373707771,-0.179269134998322,0.0668121874332428,-0.179309830069542,0.361525863409042,-0.265311181545258,-0.048145841807127,0.350484430789948,0.361217975616455,-0.265532672405243,0.361296415328979,-0.265452772378922,0.0669339373707771,-0.179269134998322,0.361217945814133,-0.265532642602921,-0.0479967631399632,0.350549668073654
7.91739988327026,-0.0478983037173748,0.350593000650406,0.361464858055115,-0.265413582324982,0.0666764825582504,-0.179261952638626,0.361110925674438,-0.265633195638657,0.361464887857437,-0.265413612127304,-0.0482134260237217,0.35028263926506,0.361340403556824,-0.265491873025894,0.066798210144043,-0.179221376776695,0.0666764825582504,-0.179261952638626,0.361340403556824,-0.265491873025894,-0.0476920455694199,0.350762993097305,0.361032426357269,-0.265713036060333,0.361110925674438,-0.265633195638657,0.066798210144043,-0.179221376776695,0.361032426357269,-0.265713036060333,-0.0475429557263851,0.350828021764755
7.91800022125244,-0.0474445447325706,0.350871235132217,0.361279457807541,-0.265594214200974,0.066540852189064,-0.17921394109726,0.360925316810608,-0.265813410282135,0.361279457807541,-0.265594214200974,-0.0477597899734974,0.350561261177063,0.361154824495316,-0.265672385692596,0.0666625648736954,-0.179173529148102,0.066540852189064,-0.17921394109726,0.361154824495316,-0.265672385692596,-0.0472380928695202,0.35104101896286,0.360846728086472,-0.265893191099167,0.360925316810608,-0.265813410282135,0.0666625648736954,-0.179173529148102,0.360846757888794,-0.265893131494522,-0.0470889881253242,0.351105839014053
7.91860008239746,-0.0469907112419605,0.351148962974548,0.361093819141388,-0.265774577856064,0.0664055496454239,-0.17916576564312,0.360739558935165,-0.265993446111679,0.361093819141388,-0.265774577856064,-0.0473059937357903,0.350839287042618,0.36096915602684,-0.26585265994072,0.0665271654725075,-0.179125517606735,0.0664055496454239,-0.17916576564312,0.36096915602684,-0.26585265994072,-0.0467841513454914,0.35131847858429,0.360660880804062,-0.266073107719421,0.360739558935165,-0.265993446111679,0.0665271654725075,-0.179125517606735,0.36066085100174,-0.266073077917099,-0.046634953469038,0.351383119821548
7.91919994354248,-0.0465368181467056,0.351426154375076,0.360908061265945,-0.265954732894897,0.0662702545523643,-0.179117515683174,0.360553711652756,-0.266173183917999,0.360908091068268,-0.26595476269722,-0.0468522161245346,0.351116865873337,0.360783308744431,-0.266032695770264,0.0663918554782867,-0.179077431559563,0.0662702545523643,-0.179117515683174,0.360783308744431,-0.266032725572586,-0.046330064535141,0.351595491170883,0.36047500371933,-0.266252815723419,0.360553711652756,-0.266173183917999,0.0663918554782867,-0.179077431559563,0.360474973917007,-0.266252785921097,-0.0461807698011398,0.35165998339653
7.9197998046875,-0.0460828468203545,0.351702809333801,0.360722154378891,-0.266134679317474,0.0661350265145302,-0.179069176316261,0.360367655754089,-0.266352772712708,0.360722124576569,-0.266134738922119,-0.0463982820510864,0.35139387845993,0.360597342252731,-0.266212582588196,0.0662567839026451,-0.179029181599617,0.0661350265145302,-0.179069176316261,0.360597342252731,-0.266212582588196,-0.045875821262598,0.351871937513351,0.360288918018341,-0.266432255506516,0.360367655754089,-0.266352772712708,0.0662567839026451,-0.179029181599617,0.360288918018341,-0.266432225704193,-0.045726515352726,0.351936221122742
7.92040014266968,-0.0456286482512951,0.351978957653046,0.360536158084869,-0.266314417123795,0.0660001486539841,-0.179020673036575,0.360181570053101,-0.266532093286514,0.360536158084869,-0.266314476728439,-0.0459442026913166,0.351670414209366,0.360411256551743,-0.266392230987549,0.0661217123270035,-0.178980857133865,0.0660001486539841,-0.179020673036575,0.360411256551743,-0.266392230987549,-0.04542151466012,0.352147877216339,0.36010268330574,-0.266611516475677,0.360181570053101,-0.266532093286514,0.0661218017339706,-0.178980827331543,0.36010268330574,-0.266611486673355,-0.0452722795307636,0.352211952209473
7.9210000038147,-0.0451744608581066,0.352254599332809,0.360350042581558,-0.266493946313858,0.0658653378486633,-0.1789720505476,0.3599953353405,-0.266711205244064,0.360349953174591,-0.26649397611618,-0.0454900488257408,0.351946383714676,0.360225051641464,-0.266571611166,0.0659869760274887,-0.178932353854179,0.0658653378486633,-0.1789720505476,0.360225051641464,-0.266571611166,-0.0449671410024166,0.352423280477524,0.359916299581528,-0.266790598630905,0.3599953353405,-0.266711205244064,0.0659869834780693,-0.178932368755341,0.35991632938385,-0.26679053902626,-0.0448179058730602,0.352487236261368
7.92159986495972,-0.0447202175855637,0.35252970457077,0.360163748264313,-0.266673266887665,0.0657305270433426,-0.178923368453979,0.35980886220932,-0.266890108585358,0.360163658857346,-0.266673296689987,-0.0450358390808105,0.352221876382828,0.360038667917252,-0.266750782728195,0.0658522322773933,-0.17888380587101,0.0657305270433426,-0.178923368453979,0.360038667917252,-0.266750782728195,-0.0445127077400684,0.35269820690155,0.359729886054993,-0.266969412565231,0.35980886220932,-0.266890108585358,0.0658522322773933,-0.178883820772171,0.359729886054993,-0.266969412565231,-0.044363372027874,0.352761894464493
7.92220020294189,-0.0442658290266991,0.352804273366928,0.359977275133133,-0.266852349042892,0.0655960515141487,-0.178874522447586,0.35962238907814,-0.267068803310394,0.359977275133133,-0.266852378845215,-0.0445815585553646,0.352496832609177,0.359852164983749,-0.266929775476456,0.0657176598906517,-0.178835138678551,0.0655960515141487,-0.178874507546425,0.359852164983749,-0.266929775476456,-0.0440581291913986,0.352972567081451,0.359543293714523,-0.267148017883301,0.359622329473495,-0.267068803310394,0.0657176598906517,-0.178835138678551,0.359543263912201,-0.267147988080978,-0.0439088679850101,0.353036135435104
7.92280006408691,-0.0438113808631897,0.353078365325928,0.359790742397308,-0.267031192779541,0.0654616504907608,-0.178825572133064,0.359435707330704,-0.267247289419174,0.359790742397308,-0.267031222581863,-0.0441272221505642,0.3527712225914,0.359665513038635,-0.267108500003815,0.0655832439661026,-0.178786307573318,0.0654616504907608,-0.178825572133064,0.359665542840958,-0.267108500003815,-0.0436035729944706,0.35324639081955,0.359356582164764,-0.267326414585114,0.359435707330704,-0.267247289419174,0.0655832439661026,-0.17878632247448,0.359356552362442,-0.267326354980469,-0.0434540547430515,0.353309810161591
7.92339992523193,-0.0433567836880684,0.353351920843124,0.359604001045227,-0.267209827899933,0.0653274208307266,-0.178776517510414,0.359248846769333,-0.267425507307053,0.359604030847549,-0.267209857702255,-0.0436727367341518,0.353045165538788,0.359478771686554,-0.267287075519562,0.0654489919543266,-0.178737387061119,0.0653274208307266,-0.178776517510414,0.359478771686554,-0.267287075519562,-0.043148797005415,0.353519767522812,0.359169661998749,-0.267504572868347,0.359248846769333,-0.267425507307053,0.0654489919543266,-0.17873740196228,0.359169721603394,-0.267504513263702,-0.0429994314908981,0.353582948446274
7.92399978637695,-0.0429022163152695,0.353624939918518,0.359417200088501,-0.267388254404068,0.065193347632885,-0.178727298974991,0.35906195640564,-0.267603546380997,0.359417229890823,-0.26738828420639,-0.0432181097567081,0.353318512439728,0.359291881322861,-0.267465382814407,0.0653149113059044,-0.17868834733963,0.065193347632885,-0.178727298974991,0.359291881322861,-0.267465382814407,-0.0426939576864243,0.353792577981949,0.358982741832733,-0.267682522535324,0.35906195640564,-0.267603576183319,0.0653149113059044,-0.17868834733963,0.358982712030411,-0.267682492733002,-0.04254449903965,0.353855580091476
7.92460012435913,-0.0424475073814392,0.353897482156754,0.35923033952713,-0.267566472291946,0.0650593638420105,-0.178678035736084,0.358874946832657,-0.267781376838684,0.359230250120163,-0.267566502094269,-0.0427635125815868,0.353591442108154,0.359104871749878,-0.267643451690674,0.0651809051632881,-0.178639233112335,0.0650593638420105,-0.178678035736084,0.3591049015522,-0.267643481492996,-0.0422390624880791,0.354064851999283,0.358795613050461,-0.267860263586044,0.358874946832657,-0.267781376838684,0.0651809051632881,-0.178639233112335,0.358795583248138,-0.267860233783722,-0.0420896001160145,0.354127675294876
7.92519998550415,-0.0419926606118679,0.354169458150864,0.359043210744858,-0.267744451761246,0.0649255439639091,-0.178628638386726,0.35868775844574,-0.26795893907547,0.359043210744858,-0.267744451761246,-0.0423087701201439,0.353863775730133,0.358917772769928,-0.267821341753006,0.0650471523404121,-0.178589940071106,0.0649255439639091,-0.178628638386726,0.358917772769928,-0.267821341753006,-0.0417841114103794,0.354336678981781,0.358608365058899,-0.268037766218185,0.35868775844574,-0.26795893907547,0.0650471523404121,-0.178589940071106,0.358608335256577,-0.268037736415863,-0.0416345559060574,0.354399263858795
7.92579984664917,-0.041537843644619,0.354440927505493,0.358856052160263,-0.267922222614288,0.0647919699549675,-0.178579092025757,0.358500450849533,-0.268136352300644,0.358855992555618,-0.267922222614288,-0.0418538898229599,0.354135632514954,0.358730465173721,-0.267999023199081,0.0649134740233421,-0.178540542721748,0.0647919699549675,-0.178579092025757,0.358730465173721,-0.267999023199081,-0.041329026222229,0.354607909917831,0.358420997858047,-0.26821506023407,0.358500450849533,-0.268136352300644,0.0649134814739227,-0.17854055762291,0.358420968055725,-0.268215030431747,-0.0411794632673264,0.354670345783234
7.92640018463135,-0.0410828068852425,0.354711830615997,0.358668655157089,-0.268099725246429,0.0646583959460258,-0.178529486060143,0.358313024044037,-0.268313497304916,0.358668684959412,-0.268099784851074,-0.0413990430533886,0.354406923055649,0.358543068170547,-0.268176466226578,0.0647798851132393,-0.178491085767746,0.0646583959460258,-0.178529486060143,0.358543068170547,-0.268176466226578,-0.0408738031983376,0.354878664016724,0.358233451843262,-0.268392145633698,0.358313024044037,-0.268313497304916,0.0647798851132393,-0.178491100668907,0.358233422040939,-0.268392115831375,-0.0407243221998215,0.354940891265869
7.92700004577637,-0.0406278073787689,0.354982316493988,0.358481198549271,-0.268277078866959,0.0645249783992767,-0.178479745984077,0.358125388622284,-0.268490433692932,0.358481228351593,-0.268277108669281,-0.0409440584480762,0.354677706956863,0.358355492353439,-0.268353670835495,0.0646466240286827,-0.178441449999809,0.0645249783992767,-0.178479745984077,0.358355492353439,-0.268353670835495,-0.0404186174273491,0.355148881673813,0.358045846223831,-0.268568992614746,0.358125388622284,-0.268490433692932,0.0646466240286827,-0.178441449999809,0.358045816421509,-0.268568962812424,-0.0402690432965755,0.355210959911346
7.92759990692139,-0.0401725843548775,0.355252206325531,0.358293652534485,-0.268454194068909,0.0643918216228485,-0.178429886698723,0.357937723398209,-0.268667101860046,0.358293652534485,-0.268454194068909,-0.0404889360070229,0.354947984218597,0.358167856931686,-0.268530666828156,0.0645133629441261,-0.178391739726067,0.0643918141722679,-0.178429871797562,0.358167856931686,-0.268530666828156,-0.0399632975459099,0.355418592691422,0.357858121395111,-0.268745630979538,0.357937723398209,-0.268667131662369,0.0645133629441261,-0.178391739726067,0.357858091592789,-0.268745571374893,-0.039813719689846,0.355480492115021
7.92819976806641,-0.0397174023091793,0.355521589517593,0.358105927705765,-0.268631100654602,0.0642588213086128,-0.178379893302917,0.357749909162521,-0.268843621015549,0.358105927705765,-0.268631130456924,-0.0400338545441628,0.355217754840851,0.357980072498322,-0.268707454204559,0.0643802583217621,-0.178341925144196,0.0642588213086128,-0.178379893302917,0.357980072498322,-0.268707454204559,-0.0395079292356968,0.355687737464905,0.357670187950134,-0.268922060728073,0.357749909162521,-0.268843621015549,0.0643802583217621,-0.178341925144196,0.357670158147812,-0.268922030925751,-0.0393582619726658,0.355749487876892
7.92880010604858,-0.0392620824277401,0.355790495872498,0.357918113470078,-0.268807739019394,0.0641258209943771,-0.178329825401306,0.357561975717545,-0.269019901752472,0.357918113470078,-0.268807798624039,-0.0395784713327885,0.355487018823624,0.35779219865799,-0.268883973360062,0.0642473250627518,-0.178291961550713,0.0641258209943771,-0.178329825401306,0.35779219865799,-0.268883973360062,-0.0390524342656136,0.355956435203552,0.357482105493546,-0.269098222255707,0.357561975717545,-0.269019901752472,0.0642473250627518,-0.178291976451874,0.357482194900513,-0.269098222255707,-0.038902759552002,0.35601794719696
7.9293999671936,-0.0388067252933979,0.356058835983276,0.357730150222778,-0.268984228372574,0.0639930665493011,-0.178279623389244,0.357373863458633,-0.269195973873138,0.357730150222778,-0.268984228372574,-0.0391232073307037,0.355755716562271,0.357604175806046,-0.269060343503952,0.064114473760128,-0.178241953253746,0.0639930665493011,-0.178279623389244,0.357604175806046,-0.269060343503952,-0.0385968051850796,0.356224566698074,0.357294052839279,-0.269274234771729,0.357373863458633,-0.269195973873138,0.064114473760128,-0.178241953253746,0.357294052839279,-0.269274175167084,-0.0384472161531448,0.356285929679871
7.92999982833862,-0.0383512377738953,0.356326699256897,0.357542037963867,-0.269160538911819,0.0638604834675789,-0.178229317069054,0.357185691595078,-0.269371837377548,0.357542037963867,-0.269160538911819,-0.0386678166687489,0.35602393746376,0.357415974140167,-0.269236534833908,0.063981868326664,-0.178191781044006,0.0638604834675789,-0.178229317069054,0.357415974140167,-0.269236534833908,-0.0381412208080292,0.356492221355438,0.357105791568756,-0.269449979066849,0.357185691595078,-0.269371837377548,0.063981868326664,-0.178191781044006,0.357105791568756,-0.269449979066849,-0.0379915423691273,0.356553375720978
7.9306001663208,-0.037895705550909,0.356594026088715,0.357353836297989,-0.269336432218552,0.0637279748916626,-0.178178906440735,0.356997400522232,-0.269547492265701,0.357353866100311,-0.269336462020874,-0.0382123813033104,0.356291621923447,0.357227712869644,-0.269412368535995,0.0638494268059731,-0.178141474723816,0.0637279748916626,-0.178178906440735,0.357227742671967,-0.269412368535995,-0.0376855097711086,0.356759309768677,0.356917530298233,-0.269625335931778,0.356997400522232,-0.269547492265701,0.0638494268059731,-0.178141474723816,0.356917530298233,-0.269625335931778,-0.0375357419252396,0.35682025551796
7.93120002746582,-0.037440050393343,0.356860846281052,0.357165426015854,-0.269512325525284,0.0635956376791,-0.178128376603127,0.35680890083313,-0.269722908735275,0.357165426015854,-0.269512325525284,-0.0377568230032921,0.35655876994133,0.357039242982864,-0.26958817243576,0.0637170746922493,-0.178091108798981,0.0635956376791,-0.178128376603127,0.357039242982864,-0.26958817243576,-0.0372296757996082,0.357025921344757,0.356728821992874,-0.269800901412964,0.35680890083313,-0.269722908735275,0.0637170746922493,-0.178091108798981,0.356728821992874,-0.269800901412964,-0.0370799042284489,0.357086688280106
7.93179988861084,-0.0369844399392605,0.357127130031586,0.356977105140686,-0.269687741994858,0.06346345692873,-0.17807774245739,0.356620401144028,-0.269897997379303,0.356977105140686,-0.269687741994858,-0.0373011343181133,0.356825411319733,0.356850832700729,-0.269763439893723,0.0635849609971046,-0.178040578961372,0.06346345692873,-0.17807774245739,0.356850832700729,-0.269763439893723,-0.0367738008499146,0.357291996479034,0.356540113687515,-0.269976079463959,0.356620401144028,-0.269897997379303,0.0635849684476852,-0.178040593862534,0.356540113687515,-0.269976079463959,-0.0366240255534649,0.357352584600449
7.93240022659302,-0.0365286245942116,0.357392907142639,0.356788337230682,-0.269863277673721,0.0633314549922943,-0.178026989102364,0.356431573629379,-0.270073086023331,0.356788367033005,-0.269863307476044,-0.0368454083800316,0.357091575860977,0.356662005186081,-0.269938886165619,0.06345284730196,-0.177989989519119,0.0633314549922943,-0.178026989102364,0.356662005186081,-0.269938886165619,-0.0363178066909313,0.357557594776154,0.356351524591446,-0.270150750875473,0.356431573629379,-0.270073086023331,0.06345284730196,-0.177989989519119,0.356351524591446,-0.270150750875473,-0.0361680276691914,0.357617974281311
7.93300008773804,-0.0360726863145828,0.35765814781189,0.356599718332291,-0.270038306713104,0.0631996095180511,-0.177976116538048,0.356242895126343,-0.270247668027878,0.356599718332291,-0.270038306713104,-0.0363896451890469,0.357357203960419,0.3564732670784,-0.27011376619339,0.0633209049701691,-0.177939295768738,0.0631996095180511,-0.177976116538048,0.3564732670784,-0.27011376619339,-0.0358617715537548,0.357822626829147,0.35616260766983,-0.270325392484665,0.356242895126343,-0.270247668027878,0.0633209049701691,-0.177939295768738,0.35616260766983,-0.270325392484665,-0.0357119962573051,0.357882857322693
7.93359994888306,-0.0356168858706951,0.357922911643982,0.356410771608353,-0.270213305950165,0.0630678460001945,-0.177925184369087,0.35605376958847,-0.270422369241714,0.356410771608353,-0.270213305950165,-0.0359337627887726,0.35762232542038,0.356284260749817,-0.270288676023483,0.0631891191005707,-0.177888482809067,0.0630678460001945,-0.177925184369087,0.356284290552139,-0.270288705825806,-0.0354057922959328,0.358087182044983,0.355973571538925,-0.270499885082245,0.35605376958847,-0.270422369241714,0.0631891191005707,-0.177888482809067,0.355973571538925,-0.270499885082245,-0.0352558419108391,0.358147174119949
7.93419981002808,-0.0351607948541641,0.358187139034271,0.356221944093704,-0.270387828350067,0.0629361644387245,-0.177874132990837,0.35586479306221,-0.270596563816071,0.356221944093704,-0.270387828350067,-0.0354778431355953,0.357886850833893,0.356095403432846,-0.270463079214096,0.0630575865507126,-0.177837520837784,0.0629361644387245,-0.177874132990837,0.356095403432846,-0.270463079214096,-0.0349495224654675,0.358351141214371,0.355784386396408,-0.270674139261246,0.35586479306221,-0.270596563816071,0.0630575865507126,-0.177837520837784,0.355784505605698,-0.270673990249634,-0.0347996577620506,0.358411014080048
7.93480014801025,-0.0347047559916973,0.35845085978508,0.356032699346542,-0.270562469959259,0.0628048181533813,-0.177822917699814,0.355675637722015,-0.270770579576492,0.356032729148865,-0.270562469959259,-0.0350218042731285,0.358150988817215,0.355906069278717,-0.270637631416321,0.0629260465502739,-0.177786499261856,0.0628048107028008,-0.177822902798653,0.355906069278717,-0.270637631416321,-0.0344933085143566,0.358614653348923,0.355595022439957,-0.270848244428635,0.355675637722015,-0.270770579576492,0.0629262179136276,-0.177786439657211,0.355595141649246,-0.270848095417023,-0.0343434438109398,0.358674317598343
7.93540000915527,-0.0342486053705215,0.358714073896408,0.35584357380867,-0.27073660492897,0.0626735463738441,-0.177771613001823,0.355486184358597,-0.270944595336914,0.35584357380867,-0.27073660492897,-0.0345656499266624,0.358414530754089,0.355716854333878,-0.27081161737442,0.0627948492765427,-0.177735313773155,0.0626735463738441,-0.177771613001823,0.355716854333878,-0.27081161737442,-0.0340369790792465,0.358877629041672,0.355405807495117,-0.271021872758865,0.355486184358597,-0.270944595336914,0.0627948492765427,-0.177735313773155,0.355405777692795,-0.271021872758865,-0.0338870286941528,0.358937114477158
7.93599987030029,-0.0337924212217331,0.358976751565933,0.355654150247574,-0.270910710096359,0.0625423565506935,-0.177720218896866,0.355296850204468,-0.271118074655533,0.355654150247574,-0.270910710096359,-0.0341095514595509,0.358677566051483,0.355527400970459,-0.270985633134842,0.0626636445522308,-0.177684098482132,0.0625423565506935,-0.177720218896866,0.355527400970459,-0.270985633134842,-0.0335805341601372,0.35914009809494,0.355216264724731,-0.271195441484451,0.355296850204468,-0.271118074655533,0.0626636445522308,-0.177684098482132,0.355216234922409,-0.271195411682129,-0.0334305837750435,0.359199404716492
7.93660020828247,-0.0333361215889454,0.359238862991333,0.355464726686478,-0.271084487438202,0.0624113380908966,-0.177668735384941,0.355107367038727,-0.271291375160217,0.355464726686478,-0.271084487438202,-0.0336533412337303,0.358940124511719,0.355337858200073,-0.271159291267395,0.0625326931476593,-0.177632704377174,0.0624113380908966,-0.177668735384941,0.355337858200073,-0.271159291267395,-0.0331241488456726,0.359402060508728,0.355026572942734,-0.271368831396103,0.355107367038727,-0.271291375160217,0.0625326931476593,-0.177632704377174,0.355026543140411,-0.271368801593781,-0.0329742021858692,0.359461188316345
7.93720006942749,-0.032879713922739,0.359500557184219,0.355275094509125,-0.27125808596611,0.0622804835438728,-0.177617117762566,0.35491743683815,-0.271464854478836,0.355275094509125,-0.27125808596611,-0.0331969261169434,0.359202116727829,0.355148196220398,-0.271332800388336,0.0624017268419266,-0.177581250667572,0.0622804835438728,-0.177617117762566,0.355148196220398,-0.271332800388336,-0.0326675660908222,0.359663486480713,0.354836851358414,-0.271541893482208,0.35491743683815,-0.271464854478836,0.0624017268419266,-0.177581250667572,0.354836851358414,-0.271541893482208,-0.0325175374746323,0.359722405672073
7.93779993057251,-0.0324232839047909,0.35976168513298,0.355085372924805,-0.271431505680084,0.0621498003602028,-0.177565410733223,0.354727685451508,-0.271637767553329,0.355085372924805,-0.271431505680084,-0.0327405743300915,0.359463602304459,0.354958385229111,-0.271506100893021,0.0622710175812244,-0.17752967774868,0.0621498003602028,-0.177565410733223,0.354958385229111,-0.271506100893021,-0.03221096098423,0.35992443561554,0.354647010564804,-0.271714746952057,0.354727685451508,-0.271637767553329,0.0622710175812244,-0.17752967774868,0.354647010564804,-0.271714746952057,-0.0320609360933304,0.359983175992966
7.93839979171753,-0.0319667458534241,0.360022336244583,0.35489559173584,-0.271604537963867,0.0620192661881447,-0.177513554692268,0.354537844657898,-0.271810352802277,0.354895502328873,-0.271604686975479,-0.0322841145098209,0.359724581241608,0.354768544435501,-0.271679013967514,0.0621405616402626,-0.177477940917015,0.0620192661881447,-0.177513554692268,0.354768544435501,-0.271679013967514,-0.0317542478442192,0.360184818506241,0.354457020759583,-0.271887451410294,0.354537844657898,-0.271810352802277,0.0621405616402626,-0.177477940917015,0.35445699095726,-0.271887421607971,-0.0316042229533195,0.360243380069733
7.93900012969971,-0.0315101817250252,0.360282421112061,0.354705542325974,-0.27177757024765,0.0618888288736343,-0.177461639046669,0.354347765445709,-0.271982938051224,0.354705542325974,-0.27177757024765,-0.0318276286125183,0.359985053539276,0.35457855463028,-0.271851778030396,0.0620100982487202,-0.177426174283028,0.0618888288736343,-0.177461639046669,0.35457855463028,-0.271851778030396,-0.0312975123524666,0.360444754362106,0.354266852140427,-0.272059917449951,0.354347765445709,-0.271982938051224,0.0620100982487202,-0.177426174283028,0.354266852140427,-0.272059917449951,-0.0311474036425352,0.360503107309341
7.93959999084473,-0.0310535971075296,0.36054202914238,0.354515612125397,-0.271950095891953,0.0617585517466068,-0.17740960419178,0.354157507419586,-0.272155344486237,0.354515612125397,-0.271950095891953,-0.031371034681797,0.360245019197464,0.354388415813446,-0.27202433347702,0.0618797987699509,-0.177374258637428,0.0617585517466068,-0.17740960419178,0.354388415813446,-0.27202433347702,-0.0308406706899405,0.360704064369202,0.354076534509659,-0.272232264280319,0.354157507419586,-0.272155344486237,0.0618797987699509,-0.177374258637428,0.354076534509659,-0.272232234477997,-0.0306906495243311,0.360762268304825
7.94019985198975,-0.0305968262255192,0.360801100730896,0.354325234889984,-0.272122800350189,0.0616285242140293,-0.177357420325279,0.353967279195786,-0.272327423095703,0.354325234889984,-0.272122800350189,-0.0309144239872694,0.360504418611526,0.354198008775711,-0.27219694852829,0.0617496632039547,-0.177322253584862,0.0616285242140293,-0.177357420325279,0.354198008775711,-0.27219694852829,-0.030383724719286,0.360962957143784,0.353886187076569,-0.272404223680496,0.353967279195786,-0.272327423095703,0.0617496706545353,-0.177322268486023,0.353886157274246,-0.272404193878174,-0.0302337110042572,0.361020982265472
7.94080018997192,-0.0301400348544121,0.361059665679932,0.354135006666183,-0.272294938564301,0.0614984929561615,-0.177305191755295,0.353776842355728,-0.272499263286591,0.354134857654572,-0.272295117378235,-0.0304577052593231,0.360763341188431,0.354007720947266,-0.272368997335434,0.0616196133196354,-0.17727018892765,0.0614984929561615,-0.177305191755295,0.354007720947266,-0.272368997335434,-0.0299267638474703,0.361221313476563,0.353695720434189,-0.272576004266739,0.353776842355728,-0.272499263286591,0.0616196133196354,-0.17727018892765,0.353695690631866,-0.272575974464417,-0.0297767519950867,0.361279129981995
7.94140005111694,-0.0296832304447889,0.361317694187164,0.353944480419159,-0.272467076778412,0.0613686293363571,-0.177252858877182,0.353586256504059,-0.272670954465866,0.353944480419159,-0.272467076778412,-0.0300008840858936,0.361021727323532,0.353817075490952,-0.272541016340256,0.0614898167550564,-0.177217960357666,0.0613686293363571,-0.177252858877182,0.353817075490952,-0.272541016340256,-0.0294697862118483,0.361479163169861,0.353505223989487,-0.272747427225113,0.353586256504059,-0.272670954465866,0.0614898987114429,-0.177217930555344,0.353505223989487,-0.272747427225113,-0.0293196942657232,0.361536800861359
7.94199991226196,-0.0292262360453606,0.361575275659561,0.35375389456749,-0.272638887166977,0.0612390115857124,-0.177200376987457,0.353395700454712,-0.272842258214951,0.35375389456749,-0.272638887166977,-0.0295439604669809,0.361279666423798,0.35362645983696,-0.272712707519531,0.0613600984215736,-0.177165642380714,0.0612390115857124,-0.177200376987457,0.35362645983696,-0.272712707519531,-0.0290127079933882,0.361736476421356,0.353314399719238,-0.272918850183487,0.353395700454712,-0.272842258214951,0.0613600984215736,-0.177165642380714,0.353314369916916,-0.272918850183487,-0.0288626234978437,0.361793965101242
7.94259977340698,-0.0287693180143833,0.361832290887833,0.353563338518143,-0.272810310125351,0.0611095614731312,-0.177147790789604,0.353204816579819,-0.27301362156868,0.353563219308853,-0.272810488939285,-0.0290870256721973,0.36153706908226,0.353435844182968,-0.272884041070938,0.0612306222319603,-0.177113190293312,0.0611095614731312,-0.177147790789604,0.353435844182968,-0.272884041070938,-0.0285556223243475,0.361993283033371,0.353123635053635,-0.273089945316315,0.353204816579819,-0.27301362156868,0.0612306222319603,-0.177113190293312,0.353123605251312,-0.273089945316315,-0.0284053664654493,0.362050563097
7.94320011138916,-0.028312299400568,0.362088829278946,0.353372484445572,-0.272981733083725,0.0609801150858402,-0.177095144987106,0.353013902902603,-0.273184567689896,0.353372484445572,-0.272981733083725,-0.0286299884319305,0.361793905496597,0.35324490070343,-0.273055374622345,0.0611012354493141,-0.177060663700104,0.0609801150858402,-0.177095144987106,0.35324490070343,-0.273055374622345,-0.0280982609838247,0.362249583005905,0.352932631969452,-0.273260831832886,0.353013902902603,-0.273184567689896,0.0611012354493141,-0.177060663700104,0.352932631969452,-0.273260831832886,-0.0279481876641512,0.3623066842556
7.94379997253418,-0.0278550982475281,0.362344801425934,0.353181600570679,-0.273152828216553,0.0608509108424187,-0.177042379975319,0.352822870016098,-0.273355334997177,0.353181600570679,-0.273152828216553,-0.0281729400157928,0.362050235271454,0.353053957223892,-0.273226350545883,0.0609720163047314,-0.177008032798767,0.0608509108424187,-0.177042379975319,0.353053957223892,-0.273226350545883,-0.0276410654187202,0.362505376338959,0.352741539478302,-0.2734315097332,0.352822870016098,-0.273355334997177,0.0609720163047314,-0.177008032798767,0.352741539478302,-0.2734315097332,-0.0274909101426601,0.362562298774719
7.9443998336792,-0.0273978933691978,0.362600296735764,0.352990359067917,-0.273324072360992,0.0607218742370605,-0.176989480853081,0.352631807327271,-0.273525774478912,0.352990359067917,-0.273324072360992,-0.0277157984673977,0.362306118011475,0.352862894535065,-0.273397117853165,0.0608428716659546,-0.176955297589302,0.0607218742370605,-0.176989480853081,0.352862894535065,-0.273397117853165,-0.0271836873143911,0.362760633230209,0.352550327777863,-0.273602068424225,0.352631807327271,-0.273525774478912,0.0608428716659546,-0.176955297589302,0.352550327777863,-0.273602068424225,-0.0270335394889116,0.362817347049713
7.94500017166138,-0.0269406754523516,0.36285525560379,0.352799415588379,-0.27349442243576,0.060592919588089,-0.176936522126198,0.352440476417542,-0.27369624376297,0.3527991771698,-0.273494809865952,-0.0272586457431316,0.362561464309692,0.352671653032303,-0.273567736148834,0.0607138983905315,-0.17690247297287,0.060592919588089,-0.176936522126198,0.352671653032303,-0.273567736148834,-0.0267263054847717,0.363015383481979,0.352359026670456,-0.273772239685059,0.352440476417542,-0.27369624376297,0.0607138983905315,-0.17690247297287,0.352359026670456,-0.273772239685059,-0.026576079428196,0.363071948289871
7.9456000328064,-0.026483453810215,0.363109767436981,0.352608114480972,-0.273664981126785,0.0604641325771809,-0.176883444190025,0.35224911570549,-0.273866295814514,0.352608114480972,-0.273664981126785,-0.0268013998866081,0.362816244363785,0.35248014330864,-0.273738324642181,0.0605850853025913,-0.176849529147148,0.0604641325771809,-0.176883444190025,0.35248014330864,-0.273738324642181,-0.026268744841218,0.363269656896591,0.35216760635376,-0.273942232131958,0.35224911570549,-0.273866295814514,0.0605852529406548,-0.176849484443665,0.35216760635376,-0.273942232131958,-0.0261185262352228,0.363326013088226
7.94619989395142,-0.0260259676724672,0.363363683223724,0.352416515350342,-0.273835510015488,0.0603355057537556,-0.176830261945724,0.352057635784149,-0.274036198854446,0.352416515350342,-0.273835510015488,-0.0263440646231174,0.363070577383041,0.352288573980331,-0.27390855550766,0.0604565255343914,-0.176796451210976,0.0603355057537556,-0.176830261945724,0.352288573980331,-0.27390855550766,-0.0258112661540508,0.3635233938694,0.351976037025452,-0.274112045764923,0.352057635784149,-0.274036198854446,0.0604565255343914,-0.176796451210976,0.351976037025452,-0.274112045764923,-0.0256610531359911,0.363579571247101
7.94680023193359,-0.0255685690790415,0.363617151975632,0.35222515463829,-0.274005323648453,0.0602069646120071,-0.176776990294456,0.351865977048874,-0.274205893278122,0.35222515463829,-0.274005353450775,-0.0258866362273693,0.363324403762817,0.352097153663635,-0.274078279733658,0.060328047722578,-0.176743313670158,0.0602069646120071,-0.176776990294456,0.352097183465958,-0.27407830953598,-0.0253536980599165,0.363776594400406,0.351784318685532,-0.274281680583954,0.351865977048874,-0.274205893278122,0.060328047722578,-0.176743313670158,0.351784318685532,-0.274281650781631,-0.0252034086734056,0.363832592964172
7.94740009307861,-0.0251110680401325,0.363870054483414,0.352033376693726,-0.274175256490707,0.0600786693394184,-0.176723569631577,0.351674318313599,-0.274375259876251,0.352033406496048,-0.274175256490707,-0.0254291966557503,0.363577663898468,0.351905405521393,-0.274248033761978,0.0601996444165707,-0.176690071821213,0.0600786693394184,-0.176723569631577,0.351905405521393,-0.274248033761978,-0.0248960349708796,0.364029318094254,0.351592451334,-0.274451017379761,0.351674318313599,-0.274375259876251,0.0601996444165707,-0.176690071821213,0.351592451334,-0.274451017379761,-0.0247456692159176,0.364085137844086
7.94799995422363,-0.0246536675840616,0.364122450351715,0.351841658353806,-0.274344831705093,0.0599504597485065,-0.176670089364052,0.351482421159744,-0.274544447660446,0.351841598749161,-0.274344861507416,-0.0249718520790339,0.36383044719696,0.351713538169861,-0.274417549371719,0.060071412473917,-0.176636695861816,0.0599504597485065,-0.176670089364052,0.351713538169861,-0.274417549371719,-0.0244382955133915,0.364281535148621,0.351400583982468,-0.274620175361633,0.351482421159744,-0.274544447660446,0.060071412473917,-0.176636695861816,0.351400554180145,-0.274620145559311,-0.0242879390716553,0.364337146282196
7.94859981536865,-0.0241960063576698,0.364374399185181,0.351649791002274,-0.274514228105545,0.0598224140703678,-0.176616489887238,0.351290464401245,-0.274713426828384,0.351649791002274,-0.274514228105545,-0.0245140697807074,0.36408269405365,0.351521641016006,-0.274586826562881,0.0599433481693268,-0.176583260297775,0.0598224140703678,-0.176616489887238,0.351521641016006,-0.274586826562881,-0.0239804703742266,0.364533245563507,0.351208567619324,-0.274789065122604,0.351290464401245,-0.274713426828384,0.0599433481693268,-0.176583260297775,0.351208567619324,-0.274789065122604,-0.0238302946090698,0.364588648080826
7.94920015335083,-0.0237382613122463,0.364625781774521,0.351457804441452,-0.274683356285095,0.0596945397555828,-0.176562786102295,0.351098418235779,-0.274882197380066,0.351457834243774,-0.27468341588974,-0.0240565557032824,0.364334464073181,0.351329535245895,-0.274755865335464,0.0598154440522194,-0.176529705524445,0.0596945397555828,-0.176562786102295,0.351329535245895,-0.274755865335464,-0.0235227346420288,0.364784419536591,0.351016372442245,-0.274957776069641,0.351098418235779,-0.274882197380066,0.0598154440522194,-0.176529705524445,0.351016342639923,-0.274957746267319,-0.0233722236007452,0.364839673042297
7.94980001449585,-0.0232806075364351,0.36487665772438,0.351265728473663,-0.274852335453033,0.0595668256282806,-0.176509007811546,0.350906163454056,-0.275050759315491,0.351265668869019,-0.274852335453033,-0.0235989540815353,0.364585697650909,0.35113736987114,-0.274924695491791,0.0596877075731754,-0.176476031541824,0.0595668256282806,-0.176509007811546,0.351137399673462,-0.274924725294113,-0.0230647455900908,0.365035086870193,0.35082420706749,-0.275126248598099,0.350906163454056,-0.275050759315491,0.059687715023756,-0.176476046442986,0.350824177265167,-0.275126218795776,-0.0229144170880318,0.365090131759644
7.95039987564087,-0.0228226967155933,0.365127056837082,0.35107347369194,-0.275021016597748,0.059439193457365,-0.176455125212669,0.350713908672333,-0.275219082832336,0.35107347369194,-0.275021016597748,-0.023141099140048,0.364836454391479,0.350945144891739,-0.275093287229538,0.0595600977540016,-0.176422283053398,0.059439193457365,-0.176455125212669,0.350945144891739,-0.275093287229538,-0.0226068440824747,0.365285217761993,0.350631773471832,-0.275294482707977,0.350713908672333,-0.275219082832336,0.0595600977540016,-0.176422283053398,0.350631773471832,-0.275294452905655,-0.0224565304815769,0.365340113639832
7.95100021362305,-0.0223648827522993,0.365376949310303,0.350881159305573,-0.27518954873085,0.0593117736279964,-0.176401138305664,0.350521475076675,-0.275387167930603,0.350881159305573,-0.27518954873085,-0.0226833317428827,0.365086644887924,0.350752681493759,-0.275261700153351,0.0594326108694077,-0.176368445158005,0.0593117699027061,-0.176401123404503,0.350752681493759,-0.275261700153351,-0.0221488680690527,0.365534871816635,0.350439310073853,-0.275462478399277,0.350521475076675,-0.275387167930603,0.0594326555728912,-0.176368445158005,0.350439310073853,-0.275462478399277,-0.0219983942806721,0.365589588880539
7.95160007476807,-0.021906990557909,0.365626275539398,0.350688695907593,-0.275357812643051,0.0591844692826271,-0.176347032189369,0.350328922271729,-0.275555074214935,0.350688695907593,-0.275357812643051,-0.0222254879772663,0.365336358547211,0.350560158491135,-0.275429844856262,0.0593052878975868,-0.176314488053322,0.0591844692826271,-0.176347032189369,0.350560188293457,-0.275429874658585,-0.0216908138245344,0.365783989429474,0.350246727466583,-0.275630265474319,0.350328922271729,-0.275555074214935,0.0593052878975868,-0.176314488053322,0.350246727466583,-0.275630265474319,-0.0215403512120247,0.365838527679443
7.95219993591309,-0.0214490219950676,0.365875154733658,0.350496143102646,-0.275525838136673,0.0590572990477085,-0.176292851567268,0.350136250257492,-0.275722742080688,0.350496083498001,-0.275525867938995,-0.0217675678431988,0.365585565567017,0.350367575883865,-0.275597780942917,0.0591781325638294,-0.176260441541672,0.0590572990477085,-0.176292851567268,0.350367575883865,-0.275597780942917,-0.0212326850742102,0.366032689809799,0.35005396604538,-0.275797873735428,0.350136250257492,-0.275722742080688,0.0591781325638294,-0.176260441541672,0.350053936243057,-0.275797843933105,-0.0210822336375713,0.366087019443512
7.95279979705811,-0.0209911484271288,0.36612343788147,0.350303411483765,-0.27569368481636,0.058930329978466,-0.176238551735878,0.349943488836288,-0.275890171527863,0.350303441286087,-0.275693714618683,-0.021309569478035,0.365834265947342,0.350174814462662,-0.275765508413315,0.0590511001646519,-0.176206290721893,0.058930329978466,-0.176238551735878,0.350174814462662,-0.275765508413315,-0.0207744799554348,0.366280764341354,0.349861174821854,-0.275965213775635,0.349943488836288,-0.275890171527863,0.0590511001646519,-0.176206290721893,0.349861174821854,-0.275965213775635,-0.020624041557312,0.366334944963455
7.95340013504028,-0.0205330308526754,0.366371273994446,0.350110679864883,-0.275861293077469,0.0588034875690937,-0.17618416249752,0.349750608205795,-0.276057362556458,0.350110679864883,-0.275861293077469,-0.0208516698330641,0.366082429885864,0.349981933832169,-0.275932997465134,0.0589242354035378,-0.176152035593987,0.0588034875690937,-0.17618416249752,0.349981933832169,-0.275932997465134,-0.0203163772821426,0.366528391838074,0.349668264389038,-0.276132345199585,0.349750638008118,-0.27605739235878,0.0589242726564407,-0.176152020692825,0.349668264389038,-0.276132345199585,-0.0201657768338919,0.366582363843918
7.9539999961853,-0.0200748406350613,0.366618633270264,0.349917680025101,-0.276028662919998,0.0586767680943012,-0.176129683852196,0.349557638168335,-0.276224344968796,0.349917680025101,-0.276028692722321,-0.0203935224562883,0.366330116987228,0.349788993597031,-0.276100277900696,0.0587974898517132,-0.176097676157951,0.0586767680943012,-0.176129683852196,0.349788993597031,-0.276100277900696,-0.0198580268770456,0.36677548289299,0.349475175142288,-0.276299268007278,0.349557638168335,-0.276224344968796,0.0587975345551968,-0.17609766125679,0.349475175142288,-0.276299268007278,-0.0197074431926012,0.366829305887222
7.95459985733032,-0.0196167528629303,0.366865426301956,0.349724680185318,-0.276195824146271,0.0585501715540886,-0.176075100898743,0.349364519119263,-0.276391118764877,0.349724680185318,-0.276195853948593,-0.0199354775249958,0.366577297449112,0.349595874547958,-0.276267319917679,0.0586709566414356,-0.17604324221611,0.0585501715540886,-0.176075100898743,0.349595874547958,-0.276267319917679,-0.019399605691433,0.367022097110748,0.349282026290894,-0.276465952396393,0.349364519119263,-0.276391118764877,0.0586709566414356,-0.176043212413788,0.349282026290894,-0.27646592259407,-0.0192492101341486,0.367075711488724
7.9552001953125,-0.0191584192216396,0.367111802101135,0.349531531333923,-0.276362776756287,0.058423787355423,-0.176020413637161,0.349171340465546,-0.27655765414238,0.349531561136246,-0.276362806558609,-0.0194773618131876,0.366823971271515,0.349402636289597,-0.276434153318405,0.0585445053875446,-0.17598868906498,0.058423787355423,-0.176020413637161,0.349402636289597,-0.276434153318405,-0.0189412906765938,0.367268174886703,0.349088758230209,-0.27663242816925,0.349171340465546,-0.27655765414238,0.0585445053875446,-0.17598868906498,0.349088728427887,-0.276632398366928,-0.0187909100204706,0.367321610450745
7.95580005645752,-0.0187001936137676,0.367357552051544,0.349338352680206,-0.276529461145401,0.0582975633442402,-0.175965622067451,0.348977953195572,-0.276724010705948,0.349338352680206,-0.276529461145401,-0.0190189983695745,0.367070108652115,0.34920933842659,-0.276600748300552,0.0584182180464268,-0.175934046506882,0.0582975633442402,-0.175965622067451,0.34920933842659,-0.276600748300552,-0.0184829048812389,0.3675137758255,0.348895341157913,-0.276798665523529,0.348977953195572,-0.276724010705948,0.0584182180464268,-0.175934046506882,0.348895341157913,-0.276798635721207,-0.0183323659002781,0.367567002773285
7.95639991760254,-0.0182420760393143,0.367602825164795,0.349144965410233,-0.276695966720581,0.0581714250147343,-0.175910755991936,0.348784506320953,-0.276890128850937,0.349144965410233,-0.276695996522903,-0.0185609199106693,0.367315739393234,0.349015921354294,-0.27676710486412,0.058292094618082,-0.175879299640656,0.0581714250147343,-0.175910755991936,0.349015921354294,-0.27676710486412,-0.018024455755949,0.367758810520172,0.348701864480972,-0.276964694261551,0.348784506320953,-0.276890128850937,0.058292094618082,-0.175879299640656,0.34870183467865,-0.276964664459229,-0.0178737584501505,0.367811918258667
7.95699977874756,-0.0177837181836367,0.367847621440887,0.348951458930969,-0.276862263679504,0.0580454505980015,-0.17585577070713,0.348590970039368,-0.277055978775024,0.348951458930969,-0.276862263679504,-0.0181024242192507,0.367560893297195,0.348822414875031,-0.276933252811432,0.0581660978496075,-0.175824478268623,0.0580454505980015,-0.17585577070713,0.348822444677353,-0.276933282613754,-0.0175657663494349,0.368003398180008,0.348508268594742,-0.277130484580994,0.348590970039368,-0.277055978775024,0.0581660978496075,-0.175824478268623,0.348508238792419,-0.277130484580994,-0.0174152590334415,0.368056297302246
7.95760011672974,-0.0173251181840897,0.368091911077499,0.348757892847061,-0.277028292417526,0.0579196400940418,-0.175800710916519,0.348397314548492,-0.277221649885178,0.348757892847061,-0.277028292417526,-0.0176442135125399,0.367805480957031,0.348628789186478,-0.277099221944809,0.0580402612686157,-0.17576952278614,0.0579196400940418,-0.175800710916519,0.348628789186478,-0.277099221944809,-0.0171071887016296,0.368247449398041,0.348314523696899,-0.277296036481857,0.348397314548492,-0.277221649885178,0.0580402612686157,-0.17576952278614,0.348314523696899,-0.277296036481857,-0.0169566962867975,0.368300169706345
7.95819997787476,-0.0168668087571859,0.368335664272308,0.348564177751541,-0.277194112539291,0.0577940009534359,-0.17574554681778,0.34820356965065,-0.277387082576752,0.348564207553864,-0.277194142341614,-0.0171857625246048,0.368049621582031,0.34843498468399,-0.277264922857285,0.0579145550727844,-0.175714507699013,0.0577940009534359,-0.17574554681778,0.34843498468399,-0.277264922857285,-0.0166487228125334,0.368490993976593,0.34812068939209,-0.277461409568787,0.34820356965065,-0.277387082576752,0.0579145550727844,-0.175714507699013,0.34812068939209,-0.277461379766464,-0.0164980739355087,0.368543535470963
7.95879983901978,-0.0164080858230591,0.368578940629959,0.348370373249054,-0.277359694242477,0.0576684400439262,-0.175690278410912,0.348009675741196,-0.277552276849747,0.348370403051376,-0.277359694242477,-0.0167272482067347,0.368293255567551,0.348241180181503,-0.277430385351181,0.0577890165150166,-0.175659388303757,0.0576684400439262,-0.175690278410912,0.348241090774536,-0.277430444955826,-0.0161900203675032,0.368734031915665,0.347926735877991,-0.277626514434814,0.348009675741196,-0.277552276849747,0.0577890537679195,-0.175659373402596,0.347926735877991,-0.277626514434814,-0.0160395670682192,0.3687863945961
7.95940017700195,-0.0159496553242207,0.368821680545807,0.3481764793396,-0.277525097131729,0.0575430877506733,-0.175634920597076,0.347815632820129,-0.277717292308807,0.3481764793396,-0.277525097131729,-0.0162688493728638,0.368536353111267,0.348047167062759,-0.277595669031143,0.0576636381447315,-0.175604164600372,0.0575430877506733,-0.175634920597076,0.348047167062759,-0.277595669031143,-0.0157314352691174,0.368976593017578,0.34773263335228,-0.27779147028923,0.347815632820129,-0.277717292308807,0.0576636381447315,-0.175604164600372,0.34773263335228,-0.277791440486908,-0.0155808217823505,0.369028747081757
7.96000003814697,-0.0154911642894149,0.369063973426819,0.347982436418533,-0.277690261602402,0.0574178658425808,-0.175579473376274,0.347621589899063,-0.277882039546967,0.347982436418533,-0.277690261602402,-0.0158102139830589,0.368778973817825,0.347853064537048,-0.277760714292526,0.0575383827090263,-0.17554883658886,0.0574178621172905,-0.175579458475113,0.347853094339371,-0.277760714292526,-0.0152726173400879,0.369218617677689,0.347538530826569,-0.277956128120422,0.347621589899063,-0.277882039546967,0.0575383827090263,-0.17554883658886,0.347538530826569,-0.2779560983181,-0.015121846459806,0.369270622730255
7.96059989929199,-0.015032441355288,0.369305700063705,0.347788274288177,-0.27785512804985,0.0572928003966808,-0.175523921847343,0.347427308559418,-0.278046578168869,0.3477883040905,-0.277855187654495,-0.0153515199199319,0.369021028280258,0.347658842802048,-0.27792552113533,0.0574132986366749,-0.17549341917038,0.0572928003966808,-0.175523921847343,0.34765887260437,-0.27792552113533,-0.0148137416690588,0.369460165500641,0.347344189882278,-0.278120577335358,0.347427308559418,-0.278046578168869,0.0574132986366749,-0.17549341917038,0.347344189882278,-0.278120577335358,-0.014663165435195,0.369511961936951
7.96120023727417,-0.0145736616104841,0.369546949863434,0.347594022750854,-0.27801987528801,0.057167861610651,-0.175468280911446,0.34723299741745,-0.278210878372192,0.347594022750854,-0.278019905090332,-0.0148927699774504,0.369262635707855,0.347464561462402,-0.2780901491642,0.057288333773613,-0.175437927246094,0.057167861610651,-0.175468280911446,0.347464561462402,-0.2780901491642,-0.0143549870699644,0.369701147079468,0.347149819135666,-0.278284817934036,0.34723299741745,-0.278210908174515,0.057288333773613,-0.175437927246094,0.347149819135666,-0.278284788131714,-0.0142042534425855,0.369752794504166
7.96180009841919,-0.0141148287802935,0.369787693023682,0.347399652004242,-0.278184354305267,0.0570430867373943,-0.175412535667419,0.347038567066193,-0.278374999761581,0.347399652004242,-0.27818438410759,-0.0144341392442584,0.369503766298294,0.347270101308823,-0.278254508972168,0.0571635365486145,-0.175382316112518,0.0570430867373943,-0.175412535667419,0.347270101308823,-0.278254508972168,-0.0138960005715489,0.369941651821136,0.346955358982086,-0.278448820114136,0.347038567066193,-0.278374999761581,0.0571635365486145,-0.175382316112518,0.346955358982086,-0.278448790311813,-0.0137454643845558,0.369993090629578
7.96239995956421,-0.0136562939733267,0.370027899742126,0.347205191850662,-0.278348594903946,0.0569184832274914,-0.175356715917587,0.346844047307968,-0.278538852930069,0.347205191850662,-0.278348624706268,-0.0139754544943571,0.369744330644608,0.347075581550598,-0.278418660163879,0.0570388622581959,-0.175326630473137,0.0569184832274914,-0.175356715917587,0.347075581550598,-0.278418660163879,-0.0134371407330036,0.370181679725647,0.346760749816895,-0.278612613677979,0.346843987703323,-0.278538882732391,0.0570389069616795,-0.175326615571976,0.346760720014572,-0.278612583875656,-0.0132862711325288,0.370232909917831
7.96299982070923,-0.0131973568350077,0.370267659425735,0.347010672092438,-0.27851265668869,0.0567940026521683,-0.175300791859627,0.346649348735809,-0.278702527284622,0.347010582685471,-0.27851265668869,-0.0135165406391025,0.369984358549118,0.346880972385406,-0.278582572937012,0.0569144003093243,-0.175270825624466,0.0567940026521683,-0.175300791859627,0.346880972385406,-0.278582572937012,-0.0129780508577824,0.370421200990677,0.346565961837769,-0.278776168823242,0.346649348735809,-0.278702527284622,0.0569144003093243,-0.175270825624466,0.346565961837769,-0.278776168823242,-0.0128275565803051,0.370472282171249
7.96360015869141,-0.0127385444939137,0.370506852865219,0.346816003322601,-0.278676480054855,0.0566696859896183,-0.175244763493538,0.346454620361328,-0.278865933418274,0.346816003322601,-0.278676480054855,-0.0130577515810728,0.370223939418793,0.346686184406281,-0.278746247291565,0.0567900128662586,-0.175214946269989,0.0566696859896183,-0.175244763493538,0.346686184406281,-0.278746247291565,-0.0125190895050764,0.370660156011581,0.346371173858643,-0.278939515352249,0.346454620361328,-0.278865933418274,0.0567900128662586,-0.175214946269989,0.346371173858643,-0.278939485549927,-0.0123684387654066,0.37071105837822
7.96420001983643,-0.0122796837240458,0.370745569467545,0.346621155738831,-0.278840035200119,0.0565454475581646,-0.175188645720482,0.346259713172913,-0.279029190540314,0.346621125936508,-0.278840094804764,-0.0125989122316241,0.370463013648987,0.346491366624832,-0.278909742832184,0.0566658340394497,-0.175158962607384,0.0565454475581646,-0.175188645720482,0.346491366624832,-0.278909742832184,-0.0120600815862417,0.370898693799973,0.346176266670227,-0.279102623462677,0.346259713172913,-0.279029190540314,0.0566658414900303,-0.175158977508545,0.346176266670227,-0.279102623462677,-0.0119092743843794,0.370949357748032
7.96479988098145,-0.0118207763880491,0.370983779430389,0.346426218748093,-0.279003411531448,0.0564214251935482,-0.17513245344162,0.346064746379852,-0.279192119836807,0.346426218748093,-0.279003441333771,-0.0121400244534016,0.3707015812397,0.346296370029449,-0.279073029756546,0.0565417446196079,-0.175102904438972,0.0564214251935482,-0.17513245344162,0.346296370029449,-0.279073029756546,-0.0116008473560214,0.371136665344238,0.345981270074844,-0.279265522956848,0.346064746379852,-0.279192119836807,0.0565417446196079,-0.175102904438972,0.345981240272522,-0.279265522956848,-0.0114502403885126,0.371187180280685
7.96540021896362,-0.0113616455346346,0.371221482753754,0.346231251955032,-0.279166579246521,0.0562975667417049,-0.17507615685463,0.345869690179825,-0.279354870319366,0.346231192350388,-0.279166579246521,-0.0116810891777277,0.370939642190933,0.346101343631744,-0.279236048460007,0.056417815387249,-0.175046741962433,0.0562975630164146,-0.175076141953468,0.346101343631744,-0.279236048460007,-0.0111417453736067,0.371374130249023,0.345786064863205,-0.279428213834763,0.345869690179825,-0.279354870319366,0.0564178600907326,-0.175046741962433,0.345786064863205,-0.279428213834763,-0.0109909847378731,0.371424496173859
7.96600008010864,-0.0109026469290257,0.371458679437637,0.346036165952682,-0.279329508543015,0.0561737902462482,-0.175019770860672,0.345674425363541,-0.279517412185669,0.346036076545715,-0.279329508543015,-0.0112221091985703,0.371177166700363,0.345906108617783,-0.279398828744888,0.0562940612435341,-0.174990490078926,0.0561737902462482,-0.175019770860672,0.345906108617783,-0.279398828744888,-0.010682599619031,0.371611148118973,0.345590829849243,-0.279590666294098,0.345674425363541,-0.279517412185669,0.0562940612435341,-0.174990490078926,0.345590800046921,-0.279590636491776,-0.0105318613350391,0.371661275625229
7.96659994125366,-0.0104436054825783,0.371695399284363,0.345840901136398,-0.279492169618607,0.056050218641758,-0.174963295459747,0.345479190349579,-0.279679715633392,0.345840871334076,-0.279492199420929,-0.01076290756464,0.371414244174957,0.345710873603821,-0.279561430215836,0.0561704561114311,-0.174934133887291,0.056050218641758,-0.174963295459747,0.345710873603821,-0.279561430215836,-0.0102232340723276,0.371847629547119,0.345395505428314,-0.279752880334854,0.345479190349579,-0.279679715633392,0.0561704561114311,-0.174934133887291,0.345395505428314,-0.279752850532532,-0.0100726969540119,0.371897578239441
7.96719980239868,-0.00998452305793762,0.371931582689285,0.345645517110825,-0.279654651880264,0.0559267736971378,-0.174906730651855,0.345283776521683,-0.279841780662537,0.345645517110825,-0.279654651880264,-0.0103038381785154,0.371650785207748,0.345515459775925,-0.279723793268204,0.0560469888150692,-0.174877718091011,0.0559267736971378,-0.174906730651855,0.345515459775925,-0.279723793268204,-0.00976400449872017,0.372083604335785,0.345200002193451,-0.279914885759354,0.345283776521683,-0.279841780662537,0.0560470297932625,-0.17487770318985,0.345199972391129,-0.279914855957031,-0.00961331371217966,0.372133404016495
7.96780014038086,-0.00952539965510368,0.37216728925705,0.345450043678284,-0.279816925525665,0.0558034516870975,-0.174850061535835,0.345088273286819,-0.280003666877747,0.345450073480606,-0.279816925525665,-0.00984472781419754,0.371886819601059,0.345319926738739,-0.279885917901993,0.0559236779808998,-0.17482116818428,0.0558034516870975,-0.174850061535835,0.345319926738739,-0.279885917901993,-0.00930473487824202,0.372319042682648,0.345004469156265,-0.280076652765274,0.345088273286819,-0.280003666877747,0.0559236779808998,-0.17482116818428,0.345004469156265,-0.280076652765274,-0.00915406830608845,0.372368693351746
7.96840000152588,-0.00906605832278728,0.372402459383011,0.34525454044342,-0.279978930950165,0.0556802973151207,-0.174793303012848,0.344892650842667,-0.280165284872055,0.34525454044342,-0.279978930950165,-0.00938575528562069,0.372122377157211,0.345124363899231,-0.280047804117203,0.0558004975318909,-0.174764573574066,0.0556802935898304,-0.174793288111687,0.345124363899231,-0.280047804117203,-0.0088454270735383,0.372554033994675,0.344808727502823,-0.280238211154938,0.344892650842667,-0.280165284872055,0.0558004975318909,-0.174764573574066,0.344808787107468,-0.280238181352615,-0.00869478657841682,0.372603476047516
7.9689998626709,-0.00860685855150223,0.372637152671814,0.345058888196945,-0.280140727758408,0.0555573031306267,-0.174736455082893,0.344696909189224,-0.280326694250107,0.345058888196945,-0.28014075756073,-0.00892656575888395,0.372357368469238,0.344928592443466,-0.280209511518478,0.0556774809956551,-0.174707859754562,0.0555573031306267,-0.174736455082893,0.344928622245789,-0.280209541320801,-0.00838590506464243,0.372788488864899,0.34461298584938,-0.280399531126022,0.344696909189224,-0.280326694250107,0.0556774809956551,-0.174707859754562,0.34461298584938,-0.280399531126022,-0.00823528878390789,0.372837752103806
7.96960020065308,-0.00814762152731419,0.372871339321136,0.344863146543503,-0.280302345752716,0.0554344765841961,-0.174679517745972,0.344501107931137,-0.280487924814224,0.344863146543503,-0.280302345752716,-0.00846733897924423,0.372591912746429,0.344732731580734,-0.280370980501175,0.0555545836687088,-0.174651056528091,0.0554344765841961,-0.174679517745972,0.344732731580734,-0.280370980501175,-0.00792670249938965,0.373022466897964,0.344417065382004,-0.280560672283173,0.344501107931137,-0.280487924814224,0.0555545836687088,-0.174651056528091,0.344417065382004,-0.280560672283173,-0.00777575606480241,0.373071551322937
7.9702000617981,-0.00768835097551346,0.373105019330978,0.344667315483093,-0.280463635921478,0.0553117357194424,-0.174622491002083,0.344305157661438,-0.280648857355118,0.344667315483093,-0.280463635921478,-0.0080078998580575,0.372825980186462,0.344536900520325,-0.280532211065292,0.0554318577051163,-0.174594163894653,0.0553117357194424,-0.174622491002083,0.344536900520325,-0.280532211065292,-0.00746711017563939,0.373255908489227,0.344221115112305,-0.280721515417099,0.344305157661438,-0.28064888715744,0.0554318577051163,-0.174594163894653,0.344221115112305,-0.280721515417099,-0.00731636816635728,0.373304814100266
7.97079992294312,-0.00722886901348829,0.373338222503662,0.344471305608749,-0.280624806880951,0.0551891997456551,-0.174565374851227,0.344109147787094,-0.280809611082077,0.344471305608749,-0.280624806880951,-0.00754877924919128,0.37305948138237,0.344340831041336,-0.280693233013153,0.0553092584013939,-0.174537181854248,0.0551891997456551,-0.174565374851227,0.344340831041336,-0.280693233013153,-0.00700748478993773,0.373488903045654,0.344025045633316,-0.280882149934769,0.344109147787094,-0.280809611082077,0.0553092584013939,-0.174537181854248,0.344025045633316,-0.280882149934769,-0.006856769323349,0.373537600040436
7.97139978408813,-0.00676971068605781,0.373570919036865,0.344275295734406,-0.2807856798172,0.0550667941570282,-0.174508184194565,0.343912988901138,-0.280970126390457,0.344275206327438,-0.280785709619522,-0.00708944909274578,0.373292505741119,0.34414467215538,-0.280854016542435,0.0551868192851543,-0.174480125308037,0.0550667941570282,-0.174508184194565,0.34414467215538,-0.280854016542435,-0.00654818490147591,0.373721361160278,0.343828856945038,-0.281042635440826,0.343912988901138,-0.280970126390457,0.0551868192851543,-0.174480125308037,0.343828827142715,-0.281042605638504,-0.00639731762930751,0.373769879341125
7.97200012207031,-0.00631016539409757,0.373803108930588,0.344079077243805,-0.280946403741837,0.0549445077776909,-0.174450889229774,0.343716740608215,-0.281130403280258,0.344079077243805,-0.280946403741837,-0.0066299089230597,0.373525053262711,0.343948483467102,-0.281014621257782,0.0550645440816879,-0.174422964453697,0.0549445077776909,-0.174450889229774,0.343948483467102,-0.281014621257782,-0.00608867639675736,0.373953312635422,0.343632459640503,-0.28120282292366,0.343716740608215,-0.281130403280258,0.0550645440816879,-0.174422964453697,0.34363254904747,-0.28120282292366,-0.00593783659860492,0.374001652002335
7.97259998321533,-0.00585076957941055,0.374034732580185,0.343882769346237,-0.281106859445572,0.05482242628932,-0.174393504858017,0.343520402908325,-0.281290501356125,0.343882769346237,-0.281106859445572,-0.00617069331929088,0.373757064342499,0.343752145767212,-0.281174957752228,0.0549424439668655,-0.174365699291229,0.05482242628932,-0.174393504858017,0.343752175569534,-0.281174957752228,-0.00562896113842726,0.374184757471085,0.343436121940613,-0.281362801790237,0.343520402908325,-0.281290501356125,0.0549424439668655,-0.174365699291229,0.343436121940613,-0.281362801790237,-0.00547814974561334,0.374232918024063
7.97319984436035,-0.00539152370765805,0.374265968799591,0.343686431646347,-0.281267046928406,0.0547004342079163,-0.174336045980453,0.343323916196823,-0.281450361013412,0.343686461448669,-0.281267046928406,-0.00571127189323306,0.373988628387451,0.34355565905571,-0.281335055828094,0.0548204183578491,-0.174308374524117,0.0547004342079163,-0.174336045980453,0.34355565905571,-0.281335055828094,-0.00516939628869295,0.374415755271912,0.343239635229111,-0.281522572040558,0.343323916196823,-0.281450361013412,0.0548204220831394,-0.174308389425278,0.343239635229111,-0.281522572040558,-0.00501843495294452,0.374463707208633
7.97380018234253,-0.00493189552798867,0.374496608972549,0.343489915132523,-0.281427085399628,0.0545786395668983,-0.174278482794762,0.343127399682999,-0.281609952449799,0.343489915132523,-0.281427085399628,-0.00525164417922497,0.374219626188278,0.343359172344208,-0.281494975090027,0.0546985566616058,-0.174250945448875,0.0545786395668983,-0.174278482794762,0.34335920214653,-0.281494975090027,-0.00470980675891042,0.374646186828613,0.343043029308319,-0.281682133674622,0.343127399682999,-0.281609952449799,0.0546985566616058,-0.174250945448875,0.343042999505997,-0.281682103872299,-0.00455887382850051,0.374693989753723
7.97440004348755,-0.00447242055088282,0.374726802110672,0.343293339014053,-0.281586855649948,0.0544569827616215,-0.174220830202103,0.34293070435524,-0.281769394874573,0.343293339014053,-0.281586855649948,-0.00479198945686221,0.374450147151947,0.343162506818771,-0.281654626131058,0.0545768663287163,-0.174193412065506,0.0544569827616215,-0.174220830202103,0.343162506818771,-0.281654626131058,-0.00425001373514533,0.374876141548157,0.342846304178238,-0.281841397285461,0.34293070435524,-0.281769394874573,0.0545768663287163,-0.174193412065506,0.342846304178238,-0.281841397285461,-0.00409928942099214,0.374923795461655
7.97499990463257,-0.00401274347677827,0.374956488609314,0.343096643686295,-0.281746447086334,0.0543354377150536,-0.174163088202477,0.342734009027481,-0.281928539276123,0.343096643686295,-0.281746447086334,-0.00433248886838555,0.374680191278458,0.342965751886368,-0.281814068555832,0.0544553399085999,-0.174135833978653,0.0543354377150536,-0.174163088202477,0.342965751886368,-0.281814068555832,-0.0037903762422502,0.37510558962822,0.342649519443512,-0.282000541687012,0.342734009027481,-0.281928539276123,0.0544553399085999,-0.174135833978653,0.342649519443512,-0.282000541687012,-0.00363950314931571,0.375153064727783
7.97559976577759,-0.00355322263203561,0.375185668468475,0.342899829149246,-0.281905770301819,0.0542141050100327,-0.174105256795883,0.342537105083466,-0.282087475061417,0.342899829149246,-0.281905800104141,-0.00387314357794821,0.374909698963165,0.342768937349319,-0.281973302364349,0.0543339364230633,-0.17407813668251,0.0542141050100327,-0.174105256795883,0.342768937349319,-0.281973302364349,-0.00333071802742779,0.375334560871124,0.342452526092529,-0.282159417867661,0.342537105083466,-0.282087475061417,0.0543339364230633,-0.17407813668251,0.342452585697174,-0.282159358263016,-0.00317969545722008,0.375381827354431
7.97620010375977,-0.00309350248426199,0.375414341688156,0.342702984809875,-0.282064825296402,0.054092850536108,-0.174047365784645,0.342340171337128,-0.282246232032776,0.342702925205231,-0.282064855098724,-0.00341341854073107,0.375138759613037,0.342571914196014,-0.282132297754288,0.0542126968502998,-0.174020364880562,0.054092850536108,-0.174047365784645,0.342571914196014,-0.282132297754288,-0.00287068099714816,0.375563025474548,0.342255562543869,-0.282318025827408,0.342340171337128,-0.282246232032776,0.0542126968502998,-0.174020364880562,0.342255562543869,-0.282317996025085,-0.00271986820735037,0.375610113143921
7.97679996490479,-0.0026337627787143,0.375642538070679,0.342505991458893,-0.282223761081696,0.0539717674255371,-0.173989370465279,0.3421431183815,-0.282404690980911,0.342505902051926,-0.282223790884018,-0.00295385182835162,0.375367283821106,0.342374920845032,-0.282291084527969,0.0540915839374065,-0.173962503671646,0.0539717674255371,-0.173989370465279,0.342374920845032,-0.282291084527969,-0.00241080462001264,0.375790983438492,0.342058420181274,-0.282476454973221,0.3421431183815,-0.282404690980911,0.0540915876626968,-0.173962518572807,0.342058390378952,-0.282476425170898,-0.00226002279669046,0.37583789229393
7.9773998260498,-0.00217418419197202,0.375870198011398,0.342308849096298,-0.282382398843765,0.0538508519530296,-0.173931300640106,0.341945946216583,-0.282562971115112,0.342308819293976,-0.282382428646088,-0.00249426579102874,0.375595301389694,0.342177748680115,-0.282449632883072,0.053970642387867,-0.173904553055763,0.0538508519530296,-0.173931300640106,0.342177748680115,-0.282449632883072,-0.0019510897109285,0.376018464565277,0.341861188411713,-0.282634645700455,0.341945946216583,-0.282562971115112,0.053970642387867,-0.173904553055763,0.341861248016357,-0.282634615898132,-0.00180033931974322,0.376065135002136
7.97800016403198,-0.00171458930708468,0.376097410917282,0.342111647129059,-0.282540857791901,0.0537301003932953,-0.173873126506805,0.341748744249344,-0.282721072435379,0.342111647129059,-0.282540857791901,-0.00203448324464262,0.375822812318802,0.341980457305908,-0.282607942819595,0.0538498163223267,-0.173846542835236,0.0537301003932953,-0.173873126506805,0.341980457305908,-0.282607942819595,-0.00149135908577591,0.376245409250259,0.341663897037506,-0.282792598009109,0.341748744249344,-0.282721072435379,0.0538498573005199,-0.173846527934074,0.341663897037506,-0.282792598009109,-0.00134046142920852,0.376291990280151
7.978600025177,-0.00125479989219457,0.376324117183685,0.341914355754852,-0.282699078321457,0.0536094233393669,-0.173814862966537,0.34155136346817,-0.282878875732422,0.341914355754852,-0.282699078321457,-0.00157486321404576,0.376049876213074,0.341783076524734,-0.282766044139862,0.0537291578948498,-0.173788398504257,0.0536094233393669,-0.173814862966537,0.341783106327057,-0.282766044139862,-0.00103143439628184,0.376471877098083,0.34146648645401,-0.28295037150383,0.34155136346817,-0.282878875732422,0.0537291578948498,-0.173788398504257,0.341466456651688,-0.282950341701508,-0.000880569161381572,0.376518249511719
7.97919988632202,-0.000794996798504144,0.376550287008286,0.341716974973679,-0.282857030630112,0.0534889213740826,-0.173756554722786,0.341353863477707,-0.28303650021553,0.341716945171356,-0.282857090234756,-0.00111504876986146,0.376276403665543,0.341585695743561,-0.282923936843872,0.053608626127243,-0.173730209469795,0.0534889213740826,-0.173756554722786,0.341585695743561,-0.282923936843872,-0.00057149666827172,0.376697868108749,0.341268986463547,-0.283107876777649,0.341353863477707,-0.28303650021553,0.053608626127243,-0.173730209469795,0.341268986463547,-0.283107876777649,-0.000420484546339139,0.376744031906128
7.9798002243042,-0.000335360935423523,0.37677600979805,0.341519415378571,-0.283014833927155,0.0533685795962811,-0.173698097467422,0.341156363487244,-0.283193826675415,0.341519415378571,-0.283014833927155,-0.000655220588669181,0.376502424478531,0.341388136148453,-0.283081561326981,0.0534882545471191,-0.173671916127205,0.0533685795962811,-0.173698097467422,0.341388136148453,-0.283081561326981,-0.000111547080450691,0.376923322677612,0.341071367263794,-0.283265173435211,0.341156363487244,-0.283193826675415,0.0534882955253124,-0.173671901226044,0.341071337461472,-0.283265143632889,3.94318158214446E-05,0.376969307661057
7.98040008544922,0.000124465514090843,0.377001196146011,0.341321855783463,-0.283172339200974,0.053248405456543,-0.173639610409737,0.340958654880524,-0.283351004123688,0.341321855783463,-0.283172369003296,-0.000195559827261604,0.376727968454361,0.341190457344055,-0.283239006996155,0.0533680506050587,-0.173613533377647,0.053248405456543,-0.173639595508575,0.341190457344055,-0.283239006996155,0.00034841286833398,0.377148300409317,0.340873599052429,-0.283422231674194,0.340958654880524,-0.283351004123688,0.0533680506050587,-0.173613518476486,0.340873599052429,-0.283422201871872,0.000499358109664172,0.377194136381149
7.98099994659424,0.00058430148055777,0.377225905656815,0.34112411737442,-0.283329695463181,0.053128357976675,-0.173581004142761,0.340760886669159,-0.283507943153381,0.34112411737442,-0.283329695463181,0.000264291418716311,0.37695300579071,0.340992718935013,-0.28339621424675,0.0532480143010616,-0.173555061221123,0.053128357976675,-0.173581004142761,0.340992718935013,-0.28339621424675,0.000808561744634062,0.377372771501541,0.340675830841064,-0.283579081296921,0.340760886669159,-0.283507943153381,0.0532480143010616,-0.173555061221123,0.340675830841064,-0.283579081296921,0.000959292869083583,0.377418398857117
7.98159980773926,0.00104432553052902,0.377450078725815,0.340926349163055,-0.283486783504486,0.0530084706842899,-0.173522338271141,0.340563058853149,-0.283664643764496,0.340926349163055,-0.283486783504486,0.000724152137991041,0.377177596092224,0.340794831514359,-0.283553212881088,0.0531280599534512,-0.173496529459953,0.0530084706842899,-0.173522338271141,0.340794831514359,-0.283553212881088,0.00126835820265114,0.377596765756607,0.340477913618088,-0.283735722303391,0.340563058853149,-0.283664643764496,0.0531280599534512,-0.173496529459953,0.340477883815765,-0.283735662698746,0.00141941476613283,0.377642214298248
7.98220014572144,0.0015041766455397,0.377673804759979,0.340728461742401,-0.283643633127213,0.0528887137770653,-0.173463582992554,0.340365052223206,-0.283821135759354,0.340728461742401,-0.283643662929535,0.00118402088992298,0.37740159034729,0.340596854686737,-0.283709913492203,0.0530082695186138,-0.173437878489494,0.0528887137770653,-0.173463582992554,0.340596884489059,-0.283709943294525,0.00172852107789367,0.37782022356987,0.340279877185822,-0.283892095088959,0.340365052223206,-0.283821135759354,0.0530082695186138,-0.173437878489494,0.340279877185822,-0.283892095088959,0.00187918229494244,0.377865523099899
7.98280000686646,0.00196421309374273,0.377896994352341,0.340530455112457,-0.283800274133682,0.0527691170573235,-0.173404723405838,0.340167045593262,-0.283977389335632,0.340530455112457,-0.283800274133682,0.00164389633573592,0.377625167369843,0.340398877859116,-0.283866465091705,0.0528886429965496,-0.173379182815552,0.0527691170573235,-0.173404723405838,0.340398877859116,-0.283866465091705,0.00218850839883089,0.378043204545975,0.340081810951233,-0.284048289060593,0.340167045593262,-0.283977389335632,0.0528886467218399,-0.173379197716713,0.340081810951233,-0.284048289060593,0.00233931420370936,0.37808832526207
7.98339986801147,0.002423892961815,0.378119736909866,0.340332359075546,-0.283956676721573,0.0526496917009354,-0.173345804214478,0.339968860149384,-0.284133404493332,0.340332359075546,-0.283956676721573,0.00210377690382302,0.377848237752914,0.340200662612915,-0.284022748470306,0.0527691841125488,-0.173320397734642,0.0526496917009354,-0.173345804214478,0.340200662612915,-0.284022748470306,0.00264849909581244,0.378265708684921,0.339883595705032,-0.284204244613647,0.339968889951706,-0.284133434295654,0.0527691841125488,-0.173320397734642,0.339883595705032,-0.284204214811325,0.00279962969943881,0.37831062078476
7.98400020599365,0.00288393581286073,0.378341943025589,0.340134143829346,-0.284112900495529,0.0525303371250629,-0.173286765813828,0.339770585298538,-0.284289211034775,0.340134143829346,-0.284112900495529,0.00256384164094925,0.378070771694183,0.340002447366714,-0.284178823232651,0.0526498481631279,-0.173261508345604,0.0525303371250629,-0.173286765813828,0.340002447366714,-0.284178823232651,0.00310867209918797,0.378487706184387,0.339685261249542,-0.284359931945801,0.339770585298538,-0.284289211034775,0.0526498481631279,-0.173261508345604,0.339685261249542,-0.284359931945801,0.00325940526090562,0.378532409667969
7.98460006713867,0.00334379984997213,0.378563672304153,0.3399358689785,-0.284268826246262,0.0524112395942211,-0.173227682709694,0.339572340250015,-0.284444808959961,0.3399358689785,-0.284268885850906,0.00302372872829437,0.378292828798294,0.339804142713547,-0.284334689378738,0.0525306835770607,-0.17320254445076,0.0524112395942211,-0.173227682709694,0.339804142713547,-0.284334689378738,0.00356884556822479,0.378709197044373,0.339486867189407,-0.284515470266342,0.339572340250015,-0.284444808959961,0.0525306835770607,-0.17320254445076,0.339486926794052,-0.28451544046402,0.00371954240836203,0.378753781318665
7.98519992828369,0.00380384386517107,0.378784865140915,0.339737474918365,-0.28442457318306,0.0522922277450562,-0.173168510198593,0.339373856782913,-0.284600168466568,0.339737474918365,-0.284424602985382,0.0034837971907109,0.378514438867569,0.339605689048767,-0.284490346908569,0.0524116344749928,-0.173143491148949,0.0522922277450562,-0.173168510198593,0.339605689048767,-0.284490346908569,0.00402901833876967,0.3789302110672,0.339288383722305,-0.28467071056366,0.339373856782913,-0.284600168466568,0.0524116344749928,-0.173143491148949,0.339288383722305,-0.28467071056366,0.00417985813692212,0.378974556922913
7.98579978942871,0.00426388625055552,0.379005640745163,0.339538991451263,-0.284580111503601,0.052173338830471,-0.173109263181686,0.339175313711166,-0.284755289554596,0.339538991451263,-0.284580111503601,0.00394368497654796,0.378735512495041,0.33940714597702,-0.284645736217499,0.0522927083075047,-0.173084378242493,0.052173338830471,-0.173109263181686,0.33940714597702,-0.284645736217499,0.00448918901383877,0.379150688648224,0.339089810848236,-0.284825772047043,0.339175313711166,-0.284755289554596,0.0522927157580853,-0.173084393143654,0.339089781045914,-0.28482574224472,0.00463999109342694,0.379194915294647
7.98640012741089,0.00472392560914159,0.379225850105286,0.339340418577194,-0.284735381603241,0.0520546101033688,-0.173049926757813,0.338976711034775,-0.284910172224045,0.339340418577194,-0.284735411405563,0.00440375134348869,0.378956079483032,0.339208483695984,-0.284800916910172,0.0521739572286606,-0.173025161027908,0.0520546063780785,-0.173049911856651,0.339208483695984,-0.284800916910172,0.00494935642927885,0.37937068939209,0.338891118764877,-0.284980565309525,0.338976711034775,-0.284910172224045,0.0521739572286606,-0.173025161027908,0.338891118764877,-0.284980565309525,0.00510011985898018,0.379414767026901
7.98699998855591,0.00518396031111479,0.37944558262825,0.339141726493835,-0.284890443086624,0.0519360490143299,-0.17299048602581,0.338777929544449,-0.285064876079559,0.339141726493835,-0.284890472888947,0.00486381445080042,0.379176169633865,0.339009761810303,-0.284955888986588,0.0520554073154926,-0.172965869307518,0.0519360490143299,-0.17299048602581,0.339009761810303,-0.284955888986588,0.00540933711454272,0.379590213298798,0.338692277669907,-0.285135179758072,0.338777929544449,-0.285064876079559,0.0520554073154926,-0.172965869307518,0.338692277669907,-0.285135179758072,0.00556024350225925,0.379634112119675
7.98759984970093,0.00564398989081383,0.379664868116379,0.33894294500351,-0.285045325756073,0.0518176481127739,-0.172930970788002,0.338579148054123,-0.285219371318817,0.33894294500351,-0.285045325756073,0.0053236922249198,0.379395723342896,0.338810920715332,-0.285110622644424,0.0519369393587112,-0.172906503081322,0.0518176481127739,-0.172930970788002,0.338810920715332,-0.285110622644424,0.00586967403069139,0.379809260368347,0.338493466377258,-0.285289585590363,0.338579148054123,-0.285219371318817,0.0519369393587112,-0.172906503081322,0.338493436574936,-0.28528955578804,0.00602072197943926,0.379852920770645
7.98820018768311,0.00610419269651175,0.379883617162704,0.338744163513184,-0.285199910402298,0.0516993813216686,-0.172871395945549,0.338380187749863,-0.285373598337173,0.338744103908539,-0.28519994020462,0.00578392622992396,0.379614859819412,0.338611990213394,-0.28526508808136,0.051818635314703,-0.172847032546997,0.0516993813216686,-0.172871395945549,0.338611990213394,-0.28526508808136,0.00633000303059816,0.380027770996094,0.338294446468353,-0.285443693399429,0.338380217552185,-0.285373598337173,0.051818635314703,-0.172847032546997,0.338294446468353,-0.285443693399429,0.00648064957931638,0.380071312189102
7.98880004882813,0.00656419666483998,0.380101889371872,0.338545113801956,-0.285354316234589,0.0515812374651432,-0.172811731696129,0.338181167840958,-0.285527586936951,0.338545113801956,-0.285354316234589,0.00624378165230155,0.379833459854126,0.338412970304489,-0.285419374704361,0.0517004616558552,-0.172787517309189,0.0515812337398529,-0.172811731696129,0.338412970304489,-0.285419374704361,0.00679013226181269,0.380245804786682,0.338095366954803,-0.285597622394562,0.338181167840958,-0.285527586936951,0.0517004616558552,-0.172787517309189,0.338095366954803,-0.285597622394562,0.00694091944023967,0.380289137363434
7.98939990997314,0.00702429050579667,0.380319654941559,0.338346064090729,-0.2855084836483,0.0514632537961006,-0.172751992940903,0.337982058525085,-0.285681366920471,0.338346064090729,-0.2855084836483,0.00670390855520964,0.380051553249359,0.338213860988617,-0.285573452711105,0.0515824444591999,-0.172727882862091,0.0514632537961006,-0.172751992940903,0.338213860988617,-0.285573452711105,0.00725035089999437,0.380463361740112,0.337896198034286,-0.285751342773438,0.337982058525085,-0.285681366920471,0.0515824481844902,-0.172727897763252,0.337896198034286,-0.285751342773438,0.0074012796394527,0.38050651550293
7.98999977111816,0.00748437317088246,0.380536943674088,0.338146954774857,-0.285662412643433,0.0513454340398312,-0.172692149877548,0.337782829999924,-0.285834908485413,0.338146895170212,-0.285662442445755,0.00716402614489198,0.380269169807434,0.338014632463455,-0.285727262496948,0.0514645986258984,-0.172668188810349,0.0513454340398312,-0.172692149877548,0.338014632463455,-0.285727262496948,0.00771064823493361,0.380680412054062,0.337696999311447,-0.285904794931412,0.337782829999924,-0.285834908485413,0.0514645986258984,-0.172668188810349,0.337696969509125,-0.285904794931412,0.00786153599619865,0.380723416805267
7.99060010910034,0.00794462487101555,0.380753695964813,0.337947726249695,-0.285816133022308,0.0512277409434319,-0.172632247209549,0.337583541870117,-0.285988241434097,0.33794766664505,-0.285816162824631,0.00762422196567059,0.380486309528351,0.337815374135971,-0.285880833864212,0.0513469167053699,-0.172608405351639,0.0512277409434319,-0.172632247209549,0.337815374135971,-0.285880833864212,0.00817093160003424,0.380897015333176,0.337497621774673,-0.286058038473129,0.337583541870117,-0.285988241434097,0.0513469167053699,-0.172608405351639,0.337497621774673,-0.286058038473129,0.00832186918705702,0.38093975186348
7.99119997024536,0.00840477086603642,0.380970001220703,0.337748318910599,-0.285969644784927,0.051110215485096,-0.172572255134583,0.337384194135666,-0.286141365766525,0.337748318910599,-0.285969644784927,0.00808440614491701,0.380702942609787,0.337615936994553,-0.286034226417542,0.0512293167412281,-0.172548547387123,0.051110215485096,-0.172572255134583,0.337615936994553,-0.286034226417542,0.00863129179924726,0.381113082170486,0.337298214435577,-0.28621107339859,0.337384194135666,-0.286141365766525,0.0512293167412281,-0.172548547387123,0.337298214435577,-0.28621107339859,0.00878209620714188,0.381155669689178
7.99179983139038,0.00886499136686325,0.381185799837112,0.33754888176918,-0.286122888326645,0.0509928092360497,-0.17251218855381,0.337184697389603,-0.286294251680374,0.33754888176918,-0.286122918128967,0.00854448508471251,0.380919098854065,0.337416470050812,-0.286187380552292,0.0511118806898594,-0.172488614916801,0.0509928092360497,-0.17251218855381,0.337416470050812,-0.286187380552292,0.00909154489636421,0.381328612565994,0.337098628282547,-0.286363869905472,0.337184697389603,-0.286294251680374,0.0511119216680527,-0.172488614916801,0.337098628282547,-0.286363869905472,0.00924248900264502,0.381371051073074
7.99240016937256,0.00932510569691658,0.381401121616364,0.337349414825439,-0.286275953054428,0.0508755706250668,-0.172452047467232,0.336985111236572,-0.286446899175644,0.337349355220795,-0.286275953054428,0.00900472886860371,0.381134748458862,0.337216854095459,-0.286340326070786,0.0509946085512638,-0.172428607940674,0.0508755706250668,-0.172452047467232,0.337216854095459,-0.286340326070786,0.00955196190625429,0.381543725728989,0.336899042129517,-0.286516457796097,0.336985111236572,-0.286446899175644,0.0509946495294571,-0.172428593039513,0.336899012327194,-0.286516427993774,0.00970286410301924,0.381585985422134
7.99300003051758,0.00978538300842047,0.381615966558456,0.337149828672409,-0.28642874956131,0.050758495926857,-0.172391846776009,0.336785435676575,-0.286599338054657,0.337149739265442,-0.286428779363632,0.0094648664817214,0.381349891424179,0.337017208337784,-0.286493003368378,0.050877507776022,-0.17236852645874,0.050758495926857,-0.172391846776009,0.337017208337784,-0.286493003368378,0.0100122690200806,0.381758272647858,0.336699306964874,-0.28666877746582,0.336785435676575,-0.286599338054657,0.050877507776022,-0.17236852645874,0.336699306964874,-0.28666877746582,0.0101631274446845,0.381800383329391
7.9935998916626,0.010245549492538,0.381830275058746,0.336950093507767,-0.286581337451935,0.0506415069103241,-0.172331541776657,0.336585730314255,-0.286751538515091,0.3369500041008,-0.286581367254257,0.00992507487535477,0.381564557552338,0.336817443370819,-0.286645501852036,0.0507605262100697,-0.172308340668678,0.0506415069103241,-0.172331541776657,0.336817443370819,-0.286645501852036,0.0104725556448102,0.381972402334213,0.336499452590942,-0.286820918321609,0.336585640907288,-0.286751568317413,0.0507605262100697,-0.172308340668678,0.336499452590942,-0.286820918321609,0.0106235528364778,0.38201430439949
7.99420022964478,0.0107057858258486,0.382044106721878,0.336750209331512,-0.286733716726303,0.0505247227847576,-0.1722711622715,0.336385816335678,-0.286903560161591,0.336750209331512,-0.286733716726303,0.0103852637112141,0.381778687238693,0.336617588996887,-0.286797732114792,0.0506437122821808,-0.172248110175133,0.0505247227847576,-0.1722711622715,0.33661761879921,-0.286797761917114,0.0109329121187329,0.382185995578766,0.336299568414688,-0.28697282075882,0.336385816335678,-0.286903560161591,0.0506437122821808,-0.172248110175133,0.336299538612366,-0.286972790956497,0.0110838655382395,0.382227718830109
7.99480009078979,0.0111660910770297,0.382257461547852,0.336550295352936,-0.286885857582092,0.0504080578684807,-0.172210708260536,0.336185902357101,-0.287055313587189,0.336550295352936,-0.286885857582092,0.010845523327589,0.381992399692535,0.336417675018311,-0.286949753761292,0.0505269728600979,-0.172187760472298,0.0504080578684807,-0.172210708260536,0.336417675018311,-0.286949753761292,0.0113933365792036,0.382399141788483,0.336099535226822,-0.287124514579773,0.336185902357101,-0.287055313587189,0.0505269728600979,-0.172187760472298,0.336099594831467,-0.287124454975128,0.0115442452952266,0.382440656423569
7.99539995193481,0.011626279912889,0.382470309734344,0.336350411176682,-0.28703773021698,0.0502915643155575,-0.172150149941444,0.335985869169235,-0.287206828594208,0.336350351572037,-0.287037789821625,0.0113057596608996,0.382205605506897,0.336217671632767,-0.287101566791534,0.0504104495048523,-0.172127366065979,0.0502915643155575,-0.172150149941444,0.336217671632767,-0.287101566791534,0.0118537368252873,0.382611751556396,0.335899531841278,-0.287275940179825,0.335985898971558,-0.28720685839653,0.0504104495048523,-0.172127366065979,0.335899531841278,-0.287275940179825,0.0120046017691493,0.382653117179871
7.99599981307983,0.0120865376666188,0.382682651281357,0.336150258779526,-0.287189453840256,0.0501752346754074,-0.172089546918869,0.335785716772079,-0.28735813498497,0.336150258779526,-0.287189453840256,0.0117659717798233,0.382418274879456,0.336017489433289,-0.287253111600876,0.0502940863370895,-0.172066867351532,0.0501752346754074,-0.172089546918869,0.336017489433289,-0.287253111600876,0.0123142031952739,0.382823884487152,0.335699290037155,-0.287427186965942,0.335785716772079,-0.28735813498497,0.0502940863370895,-0.172066867351532,0.335699290037155,-0.28742715716362,0.0124650215730071,0.382865071296692
7.99660015106201,0.0125467674806714,0.382894545793533,0.335950076580048,-0.287340939044952,0.0500589907169342,-0.172028854489326,0.335585504770279,-0.287509232759476,0.335950076580048,-0.287340939044952,0.0122262509539723,0.382630527019501,0.335817247629166,-0.287404507398605,0.0501778461039066,-0.172006323933601,0.0500589907169342,-0.172028854489326,0.335817247629166,-0.287404507398605,0.0127745494246483,0.383035570383072,0.335499048233032,-0.287578165531158,0.335585504770279,-0.287509232759476,0.0501778461039066,-0.172006323933601,0.33549901843071,-0.287578165531158,0.0129254134371877,0.383076548576355
7.99720001220703,0.0130070587620139,0.383105963468552,0.335749864578247,-0.287492126226425,0.0499429032206535,-0.171968072652817,0.335385173559189,-0.287660092115402,0.335749804973602,-0.287492156028748,0.0126865031197667,0.382842242717743,0.33561697602272,-0.287555605173111,0.0500617288053036,-0.171945661306381,0.0499429032206535,-0.171968072652817,0.33561697602272,-0.287555605173111,0.0132350511848927,0.383246719837189,0.335298717021942,-0.287728935480118,0.335385173559189,-0.287660092115402,0.0500617288053036,-0.171945661306381,0.335298717021942,-0.287728935480118,0.0133858686313033,0.38328754901886
7.99779987335205,0.0134673211723566,0.383316844701767,0.335549473762512,-0.287643194198608,0.0498270243406296,-0.171907231211662,0.335184782743454,-0.28781071305275,0.335549473762512,-0.287643194198608,0.0131468176841736,0.383053481578827,0.335416585206985,-0.287706524133682,0.0499457828700542,-0.171884953975677,0.0498270243406296,-0.171907231211662,0.335416585206985,-0.287706524133682,0.0136954290792346,0.383457392454147,0.335098266601563,-0.28787949681282,0.335184782743454,-0.28781071305275,0.0499457828700542,-0.171884953975677,0.33509823679924,-0.287879467010498,0.013846293091774,0.383498013019562
7.99840021133423,0.0139276450499892,0.383527249097824,0.33534899353981,-0.287793934345245,0.0497112348675728,-0.171846330165863,0.33498427271843,-0.28796112537384,0.33534899353981,-0.287793964147568,0.0136071024462581,0.38326421380043,0.335216045379639,-0.28785714507103,0.0498299524188042,-0.171824157238007,0.0497112348675728,-0.171846330165863,0.335216075181961,-0.287857174873352,0.014155869372189,0.383667588233948,0.334897696971893,-0.288029819726944,0.33498427271843,-0.28796112537384,0.0498299524188042,-0.171824157238007,0.334897696971893,-0.288029789924622,0.0143066858872771,0.38370805978775
7.99900007247925,0.0143879372626543,0.383737176656723,0.335148483514786,-0.28794452548027,0.0495956055819988,-0.171785324811935,0.334783762693405,-0.288111329078674,0.335148483514786,-0.287944555282593,0.0140673574060202,0.383474498987198,0.335015475749969,-0.288007616996765,0.0497142896056175,-0.171763300895691,0.0495956055819988,-0.171785324811935,0.335015475749969,-0.288007616996765,0.0146162761375308,0.383877277374268,0.334697067737579,-0.288179934024811,0.334783762693405,-0.288111329078674,0.0497142896056175,-0.171763300895691,0.334697067737579,-0.288179904222488,0.0147671373561025,0.383917570114136
7.99959993362427,0.0148482862859964,0.383946627378464,0.334947854280472,-0.288094848394394,0.0494801364839077,-0.171724259853363,0.334583044052124,-0.288261264562607,0.334947854280472,-0.288094848394394,0.0145276691764593,0.383684277534485,0.334814816713333,-0.288157880306244,0.0495987944304943,-0.171702370047569,0.0494801364839077,-0.171724259853363,0.334814816713333,-0.288157880306244,0.0150767397135496,0.384086459875107,0.334496319293976,-0.288329780101776,0.334583073854446,-0.288261264562607,0.0495987944304943,-0.171702370047569,0.334496319293976,-0.288329750299454,0.0152275515720248,0.384126603603363
8.00020027160645,0.0153086008504033,0.384155571460724,0.334747165441513,-0.288244962692261,0.0493647567927837,-0.171663105487823,0.334382325410843,-0.288410991430283,0.334747165441513,-0.288244992494583,0.0149879483506083,0.383893519639969,0.33461406826973,-0.288307845592499,0.0494834594428539,-0.171641334891319,0.0493647567927837,-0.171663105487823,0.33461406826973,-0.288307845592499,0.0155371678993106,0.38429519534111,0.334295511245728,-0.288479447364807,0.334382325410843,-0.288410991430283,0.0494834594428539,-0.171641334891319,0.334295511245728,-0.288479447364807,0.0156880244612694,0.384335160255432
8.00080013275146,0.0157688800245523,0.384364008903503,0.334546327590942,-0.288394838571548,0.0492496229708195,-0.171601891517639,0.334181427955627,-0.288560479879379,0.334546327590942,-0.288394838571548,0.0154482843354344,0.384102284908295,0.334413200616837,-0.288457632064819,0.0493682101368904,-0.171580240130424,0.0492496229708195,-0.171601891517639,0.334413200616837,-0.288457632064819,0.0159975606948137,0.384503424167633,0.334094673395157,-0.288628846406937,0.334181427955627,-0.288560479879379,0.0493682101368904,-0.171580240130424,0.334094673395157,-0.288628846406937,0.0161484591662884,0.384543210268021
8.00139999389648,0.016229210421443,0.384571969509125,0.334345489740372,-0.288544505834579,0.0491345711052418,-0.171540603041649,0.333980530500412,-0.288709789514542,0.334345489740372,-0.288544505834579,0.0159085839986801,0.384310632944107,0.334212273359299,-0.288607180118561,0.0492531247437,-0.171519070863724,0.0491345711052418,-0.171540588140488,0.334212273359299,-0.288607180118561,0.0164580978453159,0.384711176156998,0.333893686532974,-0.288778036832809,0.333980530500412,-0.288709789514542,0.0492531247437,-0.171519070863724,0.333893686532974,-0.288778036832809,0.0166088547557592,0.384750753641129
8.0019998550415,0.0166895035654306,0.384779453277588,0.334144502878189,-0.288693934679031,0.0490196794271469,-0.171479225158691,0.333779543638229,-0.288858860731125,0.334144502878189,-0.288693964481354,0.0163689386099577,0.384518474340439,0.334011226892471,-0.288756489753723,0.0491382032632828,-0.171457827091217,0.0490196794271469,-0.171479225158691,0.334011226892471,-0.288756489753723,0.0169185940176249,0.384918451309204,0.333692580461502,-0.288927018642426,0.333779543638229,-0.288858860731125,0.0491382069885731,-0.171457841992378,0.333692640066147,-0.288926988840103,0.0170693937689066,0.384957849979401
8.00259971618652,0.0171498488634825,0.384986460208893,0.333943426609039,-0.288843184709549,0.0489049553871155,-0.171417757868767,0.33357846736908,-0.289007663726807,0.333943426609039,-0.288843184709549,0.016829252243042,0.384725779294968,0.333810120820999,-0.288905590772629,0.0490234456956387,-0.171396508812904,0.0489049553871155,-0.171417757868767,0.333810120820999,-0.288905590772629,0.0173790510743856,0.385125190019608,0.333491444587708,-0.289075762033463,0.33357846736908,-0.289007663726807,0.0490234456956387,-0.171396508812904,0.333491444587708,-0.289075762033463,0.0175298899412155,0.385164439678192
8.00319957733154,0.0176101494580507,0.385192960500717,0.333742290735245,-0.288992136716843,0.0487903133034706,-0.17135626077652,0.333377212285995,-0.289156258106232,0.333742290735245,-0.288992136716843,0.0172896180301905,0.384932637214661,0.333608895540237,-0.289054453372955,0.0489087738096714,-0.171335130929947,0.0487903133034706,-0.17135626077652,0.333608895540237,-0.289054453372955,0.017839465290308,0.385331481695175,0.333290219306946,-0.28922426700592,0.333377212285995,-0.289156258106232,0.0489087738096714,-0.171335130929947,0.333290189504623,-0.28922426700592,0.0179902538657188,0.385370552539825
8.00380039215088,0.0180705022066832,0.385399013757706,0.333541035652161,-0.289140909910202,0.0486758798360825,-0.171294659376144,0.333175957202911,-0.2893046438694,0.333541035652161,-0.289140909910202,0.0177499409765005,0.385138928890228,0.333407610654831,-0.289203107357025,0.0487943068146706,-0.171273663640022,0.0486758798360825,-0.171294659376144,0.333407610654831,-0.289203107357025,0.0182999242097139,0.385537296533585,0.333088904619217,-0.289372563362122,0.333175957202911,-0.2893046438694,0.0487943068146706,-0.171273663640022,0.333088904619217,-0.289372563362122,0.0184507556259632,0.385576158761978
8.0044002532959,0.0185308083891869,0.385604560375214,0.333339691162109,-0.289289444684982,0.0485615730285645,-0.171232983469963,0.332974553108215,-0.289452791213989,0.333339691162109,-0.289289444684982,0.0182102210819721,0.385344833135605,0.333206206560135,-0.289351552724838,0.0486800000071526,-0.171212136745453,0.0485615730285645,-0.171232983469963,0.333206236362457,-0.289351552724838,0.0187604334205389,0.385742574930191,0.332887440919876,-0.289520651102066,0.332974553108215,-0.289452791213989,0.0486800000071526,-0.171212136745453,0.332887411117554,-0.289520621299744,0.018911212682724,0.385781288146973
8.00500011444092,0.0189911592751741,0.385809600353241,0.333138316869736,-0.289437711238861,0.0484473817050457,-0.171171262860298,0.332773119211197,-0.289600729942322,0.333138316869736,-0.289437711238861,0.0186705496162176,0.385550230741501,0.333004772663116,-0.28949972987175,0.0485657788813114,-0.171150505542755,0.0484473817050457,-0.171171262860298,0.333004772663116,-0.28949972987175,0.01922089420259,0.385947436094284,0.332685947418213,-0.289668470621109,0.332773119211197,-0.289600729942322,0.0485657788813114,-0.171150505542755,0.332685917615891,-0.289668440818787,0.0193717144429684,0.385985970497131
8.00559997558594,0.0194514654576778,0.386014193296432,0.332936763763428,-0.289585798978806,0.0483333989977837,-0.171109452843666,0.332571536302567,-0.289748430252075,0.332936763763428,-0.289585828781128,0.0191308297216892,0.385755121707916,0.332803189754486,-0.289647698402405,0.0484517216682434,-0.171088844537735,0.0483333989977837,-0.171109452843666,0.332803189754486,-0.289647698402405,0.0196813996881247,0.386151760816574,0.332484304904938,-0.289816081523895,0.332571536302567,-0.289748430252075,0.0484517216682434,-0.171088844537735,0.332484304904938,-0.289816081523895,0.0198321677744389,0.386190116405487
8.00619983673096,0.0199119038879871,0.386218249797821,0.33273521065712,-0.289733678102493,0.0482195019721985,-0.171047568321228,0.332369983196259,-0.289895862340927,0.33273521065712,-0.289733678102493,0.0195912476629019,0.385959535837173,0.332601577043533,-0.289795398712158,0.0483378246426582,-0.171027079224586,0.0482194982469082,-0.171047553420067,0.332601577043533,-0.289795398712158,0.0201418567448854,0.386355638504028,0.332282721996307,-0.289963483810425,0.332369983196259,-0.289895862340927,0.0483378246426582,-0.171027079224586,0.332282721996307,-0.289963483810425,0.0202926620841026,0.386393815279007
8.00679969787598,0.0203722957521677,0.386421829462051,0.3325335085392,-0.28988128900528,0.0481058061122894,-0.170985609292984,0.332168251276016,-0.29004317522049,0.3325335085392,-0.28988128900528,0.0200516153126955,0.386163502931595,0.332399934530258,-0.289942920207977,0.0482240542769432,-0.170965239405632,0.0481058023869991,-0.170985594391823,0.332399934530258,-0.289942920207977,0.0206022616475821,0.386559009552002,0.332080900669098,-0.290110617876053,0.332168251276016,-0.29004317522049,0.0482240542769432,-0.170965239405632,0.332080900669098,-0.290110617876053,0.0207531079649925,0.386596977710724
8.007399559021,0.0208325423300266,0.386624962091446,0.332331776618958,-0.290028721094131,0.0479922331869602,-0.170923575758934,0.331966459751129,-0.290190190076828,0.332331776618958,-0.290028721094131,0.0205118414014578,0.386366903781891,0.332198053598404,-0.29009023308754,0.0481104515492916,-0.170903325080872,0.0479922331869602,-0.170923575758934,0.332198053598404,-0.29009023308754,0.0210627987980843,0.386761903762817,0.331879079341888,-0.290257573127747,0.331966459751129,-0.290190190076828,0.0481104515492916,-0.170903325080872,0.331879049539566,-0.290257573127747,0.0212134998291731,0.386799693107605
8.00800037384033,0.021292919293046,0.38682758808136,0.332129895687103,-0.290175884962082,0.0478787831962109,-0.170861467719078,0.331764549016953,-0.290336966514587,0.332129895687103,-0.290175884962082,0.0209722016006708,0.386569917201996,0.331996202468872,-0.290237277746201,0.0479969680309296,-0.170841366052628,0.0478787831962109,-0.170861467719078,0.331996202468872,-0.290237277746201,0.0215232837945223,0.38696426153183,0.331677198410034,-0.290404319763184,0.331764549016953,-0.290336966514587,0.0479969680309296,-0.170841366052628,0.331677168607712,-0.290404289960861,0.0216740239411592,0.38700196146965
8.00860023498535,0.0217531509697437,0.387029737234116,0.331927984952927,-0.290322810411453,0.0477655418217182,-0.170799300074577,0.331562608480453,-0.290483564138412,0.331928014755249,-0.290322870016098,0.0214325077831745,0.386772364377975,0.331794232130051,-0.290384113788605,0.0478836931288242,-0.170779317617416,0.0477655418217182,-0.170799300074577,0.331794232130051,-0.290384113788605,0.0219838060438633,0.387166202068329,0.331475108861923,-0.290550798177719,0.331562608480453,-0.290483564138412,0.0478836931288242,-0.170779317617416,0.331475168466568,-0.290550768375397,0.0221344903111458,0.38720366358757
8.00920009613037,0.0222135130316019,0.387231409549713,0.33172595500946,-0.290469586849213,0.0476523824036121,-0.170737057924271,0.33136060833931,-0.290629923343658,0.33172595500946,-0.290469586849213,0.0218929443508387,0.386974334716797,0.331592172384262,-0.290530771017075,0.0477705001831055,-0.17071720957756,0.0476523824036121,-0.170737057924271,0.331592172384262,-0.290530771017075,0.0224441792815924,0.387367635965347,0.331273049116135,-0.290697067975998,0.33136060833931,-0.290629923343658,0.0477705001831055,-0.17071720957756,0.331273019313812,-0.290697038173676,0.022594902664423,0.387404948472977
8.00979995727539,0.0226739086210728,0.387432605028152,0.331523895263672,-0.290616095066071,0.0475393794476986,-0.170674741268158,0.331158488988876,-0.290776014328003,0.331523895263672,-0.290616095066071,0.0223531406372786,0.387175858020782,0.331389963626862,-0.290677130222321,0.0476574674248695,-0.170655027031898,0.0475393794476986,-0.170674741268158,0.331389963626862,-0.290677130222321,0.0229046810418367,0.387568593025208,0.331070870161057,-0.290843099355698,0.331158488988876,-0.290776014328003,0.0476574674248695,-0.170655027031898,0.331070870161057,-0.290843099355698,0.02305543795228,0.38760569691658
8.01039981842041,0.0231342446058989,0.387633264064789,0.331321775913239,-0.290762335062027,0.0474265515804291,-0.170612365007401,0.330956220626831,-0.290921956300735,0.331321686506271,-0.290762364864349,0.0228134635835886,0.38737690448761,0.331187784671783,-0.290823310613632,0.0475445948541164,-0.170592755079269,0.0474265515804291,-0.170612365007401,0.331187784671783,-0.290823310613632,0.0233651231974363,0.38776907324791,0.330868542194366,-0.290988892316818,0.330956220626831,-0.290921956300735,0.0475445948541164,-0.170592755079269,0.330868542194366,-0.290988892316818,0.0235158242285252,0.387805998325348
8.01099967956543,0.0235945228487253,0.387833476066589,0.331119447946548,-0.290908396244049,0.0473138429224491,-0.170549914240837,0.330753922462463,-0.291067600250244,0.331119447946548,-0.290908396244049,0.0232738200575113,0.387577444314957,0.330985486507416,-0.290969222784042,0.0474318563938141,-0.170530423521996,0.0473138429224491,-0.170549914240837,0.330985486507416,-0.290969222784042,0.023825503885746,0.387969017028809,0.330666273832321,-0.291134476661682,0.330753922462463,-0.291067600250244,0.0474318601191044,-0.170530438423157,0.330666273832321,-0.291134476661682,0.0239763353019953,0.388005793094635
8.01159954071045,0.0240548346191645,0.388033241033554,0.330917119979858,-0.291054219007492,0.0472012981772423,-0.170487388968468,0.330551505088806,-0.291213035583496,0.330917119979858,-0.291054219007492,0.0237341187894344,0.387777537107468,0.330783039331436,-0.291114926338196,0.0473192781209946,-0.170468032360077,0.0472012981772423,-0.170487388968468,0.330783039331436,-0.291114926338196,0.0242860075086355,0.388168543577194,0.330463826656342,-0.291279852390289,0.330551505088806,-0.291213035583496,0.0473192781209946,-0.170468032360077,0.330463796854019,-0.291279822587967,0.024436691775918,0.388205140829086
8.01220035552979,0.0245151706039906,0.388232469558716,0.330714702606201,-0.291199803352356,0.047088872641325,-0.170424789190292,0.330349057912827,-0.291358262300491,0.330714702606201,-0.291199803352356,0.0241944473236799,0.387977093458176,0.330580592155457,-0.291260421276093,0.0472068190574646,-0.170405566692352,0.047088872641325,-0.170424789190292,0.330580592155457,-0.291260421276093,0.02474644780159,0.388367563486099,0.330261290073395,-0.291424959897995,0.330349057912827,-0.291358262300491,0.0472068190574646,-0.170405566692352,0.330261290073395,-0.291424959897995,0.0248971655964851,0.388404011726379
8.0128002166748,0.0249753519892693,0.388431251049042,0.330512166023254,-0.291345179080963,0.0469766221940517,-0.170362129807472,0.330146551132202,-0.291503250598907,0.330512166023254,-0.291345179080963,0.0246547143906355,0.388176202774048,0.330377995967865,-0.291405707597733,0.0470945276319981,-0.170343026518822,0.0469766221940517,-0.170362129807472,0.330377995967865,-0.291405707597733,0.0252069178968668,0.388566106557846,0.330058753490448,-0.291569918394089,0.330146551132202,-0.291503250598907,0.0470945276319981,-0.170343026518822,0.330058723688126,-0.291569888591766,0.0253575779497623,0.388602375984192
8.01340007781982,0.0254357494413853,0.388629555702209,0.330309599637985,-0.291490346193314,0.0468645244836807,-0.170299381017685,0.329943895339966,-0.291648030281067,0.330309599637985,-0.291490346193314,0.0251151006668806,0.388374835252762,0.330175399780273,-0.291550725698471,0.0469823554158211,-0.170280411839485,0.0468645244836807,-0.170299381017685,0.330175399780273,-0.291550725698471,0.0256673227995634,0.388764202594757,0.329856038093567,-0.291714578866959,0.329943895339966,-0.291648030281067,0.0469823554158211,-0.170280411839485,0.329856038093567,-0.291714578866959,0.0258180201053619,0.388800263404846
8.01399993896484,0.0258959848433733,0.388827353715897,0.330106914043427,-0.291635274887085,0.0467525124549866,-0.170236572623253,0.329741239547729,-0.29179260134697,0.330106914043427,-0.291635274887085,0.0255752392113209,0.388572990894318,0.329972624778748,-0.29169550538063,0.0468703508377075,-0.170217752456665,0.0467525124549866,-0.170236572623253,0.329972624778748,-0.29169550538063,0.0261276625096798,0.388961762189865,0.329653263092041,-0.291859030723572,0.329741239547729,-0.29179260134697,0.0468703508377075,-0.170217737555504,0.329653263092041,-0.291859030723572,0.0262783914804459,0.388997614383698
8.01459980010986,0.0263562481850386,0.389024704694748,0.329904168844223,-0.291779935359955,0.0466406680643559,-0.170173719525337,0.329538434743881,-0.291936904191971,0.329904168844223,-0.291779935359955,0.026035588234663,0.38877061009407,0.329769909381866,-0.291840076446533,0.0467584691941738,-0.170155003666878,0.0466406680643559,-0.170173719525337,0.329769909381866,-0.291840076446533,0.0265881158411503,0.389158844947815,0.32945042848587,-0.292003273963928,0.329538434743881,-0.291936904191971,0.0467585101723671,-0.170155003666878,0.32945042848587,-0.292003273963928,0.0267387852072716,0.389194548130035
8.01519966125488,0.0268165320158005,0.389221549034119,0.329701334238052,-0.291924387216568,0.046528983861208,-0.170110777020454,0.329335540533066,-0.292080998420715,0.329701274633408,-0.29192441701889,0.0264958683401346,0.38896781206131,0.329566985368729,-0.291984438896179,0.0466467514634132,-0.170092180371284,0.046528983861208,-0.170110777020454,0.329566985368729,-0.291984438896179,0.0270485002547503,0.389355510473251,0.329247534275055,-0.292147308588028,0.329335540533066,-0.292080998420715,0.0466467514634132,-0.170092180371284,0.329247504472733,-0.292147278785706,0.0271992031484842,0.389391034841537
8.01580047607422,0.027276748791337,0.389417916536331,0.329498380422592,-0.292068630456924,0.0464174672961235,-0.170047760009766,0.329132586717606,-0.292224884033203,0.329498380422592,-0.292068630456924,0.0269560776650906,0.389164477586746,0.329364001750946,-0.292128592729568,0.0465351976454258,-0.170029297471046,0.0464174672961235,-0.170047760009766,0.329364001750946,-0.292128592729568,0.027508907020092,0.389551609754562,0.32904452085495,-0.292291074991226,0.329132586717606,-0.292224884033203,0.0465351976454258,-0.170029297471046,0.32904452085495,-0.292291074991226,0.0276595503091812,0.389586985111237
8.01640033721924,0.0277370773255825,0.389613777399063,0.329295426607132,-0.292212694883347,0.0463061109185219,-0.169984698295593,0.328929603099823,-0.292368501424789,0.329295426607132,-0.292212694883347,0.0274164061993361,0.389360696077347,0.329160928726196,-0.292272478342056,0.0464237667620182,-0.169966354966164,0.0463061109185219,-0.169984698295593,0.329160928726196,-0.292272478342056,0.0279692374169827,0.389747262001038,0.328841477632523,-0.292434602975845,0.328929603099823,-0.292368501424789,0.0464237667620182,-0.169966354966164,0.328841477632523,-0.292434602975845,0.0281199179589748,0.3897824883461
8.01700019836426,0.028197331354022,0.389809221029282,0.329092264175415,-0.292356491088867,0.0461948364973068,-0.169921547174454,0.328726500272751,-0.292511910200119,0.329092264175415,-0.29235652089119,0.0278765670955181,0.389556437730789,0.328957825899124,-0.292416155338287,0.0463124923408031,-0.169903352856636,0.0461948327720165,-0.169921532273293,0.328957825899124,-0.292416155338287,0.0284296851605177,0.389942467212677,0.328638285398483,-0.29257795214653,0.328726500272751,-0.292511910200119,0.0463124923408031,-0.169903337955475,0.328638285398483,-0.29257795214653,0.0285803936421871,0.389977484941483
8.01760005950928,0.0286575108766556,0.390004128217697,0.328889161348343,-0.292500048875809,0.0460837259888649,-0.169858336448669,0.328523248434067,-0.292655110359192,0.328889161348343,-0.292500048875809,0.0283368397504091,0.389751702547073,0.328754633665085,-0.292559623718262,0.0462013483047485,-0.169840261340141,0.0460837259888649,-0.169858336448669,0.328754633665085,-0.292559623718262,0.0288900546729565,0.390137135982513,0.328435003757477,-0.292721062898636,0.328523248434067,-0.292655110359192,0.0462013483047485,-0.16984024643898,0.328435003757477,-0.292721033096313,0.0290406104177237,0.390172004699707
8.0181999206543,0.0291177984327078,0.390198558568954,0.328685909509659,-0.292643368244171,0.0459727793931961,-0.16979506611824,0.32831996679306,-0.292798072099686,0.328685909509659,-0.292643368244171,0.0287970397621393,0.389946520328522,0.328551352024078,-0.292702823877335,0.0460903719067574,-0.169777110219002,0.0459727793931961,-0.16979506611824,0.328551352024078,-0.292702823877335,0.0293504428118467,0.390331387519836,0.328231751918793,-0.292863935232162,0.32831996679306,-0.292798072099686,0.0460903719067574,-0.169777110219002,0.32823172211647,-0.29286390542984,0.0295009352266788,0.390366047620773
8.01879978179932,0.029578011482954,0.390392541885376,0.328482568264008,-0.292786508798599,0.0458619557321072,-0.169731721282005,0.328116655349731,-0.2929407954216,0.328482568264008,-0.292786508798599,0.0292572528123856,0.390140771865845,0.328347951173782,-0.292845845222473,0.0459795482456684,-0.169713884592056,0.0458619557321072,-0.169731721282005,0.328347951173782,-0.292845845222473,0.0298107489943504,0.390525102615356,0.328028321266174,-0.29300656914711,0.328116655349731,-0.2929407954216,0.0459795482456684,-0.169713884592056,0.328028321266174,-0.29300656914711,0.0299613680690527,0.390559583902359
8.01939964294434,0.0300381500273943,0.390586107969284,0.328279167413712,-0.292929381132126,0.0457512959837914,-0.169668316841125,0.327913224697113,-0.293083310127258,0.328279167413712,-0.292929410934448,0.0297174863517284,0.390334635972977,0.328144520521164,-0.29298859834671,0.0458688102662563,-0.169650599360466,0.0457512922585011,-0.169668301939964,0.328144520521164,-0.29298859834671,0.0302709769457579,0.390718370676041,0.327824831008911,-0.293148994445801,0.327913224697113,-0.293083310127258,0.0458688139915466,-0.169650599360466,0.327824831008911,-0.293148994445801,0.0304216295480728,0.390752702951431
8.02000045776367,0.0304983891546726,0.390779048204422,0.328075647354126,-0.293072044849396,0.0456408001482487,-0.169604822993279,0.32770973443985,-0.293225586414337,0.328075647354126,-0.293072044849396,0.0301776360720396,0.390527933835983,0.327940940856934,-0.293131172657013,0.0457582361996174,-0.16958723962307,0.0456408001482487,-0.169604822993279,0.327940940856934,-0.293131172657013,0.0307313147932291,0.390911191701889,0.327621310949326,-0.293291211128235,0.32770973443985,-0.293225586414337,0.0457582399249077,-0.169587254524231,0.327621281147003,-0.293291181325912,0.0308819953352213,0.390945345163345
8.02060031890869,0.0309585481882095,0.390971601009369,0.327872097492218,-0.293214499950409,0.0455304235219955,-0.169541284441948,0.327506124973297,-0.293367654085159,0.327872097492218,-0.293214499950409,0.0306378044188023,0.390720814466476,0.327737331390381,-0.293273478746414,0.0456478260457516,-0.169523820281029,0.0455304235219955,-0.169541284441948,0.327737331390381,-0.293273478746414,0.0311915669590235,0.391103476285934,0.32741767168045,-0.293433219194412,0.327506124973297,-0.293367654085159,0.0456478260457516,-0.169523820281029,0.327417641878128,-0.29343318939209,0.0313421860337257,0.391137450933456
8.02120018005371,0.0314186215400696,0.39116370677948,0.327668488025665,-0.293356686830521,0.0454201735556126,-0.169477671384811,0.3273024559021,-0.293509542942047,0.327668488025665,-0.293356686830521,0.0310979802161455,0.390913188457489,0.327533721923828,-0.293415606021881,0.0455375798046589,-0.169460326433182,0.0454201735556126,-0.169477671384811,0.327533721923828,-0.293415606021881,0.0316519252955914,0.391295313835144,0.327213883399963,-0.293574959039688,0.3273024559021,-0.293509542942047,0.0455375835299492,-0.169460341334343,0.327213972806931,-0.293574929237366,0.0318024754524231,0.391329109668732
8.02180004119873,0.031878799200058,0.391355246305466,0.327464789152145,-0.293498665094376,0.045310128480196,-0.16941399872303,0.327098786830902,-0.293651103973389,0.327464789152145,-0.293498694896698,0.0315580740571022,0.391105115413666,0.327329933643341,-0.293557435274124,0.0454274192452431,-0.169396802783012,0.045310128480196,-0.16941399872303,0.327329933643341,-0.293557435274124,0.0321121960878372,0.391486644744873,0.327010184526443,-0.293716490268707,0.327098786830902,-0.293651103973389,0.0454274974763393,-0.169396787881851,0.327010154724121,-0.293716460466385,0.0322626866400242,0.391520321369171
8.02239990234375,0.0323388949036598,0.39154639840126,0.327260971069336,-0.293640434741974,0.0452001616358757,-0.169350266456604,0.326894879341125,-0.293792515993118,0.327260971069336,-0.293640434741974,0.0320182703435421,0.391296565532684,0.327126085758209,-0.293699115514755,0.0453174971044064,-0.169333174824715,0.0452001616358757,-0.169350266456604,0.327126085758209,-0.293699115514755,0.0325723811984062,0.391677588224411,0.326806336641312,-0.293857783079147,0.326894879341125,-0.293792515993118,0.0453174971044064,-0.169333174824715,0.326806336641312,-0.293857753276825,0.032722994685173,0.391710996627808
8.02299976348877,0.032798994332552,0.39173698425293,0.327057093381882,-0.293781995773315,0.0450903661549091,-0.169286459684372,0.326690971851349,-0.293933659791946,0.327057093381882,-0.293781995773315,0.0324783809483051,0.3914874792099,0.326922178268433,-0.293840527534485,0.0452076569199562,-0.169269502162933,0.0450903661549091,-0.169286459684372,0.326922178268433,-0.293840527534485,0.033032663166523,0.391867965459824,0.32660236954689,-0.293998837471008,0.326690971851349,-0.293933659791946,0.0452076569199562,-0.169269502162933,0.32660236954689,-0.293998837471008,0.0331832095980644,0.391901224851608
8.02359962463379,0.0332590974867344,0.39192721247673,0.326853185892105,-0.293923258781433,0.0449807196855545,-0.169222593307495,0.32648703455925,-0.294074594974518,0.326853185892105,-0.293923288583755,0.0329384058713913,0.391678005456924,0.326718211174011,-0.293981701135635,0.0450979843735695,-0.169205754995346,0.0449807196855545,-0.169222593307495,0.326718211174011,-0.293981701135635,0.0334928631782532,0.3920578956604,0.326398313045502,-0.294139683246613,0.32648703455925,-0.294074594974518,0.0450979843735695,-0.169205754995346,0.326398313045502,-0.294139683246613,0.0336433425545692,0.392090946435928
8.02420043945313,0.0337192080914974,0.392116844654083,0.326649159193039,-0.294064342975616,0.0448712483048439,-0.169158652424812,0.326283007860184,-0.29421529173851,0.326649099588394,-0.294064402580261,0.0333985276520252,0.391867995262146,0.3265141248703,-0.294122666120529,0.0449883863329887,-0.169141948223114,0.0448712483048439,-0.169158652424812,0.3265141248703,-0.294122666120529,0.0339530594646931,0.392247319221497,0.326194256544113,-0.29428032040596,0.326283007860184,-0.29421529173851,0.044988390058279,-0.169141963124275,0.326194256544113,-0.29428032040596,0.0341035686433315,0.392280280590057
8.02480030059814,0.0341793186962605,0.392306059598923,0.326445013284683,-0.294205218553543,0.0447618551552296,-0.169094651937485,0.32607889175415,-0.294355750083923,0.326445013284683,-0.294205218553543,0.0338585637509823,0.392057508230209,0.326309949159622,-0.294263422489166,0.044879000633955,-0.169078081846237,0.0447618551552296,-0.169094651937485,0.326309949159622,-0.294263422489166,0.0344132594764233,0.392436295747757,0.325990110635757,-0.294420719146729,0.32607889175415,-0.294355750083923,0.0448790043592453,-0.169078081846237,0.325990080833435,-0.294420689344406,0.0345637053251266,0.392469048500061
8.02540016174316,0.034639336168766,0.392494767904282,0.326240837574005,-0.294345855712891,0.0446526259183884,-0.169030591845512,0.32587468624115,-0.294496059417725,0.326240837574005,-0.294345855712891,0.0343186892569065,0.392246574163437,0.326105773448944,-0.294403910636902,0.0447697751224041,-0.169014126062393,0.0446526259183884,-0.169030591845512,0.326105773448944,-0.294403910636902,0.0348734669387341,0.392624855041504,0.32578581571579,-0.294560879468918,0.32587468624115,-0.294496059417725,0.0447697751224041,-0.169014126062393,0.32578581571579,-0.294560849666595,0.0350239351391792,0.392657399177551
8.02600002288818,0.0350992642343044,0.392683058977127,0.326036632061005,-0.294486254453659,0.0445435605943203,-0.168966472148895,0.325670391321182,-0.294636070728302,0.326036632061005,-0.294486284255981,0.0347787253558636,0.392435163259506,0.325901448726654,-0.294544219970703,0.0446606688201427,-0.168950140476227,0.0445435605943203,-0.168966472148895,0.325901448726654,-0.294544219970703,0.0353335700929165,0.392812848091125,0.325581461191177,-0.29470083117485,0.325670391321182,-0.294636070728302,0.0446606688201427,-0.168950140476227,0.325581461191177,-0.29470083117485,0.0354840680956841,0.392845243215561
8.0265998840332,0.0355592854321003,0.392870843410492,0.325832277536392,-0.294626444578171,0.0444346554577351,-0.168902307748795,0.32546603679657,-0.294775873422623,0.325832277536392,-0.294626444578171,0.0352386720478535,0.392623275518417,0.325697094202042,-0.294684290885925,0.0445516481995583,-0.168886080384254,0.0444346517324448,-0.168902292847633,0.325697094202042,-0.294684290885925,0.0357937701046467,0.393000394105911,0.325377136468887,-0.294840574264526,0.32546603679657,-0.294775873422623,0.0445516481995583,-0.168886080384254,0.325377136468887,-0.294840574264526,0.0359441079199314,0.393032610416412
8.02719974517822,0.0360192060470581,0.393058121204376,0.325627893209457,-0.294766366481781,0.0443258360028267,-0.168838039040565,0.325261652469635,-0.294915437698364,0.325627893209457,-0.294766366481781,0.0356987044215202,0.39281091094017,0.325492650270462,-0.294824153184891,0.0444428697228432,-0.168821930885315,0.0443258360028267,-0.168838039040565,0.325492650270462,-0.294824153184891,0.036253783851862,0.393187493085861,0.325172662734985,-0.294980019330978,0.325261652469635,-0.294915437698364,0.0444428697228432,-0.168821930885315,0.325172662734985,-0.294980019330978,0.0364042371511459,0.393219500780106
8.02779960632324,0.0364792160689831,0.393244981765747,0.325423419475555,-0.294906109571457,0.0442172139883041,-0.168773725628853,0.325057119131088,-0.295054823160172,0.325423419475555,-0.294906109571457,0.0361586436629295,0.392998039722443,0.325288116931915,-0.294963717460632,0.0443341694772243,-0.168757751584053,0.0442172139883041,-0.168773725628853,0.325288116931915,-0.294963717460632,0.0367138795554638,0.393374055624008,0.324968099594116,-0.295119315385818,0.325057119131088,-0.295054823160172,0.0443341694772243,-0.168757751584053,0.324968069791794,-0.295119285583496,0.0368642695248127,0.393405973911285
8.02840042114258,0.0369392223656178,0.393431335687637,0.325218826532364,-0.295045614242554,0.0441087186336517,-0.168709337711334,0.324852496385574,-0.295193940401077,0.325218826532364,-0.295045614242554,0.0366186685860157,0.393184751272202,0.325083553791046,-0.295103132724762,0.0442256405949593,-0.168693497776985,0.0441087186336517,-0.168709337711334,0.325083553791046,-0.295103132724762,0.0371738821268082,0.393560200929642,0.324763506650925,-0.295258373022079,0.324852496385574,-0.295193940401077,0.0442256405949593,-0.168693497776985,0.324763476848602,-0.295258343219757,0.037324383854866,0.393591910600662
8.0290002822876,0.0373991318047047,0.393617242574692,0.325014173984528,-0.295184910297394,0.0440003871917725,-0.168644890189171,0.324647933244705,-0.295332849025726,0.325014173984528,-0.295184910297394,0.0370786041021347,0.39337095618248,0.324878871440887,-0.29524227976799,0.0441172644495964,-0.168629184365273,0.0440003871917725,-0.168644890189171,0.324878871440887,-0.29524227976799,0.0376339666545391,0.393745869398117,0.324558794498444,-0.295397162437439,0.324647933244705,-0.295332849025726,0.0441172644495964,-0.168629169464111,0.324558794498444,-0.295397162437439,0.0377844013273716,0.393777400255203
8.02960014343262,0.0378590263426304,0.393802613019943,0.324809521436691,-0.295323938131332,0.0438921712338924,-0.168580412864685,0.324443191289902,-0.295471549034119,0.324809521436691,-0.295323967933655,0.0375384315848351,0.3935566842556,0.324674129486084,-0.295381247997284,0.044009018689394,-0.168564796447754,0.0438921712338924,-0.168580412864685,0.324674129486084,-0.295381247997284,0.0380940437316895,0.393931031227112,0.324354022741318,-0.295535773038864,0.324443191289902,-0.295471549034119,0.044009018689394,-0.168564796447754,0.324354022741318,-0.295535773038864,0.0382444076240063,0.393962413072586
8.03020000457764,0.0383189171552658,0.393987566232681,0.324604719877243,-0.295462757349014,0.0437840819358826,-0.168515831232071,0.324238389730453,-0.295609980821609,0.324604719877243,-0.295462757349014,0.0379983447492123,0.393741935491562,0.324469327926636,-0.295519918203354,0.0439009293913841,-0.168500363826752,0.0437840819358826,-0.168515831232071,0.324469327926636,-0.295519918203354,0.0385540202260017,0.394115746021271,0.324149161577225,-0.29567414522171,0.324238389730453,-0.295609980821609,0.0439009293913841,-0.168500363826752,0.324149161577225,-0.29567414522171,0.0387044101953506,0.394146978855133
8.03079986572266,0.0387786999344826,0.394172072410583,0.324399918317795,-0.295601367950439,0.0436761975288391,-0.168451219797134,0.32403352856636,-0.295748233795166,0.324399918317795,-0.295601367950439,0.0384582504630089,0.393926739692688,0.324264347553253,-0.295658439397812,0.0437929630279541,-0.168435856699944,0.0436761975288391,-0.168451219797134,0.324264347553253,-0.295658439397812,0.0390139818191528,0.394300013780594,0.323944240808487,-0.295812278985977,0.32403352856636,-0.295748233795166,0.0437929630279541,-0.168435856699944,0.323944240808487,-0.295812278985977,0.0391643941402435,0.394331037998199
8.03139972686768,0.0392385721206665,0.394356042146683,0.324194967746735,-0.295739769935608,0.0435683950781822,-0.168386533856392,0.323828548192978,-0.295886188745499,0.324194967746735,-0.295739769935608,0.0389180518686771,0.394111067056656,0.324059456586838,-0.295796662569046,0.0436851643025875,-0.168371304869652,0.0435683950781822,-0.168386533856392,0.324059456586838,-0.295796662569046,0.039473932236433,0.394483774900436,0.323739290237427,-0.295950174331665,0.323828548192978,-0.295886188745499,0.0436851643025875,-0.168371304869652,0.323739290237427,-0.295950174331665,0.0396242775022984,0.39451465010643
8.0319995880127,0.0396983325481415,0.394539594650269,0.323989927768707,-0.295877903699875,0.0434607937932014,-0.168321788311005,0.323623538017273,-0.296023964881897,0.323989927768707,-0.295877903699875,0.0393778420984745,0.394294947385788,0.32385441660881,-0.295934677124023,0.0435774475336075,-0.168306678533554,0.0434607937932014,-0.168321788311005,0.32385441660881,-0.295934677124023,0.0399339646100998,0.394667118787766,0.323534190654755,-0.296087890863419,0.323623538017273,-0.296023964881897,0.0435774475336075,-0.168306678533554,0.323534160852432,-0.296087861061096,0.0400842390954494,0.394697725772858
8.03260040283203,0.0401580780744553,0.394722670316696,0.323784917593002,-0.296015799045563,0.0433532744646072,-0.168256983160973,0.323418468236923,-0.296161562204361,0.323784917593002,-0.296015799045563,0.0398377142846584,0.394478321075439,0.323649317026138,-0.296072512865067,0.0434699654579163,-0.16824197769165,0.0433532744646072,-0.168256983160973,0.323649317026138,-0.296072512865067,0.0403937958180904,0.394849896430969,0.323329091072083,-0.296225339174271,0.323418468236923,-0.296161562204361,0.0434699654579163,-0.16824197769165,0.323329091072083,-0.296225339174271,0.0405440889298916,0.394880414009094
8.03320026397705,0.0406179055571556,0.394905239343643,0.32357981801033,-0.296153485774994,0.0432459153234959,-0.168192133307457,0.323213309049606,-0.296298861503601,0.323579728603363,-0.296153515577316,0.0402974784374237,0.39466118812561,0.323444068431854,-0.296210080385208,0.0433625690639019,-0.168177247047424,0.0432459153234959,-0.168192133307457,0.323444068431854,-0.296210080385208,0.0408537015318871,0.39503225684166,0.323123902082443,-0.296362549066544,0.323213309049606,-0.296298861503601,0.0433625690639019,-0.168177247047424,0.323123902082443,-0.296362549066544,0.04100401699543,0.39506259560585
8.03380012512207,0.0410776175558567,0.395087361335754,0.323374569416046,-0.296290993690491,0.0431387610733509,-0.168127179145813,0.323008120059967,-0.296435952186584,0.323374569416046,-0.296290993690491,0.0407572239637375,0.394843637943268,0.323238849639893,-0.296347439289093,0.0432553365826607,-0.168112456798553,0.0431387610733509,-0.168127179145813,0.323238849639893,-0.296347439289093,0.0413134954869747,0.395214140415192,0.322918593883514,-0.296499580144882,0.323008120059967,-0.296435952186584,0.0432553365826607,-0.168112456798553,0.322918593883514,-0.296499580144882,0.0414637438952923,0.395244300365448
8.03439998626709,0.0415374077856541,0.395268976688385,0.32316929101944,-0.296428203582764,0.0430316850543022,-0.168062195181847,0.322802752256393,-0.296572834253311,0.323169231414795,-0.296428233385086,0.0412168614566326,0.395025640726089,0.323033571243286,-0.296484559774399,0.0431481823325157,-0.168047562241554,0.0430316850543022,-0.168062195181847,0.323033571243286,-0.296484559774399,0.0417733676731586,0.395395576953888,0.322713255882263,-0.296636372804642,0.322802752256393,-0.296572834253311,0.043148186057806,-0.168047577142715,0.322713255882263,-0.296636372804642,0.0419236347079277,0.395425528287888
8.03499984741211,0.0419970862567425,0.39545014500618,0.322963923215866,-0.29656520485878,0.0429247729480267,-0.167997151613235,0.322597414255142,-0.296709448099136,0.322963923215866,-0.296565234661102,0.0416765734553337,0.395207107067108,0.32282817363739,-0.29662150144577,0.0430412776768208,-0.167982652783394,0.0429247729480267,-0.167997151613235,0.32282817363739,-0.29662150144577,0.0422331281006336,0.395576506853104,0.32250788807869,-0.296772956848145,0.322597414255142,-0.296709448099136,0.0430412776768208,-0.167982652783394,0.322507858276367,-0.296772927045822,0.0423834137618542,0.395606338977814
8.03559970855713,0.0424567423760891,0.395630866289139,0.32275852560997,-0.296701997518539,0.0428180284798145,-0.167932063341141,0.322391986846924,-0.296845883131027,0.32275852560997,-0.296702027320862,0.0421363599598408,0.395388126373291,0.322622686624527,-0.296758145093918,0.0429344512522221,-0.167917668819427,0.0428180284798145,-0.167932063341141,0.322622627019882,-0.29675817489624,0.042692955583334,0.395756989717484,0.322302401065826,-0.296909272670746,0.322391986846924,-0.296845883131027,0.0429344512522221,-0.167917668819427,0.322302401065826,-0.296909272670746,0.0428431704640388,0.395786643028259
8.03619956970215,0.0429162830114365,0.39581111073494,0.322553008794785,-0.296838581562042,0.042711403220892,-0.167866885662079,0.322186440229416,-0.296982079744339,0.322553008794785,-0.296838611364365,0.0425959378480911,0.395568698644638,0.322417140007019,-0.296894609928131,0.0428277850151062,-0.167852625250816,0.042711403220892,-0.167866885662079,0.322417140007019,-0.296894609928131,0.0431526713073254,0.395936995744705,0.322096884250641,-0.297045350074768,0.322186440229416,-0.296982079744339,0.0428277850151062,-0.167852625250816,0.322096854448318,-0.297045350074768,0.0433029048144817,0.395966440439224
8.03680038452148,0.0433759912848473,0.395990878343582,0.322347462177277,-0.296974927186966,0.0426049344241619,-0.167801648378372,0.321980953216553,-0.297118097543716,0.322347462177277,-0.296974927186966,0.0430555902421474,0.395748794078827,0.322211533784866,-0.297030806541443,0.0427212789654732,-0.16778752207756,0.0426049344241619,-0.167801648378372,0.322211533784866,-0.297030806541443,0.0436124540865421,0.396116554737091,0.321891188621521,-0.297181248664856,0.321980953216553,-0.297118097543716,0.0427212789654732,-0.16778752207756,0.321891188621521,-0.297181248664856,0.0437625199556351,0.396145850419998
8.0374002456665,0.0438354834914207,0.396170139312744,0.322141796350479,-0.297111064195633,0.042498555034399,-0.167736366391182,0.321775257587433,-0.29725381731987,0.322141796350479,-0.297111064195633,0.0435151197016239,0.395928382873535,0.322005808353424,-0.29716682434082,0.042614858597517,-0.16772235929966,0.042498555034399,-0.167736366391182,0.322005808353424,-0.29716682434082,0.0440721176564693,0.396295607089996,0.321685492992401,-0.297316908836365,0.321775257587433,-0.29725381731987,0.042614858597517,-0.16772235929966,0.321685492992401,-0.297316908836365,0.0442222990095615,0.396324723958969
8.03800010681152,0.0442950464785099,0.39634907245636,0.321936100721359,-0.297246932983398,0.042392373085022,-0.167671039700508,0.321569532155991,-0.297389328479767,0.321936100721359,-0.297246932983398,0.0439747236669064,0.39610755443573,0.321800082921982,-0.297302603721619,0.0425086356699467,-0.167657122015953,0.042392373085022,-0.167671039700508,0.321800082921982,-0.297302603721619,0.0445317588746548,0.396474182605743,0.321479737758636,-0.297452330589294,0.321569532155991,-0.297389328479767,0.042508639395237,-0.167657136917114,0.321479737758636,-0.297452330589294,0.0446819551289082,0.396503150463104
8.03859996795654,0.0447545796632767,0.396527409553528,0.321730375289917,-0.297382593154907,0.0422863140702248,-0.167605638504028,0.321363776922226,-0.297524601221085,0.32173028588295,-0.297382652759552,0.0444342084228992,0.396286249160767,0.321594297885895,-0.297438114881516,0.0424025394022465,-0.167591854929924,0.0422863103449345,-0.167605623602867,0.32159423828125,-0.29743817448616,0.0449913740158081,0.396652340888977,0.321273863315582,-0.29758757352829,0.321363776922226,-0.297524601221085,0.0424025394022465,-0.167591854929924,0.321273863315582,-0.29758757352829,0.0451414920389652,0.396681100130081
8.03919982910156,0.0452139899134636,0.39670529961586,0.321524441242218,-0.297518044710159,0.0421803742647171,-0.167540177702904,0.321157813072205,-0.297659695148468,0.321524441242218,-0.297518044710159,0.0448937565088272,0.396464437246323,0.321388423442841,-0.297573447227478,0.0422965586185455,-0.167526513338089,0.0421803742647171,-0.167540177702904,0.321388423442841,-0.2975734770298,0.0454509556293488,0.39682999253273,0.32106801867485,-0.297722518444061,0.321157842874527,-0.29765972495079,0.0422965995967388,-0.167526498436928,0.32106801867485,-0.297722518444061,0.0456010922789574,0.396858632564545
8.03979969024658,0.0456734672188759,0.396882712841034,0.321318566799164,-0.297653257846832,0.0420746393501759,-0.167474657297134,0.320951968431473,-0.297794550657272,0.321318566799164,-0.297653257846832,0.0453531816601753,0.396642178297043,0.321182459592819,-0.297708570957184,0.0421907864511013,-0.16746112704277,0.0420746393501759,-0.167474657297134,0.321182459592819,-0.297708570957184,0.045910507440567,0.39700722694397,0.320861995220184,-0.297857314348221,0.320951968431473,-0.297794550657272,0.0421907864511013,-0.16746112704277,0.320861995220184,-0.297857314348221,0.0460605695843697,0.397035658359528
8.0403995513916,0.0461329147219658,0.39705964922905,0.321112513542175,-0.297788232564926,0.0419690236449242,-0.16740907728672,0.320745944976807,-0.297929137945175,0.321112513542175,-0.297788232564926,0.0458126775920391,0.396819472312927,0.320976406335831,-0.297843426465988,0.0420851334929466,-0.167395666241646,0.0419690236449242,-0.16740907728672,0.320976406335831,-0.297843426465988,0.0463701225817204,0.397183924913406,0.320656061172485,-0.297991812229156,0.320745944976807,-0.297929137945175,0.0420851334929466,-0.167395666241646,0.320656061172485,-0.297991812229156,0.0465201064944267,0.397212207317352
8.04100036621094,0.0465923324227333,0.397236198186874,0.320906519889832,-0.297922968864441,0.0418635718524456,-0.167343452572823,0.320539921522141,-0.298063546419144,0.320906519889832,-0.297923028469086,0.0462720431387424,0.396996349096298,0.320770382881165,-0.297978103160858,0.0419796034693718,-0.167330160737038,0.0418635718524456,-0.167343452572823,0.320770382881165,-0.297978103160858,0.0468296110630035,0.397360235452652,0.320449858903885,-0.298126131296158,0.320539921522141,-0.298063546419144,0.0419796034693718,-0.167330160737038,0.320449858903885,-0.298126131296158,0.0469797104597092,0.397388339042664
8.04160022735596,0.0470516160130501,0.397412240505219,0.320700407028198,-0.298057556152344,0.0417582020163536,-0.16727776825428,0.320333778858185,-0.298197716474533,0.320700407028198,-0.298057556152344,0.0467313751578331,0.397172659635544,0.320564180612564,-0.298112511634827,0.0418741889297962,-0.167264595627785,0.0417582020163536,-0.16727776825428,0.320564180612564,-0.298112511634827,0.0472890697419643,0.397536009550095,0.320243775844574,-0.298260241746902,0.320333778858185,-0.298197716474533,0.0418742299079895,-0.167264595627785,0.320243746042252,-0.29826021194458,0.0474391840398312,0.397563934326172
8.04220008850098,0.0475109629333019,0.397587776184082,0.320494174957275,-0.298191845417023,0.0416529923677444,-0.167212024331093,0.320127606391907,-0.298331648111343,0.320494174957275,-0.298191845417023,0.0471907742321491,0.397348552942276,0.320357948541641,-0.298246711492538,0.0417689830064774,-0.167198970913887,0.0416529923677444,-0.167212024331093,0.320357948541641,-0.298246711492538,0.0477484874427319,0.397711366415024,0.320037484169006,-0.298394083976746,0.320127606391907,-0.298331648111343,0.0417689830064774,-0.167198970913887,0.320037484169006,-0.298394083976746,0.0478985235095024,0.397739082574844
8.042799949646,0.0479702763259411,0.397762924432755,0.320287972688675,-0.298325926065445,0.0415479429066181,-0.167146220803261,0.319921344518661,-0.298465371131897,0.320287972688675,-0.298325926065445,0.0476500391960144,0.397523939609528,0.320151656866074,-0.298380672931671,0.0416638925671577,-0.167133286595345,0.0415479429066181,-0.167146220803261,0.320151656866074,-0.298380672931671,0.0482078716158867,0.397886216640472,0.319831162691116,-0.298527717590332,0.319921344518661,-0.298465371131897,0.041663896292448,-0.167133301496506,0.319831132888794,-0.29852768778801,0.0483579225838184,0.397913783788681
8.04339981079102,0.048429548740387,0.397937506437302,0.320081621408463,-0.29845979809761,0.0414430610835552,-0.167080372571945,0.319714963436127,-0.298598855733871,0.320081621408463,-0.29845979809761,0.0481093637645245,0.397698879241943,0.319945305585861,-0.298514395952225,0.0415589287877083,-0.167067557573318,0.0414430573582649,-0.167080357670784,0.319945305585861,-0.298514395952225,0.0486672148108482,0.398060619831085,0.319624811410904,-0.298661082983017,0.319714963436127,-0.298598855733871,0.0415589287877083,-0.167067557573318,0.319624811410904,-0.298661082983017,0.0488172844052315,0.398088008165359
8.04399967193604,0.0488886907696724,0.398111701011658,0.319875240325928,-0.298593431711197,0.0413382910192013,-0.167014449834824,0.319508612155914,-0.298732131719589,0.319875240325928,-0.298593431711197,0.0485685542225838,0.397873431444168,0.319738894701004,-0.298647910356522,0.0414541214704514,-0.167001768946648,0.0413382910192013,-0.167014449834824,0.319738894701004,-0.298647910356522,0.0491266176104546,0.39823454618454,0.31941831111908,-0.29879429936409,0.319508612155914,-0.298732131719589,0.0414541214704514,-0.167001768946648,0.31941831111908,-0.29879429936409,0.0492765121161938,0.398261785507202
8.04459953308105,0.049347884953022,0.398285388946533,0.319668829441071,-0.298726856708527,0.0412336476147175,-0.16694849729538,0.319302171468735,-0.298865169286728,0.319668829441071,-0.298726856708527,0.0490278080105782,0.398047417402267,0.319532424211502,-0.298781216144562,0.0413494370877743,-0.166935920715332,0.0412336476147175,-0.16694849729538,0.319532424211502,-0.298781216144562,0.0495858862996101,0.398408055305481,0.319211840629578,-0.298927247524261,0.319302171468735,-0.298865169286728,0.0413494370877743,-0.166935920715332,0.319211840629578,-0.298927247524261,0.0497358925640583,0.398435115814209
8.04520034790039,0.0498071350157261,0.398458659648895,0.319462299346924,-0.298859983682632,0.0411291643977165,-0.16688247025013,0.319095611572266,-0.298997968435287,0.319462299346924,-0.298859983682632,0.0494869202375412,0.398220956325531,0.319325864315033,-0.298914283514023,0.04124491289258,-0.166870027780533,0.0411291643977165,-0.16688247025013,0.319325864315033,-0.298914283514023,0.0500452071428299,0.398581027984619,0.319005310535431,-0.299059957265854,0.319095611572266,-0.298997968435287,0.0412449538707733,-0.166870012879372,0.319005310535431,-0.299059957265854,0.0501951277256012,0.398607939481735
8.04580020904541,0.0502662472426891,0.398631393909454,0.319255650043488,-0.298992961645126,0.0410248041152954,-0.166816398501396,0.318889051675797,-0.29913055896759,0.319255650043488,-0.298992961645126,0.0499460883438587,0.398394078016281,0.319119185209274,-0.299047142267227,0.0411405526101589,-0.166804060339928,0.0410248041152954,-0.166816398501396,0.319119185209274,-0.299047142267227,0.0505043901503086,0.398753583431244,0.318798631429672,-0.299192488193512,0.318889051675797,-0.29913055896759,0.0411405526101589,-0.166804060339928,0.318798631429672,-0.299192488193512,0.0506543256342411,0.398780316114426
8.04640007019043,0.0507252216339111,0.398803740739822,0.319049000740051,-0.299125701189041,0.0409206040203571,-0.166750252246857,0.318682372570038,-0.299262911081314,0.319049000740051,-0.299125701189041,0.0504052191972733,0.398566722869873,0.318912535905838,-0.29917973279953,0.0410363115370274,-0.166738048195839,0.0409206040203571,-0.166750252246857,0.318912535905838,-0.29917973279953,0.0509636215865612,0.39892566204071,0.318591952323914,-0.299324750900269,0.318682372570038,-0.299262911081314,0.0410363115370274,-0.166738048195839,0.318591952323914,-0.299324750900269,0.0511135756969452,0.39895224571228
8.04699993133545,0.0511842481791973,0.398975610733032,0.31884229183197,-0.299258202314377,0.040816567838192,-0.166684076189995,0.318475633859634,-0.299395054578781,0.31884229183197,-0.299258232116699,0.0508642047643661,0.398738861083984,0.31870573759079,-0.299312144517899,0.0409321896731853,-0.166671976447105,0.040816567838192,-0.166684076189995,0.31870573759079,-0.299312144517899,0.0514227151870728,0.399097293615341,0.31838521361351,-0.299456804990768,0.318475633859634,-0.299395054578781,0.0409322306513786,-0.166671976447105,0.31838521361351,-0.299456804990768,0.0515725873410702,0.399123698472977
8.04759979248047,0.0516433268785477,0.399146974086761,0.318635493516922,-0.299390465021133,0.0407126471400261,-0.166617840528488,0.318268865346909,-0.299526989459991,0.318635493516922,-0.299390465021133,0.0513232387602329,0.39891055226326,0.318498939275742,-0.299444317817688,0.0408282317221165,-0.166605845093727,0.0407126434147358,-0.166617825627327,0.318498939275742,-0.299444317817688,0.0518818572163582,0.399268448352814,0.318178355693817,-0.299588620662689,0.318268865346909,-0.299526989459991,0.0408282317221165,-0.166605859994888,0.318178355693817,-0.299588620662689,0.0520317405462265,0.399294704198837
8.04819965362549,0.0521022565662861,0.399317920207977,0.318428665399551,-0.299522548913956,0.0406088903546333,-0.166551530361176,0.318062007427216,-0.299658685922623,0.318428665399551,-0.299522548913956,0.0517823249101639,0.3990817964077,0.318292021751404,-0.299576222896576,0.0407244339585304,-0.166539669036865,0.0406088903546333,-0.166551530361176,0.318292021751404,-0.299576222896576,0.05234095454216,0.39943915605545,0.317971467971802,-0.299720197916031,0.318062007427216,-0.299658685922623,0.0407244339585304,-0.166539669036865,0.317971467971802,-0.299720197916031,0.0524907559156418,0.399465203285217
8.04880046844482,0.0525612309575081,0.399488359689713,0.318221718072891,-0.299654364585876,0.0405052527785301,-0.166485190391541,0.317855030298233,-0.299790114164352,0.318221718072891,-0.299654364585876,0.0522411800920963,0.399252623319626,0.318085134029388,-0.299707978963852,0.0406207591295242,-0.16647344827652,0.0405052527785301,-0.166485190391541,0.318085134029388,-0.299707978963852,0.0527999997138977,0.399609386920929,0.317764490842819,-0.299851596355438,0.317855060100555,-0.299790114164352,0.0406207591295242,-0.16647344827652,0.317764490842819,-0.299851596355438,0.0529498085379601,0.399635255336761
8.04940032958984,0.053020067512989,0.399658381938934,0.318014770746231,-0.299785971641541,0.0404017753899097,-0.1664187759161,0.317648082971573,-0.29992139339447,0.318014770746231,-0.299785971641541,0.0527000799775124,0.399422913789749,0.317878097295761,-0.299839437007904,0.0405171997845173,-0.16640716791153,0.0404017753899097,-0.1664187759161,0.317878097295761,-0.299839437007904,0.0532589964568615,0.399779170751572,0.317557454109192,-0.299982786178589,0.317648082971573,-0.29992139339447,0.0405172035098076,-0.166407182812691,0.317557454109192,-0.299982786178589,0.053408719599247,0.39980486035347
8.05000019073486,0.0534789487719536,0.399827927350998,0.317807734012604,-0.299917340278625,0.0402984209358692,-0.166352331638336,0.31744110584259,-0.300052404403687,0.317807734012604,-0.299917340278625,0.0531590208411217,0.399592757225037,0.317671030759811,-0.299970716238022,0.0404138453304768,-0.166340827941895,0.0402984209358692,-0.166352331638336,0.317671030759811,-0.299970716238022,0.0537179373204708,0.399948447942734,0.317350417375565,-0.300113677978516,0.31744110584259,-0.300052404403687,0.0404138453304768,-0.166340827941895,0.317350417375565,-0.300113648176193,0.0538677759468555,0.399974018335342
8.05060005187988,0.0539378672838211,0.399996966123581,0.317600637674332,-0.300048500299454,0.0401952266693115,-0.166285812854767,0.317233979701996,-0.300183176994324,0.317600637674332,-0.300048500299454,0.053617812693119,0.399762153625488,0.317463904619217,-0.300101727247238,0.0403105691075325,-0.166274443268776,0.0401952266693115,-0.166285812854767,0.317463904619217,-0.300101727247238,0.0541769228875637,0.400117307901382,0.317143261432648,-0.300244390964508,0.317233979701996,-0.300183176994324,0.0403105691075325,-0.166274443268776,0.317143261432648,-0.300244361162186,0.0543266758322716,0.400142699480057
8.0511999130249,0.0543965436518192,0.400165587663651,0.317393451929092,-0.300179421901703,0.0400921516120434,-0.166219249367714,0.317026793956757,-0.300313740968704,0.317393451929092,-0.300179421901703,0.0540765598416328,0.399931102991104,0.317256659269333,-0.30023255944252,0.0402074567973614,-0.166207998991013,0.0400921516120434,-0.166219249367714,0.317256689071655,-0.300232589244843,0.054635763168335,0.400285691022873,0.316936016082764,-0.300374865531921,0.317026793956757,-0.300313740968704,0.0402074567973614,-0.166207998991013,0.316936016082764,-0.300374865531921,0.054785430431366,0.400310903787613
8.05179977416992,0.0548552609980106,0.400333791971207,0.317186236381531,-0.300310134887695,0.0399892404675484,-0.166152641177177,0.316819548606873,-0.300444066524506,0.317186236381531,-0.300310134887695,0.0545353479683399,0.400099575519562,0.317049384117126,-0.300363123416901,0.0401045009493828,-0.166141495108604,0.0399892404675484,-0.166152641177177,0.317049384117126,-0.300363123416901,0.0550946407020092,0.40045365691185,0.316728800535202,-0.300505131483078,0.316819548606873,-0.300444066524506,0.0401045009493828,-0.166141495108604,0.316728800535202,-0.300505131483078,0.0552443191409111,0.400478690862656
8.05239963531494,0.0553139299154282,0.400501489639282,0.316978991031647,-0.300440579652786,0.0398864112794399,-0.166085973381996,0.316612273454666,-0.30057418346405,0.31697890162468,-0.300440609455109,0.05499417334795,0.400267601013184,0.31684210896492,-0.300493478775024,0.040001668035984,-0.166074946522713,0.0398864112794399,-0.166085973381996,0.31684210896492,-0.300493478775024,0.0555533692240715,0.400621116161346,0.316521435976028,-0.300635129213333,0.316612273454666,-0.30057418346405,0.040001705288887,-0.166074946522713,0.316521435976028,-0.300635129213333,0.0557030513882637,0.40064600110054
8.05300045013428,0.0557726286351681,0.400668740272522,0.316771626472473,-0.300570845603943,0.0397838167846203,-0.166019260883331,0.31640487909317,-0.300704091787338,0.316771626472473,-0.300570845603943,0.0554528459906578,0.400435119867325,0.316634654998779,-0.300623625516891,0.0398989915847778,-0.166008338332176,0.0397838167846203,-0.166019260883331,0.316634654998779,-0.300623625516891,0.0560121312737465,0.400788128376007,0.31631401181221,-0.300764918327332,0.31640487909317,-0.300704091787338,0.0398989915847778,-0.166008338332176,0.31631401181221,-0.300764918327332,0.0561618246138096,0.400812804698944
8.0536003112793,0.0562311746180058,0.400835514068604,0.316564202308655,-0.300700902938843,0.0396813042461872,-0.16595247387886,0.316197454929352,-0.300833702087402,0.316564202308655,-0.300700902938843,0.0559113621711731,0.40060219168663,0.316427260637283,-0.300753563642502,0.0397964417934418,-0.165941685438156,0.0396813042461872,-0.16595247387886,0.316427260637283,-0.300753563642502,0.0564709305763245,0.400954633951187,0.316106587648392,-0.300894498825073,0.316197454929352,-0.300833702087402,0.0397964417934418,-0.165941685438156,0.316106587648392,-0.300894498825073,0.0566205456852913,0.400979191064835
8.05420017242432,0.0566897541284561,0.401001840829849,0.316356718540192,-0.300830662250519,0.0395789556205273,-0.165885671973228,0.315990000963211,-0.300963193178177,0.316356718540192,-0.300830692052841,0.0563699305057526,0.400768846273422,0.316219717264175,-0.300883233547211,0.0396940484642982,-0.165874987840652,0.0395789556205273,-0.165885671973228,0.316219717264175,-0.300883233547211,0.0569295771420002,0.401120752096176,0.315899044275284,-0.301023840904236,0.315990000963211,-0.300963193178177,0.0396940484642982,-0.165874987840652,0.315899044275284,-0.301023840904236,0.057079192250967,0.401145130395889
8.05480003356934,0.0571483708918095,0.401167690753937,0.316149204969406,-0.30096024274826,0.0394767262041569,-0.165818780660629,0.315782487392426,-0.301092356443405,0.316149175167084,-0.300960272550583,0.0568285211920738,0.400935024023056,0.316012114286423,-0.301012694835663,0.0395918153226376,-0.165808215737343,0.0394767262041569,-0.165818780660629,0.316012114286423,-0.301012694835663,0.0573882572352886,0.401286423206329,0.315691500902176,-0.301153004169464,0.315782487392426,-0.301092356443405,0.0395918153226376,-0.165808215737343,0.315691500902176,-0.301153004169464,0.0575377866625786,0.401310563087463
8.05539989471436,0.0576068349182606,0.401333123445511,0.315941601991653,-0.301089614629745,0.039374653249979,-0.165751859545708,0.315574884414673,-0.301221400499344,0.315941601991653,-0.301089614629745,0.0572869591414928,0.401100754737854,0.315804481506348,-0.301141947507858,0.0394896641373634,-0.165741413831711,0.039374653249979,-0.165751859545708,0.315804481506348,-0.301141947507858,0.0578467734158039,0.401451528072357,0.315483838319778,-0.301281899213791,0.315574884414673,-0.301221400499344,0.0394896641373634,-0.165741413831711,0.315483838319778,-0.301281899213791,0.0579964146018028,0.401475578546524
8.05599975585938,0.0580651350319386,0.401498079299927,0.315733909606934,-0.301218718290329,0.039272703230381,-0.165684893727303,0.315367251634598,-0.301350146532059,0.315733909606934,-0.301218748092651,0.0577455274760723,0.401265978813171,0.31559681892395,-0.301270961761475,0.0393876768648624,-0.165674567222595,0.039272703230381,-0.165684893727303,0.31559681892395,-0.301270961761475,0.0583053268492222,0.401616305112839,0.315276145935059,-0.301410555839539,0.315367251634598,-0.301350146532059,0.0393876768648624,-0.165674567222595,0.315276145935059,-0.301410555839539,0.0584548749029636,0.401640146970749
8.05659961700439,0.0585236623883247,0.401662528514862,0.315526217222214,-0.301347643136978,0.0391709133982658,-0.165617868304253,0.315159499645233,-0.301478654146194,0.315526217222214,-0.301347643136978,0.0582039356231689,0.40143084526062,0.315389037132263,-0.301399737596512,0.0392858423292637,-0.165607646107674,0.0391709133982658,-0.165617868304253,0.315389037132263,-0.301399737596512,0.0587638132274151,0.401780515909195,0.315068393945694,-0.30153900384903,0.315159499645233,-0.301478654146194,0.0392858423292637,-0.165607646107674,0.315068393945694,-0.30153900384903,0.0589133724570274,0.401804208755493
8.05720043182373,0.0589820221066475,0.401826560497284,0.315318435430527,-0.301476299762726,0.0390692837536335,-0.165550783276558,0.314951717853546,-0.301606982946396,0.315318375825882,-0.301476299762726,0.0586622767150402,0.401595145463943,0.315181255340576,-0.30152827501297,0.0391841717064381,-0.165540680289268,0.0390692837536335,-0.165550783276558,0.315181255340576,-0.30152827501297,0.0592223294079304,0.401944309473038,0.314860582351685,-0.301667213439941,0.314951747655869,-0.301607012748718,0.0391841717064381,-0.165540680289268,0.314860582351685,-0.301667213439941,0.0593717023730278,0.401967853307724
8.05780029296875,0.0594402179121971,0.40199014544487,0.315110594034195,-0.301604747772217,0.0389677323400974,-0.165483638644218,0.314743876457214,-0.301735073328018,0.31511053442955,-0.301604777574539,0.0591206550598145,0.401759058237076,0.3149733543396,-0.301656633615494,0.0390825755894184,-0.16547366976738,0.0389677323400974,-0.165483638644218,0.3149733543396,-0.301656633615494,0.0596806854009628,0.402107685804367,0.314652681350708,-0.301795244216919,0.314743876457214,-0.301735073328018,0.0390825755894184,-0.16547366976738,0.314652681350708,-0.301795244216919,0.0598300620913506,0.402131050825119
8.05840015411377,0.0598984472453594,0.402153253555298,0.314902693033218,-0.301732957363129,0.0388664230704308,-0.165416464209557,0.31453600525856,-0.301862925291061,0.314902693033218,-0.301732957363129,0.059578862041235,0.401922464370728,0.314765393733978,-0.301784753799438,0.0389811433851719,-0.165406614542007,0.0388664230704308,-0.165416464209557,0.314765393733978,-0.301784753799438,0.0601390711963177,0.402270585298538,0.314444750547409,-0.301923006772995,0.31453600525856,-0.301862925291061,0.0389811433851719,-0.165406614542007,0.314444750547409,-0.301923006772995,0.0602884478867054,0.402293771505356
8.05900001525879,0.0603567026555538,0.402315944433212,0.31469464302063,-0.301860988140106,0.0387651547789574,-0.165349245071411,0.314328014850616,-0.301990568637848,0.314694672822952,-0.301861017942429,0.0600371025502682,0.402085423469543,0.314557462930679,-0.301912635564804,0.0388798750936985,-0.165339514613152,0.0387651547789574,-0.165349245071411,0.314557462930679,-0.301912635564804,0.0605973750352859,0.402432978153229,0.314236730337143,-0.302050560712814,0.314328014850616,-0.301990568637848,0.0388798750936985,-0.165339514613152,0.314236730337143,-0.302050560712814,0.0607466660439968,0.402456015348434
8.05959987640381,0.0608147904276848,0.402478158473969,0.314486682415009,-0.301988750696182,0.0386640466749668,-0.165281966328621,0.31411999464035,-0.302118003368378,0.314486682415009,-0.301988750696182,0.0604952722787857,0.402247965335846,0.314349412918091,-0.302040249109268,0.0387787632644176,-0.16527234017849,0.0386640466749668,-0.165281966328621,0.314349412918091,-0.302040308713913,0.0610555224120617,0.402594983577728,0.314028680324554,-0.302177876234055,0.31411999464035,-0.302118003368378,0.0387787632644176,-0.16527234017849,0.314028680324554,-0.302177876234055,0.0612049140036106,0.402617812156677
8.06019973754883,0.0612729005515575,0.402639925479889,0.314278572797775,-0.302116334438324,0.0385631360113621,-0.165214642882347,0.313911914825439,-0.302245169878006,0.314278572797775,-0.302116334438324,0.0609534680843353,0.40241003036499,0.314141303300858,-0.30216771364212,0.0386777706444263,-0.165205121040344,0.0385631360113621,-0.165214642882347,0.314141303300858,-0.302167743444443,0.0615138784050941,0.402756482362747,0.313820600509644,-0.30230501294136,0.313911914825439,-0.302245169878006,0.0386777706444263,-0.165205121040344,0.313820570707321,-0.302304983139038,0.0616631805896759,0.402779191732407
8.06079959869385,0.0617310293018818,0.402801215648651,0.314070463180542,-0.302243620157242,0.0384623035788536,-0.165147259831429,0.313703775405884,-0.3023721575737,0.314070463180542,-0.302243620157242,0.0614114925265312,0.402571648359299,0.313933074474335,-0.302294969558716,0.0385768972337246,-0.165137887001038,0.0384623035788536,-0.165147259831429,0.313933074474335,-0.302294969558716,0.0619719699025154,0.402917563915253,0.313612431287766,-0.302431881427765,0.313703805208206,-0.302372187376022,0.0385768972337246,-0.165137887001038,0.313612431287766,-0.302431881427765,0.0621212869882584,0.402940064668655
8.06140041351318,0.0621889941394329,0.402962028980255,0.313862234354019,-0.302370756864548,0.038361631333828,-0.165079832077026,0.313495635986328,-0.302498877048492,0.313862234354019,-0.302370756864548,0.0618695430457592,0.402732789516449,0.313724875450134,-0.302421927452087,0.0384761840105057,-0.165070578455925,0.038361631333828,-0.165079832077026,0.313724875450134,-0.302421927452087,0.0624300837516785,0.4030781686306,0.313404142856598,-0.30255851149559,0.313495635986328,-0.302498877048492,0.0384761840105057,-0.165070578455925,0.313404142856598,-0.30255851149559,0.0625794008374214,0.403100520372391
8.0620002746582,0.0626469776034355,0.403122425079346,0.313654005527496,-0.30249759554863,0.0382611230015755,-0.165012374520302,0.313287407159805,-0.302625387907028,0.313654005527496,-0.30249759554863,0.0623275153338909,0.402893453836441,0.313516587018967,-0.30254864692688,0.0383756272494793,-0.165003210306168,0.0382611230015755,-0.165012374520302,0.313516587018967,-0.30254864692688,0.0628881230950356,0.403238296508789,0.313195884227753,-0.302684932947159,0.313287407159805,-0.302625387907028,0.0383756272494793,-0.165003210306168,0.313195884227753,-0.302684932947159,0.0630374401807785,0.403260499238968
8.06260013580322,0.0631048828363419,0.4032823741436,0.313445687294006,-0.302624255418777,0.0381606929004192,-0.164944857358932,0.313079059123993,-0.302751690149307,0.313445687294006,-0.302624255418777,0.0627855062484741,0.403053671121597,0.313308209180832,-0.30267521739006,0.0382751971483231,-0.164935797452927,0.0381606929004192,-0.164944857358932,0.313308209180832,-0.30267521739006,0.0633461773395538,0.403398007154465,0.312987506389618,-0.302811175584793,0.313079059123993,-0.302751690149307,0.0382751971483231,-0.164935797452927,0.312987595796585,-0.302811145782471,0.0634954124689102,0.403420060873032
8.06319999694824,0.0635628178715706,0.403441846370697,0.313237309455872,-0.302750706672668,0.0380604974925518,-0.164877280592918,0.312870681285858,-0.302877753973007,0.313237309455872,-0.302750706672668,0.0632433220744133,0.403213500976563,0.313099831342697,-0.302801519632339,0.0381748825311661,-0.164868369698524,0.0380604974925518,-0.164877280592918,0.31309986114502,-0.302801519632339,0.0638041570782661,0.403557240962982,0.312779158353806,-0.302937120199203,0.312870711088181,-0.302877753973007,0.0381748825311661,-0.164868369698524,0.312779158353806,-0.302937120199203,0.0639532878994942,0.403579086065292
8.06379985809326,0.0640205666422844,0.403600871562958,0.313028872013092,-0.302876889705658,0.0379603877663612,-0.164809659123421,0.312662303447723,-0.303003579378128,0.313028872013092,-0.302876889705658,0.0637011677026749,0.403372824192047,0.312891334295273,-0.302927613258362,0.0380747243762016,-0.164800867438316,0.0379603840410709,-0.16480964422226,0.312891334295273,-0.302927613258362,0.0642620548605919,0.403716057538986,0.312570691108704,-0.30306288599968,0.312662303447723,-0.303003579378128,0.0380747243762016,-0.164800867438316,0.312570720911026,-0.303062856197357,0.0644112974405289,0.403737753629684
8.06439971923828,0.0644783303141594,0.40375941991806,0.31282040476799,-0.303002864122391,0.0378603562712669,-0.164741992950439,0.312453836202621,-0.303129196166992,0.31282040476799,-0.303002864122391,0.0641590282320976,0.403531730175018,0.312682837247849,-0.303053498268127,0.0379747301340103,-0.164733320474625,0.0378603562712669,-0.164741992950439,0.312682837247849,-0.303053498268127,0.0647198781371117,0.403874427080154,0.312362164258957,-0.303188383579254,0.312453836202621,-0.303129196166992,0.0379747301340103,-0.164733320474625,0.312362164258957,-0.303188383579254,0.064869113266468,0.403895944356918
8.0649995803833,0.0649360120296478,0.403917580842972,0.312611907720566,-0.303128600120544,0.0377605594694614,-0.164674282073975,0.312245279550552,-0.3032546043396,0.312611907720566,-0.303128600120544,0.0646167024970055,0.403690129518509,0.312474310398102,-0.303179115056992,0.0378748141229153,-0.164665713906288,0.0377605594694614,-0.164674282073975,0.312474310398102,-0.303179115056992,0.0651778057217598,0.404032289981842,0.312153607606888,-0.303313732147217,0.312245279550552,-0.3032546043396,0.0378748141229153,-0.164665713906288,0.312153577804565,-0.303313702344894,0.0653268471360207,0.404053658246994
8.06560039520264,0.0653937086462975,0.404075235128403,0.312403291463852,-0.303254127502441,0.0376608446240425,-0.164606511592865,0.312036663293839,-0.303379744291306,0.312403291463852,-0.303254127502441,0.0650743991136551,0.403848141431808,0.312265664339066,-0.303304523229599,0.037775095552206,-0.164598062634468,0.0376608446240425,-0.164606511592865,0.312265664339066,-0.303304523229599,0.0656355544924736,0.404189705848694,0.311944961547852,-0.303438782691956,0.312036663293839,-0.303379744291306,0.037775095552206,-0.164598062634468,0.311944961547852,-0.303438782691956,0.0657845959067345,0.404210895299911
8.06620025634766,0.0658512264490128,0.404232412576675,0.31219470500946,-0.303379416465759,0.0375612899661064,-0.164538741111755,0.311828047037125,-0.303504705429077,0.312194615602493,-0.303379446268082,0.0655321031808853,0.404005616903305,0.312057018280029,-0.30342972278595,0.0376754999160767,-0.164530381560326,0.0375612899661064,-0.164538741111755,0.312057018280029,-0.30342972278595,0.0660932213068008,0.404346734285355,0.311736315488815,-0.30356365442276,0.311828047037125,-0.303504705429077,0.0376754999160767,-0.164530381560326,0.311736315488815,-0.30356365442276,0.0662422627210617,0.404367715120316
8.06680011749268,0.0663087517023087,0.404389232397079,0.311985969543457,-0.303504526615143,0.0374618954956532,-0.164470866322517,0.311619341373444,-0.30362942814827,0.311985969543457,-0.303504526615143,0.0659896284341812,0.404162704944611,0.311848282814026,-0.303554654121399,0.0375760197639465,-0.164462640881538,0.0374618954956532,-0.164470866322517,0.311848282814026,-0.303554654121399,0.0665508955717087,0.404503285884857,0.31152755022049,-0.303688287734985,0.311619341373444,-0.30362942814827,0.0375760197639465,-0.164462640881538,0.31152755022049,-0.303688287734985,0.0666999444365501,0.404524117708206
8.0673999786377,0.0667662918567657,0.404545515775681,0.311777174472809,-0.303629338741302,0.0373626574873924,-0.164402961730957,0.31141060590744,-0.303753912448883,0.311777174472809,-0.303629368543625,0.0664471685886383,0.404319316148758,0.311639457941055,-0.303679406642914,0.0374767370522022,-0.164394855499268,0.0373626574873924,-0.164402961730957,0.311639457941055,-0.303679406642914,0.0670084804296494,0.404659330844879,0.311318784952164,-0.303812682628632,0.31141060590744,-0.303753912448883,0.0374767370522022,-0.164394855499268,0.311318784952164,-0.303812682628632,0.0671574324369431,0.404680013656616
8.06799983978271,0.0672237426042557,0.404701352119446,0.311568349599838,-0.303753972053528,0.0372634939849377,-0.164335012435913,0.31120178103447,-0.30387818813324,0.311568349599838,-0.30375400185585,0.066904716193676,0.404475480318069,0.311430662870407,-0.30380392074585,0.0373775362968445,-0.164327025413513,0.0372634939849377,-0.164335012435913,0.311430662870407,-0.30380392074585,0.0674660727381706,0.404814958572388,0.311109900474548,-0.303936868906021,0.31120178103447,-0.30387818813324,0.0373775362968445,-0.164327025413513,0.311109900474548,-0.303936868906021,0.0676149278879166,0.40483546257019
8.06859970092773,0.0676811039447784,0.404856830835342,0.311359524726868,-0.303878396749496,0.0371644981205463,-0.164267033338547,0.310992956161499,-0.304002225399017,0.311359524726868,-0.303878396749496,0.0673620775341988,0.404631197452545,0.311221688985825,-0.303928196430206,0.0372784920036793,-0.164259135723114,0.0371644981205463,-0.164267033338547,0.311221688985825,-0.303928196430206,0.067923478782177,0.40497013926506,0.310901015996933,-0.304060846567154,0.310992956161499,-0.30400225520134,0.0372784920036793,-0.164259135723114,0.310901015996933,-0.304060846567154,0.0680724382400513,0.404990464448929
8.06919956207275,0.0681384652853012,0.405011773109436,0.311150580644608,-0.304002583026886,0.0370656587183475,-0.164198994636536,0.310784012079239,-0.304126054048538,0.311150580644608,-0.304002583026886,0.0678194463253021,0.404786467552185,0.311012744903564,-0.304052293300629,0.0371796078979969,-0.164191231131554,0.0370656587183475,-0.164198994636536,0.311012744903564,-0.304052293300629,0.0683808922767639,0.405124872922897,0.31069204211235,-0.304184556007385,0.310784012079239,-0.304126054048538,0.0371796078979969,-0.164191231131554,0.31069204211235,-0.304184556007385,0.0685298517346382,0.405145019292831
8.06980037689209,0.068595752120018,0.405166298151016,0.310941636562347,-0.304126530885696,0.036966897547245,-0.164130911231041,0.310575038194656,-0.304249614477158,0.310941636562347,-0.304126530885696,0.0682767257094383,0.404941290616989,0.31080374121666,-0.30417612195015,0.0370808057487011,-0.164123266935349,0.036966897547245,-0.164130911231041,0.31080374121666,-0.30417612195015,0.0688383206725121,0.405279129743576,0.310483038425446,-0.30430805683136,0.310575038194656,-0.304249614477158,0.0370808057487011,-0.164123266935349,0.310483038425446,-0.30430805683136,0.0689872726798058,0.405299186706543
8.07040023803711,0.0690529271960258,0.405320346355438,0.310732573270798,-0.30425027012825,0.0368683710694313,-0.164062783122063,0.310366004705429,-0.304372996091843,0.310732573270798,-0.30425027012825,0.0687340125441551,0.405095666646957,0.31059467792511,-0.304299741983414,0.0369821973145008,-0.164055243134499,0.0368683710694313,-0.164062783122063,0.31059467792511,-0.304299741983414,0.0692955404520035,0.405432969331741,0.310273945331573,-0.3044313788414,0.310366004705429,-0.304372996091843,0.0369821973145008,-0.164055243134499,0.310274034738541,-0.304431349039078,0.0694444999098778,0.405452817678452
8.07100009918213,0.0695101171731949,0.405473977327347,0.310523420572281,-0.304373770952225,0.0367699265480042,-0.163994610309601,0.310156941413879,-0.304496169090271,0.310523420572281,-0.304373770952225,0.0691912099719048,0.405249565839767,0.310385555028915,-0.304423123598099,0.0368837118148804,-0.163987204432487,0.0367699265480042,-0.163994610309601,0.310385555028915,-0.304423123598099,0.0697529688477516,0.405586332082748,0.310064941644669,-0.304554402828217,0.310156941413879,-0.304496169090271,0.0368837118148804,-0.163987204432487,0.310064941644669,-0.304554402828217,0.0699017345905304,0.405606061220169
8.07159996032715,0.0699672996997833,0.405627131462097,0.310314357280731,-0.30449703335762,0.0366716012358665,-0.163926392793655,0.30994787812233,-0.304619073867798,0.310314357280731,-0.30449703335762,0.0696483105421066,0.405403047800064,0.310176432132721,-0.304546266794205,0.0367853417992592,-0.16391909122467,0.0366716012358665,-0.163926392793655,0.310176342725754,-0.304546296596527,0.0702101066708565,0.405739277601242,0.309855729341507,-0.304677248001099,0.30994787812233,-0.304619073867798,0.0367853417992592,-0.16391909122467,0.309855699539185,-0.304677248001099,0.0703588724136353,0.405758798122406
8.07219982147217,0.0704243034124374,0.405779838562012,0.310105174779892,-0.304620087146759,0.0365734361112118,-0.163858130574226,0.309738665819168,-0.304741770029068,0.310105085372925,-0.304620116949081,0.0701054036617279,0.405556082725525,0.309967160224915,-0.304669231176376,0.0366871654987335,-0.16385093331337,0.0365734361112118,-0.163858130574226,0.309967160224915,-0.304669231176376,0.0706672444939613,0.4058917760849,0.309646517038345,-0.304799854755402,0.309738665819168,-0.304741770029068,0.0366871692240238,-0.163850948214531,0.309646487236023,-0.304799854755402,0.0708160027861595,0.405911147594452
8.07279968261719,0.0708812922239304,0.405932128429413,0.309895902872086,-0.304742962121964,0.0364754274487495,-0.163789838552475,0.309529423713684,-0.304864287376404,0.309895902872086,-0.304742962121964,0.070562407374382,0.405708640813828,0.309757918119431,-0.304791957139969,0.036589078605175,-0.163782745599747,0.0364754237234592,-0.163789823651314,0.309757918119431,-0.304791957139969,0.0711242854595184,0.4060437977314,0.309437274932861,-0.304922223091125,0.309529423713684,-0.304864287376404,0.036589078605175,-0.163782745599747,0.309437274932861,-0.304922223091125,0.0712731406092644,0.40606302022934
8.07339954376221,0.0713382884860039,0.406083941459656,0.309686601161957,-0.304865568876266,0.0363775752484798,-0.163721472024918,0.309320122003555,-0.304986506700516,0.309686541557312,-0.304865568876266,0.0710194110870361,0.405860751867294,0.309548586606979,-0.30491441488266,0.0364911444485188,-0.163714498281479,0.0363775379955769,-0.163721472024918,0.309548586606979,-0.30491441488266,0.0715813264250755,0.406195372343063,0.309227883815765,-0.305044442415237,0.309320122003555,-0.304986506700516,0.0364911444485188,-0.163714498281479,0.30922794342041,-0.305044412612915,0.0717300698161125,0.406214445829391
8.07400035858154,0.0717950910329819,0.406235307455063,0.309477239847183,-0.30498793721199,0.036279808729887,-0.163653090596199,0.309110850095749,-0.305108547210693,0.309477239847183,-0.30498793721199,0.0714763179421425,0.406012415885925,0.309339165687561,-0.305036723613739,0.036393366754055,-0.163646221160889,0.036279808729887,-0.163653090596199,0.309339165687561,-0.305036723613739,0.0720383524894714,0.406346529722214,0.309018522500992,-0.305166363716125,0.309110850095749,-0.305108547210693,0.036393366754055,-0.163646221160889,0.309018522500992,-0.305166363716125,0.0721870139241219,0.406365424394608
8.07460021972656,0.0722518712282181,0.406386226415634,0.309267848730087,-0.305110096931458,0.0361821912229061,-0.163584634661674,0.308901429176331,-0.305230349302292,0.309267848730087,-0.305110096931458,0.0719332247972488,0.406163662672043,0.309129744768143,-0.305158764123917,0.0362956710159779,-0.163577899336815,0.0361821912229061,-0.163584634661674,0.309129744768143,-0.305158764123917,0.0724951848387718,0.406497240066528,0.308809101581573,-0.305288076400757,0.308901429176331,-0.305230349302292,0.0362956710159779,-0.163577899336815,0.308809101581573,-0.305288076400757,0.0726439356803894,0.406515955924988
8.07520008087158,0.0727086663246155,0.406536728143692,0.309058398008347,-0.305231988430023,0.0360847376286983,-0.163516163825989,0.308691948652267,-0.305351912975311,0.309058368206024,-0.30523207783699,0.0723899230360985,0.406314432621002,0.308920204639435,-0.305280596017838,0.0361982136964798,-0.163509547710419,0.0360847376286983,-0.163516163825989,0.308920204639435,-0.305280596017838,0.0729520171880722,0.406647473573685,0.30859962105751,-0.305409580469131,0.308691948652267,-0.305351912975311,0.0361982136964798,-0.163509547710419,0.30859962105751,-0.305409580469131,0.0731007605791092,0.40666601061821
8.0757999420166,0.0731653422117233,0.406686723232269,0.308848947286606,-0.305353760719299,0.0359874032437801,-0.163447633385658,0.308482468128204,-0.305473297834396,0.308848857879639,-0.305353760719299,0.0728466212749481,0.406464755535126,0.308710753917694,-0.305402159690857,0.0361008271574974,-0.163441121578217,0.0359874032437801,-0.163447633385658,0.308710753917694,-0.305402159690857,0.0734088346362114,0.406797260046005,0.308390110731125,-0.305530816316605,0.308482468128204,-0.305473297834396,0.0361008271574974,-0.163441121578217,0.308390110731125,-0.305530816316605,0.0735574811697006,0.406815618276596
8.07639980316162,0.0736220255494118,0.4068363904953,0.308639347553253,-0.305475234985352,0.0358901843428612,-0.163379073143005,0.308272927999496,-0.305594444274902,0.308639347553253,-0.305475264787674,0.0733034089207649,0.406614661216736,0.308501124382019,-0.305523544549942,0.0360035672783852,-0.163372665643692,0.0358901843428612,-0.163379073143005,0.308501124382019,-0.305523544549942,0.0738656520843506,0.406946629285812,0.308180540800095,-0.305651903152466,0.308272927999496,-0.305594444274902,0.0360035672783852,-0.163372665643692,0.308180540800095,-0.305651903152466,0.0740141943097115,0.406964808702469
8.07699966430664,0.0740785971283913,0.406985491514206,0.308429747819901,-0.305596470832825,0.0357931591570377,-0.163310453295708,0.308063328266144,-0.305715322494507,0.308429747819901,-0.305596500635147,0.0737600028514862,0.40676411986351,0.308291494846344,-0.305644690990448,0.0359064601361752,-0.163304179906845,0.0357931591570377,-0.163310453295708,0.308291494846344,-0.305644690990448,0.0743222683668137,0.407095551490784,0.30797091126442,-0.305772721767426,0.308063328266144,-0.305715322494507,0.0359064601361752,-0.163304179906845,0.307970881462097,-0.305772691965103,0.0744708031415939,0.407113581895828
8.07759952545166,0.0745350643992424,0.407134205102921,0.308220058679581,-0.305717557668686,0.0356962159276009,-0.163241803646088,0.307853728532791,-0.305835992097855,0.308220058679581,-0.305717557668686,0.0742165744304657,0.406913101673126,0.308081835508347,-0.305765628814697,0.0358094722032547,-0.163235634565353,0.0356962159276009,-0.163241803646088,0.308081835508347,-0.305765628814697,0.0747788697481155,0.407244026660919,0.3077612221241,-0.305893272161484,0.307853728532791,-0.305835992097855,0.0358094722032547,-0.163235634565353,0.3077612221241,-0.305893272161484,0.0749273970723152,0.407261908054352
8.078200340271,0.0749915167689323,0.407282441854477,0.308010399341583,-0.305838346481323,0.0355994328856468,-0.163173094391823,0.307643979787827,-0.305956453084946,0.308010399341583,-0.305838346481323,0.0746729522943497,0.407061666250229,0.307872086763382,-0.305886298418045,0.0357126407325268,-0.163167029619217,0.0355994328856468,-0.163173094391823,0.307872086763382,-0.305886298418045,0.0752354636788368,0.407392024993896,0.307551473379135,-0.30601367354393,0.307643979787827,-0.305956453084946,0.0357126407325268,-0.163167029619217,0.307551473379135,-0.30601367354393,0.0753838866949081,0.407409757375717
8.07880020141602,0.0754478573799133,0.40743026137352,0.307800620794296,-0.305958926677704,0.0355028063058853,-0.163104370236397,0.307434290647507,-0.30607670545578,0.307800590991974,-0.305958956480026,0.0751294046640396,0.407209753990173,0.307662308216095,-0.306006789207458,0.0356159694492817,-0.163098409771919,0.0355028063058853,-0.163104370236397,0.307662308216095,-0.306006789207458,0.0756918415427208,0.40753960609436,0.307341724634171,-0.306133806705475,0.307434290647507,-0.30607670545578,0.035615973174572,-0.16309842467308,0.307341724634171,-0.306133806705475,0.0758403614163399,0.407557159662247
8.07940006256104,0.0759041830897331,0.407577633857727,0.307590752840042,-0.30607932806015,0.0354063399136066,-0.163035601377487,0.307224541902542,-0.306196719408035,0.307590752840042,-0.30607932806015,0.0755857601761818,0.407357454299927,0.307452440261841,-0.306127041578293,0.0355194620788097,-0.163029760122299,0.0354063399136066,-0.163035601377487,0.307452440261841,-0.306127041578293,0.0761484056711197,0.407686740159988,0.307131946086884,-0.306253731250763,0.307224541902542,-0.306196719408035,0.0355194620788097,-0.163029760122299,0.307131946086884,-0.306253731250763,0.0762967243790627,0.40770411491394
8.07999992370605,0.0763605087995529,0.407724529504776,0.30738091468811,-0.306199431419373,0.0353099480271339,-0.162966772913933,0.307014644145966,-0.306316494941711,0.30738091468811,-0.306199461221695,0.0760421007871628,0.4075046479702,0.307242602109909,-0.30624708533287,0.0354230254888535,-0.162961050868034,0.0353099480271339,-0.162966772913933,0.307242602109909,-0.30624708533287,0.0766047611832619,0.407833427190781,0.306922078132629,-0.306373417377472,0.307014644145966,-0.306316494941711,0.0354230254888535,-0.162961050868034,0.306922078132629,-0.306373417377472,0.0767530724406242,0.407850652933121
8.08059978485107,0.0768167078495026,0.407871007919312,0.307170987129211,-0.306319385766983,0.0352137126028538,-0.162897914648056,0.306804805994034,-0.306436061859131,0.307170987129211,-0.306319385766983,0.0764983296394348,0.407651424407959,0.307032644748688,-0.306366890668869,0.0353267453610897,-0.162892296910286,0.0352137126028538,-0.162897914648056,0.307032644748688,-0.306366890668869,0.0770609974861145,0.407979667186737,0.306712120771408,-0.306492924690247,0.306804805994034,-0.306436061859131,0.0353267453610897,-0.162892296910286,0.306712120771408,-0.306492924690247,0.077209398150444,0.407996743917465
8.08119964599609,0.0772728025913239,0.408017039299011,0.306961059570313,-0.306439071893692,0.0351176373660564,-0.162829011678696,0.306594878435135,-0.306555420160294,0.306961059570313,-0.306439071893692,0.0769544392824173,0.407797753810883,0.306822657585144,-0.306486457586288,0.0352306254208088,-0.162823498249054,0.0351176336407661,-0.162828996777534,0.306822657585144,-0.306486487388611,0.0775172188878059,0.40812548995018,0.306502133607864,-0.306612193584442,0.306594878435135,-0.306555420160294,0.0352306254208088,-0.162823513150215,0.306502133607864,-0.306612193584442,0.0776656121015549,0.408142328262329
8.08180046081543,0.0777288749814034,0.408162623643875,0.306751132011414,-0.306558549404144,0.0350216366350651,-0.162760064005852,0.306384861469269,-0.306674510240555,0.306751042604446,-0.306558549404144,0.0774105340242386,0.40794363617897,0.306612581014633,-0.306605815887451,0.0351345799863338,-0.1627546697855,0.0350216366350651,-0.162760064005852,0.306612581014633,-0.306605815887451,0.0779733285307884,0.408270835876465,0.306292146444321,-0.306731194257736,0.306384861469269,-0.306674510240555,0.0351345799863338,-0.1627546697855,0.306292146444321,-0.306731194257736,0.0781216248869896,0.408287554979324
8.08240032196045,0.0781848281621933,0.408307790756226,0.306541055440903,-0.306677788496017,0.0349258743226528,-0.162691071629524,0.306174844503403,-0.306793421506882,0.30654102563858,-0.30667781829834,0.0778666138648987,0.408089071512222,0.306402534246445,-0.306724965572357,0.035038772970438,-0.162685796618462,0.0349258743226528,-0.162691071629524,0.306402534246445,-0.306724965572357,0.0784295126795769,0.408415704965591,0.306082099676132,-0.306850016117096,0.306174844503403,-0.306793421506882,0.035038772970438,-0.162685796618462,0.306082099676132,-0.306850016117096,0.0785777941346169,0.408432334661484
8.08300018310547,0.0786407664418221,0.40845251083374,0.306330949068069,-0.306796818971634,0.0348301939666271,-0.162622064352036,0.305964797735214,-0.30691209435463,0.306330949068069,-0.306796818971634,0.0783225819468498,0.408234119415283,0.306192427873611,-0.306843847036362,0.0349429659545422,-0.162616893649101,0.0348301902413368,-0.162622049450874,0.306192427873611,-0.306843847036362,0.078885480761528,0.408560246229172,0.305871933698654,-0.306968599557877,0.305964797735214,-0.30691209435463,0.0349429659545422,-0.162616893649101,0.305871933698654,-0.306968599557877,0.079033762216568,0.408576607704163
8.08360004425049,0.079096682369709,0.408596783876419,0.306120812892914,-0.306915611028671,0.0347346626222134,-0.162552997469902,0.305754661560059,-0.307030528783798,0.306120812892914,-0.306915611028671,0.0787785276770592,0.408378660678864,0.305982261896133,-0.306962549686432,0.0348473936319351,-0.162547931075096,0.0347346626222134,-0.162552997469902,0.305982261896133,-0.306962549686432,0.0793415307998657,0.408704280853271,0.305661767721176,-0.307086974382401,0.305754661560059,-0.307030528783798,0.0348473936319351,-0.162547931075096,0.305661767721176,-0.307086974382401,0.0794896930456161,0.40872049331665
8.08419990539551,0.0795524716377258,0.408740609884262,0.305910587310791,-0.307034194469452,0.0346392914652824,-0.162483870983124,0.305544525384903,-0.30714875459671,0.305910587310791,-0.307034194469452,0.0792343392968178,0.408522754907608,0.305772095918655,-0.307081013917923,0.0347519777715206,-0.162478938698769,0.0346392914652824,-0.162483870983124,0.305772095918655,-0.307081013917923,0.0797973573207855,0.408847868442535,0.305451601743698,-0.307205110788345,0.305544525384903,-0.30714875459671,0.0347519777715206,-0.162478938698769,0.305451601743698,-0.307205110788345,0.0799455195665359,0.408863931894302
8.08479976654053,0.0800082460045815,0.408883959054947,0.305700361728668,-0.307152569293976,0.0345439240336418,-0.162414744496346,0.305334240198135,-0.307266801595688,0.305700361728668,-0.307152569293976,0.0796901434659958,0.408666461706161,0.305561810731888,-0.307199269533157,0.0346565619111061,-0.162409916520119,0.0345439240336418,-0.162414744496346,0.305561810731888,-0.307199269533157,0.0802531614899635,0.408990979194641,0.305241316556931,-0.307323008775711,0.305334240198135,-0.307266801595688,0.0346565619111061,-0.162409916520119,0.305241316556931,-0.307323008775711,0.0804013162851334,0.409006893634796
8.08539962768555,0.0804637968540192,0.409026950597763,0.305490106344223,-0.307270705699921,0.0344487838447094,-0.162345543503761,0.30512398481369,-0.307384550571442,0.305490106344223,-0.307270705699921,0.0801458209753036,0.408809691667557,0.305351495742798,-0.307317286729813,0.0345613807439804,-0.162340849637985,0.0344487838447094,-0.162345543503761,0.305351495742798,-0.307317286729813,0.0807089358568192,0.409133702516556,0.305031031370163,-0.307440727949142,0.30512398481369,-0.307384550571442,0.0345613807439804,-0.162340849637985,0.305031031370163,-0.307440727949142,0.0808569863438606,0.409149438142776
8.08600044250488,0.08091951161623,0.409169435501099,0.305279731750488,-0.307388573884964,0.0343538075685501,-0.162276327610016,0.304913640022278,-0.307502120733261,0.305279761552811,-0.307388603687286,0.0806014761328697,0.408952474594116,0.305141091346741,-0.307435095310211,0.0344663560390472,-0.162271723151207,0.0343538075685501,-0.162276327610016,0.305141091346741,-0.307435095310211,0.0811646953225136,0.409275978803635,0.304820686578751,-0.307558208703995,0.304913640022278,-0.307502120733261,0.0344663560390472,-0.162271723151207,0.304820686578751,-0.307558208703995,0.0813126340508461,0.409291535615921
8.0866003036499,0.0813750103116035,0.409311473369598,0.305069357156754,-0.307506263256073,0.0342589840292931,-0.162207052111626,0.304703325033188,-0.307619422674179,0.305069357156754,-0.307506263256073,0.0810570120811462,0.409094870090485,0.304930686950684,-0.307552635669708,0.0343714877963066,-0.162202566862106,0.0342589840292931,-0.162207052111626,0.304930686950684,-0.307552635669708,0.0816202238202095,0.409417808055878,0.304610371589661,-0.307675421237946,0.304703325033188,-0.307619422674179,0.0343714877963066,-0.162202566862106,0.304610371589661,-0.307675421237946,0.0817682519555092,0.409433245658875
8.08720016479492,0.0818304792046547,0.409453094005585,0.304858952760696,-0.307623714208603,0.0341642387211323,-0.162137761712074,0.304492920637131,-0.307736575603485,0.304858922958374,-0.307623773813248,0.0815125182271004,0.409236788749695,0.304720252752304,-0.307670027017593,0.0342766977846622,-0.162133380770683,0.0341642387211323,-0.162137761712074,0.304720252752304,-0.307670027017593,0.0820758268237114,0.409559190273285,0.304399847984314,-0.307792454957962,0.304492920637131,-0.307736575603485,0.0342766977846622,-0.162133380770683,0.304399847984314,-0.307792454957962,0.0822238400578499,0.40957447886467
8.08780002593994,0.0822858363389969,0.40959432721138,0.304648518562317,-0.307740986347198,0.0340697281062603,-0.162068381905556,0.304282456636429,-0.30785346031189,0.304648518562317,-0.307740986347198,0.0819679945707321,0.409378290176392,0.304509788751602,-0.307787120342255,0.0341820605099201,-0.162064135074615,0.0340697281062603,-0.162068381905556,0.304509788751602,-0.307787120342255,0.0825313031673431,0.409700155258179,0.30418935418129,-0.307909250259399,0.304282456636429,-0.30785346031189,0.0341820605099201,-0.162064135074615,0.30418935418129,-0.307909250259399,0.0826791971921921,0.409715265035629
8.08839988708496,0.0827411487698555,0.409735083580017,0.304437935352325,-0.307857990264893,0.0339752174913883,-0.16199903190136,0.304071962833405,-0.307970106601715,0.304437935352325,-0.307857990264893,0.082423247396946,0.40951931476593,0.304299205541611,-0.307904034852982,0.0340875871479511,-0.161994859576225,0.0339752174913883,-0.16199903190136,0.304299205541611,-0.307904034852982,0.0829867422580719,0.409840673208237,0.303978890180588,-0.30802583694458,0.304071962833405,-0.307970106601715,0.0340875871479511,-0.161994859576225,0.303978890180588,-0.30802583694458,0.0831346288323402,0.409855604171753
8.08899974822998,0.0831964239478111,0.409875363111496,0.304227381944656,-0.30797478556633,0.0338808670639992,-0.161929622292519,0.303861498832703,-0.308086544275284,0.304227381944656,-0.30797478556633,0.0828786566853523,0.409659892320633,0.304088652133942,-0.308020710945129,0.0339931845664978,-0.161925554275513,0.0338808670639992,-0.161929622292519,0.304088652133942,-0.308020710945129,0.0834420546889305,0.409980773925781,0.303768306970596,-0.308142185211182,0.303861498832703,-0.308086544275284,0.0339931845664978,-0.161925569176674,0.303768306970596,-0.308142185211182,0.0835899338126183,0.409995526075363
8.089599609375,0.083651676774025,0.410015225410461,0.304016828536987,-0.308091342449188,0.0337867438793182,-0.161860138177872,0.303650885820389,-0.308202743530273,0.304016768932343,-0.308091372251511,0.0833338499069214,0.409800052642822,0.303877979516983,-0.308137148618698,0.0338990166783333,-0.161856189370155,0.0337867438793182,-0.161860138177872,0.303877979516983,-0.308137148618698,0.0838973298668861,0.410120397806168,0.303557753562927,-0.308258295059204,0.303650885820389,-0.308202743530273,0.0338990166783333,-0.161856189370155,0.303557753562927,-0.308258295059204,0.0840451940894127,0.410134971141815
8.09020042419434,0.0841066986322403,0.410154670476913,0.303806185722351,-0.30820769071579,0.0336926244199276,-0.161790668964386,0.303440272808075,-0.308318763971329,0.303806126117706,-0.308207720518112,0.0837890133261681,0.409939795732498,0.303667306900024,-0.30825337767601,0.0338048525154591,-0.161786824464798,0.0336926244199276,-0.161790668964386,0.303667336702347,-0.308253407478333,0.0843525752425194,0.410259604454041,0.303347080945969,-0.308374226093292,0.303440272808075,-0.308318763971329,0.0338048525154591,-0.161786824464798,0.303347080945969,-0.308374226093292,0.0845003351569176,0.410274028778076
8.09080028533936,0.0845616832375526,0.41029366850853,0.30359548330307,-0.308323800563812,0.0335988141596317,-0.161721110343933,0.303229629993439,-0.308434516191483,0.30359548330307,-0.308323830366135,0.0842441394925117,0.410079061985016,0.303456634283066,-0.308369398117065,0.0337109193205833,-0.161717385053635,0.0335988141596317,-0.161721110343933,0.303456634283066,-0.308369398117065,0.0848076865077019,0.410398364067078,0.303136348724365,-0.308489918708801,0.303229629993439,-0.308434516191483,0.0337109193205833,-0.161717385053635,0.303136348724365,-0.308489918708801,0.0849555283784866,0.410412609577179
8.09140014648438,0.0850167274475098,0.41043221950531,0.303384751081467,-0.308439701795578,0.0335049293935299,-0.161651566624641,0.303018838167191,-0.30855005979538,0.3033846616745,-0.3084397315979,0.0846991240978241,0.410217940807343,0.30324587225914,-0.308485150337219,0.0336170643568039,-0.161647945642471,0.0335049293935299,-0.161651566624641,0.303245902061462,-0.308485180139542,0.085262767970562,0.410536676645279,0.302925586700439,-0.308605372905731,0.303018838167191,-0.30855005979538,0.0336170643568039,-0.161647945642471,0.302925586700439,-0.308605372905731,0.0854104980826378,0.410550773143768
8.09200000762939,0.0854715555906296,0.410570353269577,0.303173929452896,-0.308555424213409,0.0334113538265228,-0.161581948399544,0.302808105945587,-0.308665424585342,0.303173929452896,-0.308555424213409,0.0851540789008141,0.410356372594833,0.303035050630569,-0.308600753545761,0.033523365855217,-0.161578446626663,0.0334113538265228,-0.161581948399544,0.303035050630569,-0.308600753545761,0.0857177004218102,0.410674571990967,0.302714824676514,-0.308720618486404,0.302808105945587,-0.308665424585342,0.033523365855217,-0.161578446626663,0.302714824676514,-0.308720618486404,0.0858654230833054,0.410688549280167
8.09259986877441,0.085926428437233,0.410708039999008,0.302963107824326,-0.308670848608017,0.0333178602159023,-0.161512300372124,0.302597314119339,-0.308780521154404,0.302963107824326,-0.308670848608017,0.0856089070439339,0.410494327545166,0.302824199199677,-0.308716088533401,0.0334298238158226,-0.161508917808533,0.0333178602159023,-0.161512300372124,0.302824199199677,-0.308716088533401,0.0861726105213165,0.410812020301819,0.302503973245621,-0.308835625648499,0.302597314119339,-0.308780521154404,0.0334298238158226,-0.161508917808533,0.302503973245621,-0.308835625648499,0.0863203033804893,0.410825818777084
8.09319972991943,0.0863811671733856,0.410845279693604,0.302752315998077,-0.308786064386368,0.0332245156168938,-0.16144260764122,0.302386522293091,-0.308895409107208,0.302752315998077,-0.308786064386368,0.0860636830329895,0.410631865262985,0.302613347768784,-0.308831185102463,0.0333364345133305,-0.161439329385757,0.0332245156168938,-0.16144260764122,0.302613347768784,-0.308831185102463,0.0866274759173393,0.410949021577835,0.30229315161705,-0.308950424194336,0.302386522293091,-0.308895409107208,0.0333364382386208,-0.161439344286919,0.302293121814728,-0.308950424194336,0.0867750570178032,0.410962700843811
8.09379959106445,0.0868357643485069,0.410982102155685,0.30254140496254,-0.308901101350784,0.0331312529742718,-0.161372900009155,0.302175611257553,-0.309010028839111,0.30254140496254,-0.308901131153107,0.0865184292197227,0.410768985748291,0.302402406930923,-0.308946073055267,0.0332431271672249,-0.161369740962982,0.0331312529742718,-0.161372900009155,0.302402406930923,-0.308946073055267,0.0870821923017502,0.411085605621338,0.302082180976868,-0.309064984321594,0.302175611257553,-0.309010028839111,0.0332431271672249,-0.161369740962982,0.302082180976868,-0.309064984321594,0.0872297659516335,0.411099076271057
8.09440040588379,0.087290421128273,0.411118477582932,0.302330553531647,-0.309015810489655,0.0330381467938423,-0.161303147673607,0.301964700222015,-0.309124499559402,0.302330404520035,-0.309015959501266,0.0869730263948441,0.410905659198761,0.302191585302353,-0.309060633182526,0.0331499725580215,-0.161300092935562,0.0330381467938423,-0.161303147673607,0.302191585302353,-0.309060633182526,0.0875368714332581,0.411221772432327,0.301871299743652,-0.309179306030273,0.301964700222015,-0.309124499559402,0.0331499725580215,-0.161300092935562,0.301871299743652,-0.309179306030273,0.0876844301819801,0.411235094070435
8.09500026702881,0.0877449437975883,0.411254465579987,0.302119463682175,-0.309130430221558,0.0329451933503151,-0.161233350634575,0.30175369977951,-0.309238761663437,0.302119463682175,-0.309130430221558,0.087427593767643,0.411041885614395,0.301980495452881,-0.309175163507462,0.0330569706857204,-0.161230400204659,0.0329451933503151,-0.161233350634575,0.301980495452881,-0.309175163507462,0.0879915058612823,0.411357492208481,0.301660299301147,-0.309293448925018,0.30175369977951,-0.309238761663437,0.0330569706857204,-0.161230400204659,0.301660299301147,-0.309293448925018,0.0881390571594238,0.411370605230331
8.09560012817383,0.0881994143128395,0.411389976739883,0.301908433437347,-0.309244781732559,0.0328523181378841,-0.161163538694382,0.301542818546295,-0.309352666139603,0.301908433437347,-0.309244781732559,0.0878821164369583,0.411177694797516,0.301769405603409,-0.309289366006851,0.0329640507698059,-0.161160692572594,0.0328523181378841,-0.161163538694382,0.301769405603409,-0.309289366006851,0.0884460061788559,0.411492764949799,0.301449209451675,-0.309407413005829,0.301542818546295,-0.309352666139603,0.0329640507698059,-0.161160692572594,0.301449209451675,-0.309407413005829,0.0885935425758362,0.411505788564682
8.09619998931885,0.0886537432670593,0.411525040864944,0.301697343587875,-0.309358894824982,0.0327595993876457,-0.161093696951866,0.30133181810379,-0.309466391801834,0.301697343587875,-0.309358894824982,0.0883365944027901,0.411313086748123,0.301558166742325,-0.309403538703918,0.0328712873160839,-0.161090955138206,0.0327595993876457,-0.161093696951866,0.301558166742325,-0.309403538703918,0.088900551199913,0.411627590656281,0.301238149404526,-0.309521049261093,0.30133181810379,-0.309466391801834,0.0328712873160839,-0.161090955138206,0.301238149404526,-0.309521049261093,0.0890479758381844,0.41164043545723
8.09679985046387,0.0891080275177956,0.41165965795517,0.30148634314537,-0.30947270989418,0.0326671116054058,-0.161023765802383,0.301120579242706,-0.309580087661743,0.30148634314537,-0.30947270989418,0.0887909308075905,0.411448031663895,0.301347106695175,-0.309517234563828,0.0327787511050701,-0.161021158099174,0.0326671116054058,-0.161023750901222,0.301347106695175,-0.309517234563828,0.0893548652529716,0.411761999130249,0.301027029752731,-0.309634506702423,0.301120579242706,-0.309580087661743,0.0327787511050701,-0.161021158099174,0.301027029752731,-0.309634506702423,0.089502364397049,0.411774724721909
8.09739971160889,0.0895622670650482,0.411793887615204,0.301275074481964,-0.309586465358734,0.0325747020542622,-0.160953834652901,0.300909429788589,-0.309693425893784,0.301275074481964,-0.309586465358734,0.0892452225089073,0.41158252954483,0.301135987043381,-0.309630751609802,0.0326862148940563,-0.16095133125782,0.0325747020542622,-0.160953834652901,0.301135987043381,-0.309630751609802,0.0898091271519661,0.411896020174026,0.300815999507904,-0.309747666120529,0.300909429788589,-0.309693425893784,0.0326862148940563,-0.16095133125782,0.300815999507904,-0.309747666120529,0.0899565070867538,0.411908507347107
8.09799957275391,0.0900164619088173,0.411927670240402,0.301063895225525,-0.309699892997742,0.0324824452400208,-0.160883858799934,0.300698310136795,-0.3098064661026,0.301063895225525,-0.309699892997742,0.0896993577480316,0.41171658039093,0.300924777984619,-0.309744089841843,0.0325938388705254,-0.160881474614143,0.0324824452400208,-0.160883843898773,0.300924777984619,-0.309744089841843,0.0902633368968964,0.412029534578323,0.300604701042175,-0.309860736131668,0.300698310136795,-0.3098064661026,0.0325938388705254,-0.160881474614143,0.300604701042175,-0.309860736131668,0.0904107987880707,0.412041902542114
8.09860038757324,0.0904705002903938,0.412061005830765,0.300852626562119,-0.309813171625137,0.0323901921510696,-0.160813868045807,0.300487160682678,-0.30991929769516,0.300852626562119,-0.309813171625137,0.0901534557342529,0.411850243806839,0.300713300704956,-0.309857368469238,0.0325016900897026,-0.160811558365822,0.0323901921510696,-0.160813868045807,0.300713330507278,-0.309857398271561,0.0907175987958908,0.412162661552429,0.300393342971802,-0.309973657131195,0.300487160682678,-0.30991929769516,0.0325016900897026,-0.160811558365822,0.300393342971802,-0.309973657131195,0.0908648520708084,0.412174880504608
8.09920024871826,0.0909244939684868,0.412193924188614,0.300641417503357,-0.309926062822342,0.032298244535923,-0.160743817687035,0.300275921821594,-0.310031980276108,0.300641417503357,-0.309926062822342,0.0906075015664101,0.41198343038559,0.300502091646194,-0.309970200061798,0.0324096195399761,-0.1607416421175,0.032298244535923,-0.160743817687035,0.300502091646194,-0.309970200061798,0.0911717042326927,0.412295341491699,0.300182074308395,-0.310086220502853,0.300275921821594,-0.310031980276108,0.0324096195399761,-0.1607416421175,0.300182074308395,-0.310086220502853,0.0913188457489014,0.412307411432266
8.09980010986328,0.0913784354925156,0.412326395511627,0.300430148839951,-0.310038805007935,0.0322063788771629,-0.16067373752594,0.300064563751221,-0.310144424438477,0.300430148839951,-0.310038834810257,0.0910615026950836,0.412116199731827,0.300290763378143,-0.310082793235779,0.0323176272213459,-0.160671681165695,0.0322063788771629,-0.16067373752594,0.300290763378143,-0.310082793235779,0.0916256681084633,0.412427574396133,0.299970865249634,-0.310198485851288,0.300064563751221,-0.310144424438477,0.0323176309466362,-0.160671696066856,0.299970865249634,-0.310198485851288,0.0917728915810585,0.412439495325089
8.1003999710083,0.0918323248624802,0.412458479404449,0.300218790769577,-0.310151398181915,0.0321145839989185,-0.160603627562523,0.299853295087814,-0.310256570577621,0.300218790769577,-0.310151398181915,0.0915153473615646,0.412248551845551,0.30007940530777,-0.310195297002792,0.0322258658707142,-0.160601675510406,0.0321145839989185,-0.160603627562523,0.30007940530777,-0.310195297002792,0.0920795798301697,0.412559390068054,0.299759387969971,-0.310310691595078,0.299853295087814,-0.310256570577621,0.0322258695960045,-0.160601690411568,0.299759387969971,-0.310310691595078,0.0922266766428947,0.412571161985397
8.10099983215332,0.0922860652208328,0.412590056657791,0.300007194280624,-0.310263931751251,0.032022949308157,-0.160533502697945,0.299641966819763,-0.310368567705154,0.300007194280624,-0.310263931751251,0.0919691398739815,0.412380486726761,0.299868077039719,-0.310307413339615,0.0321341827511787,-0.160531640052795,0.032022949308157,-0.160533502697945,0.299868077039719,-0.310307413339615,0.0925334319472313,0.412690788507462,0.299548029899597,-0.310422569513321,0.299641966819763,-0.310368567705154,0.0321341827511787,-0.160531640052795,0.299548029899597,-0.310422569513321,0.0926805138587952,0.41270238161087
8.10159969329834,0.092739649116993,0.412721306085587,0.299795806407928,-0.310375958681107,0.0319314673542976,-0.160463348031044,0.299430549144745,-0.310480326414108,0.299795806407928,-0.310375958681107,0.0924228802323341,0.412511914968491,0.299656510353088,-0.310419470071793,0.0320426560938358,-0.160461574792862,0.0319314673542976,-0.160463348031044,0.299656540155411,-0.310419499874115,0.092987135052681,0.412821769714355,0.299336552619934,-0.310534298419952,0.299430549144745,-0.310480326414108,0.0320426560938358,-0.160461574792862,0.299336552619934,-0.310534298419952,0.0931342989206314,0.41283318400383
8.10219955444336,0.0931931734085083,0.412852048873901,0.299584358930588,-0.310487806797028,0.0318401418626308,-0.160393118858337,0.299219042062759,-0.310591965913773,0.299584239721298,-0.31048795580864,0.0928765684366226,0.412642985582352,0.299445033073425,-0.310531228780746,0.0319512784481049,-0.160391464829445,0.0318401381373405,-0.160393103957176,0.299445033073425,-0.310531228780746,0.0934408754110336,0.412952303886414,0.299125164747238,-0.310645669698715,0.299219042062759,-0.310591965913773,0.0319512784481049,-0.160391464829445,0.299125164747238,-0.310645669698715,0.0935878157615662,0.412963539361954
8.1028003692627,0.0936467498540878,0.412982374429703,0.299372851848602,-0.310599505901337,0.0317488871514797,-0.16032287478447,0.299007624387741,-0.310703217983246,0.299372851848602,-0.310599505901337,0.0933300033211708,0.412773638963699,0.299233496189117,-0.310642838478088,0.0318599790334702,-0.160321339964867,0.0317488871514797,-0.16032287478447,0.299233496189117,-0.310642838478088,0.0938944593071938,0.413082361221313,0.298913568258286,-0.310757011175156,0.299007624387741,-0.310703217983246,0.0318599790334702,-0.160321339964867,0.298913568258286,-0.310757011175156,0.0940414816141129,0.413093507289886
8.10340023040771,0.0941001623868942,0.413112312555313,0.29916125535965,-0.310710996389389,0.0316578708589077,-0.160252600908279,0.298796117305756,-0.31081435084343,0.29916125535965,-0.310710996389389,0.0937835723161697,0.412903815507889,0.29902184009552,-0.310754209756851,0.031768836081028,-0.160251170396805,0.0316578708589077,-0.160252600908279,0.29902184009552,-0.310754209756851,0.0943478941917419,0.413212090730667,0.298702031373978,-0.310867995023727,0.298796117305756,-0.31081435084343,0.031768836081028,-0.160251170396805,0.298702031373978,-0.310867995023727,0.0944949015974998,0.413222998380661
8.10400009155273,0.0945535153150558,0.413241744041443,0.29894956946373,-0.310822308063507,0.0315669253468513,-0.160182282328606,0.298584520816803,-0.310925215482712,0.29894956946373,-0.310822308063507,0.0942368879914284,0.413033545017242,0.298810303211212,-0.31086528301239,0.031677920371294,-0.160180956125259,0.0315669253468513,-0.160182282328606,0.298810333013535,-0.31086528301239,0.0948013663291931,0.41334131360054,0.29849037528038,-0.310978829860687,0.298584520816803,-0.310925215482712,0.031677920371294,-0.160180956125259,0.29849037528038,-0.310978829860687,0.0949482470750809,0.413352072238922
8.10459995269775,0.0950068086385727,0.413370817899704,0.298737943172455,-0.310933291912079,0.0314760580658913,-0.160111948847771,0.298372864723206,-0.311035960912704,0.298737943172455,-0.310933291912079,0.0946901515126228,0.413162916898727,0.298598647117615,-0.310976177453995,0.0315870121121407,-0.160110726952553,0.0314760580658913,-0.160111948847771,0.298598647117615,-0.310976177453995,0.0952547714114189,0.4134701192379,0.298278987407684,-0.311089187860489,0.298372864723206,-0.311035960912704,0.0315870121121407,-0.160110726952553,0.298278987407684,-0.311089187860489,0.0954016372561455,0.41348072886467
8.10519981384277,0.095459945499897,0.413499414920807,0.298526406288147,-0.311043977737427,0.03138542547822,-0.160041570663452,0.298161238431931,-0.311146348714828,0.298526406288147,-0.311043977737427,0.0951434522867203,0.413291811943054,0.298386961221695,-0.311086863279343,0.0314963273704052,-0.160040438175201,0.03138542547822,-0.160041570663452,0.298386961221695,-0.311086863279343,0.0957080200314522,0.413598507642746,0.298067212104797,-0.31119966506958,0.298161238431931,-0.311146348714828,0.0314963273704052,-0.160040438175201,0.298067182302475,-0.311199635267258,0.0958548709750175,0.413608968257904
8.10579967498779,0.0959131196141243,0.413627654314041,0.298314779996872,-0.311154454946518,0.0312947891652584,-0.159971177577972,0.297949612140656,-0.311256587505341,0.298314779996872,-0.311154454946518,0.0955966934561729,0.413420289754868,0.298175156116486,-0.311197400093079,0.03140564635396,-0.159970179200172,0.0312947891652584,-0.159971177577972,0.298175156116486,-0.311197400093079,0.0961612090468407,0.413726478815079,0.297855526208878,-0.311309814453125,0.297949612140656,-0.311256587505341,0.03140564635396,-0.159970179200172,0.297855526208878,-0.311309814453125,0.0963079333305359,0.41373673081398
8.10639953613281,0.0963661372661591,0.413755387067795,0.29810294508934,-0.311264902353287,0.0312044620513916,-0.159900724887848,0.297738015651703,-0.311366498470306,0.29810294508934,-0.311264902353287,0.0960497632622719,0.413548350334167,0.297963559627533,-0.311307430267334,0.0313151888549328,-0.159899830818176,0.0312044620513916,-0.159900724887848,0.297963559627533,-0.311307430267334,0.096614234149456,0.413854002952576,0.297643721103668,-0.311419755220413,0.297738015651703,-0.311366498470306,0.0313151888549328,-0.159899830818176,0.297643721103668,-0.311419755220413,0.0967610329389572,0.413864135742188
8.10700035095215,0.0968190804123878,0.413882702589035,0.297891139984131,-0.311375021934509,0.0311141330748796,-0.159830272197723,0.297526180744171,-0.311476320028305,0.297891139984131,-0.311375021934509,0.0965026766061783,0.413675963878632,0.297751784324646,-0.311417460441589,0.0312248170375824,-0.159829467535019,0.0311141330748796,-0.159830272197723,0.297751784324646,-0.311417460441589,0.0970672965049744,0.413981109857559,0.297431856393814,-0.311529517173767,0.297526180744171,-0.311476320028305,0.0312248170375824,-0.159829467535019,0.297431856393814,-0.311529517173767,0.0972140803933144,0.413991063833237
8.10760021209717,0.0972718670964241,0.414009660482407,0.297679305076599,-0.311484962701797,0.0310239605605602,-0.159759759902954,0.297314316034317,-0.311585992574692,0.297679305076599,-0.311484962701797,0.0969555303454399,0.413803160190582,0.297539889812469,-0.311527252197266,0.0311346706002951,-0.159759059548378,0.0310239605605602,-0.159759759902954,0.297539889812469,-0.311527252197266,0.0975202918052673,0.414107769727707,0.297220230102539,-0.311638832092285,0.297314316034317,-0.311585992574692,0.0311346706002951,-0.159759059548378,0.297220230102539,-0.311638832092285,0.0976670384407043,0.41411754488945
8.10820007324219,0.0977246835827827,0.414136111736298,0.297467559576035,-0.311594575643539,0.030933940783143,-0.159689232707024,0.297102451324463,-0.311695337295532,0.297467559576035,-0.311594575643539,0.0974084138870239,0.413929909467697,0.297327965497971,-0.311636924743652,0.031044602394104,-0.159688651561737,0.030933940783143,-0.159689232707024,0.297327965497971,-0.311636924743652,0.0979731157422066,0.414234012365341,0.297008365392685,-0.311748117208481,0.297102451324463,-0.311695367097855,0.031044602394104,-0.159688651561737,0.297008365392685,-0.311748117208481,0.098119743168354,0.414243668317795
8.10879993438721,0.0981773287057877,0.414262175559998,0.29725569486618,-0.311703979969025,0.0308440700173378,-0.159618645906448,0.296890705823898,-0.311804354190826,0.29725569486618,-0.311703979969025,0.0978612303733826,0.414056271314621,0.297116219997406,-0.311746060848236,0.0309546831995249,-0.15961816906929,0.0308440700173378,-0.159618645906448,0.297116219997406,-0.311746060848236,0.0984258726239204,0.414359837770462,0.296796411275864,-0.311857163906097,0.296890705823898,-0.311804354190826,0.0309546831995249,-0.15961816906929,0.296796411275864,-0.311857163906097,0.0985724925994873,0.414369344711304
8.10939979553223,0.0986300110816956,0.414387851953506,0.297043591737747,-0.311813354492188,0.0307543557137251,-0.159548059105873,0.296678751707077,-0.311913341283798,0.297043591737747,-0.311813354492188,0.0983137860894203,0.414182215929031,0.29690408706665,-0.311855345964432,0.0308648478239775,-0.159547686576843,0.0307543557137251,-0.159548059105873,0.29690408706665,-0.311855345964432,0.0988785624504089,0.414485216140747,0.296584576368332,-0.31196591258049,0.296678751707077,-0.311913341283798,0.0308648478239775,-0.159547686576843,0.296584576368332,-0.31196591258049,0.0990251526236534,0.414494574069977
8.10999965667725,0.0990824177861214,0.414513021707535,0.296831607818604,-0.311922430992126,0.0306647177785635,-0.159477427601814,0.29646697640419,-0.312021881341934,0.296831607818604,-0.311922430992126,0.0987663641571999,0.414307653903961,0.296692073345184,-0.311964303255081,0.030775161460042,-0.159477174282074,0.0306647177785635,-0.159477427601814,0.296692073345184,-0.311964303255081,0.0993311852216721,0.414610236883163,0.296372622251511,-0.312074512243271,0.29646697640419,-0.312021881341934,0.030775161460042,-0.159477174282074,0.296372622251511,-0.312074482440948,0.099477656185627,0.414619415998459
8.11060047149658,0.0995348617434502,0.41463777422905,0.296619832515717,-0.312031000852585,0.0305752325803041,-0.159406766295433,0.296254992485046,-0.312130331993103,0.296619832515717,-0.312031000852585,0.099218875169754,0.414432764053345,0.296480268239975,-0.312072783708572,0.0306856278330088,-0.159406617283821,0.0305752325803041,-0.159406766295433,0.296480268239975,-0.312072783708572,0.0997837334871292,0.414734780788422,0.296160608530045,-0.312182903289795,0.296255022287369,-0.312130331993103,0.0306856278330088,-0.159406617283821,0.296160608530045,-0.312182903289795,0.0999301820993423,0.414743810892105
8.1112003326416,0.099987231194973,0.414762139320374,0.296407669782639,-0.312139719724655,0.0304858256131411,-0.159336090087891,0.296042948961258,-0.31223863363266,0.296407669782639,-0.312139719724655,0.0996712222695351,0.41455739736557,0.296268075704575,-0.312181383371353,0.0305961724370718,-0.159336045384407,0.0304858256131411,-0.159336090087891,0.296268075704575,-0.312181383371353,0.100236013531685,0.414858907461166,0.295948535203934,-0.312291115522385,0.296042948961258,-0.31223863363266,0.0305961724370718,-0.159336045384407,0.295948535203934,-0.312291115522385,0.100382439792156,0.414867788553238
8.11180019378662,0.100439429283142,0.414886087179184,0.296195715665817,-0.312247931957245,0.0303965695202351,-0.159265369176865,0.295830965042114,-0.312346607446671,0.296195715665817,-0.312247931957245,0.10012348741293,0.414681613445282,0.296055972576141,-0.312289655208588,0.0305069424211979,-0.159265413880348,0.0303965695202351,-0.159265369176865,0.296055972576141,-0.312289655208588,0.100688420236111,0.414982587099075,0.29573667049408,-0.312398850917816,0.295830965042114,-0.312346607446671,0.0305069424211979,-0.159265413880348,0.29573667049408,-0.312398850917816,0.10083481669426,0.414991319179535
8.11240005493164,0.100891657173634,0.415009617805481,0.295983582735062,-0.312356144189835,0.0303075425326824,-0.159194603562355,0.295618772506714,-0.312454521656036,0.295983582735062,-0.312356144189835,0.100575789809227,0.414805382490158,0.295843929052353,-0.312397569417953,0.0304177924990654,-0.159194782376289,0.0303075425326824,-0.159194603562355,0.295843929052353,-0.312397569417953,0.101140655577183,0.415105879306793,0.295524418354034,-0.312506675720215,0.295618772506714,-0.312454521656036,0.0304177924990654,-0.159194782376289,0.295524418354034,-0.312506675720215,0.101287014782429,0.415114432573318
8.11299991607666,0.101343706250191,0.415132701396942,0.295771479606628,-0.312463998794556,0.0302185919135809,-0.159123823046684,0.29540678858757,-0.312561988830566,0.295771479606628,-0.312463998794556,0.101028017699718,0.414928764104843,0.295631676912308,-0.312505483627319,0.03032879345119,-0.159124106168747,0.0302185919135809,-0.159123823046684,0.295631676912308,-0.312505483627319,0.101592808961868,0.415228754281998,0.295312374830246,-0.312614053487778,0.29540678858757,-0.312561988830566,0.03032879345119,-0.159124106168747,0.295312374830246,-0.312614053487778,0.101739153265953,0.415237158536911
8.11359977722168,0.10179577767849,0.41525536775589,0.295559197664261,-0.312571853399277,0.0301297958940268,-0.159053012728691,0.295194745063782,-0.312669277191162,0.295559197664261,-0.312571853399277,0.101479969918728,0.415051698684692,0.295419663190842,-0.312612920999527,0.0302398707717657,-0.159053385257721,0.0301297958940268,-0.159053012728691,0.295419663190842,-0.312612920999527,0.1020447909832,0.415351182222366,0.295100152492523,-0.312721401453018,0.295194745063782,-0.312669277191162,0.0302398707717657,-0.159053385257721,0.295100152492523,-0.312721401453018,0.102191105484962,0.415359437465668
8.1141996383667,0.102247670292854,0.415377616882324,0.295347094535828,-0.312679171562195,0.0300410725176334,-0.158982172608376,0.294982463121414,-0.312776476144791,0.295347094535828,-0.312679171562195,0.101931937038898,0.415174216032028,0.295207232236862,-0.312720417976379,0.0301510989665985,-0.158982664346695,0.0300410725176334,-0.158982172608376,0.295207232236862,-0.312720417976379,0.102496892213821,0.415473163127899,0.294888019561768,-0.312828421592712,0.294982463121414,-0.312776476144791,0.0301510989665985,-0.158982664346695,0.294888019561768,-0.312828421592712,0.102643080055714,0.415481299161911
8.11480045318604,0.102699488401413,0.415499448776245,0.29513481259346,-0.312786489725113,0.0299525037407875,-0.158911302685738,0.294770419597626,-0.312883287668228,0.29513481259346,-0.312786489725113,0.102383740246296,0.415296345949173,0.294995069503784,-0.312827527523041,0.030062559992075,-0.158911883831024,0.0299525037407875,-0.158911302685738,0.294995069503784,-0.312827527523041,0.102948717772961,0.415594756603241,0.294675767421722,-0.312935262918472,0.294770419597626,-0.312883287668228,0.030062559992075,-0.158911883831024,0.294675767421722,-0.312935262918472,0.103094972670078,0.415602684020996
8.11540031433105,0.103151224553585,0.41562083363533,0.294922560453415,-0.312893480062485,0.0298640877008438,-0.158840402960777,0.294557988643646,-0.31299015879631,0.294922560453415,-0.312893480062485,0.102835558354855,0.415418028831482,0.294782966375351,-0.312934279441833,0.0299740172922611,-0.158841103315353,0.0298640877008438,-0.158840402960777,0.294782966375351,-0.312934279441833,0.103400565683842,0.415715932846069,0.294463455677032,-0.313041895627975,0.294557988643646,-0.31299015879631,0.0299740172922611,-0.158841103315353,0.294463455677032,-0.313041895627975,0.10354670137167,0.415723711252213
8.11600017547607,0.103602707386017,0.415741860866547,0.294710278511047,-0.3130002617836,0.0297757443040609,-0.158769473433495,0.294345796108246,-0.313096463680267,0.294710278511047,-0.3130002617836,0.103287301957607,0.415539264678955,0.294570475816727,-0.313041061162949,0.0298856236040592,-0.158770278096199,0.0297757443040609,-0.158769473433495,0.294570475816727,-0.313041061162949,0.103852339088917,0.415836691856384,0.29425123333931,-0.313148230314255,0.294345796108246,-0.313096463680267,0.0298856236040592,-0.158770278096199,0.29425123333931,-0.313148230314255,0.103998340666294,0.415844321250916
8.11660003662109,0.104054473340511,0.41586235165596,0.294497907161713,-0.313106864690781,0.0296875555068254,-0.158698529005051,0.294133543968201,-0.313202738761902,0.294497907161713,-0.313106864690781,0.103738963603973,0.415660113096237,0.29435807466507,-0.31314754486084,0.0297973863780499,-0.158699423074722,0.0296875555068254,-0.158698529005051,0.29435807466507,-0.31314754486084,0.104303918778896,0.415957003831863,0.29403892159462,-0.313254356384277,0.294133543968201,-0.313202738761902,0.0297973863780499,-0.158699423074722,0.29403892159462,-0.313254356384277,0.10445000231266,0.415964484214783
8.11719989776611,0.104505784809589,0.41598254442215,0.294285595417023,-0.31321319937706,0.0295995157212019,-0.158627539873123,0.293921202421188,-0.313308745622635,0.294285595417023,-0.31321319937706,0.104190543293953,0.415780514478683,0.29414576292038,-0.313253790140152,0.0297093000262976,-0.158628538250923,0.0295995157212019,-0.158627539873123,0.29414576292038,-0.313253790140152,0.104755416512489,0.416076958179474,0.293826580047607,-0.313360303640366,0.293921202421188,-0.313308745622635,0.0297093000262976,-0.158628538250923,0.293826580047607,-0.313360303640366,0.104901567101479,0.416084200143814
8.11779975891113,0.104957185685635,0.416102260351181,0.294073134660721,-0.313319355249405,0.0295116323977709,-0.158556506037712,0.293708860874176,-0.313414573669434,0.294073134660721,-0.313319355249405,0.10464183986187,0.415900558233261,0.293933272361755,-0.313359826803207,0.0296213664114475,-0.158557623624802,0.0295116323977709,-0.158556506037712,0.293933272361755,-0.313359826803207,0.105207033455372,0.416196405887604,0.293614208698273,-0.313466042280197,0.293708860874176,-0.313414573669434,0.0296213664114475,-0.158557623624802,0.293614208698273,-0.313466042280197,0.105352863669395,0.416203588247299
8.11839962005615,0.105408325791359,0.416221588850021,0.293860793113708,-0.313425272703171,0.0294238217175007,-0.15848545730114,0.293496519327164,-0.313520103693008,0.293860793113708,-0.313425272703171,0.1050930544734,0.416020154953003,0.293720901012421,-0.313465625047684,0.0295335091650486,-0.158486679196358,0.0294238217175007,-0.15848545730114,0.293720901012421,-0.313465625047684,0.105658166110516,0.416315466165543,0.293401747941971,-0.313571512699127,0.293496519327164,-0.313520103693008,0.0295335091650486,-0.158486679196358,0.293401747941971,-0.313571512699127,0.10580425709486,0.416322439908981
8.11900043487549,0.105859570205212,0.416340440511703,0.293648272752762,-0.313530951738358,0.0293362028896809,-0.158414393663406,0.293284028768539,-0.313625484704971,0.293648272752762,-0.313531011343002,0.10554438829422,0.416139304637909,0.293508440256119,-0.313571214675903,0.0294458046555519,-0.158415719866753,0.0293362028896809,-0.158414393663406,0.293508440256119,-0.313571214675903,0.106109611690044,0.416434079408646,0.293189316987991,-0.313676804304123,0.293284028768539,-0.313625514507294,0.0294458046555519,-0.158415719866753,0.293189316987991,-0.313676774501801,0.106255576014519,0.416440904140472
8.11960029602051,0.106310918927193,0.41645884513855,0.293435841798782,-0.31363645195961,0.029248658567667,-0.158343300223351,0.293071657419205,-0.313730657100677,0.293435841798782,-0.313636481761932,0.105995632708073,0.416258007287979,0.293295860290527,-0.313676565885544,0.029358247295022,-0.158344715833664,0.029248658567667,-0.158343300223351,0.293295860290527,-0.313676565885544,0.106560774147511,0.416552364826202,0.292976886034012,-0.31378185749054,0.293071657419205,-0.313730657100677,0.029358247295022,-0.158344715833664,0.292976886034012,-0.31378185749054,0.106706611812115,0.416558980941772
8.12020015716553,0.106761783361435,0.41657692193985,0.293223321437836,-0.313741713762283,0.0291613042354584,-0.158272162079811,0.29285916686058,-0.313835591077805,0.293223321437836,-0.313741743564606,0.106446586549282,0.416376322507858,0.293083339929581,-0.313781708478928,0.0292707718908787,-0.158273696899414,0.0291613042354584,-0.158272162079811,0.293083339929581,-0.313781708478928,0.107011839747429,0.416670113801956,0.292764365673065,-0.313886672258377,0.29285916686058,-0.313835591077805,0.0292707718908787,-0.158273696899414,0.292764365673065,-0.313886672258377,0.107157558202744,0.416676670312881
8.12080001831055,0.107212565839291,0.416694581508636,0.293010741472244,-0.3138467669487,0.029074028134346,-0.15820100903511,0.292646706104279,-0.31394025683403,0.293010741472244,-0.3138467669487,0.1068976521492,0.416494190692902,0.292870759963989,-0.313886672258377,0.0291834827512503,-0.158202648162842,0.029074028134346,-0.15820100903511,0.292870759963989,-0.313886672258377,0.107462823390961,0.416787534952164,0.292551845312119,-0.313991338014603,0.292646706104279,-0.313940286636353,0.0291834827512503,-0.158202648162842,0.292551845312119,-0.313991338014603,0.107608407735825,0.416793942451477
8.12139987945557,0.107663467526436,0.416811794042587,0.292798191308975,-0.313951581716537,0.0289869010448456,-0.158129841089249,0.29243415594101,-0.314044743776321,0.292798191308975,-0.313951581716537,0.107348427176476,0.416611731052399,0.292658239603043,-0.313991397619247,0.0290963053703308,-0.158131569623947,0.0289868991822004,-0.158129826188087,0.292658239603043,-0.313991397619247,0.107913717627525,0.416904479265213,0.292339295148849,-0.314095705747604,0.29243415594101,-0.314044743776321,0.0290963053703308,-0.158131569623947,0.292339295148849,-0.314095705747604,0.108059383928776,0.416910737752914
8.12199974060059,0.108114264905453,0.41692852973938,0.292585521936417,-0.314056187868118,0.0288999266922474,-0.158058643341064,0.292221546173096,-0.314149022102356,0.292585521936417,-0.314056187868118,0.10779932141304,0.416728794574738,0.292445629835129,-0.314095824956894,0.0290092416107655,-0.158060476183891,0.0288999248296022,-0.158058628439903,0.292445629835129,-0.314095824956894,0.108364321291447,0.417021095752716,0.292126655578613,-0.314199894666672,0.292221546173096,-0.314149022102356,0.0290092416107655,-0.158060476183891,0.292126655578613,-0.314199864864349,0.108510047197342,0.417027175426483
8.12259960174561,0.108564771711826,0.417044937610626,0.29237288236618,-0.314160585403442,0.0288130268454552,-0.157987400889397,0.292009025812149,-0.314253062009811,0.29237288236618,-0.314160585403442,0.108249932527542,0.416845470666885,0.29223296046257,-0.314200103282928,0.0289222933351994,-0.157989338040352,0.0288130268454552,-0.157987400889397,0.29223296046257,-0.314200103282928,0.108815230429173,0.417137145996094,0.291914075613022,-0.31430384516716,0.292009025812149,-0.314253062009811,0.0289222933351994,-0.157989338040352,0.291914075613022,-0.31430384516716,0.108960814774036,0.417143076658249
8.12320041656494,0.109015196561813,0.417160898447037,0.292160242795944,-0.314264744520187,0.0287263169884682,-0.157916128635406,0.291796416044235,-0.31435689330101,0.292160242795944,-0.314264744520187,0.108700640499592,0.416961640119553,0.292020261287689,-0.314304172992706,0.0288355331867933,-0.157918184995651,0.0287263169884682,-0.157916128635406,0.292020261287689,-0.314304172992706,0.109265834093094,0.417252898216248,0.291701465845108,-0.314407587051392,0.291796416044235,-0.31435689330101,0.0288355331867933,-0.157918184995651,0.291701465845108,-0.314407587051392,0.109411314129829,0.417258650064468
8.12380027770996,0.109465718269348,0.417276442050934,0.291947573423386,-0.314368665218353,0.0286397188901901,-0.157844856381416,0.291583746671677,-0.314460456371307,0.291947573423386,-0.314368665218353,0.109151042997837,0.417077481746674,0.291807591915131,-0.314408004283905,0.0287488475441933,-0.157847002148628,0.0286397188901901,-0.157844856381416,0.291807591915131,-0.314408004283905,0.109716363251209,0.417368203401566,0.291488736867905,-0.314511090517044,0.291583746671677,-0.314460456371307,0.0287488475441933,-0.157847002148628,0.291488736867905,-0.314511090517044,0.10986190289259,0.417373806238174
8.12440013885498,0.109916143119335,0.417391538619995,0.291734844446182,-0.314472377300262,0.028553232550621,-0.157773524522781,0.291370987892151,-0.314563870429993,0.291734844446182,-0.314472407102585,0.109601385891438,0.417192876338959,0.291594803333282,-0.314511597156525,0.0286623518913984,-0.157775789499283,0.028553232550621,-0.157773524522781,0.291594803333282,-0.314511597156525,0.110166795551777,0.41748309135437,0.291276067495346,-0.31461438536644,0.291370987892151,-0.314563870429993,0.0286623518913984,-0.157775789499283,0.291276067495346,-0.31461438536644,0.110312193632126,0.417488545179367
8.125,0.11036628484726,0.417506247758865,0.291522055864334,-0.314575910568237,0.0284668616950512,-0.157702192664146,0.291158348321915,-0.314667046070099,0.291522055864334,-0.314575910568237,0.110051810741425,0.417307823896408,0.291382074356079,-0.314614981412888,0.0285759307444096,-0.157704547047615,0.0284668616950512,-0.157702192664146,0.291382074356079,-0.314614981412888,0.110616929829121,0.417597621679306,0.291063278913498,-0.314717471599579,0.291158348321915,-0.314667046070099,0.0285759307444096,-0.157704547047615,0.291063278913498,-0.314717471599579,0.110762394964695,0.417602896690369
8.12559986114502,0.110816523432732,0.4176205098629,0.291309297084808,-0.314679205417633,0.0283807143568993,-0.157630816102028,0.290945619344711,-0.314769983291626,0.291309297084808,-0.314679205417633,0.110501736402512,0.417422473430634,0.291169285774231,-0.314718157052994,0.0284896586090326,-0.157633289694786,0.0283806771039963,-0.157630831003189,0.291169285774231,-0.314718157052994,0.111067362129688,0.417711615562439,0.290850520133972,-0.314820349216461,0.290945619344711,-0.314769983291626,0.0284896586090326,-0.157633289694786,0.290850520133972,-0.314820349216461,0.111212491989136,0.417716801166534
8.12619972229004,0.111266657710075,0.417734354734421,0.291096448898315,-0.314782232046127,0.0282945670187473,-0.157559424638748,0.290732830762863,-0.314872741699219,0.291096448898315,-0.314782232046127,0.110951967537403,0.417536586523056,0.290956407785416,-0.314821124076843,0.0284035373479128,-0.157561972737312,0.0282945670187473,-0.157559424638748,0.290956407785416,-0.314821124076843,0.111517295241356,0.417825311422348,0.290637791156769,-0.314922988414764,0.290732830762863,-0.314872741699219,0.0284035392105579,-0.157561987638474,0.290637761354446,-0.314922958612442,0.111662499606609,0.417830318212509
8.12679958343506,0.1117163002491,0.417847901582718,0.290883630514145,-0.314885079860687,0.0282086469233036,-0.157488003373146,0.29052010178566,-0.31497523188591,0.290883630514145,-0.314885079860687,0.111402109265327,0.417650312185287,0.290743559598923,-0.314923852682114,0.0283174924552441,-0.157490655779839,0.0282086469233036,-0.157488003373146,0.290743559598923,-0.314923852682114,0.111967340111732,0.417938500642776,0.290424942970276,-0.315025389194489,0.29052010178566,-0.31497523188591,0.0283174924552441,-0.157490655779839,0.290424942970276,-0.315025389194489,0.112112604081631,0.417943358421326
8.12740039825439,0.112166248261929,0.417960941791534,0.290670812129974,-0.314987689256668,0.028122803196311,-0.157416567206383,0.290307253599167,-0.315077513456345,0.290670812129974,-0.314987689256668,0.111851952970028,0.417763650417328,0.290530651807785,-0.315026372671127,0.0282315984368324,-0.157419323921204,0.028122803196311,-0.157416567206383,0.290530651807785,-0.315026372671127,0.11241726577282,0.418051362037659,0.290212124586105,-0.315127611160278,0.290307253599167,-0.315077513456345,0.0282315984368324,-0.157419323921204,0.290212124586105,-0.315127611160278,0.112562611699104,0.418055981397629
8.12800025939941,0.112616091966629,0.418073534965515,0.290457934141159,-0.315090119838715,0.0280371066182852,-0.157345086336136,0.290094405412674,-0.315179586410522,0.290457934141159,-0.315090119838715,0.112301893532276,0.41787651181221,0.290317803621292,-0.315128654241562,0.0281458534300327,-0.157347962260246,0.0280371066182852,-0.157345086336136,0.290317803621292,-0.315128654241562,0.11286710947752,0.418163746595383,0.28999924659729,-0.315229564905167,0.290094405412674,-0.315179586410522,0.0281458534300327,-0.157347962260246,0.28999924659729,-0.315229564905167,0.113012306392193,0.418168306350708
8.12860012054443,0.113065622746944,0.418185830116272,0.290245056152344,-0.315192312002182,0.0279515236616135,-0.157273590564728,0.289881557226181,-0.315281450748444,0.290245056152344,-0.315192312002182,0.112751327455044,0.417989104986191,0.29010483622551,-0.31523072719574,0.028060257434845,-0.157276555895805,0.0279515236616135,-0.157273590564728,0.29010483622551,-0.31523072719574,0.11331682652235,0.418275743722916,0.289786368608475,-0.315331339836121,0.289881557226181,-0.315281450748444,0.028060257434845,-0.157276555895805,0.289786368608475,-0.315331339836121,0.11346210539341,0.418280065059662
8.12919998168945,0.113515257835388,0.418297618627548,0.290032058954239,-0.31529426574707,0.027866093441844,-0.157202064990997,0.289668649435043,-0.315383076667786,0.290032058954239,-0.31529426574707,0.113201268017292,0.418101102113724,0.289891868829727,-0.315332591533661,0.0279747378081083,-0.157205149531364,0.027866093441844,-0.157202064990997,0.289891868829727,-0.315332591533661,0.113766476511955,0.418387323617935,0.289573431015015,-0.315432906150818,0.289668649435043,-0.315383076667786,0.0279747378081083,-0.157205149531364,0.289573431015015,-0.315432906150818,0.113911606371403,0.418391525745392
8.12979984283447,0.113964788615704,0.418408989906311,0.289819061756134,-0.315396010875702,0.0277807749807835,-0.157130539417267,0.289455771446228,-0.315484523773193,0.289819061756134,-0.315396010875702,0.113650694489479,0.418212801218033,0.289678871631622,-0.315434217453003,0.0278893690556288,-0.15713369846344,0.0277807731181383,-0.157130524516106,0.289678871631622,-0.315434217453003,0.114215992391109,0.418498486280441,0.289360493421555,-0.315534234046936,0.289455771446228,-0.315484523773193,0.0278893690556288,-0.15713369846344,0.289360493421555,-0.315534234046936,0.114361189305782,0.418502509593964
8.13039970397949,0.114414222538471,0.418519973754883,0.289606153964996,-0.315497577190399,0.0276956055313349,-0.157058954238892,0.289242774248123,-0.3155857026577,0.289606153964996,-0.315497577190399,0.114100031554699,0.418324083089828,0.289465844631195,-0.315535634756088,0.0278041530400515,-0.157062232494354,0.0276956055313349,-0.157058954238892,0.289465874433517,-0.315535634756088,0.114665411412716,0.418609231710434,0.289147466421127,-0.315635353326797,0.289242774248123,-0.315585672855377,0.0278041530400515,-0.157062232494354,0.289147466421127,-0.315635323524475,0.114810481667519,0.418613135814667
8.13099956512451,0.11486354470253,0.418630540370941,0.289393156766891,-0.315598845481873,0.0276105478405952,-0.156987369060516,0.289029806852341,-0.315686643123627,0.289393067359924,-0.315598875284195,0.114549458026886,0.418434917926788,0.289252817630768,-0.315636843442917,0.0277190059423447,-0.156990751624107,0.0276105478405952,-0.156987369060516,0.289252817630768,-0.315636843442917,0.115114733576775,0.418719589710236,0.288934499025345,-0.31573623418808,0.289029806852341,-0.315686643123627,0.0277190059423447,-0.156990751624107,0.288934499025345,-0.31573623418808,0.115259855985641,0.418723285198212
8.13160037994385,0.115312553942204,0.418740719556808,0.289180070161819,-0.315699934959412,0.0275256391614676,-0.156915739178658,0.288816869258881,-0.315787434577942,0.289180070161819,-0.315699934959412,0.114998579025269,0.418545365333557,0.289039820432663,-0.315737783908844,0.0276340115815401,-0.156919240951538,0.0275256391614676,-0.156915739178658,0.289039820432663,-0.315737813711166,0.115564130246639,0.418829470872879,0.288721442222595,-0.315836906433105,0.288816869258881,-0.315787434577942,0.0276340115815401,-0.156919240951538,0.28872150182724,-0.315836876630783,0.11570893228054,0.41883310675621
8.13220024108887,0.115761667490005,0.41885045170784,0.288966953754425,-0.315800815820694,0.0274408459663391,-0.156844109296799,0.288603842258453,-0.315887957811356,0.288966953754425,-0.315800815820694,0.115447588264942,0.418655425310135,0.288826644420624,-0.315838575363159,0.0275491662323475,-0.156847700476646,0.0274408459663391,-0.156844109296799,0.288826644420624,-0.315838575363159,0.116013243794441,0.418939024209976,0.28850844502449,-0.315937340259552,0.288603842258453,-0.315887957811356,0.0275491662323475,-0.156847700476646,0.28850844502449,-0.315937340259552,0.116158097982407,0.418942451477051
8.13280010223389,0.116210676729679,0.41895979642868,0.288753896951675,-0.31590148806572,0.0273561608046293,-0.156772434711456,0.288390755653381,-0.315988302230835,0.288753896951675,-0.31590148806572,0.115896888077259,0.41876494884491,0.288613587617874,-0.315939158201218,0.0274644698947668,-0.156776130199432,0.0273561608046293,-0.156772434711456,0.288613587617874,-0.315939158201218,0.116462215781212,0.419048100709915,0.288295358419418,-0.316037595272064,0.288390755653381,-0.315988302230835,0.0274644698947668,-0.156776130199432,0.288295358419418,-0.316037595272064,0.116607151925564,0.419051378965378
8.13339996337891,0.116659566760063,0.419068723917007,0.288540750741959,-0.316001921892166,0.0272716265171766,-0.156700745224953,0.288177698850632,-0.31608834862709,0.288540750741959,-0.316001921892166,0.116345889866352,0.418874144554138,0.288400441408157,-0.316039472818375,0.0273798462003469,-0.156704530119896,0.0272716265171766,-0.156700745224953,0.288400441408157,-0.316039472818375,0.116911105811596,0.419156819581985,0.288082212209702,-0.316137582063675,0.288177698850632,-0.31608834862709,0.0273798462003469,-0.156704530119896,0.288082212209702,-0.316137582063675,0.117055892944336,0.419159978628159
8.13399982452393,0.117108143866062,0.419177293777466,0.288327574729919,-0.316102117300034,0.027187205851078,-0.156629025936127,0.28796461224556,-0.316188246011734,0.288327574729919,-0.316102117300034,0.11679457873106,0.418982982635498,0.288187235593796,-0.31613951921463,0.0272953771054745,-0.156632930040359,0.027187205851078,-0.156629025936127,0.288187235593796,-0.31613951921463,0.117360077798367,0.41926509141922,0.287869155406952,-0.316237419843674,0.28796461224556,-0.316188246011734,0.0272953771054745,-0.156632930040359,0.287869155406952,-0.316237419843674,0.117504730820656,0.419268131256104
8.13459968566895,0.117557004094124,0.419285356998444,0.28811439871788,-0.316202133893967,0.0271029323339462,-0.156557306647301,0.287751495838165,-0.316287934780121,0.288114428520203,-0.316202133893967,0.117243357002735,0.4190913438797,0.287974119186401,-0.316239416599274,0.0272110532969236,-0.156561285257339,0.0271029323339462,-0.156557306647301,0.287974119186401,-0.316239446401596,0.117808729410172,0.419373005628586,0.28765594959259,-0.316336959600449,0.287751495838165,-0.316287934780121,0.0272110532969236,-0.156561285257339,0.28765594959259,-0.316336959600449,0.117953449487686,0.41937580704689
8.13519954681396,0.118005566298962,0.419393062591553,0.287901222705841,-0.316301912069321,0.0270187743008137,-0.156485542654991,0.287538349628448,-0.316387385129929,0.287901222705841,-0.316301912069321,0.117691814899445,0.419199407100677,0.287760943174362,-0.316339105367661,0.0271268021315336,-0.156489625573158,0.0270187743008137,-0.156485542654991,0.287760943174362,-0.316339105367661,0.118257276713848,0.419480502605438,0.287442803382874,-0.316436350345612,0.287538349628448,-0.316387385129929,0.0271268021315336,-0.156489625573158,0.287442803382874,-0.316436350345612,0.118402056396008,0.419483125209808
8.1358003616333,0.118454001843929,0.419500350952148,0.287687987089157,-0.316401481628418,0.0269347224384546,-0.15641376376152,0.287325173616409,-0.316486597061157,0.287687987089157,-0.316401481628418,0.118140369653702,0.419306933879852,0.287547677755356,-0.316438555717468,0.027042705565691,-0.156417950987816,0.0269347224384546,-0.15641376376152,0.287547677755356,-0.316438555717468,0.118705898523331,0.419587522745132,0.287229597568512,-0.316535472869873,0.287325173616409,-0.316486597061157,0.027042705565691,-0.156417950987816,0.287229597568512,-0.316535472869873,0.118850544095039,0.419590026140213
8.13640022277832,0.118902117013931,0.419607311487198,0.287474781274796,-0.316500812768936,0.0268508214503527,-0.156341955065727,0.28711199760437,-0.316585600376129,0.287474781274796,-0.316500812768936,0.118588790297508,0.419414073228836,0.287334382534027,-0.316537767648697,0.02695875428617,-0.15634623169899,0.0268508214503527,-0.156341955065727,0.287334382534027,-0.316537767648697,0.119154416024685,0.419694125652313,0.287016421556473,-0.3166344165802,0.28711199760437,-0.316585600376129,0.02695875428617,-0.15634623169899,0.287016421556473,-0.3166344165802,0.119298726320267,0.419696629047394
8.13700008392334,0.119350537657738,0.419713735580444,0.287261486053467,-0.316599935293198,0.0267670340836048,-0.156270116567612,0.286898761987686,-0.316684395074844,0.287261486053467,-0.316599935293198,0.119037114083767,0.419520825147629,0.287121117115021,-0.316636800765991,0.026874952018261,-0.156274512410164,0.0267670340836048,-0.156270116567612,0.287121117115021,-0.316636800765991,0.119602620601654,0.419800460338593,0.286803126335144,-0.316733121871948,0.286898761987686,-0.316684395074844,0.026874952018261,-0.156274512410164,0.286803126335144,-0.316733121871948,0.119747176766396,0.419802635908127
8.13759994506836,0.119798623025417,0.419819802045822,0.28704822063446,-0.316698849201202,0.0266833938658237,-0.156198263168335,0.286685526371002,-0.316782981157303,0.28704822063446,-0.316698849201202,0.119485333561897,0.419627219438553,0.286907821893692,-0.316735595464706,0.0267912242561579,-0.156202763319016,0.0266833938658237,-0.156198263168335,0.286907821893692,-0.316735595464706,0.120050691068172,0.419906318187714,0.286589950323105,-0.31683161854744,0.286685526371002,-0.316782981157303,0.0267912242561579,-0.156202763319016,0.286589950323105,-0.31683161854744,0.12019532173872,0.419908314943314
8.13819980621338,0.120246611535549,0.419925510883331,0.286834895610809,-0.31679755449295,0.0265998635441065,-0.156126394867897,0.286472260951996,-0.316881358623505,0.286834895610809,-0.31679755449295,0.119933612644672,0.419733047485352,0.286694467067719,-0.316834151744843,0.0267076455056667,-0.156130999326706,0.0265998635441065,-0.156126394867897,0.286694467067719,-0.316834151744843,0.120498850941658,0.420011729001999,0.286376625299454,-0.316929876804352,0.286472260951996,-0.316881358623505,0.0267076455056667,-0.156130999326706,0.286376625299454,-0.316929847002029,0.120643347501755,0.420013606548309
8.1387996673584,0.120694667100906,0.420030742883682,0.286621540784836,-0.316895991563797,0.0265164859592915,-0.156054496765137,0.286258965730667,-0.316979497671127,0.286621540784836,-0.316895991563797,0.120381593704224,0.419838577508926,0.286481142044067,-0.316932499408722,0.0266242157667875,-0.156059190630913,0.0265164859592915,-0.156054496765137,0.286481142044067,-0.316932499408722,0.120946899056435,0.420116752386093,0.286163300275803,-0.31702795624733,0.286258965730667,-0.316979497671127,0.0266242157667875,-0.156059190630913,0.286163300275803,-0.317027926445007,0.121091246604919,0.420118510723114
8.13939952850342,0.121142394840717,0.420135617256165,0.28640815615654,-0.316994249820709,0.0264332164078951,-0.155982583761215,0.286045700311661,-0.317077428102493,0.28640815615654,-0.316994249820709,0.120829246938229,0.419943809509277,0.286267727613449,-0.317030668258667,0.026540856808424,-0.155987367033958,0.0264332164078951,-0.155982583761215,0.286267727613449,-0.317030668258667,0.121394827961922,0.420221358537674,0.285950005054474,-0.317125767469406,0.286045700311661,-0.317077428102493,0.026540856808424,-0.155987367033958,0.285950005054474,-0.317125737667084,0.121539033949375,0.420222997665405
8.14000034332275,0.1215900182724,0.420240104198456,0.286194801330566,-0.317092269659042,0.0263500604778528,-0.155910640954971,0.28583237528801,-0.31717512011528,0.286194801330566,-0.317092269659042,0.121277175843716,0.420048475265503,0.286054313182831,-0.317128568887711,0.0264576505869627,-0.155915543437004,0.0263500604778528,-0.155910640954971,0.286054313182831,-0.317128568887711,0.121842630207539,0.420325577259064,0.2857366502285,-0.317223399877548,0.28583237528801,-0.31717512011528,0.0264576505869627,-0.155915543437004,0.2857366502285,-0.317223399877548,0.121986903250217,0.420327037572861
8.14060020446777,0.122037909924984,0.420344054698944,0.285981446504593,-0.317190110683441,0.0262670498341322,-0.155838698148727,0.285618990659714,-0.31727260351181,0.285981446504593,-0.317190110683441,0.121724992990494,0.420152753591537,0.285840928554535,-0.31722629070282,0.0263745915144682,-0.155843675136566,0.0262670498341322,-0.155838698148727,0.285840928554535,-0.31722629070282,0.12229011207819,0.420429468154907,0.285523235797882,-0.317320793867111,0.285618990659714,-0.31727260351181,0.0263745915144682,-0.155843675136566,0.285523295402527,-0.317320793867111,0.122434444725513,0.42043074965477
8.14120006561279,0.122485287487507,0.420447766780853,0.28576797246933,-0.317287683486938,0.0261841882020235,-0.155766710639,0.285405665636063,-0.317369878292084,0.285768002271652,-0.317287713289261,0.122172474861145,0.420256674289703,0.285627484321594,-0.31732377409935,0.0262916404753923,-0.155771791934967,0.0261841528117657,-0.155766710639,0.285627484321594,-0.31732377409935,0.122737862169743,0.420532792806625,0.285309880971909,-0.31741800904274,0.285405665636063,-0.317369878292084,0.0262916404753923,-0.155771791934967,0.285309851169586,-0.317417979240417,0.122882053256035,0.420533955097198
8.14179992675781,0.122932732105255,0.420551002025604,0.285554498434067,-0.317385047674179,0.0261014029383659,-0.155694708228111,0.285192310810089,-0.3174669444561,0.285554498434067,-0.317385047674179,0.122619844973087,0.420360237360001,0.285414069890976,-0.317421048879623,0.0262088403105736,-0.155699908733368,0.0261013992130756,-0.15569469332695,0.285414069890976,-0.317421048879623,0.12318529933691,0.420635849237442,0.28509646654129,-0.317514926195145,0.285192310810089,-0.3174669444561,0.0262088403105736,-0.155699908733368,0.28509646654129,-0.317514926195145,0.123329542577267,0.420636802911758
8.14239978790283,0.12338025867939,0.420653730630875,0.285341084003448,-0.317482233047485,0.0260187648236752,-0.1556226760149,0.284978866577148,-0.317563742399216,0.285341084003448,-0.317482233047485,0.123067297041416,0.420463293790817,0.285200536251068,-0.317518085241318,0.0261261500418186,-0.155627965927124,0.0260187648236752,-0.1556226760149,0.285200536251068,-0.317518085241318,0.123632803559303,0.420738399028778,0.28488302230835,-0.317611694335938,0.284978866577148,-0.317563742399216,0.0261261500418186,-0.155627965927124,0.28488302230835,-0.317611694335938,0.123776711523533,0.42073929309845
8.14299964904785,0.123827263712883,0.420756250619888,0.285127550363541,-0.317579180002213,0.0259362701326609,-0.155550628900528,0.284765392541885,-0.317660391330719,0.285127550363541,-0.317579180002213,0.123514607548714,0.420565992593765,0.284987062215805,-0.317614912986755,0.0260435696691275,-0.15555602312088,0.0259362701326609,-0.155550628900528,0.284987062215805,-0.317614942789078,0.124079778790474,0.42084065079689,0.284669578075409,-0.317708224058151,0.284765392541885,-0.317660391330719,0.0260435696691275,-0.15555602312088,0.284669578075409,-0.317708224058151,0.124224148690701,0.42084127664566
8.14360046386719,0.124274335801601,0.420858263969421,0.2849141061306,-0.317675888538361,0.025853892788291,-0.155478581786156,0.284551978111267,-0.317756801843643,0.2849141061306,-0.317675888538361,0.123961605131626,0.420668333768845,0.284773528575897,-0.317711561918259,0.0259611029177904,-0.155484080314636,0.025853892788291,-0.155478581786156,0.284773528575897,-0.317711561918259,0.124527238309383,0.420942366123199,0.284456163644791,-0.317804545164108,0.284551978111267,-0.317756772041321,0.0259611383080482,-0.155484080314636,0.284456163644791,-0.317804545164108,0.124671071767807,0.420942962169647
8.14420032501221,0.12472128868103,0.420959919691086,0.284700512886047,-0.317772448062897,0.0257716216146946,-0.1554064899683,0.284338504076004,-0.317852973937988,0.284700512886047,-0.317772448062897,0.124408677220345,0.420770168304443,0.284559994935989,-0.317807972431183,0.025878818705678,-0.155412077903748,0.0257716216146946,-0.1554064899683,0.284559994935989,-0.317807972431183,0.12497416883707,0.421043783426285,0.284242570400238,-0.317900627851486,0.284338504076004,-0.317852973937988,0.025878818705678,-0.155412077903748,0.284242570400238,-0.317900627851486,0.125118061900139,0.421044200658798
8.14480018615723,0.125168099999428,0.421061128377914,0.284487009048462,-0.317868709564209,0.025689497590065,-0.155334398150444,0.284125000238419,-0.317948937416077,0.284487009048462,-0.317868709564209,0.124855607748032,0.420871704816818,0.284346401691437,-0.317904144525528,0.0257966071367264,-0.155340060591698,0.025689497590065,-0.155334398150444,0.284346401691437,-0.317904144525528,0.125421166419983,0.421144753694534,0.284029096364975,-0.31799653172493,0.284125059843063,-0.317948937416077,0.0257966071367264,-0.155340060591698,0.284029096364975,-0.31799653172493,0.12556491792202,0.421145081520081
8.14540004730225,0.125614985823631,0.421161890029907,0.284273445606232,-0.317964792251587,0.0256074834614992,-0.155262261629105,0.283911526203156,-0.318044662475586,0.284273445606232,-0.317964822053909,0.125302419066429,0.420972764492035,0.284132897853851,-0.318000108003616,0.0257145445793867,-0.155268043279648,0.0256074834614992,-0.155262261629105,0.284132897853851,-0.318000108003616,0.125867828726768,0.421245396137238,0.283815562725067,-0.318092167377472,0.283911556005478,-0.318044692277908,0.0257145445793867,-0.155268043279648,0.283815562725067,-0.318092167377472,0.12601163983345,0.421245515346527
8.14599990844727,0.126061752438545,0.421262323856354,0.284059822559357,-0.318060666322708,0.0255256220698357,-0.155190110206604,0.283697992563248,-0.318140238523483,0.284059822559357,-0.318060666322708,0.125749304890633,0.421073377132416,0.283919245004654,-0.318095862865448,0.0256325900554657,-0.155195996165276,0.0255256220698357,-0.155190110206604,0.283919245004654,-0.318095862865448,0.126314774155617,0.421345502138138,0.283602029085159,-0.31818762421608,0.283697992563248,-0.318140238523483,0.0256325900554657,-0.155195996165276,0.283602029085159,-0.31818762421608,0.12645822763443,0.42134553194046
8.14659976959229,0.126508176326752,0.421362400054932,0.283846199512482,-0.31815630197525,0.0254438295960426,-0.155117958784103,0.283484429121017,-0.318235546350479,0.283846199512482,-0.31815630197525,0.126195669174194,0.42117378115654,0.283705621957779,-0.318191379308701,0.0255507845431566,-0.155123934149742,0.0254438295960426,-0.155117958784103,0.283705621957779,-0.318191379308701,0.126761391758919,0.421445280313492,0.283388465642929,-0.318282872438431,0.283484429121017,-0.318235546350479,0.0255507845431566,-0.155123934149742,0.283388465642929,-0.318282872438431,0.126905098557472,0.42144513130188
8.1471996307373,0.126954659819603,0.421461939811707,0.283632606267929,-0.318251729011536,0.0253622233867645,-0.15504577755928,0.28327089548111,-0.318330675363541,0.283632606267929,-0.318251729011536,0.126642480492592,0.421273529529572,0.283492028713226,-0.318286716938019,0.0254691261798143,-0.155051857233047,0.0253622233867645,-0.15504577755928,0.283492028713226,-0.318286716938019,0.127207860350609,0.421544671058655,0.283174872398376,-0.31837785243988,0.28327089548111,-0.318330675363541,0.0254691261798143,-0.155051857233047,0.283174872398376,-0.31837785243988,0.12735141813755,0.421544373035431
8.14780044555664,0.127401024103165,0.421561121940613,0.283418983221054,-0.318346947431564,0.0252807270735502,-0.154973566532135,0.283057272434235,-0.318425506353378,0.283418983221054,-0.318346947431564,0.127088770270348,0.421373039484024,0.283278316259384,-0.318381816148758,0.025387542322278,-0.15497975051403,0.0252807270735502,-0.154973566532135,0.283278316259384,-0.318381816148758,0.127654194831848,0.421643644571304,0.282961249351501,-0.318472683429718,0.283057272434235,-0.318425506353378,0.025387542322278,-0.15497975051403,0.282961249351501,-0.318472653627396,0.127797618508339,0.421643227338791
8.14840030670166,0.127847269177437,0.42165994644165,0.283205270767212,-0.318441957235336,0.0251993760466576,-0.154901340603828,0.282843708992004,-0.318520188331604,0.283205270767212,-0.318441957235336,0.127535119652748,0.421472132205963,0.283064693212509,-0.318476676940918,0.0253061037510633,-0.154907628893852,0.0251993760466576,-0.154901340603828,0.283064693212509,-0.318476676940918,0.128100395202637,0.421742260456085,0.282747626304626,-0.318567276000977,0.282843708992004,-0.318520188331604,0.0253061037510633,-0.154907628893852,0.282747626304626,-0.318567276000977,0.128243878483772,0.421741664409637
8.14900016784668,0.128293141722679,0.421758413314819,0.282991677522659,-0.318536758422852,0.0251181367784739,-0.154829099774361,0.282630056142807,-0.318614631891251,0.282991677522659,-0.318536758422852,0.127981141209602,0.421570867300034,0.282850980758667,-0.318571358919144,0.0252248123288155,-0.154835492372513,0.0251181367784739,-0.154829099774361,0.282850980758667,-0.318571358919144,0.128546670079231,0.421840399503708,0.282533943653107,-0.318661630153656,0.282630056142807,-0.318614631891251,0.0252248123288155,-0.154835492372513,0.282533943653107,-0.318661600351334,0.128690004348755,0.421839684247971
8.1496000289917,0.128739103674889,0.421856492757797,0.282777965068817,-0.318631261587143,0.025036970153451,-0.154756844043732,0.28241640329361,-0.318708896636963,0.282777965068817,-0.318631261587143,0.128427237272263,0.421669095754623,0.282637268304825,-0.31866580247879,0.0251435935497284,-0.15476331114769,0.025036970153451,-0.154756844043732,0.282637268304825,-0.31866580247879,0.128992602229118,0.421938270330429,0.282320290803909,-0.318755775690079,0.28241640329361,-0.318708896636963,0.0251435935497284,-0.15476331114769,0.282320290803909,-0.318755775690079,0.129136189818382,0.421937257051468
8.15019989013672,0.129185110330582,0.42195400595665,0.282564222812653,-0.318725645542145,0.0249559469521046,-0.15468455851078,0.282202810049057,-0.318802922964096,0.282564222812653,-0.318725645542145,0.12887316942215,0.421766936779022,0.282423585653305,-0.31876003742218,0.025062520056963,-0.154691129922867,0.0249559469521046,-0.15468455851078,0.282423585653305,-0.31876003742218,0.129438579082489,0.422035574913025,0.282106578350067,-0.318849742412567,0.282202810049057,-0.318802922964096,0.025062520056963,-0.154691129922867,0.282106667757034,-0.318849712610245,0.129581838846207,0.422034531831741
8.15079975128174,0.12963080406189,0.422051280736923,0.282350480556488,-0.318819761276245,0.0248750746250153,-0.154612258076668,0.28198915719986,-0.31889671087265,0.28235051035881,-0.318819791078568,0.129318967461586,0.421864449977875,0.282209843397141,-0.318854063749313,0.0249815937131643,-0.154618918895721,0.0248750746250153,-0.154612258076668,0.282209843397141,-0.318854063749313,0.129884347319603,0.422132551670074,0.281892955303192,-0.318943440914154,0.28198915719986,-0.31889671087265,0.0249815937131643,-0.154618918895721,0.281892955303192,-0.318943440914154,0.130027756094933,0.422131329774857
8.15139961242676,0.13007652759552,0.422148078680038,0.282136708498001,-0.318913638591766,0.0247943475842476,-0.154539942741394,0.281775414943695,-0.318990290164948,0.282136708498001,-0.318913638591766,0.129764765501022,0.421961516141891,0.281996011734009,-0.318947851657867,0.0249007809907198,-0.154546707868576,0.0247943475842476,-0.154539942741394,0.281996011734009,-0.318947851657867,0.130330175161362,0.422229140996933,0.281679183244705,-0.319036930799484,0.281775414943695,-0.318990290164948,0.0249007809907198,-0.154546707868576,0.281679183244705,-0.319036930799484,0.130473330616951,0.422227799892426
8.15200042724609,0.130522042512894,0.422244489192963,0.281922936439514,-0.319007366895676,0.0247136931866407,-0.154467597603798,0.281561702489853,-0.319083660840988,0.281922936439514,-0.319007366895676,0.130210399627686,0.422058165073395,0.281782239675522,-0.319041430950165,0.0248201098293066,-0.154474467039108,0.0247136931866407,-0.154467597603798,0.281782239675522,-0.319041430950165,0.13077574968338,0.422325372695923,0.281465530395508,-0.319130212068558,0.281561702489853,-0.319083660840988,0.0248201098293066,-0.154474467039108,0.281465530395508,-0.319130212068558,0.130918964743614,0.422323822975159
8.15260028839111,0.130967408418655,0.422340512275696,0.28170919418335,-0.319100856781006,0.0246331859380007,-0.154395252466202,0.281347990036011,-0.319176822900772,0.28170919418335,-0.319100856781006,0.130655780434608,0.422154486179352,0.281568497419357,-0.319134801626205,0.0247395504266024,-0.154402211308479,0.0246331859380007,-0.154395252466202,0.281568497419357,-0.319134801626205,0.131221190094948,0.422421127557755,0.281251728534698,-0.319223284721375,0.281347990036011,-0.319176822900772,0.0247395504266024,-0.154402211308479,0.281251728534698,-0.319223284721375,0.131364449858665,0.422419488430023
8.15320014953613,0.131412819027901,0.422436118125916,0.281495362520218,-0.319194108247757,0.0245528239756823,-0.154322877526283,0.281134247779846,-0.319269746541977,0.281495362520218,-0.319194108247757,0.131101250648499,0.422250390052795,0.281354665756226,-0.319227963685989,0.0246590655297041,-0.154329940676689,0.0245528239756823,-0.154322877526283,0.281354665756226,-0.319227963685989,0.131666570901871,0.422516494989395,0.281038016080856,-0.319316148757935,0.281134247779846,-0.319269746541977,0.0246590655297041,-0.154329940676689,0.281038016080856,-0.319316118955612,0.131809696555138,0.422514736652374
8.15380001068115,0.131857991218567,0.422531336545944,0.281281501054764,-0.319287151098251,0.0244725700467825,-0.154250487685204,0.280920505523682,-0.319362491369247,0.281281501054764,-0.319287151098251,0.131546571850777,0.422345906496048,0.281140834093094,-0.319320887327194,0.0245787594467402,-0.154257655143738,0.0244725700467825,-0.154250487685204,0.281140834093094,-0.319320887327194,0.132111832499504,0.422611504793167,0.280824244022369,-0.319408774375916,0.280920505523682,-0.319362491369247,0.0245787594467402,-0.154257655143738,0.280824244022369,-0.319408774375916,0.132254913449287,0.422609567642212
8.15439987182617,0.132303148508072,0.422626197338104,0.281067758798599,-0.319379985332489,0.0243924278765917,-0.154178097844124,0.280706733465195,-0.319455027580261,0.281067758798599,-0.319379985332489,0.131991729140282,0.422440946102142,0.28092697262764,-0.319413632154465,0.0244986023753881,-0.154185339808464,0.0243924278765917,-0.154178097844124,0.280927002429962,-0.319413661956787,0.132557034492493,0.422706127166748,0.28061044216156,-0.319501221179962,0.280706733465195,-0.319454997777939,0.0244986023753881,-0.154185339808464,0.28061044216156,-0.31950119137764,0.132699966430664,0.422704041004181
8.15499973297119,0.132748037576675,0.422720640897751,0.280853897333145,-0.319472581148148,0.0243124309927225,-0.154105663299561,0.280492931604385,-0.319547295570374,0.280853897333145,-0.319472581148148,0.132436752319336,0.422535687685013,0.280713081359863,-0.319506138563156,0.024418480694294,-0.154113009572029,0.0243124309927225,-0.154105663299561,0.280713081359863,-0.319506138563156,0.133002102375031,0.422800302505493,0.280396550893784,-0.31959342956543,0.280492931604385,-0.319547295570374,0.0244185160845518,-0.154113009572029,0.280396550893784,-0.31959342956543,0.133144974708557,0.422798067331314
8.15559959411621,0.133192986249924,0.422814697027206,0.280640035867691,-0.319564998149872,0.024232542142272,-0.154033213853836,0.280279099941254,-0.319639354944229,0.280640035867691,-0.319564998149872,0.132881626486778,0.422629982233047,0.280499249696732,-0.319598406553268,0.0243385750800371,-0.154040664434433,0.024232542142272,-0.154033213853836,0.280499249696732,-0.319598436355591,0.133447021245956,0.422894150018692,0.280182778835297,-0.319685369729996,0.280279099941254,-0.319639354944229,0.0243385750800371,-0.154040664434433,0.280182778835297,-0.319685369729996,0.133589863777161,0.422891765832901
8.15620040893555,0.133637666702271,0.422908335924149,0.28042608499527,-0.319657176733017,0.0241527631878853,-0.15396074950695,0.280065298080444,-0.31973123550415,0.28042608499527,-0.319657176733017,0.133326470851898,0.422723889350891,0.280285358428955,-0.319690465927124,0.0242587421089411,-0.153968289494514,0.0241527631878853,-0.15396074950695,0.280285358428955,-0.319690465927124,0.13389179110527,0.422987550497055,0.279968947172165,-0.31977716088295,0.280065298080444,-0.319731205701828,0.0242587421089411,-0.153968289494514,0.279968947172165,-0.31977716088295,0.13403457403183,0.42298498749733
8.15680027008057,0.134082317352295,0.423001527786255,0.280212253332138,-0.319749146699905,0.0240731295198202,-0.153888285160065,0.279851496219635,-0.319822877645493,0.280212253332138,-0.319749146699905,0.133771166205406,0.422817438840866,0.280071496963501,-0.319782346487045,0.024179058149457,-0.153895929455757,0.0240731295198202,-0.153888285160065,0.280071496963501,-0.319782346487045,0.134336426854134,0.423080593347549,0.279755115509033,-0.319868743419647,0.279851496219635,-0.319822877645493,0.024179058149457,-0.153895929455757,0.279755085706711,-0.319868713617325,0.134479269385338,0.423077881336212
8.15740013122559,0.134526818990707,0.423094391822815,0.279998332262039,-0.319840908050537,0.0239936411380768,-0.153815791010857,0.279637664556503,-0.3199143409729,0.279998332262039,-0.319840908050537,0.134215816855431,0.422910511493683,0.27985754609108,-0.319873988628387,0.0240994803607464,-0.153823509812355,0.0239936411380768,-0.153815791010857,0.27985754609108,-0.319873988628387,0.134781092405319,0.42317321896553,0.279541224241257,-0.319960057735443,0.279637664556503,-0.3199143409729,0.0240994803607464,-0.153823509812355,0.279541224241257,-0.319960057735443,0.13492377102375,0.423170387744904
8.15799999237061,0.134971305727959,0.423186928033829,0.279784351587296,-0.319932460784912,0.0239142272621393,-0.153743296861649,0.279423832893372,-0.320005536079407,0.279784351587296,-0.319932460784912,0.134660318493843,0.423003256320953,0.279643595218658,-0.319965392351151,0.0240200124680996,-0.153751119971275,0.023914223536849,-0.153743281960487,0.279643595218658,-0.319965422153473,0.135225415229797,0.42326545715332,0.279327392578125,-0.320051193237305,0.279423832893372,-0.320005536079407,0.0240200124680996,-0.153751119971275,0.279327392578125,-0.320051193237305,0.135368153452873,0.423262476921082
8.15859985351563,0.135415509343147,0.423278957605362,0.279570490121841,-0.320023775100708,0.0238349549472332,-0.153670758008957,0.279209911823273,-0.320096522569656,0.279570490121841,-0.320023775100708,0.135104656219482,0.42309558391571,0.279429644346237,-0.320056647062302,0.0239406917244196,-0.153678685426712,0.0238349549472332,-0.153670758008957,0.279429644346237,-0.320056647062302,0.13566979765892,0.423357307910919,0.279113471508026,-0.32014212012291,0.279209941625595,-0.320096522569656,0.0239406917244196,-0.153678685426712,0.279113471508026,-0.320142090320587,0.135812506079674,0.423354148864746
8.15919971466064,0.135859742760658,0.423370659351349,0.279356479644775,-0.320114850997925,0.0237558297812939,-0.153598219156265,0.278996020555496,-0.320187300443649,0.279356479644775,-0.320114880800247,0.135548859834671,0.423187494277954,0.279215693473816,-0.320147633552551,0.0238614771515131,-0.153606250882149,0.0237558297812939,-0.153598219156265,0.279215693473816,-0.320147633552551,0.13611401617527,0.423448741436005,0.278899550437927,-0.320232808589935,0.278996020555496,-0.320187300443649,0.0238614771515131,-0.153606235980988,0.278899550437927,-0.320232808589935,0.136256664991379,0.42344543337822
8.15979957580566,0.136303752660751,0.4234619140625,0.279142498970032,-0.32020577788353,0.0236767753958702,-0.153525650501251,0.278782159090042,-0.320277869701385,0.279142498970032,-0.32020577788353,0.135993003845215,0.423279047012329,0.27900168299675,-0.320238411426544,0.0237823706120253,-0.153533771634102,0.0236767753958702,-0.153525650501251,0.27900168299675,-0.320238411426544,0.136558189988136,0.423539757728577,0.278685629367828,-0.320323318243027,0.278782159090042,-0.320277869701385,0.0237823706120253,-0.153533771634102,0.278685629367828,-0.320323318243027,0.136700794100761,0.423536330461502
8.160400390625,0.136747598648071,0.423552840948105,0.27892854809761,-0.320296496152878,0.0235978681594133,-0.153453096747398,0.278568267822266,-0.320368230342865,0.27892854809761,-0.320296496152878,0.136436998844147,0.423370242118835,0.278787732124329,-0.320329010486603,0.0237034093588591,-0.153461307287216,0.0235978681594133,-0.153453096747398,0.278787732124329,-0.320329010486603,0.137002214789391,0.423630446195602,0.278471708297729,-0.320413559675217,0.278568267822266,-0.320368230342865,0.023703446611762,-0.153461307287216,0.278471708297729,-0.320413559675217,0.137144654989243,0.423626869916916
8.16100025177002,0.137191519141197,0.423643350601196,0.278714537620544,-0.320386916399002,0.0235191024839878,-0.153380483388901,0.278354287147522,-0.320458382368088,0.278714537620544,-0.320386916399002,0.136880934238434,0.423460960388184,0.27857369184494,-0.320419311523438,0.0236245933920145,-0.153388798236847,0.0235191024839878,-0.153380483388901,0.278573721647263,-0.32041934132576,0.137445986270905,0.423720717430115,0.278257727622986,-0.320503652095795,0.278354287147522,-0.320458382368088,0.0236245933920145,-0.153388798236847,0.278257727622986,-0.320503652095795,0.137588486075401,0.423716992139816
8.16160011291504,0.137635245919228,0.423733443021774,0.278500556945801,-0.320477187633514,0.0234404839575291,-0.153307884931564,0.278140366077423,-0.320548325777054,0.278500556945801,-0.320477187633514,0.137324720621109,0.423551350831985,0.278359651565552,-0.32050946354866,0.0235458500683308,-0.153316289186478,0.0234404839575291,-0.153307884931564,0.278359651565552,-0.32050946354866,0.137889802455902,0.423810601234436,0.278043746948242,-0.320593476295471,0.278140366077423,-0.320548325777054,0.0235458500683308,-0.153316289186478,0.278043746948242,-0.320593476295471,0.138032138347626,0.423806756734848
8.16219997406006,0.138078734278679,0.423823177814484,0.278286576271057,-0.320567190647125,0.0233619380742311,-0.153235271573067,0.277926385402679,-0.320638030767441,0.278286576271057,-0.320567190647125,0.137768357992172,0.423641294240952,0.278145670890808,-0.320599406957626,0.0234672874212265,-0.153243780136108,0.0233619380742311,-0.153235271573067,0.278145670890808,-0.320599406957626,0.138333439826965,0.423900097608566,0.277829825878143,-0.320683091878891,0.277926385402679,-0.320638030767441,0.0234672874212265,-0.153243780136108,0.277829825878143,-0.320683091878891,0.138475745916367,0.423896074295044
8.16279983520508,0.138522252440453,0.42391249537468,0.278072476387024,-0.320657044649124,0.0232835337519646,-0.153162643313408,0.277712404727936,-0.320727527141571,0.278072476387024,-0.320657044649124,0.138211831450462,0.423730909824371,0.27793163061142,-0.320689111948013,0.0233887955546379,-0.153171226382256,0.0232835337519646,-0.153162643313408,0.27793163061142,-0.320689111948013,0.138776943087578,0.423989206552505,0.2776158452034,-0.320772528648376,0.277712404727936,-0.320727527141571,0.0233887955546379,-0.153171226382256,0.2776158452034,-0.320772528648376,0.138919293880463,0.423985034227371
8.1633996963501,0.138965636491776,0.424001455307007,0.277858465909958,-0.320746630430222,0.0232052411884069,-0.153089985251427,0.277498483657837,-0.320816814899445,0.277858465909958,-0.320746630430222,0.138655364513397,0.423820108175278,0.277717530727386,-0.320778578519821,0.023310448974371,-0.153098657727242,0.0232052411884069,-0.153089985251427,0.277717560529709,-0.320778608322144,0.139220282435417,0.424077928066254,0.277401864528656,-0.320861726999283,0.277498483657837,-0.320816814899445,0.0233104862272739,-0.153098657727242,0.277401864528656,-0.320861726999283,0.139362588524818,0.424073576927185
8.16399955749512,0.139408856630325,0.424089998006821,0.277644425630569,-0.320836037397385,0.0231270920485258,-0.153017327189445,0.277284473180771,-0.320905894041061,0.277644425630569,-0.320836037397385,0.139098525047302,0.423908919095993,0.277503490447998,-0.320867866277695,0.0232322458177805,-0.153026089072227,0.0231270920485258,-0.153017327189445,0.277503490447998,-0.320867866277695,0.13966366648674,0.424166232347488,0.277187824249268,-0.320950716733932,0.277284473180771,-0.320905894041061,0.0232322458177805,-0.153026089072227,0.277187824249268,-0.320950716733932,0.139805808663368,0.42416176199913
8.16460037231445,0.139851912856102,0.424178153276443,0.277430266141891,-0.320925176143646,0.0230490118265152,-0.152944639325142,0.277070492506027,-0.320994734764099,0.277430266141891,-0.320925176143646,0.139541730284691,0.423997312784195,0.277289420366287,-0.320956945419312,0.0231541134417057,-0.152953505516052,0.0230490118265152,-0.152944639325142,0.277289420366287,-0.320956945419312,0.140106901526451,0.424254179000854,0.276973843574524,-0.321039497852325,0.27707052230835,-0.320994734764099,0.0231541134417057,-0.152953505516052,0.276973813772202,-0.321039468050003,0.140248984098434,0.424249529838562
8.16520023345947,0.140294805169106,0.424265950918198,0.277216285467148,-0.321014165878296,0.0229711141437292,-0.152871951460838,0.276856482028961,-0.321083396673203,0.277216285467148,-0.321014165878296,0.139984786510468,0.424085378646851,0.277075320482254,-0.321045815944672,0.0230761282145977,-0.152880921959877,0.0229710768908262,-0.152871951460838,0.277075320482254,-0.321045815944672,0.140549853444099,0.42434173822403,0.276759773492813,-0.321128070354462,0.276856482028961,-0.32108336687088,0.0230761282145977,-0.152880921959877,0.276759773492813,-0.321128040552139,0.140691891312599,0.424336969852448
8.16580009460449,0.140737742185593,0.424353301525116,0.27700212597847,-0.321102887392044,0.0228933226317167,-0.152799233794212,0.276642471551895,-0.321171820163727,0.27700212597847,-0.321102887392044,0.140427768230438,0.424173027276993,0.276861250400543,-0.321134448051453,0.022998284548521,-0.152808293700218,0.0228933226317167,-0.152799233794212,0.276861250400543,-0.321134448051453,0.140992760658264,0.424428850412369,0.276545733213425,-0.321216404438019,0.276642471551895,-0.321171820163727,0.022998284548521,-0.152808293700218,0.276545733213425,-0.321216404438019,0.141134828329086,0.424423933029175
8.16639995574951,0.141180530190468,0.424440324306488,0.276788085699081,-0.321191430091858,0.0228156391531229,-0.152726501226425,0.276428431272507,-0.321260005235672,0.276788026094437,-0.321191430091858,0.140870600938797,0.424260258674622,0.276647120714188,-0.321222871541977,0.0229205135256052,-0.152735665440559,0.0228156391531229,-0.152726501226425,0.276647120714188,-0.321222871541977,0.141435593366623,0.424515634775162,0.276331663131714,-0.321304559707642,0.276428431272507,-0.321260005235672,0.0229205507785082,-0.152735665440559,0.276331663131714,-0.321304529905319,0.141577422618866,0.424510598182678
8.16699981689453,0.141623139381409,0.424526959657669,0.276573926210403,-0.321279764175415,0.0227381028234959,-0.152653768658638,0.276214361190796,-0.321348041296005,0.276573926210403,-0.321279764175415,0.141313254833221,0.424347132444382,0.276432991027832,-0.321311056613922,0.0228429213166237,-0.152663022279739,0.0227381009608507,-0.152653753757477,0.276432991027832,-0.321311056613922,0.141878172755241,0.424602001905441,0.276117593050003,-0.321392416954041,0.276214361190796,-0.321348041296005,0.0228429213166237,-0.152663022279739,0.276117593050003,-0.321392416954041,0.142020151019096,0.424596786499023
8.16759967803955,0.142065584659576,0.424613147974014,0.27635982632637,-0.321367859840393,0.0226606354117393,-0.15258102118969,0.276000291109085,-0.321435809135437,0.27635982632637,-0.321367859840393,0.141755864024162,0.424433588981628,0.276218891143799,-0.321399062871933,0.022765401750803,-0.152590364217758,0.0226606354117393,-0.15258102118969,0.276218891143799,-0.321399062871933,0.142320781946182,0.424688011407852,0.275903582572937,-0.321480125188828,0.276000291109085,-0.321435809135437,0.022765401750803,-0.152590364217758,0.275903552770615,-0.321480095386505,0.142462611198425,0.424682706594467
8.16819953918457,0.142508074641228,0.424698978662491,0.276145726442337,-0.321455746889114,0.0225833114236593,-0.152508243918419,0.275786280632019,-0.321523398160934,0.276145726442337,-0.321455746889114,0.14219830930233,0.424519687891006,0.276004761457443,-0.321486830711365,0.0226880256086588,-0.152517691254616,0.0225833114236593,-0.152508243918419,0.276004761457443,-0.321486830711365,0.142763242125511,0.42477360367775,0.275689452886581,-0.321567624807358,0.275786280632019,-0.321523398160934,0.0226880256086588,-0.152517691254616,0.275689452886581,-0.321567624807358,0.142904996871948,0.424768149852753
8.16880035400391,0.142950296401978,0.424784421920776,0.275931537151337,-0.321543425321579,0.0225061289966106,-0.152435481548309,0.275572180747986,-0.321610748767853,0.275931537151337,-0.321543425321579,0.142640680074692,0.424605369567871,0.275790572166443,-0.321574449539185,0.0226107910275459,-0.152445003390312,0.0225061289966106,-0.152435481548309,0.275790572166443,-0.321574449539185,0.143205523490906,0.424858778715134,0.275475323200226,-0.321654915809631,0.275572180747986,-0.321610748767853,0.0226107910275459,-0.152445003390312,0.275475323200226,-0.321654886007309,0.143347233533859,0.424853205680847
8.16940021514893,0.143392339348793,0.424869507551193,0.275717377662659,-0.321630895137787,0.0224290192127228,-0.152362659573555,0.275358080863953,-0.321697920560837,0.275717377662659,-0.321630895137787,0.143082782626152,0.424690723419189,0.275576382875443,-0.321661770343781,0.0225336290895939,-0.152372300624847,0.0224290192127228,-0.152362659573555,0.275576382875443,-0.321661770343781,0.143647745251656,0.424943655729294,0.275261223316193,-0.321741968393326,0.275358080863953,-0.321697920560837,0.0225336290895939,-0.152372300624847,0.275261223316193,-0.321741968393326,0.143789291381836,0.424937874078751
8.17000007629395,0.143834426999092,0.424954175949097,0.275503158569336,-0.321718126535416,0.0223520901054144,-0.152289852499962,0.275144010782242,-0.321784824132919,0.275503158569336,-0.321718126535416,0.143524929881096,0.424775630235672,0.275362253189087,-0.32174888253212,0.0224566087126732,-0.152299597859383,0.0223520901054144,-0.152289852499962,0.275362253189087,-0.32174888253212,0.144089788198471,0.425028085708618,0.275047123432159,-0.321828812360764,0.275144010782242,-0.321784824132919,0.0224566087126732,-0.152299597859383,0.275047123432159,-0.321828812360764,0.144231393933296,0.425022184848785
8.17059993743896,0.144276350736618,0.425038486719131,0.275289058685303,-0.32180517911911,0.0222752671688795,-0.152217045426369,0.274929910898209,-0.321871548891068,0.275289058685303,-0.32180517911911,0.143966913223267,0.424860149621964,0.275148063898087,-0.321835815906525,0.0223797354847193,-0.152226865291595,0.0222752317786217,-0.152217045426369,0.275148063898087,-0.321835815906525,0.144531771540642,0.425112158060074,0.274833053350449,-0.321915447711945,0.274929910898209,-0.321871548891068,0.0223797354847193,-0.152226865291595,0.274833053350449,-0.321915447711945,0.144673317670822,0.425106108188629
8.17119979858398,0.144718110561371,0.42512235045433,0.27507483959198,-0.321892023086548,0.0221985522657633,-0.152144223451614,0.274715811014175,-0.321958035230637,0.27507483959198,-0.321892023086548,0.144408717751503,0.424944311380386,0.274933904409409,-0.321922570466995,0.0223029628396034,-0.152154102921486,0.0221985504031181,-0.152144208550453,0.274933904409409,-0.321922570466995,0.144973576068878,0.425195813179016,0.274618864059448,-0.322001874446869,0.274715811014175,-0.321958035230637,0.0223029628396034,-0.152154102921486,0.274618864059448,-0.322001874446869,0.145115077495575,0.425189644098282
8.171799659729,0.145159691572189,0.425205886363983,0.274860680103302,-0.321978598833084,0.0221219789236784,-0.152071356773376,0.274501740932465,-0.322044312953949,0.274860680103302,-0.321978598833084,0.144850566983223,0.425028115510941,0.274719685316086,-0.322009056806564,0.0222263019531965,-0.152081355452538,0.0221219416707754,-0.152071356773376,0.274719685316086,-0.322009056806564,0.145415231585503,0.42527911067009,0.274404764175415,-0.322088092565536,0.274501740932465,-0.322044312953949,0.0222263019531965,-0.152081355452538,0.274404764175415,-0.322088092565536,0.145556673407555,0.425272792577744
8.17240047454834,0.145601198077202,0.425289034843445,0.274646431207657,-0.322064995765686,0.0220454763621092,-0.151998490095139,0.274287551641464,-0.322130471467972,0.274646431207657,-0.322064995765686,0.14529213309288,0.425111472606659,0.274505466222763,-0.322095304727554,0.0221497844904661,-0.152008593082428,0.0220454763621092,-0.151998490095139,0.274505466222763,-0.322095304727554,0.145856902003288,0.425362020730972,0.274190604686737,-0.322174102067947,0.274287551641464,-0.322130471467972,0.0221497844904661,-0.152008593082428,0.274190604686737,-0.322174072265625,0.145998179912567,0.425355553627014
8.17300033569336,0.14604264497757,0.425371766090393,0.274432271718979,-0.322151213884354,0.0219691544771194,-0.151925623416901,0.274073451757431,-0.322216331958771,0.274432271718979,-0.322151213884354,0.145733520388603,0.425194501876831,0.274291217327118,-0.322181403636932,0.0220733713358641,-0.151935815811157,0.0219691544771194,-0.151925623416901,0.274291217327118,-0.322181403636932,0.146298289299011,0.425444543361664,0.273976415395737,-0.322259873151779,0.274073451757431,-0.322216331958771,0.0220733713358641,-0.151935815811157,0.273976504802704,-0.322259843349457,0.146439537405968,0.425437957048416
8.17360019683838,0.146483913064003,0.425454139709473,0.274218052625656,-0.32223716378212,0.0218929015100002,-0.151852741837502,0.273859322071075,-0.322301954030991,0.274218052625656,-0.32223716378212,0.146174862980843,0.425277143716812,0.27407705783844,-0.322267264127731,0.0219970680773258,-0.151863038539886,0.0218929015100002,-0.151852741837502,0.27407705783844,-0.322267264127731,0.146739527583122,0.425526678562164,0.273762255907059,-0.322345435619354,0.273859322071075,-0.322301954030991,0.0219970680773258,-0.151863038539886,0.273762255907059,-0.322345435619354,0.14688079059124,0.425519943237305
8.1742000579834,0.14692510664463,0.425536155700684,0.274003803730011,-0.322322905063629,0.0218167919665575,-0.151779845356941,0.273645132780075,-0.322387427091599,0.274003803730011,-0.322322905063629,0.146616116166115,0.425359338521957,0.273862808942795,-0.322352886199951,0.0219209026545286,-0.151790216565132,0.0218167919665575,-0.151779845356941,0.273862808942795,-0.322352886199951,0.147180765867233,0.425608456134796,0.273548096418381,-0.322430789470673,0.273645132780075,-0.322387427091599,0.0219209026545286,-0.151790216565132,0.273548096418381,-0.322430789470673,0.147321984171867,0.425601541996002
8.17479991912842,0.147366121411324,0.425617754459381,0.273789584636688,-0.322408467531204,0.021740822121501,-0.15170693397522,0.273430973291397,-0.322472661733627,0.273789584636688,-0.322408467531204,0.147057190537453,0.425441205501556,0.27364856004715,-0.322438329458237,0.0218448098748922,-0.151717409491539,0.021740822121501,-0.15170693397522,0.27364856004715,-0.322438329458237,0.147621855139732,0.425689846277237,0.27333390712738,-0.322515934705734,0.273430973291397,-0.322472661733627,0.0218448098748922,-0.151717409491539,0.27333390712738,-0.322515934705734,0.147763013839722,0.425682783126831
8.17539978027344,0.147806972265244,0.42569899559021,0.273575365543365,-0.3224937915802,0.0216649267822504,-0.151634022593498,0.273216813802719,-0.322557657957077,0.273575365543365,-0.3224937915802,0.147498205304146,0.425522685050964,0.273434340953827,-0.322523593902588,0.0217688959091902,-0.151644572615623,0.0216649267822504,-0.151634022593498,0.273434340953827,-0.322523593902588,0.148062855005264,0.425770819187164,0.273119777441025,-0.322600871324539,0.273216813802719,-0.322557657957077,0.0217688959091902,-0.151644572615623,0.273119777441025,-0.322600871324539,0.148203864693642,0.425763636827469
8.17599964141846,0.148247852921486,0.425779819488525,0.27336111664772,-0.322578936815262,0.021589171141386,-0.151561081409454,0.273002624511719,-0.322642475366592,0.27336111664772,-0.322578936815262,0.147939041256905,0.425603806972504,0.273220062255859,-0.322608590126038,0.0216930881142616,-0.151571720838547,0.021589171141386,-0.151561081409454,0.273220062255859,-0.322608590126038,0.148503676056862,0.425851404666901,0.27290552854538,-0.322685569524765,0.273002654314041,-0.322642475366592,0.0216930881142616,-0.151571720838547,0.27290552854538,-0.322685569524765,0.148644641041756,0.425844103097916
8.17660045623779,0.148688331246376,0.425860285758972,0.273146778345108,-0.322663843631744,0.0215135589241982,-0.15148814022541,0.272788465023041,-0.322727054357529,0.273146778345108,-0.322663843631744,0.148379802703857,0.425684481859207,0.273005813360214,-0.322693377733231,0.0216173864901066,-0.151498883962631,0.0215135589241982,-0.15148814022541,0.273005813360214,-0.322693377733231,0.148944333195686,0.425931662321091,0.272691339254379,-0.322770088911057,0.272788465023041,-0.322727054357529,0.0216173864901066,-0.151498883962631,0.272691339254379,-0.322770088911057,0.149085327982903,0.425924181938171
8.17720031738281,0.14912885427475,0.425940364599228,0.272932589054108,-0.322748512029648,0.0214380174875259,-0.151415184140205,0.27257427573204,-0.322811424732208,0.272932589054108,-0.322748512029648,0.148820370435715,0.425764828920364,0.272791504859924,-0.322777956724167,0.0215417891740799,-0.151426002383232,0.0214380174875259,-0.151415184140205,0.272791504859924,-0.322777956724167,0.149384900927544,0.426011502742767,0.272477209568024,-0.322854399681091,0.27257427573204,-0.322811424732208,0.0215417891740799,-0.151426002383232,0.272477209568024,-0.322854399681091,0.149525746703148,0.426003903150558
8.17780017852783,0.149569287896156,0.426020085811615,0.272718340158463,-0.322832971811295,0.0213626511394978,-0.151342213153839,0.27236008644104,-0.322895616292953,0.272718340158463,-0.322832971811295,0.149260878562927,0.425844788551331,0.272577285766602,-0.322862356901169,0.0214663725346327,-0.151353120803833,0.0213626511394978,-0.151342213153839,0.272577285766602,-0.322862356901169,0.149825304746628,0.426090985536575,0.272262901067734,-0.322938501834869,0.27236008644104,-0.322895616292953,0.0214663725346327,-0.151353120803833,0.272262901067734,-0.322938501834869,0.149966180324554,0.426083207130432
8.17840003967285,0.15000955760479,0.426099359989166,0.272504031658173,-0.322917252779007,0.0212873574346304,-0.151269227266312,0.272145926952362,-0.322979539632797,0.272504031658173,-0.322917282581329,0.149701207876205,0.425924330949783,0.272363036870956,-0.322946488857269,0.0213910229504108,-0.151280239224434,0.0212873574346304,-0.151269227266312,0.272363036870956,-0.322946488857269,0.150265619158745,0.426170080900192,0.272048741579056,-0.323022335767746,0.272145926952362,-0.322979539632797,0.0213910229504108,-0.151280239224434,0.272048741579056,-0.323022335767746,0.150406330823898,0.42616218328476
8.17899990081787,0.150449737906456,0.426178336143494,0.272289782762527,-0.32300129532814,0.0212122406810522,-0.151196241378784,0.271931648254395,-0.323063313961029,0.272289782762527,-0.32300129532814,0.150141358375549,0.42600354552269,0.272148758172989,-0.323030441999435,0.0213157832622528,-0.151207342743874,0.0212122406810522,-0.151196241378784,0.272148758172989,-0.323030441999435,0.150705859065056,0.426248788833618,0.271834522485733,-0.323106020689011,0.271931648254395,-0.323063313961029,0.0213157832622528,-0.151207342743874,0.271834522485733,-0.323106020689011,0.150846526026726,0.426240772008896
8.17959976196289,0.150889739394188,0.426256895065308,0.272075444459915,-0.323085188865662,0.0211371928453445,-0.151123225688934,0.271717458963394,-0.323146849870682,0.272075444459915,-0.323085188865662,0.150581538677216,0.426082372665405,0.271934449672699,-0.323114216327667,0.0212406814098358,-0.151134416460991,0.0211371928453445,-0.151123225688934,0.271934449672699,-0.323114216327667,0.151145905256271,0.426327109336853,0.271620243787766,-0.323189467191696,0.271717458963394,-0.323146849870682,0.021240683272481,-0.151134431362152,0.271620243787766,-0.323189467191696,0.151286512613297,0.426318913698196
8.18019962310791,0.151329562067986,0.426335096359253,0.27186119556427,-0.323168814182281,0.0210622511804104,-0.151050224900246,0.271503239870071,-0.323230177164078,0.27186119556427,-0.323168814182281,0.151021406054497,0.426160782575607,0.271720141172409,-0.323197722434998,0.0211657248437405,-0.151061505079269,0.0210622511804104,-0.151050224900246,0.271720141172409,-0.323197722434998,0.151585891842842,0.426405072212219,0.27140599489212,-0.323272705078125,0.271503239870071,-0.323230177164078,0.0211657248437405,-0.151061505079269,0.27140599489212,-0.323272705078125,0.151726320385933,0.426396727561951
8.18080043792725,0.151769384741783,0.426412880420685,0.27164688706398,-0.323252201080322,0.0209874510765076,-0.150977194309235,0.271289050579071,-0.323313266038895,0.27164688706398,-0.323252201080322,0.151461333036423,0.426238834857941,0.271505862474442,-0.323281019926071,0.0210908353328705,-0.150988578796387,0.0209874510765076,-0.150977194309235,0.271505862474442,-0.323281019926071,0.152025565505028,0.426482647657394,0.271191865205765,-0.323355734348297,0.271289050579071,-0.323313266038895,0.0210908353328705,-0.150988578796387,0.271191835403442,-0.323355704545975,0.152166157960892,0.426474153995514
8.18140029907227,0.152209043502808,0.426490306854248,0.27143257856369,-0.323335438966751,0.0209127962589264,-0.150904163718224,0.271074801683426,-0.3233962059021,0.27143257856369,-0.323335438966751,0.151900932192802,0.426316499710083,0.271291524171829,-0.32336413860321,0.0210160873830318,-0.150915622711182,0.0209127943962812,-0.150904148817062,0.271291524171829,-0.32336413860321,0.152465268969536,0.426559805870056,0.270977526903152,-0.323438555002213,0.271074801683426,-0.3233962059021,0.021016089245677,-0.150915637612343,0.270977526903152,-0.323438555002213,0.152605801820755,0.426551222801208
8.18200016021729,0.152648508548737,0.42656734585762,0.271218210458755,-0.323418438434601,0.0208382047712803,-0.150831118226051,0.270860612392426,-0.323478877544403,0.271218210458755,-0.323418438434601,0.152340590953827,0.426393836736679,0.271077215671539,-0.323447018861771,0.0209414828568697,-0.150842681527138,0.0208382047712803,-0.150831118226051,0.271077215671539,-0.323447018861771,0.152904912829399,0.426636666059494,0.270763278007507,-0.323521167039871,0.270860612392426,-0.323478877544403,0.0209414828568697,-0.150842681527138,0.270763278007507,-0.323521167039871,0.153045266866684,0.426627904176712
8.1826000213623,0.15308777987957,0.426644027233124,0.271003991365433,-0.323501229286194,0.0207637958228588,-0.150758057832718,0.27064636349678,-0.323561370372772,0.271003991365433,-0.323501229286194,0.152780041098595,0.426470726728439,0.270862877368927,-0.323529720306396,0.0208669435232878,-0.150769725441933,0.0207637958228588,-0.150758057832718,0.270862877368927,-0.323529720306396,0.153344243764877,0.426713138818741,0.270549058914185,-0.323603570461273,0.27064636349678,-0.323561370372772,0.0208669435232878,-0.150769725441933,0.270549058914185,-0.323603570461273,0.153484538197517,0.426704198122025
8.18319988250732,0.153527081012726,0.426720291376114,0.270789682865143,-0.32358381152153,0.0206894520670176,-0.150684982538223,0.270432114601135,-0.323643624782562,0.270789682865143,-0.32358381152153,0.153219312429428,0.426547288894653,0.270648568868637,-0.323612153530121,0.0207925457507372,-0.150696739554405,0.0206894520670176,-0.150684982538223,0.270648568868637,-0.323612153530121,0.153783589601517,0.426789164543152,0.270334839820862,-0.323685705661774,0.270432114601135,-0.323643624782562,0.0207925457507372,-0.150696739554405,0.270334839820862,-0.323685705661774,0.153923824429512,0.426780134439468
8.18379974365234,0.153966203331947,0.426796227693558,0.270575344562531,-0.323666155338287,0.0206152498722076,-0.150611907243729,0.270217835903168,-0.323725640773773,0.270575344562531,-0.323666155338287,0.153658598661423,0.426623404026031,0.270434230566025,-0.323694407939911,0.0207182932645082,-0.150623753666878,0.0206152498722076,-0.150611907243729,0.270434230566025,-0.323694407939911,0.154222652316093,0.426864832639694,0.270120531320572,-0.323767691850662,0.270217835903168,-0.323725640773773,0.0207182932645082,-0.150623753666878,0.270120531320572,-0.323767691850662,0.154362931847572,0.426855683326721
8.18439960479736,0.154405131936073,0.426871776580811,0.270361036062241,-0.323748290538788,0.0205411557108164,-0.150538831949234,0.270003587007523,-0.323807507753372,0.270360916852951,-0.32374832034111,0.154097497463226,0.426699250936508,0.270219892263412,-0.323776483535767,0.0206441804766655,-0.15055076777935,0.0205411538481712,-0.150538817048073,0.270219892263412,-0.323776483535767,0.154661729931831,0.42694017291069,0.269906342029572,-0.323849469423294,0.270003587007523,-0.323807507753372,0.0206441804766655,-0.15055076777935,0.269906342029572,-0.323849469423294,0.154801845550537,0.426930844783783
8.1850004196167,0.154843956232071,0.426946967840195,0.270146638154984,-0.323830246925354,0.020467197522521,-0.150465726852417,0.2697893679142,-0.323889136314392,0.270146638154984,-0.323830246925354,0.154536515474319,0.426774650812149,0.270005583763123,-0.323858290910721,0.0205701347440481,-0.1504777520895,0.020467197522521,-0.150465726852417,0.270005583763123,-0.323858290910721,0.155100613832474,0.427015095949173,0.269692033529282,-0.323931008577347,0.2697893679142,-0.323889136314392,0.0205701347440481,-0.1504777520895,0.269692033529282,-0.323931008577347,0.155240669846535,0.427005678415298
8.18560028076172,0.155282720923424,0.427021741867065,0.269932329654694,-0.323911994695663,0.0203933119773865,-0.1503926217556,0.269575119018555,-0.323970556259155,0.269932329654694,-0.323911994695663,0.154975220561028,0.426849693059921,0.26979124546051,-0.323939919471741,0.0204961933195591,-0.150404751300812,0.0203933101147413,-0.150392606854439,0.26979124546051,-0.323939919471741,0.155539318919182,0.427089661359787,0.269477754831314,-0.324012339115143,0.269575119018555,-0.323970556259155,0.0204961933195591,-0.150404751300812,0.269477754831314,-0.324012339115143,0.155679404735565,0.427080065011978
8.18620014190674,0.155721262097359,0.427096128463745,0.269717961549759,-0.323993533849716,0.0203195661306381,-0.150319516658783,0.269360899925232,-0.324051797389984,0.269717961549759,-0.323993533849716,0.155413955450058,0.426924347877502,0.269576847553253,-0.324021309614182,0.0204223953187466,-0.150331720709801,0.0203195661306381,-0.150319516658783,0.269576847553253,-0.324021339416504,0.155978009104729,0.42716383934021,0.269263476133347,-0.324093461036682,0.269360899925232,-0.324051797389984,0.0204223953187466,-0.150331720709801,0.269263476133347,-0.324093461036682,0.156117960810661,0.427154153585434
8.18680000305176,0.156159743666649,0.427170246839523,0.269503682851791,-0.324074804782867,0.020245959982276,-0.150246381759644,0.269146651029587,-0.324132770299911,0.269503682851791,-0.324074804782867,0.155852392315865,0.426998615264893,0.269362568855286,-0.32410255074501,0.0203486997634172,-0.150258675217628,0.020245959982276,-0.150246381759644,0.269362568855286,-0.32410255074501,0.156416431069374,0.427237689495087,0.269049197435379,-0.324174404144287,0.269146651029587,-0.324132770299911,0.0203486997634172,-0.150258675217628,0.269049197435379,-0.324174404144287,0.156556412577629,0.427227824926376
8.18739986419678,0.156598016619682,0.427243888378143,0.269289374351501,-0.324155926704407,0.0201724600046873,-0.150173246860504,0.268932372331619,-0.324213594198227,0.269289374351501,-0.324155926704407,0.156290844082832,0.427072554826736,0.269148260354996,-0.324183523654938,0.0202751457691193,-0.150185644626617,0.0201724600046873,-0.150173246860504,0.269148260354996,-0.324183523654938,0.156854867935181,0.42731112241745,0.268834948539734,-0.324255108833313,0.268932372331619,-0.324213594198227,0.0202751457691193,-0.150185644626617,0.268834918737411,-0.324255049228668,0.156994670629501,0.427301108837128
8.1879997253418,0.157036289572716,0.427317142486572,0.269075006246567,-0.324236810207367,0.0200990661978722,-0.150100111961365,0.268718093633652,-0.324294149875641,0.269075006246567,-0.324236810207367,0.156729117035866,0.427146077156067,0.268933892250061,-0.324264317750931,0.0202016606926918,-0.150112584233284,0.0200990661978722,-0.150100111961365,0.268933892250061,-0.324264317750931,0.157292991876602,0.427384167909622,0.268620699644089,-0.32433557510376,0.268718093633652,-0.324294149875641,0.0202016979455948,-0.150112584233284,0.268620699644089,-0.32433557510376,0.157432839274406,0.42737403512001
8.18859958648682,0.157474279403687,0.427390098571777,0.26886060833931,-0.32431748509407,0.0200258102267981,-0.150026947259903,0.268503874540329,-0.32437452673912,0.26886060833931,-0.32431748509407,0.157167285680771,0.427219271659851,0.268719524145126,-0.324344843626022,0.0201283153146505,-0.150039523839951,0.0200257729738951,-0.150026962161064,0.268719524145126,-0.324344843626022,0.157731130719185,0.427456885576248,0.268406331539154,-0.324415862560272,0.268503874540329,-0.32437452673912,0.0201283153146505,-0.150039523839951,0.268406331539154,-0.324415862560272,0.157870918512344,0.427446603775024
8.18920040130615,0.15791217982769,0.427462667226791,0.26864629983902,-0.324397951364517,0.0199526231735945,-0.149953797459602,0.268289536237717,-0.324454694986343,0.26864629983902,-0.324397951364517,0.15760526061058,0.427292048931122,0.268505156040192,-0.324425220489502,0.0200551096349955,-0.149966433644295,0.0199526231735945,-0.149953797459602,0.268505156040192,-0.324425220489502,0.158169060945511,0.427529186010361,0.268192082643509,-0.324495941400528,0.268289536237717,-0.324454694986343,0.0200551096349955,-0.149966433644295,0.268192082643509,-0.324495881795883,0.158308804035187,0.427518784999847
8.18980026245117,0.158349975943565,0.427534818649292,0.268431961536407,-0.324478209018707,0.0198796130716801,-0.149880617856979,0.268075287342072,-0.324534624814987,0.268431961536407,-0.324478209018707,0.158043146133423,0.427364498376846,0.268290787935257,-0.324505358934402,0.0199820455163717,-0.149893373250961,0.0198796130716801,-0.149880617856979,0.268290817737579,-0.324505388736725,0.158607006072998,0.427601128816605,0.267977803945541,-0.324575781822205,0.268075287342072,-0.324534624814987,0.0199820455163717,-0.149893373250961,0.267977803945541,-0.324575781822205,0.158746585249901,0.427590578794479
8.19040012359619,0.158787697553635,0.427606642246246,0.26821756362915,-0.324558228254318,0.0198066662997007,-0.149807438254356,0.267861068248749,-0.324614375829697,0.26821756362915,-0.324558228254318,0.158480823040009,0.427436500787735,0.268076449632645,-0.324585318565369,0.0199090465903282,-0.149820268154144,0.0198066662997007,-0.149807438254356,0.268076449632645,-0.324585318565369,0.159044668078423,0.427672684192657,0.267763465642929,-0.324655443429947,0.267861068248749,-0.324614375829697,0.0199090484529734,-0.149820283055305,0.267763465642929,-0.324655443429947,0.159184262156487,0.42766198515892
8.19099998474121,0.159225091338158,0.42767807841301,0.268003225326538,-0.324638068675995,0.0197339002043009,-0.149734273552895,0.267646789550781,-0.324693918228149,0.268003225326538,-0.324638068675995,0.158918514847755,0.427508175373077,0.267862141132355,-0.324665039777756,0.019836189225316,-0.149747177958488,0.0197338666766882,-0.149734273552895,0.267862141132355,-0.324665039777756,0.159482225775719,0.427743941545486,0.267549157142639,-0.324734926223755,0.267646789550781,-0.324693918228149,0.0198361910879612,-0.14974719285965,0.267549246549606,-0.324734896421432,0.15962165594101,0.427733063697815
8.19159984588623,0.159662500023842,0.427749156951904,0.267788887023926,-0.324717730283737,0.0196612030267715,-0.14966107904911,0.267432510852814,-0.324773192405701,0.267788887023926,-0.324717730283737,0.159355998039246,0.427579462528229,0.267647713422775,-0.324744552373886,0.0197634026408195,-0.149674087762833,0.0196612011641264,-0.149661064147949,0.267647713422775,-0.324744552373886,0.159919694066048,0.42781475186348,0.267334967851639,-0.324814110994339,0.267432510852814,-0.324773192405701,0.0197634026408195,-0.149674087762833,0.267334967851639,-0.324814110994339,0.160059049725533,0.427803754806519
8.19219970703125,0.16009983420372,0.427819818258286,0.267574518918991,-0.324797123670578,0.0195886064320803,-0.149587854743004,0.267218232154846,-0.32485231757164,0.267574518918991,-0.324797123670578,0.159793317317963,0.427650421857834,0.267433434724808,-0.32482385635376,0.0196907520294189,-0.149600967764854,0.0195886064320803,-0.149587854743004,0.267433434724808,-0.32482385635376,0.160356938838959,0.427885234355927,0.267120599746704,-0.324893146753311,0.267218232154846,-0.32485231757164,0.0196907520294189,-0.149600967764854,0.267120599746704,-0.324893146753311,0.160496234893799,0.427874118089676
8.19279956817627,0.16053694486618,0.427890121936798,0.267360210418701,-0.324876308441162,0.0195161513984203,-0.149514645338058,0.267003923654556,-0.324931234121323,0.267360210418701,-0.324876308441162,0.160230502486229,0.427720963954926,0.267219007015228,-0.324902951717377,0.0196182448416948,-0.149527847766876,0.0195161513984203,-0.149514645338058,0.267219007015228,-0.324902951717377,0.160794213414192,0.427955269813538,0.266906291246414,-0.324971973896027,0.267003923654556,-0.324931234121323,0.0196182448416948,-0.149527847766876,0.266906291246414,-0.324971973896027,0.160933434963226,0.427944034337997
8.19340038299561,0.160973951220512,0.427960127592087,0.267145842313766,-0.324955314397812,0.0194438360631466,-0.149441450834274,0.266789674758911,-0.325009912252426,0.267145842313766,-0.324955314397812,0.160667613148689,0.427791178226471,0.267004698514938,-0.324981838464737,0.0195458717644215,-0.149454727768898,0.0194438360631466,-0.149441450834274,0.267004698514938,-0.324981838464737,0.161231160163879,0.428025037050247,0.266692072153091,-0.325050592422485,0.266789674758911,-0.325009912252426,0.0195458717644215,-0.149454727768898,0.266692072153091,-0.325050592422485,0.16137033700943,0.428013652563095
8.19400024414063,0.161410763859749,0.428029656410217,0.266931414604187,-0.325034111738205,0.0193715877830982,-0.149368211627007,0.266575455665588,-0.325088411569595,0.266931414604187,-0.325034111738205,0.161104500293732,0.427861005067825,0.266790330410004,-0.32506051659584,0.0194735713303089,-0.149381577968597,0.0193715877830982,-0.149368211627007,0.266790330410004,-0.32506051659584,0.161668121814728,0.428094387054443,0.266477793455124,-0.325129002332687,0.266575455665588,-0.325088411569595,0.0194735713303089,-0.149381577968597,0.266477793455124,-0.325129002332687,0.161807224154472,0.428082823753357
8.19460010528564,0.161847487092018,0.428098917007446,0.266717106103897,-0.325112700462341,0.0192995145916939,-0.1492949873209,0.266361117362976,-0.325166672468185,0.266717106103897,-0.325112700462341,0.161541283130646,0.427930474281311,0.266575962305069,-0.325138986110687,0.0194014068692923,-0.149308428168297,0.0192995145916939,-0.1492949873209,0.266575962305069,-0.325138986110687,0.162104785442352,0.428163379430771,0.266263455152512,-0.32520717382431,0.266361117362976,-0.325166702270508,0.0194014068692923,-0.149308428168297,0.266263455152512,-0.32520717382431,0.16224393248558,0.428151696920395
8.19519996643066,0.162284001708031,0.428167760372162,0.266502737998962,-0.325191020965576,0.0192275103181601,-0.149221748113632,0.266146868467331,-0.325244754552841,0.266502737998962,-0.325191020965576,0.161977991461754,0.427999526262283,0.266361594200134,-0.325217217206955,0.0193293113261461,-0.149235278367996,0.0192275103181601,-0.149221748113632,0.266361594200134,-0.325217217206955,0.162541434168816,0.428231984376907,0.266049176454544,-0.325285136699677,0.266146868467331,-0.325244754552841,0.0193293113261461,-0.149235278367996,0.266049176454544,-0.325285136699677,0.162680402398109,0.428220152854919
8.19579982757568,0.162720501422882,0.428236216306686,0.266288369894028,-0.325269222259521,0.0191556438803673,-0.149148494005203,0.265932619571686,-0.325322598218918,0.266288369894028,-0.325269222259521,0.162414401769638,0.428068310022354,0.266147285699844,-0.325295299291611,0.0192574262619019,-0.149162113666534,0.0191556438803673,-0.149148494005203,0.266147196292877,-0.325295329093933,0.162977874279022,0.428300231695175,0.265834897756577,-0.325362890958786,0.265932619571686,-0.325322598218918,0.0192574262619019,-0.149162113666534,0.265834897756577,-0.325362890958786,0.163116797804832,0.428288280963898
8.1963996887207,0.163156807422638,0.428304314613342,0.266074001789093,-0.325347155332565,0.0190838798880577,-0.149075224995613,0.265718340873718,-0.325400233268738,0.266074001789093,-0.325347155332565,0.162850886583328,0.428136646747589,0.265932887792587,-0.325373113155365,0.0191855747252703,-0.149088948965073,0.0190838444977999,-0.149075224995613,0.26593291759491,-0.325373142957687,0.163414224982262,0.428368121385574,0.265620589256287,-0.325440436601639,0.265718340873718,-0.325400233268738,0.0191855747252703,-0.149088948965073,0.265620589256287,-0.325440436601639,0.163553178310394,0.428356051445007
8.19699954986572,0.163592904806137,0.428372085094452,0.265859693288803,-0.325424909591675,0.0190122220665216,-0.149001985788345,0.265504002571106,-0.325477659702301,0.265859693288803,-0.325424909591675,0.163287177681923,0.428204596042633,0.26571848988533,-0.325450748205185,0.0191138610243797,-0.149015784263611,0.0190122220665216,-0.149001985788345,0.26571848988533,-0.325450778007507,0.163850486278534,0.428435653448105,0.265406340360641,-0.32551783323288,0.265504002571106,-0.325477659702301,0.0191138610243797,-0.149015784263611,0.265406340360641,-0.32551783323288,0.163989350199699,0.428423404693604
8.19760036468506,0.164029002189636,0.428439438343048,0.265645295381546,-0.325502425432205,0.0189407002180815,-0.148928701877594,0.265289723873138,-0.32555490732193,0.265645295381546,-0.325502425432205,0.163723260164261,0.428272247314453,0.265504151582718,-0.325528204441071,0.0190422497689724,-0.148942604660988,0.0189407002180815,-0.148928701877594,0.265504151582718,-0.325528204441071,0.164286509156227,0.428502768278122,0.265192031860352,-0.325594991445541,0.265289723873138,-0.32555490732193,0.0190422497689724,-0.148942604660988,0.265192031860352,-0.325594991445541,0.164425328373909,0.428490430116653
8.19820022583008,0.164464890956879,0.428506433963776,0.265430927276611,-0.325579762458801,0.0188692808151245,-0.148855432868004,0.265075474977493,-0.32563191652298,0.265430927276611,-0.325579762458801,0.164159223437309,0.428339451551437,0.265289783477783,-0.325605392456055,0.0189707763493061,-0.148869410157204,0.0188692808151245,-0.148855432868004,0.265289783477783,-0.325605392456055,0.164722442626953,0.428569555282593,0.264977753162384,-0.325671881437302,0.265075474977493,-0.32563191652298,0.0189707763493061,-0.148869410157204,0.264977753162384,-0.325671881437302,0.164861083030701,0.42855703830719
8.1988000869751,0.164900556206703,0.428573131561279,0.265216588973999,-0.325656861066818,0.0187979657202959,-0.148782148957253,0.264861255884171,-0.325708717107773,0.265216588973999,-0.325656861066818,0.164595112204552,0.428406327962875,0.265075474977493,-0.325682401657104,0.0188994072377682,-0.148796215653419,0.0187979657202959,-0.148782148957253,0.265075474977493,-0.325682401657104,0.16515825688839,0.428635984659195,0.264763534069061,-0.32574862241745,0.264861255884171,-0.325708717107773,0.0188994072377682,-0.148796215653419,0.264763534069061,-0.32574862241745,0.165296852588654,0.42862331867218
8.19939994812012,0.165336236357689,0.428639382123947,0.265002280473709,-0.325733751058578,0.0187268238514662,-0.14870885014534,0.264646917581558,-0.325785338878632,0.265002280473709,-0.325733751058578,0.165030777454376,0.428472876548767,0.264861136674881,-0.325759202241898,0.0188281778246164,-0.148723021149635,0.0187268238514662,-0.14870885014534,0.264861136674881,-0.325759202241898,0.165593981742859,0.428701996803284,0.264549165964127,-0.325825154781342,0.264646917581558,-0.325785338878632,0.0188281778246164,-0.148723021149635,0.264549165964127,-0.325825154781342,0.165732592344284,0.428689241409302
8.19999980926514,0.165771722793579,0.428705304861069,0.264787882566452,-0.325810462236404,0.018655750900507,-0.148635566234589,0.264432698488235,-0.325861722230911,0.264787882566452,-0.325810462236404,0.165466338396072,0.428539007902145,0.264646768569946,-0.325835794210434,0.0187570489943027,-0.14864981174469,0.018655750900507,-0.148635566234589,0.264646768569946,-0.325835794210434,0.16602948307991,0.428767681121826,0.264334917068481,-0.325901448726654,0.264432698488235,-0.325861722230911,0.0187570489943027,-0.14864981174469,0.264334917068481,-0.325901448726654,0.166167929768562,0.428754776716232
8.20059967041016,0.166207075119019,0.428770840167999,0.264573574066162,-0.325886964797974,0.0185847450047731,-0.148562267422676,0.26421844959259,-0.325937896966934,0.264573574066162,-0.325886964797974,0.165901780128479,0.428604781627655,0.264432400465012,-0.325912177562714,0.0186859872192144,-0.148576587438583,0.0185847450047731,-0.148562267422676,0.264432400465012,-0.325912177562714,0.166464775800705,0.428833037614822,0.264120638370514,-0.32597753405571,0.26421844959259,-0.325937896966934,0.0186859872192144,-0.148576587438583,0.264120638370514,-0.32597753405571,0.166603252291679,0.428819954395294
8.20119953155518,0.16664220392704,0.428836017847061,0.264359176158905,-0.325963228940964,0.0185139458626509,-0.148488953709602,0.264004230499268,-0.3260138630867,0.264359176158905,-0.325963228940964,0.16633702814579,0.428670257329941,0.264218121767044,-0.325988352298737,0.018615098670125,-0.148503363132477,0.0185139458626509,-0.148488953709602,0.264218121767044,-0.325988352298737,0.1669000685215,0.428898006677628,0.263906329870224,-0.326053410768509,0.264004230499268,-0.3260138630867,0.018615098670125,-0.148503363132477,0.263906329870224,-0.326053410768509,0.167038485407829,0.42888480424881
8.20180034637451,0.167077347636223,0.428900837898254,0.264144837856293,-0.326039284467697,0.0184432175010443,-0.148415639996529,0.263789981603622,-0.326089650392532,0.264144837856293,-0.326039284467697,0.166772246360779,0.428735256195068,0.264003753662109,-0.32606428861618,0.0185442790389061,-0.14843013882637,0.0184432175010443,-0.148415639996529,0.264003694057465,-0.326064318418503,0.167335137724876,0.428962588310242,0.263692140579224,-0.326129108667374,0.263789981603622,-0.326089650392532,0.0185442790389061,-0.14843013882637,0.263692140579224,-0.326129108667374,0.1674734801054,0.42894920706749
8.20240020751953,0.167512282729149,0.428965270519257,0.263930529356003,-0.326115131378174,0.0183725878596306,-0.148342311382294,0.263575673103333,-0.326165169477463,0.263930529356003,-0.326115161180496,0.167207270860672,0.42879992723465,0.263789355754852,-0.32614004611969,0.0184736307710409,-0.148356899619102,0.0183725878596306,-0.148342311382294,0.263789355754852,-0.32614004611969,0.167770102620125,0.429026812314987,0.263477891683578,-0.326204597949982,0.263575673103333,-0.326165169477463,0.0184736307710409,-0.148356899619102,0.263477891683578,-0.326204597949982,0.167908370494843,0.429013311862946
8.20300006866455,0.167946979403496,0.429029375314713,0.263716161251068,-0.326190799474716,0.0183020979166031,-0.14826899766922,0.263361483812332,-0.326240539550781,0.263716161251068,-0.326190799474716,0.167642086744308,0.428864300251007,0.26357501745224,-0.326215624809265,0.0184030514210463,-0.148283675312996,0.0183020979166031,-0.14826899766922,0.26357501745224,-0.326215624809265,0.168204963207245,0.429090678691864,0.263263612985611,-0.326279878616333,0.263361483812332,-0.326240539550781,0.0184030514210463,-0.148283675312996,0.263263612985611,-0.326279878616333,0.168343156576157,0.429077059030533
8.20359992980957,0.168381676077843,0.429093092679977,0.263501852750778,-0.326266229152679,0.0182317104190588,-0.148195669054985,0.263147264719009,-0.326315671205521,0.263501852750778,-0.326266229152679,0.168076768517494,0.428928256034851,0.263360798358917,-0.326290935277939,0.0183326080441475,-0.148210421204567,0.0182317104190588,-0.148195669054985,0.263360798358917,-0.326290935277939,0.168639689683914,0.429154127836227,0.263049274682999,-0.326354920864105,0.263147264719009,-0.326315671205521,0.0183326080441475,-0.148210421204567,0.263049274682999,-0.326354920864105,0.168777719140053,0.429140418767929
8.20419979095459,0.168816179037094,0.429156482219696,0.263287514448166,-0.326341450214386,0.0181613881140947,-0.148122325539589,0.262932986021042,-0.326390624046326,0.263287514448166,-0.326341450214386,0.16851145029068,0.428991854190826,0.263146430253983,-0.326366066932678,0.0182622335851192,-0.148137167096138,0.0181613881140947,-0.148122325539589,0.263146430253983,-0.326366066932678,0.16907411813736,0.429217308759689,0.262835085391998,-0.326429784297943,0.262932986021042,-0.326390624046326,0.0182622335851192,-0.148137167096138,0.262835085391998,-0.326429784297943,0.169212177395821,0.429203450679779
8.20479965209961,0.169250652194023,0.429219484329224,0.263073205947876,-0.326416492462158,0.0180912390351295,-0.148048982024193,0.262718707323074,-0.326465368270874,0.263073205947876,-0.326416492462158,0.16894593834877,0.429055094718933,0.262932002544403,-0.326440989971161,0.0181919932365417,-0.14806392788887,0.0180912390351295,-0.148048982024193,0.262932032346725,-0.326441019773483,0.169508516788483,0.429280042648315,0.262620806694031,-0.326504439115524,0.262718707323074,-0.326465368270874,0.0181919932365417,-0.14806392788887,0.262620806694031,-0.326504439115524,0.169646620750427,0.429266065359116
8.20540046691895,0.169684797525406,0.429282128810883,0.262858867645264,-0.326491326093674,0.0180212296545506,-0.147975638508797,0.262504518032074,-0.326539874076843,0.262858867645264,-0.326491326093674,0.16938017308712,0.429117947816849,0.262717753648758,-0.326515704393387,0.0181218925863504,-0.14799065887928,0.0180212296545506,-0.147975638508797,0.262717753648758,-0.326515704393387,0.169942915439606,0.429342448711395,0.262406527996063,-0.326578855514526,0.262504518032074,-0.326539874076843,0.0181218925863504,-0.14799065887928,0.26240661740303,-0.326578855514526,0.170080840587616,0.429328352212906
8.20600032806396,0.170118942856789,0.429344415664673,0.262644559144974,-0.32656592130661,0.0179512854665518,-0.147902294993401,0.262290269136429,-0.326614201068878,0.262644559144974,-0.32656592130661,0.169814422726631,0.429180502891541,0.262503415346146,-0.326590210199356,0.0180518943816423,-0.147917404770851,0.0179512854665518,-0.147902294993401,0.262503415346146,-0.326590210199356,0.170376896858215,0.429404556751251,0.262192368507385,-0.326653063297272,0.262290269136429,-0.326614201068878,0.0180518943816423,-0.147917404770851,0.262192368507385,-0.326653063297272,0.170514836907387,0.429390251636505
8.20660018920898,0.170552864670753,0.429406315088272,0.262430250644684,-0.326640337705612,0.0178814772516489,-0.147828921675682,0.262076079845428,-0.326688289642334,0.262430280447006,-0.326640367507935,0.170248433947563,0.429242640733719,0.2622891664505,-0.326664537191391,0.0179820340126753,-0.1478441208601,0.0178814772516489,-0.147828921675682,0.2622891664505,-0.326664537191391,0.170810952782631,0.429466217756271,0.261978089809418,-0.326727092266083,0.262076079845428,-0.326688289642334,0.0179820340126753,-0.1478441208601,0.261978089809418,-0.326727092266083,0.170948833227158,0.429451793432236
8.207200050354,0.17098668217659,0.429467886686325,0.262215971946716,-0.326714545488358,0.0178117342293262,-0.147755563259125,0.261861860752106,-0.326762199401855,0.262215971946716,-0.326714545488358,0.1706822514534,0.429304420948029,0.262074828147888,-0.326738566160202,0.0179122369736433,-0.14777085185051,0.0178117342293262,-0.147755563259125,0.262074828147888,-0.326738566160202,0.17124480009079,0.429527550935745,0.261763900518417,-0.326800912618637,0.261861860752106,-0.326762199401855,0.0179122369736433,-0.14777085185051,0.261763900518417,-0.326800912618637,0.17138260602951,0.42951300740242
8.20779991149902,0.171420350670815,0.429529070854187,0.262001663446426,-0.326788514852524,0.0177421309053898,-0.147682204842567,0.261647671461105,-0.32683590054512,0.262001693248749,-0.326788514852524,0.171116024255753,0.42936584353447,0.261860460042953,-0.326812475919724,0.0178425777703524,-0.147697567939758,0.0177421309053898,-0.147682204842567,0.261860460042953,-0.326812475919724,0.171678513288498,0.429588556289673,0.26154962182045,-0.326874494552612,0.261647671461105,-0.32683590054512,0.0178425777703524,-0.147697567939758,0.26154962182045,-0.326874494552612,0.171816140413284,0.429573863744736
8.20839977264404,0.171853810548782,0.42958989739418,0.261787384748459,-0.326862305402756,0.0176726635545492,-0.147608831524849,0.261433452367783,-0.326909393072128,0.261787384748459,-0.326862305402756,0.17154960334301,0.429426968097687,0.261646240949631,-0.326886147260666,0.0177730210125446,-0.147624284029007,0.0176726635545492,-0.147608831524849,0.261646240949631,-0.326886177062988,0.172112002968788,0.429649114608765,0.261335462331772,-0.326947927474976,0.261433452367783,-0.326909393072128,0.0177730210125446,-0.147624284029007,0.261335462331772,-0.326947927474976,0.172249689698219,0.42963433265686
8.20899963378906,0.17228727042675,0.429650396108627,0.261573046445847,-0.326935917139053,0.0176032986491919,-0.14753545820713,0.261219263076782,-0.32698267698288,0.261573046445847,-0.326935917139053,0.171983152627945,0.429487645626068,0.261431962251663,-0.326959609985352,0.0177036002278328,-0.147551000118256,0.0176032986491919,-0.14753545820713,0.261431962251663,-0.326959609985352,0.172545492649078,0.42970934510231,0.261121183633804,-0.32702112197876,0.261219263076782,-0.32698267698288,0.0177036002278328,-0.147551000118256,0.261121183633804,-0.32702112197876,0.172682985663414,0.429694443941116
8.2096004486084,0.172720387578011,0.429710537195206,0.261358797550201,-0.327009260654449,0.0175340343266726,-0.147462084889412,0.261005014181137,-0.327055722475052,0.261358797550201,-0.327009260654449,0.172416478395462,0.429547995328903,0.261217623949051,-0.327032864093781,0.0176342464983463,-0.147477701306343,0.0175340343266726,-0.147462084889412,0.261217653751373,-0.327032893896103,0.172978758811951,0.429769307374954,0.260907024145126,-0.327094107866287,0.261005014181137,-0.327055722475052,0.0176342464983463,-0.147477701306343,0.260907024145126,-0.327094107866287,0.173116266727448,0.429754197597504
8.21020030975342,0.173153504729271,0.429770290851593,0.261144518852234,-0.327082395553589,0.0174648705869913,-0.147388696670532,0.260790854692459,-0.32712858915329,0.261144518852234,-0.327082395553589,0.172849580645561,0.42960798740387,0.261003375053406,-0.327105939388275,0.0175650287419558,-0.147404402494431,0.0174648705869913,-0.147388696670532,0.261003375053406,-0.327105939388275,0.173411890864372,0.429828822612762,0.260692805051804,-0.32716691493988,0.260790854692459,-0.32712858915329,0.0175650287419558,-0.147404402494431,0.260692805051804,-0.32716691493988,0.173549339175224,0.429813593626022
8.21080017089844,0.173586487770081,0.429829686880112,0.260930210351944,-0.327155381441116,0.0173958446830511,-0.147315293550491,0.260576635599136,-0.327201247215271,0.260930210351944,-0.327155381441116,0.173282667994499,0.429667621850967,0.260789066553116,-0.327178806066513,0.0174959469586611,-0.147331088781357,0.0173958446830511,-0.147315293550491,0.260789066553116,-0.327178806066513,0.173844799399376,0.429887980222702,0.260478585958481,-0.327239483594894,0.260576635599136,-0.327201247215271,0.0174959488213062,-0.147331103682518,0.260478585958481,-0.327239483594894,0.173982188105583,0.42987260222435
8.21140003204346,0.174019247293472,0.429888725280762,0.260715931653976,-0.327228128910065,0.0173269528895617,-0.147241920232773,0.260362476110458,-0.327273696660995,0.260715931653976,-0.327228128910065,0.173715531826019,0.429726898670197,0.260574787855148,-0.327251434326172,0.0174269303679466,-0.147257789969444,0.0173269528895617,-0.147241920232773,0.260574787855148,-0.327251434326172,0.174277693033218,0.429946810007095,0.260264366865158,-0.327311843633652,0.260362476110458,-0.327273696660995,0.0174269303679466,-0.147257789969444,0.260264456272125,-0.327311843633652,0.17441500723362,0.429931342601776
8.21199989318848,0.174451872706413,0.429947435855865,0.260501652956009,-0.327300667762756,0.0172581300139427,-0.147168517112732,0.26014831662178,-0.327345967292786,0.260501652956009,-0.327300667762756,0.174148365855217,0.429785817861557,0.260360568761826,-0.327323853969574,0.017358087003231,-0.147184476256371,0.0172581300139427,-0.147168517112732,0.260360568761826,-0.327323913574219,0.174710363149643,0.43000528216362,0.260050237178802,-0.327384024858475,0.26014831662178,-0.327345967292786,0.017358087003231,-0.147184476256371,0.260050237178802,-0.327384024858475,0.174847617745399,0.429989665746689
8.2125997543335,0.174884498119354,0.430005759000778,0.260287404060364,-0.327372997999191,0.0171894412487745,-0.147095113992691,0.259934157133102,-0.327417999505997,0.260287404060364,-0.327372997999191,0.174580991268158,0.429844379425049,0.260146290063858,-0.327396094799042,0.0172893088310957,-0.147111162543297,0.0171894412487745,-0.147095113992691,0.260146290063858,-0.327396094799042,0.175142914056778,0.430063366889954,0.25983601808548,-0.327455967664719,0.259934157133102,-0.327417999505997,0.0172893088310957,-0.147111162543297,0.25983601808548,-0.327455967664719,0.175280079245567,0.430047631263733
8.21319961547852,0.175316885113716,0.430063724517822,0.260073155164719,-0.32744511961937,0.0171208176761866,-0.14702171087265,0.259720027446747,-0.327489852905273,0.260073155164719,-0.32744511961937,0.17501337826252,0.429902613162994,0.259932070970535,-0.327468156814575,0.0172206647694111,-0.147037833929062,0.0171208176761866,-0.14702171087265,0.259932070970535,-0.327468156814575,0.175575435161591,0.430121093988419,0.259621858596802,-0.327527701854706,0.259720027446747,-0.327489852905273,0.0172206666320562,-0.147037848830223,0.259621858596802,-0.327527701854706,0.175712421536446,0.430105268955231
8.21380043029785,0.175749033689499,0.430121332406998,0.259858936071396,-0.327517062425613,0.0170524027198553,-0.146948307752609,0.259505838155746,-0.327561467885971,0.259858936071396,-0.327517062425613,0.175445750355721,0.429960429668427,0.25971782207489,-0.327539950609207,0.0171521250158548,-0.146964520215988,0.0170524027198553,-0.146948307752609,0.25971782207489,-0.327539950609207,0.176007509231567,0.430178582668304,0.259407669305801,-0.327599257230759,0.259505867958069,-0.327561497688293,0.0171521250158548,-0.146964520215988,0.259407669305801,-0.327599257230759,0.176144629716873,0.430162489414215
8.21440029144287,0.17618116736412,0.430178612470627,0.259644687175751,-0.327588766813278,0.0169840175658464,-0.146874904632568,0.259291708469391,-0.327632904052734,0.259644716978073,-0.327588796615601,0.175877884030342,0.430017918348312,0.259503573179245,-0.327611565589905,0.0170836839824915,-0.146891191601753,0.0169840175658464,-0.146874904632568,0.259503573179245,-0.327611565589905,0.17643977701664,0.43023556470871,0.259193539619446,-0.327670574188232,0.259291708469391,-0.327632904052734,0.0170836839824915,-0.146891191601753,0.259193539619446,-0.327670574188232,0.176576718688011,0.430219382047653
8.21500015258789,0.176613077521324,0.430235534906387,0.259430468082428,-0.327660292387009,0.0169157646596432,-0.146801471710205,0.259077548980713,-0.327704071998596,0.259430468082428,-0.327660292387009,0.176310002803802,0.430075079202652,0.2592893242836,-0.327682971954346,0.0170153770595789,-0.146817862987518,0.0169157646596432,-0.146801471710205,0.2592893242836,-0.327682971954346,0.176871716976166,0.430292248725891,0.258979439735413,-0.327741742134094,0.259077548980713,-0.327704071998596,0.0170153770595789,-0.146817862987518,0.258979439735413,-0.327741712331772,0.177008584141731,0.430275917053223
8.21560001373291,0.177044942975044,0.430292069911957,0.259216248989105,-0.32773157954216,0.0168476160615683,-0.146728053689003,0.258863419294357,-0.327775090932846,0.259216248989105,-0.32773157954216,0.176741793751717,0.430131882429123,0.259075105190277,-0.32775416970253,0.0169471725821495,-0.146744534373283,0.0168476160615683,-0.146728053689003,0.259075105190277,-0.32775416970253,0.177303522825241,0.430348604917526,0.25876522064209,-0.327812671661377,0.25886344909668,-0.327775120735168,0.0169471725821495,-0.146744534373283,0.25876522064209,-0.327812671661377,0.177440419793129,0.430332154035568
8.21619987487793,0.177476599812508,0.430348247289658,0.25900200009346,-0.327802658081055,0.0167796015739441,-0.146654650568962,0.258649349212646,-0.327845901250839,0.25900200009346,-0.327802658081055,0.177173539996147,0.430188298225403,0.258860945701599,-0.327825129032135,0.0168790686875582,-0.146671190857887,0.0167796015739441,-0.146654650568962,0.258860945701599,-0.327825129032135,0.177735194563866,0.430404543876648,0.258551120758057,-0.327883362770081,0.258649349212646,-0.327845901250839,0.0168790686875582,-0.146671190857887,0.258551120758057,-0.327883362770081,0.177872017025948,0.430387943983078
8.21679973602295,0.177908018231392,0.430404126644135,0.258787900209427,-0.327873587608337,0.0167116541415453,-0.14658123254776,0.258435249328613,-0.327916532754898,0.258787900209427,-0.327873587608337,0.177605167031288,0.430244386196136,0.258646726608276,-0.327895939350128,0.0168110653758049,-0.146597862243652,0.0167116541415453,-0.14658123254776,0.258646726608276,-0.327895939350128,0.178166747093201,0.430460125207901,0.258336991071701,-0.32795387506485,0.258435249328613,-0.327916532754898,0.0168110653758049,-0.146597862243652,0.258336991071701,-0.32795387506485,0.178303405642509,0.430443495512009
8.21739959716797,0.178339406847954,0.43045961856842,0.258573651313782,-0.327944248914719,0.0166438743472099,-0.146507799625397,0.258221089839935,-0.327986925840378,0.258573651313782,-0.327944248914719,0.178036585450172,0.430300116539001,0.258432567119598,-0.327966511249542,0.0167431961745024,-0.146524518728256,0.0166438743472099,-0.146507799625397,0.258432567119598,-0.327966511249542,0.178598061203957,0.430515438318253,0.258122891187668,-0.328024208545685,0.258221089839935,-0.327986925840378,0.0167431961745024,-0.146524518728256,0.258122891187668,-0.328024208545685,0.178734734654427,0.430498629808426
8.2180004119873,0.178770557045937,0.430514752864838,0.258359432220459,-0.328014731407166,0.0165761597454548,-0.146434381604195,0.258006989955902,-0.328057110309601,0.258359462022781,-0.328014731407166,0.178467944264412,0.430355459451675,0.258218377828598,-0.328036904335022,0.0166754610836506,-0.14645117521286,0.0165761597454548,-0.146434381604195,0.258218377828598,-0.328036904335022,0.17902934551239,0.430570363998413,0.257908761501312,-0.328094333410263,0.258006989955902,-0.328057110309601,0.0166754610836506,-0.14645117521286,0.257908761501312,-0.328094303607941,0.179165944457054,0.430553376674652
8.21860027313232,0.179201677441597,0.430569499731064,0.258145302534103,-0.328085005283356,0.0165085811167955,-0.146360948681831,0.257792919874191,-0.328127086162567,0.258145302534103,-0.328085005283356,0.178899079561234,0.430410504341125,0.258004128932953,-0.328107059001923,0.0166077949106693,-0.146377831697464,0.0165085811167955,-0.146360948681831,0.258004158735275,-0.328107088804245,0.179460510611534,0.430624932050705,0.257694691419601,-0.328164219856262,0.257792919874191,-0.328127086162567,0.0166077949106693,-0.146377831697464,0.257694691419601,-0.328164219856262,0.179596930742264,0.430607825517654
8.21920013427734,0.179632589221001,0.430623978376389,0.257931113243103,-0.328155100345612,0.0164411384612322,-0.146287515759468,0.257578909397125,-0.328196823596954,0.257931113243103,-0.328155100345612,0.179330080747604,0.430465131998062,0.25779002904892,-0.328177034854889,0.0165402591228485,-0.146304488182068,0.0164411384612322,-0.146287515759468,0.25779002904892,-0.328177034854889,0.179891422390938,0.430679082870483,0.257480591535568,-0.328233897686005,0.257578909397125,-0.328196823596954,0.0165402591228485,-0.146304488182068,0.257480591535568,-0.328233897686005,0.180027857422829,0.430661886930466
8.21979999542236,0.18006344139576,0.4306780397892,0.257716953754425,-0.328224956989288,0.0163737237453461,-0.146214067935944,0.25736477971077,-0.32826641201973,0.257716953754425,-0.328224956989288,0.179760843515396,0.430519461631775,0.257575869560242,-0.328246802091599,0.0164728257805109,-0.146231144666672,0.0163737237453461,-0.146214067935944,0.257575869560242,-0.328246802091599,0.180322200059891,0.43073296546936,0.257266521453857,-0.328303426504135,0.25736477971077,-0.32826641201973,0.0164728257805109,-0.146231144666672,0.257266521453857,-0.328303396701813,0.180458575487137,0.430715620517731
8.22039985656738,0.180494070053101,0.430731773376465,0.257502794265747,-0.328294634819031,0.0163065157830715,-0.14614063501358,0.257150769233704,-0.328335791826248,0.257502794265747,-0.328294634819031,0.180191710591316,0.430573403835297,0.257361680269241,-0.328316360712051,0.0164054911583662,-0.146157786250114,0.0163065157830715,-0.14614063501358,0.257361680269241,-0.328316360712051,0.180752962827682,0.430786460638046,0.257052391767502,-0.328372687101364,0.257150769233704,-0.328335791826248,0.0164054911583662,-0.146157786250114,0.257052481174469,-0.328372657299042,0.180889144539833,0.430768966674805
8.2209997177124,0.180924460291862,0.430785179138184,0.257288664579391,-0.328364104032516,0.016239371150732,-0.146067202091217,0.256936728954315,-0.32840496301651,0.257288664579391,-0.328364104032516,0.180622205138206,0.430627048015594,0.257147550582886,-0.328385710716248,0.0163382925093174,-0.146084427833557,0.016239371150732,-0.146067202091217,0.257147550582886,-0.328385710716248,0.181183382868767,0.430839657783508,0.256838321685791,-0.328441768884659,0.256936728954315,-0.32840496301651,0.0163382925093174,-0.146084442734718,0.256838440895081,-0.328441739082336,0.181319698691368,0.430822014808655
8.22159957885742,0.181354820728302,0.430838197469711,0.257074564695358,-0.328433305025101,0.0161722917109728,-0.145993769168854,0.256722658872604,-0.328473895788193,0.257074564695358,-0.328433305025101,0.181052669882774,0.430680274963379,0.256933450698853,-0.328454822301865,0.0162711925804615,-0.146011054515839,0.0161722917109728,-0.145993769168854,0.256933480501175,-0.328454852104187,0.181613758206367,0.430892437696457,0.256624341011047,-0.328510642051697,0.256722658872604,-0.328473895788193,0.0162711925804615,-0.146011054515839,0.256624341011047,-0.328510642051697,0.181749999523163,0.430874675512314
8.22220039367676,0.18178503215313,0.430890887975693,0.256860435009003,-0.328502357006073,0.0161054152995348,-0.145920321345329,0.256508618593216,-0.328542679548264,0.256860435009003,-0.328502357006073,0.181482911109924,0.430733203887939,0.256719350814819,-0.32852378487587,0.0162041913717985,-0.145937711000443,0.0161054152995348,-0.145920321345329,0.256719350814819,-0.32852378487587,0.182043999433517,0.430944889783859,0.256410270929337,-0.328579276800156,0.256508618593216,-0.328542679548264,0.0162041913717985,-0.145937711000443,0.256410270929337,-0.328579276800156,0.182180061936378,0.430927008390427
8.22280025482178,0.182215020060539,0.430943191051483,0.256646275520325,-0.328571200370789,0.0160385705530643,-0.145846873521805,0.256294637918472,-0.328611254692078,0.256646275520325,-0.328571200370789,0.181913018226624,0.430785745382309,0.256505191326141,-0.328592538833618,0.0161373261362314,-0.145864352583885,0.0160385705530643,-0.145846873521805,0.256505191326141,-0.328592538833618,0.18247401714325,0.430996984243393,0.256196260452271,-0.328647762537003,0.256294637918472,-0.328611254692078,0.0161373261362314,-0.145864352583885,0.256196260452271,-0.328647762537003,0.182610094547272,0.430978983640671
8.2234001159668,0.182644858956337,0.43099519610405,0.256432145833969,-0.328639835119247,0.0159718580543995,-0.14577342569828,0.256080597639084,-0.328679591417313,0.256432145833969,-0.328639835119247,0.18234296143055,0.43083792924881,0.256291061639786,-0.328661054372787,0.0160705242305994,-0.145790979266167,0.0159718580543995,-0.14577342569828,0.256291061639786,-0.328661054372787,0.182903975248337,0.431048721075058,0.255982249975204,-0.32871600985527,0.256080597639084,-0.328679591417313,0.0160705242305994,-0.145790979266167,0.255982249975204,-0.32871600985527,0.183039888739586,0.431030601263046
8.22399997711182,0.183074668049812,0.431046843528748,0.256218105554581,-0.328708291053772,0.0159052815288305,-0.145699992775917,0.255866646766663,-0.328747719526291,0.256218105554581,-0.328708291053772,0.182772889733315,0.430889785289764,0.256076991558075,-0.3287293612957,0.0160038564354181,-0.145717620849609,0.0159052815288305,-0.145699992775917,0.256077021360397,-0.328729391098022,0.183333724737167,0.431100159883499,0.255768269300461,-0.328784108161926,0.255866676568985,-0.328747749328613,0.0160038564354181,-0.145717620849609,0.255768269300461,-0.328784108161926,0.183469653129578,0.431081831455231
8.22459983825684,0.183504238724709,0.431098073720932,0.256004005670547,-0.32877653837204,0.0158387683331966,-0.145626530051231,0.255652636289597,-0.328815639019012,0.256004005670547,-0.32877653837204,0.1832025796175,0.430941313505173,0.255862921476364,-0.328797519207001,0.0159373227506876,-0.145644247531891,0.0158387683331966,-0.145626530051231,0.255862921476364,-0.328797519207001,0.183763399720192,0.431151211261749,0.255554229021072,-0.328851968050003,0.255652636289597,-0.328815639019012,0.0159373227506876,-0.145644247531891,0.255554229021072,-0.328851968050003,0.183899164199829,0.431132763624191
8.22519969940186,0.183933660387993,0.431149065494537,0.255789965391159,-0.328844547271729,0.0157724227756262,-0.145553082227707,0.255438685417175,-0.3288833796978,0.255789965391159,-0.328844547271729,0.183632120490074,0.43099245429039,0.255648910999298,-0.328865438699722,0.0158708542585373,-0.145570874214172,0.0157724227756262,-0.145553082227707,0.255648851394653,-0.328865438699722,0.184192851185799,0.431201905012131,0.255340278148651,-0.328919619321823,0.255438685417175,-0.3288833796978,0.0158708561211824,-0.145570889115334,0.255340248346329,-0.328919589519501,0.184328630566597,0.431183367967606
8.22579956054688,0.184363052248955,0.431199610233307,0.255575865507126,-0.328912347555161,0.0157061461359262,-0.145479634404182,0.255224704742432,-0.328950941562653,0.255575865507126,-0.328912347555161,0.184061422944069,0.431043297052383,0.255434840917587,-0.328933149576187,0.0158045180141926,-0.145497515797615,0.0157061442732811,-0.145479619503021,0.255434840917587,-0.328933149576187,0.184622064232826,0.431252300739288,0.25512632727623,-0.328987061977386,0.255224704742432,-0.328950941562653,0.0158045180141926,-0.145497515797615,0.25512632727623,-0.328987061977386,0.184757873415947,0.431233614683151
8.22640037536621,0.184792086482048,0.43124982714653,0.25536185503006,-0.328979969024658,0.0156399980187416,-0.145406171679497,0.25501075387001,-0.329018265008926,0.25536185503006,-0.328979969024658,0.18449068069458,0.431093722581863,0.255220800638199,-0.329000651836395,0.0157383158802986,-0.145424142479897,0.0156399980187416,-0.145406171679497,0.255220800638199,-0.329000651836395,0.18505123257637,0.431302279233932,0.254912376403809,-0.329054296016693,0.25501075387001,-0.329018265008926,0.0157383158802986,-0.145424142479897,0.254912376403809,-0.329054296016693,0.185186952352524,0.431283473968506
8.22700023651123,0.185221090912819,0.43129974603653,0.255147844552994,-0.329047411680222,0.0155739160254598,-0.145332738757133,0.254796832799911,-0.329085350036621,0.255147755146027,-0.329047411680222,0.184919714927673,0.43114385008812,0.255006730556488,-0.329067975282669,0.0156721789389849,-0.145350769162178,0.0155739160254598,-0.145332738757133,0.255006730556488,-0.329067975282669,0.185480356216431,0.431351959705353,0.254698425531387,-0.329121321439743,0.254796832799911,-0.329085350036621,0.0156721789389849,-0.145350769162178,0.254698425531387,-0.329121321439743,0.18561589717865,0.431333005428314
8.22760009765625,0.185649961233139,0.431349277496338,0.254933744668961,-0.329114586114883,0.0155080026015639,-0.145259276032448,0.254582911729813,-0.329152286052704,0.254933744668961,-0.329114586114883,0.185348704457283,0.431193619966507,0.254792779684067,-0.329135090112686,0.0156061742454767,-0.14527739584446,0.0155079672113061,-0.145259290933609,0.254792779684067,-0.329135090112686,0.185909241437912,0.431401282548904,0.254484504461288,-0.329188168048859,0.254582911729813,-0.329152286052704,0.0156061742454767,-0.14527739584446,0.254484504461288,-0.329188168048859,0.186044707894325,0.431382209062576
8.22819995880127,0.186078578233719,0.4313984811306,0.254719763994217,-0.329181611537933,0.0154421515762806,-0.145185843110085,0.254368931055069,-0.32921901345253,0.254719763994217,-0.329181611537933,0.185777425765991,0.431243032217026,0.254578709602356,-0.329201966524124,0.0155402692034841,-0.145204037427902,0.0154421515762806,-0.145185828208923,0.254578709602356,-0.329201966524124,0.186337873339653,0.431450247764587,0.254270523786545,-0.329254806041718,0.254368960857391,-0.32921901345253,0.0155402692034841,-0.145204037427902,0.254270523786545,-0.329254806041718,0.186473369598389,0.431431084871292
8.22879981994629,0.186507239937782,0.431447327136993,0.254505723714828,-0.329248428344727,0.0153764337301254,-0.145112365484238,0.254155099391937,-0.329285532236099,0.254505723714828,-0.329248428344727,0.186206147074699,0.431292116641998,0.25436469912529,-0.32926869392395,0.0154744619503617,-0.145130649209023,0.0153764337301254,-0.145112365484238,0.25436469912529,-0.32926869392395,0.18676646053791,0.431498855352402,0.254056662321091,-0.329321265220642,0.254155099391937,-0.329285532236099,0.0154744619503617,-0.145130649209023,0.254056662321091,-0.329321265220642,0.186901777982712,0.431479543447495
8.22939968109131,0.186935484409332,0.431495875120163,0.254291772842407,-0.329315006732941,0.0153108155354857,-0.145038917660713,0.253941148519516,-0.329351842403412,0.254291772842407,-0.329315006732941,0.186634585261345,0.431340873241425,0.254150837659836,-0.329335182905197,0.0154087878763676,-0.145057290792465,0.0153108155354857,-0.145038917660713,0.254150837659836,-0.329335182905197,0.187194913625717,0.43154713511467,0.253842800855637,-0.329387456178665,0.253941148519516,-0.329351842403412,0.0154087878763676,-0.145057290792465,0.253842800855637,-0.329387456178665,0.187330141663551,0.431527704000473
8.22999954223633,0.187363862991333,0.431544005870819,0.254077792167664,-0.32938140630722,0.015245296061039,-0.144965454936028,0.253727376461029,-0.32941797375679,0.254077792167664,-0.32938140630722,0.18706288933754,0.43138924241066,0.253936797380447,-0.329401463270187,0.0153432115912437,-0.144983902573586,0.015245296061039,-0.144965454936028,0.253936797380447,-0.329401463270187,0.187623113393784,0.431595057249069,0.253628879785538,-0.329453527927399,0.253727376461029,-0.32941797375679,0.0153432115912437,-0.144983902573586,0.253628879785538,-0.329453527927399,0.187758266925812,0.431575506925583
8.23060035705566,0.187791794538498,0.431591838598251,0.253863841295242,-0.329447597265244,0.0151799088343978,-0.144892007112503,0.253513514995575,-0.329483866691589,0.253863841295242,-0.329447597265244,0.187491163611412,0.431437283754349,0.253722786903381,-0.329467535018921,0.015277735888958,-0.144910529255867,0.0151799088343978,-0.144892007112503,0.253722786903381,-0.329467535018921,0.188051179051399,0.431642681360245,0.253414988517761,-0.329519331455231,0.253513514995575,-0.329483866691589,0.015277735888958,-0.144910529255867,0.253414988517761,-0.329519331455231,0.188186347484589,0.431622952222824
8.23120021820068,0.188219785690308,0.431639313697815,0.253649860620499,-0.32951357960701,0.0151146203279495,-0.144818559288979,0.253299623727798,-0.329549551010132,0.253649860620499,-0.32951357960701,0.187919065356255,0.431484997272491,0.253508865833282,-0.329533398151398,0.0152123905718327,-0.144837155938148,0.0151146203279495,-0.144818559288979,0.253508865833282,-0.329533398151398,0.18847918510437,0.431689947843552,0.253201127052307,-0.329584956169128,0.253299623727798,-0.329549551010132,0.0152123905718327,-0.144837155938148,0.253201097249985,-0.329584926366806,0.188614279031754,0.431670099496841
8.2318000793457,0.188647538423538,0.43168643116951,0.2534359395504,-0.32957935333252,0.0150494277477264,-0.144745096564293,0.253085792064667,-0.32961505651474,0.2534359395504,-0.32957935333252,0.188347026705742,0.431532323360443,0.253294974565506,-0.329599142074585,0.015147109515965,-0.144763797521591,0.0150494277477264,-0.144745096564293,0.253294974565506,-0.329599142074585,0.188907042145729,0.431736826896667,0.252987265586853,-0.329650372266769,0.253085792064667,-0.32961505651474,0.015147109515965,-0.144763797521591,0.252987235784531,-0.329650342464447,0.189041942358017,0.43171688914299
8.23239994049072,0.189075231552124,0.431733220815659,0.253222048282623,-0.329644948244095,0.0149843357503414,-0.144671633839607,0.252871930599213,-0.329680353403091,0.253222048282623,-0.329644948244095,0.188774764537811,0.431579321622849,0.253081083297729,-0.329664587974548,0.0150819597765803,-0.14469039440155,0.0149843357503414,-0.144671633839607,0.253081083297729,-0.329664587974548,0.189334660768509,0.431783378124237,0.252773463726044,-0.329715579748154,0.252871930599213,-0.329680353403091,0.0150819597765803,-0.14469039440155,0.252773463726044,-0.329715579748154,0.189469590783119,0.43176332116127
8.23299980163574,0.189502686262131,0.431779682636261,0.253008157014847,-0.329710334539413,0.014919376000762,-0.144598200917244,0.252658188343048,-0.329745471477509,0.253008157014847,-0.329710334539413,0.189202323555946,0.43162602186203,0.252867162227631,-0.329729855060577,0.015016945078969,-0.144617035984993,0.014919376000762,-0.144598200917244,0.252867162227631,-0.329729855060577,0.189762115478516,0.43182960152626,0.252559632062912,-0.329780578613281,0.252658188343048,-0.329745471477509,0.015016945078969,-0.144617035984993,0.252559632062912,-0.329780578613281,0.189896956086159,0.431809395551682
8.23359966278076,0.189929962158203,0.431825757026672,0.252794206142426,-0.329775512218475,0.0148545475676656,-0.144524738192558,0.252444446086884,-0.329810351133347,0.252794206142426,-0.329775542020798,0.189629644155502,0.431672304868698,0.252653241157532,-0.329794943332672,0.0149519927799702,-0.144543662667274,0.0148545475676656,-0.144524738192558,0.252653241157532,-0.329794943332672,0.190189525485039,0.431875497102737,0.252345830202103,-0.329845368862152,0.252444446086884,-0.329810351133347,0.0149519927799702,-0.144543662667274,0.252345830202103,-0.329845368862152,0.190324306488037,0.431855142116547
8.23419952392578,0.190357223153114,0.431871563196182,0.252580314874649,-0.329840481281281,0.0147897824645042,-0.144451275467873,0.252230614423752,-0.329875022172928,0.252580314874649,-0.329840481281281,0.190056920051575,0.431718319654465,0.2524394094944,-0.32985982298851,0.0148871717974544,-0.144470274448395,0.0147897824645042,-0.144451275467873,0.2524394094944,-0.32985982298851,0.190616697072983,0.431921035051346,0.252132028341293,-0.329910010099411,0.252230614423752,-0.329875022172928,0.0148871717974544,-0.144470274448395,0.252132028341293,-0.329910010099411,0.190751373767853,0.431900531053543
8.23480033874512,0.190784215927124,0.431916952133179,0.252366453409195,-0.329905241727829,0.0147251160815358,-0.144377812743187,0.252016812562943,-0.329939514398575,0.252366453409195,-0.329905241727829,0.190484136343002,0.43176394701004,0.252225577831268,-0.329924464225769,0.0148224849253893,-0.144396916031837,0.0147251160815358,-0.144377812743187,0.252225577831268,-0.329924464225769,0.191043809056282,0.431966215372086,0.251918256282806,-0.329974412918091,0.252016812562943,-0.329939514398575,0.0148224849253893,-0.144396916031837,0.251918256282806,-0.329974412918091,0.191178321838379,0.431945621967316
8.23540019989014,0.191211149096489,0.431962013244629,0.252152591943741,-0.329969853162766,0.014660581946373,-0.144304379820824,0.2518031001091,-0.330003827810287,0.252152591943741,-0.329969853162766,0.190911009907722,0.43180924654007,0.252011686563492,-0.329988956451416,0.0147578585892916,-0.144323527812958,0.014660581946373,-0.144304379820824,0.252011686563492,-0.329988956451416,0.191470667719841,0.432011067867279,0.251704484224319,-0.330038607120514,0.2518031001091,-0.330003827810287,0.0147578585892916,-0.144323527812958,0.251704484224319,-0.330038607120514,0.191605180501938,0.431990325450897
8.23600006103516,0.191637739539146,0.432006776332855,0.251938849687576,-0.330034196376801,0.0145961428061128,-0.144230902194977,0.251589387655258,-0.330067873001099,0.251938849687576,-0.330034196376801,0.191337823867798,0.431854158639908,0.25179785490036,-0.330053240060806,0.0146933663636446,-0.144250154495239,0.0145961428061128,-0.144230902194977,0.25179785490036,-0.330053240060806,0.191897362470627,0.432055562734604,0.251490741968155,-0.330102622509003,0.251589387655258,-0.330067873001099,0.0146933663636446,-0.144250154495239,0.251490741968155,-0.330102622509003,0.192031800746918,0.432034730911255
8.23659992218018,0.19206428527832,0.432051151990891,0.251725018024445,-0.330098390579224,0.014531803317368,-0.144157454371452,0.251375645399094,-0.330131769180298,0.251725018024445,-0.330098390579224,0.191764488816261,0.431898832321167,0.251584023237228,-0.330117255449295,0.0146289374679327,-0.144176796078682,0.014531803317368,-0.144157454371452,0.251584023237228,-0.330117255449295,0.19232402741909,0.432099759578705,0.251277059316635,-0.330166429281235,0.251375645399094,-0.330131769180298,0.0146289374679327,-0.144176796078682,0.251277059316635,-0.330166429281235,0.192458391189575,0.432078748941422
8.2371997833252,0.192490667104721,0.43209519982338,0.251511186361313,-0.330162346363068,0.0144675951451063,-0.144084021449089,0.251161932945251,-0.330195426940918,0.251511186361313,-0.330162346363068,0.192190915346146,0.431943088769913,0.251370191574097,-0.330181121826172,0.0145646715536714,-0.144103422760963,0.0144675951451063,-0.144084006547928,0.251370191574097,-0.330181121826172,0.192750334739685,0.432143568992615,0.251063346862793,-0.33023002743721,0.251161962747574,-0.33019545674324,0.0145646715536714,-0.144103422760963,0.251063346862793,-0.33023002743721,0.19288469851017,0.432122439146042
8.23779964447021,0.192916989326477,0.432138919830322,0.251297384500504,-0.330226123332977,0.0144034847617149,-0.144010573625565,0.250948280096054,-0.330258935689926,0.251297384500504,-0.330226123332977,0.192617267370224,0.431987017393112,0.251156449317932,-0.330244779586792,0.0145004717633128,-0.144030049443245,0.0144034847617149,-0.144010573625565,0.251156449317932,-0.330244779586792,0.193176671862602,0.432187080383301,0.250849664211273,-0.330293387174606,0.250948280096054,-0.330258935689926,0.0145004717633128,-0.144030049443245,0.250849664211273,-0.330293387174606,0.193310961127281,0.432165801525116
8.23840045928955,0.193343073129654,0.432182282209396,0.251083582639694,-0.330289661884308,0.0143394703045487,-0.14393712580204,0.250734597444534,-0.330322206020355,0.251083582639694,-0.330289661884308,0.19304358959198,0.432030618190765,0.250942677259445,-0.330308228731155,0.0144364014267921,-0.143956676125526,0.0143394703045487,-0.14393712580204,0.250942677259445,-0.330308228731155,0.193602755665779,0.432230234146118,0.250635981559753,-0.330356597900391,0.250734597444534,-0.330322206020355,0.0144364014267921,-0.143956676125526,0.250635981559753,-0.330356597900391,0.193736955523491,0.432208836078644
8.23900032043457,0.193768978118896,0.432225316762924,0.250869870185852,-0.330352991819382,0.0142755871638656,-0.143863663077354,0.250520974397659,-0.330385267734528,0.250869870185852,-0.330352991819382,0.193469524383545,0.432073891162872,0.250728964805603,-0.330371528863907,0.0143724288791418,-0.143883317708969,0.0142755871638656,-0.143863663077354,0.250728964805603,-0.330371528863907,0.194028690457344,0.432273030281067,0.250422239303589,-0.330419600009918,0.250520974397659,-0.330385267734528,0.0143724288791418,-0.143883317708969,0.250422239303589,-0.330419600009918,0.194162905216217,0.432251542806625
8.23960018157959,0.194194838404655,0.432268023490906,0.250656098127365,-0.330416142940521,0.0142117673531175,-0.14379021525383,0.250307321548462,-0.330448150634766,0.250656098127365,-0.330416172742844,0.193895429372787,0.432116776704788,0.250515192747116,-0.330434530973434,0.0143085541203618,-0.143809959292412,0.0142117673531175,-0.14379021525383,0.250515192747116,-0.330434560775757,0.194454565644264,0.432315528392792,0.250208646059036,-0.330482393503189,0.250307321548462,-0.330448150634766,0.0143085541203618,-0.143809959292412,0.250208646059036,-0.330482393503189,0.194588616490364,0.432293921709061
8.24020004272461,0.194620460271835,0.432310372591019,0.250442385673523,-0.330479115247726,0.0141480788588524,-0.143716782331467,0.250093698501587,-0.330510824918747,0.250442385673523,-0.330479115247726,0.194321155548096,0.43215936422348,0.250301480293274,-0.330497413873672,0.0142448097467422,-0.143736585974693,0.0141480788588524,-0.143716782331467,0.250301480293274,-0.330497413873672,0.194880202412605,0.432357639074326,0.249995037913322,-0.330545008182526,0.250093698501587,-0.330510824918747,0.0142448097467422,-0.143736585974693,0.249995023012161,-0.330544978380203,0.195014238357544,0.432335883378983
8.24079990386963,0.19504588842392,0.432352393865585,0.250228673219681,-0.330541878938675,0.0140844881534576,-0.143643334507942,0.249880090355873,-0.330573320388794,0.250228673219681,-0.330541878938675,0.194746643304825,0.432201623916626,0.250087738037109,-0.330560058355331,0.0141811268404126,-0.143663227558136,0.0140844881534576,-0.143643334507942,0.250087738037109,-0.330560058355331,0.195305645465851,0.432399451732635,0.249781355261803,-0.330607384443283,0.249880090355873,-0.330573320388794,0.0141811268404126,-0.143663227558136,0.249781355261803,-0.330607354640961,0.195439621806145,0.432377576828003
8.24139976501465,0.195471182465553,0.432394057512283,0.250014960765839,-0.330604404211044,0.0140210278332233,-0.143569901585579,0.249666482210159,-0.330635577440262,0.250014960765839,-0.330604404211044,0.195172071456909,0.432243496179581,0.249874129891396,-0.330622494220734,0.0141176097095013,-0.143589869141579,0.0140210278332233,-0.143569901585579,0.249874129891396,-0.330622494220734,0.195731058716774,0.432440936565399,0.249567776918411,-0.330669581890106,0.249666482210159,-0.330635577440262,0.0141176097095013,-0.143589869141579,0.249567836523056,-0.330669552087784,0.19586493074894,0.43241885304451
8.24199962615967,0.195896312594414,0.432435423135757,0.249801337718964,-0.330666750669479,0.013957628980279,-0.143496453762054,0.249452963471413,-0.330697655677795,0.249801337718964,-0.330666750669479,0.195597425103188,0.432285070419312,0.249660432338715,-0.330684751272202,0.0140541568398476,-0.14351649582386,0.013957628980279,-0.143496453762054,0.249660432338715,-0.330684751272202,0.196156293153763,0.432482004165649,0.249354213476181,-0.33073154091835,0.249452963471413,-0.330697655677795,0.0140541568398476,-0.14351649582386,0.249354213476181,-0.330731511116028,0.196290001273155,0.43245992064476
8.242600440979,0.196321383118629,0.432476460933685,0.249587669968605,-0.330728888511658,0.0138943614438176,-0.143423035740852,0.249239400029182,-0.33075949549675,0.249587669968605,-0.330728888511658,0.196022525429726,0.432326287031174,0.249446764588356,-0.330746799707413,0.0139908334240317,-0.143443152308464,0.013894360512495,-0.143423020839691,0.249446764588356,-0.330746799707413,0.196581274271011,0.432522833347321,0.249140650033951,-0.330793291330338,0.249239400029182,-0.33075949549675,0.0139908334240317,-0.143443152308464,0.249140650033951,-0.330793291330338,0.196714997291565,0.432500541210175
8.24320030212402,0.196746185421944,0.432517111301422,0.249374061822891,-0.330790877342224,0.0138312233611941,-0.143349587917328,0.24902580678463,-0.330821186304092,0.249374061822891,-0.330790877342224,0.196447372436523,0.43236717581749,0.249233186244965,-0.33080866932869,0.0139275724068284,-0.143369793891907,0.0138312233611941,-0.143349587917328,0.249233186244965,-0.33080866932869,0.197006195783615,0.432563275098801,0.248927131295204,-0.330854922533035,0.24902580678463,-0.330821186304092,0.0139275724068284,-0.143369793891907,0.248927131295204,-0.330854922533035,0.197139725089073,0.432540863752365
8.24380016326904,0.197170928120613,0.432557433843613,0.249160438776016,-0.330852627754211,0.0137681486085057,-0.143276140093803,0.248812273144722,-0.330882638692856,0.249160438776016,-0.330852627754211,0.196872174739838,0.432407766580582,0.249019533395767,-0.330870300531387,0.0138644399121404,-0.143296420574188,0.0137681486085057,-0.143276140093803,0.249019533395767,-0.330870300531387,0.197430849075317,0.432603389024734,0.248713582754135,-0.330916285514832,0.248812273144722,-0.330882638692856,0.0138644399121404,-0.143296420574188,0.248713582754135,-0.330916285514832,0.197564393281937,0.432580888271332
8.24440002441406,0.197595432400703,0.432597458362579,0.248946785926819,-0.330914199352264,0.0137052051723003,-0.143202722072601,0.24859881401062,-0.330943942070007,0.248946785926819,-0.330914199352264,0.197296887636185,0.432447969913483,0.248805955052376,-0.330931752920151,0.0138014415279031,-0.143223077058792,0.0137052051723003,-0.143202722072601,0.248805955052376,-0.330931782722473,0.197855338454247,0.432643175125122,0.248500108718872,-0.330977469682693,0.24859881401062,-0.330943942070007,0.0138014415279031,-0.143223077058792,0.248500108718872,-0.330977469682693,0.19798880815506,0.432620495557785
8.24499988555908,0.198019862174988,0.432637155056,0.24873323738575,-0.330975502729416,0.013642393052578,-0.143129289150238,0.248385369777679,-0.331004977226257,0.24873323738575,-0.330975502729416,0.197721347212791,0.43248787522316,0.248592332005501,-0.330992996692657,0.0137385064736009,-0.143149733543396,0.013642393052578,-0.143129289150238,0.248592332005501,-0.330992996692657,0.198279783129692,0.432682633399963,0.248286589980125,-0.331038475036621,0.248385369777679,-0.331004977226257,0.0137385064736009,-0.143149733543396,0.248286589980125,-0.331038475036621,0.198413148522377,0.432659864425659
8.2455997467041,0.198444008827209,0.432676494121552,0.248519614338875,-0.331036686897278,0.013579641468823,-0.143055871129036,0.248171851038933,-0.331065863370895,0.248519614338875,-0.331036686897278,0.198145642876625,0.432527393102646,0.248378783464432,-0.331054031848907,0.0136756971478462,-0.143076375126839,0.013579641468823,-0.143055871129036,0.248378783464432,-0.331054031848907,0.198704048991203,0.432721704244614,0.248073115944862,-0.331099301576614,0.248171851038933,-0.331065863370895,0.0136756971478462,-0.143076375126839,0.248073115944862,-0.331099301576614,0.198837250471115,0.432698845863342
8.24619960784912,0.198868110775948,0.432715475559235,0.248306110501289,-0.331097632646561,0.0135169504210353,-0.142982438206673,0.247958436608315,-0.331126511096954,0.248306110501289,-0.331097632646561,0.198569789528847,0.432566612958908,0.248165279626846,-0.331114888191223,0.0136130200698972,-0.143003046512604,0.0135169504210353,-0.142982438206673,0.248165279626846,-0.331114888191223,0.199128061532974,0.432760536670685,0.247859716415405,-0.331159859895706,0.247958451509476,-0.331126540899277,0.0136130200698972,-0.143003046512604,0.247859716415405,-0.331159859895706,0.199261277914047,0.432737499475479
8.24680042266846,0.199291929602623,0.432754129171371,0.248092502355576,-0.331158369779587,0.0134544596076012,-0.142909020185471,0.247745022177696,-0.331187009811401,0.248092502355576,-0.331158369779587,0.198993757367134,0.432605504989624,0.2479517608881,-0.331175535917282,0.0135504035279155,-0.142929688096046,0.0134544596076012,-0.142909020185471,0.2479517608881,-0.331175535917282,0.199551999568939,0.432798892259598,0.247646242380142,-0.331220269203186,0.247745022177696,-0.331187009811401,0.0135504035279155,-0.142929688096046,0.247646242380142,-0.331220269203186,0.199685230851173,0.432775795459747
8.24740028381348,0.199715703725815,0.432792454957962,0.247879043221474,-0.331218928098679,0.013392030261457,-0.14283561706543,0.247531592845917,-0.331247299909592,0.247879043221474,-0.331218928098679,0.199417561292648,0.432644039392471,0.247738227248192,-0.331236004829407,0.0134879173710942,-0.14285634458065,0.0133920293301344,-0.142835602164268,0.247738227248192,-0.331236004829407,0.199975669384003,0.432837069034576,0.24743278324604,-0.331280410289764,0.247531592845917,-0.331247299909592,0.0134879173710942,-0.14285634458065,0.24743278324604,-0.331280410289764,0.200108915567398,0.432813763618469
8.2480001449585,0.200139299035072,0.432830452919006,0.247665524482727,-0.331279247999191,0.0133296623826027,-0.142762199044228,0.247318178415298,-0.33130732178688,0.247665539383888,-0.331279277801514,0.199841305613518,0.432682245969772,0.247524723410606,-0.331296235322952,0.013425562530756,-0.142783015966415,0.0133296605199575,-0.142762184143066,0.247524723410606,-0.331296235322952,0.200399279594421,0.432874858379364,0.247219383716583,-0.331340402364731,0.247318178415298,-0.33130732178688,0.013425562530756,-0.142783015966415,0.247219383716583,-0.331340402364731,0.200532346963882,0.432851433753967
8.24860000610352,0.200562745332718,0.432868152856827,0.247452020645142,-0.331339418888092,0.0132674900814891,-0.142688781023026,0.247104853391647,-0.331367194652557,0.247452020645142,-0.331339418888092,0.200264781713486,0.432720154523849,0.247311264276505,-0.331356287002563,0.013363198377192,-0.14270968735218,0.0132674900814891,-0.142688781023026,0.247311264276505,-0.331356287002563,0.200822830200195,0.432912260293961,0.24700602889061,-0.331400215625763,0.247104853391647,-0.331367194652557,0.013363198377192,-0.14270968735218,0.24700602889061,-0.331400215625763,0.2009556889534,0.432888746261597
8.24919986724854,0.200986012816429,0.432905465364456,0.247238621115685,-0.331399351358414,0.0132053131237626,-0.142615363001823,0.246891468763351,-0.3314268887043,0.247238621115685,-0.331399351358414,0.200688198208809,0.432757675647736,0.247097820043564,-0.331416130065918,0.0133011024445295,-0.142636343836784,0.0132053131237626,-0.142615363001823,0.247097820043564,-0.331416130065918,0.201246112585068,0.432949393987656,0.246792644262314,-0.331459760665894,0.246891468763351,-0.3314268887043,0.0133011024445295,-0.142636343836784,0.246792644262314,-0.331459760665894,0.201378986239433,0.432925760746002
8.24979972839355,0.201409116387367,0.432942509651184,0.247025117278099,-0.331459105014801,0.0131433336064219,-0.142541959881783,0.246678158640862,-0.331486344337463,0.247025117278099,-0.331459105014801,0.201111331582069,0.43279492855072,0.246884360909462,-0.331475764513016,0.0132389301434159,-0.142563015222549,0.0131433336064219,-0.142541959881783,0.246884360909462,-0.331475764513016,0.201669216156006,0.432986199855804,0.246579319238663,-0.331519186496735,0.246678158640862,-0.331486344337463,0.0132389301434159,-0.142563015222549,0.246579319238663,-0.331519186496735,0.201802000403404,0.432962417602539
8.25039958953857,0.201832041144371,0.432979136705399,0.246811762452126,-0.331518650054932,0.0130814826115966,-0.142468556761742,0.24646483361721,-0.331545650959015,0.246811762452126,-0.331518650054932,0.201534405350685,0.432831794023514,0.246670946478844,-0.331535220146179,0.0131770223379135,-0.142489671707153,0.0130814826115966,-0.142468556761742,0.246670946478844,-0.331535220146179,0.202092260122299,0.433022618293762,0.246366038918495,-0.331578373908997,0.24646483361721,-0.331545650959015,0.0131770223379135,-0.142489671707153,0.246366038918495,-0.331578373908997,0.20222495496273,0.43299874663353
8.25100040435791,0.20225490629673,0.433015495538712,0.246598303318024,-0.331578016281128,0.0130196940153837,-0.142395153641701,0.246251553297043,-0.331604719161987,0.246598303318024,-0.331578016281128,0.201957315206528,0.432868361473083,0.246457561850548,-0.331594467163086,0.0131151098757982,-0.142416372895241,0.0130196940153837,-0.142395153641701,0.246457561850548,-0.331594467163086,0.202514931559563,0.433058768510818,0.24615266919136,-0.331637382507324,0.246251553297043,-0.331604719161987,0.0131151098757982,-0.142416372895241,0.24615266919136,-0.331637382507324,0.202647641301155,0.433034718036652
8.25160026550293,0.202677503228188,0.433051496744156,0.246384978294373,-0.331637173891068,0.0129578988999128,-0.142321765422821,0.246038317680359,-0.331663548946381,0.246384978294373,-0.331637173891068,0.202380061149597,0.432904630899429,0.246244236826897,-0.331653505563736,0.0130533268675208,-0.142343044281006,0.0129578988999128,-0.142321765422821,0.246244236826897,-0.331653505563736,0.202937737107277,0.433094531297684,0.245939433574677,-0.331696182489395,0.246038317680359,-0.331663548946381,0.0130533268675208,-0.142343044281006,0.245939433574677,-0.331696182489395,0.203070253133774,0.43307039141655
8.25220012664795,0.203100040555,0.433087229728699,0.246171623468399,-0.33169612288475,0.0128963673487306,-0.14224836230278,0.245824992656708,-0.331722229719162,0.246171623468399,-0.33169612288475,0.202802613377571,0.432940512895584,0.246030882000923,-0.331712335348129,0.0129916714504361,-0.142269730567932,0.0128963673487306,-0.14224836230278,0.246030882000923,-0.331712335348129,0.2033601552248,0.433129996061325,0.24572616815567,-0.331754773855209,0.245824992656708,-0.331722229719162,0.0129916714504361,-0.142269730567932,0.24572616815567,-0.331754773855209,0.203492596745491,0.433105736970901
8.25279998779297,0.203522175550461,0.433122575283051,0.245958223938942,-0.331754833459854,0.0128348292782903,-0.142174988985062,0.245611786842346,-0.331780701875687,0.245958223938942,-0.331754833459854,0.203225001692772,0.43297603726387,0.245817497372627,-0.331771016120911,0.0129300775006413,-0.142196416854858,0.0128348292782903,-0.142174988985062,0.245817497372627,-0.331771016120911,0.203782513737679,0.433165162801743,0.245512872934341,-0.331813156604767,0.245611786842346,-0.331780701875687,0.0129300775006413,-0.142196416854858,0.245512872934341,-0.331813156604767,0.203914865851402,0.433140754699707
8.25339984893799,0.203944459557533,0.433157563209534,0.245744988322258,-0.331813454627991,0.0127734886482358,-0.142101585865021,0.245398581027985,-0.331839025020599,0.245744988322258,-0.331813454627991,0.203647330403328,0.433011263608932,0.245604276657104,-0.331829488277435,0.0128686130046844,-0.142123103141785,0.0127734886482358,-0.142101585865021,0.245604276657104,-0.331829488277435,0.204204693436623,0.433199912309647,0.245299726724625,-0.331871330738068,0.245398581027985,-0.331839025020599,0.0128686130046844,-0.142123103141785,0.245299726724625,-0.331871330738068,0.204337060451508,0.433175414800644
8.25399971008301,0.204366371035576,0.433192282915115,0.245531633496284,-0.331871777772903,0.0127121405676007,-0.142028212547302,0.245185405015945,-0.331897079944611,0.245531633496284,-0.331871777772903,0.204069405794144,0.433046191930771,0.245390996336937,-0.331887722015381,0.0128072770312428,-0.142049789428711,0.0127121405676007,-0.142028212547302,0.245390996336937,-0.331887722015381,0.204626604914665,0.433234393596649,0.245086550712585,-0.331929355859756,0.245185405015945,-0.331897079944611,0.0128072770312428,-0.142049789428711,0.245086550712585,-0.331929355859756,0.204758986830711,0.433209747076035
8.25459957122803,0.204788208007813,0.433226644992828,0.245318338274956,-0.331929951906204,0.0126510579138994,-0.141954824328423,0.244972214102745,-0.331954956054688,0.245318338274956,-0.331929951906204,0.204491272568703,0.433080792427063,0.245177701115608,-0.331945776939392,0.0127460015937686,-0.14197650551796,0.0126510579138994,-0.141954824328423,0.245177701115608,-0.331945776939392,0.205048441886902,0.433268547058105,0.244873359799385,-0.331987142562866,0.244972214102745,-0.331954956054688,0.0127460015937686,-0.14197650551796,0.244873359799385,-0.331987142562866,0.205180644989014,0.433243811130524
8.25520038604736,0.205209866166115,0.433260709047318,0.245105102658272,-0.331987917423248,0.0125899659469724,-0.141881465911865,0.244759082794189,-0.33201265335083,0.245105102658272,-0.331987917423248,0.204913094639778,0.433115005493164,0.244964390993118,-0.332003653049469,0.0126849235966802,-0.141903191804886,0.0125899659469724,-0.141881465911865,0.244964390993118,-0.332003653049469,0.205470219254494,0.433302342891693,0.244660139083862,-0.332044750452042,0.244759082794189,-0.33201265335083,0.0126849235966802,-0.141903191804886,0.244660139083862,-0.332044750452042,0.205602318048477,0.433277457952499
8.25580024719238,0.205631464719772,0.433294385671616,0.244891852140427,-0.332045674324036,0.012528938241303,-0.141808092594147,0.244545936584473,-0.332070112228394,0.244891852140427,-0.332045674324036,0.205334722995758,0.433148950338364,0.244751200079918,-0.332061290740967,0.0126238372176886,-0.141829892992973,0.012528938241303,-0.141808092594147,0.244751200079918,-0.332061290740967,0.205891713500023,0.433335900306702,0.24444705247879,-0.332102179527283,0.244545936584473,-0.332070112228394,0.0126238381490111,-0.141829907894135,0.24444705247879,-0.33210214972496,0.206023722887039,0.433310836553574
8.2564001083374,0.206052795052528,0.43332776427269,0.244678646326065,-0.332103222608566,0.012468034401536,-0.141734734177589,0.244332849979401,-0.332127422094345,0.244678646326065,-0.332103222608566,0.205756083130836,0.433182537555695,0.244538024067879,-0.33211874961853,0.0125628802925348,-0.141756623983383,0.012468034401536,-0.141734734177589,0.244538024067879,-0.33211874961853,0.206313133239746,0.433369010686874,0.244233950972557,-0.332159370183945,0.244332849979401,-0.332127422094345,0.0125628802925348,-0.141756623983383,0.244233950972557,-0.332159340381622,0.206445142626762,0.433343857526779
8.25699996948242,0.206473916769028,0.43336084485054,0.244465500116348,-0.332160592079163,0.0124073298648,-0.141661360859871,0.244119748473167,-0.33218452334404,0.244465500116348,-0.332160592079163,0.206177368760109,0.433215796947479,0.244324773550034,-0.332175999879837,0.0125020509585738,-0.141683340072632,0.0124073298648,-0.141661360859871,0.244324773550034,-0.332175999879837,0.206734284758568,0.433401852846146,0.244020909070969,-0.332216382026672,0.244119748473167,-0.33218452334404,0.0125020509585738,-0.141683340072632,0.244020909070969,-0.332216382026672,0.206866100430489,0.433376640081406
8.25759983062744,0.206894993782043,0.433393567800522,0.244252249598503,-0.332217782735825,0.0123466178774834,-0.141588002443314,0.243906676769257,-0.332241415977478,0.244252249598503,-0.332217782735825,0.206598579883575,0.433248728513718,0.244111716747284,-0.332233101129532,0.0124412812292576,-0.141610041260719,0.0123466178774834,-0.141588002443314,0.244111716747284,-0.332233101129532,0.207155346870422,0.433434396982193,0.243807837367058,-0.332273155450821,0.243906676769257,-0.332241415977478,0.0124412812292576,-0.141610041260719,0.243807837367058,-0.332273155450821,0.207287177443504,0.433409005403519
8.25819969177246,0.207315862178802,0.43342599272728,0.244039133191109,-0.332274705171585,0.0122860325500369,-0.141514644026756,0.243693664669991,-0.332298099994659,0.244039133191109,-0.332274705171585,0.20701952278614,0.433281391859055,0.243898510932922,-0.332289934158325,0.0123807080090046,-0.141536772251129,0.0122860325500369,-0.141514644026756,0.243898510932922,-0.332289934158325,0.207576125860214,0.433466553688049,0.243594720959663,-0.33232980966568,0.243693664669991,-0.332298099994659,0.0123807080090046,-0.141536772251129,0.243594720959663,-0.33232980966568,0.207707986235619,0.433441042900085
8.25879955291748,0.20773646235466,0.433458060026169,0.243826001882553,-0.332331478595734,0.0122255766764283,-0.141441315412521,0.243480637669563,-0.332354605197906,0.243826001882553,-0.332331478595734,0.207440286874771,0.4333136677742,0.243685469031334,-0.332346618175507,0.012320127338171,-0.141463488340378,0.0122255766764283,-0.141441315412521,0.243685409426689,-0.332346618175507,0.2079968303442,0.433498442173004,0.243381768465042,-0.33238622546196,0.243480637669563,-0.332354605197906,0.012320127338171,-0.141463488340378,0.243381768465042,-0.33238622546196,0.208128601312637,0.433472782373428
8.25940036773682,0.208157002925873,0.433489799499512,0.243613004684448,-0.332388043403625,0.0121651794761419,-0.141367956995964,0.243267685174942,-0.332410961389542,0.243613019585609,-0.332388073205948,0.207860961556435,0.4333456158638,0.243472322821617,-0.332403123378754,0.0122596761211753,-0.141390234231949,0.0121651794761419,-0.141367956995964,0.243472322821617,-0.332403123378754,0.208417475223541,0.433529943227768,0.243168786168098,-0.332442432641983,0.243267685174942,-0.332410961389542,0.0122596761211753,-0.141390234231949,0.243168786168098,-0.332442432641983,0.208549037575722,0.433504223823547
8.26000022888184,0.208577454090118,0.433521211147308,0.243399977684021,-0.332444369792938,0.0121049787849188,-0.141294613480568,0.243054673075676,-0.332467049360275,0.243399977684021,-0.332444369792938,0.208281353116035,0.433377265930176,0.243259310722351,-0.332459360361099,0.0121992826461792,-0.141316965222359,0.0121049787849188,-0.141294613480568,0.243259310722351,-0.332459360361099,0.208837822079659,0.433561146259308,0.242955788969994,-0.332498461008072,0.243054673075676,-0.332467049360275,0.0121992826461792,-0.141316965222359,0.242955937981606,-0.332498371601105,0.208969309926033,0.43353533744812
8.26060009002686,0.208997637033463,0.433552384376526,0.243186801671982,-0.332500666379929,0.0120448367670178,-0.141221284866333,0.242841839790344,-0.33252289891243,0.243186801671982,-0.332500666379929,0.208701699972153,0.433408558368683,0.243046268820763,-0.332515448331833,0.0121390856802464,-0.14124371111393,0.0120448367670178,-0.141221284866333,0.243046268820763,-0.332515448331833,0.209258109331131,0.433592051267624,0.242742776870728,-0.332554340362549,0.242841839790344,-0.33252289891243,0.0121390856802464,-0.14124371111393,0.242742776870728,-0.332554340362549,0.209389612078667,0.433566033840179
8.26119995117188,0.209417730569839,0.43358314037323,0.242973729968071,-0.332556664943695,0.0119846882298589,-0.141147956252098,0.242628797888756,-0.33257868885994,0.242973729968071,-0.332556664943695,0.209121838212013,0.433439552783966,0.242833212018013,-0.332571357488632,0.0120789473876357,-0.141170457005501,0.0119846882298589,-0.141147956252098,0.242833212018013,-0.332571357488632,0.20967809855938,0.433622628450394,0.242529883980751,-0.332609951496124,0.242628797888756,-0.33257868885994,0.0120789473876357,-0.141170457005501,0.242529883980751,-0.332609951496124,0.209809496998787,0.433596521615982
8.26179981231689,0.209837540984154,0.433613628149033,0.242760822176933,-0.332612365484238,0.0119247352704406,-0.141074627637863,0.24241591989994,-0.332634210586548,0.242760822176933,-0.332612365484238,0.209541797637939,0.433470219373703,0.242620304226875,-0.33262699842453,0.0120189385488629,-0.141097202897072,0.0119247352704406,-0.141074627637863,0.242620304226875,-0.33262699842453,0.210098013281822,0.433652848005295,0.242317125201225,-0.332665234804153,0.24241591989994,-0.332634210586548,0.0120189385488629,-0.141097202897072,0.242317125201225,-0.332665234804153,0.210229322314262,0.433626621961594
8.26239967346191,0.210257276892662,0.433643728494644,0.242547705769539,-0.332668036222458,0.011864909902215,-0.141001328825951,0.242203146219254,-0.33268940448761,0.2425477206707,-0.33266806602478,0.209961578249931,0.433500587940216,0.242407187819481,-0.332682549953461,0.0119589883834124,-0.141023948788643,0.011864909902215,-0.141001328825951,0.242407187819481,-0.332682549953461,0.210517749190331,0.433682769536972,0.242104038596153,-0.332720637321472,0.242203146219254,-0.33268940448761,0.0119589883834124,-0.141023948788643,0.242104038596153,-0.332720637321472,0.210648968815804,0.433656454086304
8.26299953460693,0.210676833987236,0.433673530817032,0.242334753274918,-0.332723438739777,0.0118051422759891,-0.140928000211716,0.241990223526955,-0.332744598388672,0.242334753274918,-0.332723438739777,0.21038131415844,0.43353059887886,0.242194220423698,-0.33273783326149,0.0118991658091545,-0.140950709581375,0.0118051422759891,-0.140928000211716,0.242194220423698,-0.33273783326149,0.210937291383743,0.433712363243103,0.241891279816628,-0.332775622606277,0.241990223526955,-0.332744598388672,0.0118991658091545,-0.140950709581375,0.241891279816628,-0.332775622606277,0.211068525910378,0.433685898780823
8.26360034942627,0.211096197366714,0.433703064918518,0.242121905088425,-0.332778543233871,0.011745436117053,-0.140854686498642,0.241777434945107,-0.332799524068832,0.242121905088425,-0.332778543233871,0.21080082654953,0.433560281991959,0.241981402039528,-0.332792848348618,0.0118394708260894,-0.140877485275269,0.011745436117053,-0.140854686498642,0.241981402039528,-0.332792848348618,0.211356654763222,0.43374165892601,0.241678446531296,-0.332830458879471,0.241777434945107,-0.332799524068832,0.0118394708260894,-0.140877485275269,0.241678446531296,-0.332830458879471,0.21148781478405,0.433715045452118
8.26420021057129,0.211515381932259,0.433732211589813,0.241909056901932,-0.332833498716354,0.0116859916597605,-0.140781387686729,0.241564765572548,-0.332854121923447,0.241909056901932,-0.332833498716354,0.211220175027847,0.433589667081833,0.241768568754196,-0.332847714424133,0.0117798345163465,-0.140804246068001,0.0116859246045351,-0.140781387686729,0.241768568754196,-0.332847714424133,0.211775958538055,0.433770567178726,0.241465628147125,-0.33288511633873,0.241564765572548,-0.332854121923447,0.0117798345163465,-0.140804246068001,0.241465628147125,-0.33288511633873,0.211906999349594,0.433743894100189
8.26480007171631,0.211934491991997,0.433761090040207,0.241696193814278,-0.332888275384903,0.0116264708340168,-0.140708073973656,0.241351768374443,-0.332908809185028,0.241696193814278,-0.332888275384903,0.211639225482941,0.433618724346161,0.241555541753769,-0.332902520895004,0.0117202587425709,-0.140731036663055,0.0116264708340168,-0.140708073973656,0.241555541753769,-0.332902520895004,0.212195053696632,0.433799207210541,0.241252943873405,-0.332939475774765,0.241351768374443,-0.332908809185028,0.0117202587425709,-0.140731036663055,0.241252943873405,-0.332939475774765,0.212325915694237,0.433772414922714
8.26539993286133,0.212353408336639,0.43378958106041,0.24148316681385,-0.332943022251129,0.0115671446546912,-0.140634804964066,0.241139069199562,-0.332963109016418,0.24148316681385,-0.332943022251129,0.212058201432228,0.433647453784943,0.241342633962631,-0.332957029342651,0.0116608766838908,-0.140657812356949,0.0115670775994658,-0.140634804964066,0.241342633962631,-0.332957029342651,0.212613970041275,0.433827549219131,0.24104006588459,-0.332993805408478,0.241139069199562,-0.332963109016418,0.0116608766838908,-0.140657812356949,0.24104006588459,-0.332993805408478,0.212744832038879,0.433800578117371
8.26599979400635,0.212772160768509,0.433817803859711,0.241270393133163,-0.332997351884842,0.011507811024785,-0.140561506152153,0.24092635512352,-0.333017259836197,0.241270393133163,-0.332997351884842,0.21247710287571,0.4336758852005,0.241129904985428,-0.333011269569397,0.011601553298533,-0.140584588050842,0.011507811024785,-0.140561506152153,0.241129904985428,-0.333011269569397,0.213032707571983,0.433855473995209,0.240827351808548,-0.333047896623611,0.24092635512352,-0.333017259836197,0.011601553298533,-0.140584588050842,0.240827351808548,-0.333047896623611,0.213163495063782,0.433828443288803
8.26659965515137,0.213190704584122,0.433845698833466,0.241057485342026,-0.333051651716232,0.0114487381651998,-0.140488237142563,0.240713641047478,-0.333071231842041,0.241057485342026,-0.333051651716232,0.212895810604095,0.43370395898819,0.240917161107063,-0.333065360784531,0.0115422904491425,-0.140511393547058,0.0114487381651998,-0.140488237142563,0.240917161107063,-0.333065360784531,0.213451251387596,0.433883190155029,0.240614771842957,-0.333101660013199,0.240713641047478,-0.333071231842041,0.0115422904491425,-0.140511393547058,0.240614771842957,-0.333101660013199,0.213581919670105,0.433855980634689
8.2672004699707,0.213609158992767,0.433873265981674,0.240844696760178,-0.333105653524399,0.0113896569237113,-0.140414953231812,0.240501031279564,-0.333124876022339,0.240844696760178,-0.333105653524399,0.213314220309258,0.433731764554977,0.240704372525215,-0.33311927318573,0.0114832203835249,-0.140438184142113,0.0113896569237113,-0.140414953231812,0.240704372525215,-0.33311927318573,0.213869720697403,0.433910548686981,0.240401983261108,-0.333155363798141,0.240501031279564,-0.333124876022339,0.0114832203835249,-0.140438184142113,0.240401983261108,-0.333155363798141,0.214000299572945,0.433883160352707
8.26780033111572,0.214027345180511,0.433900535106659,0.240632057189941,-0.333159416913986,0.0113307042047381,-0.140341684222221,0.240288272500038,-0.333178520202637,0.240632057189941,-0.333159416913986,0.213732659816742,0.433759212493896,0.240491554141045,-0.333173006772995,0.0114241428673267,-0.14036500453949,0.0113307042047381,-0.140341684222221,0.240491569042206,-0.333173036575317,0.214287996292114,0.433937579393387,0.240189373493195,-0.333208829164505,0.240288272500038,-0.333178520202637,0.0114241428673267,-0.14036500453949,0.240189358592033,-0.333208799362183,0.214418485760689,0.433910131454468
8.26840019226074,0.214445441961288,0.433927446603775,0.240419209003448,-0.333213061094284,0.0112718753516674,-0.140268415212631,0.240075632929802,-0.333231896162033,0.24041922390461,-0.333213090896606,0.214150801301003,0.433786302804947,0.240278914570808,-0.333226501941681,0.0113652581349015,-0.140291795134544,0.0112718753516674,-0.140268415212631,0.240278914570808,-0.333226501941681,0.214705973863602,0.433964252471924,0.239976719021797,-0.333262085914612,0.240075632929802,-0.333231896162033,0.0113652581349015,-0.140291795134544,0.239976719021797,-0.333262085914612,0.214836582541466,0.433936715126038
8.26900005340576,0.214863330125809,0.433954030275345,0.24020653963089,-0.333266466856003,0.0112131061032414,-0.140195161104202,0.239863127470016,-0.333284944295883,0.24020653963089,-0.333266466856003,0.214568883180618,0.433813154697418,0.240066066384315,-0.3332799077034,0.0113064339384437,-0.140218615531921,0.0112131061032414,-0.140195161104202,0.240066066384315,-0.3332799077034,0.215123876929283,0.433990687131882,0.2397640645504,-0.333315253257751,0.239863127470016,-0.333284944295883,0.0113064339384437,-0.140218615531921,0.2397640645504,-0.333315253257751,0.215254276990891,0.433963000774384
8.26959991455078,0.215281054377556,0.433980375528336,0.239993825554848,-0.33331972360611,0.0111544635146856,-0.140121906995773,0.239650472998619,-0.333338022232056,0.239993840456009,-0.333319753408432,0.214986652135849,0.433839648962021,0.239853382110596,-0.333333075046539,0.0112476665526628,-0.140145435929298,0.0111544635146856,-0.140121906995773,0.239853382110596,-0.333333075046539,0.215541705489159,0.434016734361649,0.239551529288292,-0.333368062973022,0.239650472998619,-0.333338022232056,0.0112476665526628,-0.140145435929298,0.239551529288292,-0.333368062973022,0.215672001242638,0.433988928794861
8.2701997756958,0.215698584914207,0.434006333351135,0.239781111478806,-0.333372801542282,0.0110958805307746,-0.140048667788506,0.239438101649284,-0.333390653133392,0.239781111478806,-0.333372801542282,0.215404331684113,0.433865785598755,0.239640802145004,-0.333385974168777,0.0111890276893973,-0.140072271227837,0.0110958805307746,-0.140048667788506,0.239640802145004,-0.333385974168777,0.215959221124649,0.434042513370514,0.239338830113411,-0.333420872688293,0.239438101649284,-0.333390653133392,0.0111890276893973,-0.140072271227837,0.239338830113411,-0.333420872688293,0.216089531779289,0.434014588594437
8.27079963684082,0.21611613035202,0.434031933546066,0.239568710327148,-0.333425492048264,0.0110374223440886,-0.139975413680077,0.239225536584854,-0.333443224430084,0.239568710327148,-0.333425492048264,0.215821832418442,0.43389168381691,0.239428088068962,-0.333438754081726,0.0111305136233568,-0.139999091625214,0.0110374223440886,-0.139975413680077,0.239428088068962,-0.333438754081726,0.216376647353172,0.434067934751511,0.239126279950142,-0.333473354578018,0.239225551486015,-0.333443254232407,0.0111305136233568,-0.139999091625214,0.239126279950142,-0.333473354578018,0.216506868600845,0.434039890766144
8.27140045166016,0.216533273458481,0.434057354927063,0.239356085658073,-0.3334781229496,0.0109790898859501,-0.139902204275131,0.239012971520424,-0.333495676517487,0.239356085658073,-0.3334781229496,0.216239243745804,0.433917194604874,0.23921562731266,-0.333491206169128,0.0110721243545413,-0.139925941824913,0.0109790889546275,-0.13990218937397,0.23921562731266,-0.333491206169128,0.21679399907589,0.434093058109283,0.238914027810097,-0.333525508642197,0.239012971520424,-0.333495676517487,0.0110721243545413,-0.139925941824913,0.238914027810097,-0.333525508642197,0.216924026608467,0.434064894914627
8.27200031280518,0.216950327157974,0.434082329273224,0.239143460988998,-0.333530575037003,0.0109208161011338,-0.139828965067863,0.238800406455994,-0.333547949790955,0.239143460988998,-0.333530575037003,0.216656357049942,0.433942437171936,0.239003032445908,-0.333543568849564,0.0110137946903706,-0.139852792024612,0.0109208161011338,-0.139828965067863,0.239003032445908,-0.333543568849564,0.217211052775383,0.43411785364151,0.238701418042183,-0.333577692508698,0.238800406455994,-0.333547949790955,0.0110137946903706,-0.139852792024612,0.238701418042183,-0.333577692508698,0.217341065406799,0.434089571237564
8.2726001739502,0.2173672914505,0.434107035398483,0.238930836319923,-0.333582907915115,0.0108626680448651,-0.139755740761757,0.238588094711304,-0.333599805831909,0.238930836319923,-0.333582907915115,0.217073395848274,0.433967381715775,0.238790556788445,-0.333595663309097,0.010955523699522,-0.139779642224312,0.0108626680448651,-0.139755740761757,0.238790556788445,-0.333595663309097,0.217628002166748,0.434142351150513,0.238488972187042,-0.333629608154297,0.238588094711304,-0.333599805831909,0.010955523699522,-0.139779642224312,0.238488972187042,-0.333629608154297,0.21775783598423,0.434113949537277
8.27320003509521,0.217783972620964,0.434131443500519,0.238718166947365,-0.333635032176971,0.0108046466484666,-0.139682531356812,0.238375648856163,-0.333651632070541,0.238718166947365,-0.333635032176971,0.217490240931511,0.433991998434067,0.238577917218208,-0.333647727966309,0.0108973775058985,-0.139706492424011,0.0108046447858214,-0.13968251645565,0.238577917218208,-0.333647727966309,0.218044683337212,0.434166520833969,0.238276496529579,-0.333681344985962,0.238375648856163,-0.333651632070541,0.0108973775058985,-0.139706492424011,0.238276496529579,-0.333681344985962,0.218174517154694,0.434138029813766
8.27379989624023,0.218200668692589,0.434155523777008,0.238505825400352,-0.333686828613281,0.0107466150075197,-0.139609321951866,0.238163188099861,-0.333703309297562,0.238505825400352,-0.333686828613281,0.217906877398491,0.43401625752449,0.238365545868874,-0.333699375391006,0.0108393570408225,-0.139633372426033,0.0107466150075197,-0.139609321951866,0.238365545868874,-0.333699375391006,0.218461245298386,0.434190332889557,0.238064184784889,-0.333732813596725,0.238163188099861,-0.333703309297562,0.0108393570408225,-0.139633372426033,0.238064184784889,-0.333732813596725,0.218591094017029,0.434161722660065
8.27439975738525,0.218617051839828,0.434179276227951,0.238293305039406,-0.333738535642624,0.0106887761503458,-0.139536127448082,0.237951010465622,-0.333754569292068,0.238293305039406,-0.333738535642624,0.218323424458504,0.434040188789368,0.238153040409088,-0.333750993013382,0.0107813952490687,-0.139560237526894,0.0106887761503458,-0.139536127448082,0.238153040409088,-0.333750993013382,0.218877747654915,0.434213906526566,0.237851843237877,-0.333784133195877,0.237951010465622,-0.333754569292068,0.0107813952490687,-0.139560237526894,0.237851828336716,-0.333784103393555,0.219007387757301,0.434185177087784
8.27499961853027,0.219033241271973,0.434202700853348,0.238080754876137,-0.333790063858032,0.0106310630217195,-0.139462932944298,0.237738639116287,-0.333805799484253,0.238080754876137,-0.333790063858032,0.218739792704582,0.434063822031021,0.237940490245819,-0.333802431821823,0.0107236243784428,-0.139487102627754,0.0106310630217195,-0.139462932944298,0.237940490245819,-0.333802431821823,0.219293922185898,0.434237122535706,0.237639635801315,-0.333835154771805,0.237738639116287,-0.333805799484253,0.0107236243784428,-0.139487102627754,0.237639635801315,-0.333835154771805,0.219423577189445,0.434208273887634
8.27560043334961,0.219449356198311,0.434225857257843,0.23786848783493,-0.333841234445572,0.0105733396485448,-0.139389738440514,0.237526282668114,-0.333856850862503,0.23786848783493,-0.333841234445572,0.219155833125114,0.434087157249451,0.237728253006935,-0.333853513002396,0.0106658469885588,-0.139414012432098,0.0105733396485448,-0.139389738440514,0.237728253006935,-0.333853513002396,0.219710007309914,0.434260040521622,0.237427234649658,-0.333886116743088,0.237526282668114,-0.333856850862503,0.0106658469885588,-0.139414012432098,0.237427234649658,-0.333886116743088,0.219839572906494,0.434231072664261
8.27620029449463,0.219865262508392,0.434248685836792,0.237656086683273,-0.333892315626144,0.0105157429352403,-0.139316573739052,0.237314030528069,-0.333907634019852,0.237656086683273,-0.333892315626144,0.219571933150291,0.434110164642334,0.237515836954117,-0.333904534578323,0.0106082605198026,-0.139340907335281,0.0105157429352403,-0.139316573739052,0.237515836954117,-0.333904534578323,0.220126017928123,0.434282660484314,0.237214848399162,-0.333936989307404,0.237314030528069,-0.333907634019852,0.0106082605198026,-0.139340907335281,0.237214848399162,-0.333936989307404,0.220255479216576,0.434253573417664
8.27680015563965,0.22028087079525,0.434271216392517,0.237443640828133,-0.333943277597427,0.0104583380743861,-0.13924340903759,0.237101644277573,-0.333958387374878,0.237443640828133,-0.333943277597427,0.219987705349922,0.434132903814316,0.237303420901299,-0.333955377340317,0.0105506656691432,-0.139267787337303,0.0104583380743861,-0.13924340903759,0.237303420901299,-0.333955377340317,0.220541730523109,0.434304922819138,0.237002596259117,-0.333987534046173,0.237101644277573,-0.333958387374878,0.010550731793046,-0.139267787337303,0.237002596259117,-0.333987534046173,0.220671087503433,0.434275716543198
8.27740001678467,0.220696479082108,0.434293389320374,0.237231358885765,-0.333993941545486,0.010400990024209,-0.139170244336128,0.236889556050301,-0.334008723497391,0.237231358885765,-0.333993941545486,0.220403388142586,0.434155315160751,0.237091109156609,-0.334005951881409,0.0104932608082891,-0.139194712042809,0.010400990024209,-0.139170244336128,0.237091109156609,-0.334005951881409,0.220957338809967,0.43432691693306,0.236790329217911,-0.334037929773331,0.236889556050301,-0.334008723497391,0.0104932608082891,-0.139194712042809,0.236790329217911,-0.334037929773331,0.221086606383324,0.434297621250153
8.27799987792969,0.221111908555031,0.434315264225006,0.237019047141075,-0.334044456481934,0.0103436997160316,-0.139097079634666,0.236677274107933,-0.334059029817581,0.237019047141075,-0.334044456481934,0.220818981528282,0.434177368879318,0.236878827214241,-0.334056377410889,0.0104359136894345,-0.139121606945992,0.0103436997160316,-0.139097079634666,0.236878827214241,-0.334056377410889,0.22137263417244,0.434348583221436,0.236578211188316,-0.334088027477264,0.236677274107933,-0.334059029817581,0.0104359136894345,-0.139121606945992,0.236578196287155,-0.334087997674942,0.221501931548119,0.434319138526917
8.27859973907471,0.221527129411697,0.434336811304092,0.236806705594063,-0.334094792604446,0.0102865342050791,-0.139023929834366,0.2364651709795,-0.33410906791687,0.236806705594063,-0.334094792604446,0.221234157681465,0.434199154376984,0.236666649580002,-0.334106504917145,0.0103786932304502,-0.139048546552658,0.0102865342050791,-0.139023929834366,0.236666649580002,-0.334106504917145,0.221787855029106,0.434369951486588,0.236365899443626,-0.334138065576553,0.2364651709795,-0.33410906791687,0.0103786932304502,-0.139048546552658,0.236365899443626,-0.334138065576553,0.221917033195496,0.434340387582779
8.27919960021973,0.221942156553268,0.434358060359955,0.236594349145889,-0.334144949913025,0.0102294944226742,-0.138950780034065,0.236253008246422,-0.334158927202225,0.23659436404705,-0.334144979715347,0.221649453043938,0.43422058224678,0.236454322934151,-0.334156602621078,0.0103215295821428,-0.138975456357002,0.0102294944226742,-0.138950780034065,0.236454322934151,-0.334156602621078,0.222202971577644,0.434390991926193,0.236153930425644,-0.334187775850296,0.236253008246422,-0.334158927202225,0.0103215295821428,-0.138975456357002,0.236153930425644,-0.334187775850296,0.222332060337067,0.434361308813095
8.27980041503906,0.222357079386711,0.434379011392593,0.236382320523262,-0.334194779396057,0.0101725114509463,-0.138877645134926,0.236040979623795,-0.334208518266678,0.236382320523262,-0.334194779396057,0.222064465284348,0.434241771697998,0.23624213039875,-0.334206402301788,0.0102644246071577,-0.138902425765991,0.0101725114509463,-0.138877645134926,0.23624213039875,-0.334206402301788,0.222617790102959,0.434411704540253,0.235941901803017,-0.334237277507782,0.236040979623795,-0.334208518266678,0.0102644246071577,-0.138902425765991,0.235941901803017,-0.334237277507782,0.222746878862381,0.434381902217865
8.28040027618408,0.222771808505058,0.434399664402008,0.23616997897625,-0.334244638681412,0.0101155852898955,-0.138804525136948,0.23582898080349,-0.334257960319519,0.23616997897625,-0.334244638681412,0.222479149699211,0.434262603521347,0.236029759049416,-0.334256172180176,0.0102075086906552,-0.138829335570335,0.0101155852898955,-0.138804525136948,0.236029759049416,-0.334256172180176,0.223032623529434,0.434432089328766,0.235729694366455,-0.334286719560623,0.23582898080349,-0.334257960319519,0.0102075086906552,-0.138829335570335,0.235729694366455,-0.334286719560623,0.2231615036726,0.434402197599411
8.2810001373291,0.22318634390831,0.434419989585876,0.235957905650139,-0.334294110536575,0.0100587848573923,-0.138731405138969,0.23561680316925,-0.334307342767715,0.235957905650139,-0.334294110536575,0.222893849015236,0.434283077716827,0.235817715525627,-0.334305554628372,0.0101506505161524,-0.138756304979324,0.0100587848573923,-0.138731405138969,0.235817715525627,-0.334305554628372,0.223447129130363,0.4344522356987,0.235517680644989,-0.334335952997208,0.23561680316925,-0.334307342767715,0.0101506505161524,-0.138756304979324,0.235517680644989,-0.334335952997208,0.22357602417469,0.434422194957733
8.28159999847412,0.223600685596466,0.434439986944199,0.235745787620544,-0.334343403577805,0.0100021073594689,-0.138658285140991,0.235404744744301,-0.334356427192688,0.235745802521706,-0.334343403577805,0.223308354616165,0.434303313493729,0.235605612397194,-0.334354758262634,0.0100939180701971,-0.138683244585991,0.0100021073594689,-0.138658285140991,0.235605612397194,-0.334354758262634,0.223861545324326,0.434471994638443,0.235305622220039,-0.334384948015213,0.235404744744301,-0.334356427192688,0.0100939180701971,-0.138683244585991,0.235305607318878,-0.334384918212891,0.223990350961685,0.434441834688187
8.28219985961914,0.224015012383461,0.434459686279297,0.235533535480499,-0.334392666816711,0.00994548853486776,-0.138585194945335,0.235192850232124,-0.334405243396759,0.235533535480499,-0.334392666816711,0.223722651600838,0.434323221445084,0.235393524169922,-0.334403842687607,0.0100372424349189,-0.138610243797302,0.00994548853486776,-0.138585194945335,0.235393524169922,-0.334403842687607,0.224275782704353,0.434491485357285,0.235093533992767,-0.334433853626251,0.235192850232124,-0.334405243396759,0.0100372424349189,-0.138610243797302,0.235093533992767,-0.334433853626251,0.224404469132423,0.434461206197739
8.28279972076416,0.224429041147232,0.434479057788849,0.235321596264839,-0.334441542625427,0.00988905970007181,-0.13851210474968,0.234980925917625,-0.334453940391541,0.235321596264839,-0.334441542625427,0.224136754870415,0.434342831373215,0.235181391239166,-0.334452718496323,0.00998062361031771,-0.13853719830513,0.00988905970007181,-0.13851210474968,0.235181391239166,-0.334452718496323,0.224689796566963,0.434510678052902,0.234881609678268,-0.334482401609421,0.234980925917625,-0.334453940391541,0.0099806897342205,-0.13853719830513,0.234881609678268,-0.334482401609421,0.224818497896194,0.434480309486389
8.28339958190918,0.224842876195908,0.434498161077499,0.235109612345695,-0.334490239620209,0.00983268674463034,-0.138438999652863,0.234768837690353,-0.334502547979355,0.235109612345695,-0.334490239620209,0.224550768733025,0.4343621134758,0.234969437122345,-0.334501326084137,0.00992426089942455,-0.138464167714119,0.00983268581330776,-0.138438984751701,0.234969452023506,-0.334501355886459,0.225103601813316,0.434529572725296,0.23466981947422,-0.334530740976334,0.234768837690353,-0.334502547979355,0.00992426089942455,-0.138464167714119,0.23466981947422,-0.334530740976334,0.225232198834419,0.434499055147171
8.28400039672852,0.225256606936455,0.434516966342926,0.234897628426552,-0.334538817405701,0.00977637246251106,-0.138365924358368,0.234557047486305,-0.334550797939301,0.234897628426552,-0.334538817405701,0.224964648485184,0.434381067752838,0.234757468104362,-0.334549814462662,0.009867824614048,-0.13839116692543,0.00977637153118849,-0.138365909457207,0.234757468104362,-0.334549814462662,0.225517317652702,0.434548109769821,0.23445788025856,-0.334579020738602,0.234557047486305,-0.334550797939301,0.00986788887530565,-0.13839116692543,0.23445788025856,-0.334579020738602,0.225645825266838,0.434517472982407
8.28460025787354,0.225670129060745,0.434535473585129,0.234685465693474,-0.334587216377258,0.00972011219710112,-0.138292863965034,0.234345093369484,-0.334598898887634,0.234685465693474,-0.334587216377258,0.225378468632698,0.434399634599686,0.234545484185219,-0.33459809422493,0.00981154106557369,-0.138318166136742,0.00972011219710112,-0.138292863965034,0.234545484185219,-0.33459809422493,0.225930944085121,0.434566408395767,0.234245896339417,-0.334627062082291,0.234345093369484,-0.334598898887634,0.00981154106557369,-0.138318166136742,0.234245896339417,-0.334627062082291,0.226059451699257,0.434535592794418
8.28520011901855,0.226083561778069,0.434553593397141,0.234473541378975,-0.334635436534882,0.00966404285281897,-0.13821978867054,0.234133273363113,-0.334646850824356,0.234473556280136,-0.334635436534882,0.225791975855827,0.434417992830276,0.234333485364914,-0.334646165370941,0.00975538231432438,-0.138245165348053,0.00966404285281897,-0.13821978867054,0.234333485364914,-0.334646165370941,0.22634445130825,0.434584259986877,0.234034076333046,-0.334674924612045,0.234133273363113,-0.334646850824356,0.00975538231432438,-0.138245165348053,0.234034076333046,-0.334674924612045,0.226472571492195,0.434553533792496
8.28579998016357,0.226496666669846,0.434571504592896,0.234261602163315,-0.334683448076248,0.00960803218185902,-0.138146728277206,0.23392142355442,-0.334694564342499,0.234261602163315,-0.334683448076248,0.226204946637154,0.434436231851578,0.23412162065506,-0.334694087505341,0.00969928223639727,-0.138172179460526,0.00960803218185902,-0.138146728277206,0.23412162065506,-0.334694087505341,0.226757660508156,0.434601873159409,0.233822241425514,-0.334722578525543,0.23392142355442,-0.334694564342499,0.00969928223639727,-0.138172179460526,0.233822241425514,-0.334722578525543,0.226885780692101,0.434570997953415
8.28639984130859,0.226909697055817,0.434589028358459,0.234049707651138,-0.334731251001358,0.00955211091786623,-0.138073697686195,0.233709767460823,-0.334742099046707,0.234049707651138,-0.334731251001358,0.226618230342865,0.434453874826431,0.233909726142883,-0.334741771221161,0.00964330416172743,-0.138099208474159,0.00955211091786623,-0.138073697686195,0.233909741044044,-0.334741801023483,0.227170571684837,0.434619307518005,0.233610570430756,-0.334770023822784,0.233709767460823,-0.334742099046707,0.00964330416172743,-0.138099208474159,0.233610570430756,-0.334770023822784,0.22729866206646,0.434588253498077
8.28699970245361,0.227322593331337,0.4346062541008,0.233837813138962,-0.334778875112534,0.00949628092348576,-0.138000637292862,0.233497977256775,-0.334789454936981,0.233837813138962,-0.334778875112534,0.227031007409096,0.434471428394318,0.233697846531868,-0.334789276123047,0.00958741828799248,-0.138026252388954,0.00949628092348576,-0.138000637292862,0.233697846531868,-0.334789276123047,0.227583363652229,0.434636354446411,0.233398780226707,-0.334817320108414,0.233497977256775,-0.334789454936981,0.00958741828799248,-0.138026252388954,0.233398780226707,-0.334817320108414,0.22771167755127,0.434605032205582
8.28759956359863,0.227735206484795,0.434623211622238,0.233626037836075,-0.33482626080513,0.00944057293236256,-0.137927621603012,0.233286276459694,-0.334836632013321,0.233626052737236,-0.334826290607452,0.227443888783455,0.434488475322723,0.233486026525497,-0.334836602210999,0.00953162088990211,-0.13795331120491,0.00944057293236256,-0.137927621603012,0.233486026525497,-0.334836602210999,0.227996036410332,0.434653043746948,0.233187064528465,-0.334864407777786,0.233286276459694,-0.334836632013321,0.00953162088990211,-0.13795331120491,0.233187064528465,-0.334864407777786,0.228124156594276,0.434621691703796
8.28820037841797,0.228147700428963,0.434639811515808,0.233414217829704,-0.334873467683792,0.00938495527952909,-0.137854605913162,0.233074650168419,-0.334883600473404,0.233414217829704,-0.334873467683792,0.22785647213459,0.434505313634872,0.233274266123772,-0.334883749485016,0.00947591289877892,-0.137880325317383,0.00938495527952909,-0.137854605913162,0.233274266123772,-0.334883749485016,0.228408426046371,0.434669524431229,0.232975408434868,-0.334911286830902,0.233074650168419,-0.334883600473404,0.00947591289877892,-0.137880325317383,0.232975408434868,-0.334911286830902,0.228536531329155,0.434637993574142
8.28880023956299,0.228560104966164,0.434656143188477,0.233202427625656,-0.334920525550842,0.0093294270336628,-0.137781590223312,0.232862904667854,-0.334930390119553,0.233202427625656,-0.334920525550842,0.228268936276436,0.434521824121475,0.233062505722046,-0.334930717945099,0.00942029524594545,-0.1378073990345,0.0093294270336628,-0.137781590223312,0.233062505722046,-0.334930717945099,0.22882091999054,0.434685587882996,0.23276375234127,-0.334957987070084,0.232862904667854,-0.334930390119553,0.00942029524594545,-0.1378073990345,0.23276375234127,-0.334957987070084,0.22894860804081,0.434654116630554
8.28940010070801,0.228972181677818,0.434672176837921,0.232990741729736,-0.334967374801636,0.00927398819476366,-0.137708589434624,0.232651308178902,-0.334976941347122,0.232990741729736,-0.334967374801636,0.228681296110153,0.434537976980209,0.232850790023804,-0.33497741818428,0.00936480052769184,-0.137734457850456,0.00927398819476366,-0.137708589434624,0.232850790023804,-0.334977447986603,0.229233071208,0.434701353311539,0.232552051544189,-0.335004478693008,0.232651323080063,-0.334976971149445,0.00936480052769184,-0.137734457850456,0.232552051544189,-0.335004478693008,0.229360774159431,0.434669733047485
8.28999996185303,0.229384362697601,0.434687793254852,0.232779026031494,-0.335014045238495,0.00921863969415426,-0.137635603547096,0.232439711689949,-0.33502334356308,0.232779026031494,-0.335014045238495,0.22909314930439,0.434554040431976,0.232639104127884,-0.335023999214172,0.00930939521640539,-0.137661546468735,0.00921863969415426,-0.137635603547096,0.232639104127884,-0.335023999214172,0.229645133018494,0.434716820716858,0.232340544462204,-0.335050791501999,0.232439711689949,-0.33502334356308,0.00930939521640539,-0.137661546468735,0.232340544462204,-0.335050791501999,0.229772850871086,0.43468502163887
8.29059982299805,0.229796037077904,0.434703320264816,0.232567369937897,-0.335060507059097,0.00916338060051203,-0.137562602758408,0.232228174805641,-0.335069566965103,0.232567369937897,-0.335060507059097,0.229505091905594,0.434569627046585,0.232427462935448,-0.335070341825485,0.00925407931208611,-0.137588605284691,0.00916337966918945,-0.137562587857246,0.232427462935448,-0.335070341825485,0.230056896805763,0.43473207950592,0.232129007577896,-0.335096955299377,0.232228174805641,-0.335069566965103,0.00925407931208611,-0.137588605284691,0.232129007577896,-0.335096955299377,0.230184391140938,0.434700220823288
8.29119968414307,0.230207785964012,0.434718310832977,0.232355698943138,-0.335106790065765,0.0091082751750946,-0.137489631772041,0.232016637921333,-0.33511558175087,0.232355698943138,-0.335106790065765,0.229916915297508,0.434584856033325,0.232215881347656,-0.335116535425186,0.00919885281473398,-0.137515708804131,0.0091082751750946,-0.137489631772041,0.23221580684185,-0.335116535425186,0.230468735098839,0.434746831655502,0.231917440891266,-0.335142880678177,0.232016637921333,-0.33511558175087,0.00919885281473398,-0.137515708804131,0.231917440891266,-0.335142880678177,0.230596259236336,0.43471485376358
8.29179954528809,0.230619251728058,0.434733152389526,0.232144102454185,-0.335152864456177,0.00905319396406412,-0.137416660785675,0.23180516064167,-0.335161417722702,0.232144102454185,-0.335152864456177,0.23032845556736,0.434599876403809,0.232004210352898,-0.33516252040863,0.00914374832063913,-0.13744281232357,0.00905319396406412,-0.137416660785675,0.232004210352898,-0.33516252040863,0.230880066752434,0.434761524200439,0.231705963611603,-0.33518859744072,0.23180516064167,-0.33516138792038,0.00914374832063913,-0.13744281232357,0.231705963611603,-0.33518859744072,0.23100757598877,0.434729367494583
8.29240036010742,0.231030374765396,0.434747695922852,0.231932565569878,-0.335198730230331,0.00899823568761349,-0.137343719601631,0.231593742966652,-0.335207045078278,0.231932565569878,-0.335198730230331,0.230739876627922,0.434614568948746,0.23179267346859,-0.33520832657814,0.00908869970589876,-0.137369930744171,0.00899823475629091,-0.13734370470047,0.23179267346859,-0.33520832657814,0.2312912940979,0.434775829315186,0.231494531035423,-0.33523416519165,0.231593742966652,-0.335207015275955,0.00908869970589876,-0.137369930744171,0.231494531035423,-0.33523416519165,0.231418803334236,0.434743493795395
8.29300022125244,0.231441617012024,0.434761852025986,0.23172102868557,-0.335244446992874,0.00894339848309755,-0.137270748615265,0.231382340192795,-0.335252493619919,0.23172102868557,-0.335244446992874,0.231150984764099,0.434629023075104,0.231581136584282,-0.335253894329071,0.00903377402573824,-0.137297049164772,0.00894339848309755,-0.137270748615265,0.231581136584282,-0.335253894329071,0.231702417135239,0.434789836406708,0.231283023953438,-0.335279524326324,0.231382340192795,-0.335252493619919,0.00903377402573824,-0.137297049164772,0.231283023953438,-0.335279524326324,0.231829509139061,0.434757590293884
8.29360008239746,0.231852546334267,0.434775769710541,0.23150946199894,-0.33528995513916,0.00888861808925867,-0.137197807431221,0.231170892715454,-0.335297733545303,0.231509476900101,-0.33528995513916,0.231562182307243,0.434643030166626,0.231369599699974,-0.33529931306839,0.00897893682122231,-0.137224167585373,0.00888861808925867,-0.13719779253006,0.231369599699974,-0.33529931306839,0.232113212347031,0.434803605079651,0.231071695685387,-0.335324734449387,0.231170892715454,-0.335297733545303,0.00897893682122231,-0.137224167585373,0.231071695685387,-0.335324734449387,0.23224051296711,0.434771060943604
8.29419994354248,0.232263147830963,0.434789448976517,0.231297984719276,-0.335335284471512,0.00883392710238695,-0.1371248960495,0.230959609150887,-0.335342794656754,0.231297984719276,-0.335335284471512,0.231973066926003,0.434656828641891,0.231158211827278,-0.335344552993774,0.00892418995499611,-0.137151315808296,0.00883392710238695,-0.1371248960495,0.231158211827278,-0.335344552993774,0.23252409696579,0.434816896915436,0.230860307812691,-0.33536970615387,0.230959609150887,-0.335342794656754,0.00892418995499611,-0.137151315808296,0.230860307812691,-0.33536970615387,0.232651203870773,0.434784322977066
8.2947998046875,0.232673838734627,0.434802681207657,0.231086552143097,-0.335380405187607,0.00877935625612736,-0.137051954865456,0.230748236179352,-0.335387647151947,0.231086552143097,-0.335380405187607,0.232383847236633,0.434670239686966,0.230946809053421,-0.33538955450058,0.00886952970176935,-0.137078449130058,0.00877935625612736,-0.137051954865456,0.230946809053421,-0.33538955450058,0.232934877276421,0.434829860925674,0.230649009346962,-0.335414499044418,0.230748236179352,-0.335387647151947,0.00886952970176935,-0.137078449130058,0.230649009346962,-0.335414469242096,0.233061775565147,0.434797257184982
8.29539966583252,0.233084231615067,0.43481570482254,0.23087514936924,-0.335425317287445,0.00872490834444761,-0.136979043483734,0.230537012219429,-0.335432320833206,0.23087514936924,-0.335425317287445,0.232794299721718,0.434683442115784,0.230735376477242,-0.335434436798096,0.00881495978683233,-0.137005612254143,0.0087248757481575,-0.136979058384895,0.230735376477242,-0.335434436798096,0.233345150947571,0.434842735528946,0.230437681078911,-0.33545908331871,0.23053702712059,-0.335432350635529,0.00881495978683233,-0.137005612254143,0.230437681078911,-0.33545908331871,0.233472257852554,0.434809863567352
8.29599952697754,0.233494713902473,0.434828281402588,0.230663791298866,-0.335470080375671,0.00867051631212234,-0.136906147003174,0.2303257137537,-0.335476875305176,0.230663791298866,-0.335470080375671,0.233204662799835,0.4346963763237,0.230524018406868,-0.33547905087471,0.00876051001250744,-0.136932760477066,0.00867051631212234,-0.136906147003174,0.230524018406868,-0.33547905087471,0.233755499124527,0.434855163097382,0.230226442217827,-0.335503488779068,0.2303257137537,-0.335476875305176,0.00876051001250744,-0.136932760477066,0.230226442217827,-0.335503488779068,0.233882397413254,0.434822231531143
8.29660034179688,0.233904674649239,0.434840768575668,0.230452477931976,-0.335514634847641,0.00861618015915155,-0.136833265423775,0.2301145195961,-0.335521161556244,0.230452477931976,-0.335514634847641,0.233614906668663,0.434708923101425,0.230312675237656,-0.335523515939713,0.00870615057647228,-0.136859953403473,0.00861618015915155,-0.136833265423775,0.230312675237656,-0.335523515939713,0.234165549278259,0.434867382049561,0.230015262961388,-0.335547715425491,0.2301145195961,-0.335521161556244,0.00870615057647228,-0.136859953403473,0.230015262961388,-0.335547715425491,0.234292238950729,0.434834390878677
8.29720020294189,0.234314501285553,0.434852868318558,0.230241119861603,-0.335559010505676,0.008561996743083,-0.136760368943214,0.229903280735016,-0.335565268993378,0.230241119861603,-0.335559010505676,0.234024822711945,0.434721231460571,0.230101376771927,-0.335567772388458,0.00865184515714645,-0.136787131428719,0.008561996743083,-0.136760368943214,0.230101376771927,-0.335567802190781,0.234575480222702,0.434879243373871,0.229804068803787,-0.33559176325798,0.229903280735016,-0.335565268993378,0.00865184515714645,-0.136787131428719,0.229804068803787,-0.33559176325798,0.234702154994011,0.434846073389053
8.29780006408691,0.234724029898643,0.43486475944519,0.230029866099358,-0.335603207349777,0.00850790366530418,-0.136687502264977,0.229692161083221,-0.335609197616577,0.230029866099358,-0.335603207349777,0.234434634447098,0.434733241796494,0.229890152812004,-0.335611879825592,0.00859769526869059,-0.136714324355125,0.00850790366530418,-0.136687502264977,0.229890152812004,-0.335611879825592,0.234985083341599,0.434890866279602,0.229592904448509,-0.335635632276535,0.229692161083221,-0.335609197616577,0.00859769526869059,-0.136714324355125,0.229592904448509,-0.335635632276535,0.23511178791523,0.434857606887817
8.29839992523193,0.235133647918701,0.43487623333931,0.229818642139435,-0.335647165775299,0.00845386553555727,-0.136614635586739,0.229481071233749,-0.335652947425842,0.229818642139435,-0.335647165775299,0.234844341874123,0.43474492430687,0.22967891395092,-0.335655748844147,0.0085436012595892,-0.136641517281532,0.00845386553555727,-0.136614635586739,0.22967891395092,-0.335655748844147,0.235394775867462,0.43490207195282,0.22938184440136,-0.335679262876511,0.229481071233749,-0.335652947425842,0.0085436012595892,-0.136641517281532,0.22938184440136,-0.335679262876511,0.235521271824837,0.43486875295639
8.29899978637695,0.235543146729469,0.43488734960556,0.229607358574867,-0.335690975189209,0.00839998014271259,-0.136541783809662,0.229269996285439,-0.335696458816528,0.229607373476028,-0.335690975189209,0.235253736376762,0.434756338596344,0.229467779397964,-0.335699468851089,0.00848962739109993,-0.136568754911423,0.00839998014271259,-0.136541783809662,0.229467779397964,-0.335699468851089,0.235803961753845,0.43491318821907,0.229170709848404,-0.335722744464874,0.229269996285439,-0.335696458816528,0.00848962739109993,-0.136568754911423,0.229170694947243,-0.335722714662552,0.235930651426315,0.43487960100174
8.29959964752197,0.235952332615852,0.434898257255554,0.229396194219589,-0.335734605789185,0.00834611803293228,-0.136468932032585,0.229058936238289,-0.335739821195602,0.229396194219589,-0.335734605789185,0.235663205385208,0.434767335653305,0.229256570339203,-0.335743010044098,0.00843570847064257,-0.136495962738991,0.00834611803293228,-0.136468932032585,0.229256570339203,-0.335743010044098,0.23621341586113,0.434923738241196,0.228959649801254,-0.335766017436981,0.229058936238289,-0.335739821195602,0.00843570847064257,-0.136495962738991,0.228959649801254,-0.335766017436981,0.236339703202248,0.434890151023865
8.30020046234131,0.236361414194107,0.434908837080002,0.229185089468956,-0.335777997970581,0.00829240959137678,-0.136396110057831,0.228847950696945,-0.33578297495842,0.229185104370117,-0.335778027772903,0.236072137951851,0.434778243303299,0.229045480489731,-0.335786312818527,0.0083819106221199,-0.136423200368881,0.00829237699508667,-0.136396110057831,0.229045480489731,-0.335786312818527,0.236622378230095,0.434934139251709,0.228748649358749,-0.335809111595154,0.228847950696945,-0.33578297495842,0.0083819106221199,-0.136423200368881,0.228748649358749,-0.335809111595154,0.23674863576889,0.434900432825089
8.30080032348633,0.236770361661911,0.434919118881226,0.228973954916,-0.335821211338043,0.00823875702917576,-0.136323288083076,0.22863695025444,-0.335825949907303,0.228973954916,-0.335821211338043,0.236481189727783,0.434788733720779,0.228834360837936,-0.335829436779022,0.00832816865295172,-0.136350437998772,0.00823875702917576,-0.136323288083076,0.228834360837936,-0.335829436779022,0.237031191587448,0.434944272041321,0.228537648916245,-0.33585199713707,0.22863695025444,-0.335825949907303,0.00832816865295172,-0.136350437998772,0.228537648916245,-0.33585199713707,0.237157270312309,0.434910535812378
8.30140018463135,0.23717899620533,0.434929132461548,0.228762909770012,-0.335864245891571,0.00818519201129675,-0.136250466108322,0.228426039218903,-0.335868775844574,0.228762909770012,-0.335864245891571,0.236890092492104,0.434798806905746,0.228623330593109,-0.335872381925583,0.00827458035200834,-0.136277705430984,0.00818519201129675,-0.136250466108322,0.228623330593109,-0.335872381925583,0.237439900636673,0.434954017400742,0.228326722979546,-0.335894733667374,0.228426039218903,-0.335868775844574,0.00827458035200834,-0.136277705430984,0.228326722979546,-0.335894733667374,0.237565994262695,0.434920132160187
8.30200004577637,0.237587511539459,0.434938848018646,0.228551924228668,-0.335907101631165,0.00813174713402987,-0.13617767393589,0.228215098381042,-0.335911363363266,0.228551924228668,-0.335907101631165,0.2372986972332,0.434808731079102,0.228412270545959,-0.335915148258209,0.0082210460677743,-0.136204957962036,0.00813174713402987,-0.13617767393589,0.228412270545959,-0.335915148258209,0.237848296761513,0.434963583946228,0.228115856647491,-0.335937231779099,0.228215113282204,-0.335911363363266,0.0082210460677743,-0.136204957962036,0.228115856647491,-0.335937231779099,0.237974375486374,0.434929549694061
8.30259990692139,0.23799592256546,0.434948235750198,0.228340953588486,-0.335949808359146,0.00807842146605253,-0.136104866862297,0.22800424695015,-0.335953772068024,0.228340953588486,-0.335949808359146,0.23770697414875,0.434818387031555,0.228201374411583,-0.335957705974579,0.00816760025918484,-0.13613224029541,0.008078389801085,-0.136104866862297,0.228201374411583,-0.335957705974579,0.238256797194481,0.434972703456879,0.227904975414276,-0.335979580879211,0.22800424695015,-0.335953772068024,0.00816760025918484,-0.13613224029541,0.227904975414276,-0.335979580879211,0.238382652401924,0.434938609600067
8.30319976806641,0.238403782248497,0.434957474470139,0.22812993824482,-0.335992276668549,0.00802515260875225,-0.136032074689865,0.227793350815773,-0.335996001958847,0.22812993824482,-0.335992276668549,0.238115355372429,0.43482768535614,0.227990388870239,-0.336000055074692,0.0081142745912075,-0.136059507727623,0.00802515260875225,-0.136032074689865,0.227990388870239,-0.336000055074692,0.238664716482162,0.434981733560562,0.227694094181061,-0.336021691560745,0.227793350815773,-0.335996001958847,0.0081142745912075,-0.136059507727623,0.227694094181061,-0.336021691560745,0.238790586590767,0.434947490692139
8.30379962921143,0.238811954855919,0.434966206550598,0.227919027209282,-0.336034566164017,0.00797193963080645,-0.135959327220917,0.227582633495331,-0.336038023233414,0.227919027209282,-0.336034566164017,0.2385233938694,0.434836715459824,0.227779552340508,-0.336042255163193,0.00806100387126207,-0.135986819863319,0.00797193963080645,-0.135959327220917,0.227779552340508,-0.336042255163193,0.239072769880295,0.43499031662941,0.227483287453651,-0.33606368303299,0.227582633495331,-0.336038023233414,0.00806100387126207,-0.135986819863319,0.227483287453651,-0.33606368303299,0.239198625087738,0.434955894947052
8.30440044403076,0.239219591021538,0.434974819421768,0.227708145976067,-0.336076647043228,0.00791884399950504,-0.135886549949646,0.227371841669083,-0.336079865694046,0.227708160877228,-0.336076647043228,0.238931313157082,0.434845417737961,0.227568626403809,-0.336084276437759,0.00800785329192877,-0.135914117097855,0.00791884399950504,-0.135886549949646,0.227568626403809,-0.336084276437759,0.239480689167976,0.434998542070389,0.227272570133209,-0.336105465888977,0.227371841669083,-0.336079865694046,0.00800785329192877,-0.135914117097855,0.227272570133209,-0.336105436086655,0.239606350660324,0.434964090585709
8.30500030517578,0.239627301692963,0.434983015060425,0.227497294545174,-0.336118578910828,0.00786587037146091,-0.135813802480698,0.227161169052124,-0.336121529340744,0.227497294545174,-0.336118578910828,0.239338919520378,0.434853881597519,0.227357849478722,-0.336126089096069,0.00795479025691748,-0.135841429233551,0.00786587037146091,-0.135813802480698,0.227357849478722,-0.336126089096069,0.239888072013855,0.435006707906723,0.227061912417412,-0.336147010326385,0.227161169052124,-0.336121529340744,0.00795479025691748,-0.135841429233551,0.227061912417412,-0.336147010326385,0.240013718605042,0.434972077608109
8.3056001663208,0.240034684538841,0.434990972280502,0.227286517620087,-0.336160272359848,0.00781298335641623,-0.135741055011749,0.226950436830521,-0.336163014173508,0.227286517620087,-0.336160272359848,0.239746600389481,0.434861958026886,0.227146998047829,-0.336167722940445,0.00790181383490562,-0.135768756270409,0.00781298335641623,-0.135741055011749,0.227146998047829,-0.336167722940445,0.240295559167862,0.435014426708221,0.226851150393486,-0.336188405752182,0.226950436830521,-0.336163014173508,0.00790181383490562,-0.135768756270409,0.226851150393486,-0.336188405752182,0.240421190857887,0.434979647397995
8.30620002746582,0.240441977977753,0.434998631477356,0.227075710892677,-0.336201816797256,0.00776018342003226,-0.135668337345123,0.226739823818207,-0.336204290390015,0.227075710892677,-0.336201816797256,0.240153953433037,0.434869766235352,0.226936280727386,-0.336209148168564,0.00784892495721579,-0.135696098208427,0.00776015082374215,-0.135668322443962,0.226936280727386,-0.336209148168564,0.240702912211418,0.435021787881851,0.226640537381172,-0.336229622364044,0.226739823818207,-0.336204290390015,0.00784892495721579,-0.135696098208427,0.226640537381172,-0.336229622364044,0.240828350186348,0.434986978769302
8.30679988861084,0.240849137306213,0.435005933046341,0.226864978671074,-0.336243152618408,0.00770747009664774,-0.135595604777336,0.226529255509377,-0.336245387792587,0.226864978671074,-0.336243152618408,0.240561008453369,0.434877425432205,0.226725488901138,-0.336250394582748,0.00779612362384796,-0.135623455047607,0.00770747009664774,-0.135595604777336,0.226725503802299,-0.336250424385071,0.241109922528267,0.435028970241547,0.226429849863052,-0.336270660161972,0.226529255509377,-0.336245387792587,0.00779615622013807,-0.135623440146446,0.226429849863052,-0.336270660161972,0.241235360503197,0.434994012117386
8.30739974975586,0.241255953907967,0.435013085603714,0.226654306054115,-0.336284309625626,0.0076548452489078,-0.135522902011871,0.226318642497063,-0.336286306381226,0.226654306054115,-0.336284309625626,0.240968108177185,0.434884607791901,0.226514846086502,-0.336291462182999,0.00774344149976969,-0.135550796985626,0.0076548452489078,-0.135522902011871,0.226514846086502,-0.336291462182999,0.241517037153244,0.435035705566406,0.226219341158867,-0.336311489343643,0.226318642497063,-0.336286306381226,0.00774344149976969,-0.135550796985626,0.226219341158867,-0.336311459541321,0.241642266511917,0.435000747442245
8.30799961090088,0.241662874817848,0.435019731521606,0.226443663239479,-0.336325258016586,0.00760230654850602,-0.135450199246407,0.226108103990555,-0.336327016353607,0.226443663239479,-0.336325258016586,0.241375118494034,0.434891492128372,0.226304188370705,-0.336332350969315,0.00769084645435214,-0.135478168725967,0.00760230654850602,-0.135450199246407,0.226304188370705,-0.336332350969315,0.241923615336418,0.435042351484299,0.226008787751198,-0.336352109909058,0.226108103990555,-0.336327016353607,0.00769084645435214,-0.135478168725967,0.226008787751198,-0.336352109909058,0.242048844695091,0.435007214546204
8.30860042572021,0.242069244384766,0.435026317834854,0.226232975721359,-0.336366057395935,0.00754988705739379,-0.135377526283264,0.225897535681725,-0.336367517709732,0.226232975721359,-0.336366057395935,0.241781577467918,0.434898257255554,0.226093605160713,-0.336373031139374,0.00763833848759532,-0.135405540466309,0.00754988705739379,-0.135377526283264,0.226093605160713,-0.336373031139374,0.242330268025398,0.435048550367355,0.225798234343529,-0.33639258146286,0.225897565484047,-0.336367547512054,0.00763833848759532,-0.135405540466309,0.225798234343529,-0.33639258146286,0.242455497384071,0.435013264417648
8.30920028686523,0.24247570335865,0.435032427310944,0.226022377610207,-0.336406648159027,0.00749752251431346,-0.135304853320122,0.225687086582184,-0.33640792965889,0.226022377610207,-0.336406648159027,0.242188140749931,0.434904605150223,0.225883036851883,-0.336413532495499,0.00758591713383794,-0.135332942008972,0.00749752158299088,-0.135304838418961,0.225883036851883,-0.336413532495499,0.242736592888832,0.435054540634155,0.225587844848633,-0.336432844400406,0.225687086582184,-0.33640792965889,0.00758591713383794,-0.135332942008972,0.225587844848633,-0.336432844400406,0.242861613631248,0.435019195079803
8.30980014801025,0.24288184940815,0.435038387775421,0.22581185400486,-0.336447060108185,0.00744527671486139,-0.135232180356979,0.225476682186127,-0.336448073387146,0.225811779499054,-0.336447089910507,0.242594361305237,0.434910714626312,0.225672498345375,-0.336453855037689,0.00753358239308,-0.135260328650475,0.00744527671486139,-0.135232180356979,0.225672498345375,-0.336453855037689,0.243142813444138,0.435060232877731,0.225377425551414,-0.336472898721695,0.225476682186127,-0.336448073387146,0.00753358239308,-0.135260328650475,0.225377425551414,-0.336472898721695,0.243267819285393,0.435024738311768
8.31040000915527,0.243287846446037,0.43504399061203,0.225601330399513,-0.336487293243408,0.00739311752840877,-0.135159537196159,0.22526627779007,-0.336488038301468,0.225601330399513,-0.336487293243408,0.243000462651253,0.4349165558815,0.22546198964119,-0.336493968963623,0.0074813668616116,-0.135187745094299,0.00739311752840877,-0.135159537196159,0.22546198964119,-0.336493968963623,0.243548884987831,0.435065567493439,0.225166946649551,-0.336512833833694,0.22526627779007,-0.336488038301468,0.0074813668616116,-0.135187745094299,0.225167021155357,-0.336512804031372,0.243673697113991,0.435030072927475
8.31099987030029,0.243693739175797,0.435049265623093,0.225390866398811,-0.336527317762375,0.00734104448929429,-0.135086894035339,0.225055932998657,-0.336527824401855,0.225390866398811,-0.336527317762375,0.243406429886818,0.43492203950882,0.22525155544281,-0.336533904075623,0.00742920534685254,-0.135115176439285,0.00734101235866547,-0.135086879134178,0.22525155544281,-0.336533904075623,0.243954658508301,0.435070753097534,0.224956676363945,-0.336552530527115,0.225055932998657,-0.336527824401855,0.00742920534685254,-0.135115176439285,0.224956676363945,-0.336552530527115,0.244079664349556,0.435034960508347
8.31159973144531,0.244099482893944,0.435054242610931,0.225180417299271,-0.33656719326973,0.00728905852884054,-0.135014250874519,0.224845588207245,-0.336567431688309,0.225180417299271,-0.33656719326973,0.243812277913094,0.434927195310593,0.225041165947914,-0.336573660373688,0.00737716350704432,-0.135042622685432,0.00728902639821172,-0.135014265775681,0.225041091442108,-0.33657369017601,0.244360476732254,0.435075432062149,0.224746346473694,-0.336592048406601,0.224845588207245,-0.336567431688309,0.00737716350704432,-0.135042622685432,0.224746346473694,-0.336592048406601,0.244485065340996,0.435039728879929
8.31219959259033,0.244504928588867,0.435059040784836,0.224970012903214,-0.336606830358505,0.00723715918138623,-0.134941637516022,0.224635422229767,-0.336606830358505,0.224970027804375,-0.336606860160828,0.24421800673008,0.434932023286819,0.224830701947212,-0.336613237857819,0.00732517475262284,-0.134970054030418,0.00723715918138623,-0.134941637516022,0.224830701947212,-0.336613237857819,0.244765773415565,0.435080081224442,0.224536076188087,-0.33663135766983,0.224635422229767,-0.336606830358505,0.00732517475262284,-0.134970054030418,0.224536076188087,-0.33663135766983,0.244890585541725,0.43504410982132
8.31280040740967,0.244910225272179,0.435063481330872,0.224759697914124,-0.336646318435669,0.00718534644693136,-0.134869039058685,0.224425166845322,-0.33664608001709,0.224759697914124,-0.336646318435669,0.244623392820358,0.434936672449112,0.224620401859283,-0.336652606725693,0.00727330520749092,-0.134897515177727,0.00718534644693136,-0.134869039058685,0.224620401859283,-0.336652606725693,0.245171144604683,0.435084283351898,0.224325805902481,-0.33667054772377,0.224425166845322,-0.33664608001709,0.00727330520749092,-0.134897515177727,0.224325805902481,-0.33667054772377,0.245295539498329,0.435048371553421
8.31340026855469,0.245315313339233,0.435067623853683,0.224549278616905,-0.336685597896576,0.00713365105912089,-0.134796440601349,0.224214985966682,-0.336685121059418,0.224549293518066,-0.336685627698898,0.245028465986252,0.434941023588181,0.224410101771355,-0.336691796779633,0.00722152134403586,-0.134824976325035,0.00713365105912089,-0.134796440601349,0.224410101771355,-0.336691796779633,0.245576202869415,0.435088187456131,0.224115610122681,-0.336709529161453,0.224214985966682,-0.336685121059418,0.00722152134403586,-0.134824976325035,0.224115684628487,-0.336709469556808,0.245700791478157,0.435052096843719
8.31400012969971,0.245720252394676,0.435071468353271,0.224339053034782,-0.336724698543549,0.00708204228430986,-0.134723842144012,0.224004849791527,-0.336723983287811,0.224339053034782,-0.336724698543549,0.245433613657951,0.434945076704025,0.224199861288071,-0.336730808019638,0.00716982409358025,-0.134752452373505,0.00708204228430986,-0.134723842144012,0.224199861288071,-0.336730808019638,0.245981112122536,0.435091823339462,0.223905488848686,-0.33674830198288,0.224004849791527,-0.336723983287811,0.00716982409358025,-0.134752452373505,0.223905488848686,-0.33674830198288,0.246105596423149,0.435055613517761
8.31459999084473,0.246125072240829,0.435075044631958,0.224128782749176,-0.336763620376587,0.00703048706054688,-0.134651273488998,0.223794639110565,-0.336762666702271,0.224128782749176,-0.336763620376587,0.245838418602943,0.434948861598969,0.223989591002464,-0.336769610643387,0.00711821299046278,-0.134679958224297,0.00703048706054688,-0.134651273488998,0.223989591002464,-0.336769610643387,0.246385917067528,0.435095220804214,0.223695337772369,-0.336786866188049,0.223794639110565,-0.336762666702271,0.00711821299046278,-0.134679958224297,0.223695337772369,-0.336786866188049,0.246510282158852,0.435058921575546
8.31519985198975,0.246529668569565,0.435078352689743,0.223918586969376,-0.336802333593369,0.00697908271104097,-0.134578719735146,0.223584577441216,-0.336801111698151,0.223918586969376,-0.336802333593369,0.246243208646774,0.434952288866043,0.223779439926147,-0.336808234453201,0.00706668710336089,-0.134607449173927,0.00697908271104097,-0.134578719735146,0.223779454827309,-0.336808264255524,0.246790587902069,0.43509829044342,0.22348527610302,-0.336825281381607,0.223584577441216,-0.336801111698151,0.00706671923398972,-0.134607449173927,0.22348527610302,-0.336825281381607,0.246914729475975,0.435061901807785
8.31579971313477,0.246934026479721,0.435081332921982,0.223708406090736,-0.336840867996216,0.00692773144692183,-0.134506165981293,0.223374530673027,-0.336839437484741,0.223708406090736,-0.336840867996216,0.246647655963898,0.434955507516861,0.223569259047508,-0.336846709251404,0.00701527995988727,-0.134534955024719,0.00692773144692183,-0.134506165981293,0.223569259047508,-0.336846709251404,0.247194901108742,0.435101091861725,0.223275229334831,-0.33686351776123,0.223374530673027,-0.336839437484741,0.00701527995988727,-0.134534955024719,0.223275229334831,-0.33686351776123,0.247319057583809,0.435064524412155
8.31639957427979,0.247338354587555,0.435084044933319,0.223498299717903,-0.336879253387451,0.00687646679580212,-0.13443361222744,0.223164543509483,-0.336877554655075,0.223498299717903,-0.336879253387451,0.247052073478699,0.43495836853981,0.223359167575836,-0.33688497543335,0.00696392590180039,-0.134462490677834,0.00687646679580212,-0.13443361222744,0.223359167575836,-0.33688497543335,0.247599214315414,0.435103595256805,0.223065227270126,-0.336901545524597,0.223164543509483,-0.336877554655075,0.00696392590180039,-0.134462490677834,0.223065227270126,-0.336901545524597,0.247723236680031,0.435066938400269
8.31700038909912,0.247742354869843,0.435086518526077,0.22328819334507,-0.336917400360107,0.0068252868950367,-0.134361103177071,0.222954630851746,-0.336915463209152,0.22328819334507,-0.336917400360107,0.247456192970276,0.434961020946503,0.223149135708809,-0.336923032999039,0.0069126901216805,-0.134390011429787,0.0068252868950367,-0.134361103177071,0.223149135708809,-0.336923032999039,0.248003169894218,0.435105830430984,0.22285532951355,-0.33693939447403,0.222954630851746,-0.336915463209152,0.00691269105300307,-0.134390026330948,0.22285532951355,-0.33693939447403,0.248127192258835,0.435069054365158
8.31760025024414,0.248146221041679,0.435088604688644,0.223078146576881,-0.336955428123474,0.00677419360727072,-0.134288594126701,0.222744643688202,-0.336953222751617,0.223078146576881,-0.336955428123474,0.247860252857208,0.434963315725327,0.222939118742943,-0.336960971355438,0.00686154048889875,-0.134317561984062,0.00677419360727072,-0.134288594126701,0.222939118742943,-0.336960971355438,0.248407125473022,0.43510776758194,0.222645416855812,-0.336977064609528,0.222744643688202,-0.336953222751617,0.00686157215386629,-0.134317576885223,0.222645416855812,-0.336977064609528,0.248531028628349,0.435070872306824
8.31820011138916,0.248549968004227,0.435090512037277,0.222868174314499,-0.336993217468262,0.00672324886545539,-0.134216070175171,0.222534820437431,-0.336990773677826,0.222868174314499,-0.336993217468262,0.248264074325562,0.434965342283249,0.222729086875916,-0.336998641490936,0.00681050773710012,-0.13424514234066,0.00672324886545539,-0.134216070175171,0.222729086875916,-0.336998641490936,0.248810827732086,0.435109406709671,0.222435489296913,-0.337014526128769,0.222534820437431,-0.336990773677826,0.00681050773710012,-0.13424514234066,0.222435489296913,-0.337014526128769,0.248934626579285,0.435072422027588
8.31879997253418,0.248953476548195,0.435092091560364,0.222658216953278,-0.337030827999115,0.00667232647538185,-0.134143590927124,0.222324967384338,-0.3370281457901,0.222658216953278,-0.337030827999115,0.248667702078819,0.434967160224915,0.222519099712372,-0.337036162614822,0.006759496871382,-0.134172707796097,0.00667232647538185,-0.134143590927124,0.222519099712372,-0.337036162614822,0.249214395880699,0.435110747814178,0.222225651144981,-0.337051838636398,0.222324967384338,-0.3370281457901,0.006759496871382,-0.134172707796097,0.222225651144981,-0.337051838636398,0.24933810532093,0.435073673725128
8.3193998336792,0.24935682117939,0.435093373060226,0.222448319196701,-0.337068259716034,0.00662152143195271,-0.134071111679077,0.222115188837051,-0.337065309286118,0.222448319196701,-0.337068259716034,0.249071136116982,0.434968531131744,0.222309246659279,-0.337073504924774,0.00670860288664699,-0.134100288152695,0.00662152143195271,-0.134071111679077,0.222309246659279,-0.337073504924774,0.249617636203766,0.435111850500107,0.222015872597694,-0.337088942527771,0.222115203738213,-0.337065309286118,0.00670863501727581,-0.134100303053856,0.222015872597694,-0.337088942527771,0.249741226434708,0.435074627399445
8.31999969482422,0.24975997209549,0.435094356536865,0.222238332033157,-0.337105512619019,0.00657080113887787,-0.13399863243103,0.221905425190926,-0.337102323770523,0.222238332033157,-0.337105512619019,0.249474391341209,0.434969812631607,0.222099438309669,-0.337110638618469,0.00665782624855638,-0.134027883410454,0.00657080113887787,-0.13399863243103,0.222099438309669,-0.337110638618469,0.250020742416382,0.435112625360489,0.221806108951569,-0.337125837802887,0.221905425190926,-0.337102323770523,0.00665782624855638,-0.134027883410454,0.221806108951569,-0.337125837802887,0.250144451856613,0.435075342655182
8.32059955596924,0.250162988901138,0.435095131397247,0.222028493881226,-0.337142556905746,0.00652016652747989,-0.133926197886467,0.2216956615448,-0.337139129638672,0.222028493881226,-0.337142556905746,0.249877363443375,0.434970676898956,0.221889540553093,-0.337147623300552,0.00660713529214263,-0.133955508470535,0.00652016652747989,-0.133926197886467,0.221889540553093,-0.337147653102875,0.250423818826675,0.435113131999969,0.221596404910088,-0.337162613868713,0.2216956615448,-0.337139129638672,0.00660713529214263,-0.133955508470535,0.221596404910088,-0.337162613868713,0.250547289848328,0.435075730085373
8.32120037078857,0.250565737485886,0.435095518827438,0.221818685531616,-0.337179452180862,0.00646964833140373,-0.133853748440742,0.221486046910286,-0.337175786495209,0.221818685531616,-0.337179452180862,0.250280380249023,0.434971302747726,0.221679821610451,-0.337184429168701,0.00655652955174446,-0.133883133530617,0.00646964833140373,-0.133853748440742,0.221679821610451,-0.337184429168701,0.2508265376091,0.435113310813904,0.221386700868607,-0.337199151515961,0.221486046910286,-0.337175786495209,0.00655652955174446,-0.133883133530617,0.221386700868607,-0.337199151515961,0.250950038433075,0.43507581949234
8.32180023193359,0.250968396663666,0.435095697641373,0.221609011292458,-0.337216109037399,0.00641915295273066,-0.133781313896179,0.221276432275772,-0.337212204933167,0.221609011292458,-0.337216109037399,0.250683099031448,0.434971630573273,0.221469983458519,-0.337220996618271,0.0065060080960393,-0.133810758590698,0.00641915202140808,-0.133781298995018,0.221469983458519,-0.337220996618271,0.251229166984558,0.435113281011581,0.221177086234093,-0.337235569953918,0.221276432275772,-0.337212204933167,0.0065060080960393,-0.133810758590698,0.221177086234093,-0.337235569953918,0.251352429389954,0.435075700283051
8.32240009307861,0.251370787620544,0.435095548629761,0.221399262547493,-0.337252646684647,0.00636883685365319,-0.133708909153938,0.221066817641258,-0.337248504161835,0.221399262547493,-0.337252646684647,0.251085698604584,0.434971660375595,0.221260324120522,-0.337257415056229,0.00645554065704346,-0.133738398551941,0.00636883685365319,-0.133708909153938,0.221260324120522,-0.337257415056229,0.251631617546082,0.435112923383713,0.220967561006546,-0.337271720170975,0.221066817641258,-0.337248504161835,0.00645554065704346,-0.133738398551941,0.220967561006546,-0.337271720170975,0.251754879951477,0.435075223445892
8.32299995422363,0.251773089170456,0.435095191001892,0.221189588308334,-0.337288975715637,0.00631854124367237,-0.133636489510536,0.220857262611389,-0.337284564971924,0.221189588308334,-0.337288975715637,0.251488089561462,0.434971451759338,0.221050649881363,-0.337293654680252,0.00640518870204687,-0.133666053414345,0.00631854124367237,-0.133636489510536,0.221050649881363,-0.337293654680252,0.252033889293671,0.435112357139587,0.220758005976677,-0.337307751178741,0.22085727751255,-0.337284594774246,0.00640518870204687,-0.133666053414345,0.220757991075516,-0.337307721376419,0.252157032489777,0.435074478387833
8.32359981536865,0.252175211906433,0.435094445943832,0.22097997367382,-0.337325096130371,0.00626836344599724,-0.133564099669456,0.220647722482681,-0.337320476770401,0.22097997367382,-0.337325096130371,0.251890182495117,0.434970945119858,0.220841065049171,-0.337329685688019,0.00635492289438844,-0.13359372317791,0.0062683317810297,-0.133564099669456,0.220840990543365,-0.337329685688019,0.252435982227325,0.435111463069916,0.220548436045647,-0.337343543767929,0.220647722482681,-0.337320476770401,0.00635492289438844,-0.13359372317791,0.220548436045647,-0.337343543767929,0.252559006214142,0.435073465108871
8.32419967651367,0.252577006816864,0.435093462467194,0.220770284533501,-0.337361067533493,0.00621826993301511,-0.133491724729538,0.220438241958618,-0.337356209754944,0.220770284533501,-0.337361067533493,0.252292186021805,0.434970110654831,0.22063148021698,-0.337365567684174,0.00630477303639054,-0.133521392941475,0.00621826993301511,-0.133491724729538,0.220631495118141,-0.337365597486496,0.252837836742401,0.43511027097702,0.220338955521584,-0.337379187345505,0.220438241958618,-0.337356209754944,0.00630477303639054,-0.133521392941475,0.220338955521584,-0.337379187345505,0.252960860729218,0.435072213411331
8.32479953765869,0.252978801727295,0.435092210769653,0.220560729503632,-0.337396800518036,0.00616822950541973,-0.133419349789619,0.220228850841522,-0.337391704320908,0.220560729503632,-0.337396800518036,0.252694070339203,0.434969067573547,0.220421969890594,-0.337401241064072,0.00625467579811811,-0.133449092507362,0.00616822950541973,-0.133419349789619,0.220421969890594,-0.337401241064072,0.253239542245865,0.435108810663223,0.220129564404488,-0.337414681911469,0.220228850841522,-0.337391704320908,0.00625467579811811,-0.133449092507362,0.220129564404488,-0.337414681911469,0.253362357616425,0.435070633888245
8.32540035247803,0.25338026881218,0.435090661048889,0.220351234078407,-0.337432444095612,0.00611830502748489,-0.133346989750862,0.220019444823265,-0.337427049875259,0.220351234078407,-0.337432444095612,0.253095686435699,0.43496772646904,0.220212444663048,-0.337436705827713,0.00620469497516751,-0.133376806974411,0.00611830502748489,-0.133346989750862,0.220212444663048,-0.337436705827713,0.253641039133072,0.435107052326202,0.21992015838623,-0.337449908256531,0.220019444823265,-0.337427049875259,0.00620469497516751,-0.133376806974411,0.21992015838623,-0.337449908256531,0.253763854503632,0.435068756341934
8.32600021362305,0.253781586885452,0.435088872909546,0.220141783356667,-0.337467819452286,0.00606849789619446,-0.133274659514427,0.219810128211975,-0.337462216615677,0.220141783356667,-0.337467819452286,0.253497064113617,0.434966057538986,0.220003008842468,-0.337472021579742,0.00615476677194238,-0.13330452144146,0.00606849789619446,-0.133274659514427,0.220003008842468,-0.337472021579742,0.254042416810989,0.43510502576828,0.219710826873779,-0.337484985589981,0.219810128211975,-0.337462216615677,0.00615476723760366,-0.133304536342621,0.219710826873779,-0.337484985589981,0.254165202379227,0.435066610574722
8.32660007476807,0.254182815551758,0.435086727142334,0.219932317733765,-0.337503045797348,0.00601874152198434,-0.133202314376831,0.219600796699524,-0.33749720454216,0.219932317733765,-0.337503045797348,0.253898411989212,0.434964179992676,0.219793558120728,-0.337507158517838,0.00610495498403907,-0.133232265710831,0.00601874152198434,-0.133202314376831,0.219793558120728,-0.337507158517838,0.254443526268005,0.435102730989456,0.219501525163651,-0.337519913911819,0.219600796699524,-0.33749720454216,0.00610495498403907,-0.133232250809669,0.219501525163651,-0.337519913911819,0.254566222429276,0.435064285993576
8.32719993591309,0.254583835601807,0.435084402561188,0.219722926616669,-0.337538063526154,0.00596910249441862,-0.133129984140396,0.219391569495201,-0.337532013654709,0.219722926616669,-0.337538063526154,0.254299521446228,0.434961915016174,0.219584196805954,-0.337542116641998,0.00605522794649005,-0.133159995079041,0.00596910249441862,-0.133129999041557,0.219584196805954,-0.337542116641998,0.254844516515732,0.435100167989731,0.219292268157005,-0.337554633617401,0.219391569495201,-0.337532013654709,0.00605522794649005,-0.133159995079041,0.219292268157005,-0.337554633617401,0.25496706366539,0.435061514377594
8.32779979705811,0.254984587430954,0.435081720352173,0.219513550400734,-0.337572932243347,0.00591951562091708,-0.133057683706284,0.219182401895523,-0.337566614151001,0.219513550400734,-0.337572932243347,0.254700481891632,0.434959441423416,0.21937483549118,-0.337576866149902,0.00600555306300521,-0.133087739348412,0.00591951562091708,-0.133057683706284,0.21937483549118,-0.337576866149902,0.255245357751846,0.435097306966782,0.219083100557327,-0.337589144706726,0.219182416796684,-0.337566643953323,0.00600555306300521,-0.133087739348412,0.219083100557327,-0.337589144706726,0.255367875099182,0.435058563947678
8.32839965820313,0.255385220050812,0.435078799724579,0.219304338097572,-0.337607562541962,0.00587004469707608,-0.132985413074493,0.218973219394684,-0.337601035833359,0.219304338097572,-0.337607562541962,0.255101233720779,0.434956699609756,0.219165623188019,-0.337611466646194,0.00595602532848716,-0.133015513420105,0.00587004469707608,-0.132985413074493,0.219165623188019,-0.337611466646194,0.255646020174026,0.435094118118286,0.218873843550682,-0.337623536586761,0.218973219394684,-0.337601035833359,0.00595602532848716,-0.133015513420105,0.218873843550682,-0.337623536586761,0.255768358707428,0.43505534529686
8.32900047302246,0.25578561425209,0.435075581073761,0.219095021486282,-0.337642073631287,0.00582062546163797,-0.132913112640381,0.218764066696167,-0.337635308504105,0.219095021486282,-0.337642073631287,0.255501747131348,0.434953689575195,0.218956410884857,-0.337645828723907,0.00590655021369457,-0.13294330239296,0.00582062546163797,-0.132913112640381,0.218956410884857,-0.337645828723907,0.256046384572983,0.435090720653534,0.218664735555649,-0.337657690048218,0.218764066696167,-0.337635308504105,0.00590655021369457,-0.13294330239296,0.218664810061455,-0.337657660245895,0.256168693304062,0.435051798820496
8.32960033416748,0.256185948848724,0.435072064399719,0.218885883688927,-0.337676376104355,0.00577135430648923,-0.132840856909752,0.218554973602295,-0.337669342756271,0.218885883688927,-0.337676376104355,0.255902081727982,0.43495038151741,0.218747213482857,-0.337680041790009,0.00585715938359499,-0.132871106266975,0.00577132264152169,-0.132840856909752,0.218747213482857,-0.337680041790009,0.256446570158005,0.435086995363235,0.218455642461777,-0.33769166469574,0.218554973602295,-0.337669342756271,0.00585719058290124,-0.132871106266975,0.218455642461777,-0.33769166469574,0.256568819284439,0.435048013925552
8.3302001953125,0.256585985422134,0.435068339109421,0.218676641583443,-0.337710499763489,0.00572213530540466,-0.132768616080284,0.21834596991539,-0.337703257799149,0.218676641583443,-0.337710499763489,0.256302267313004,0.434946715831757,0.218537986278534,-0.337714076042175,0.00580788357183337,-0.132798910140991,0.00572213530540466,-0.132768616080284,0.218537986278534,-0.337714076042175,0.25684666633606,0.435083031654358,0.218246638774872,-0.33772549033165,0.21834596991539,-0.337703257799149,0.00580788357183337,-0.132798910140991,0.218246638774872,-0.33772549033165,0.256968796253204,0.435043931007385
8.33080005645752,0.256985813379288,0.435064285993576,0.218467503786087,-0.337744444608688,0.00567300012335181,-0.132696375250816,0.218136936426163,-0.337736934423447,0.218467503786087,-0.337744444608688,0.256702244281769,0.434942901134491,0.218328922986984,-0.337747931480408,0.00575869157910347,-0.132726728916168,0.00567300012335181,-0.132696375250816,0.218328922986984,-0.337747931480408,0.25724658370018,0.435078769922256,0.218037635087967,-0.337759107351303,0.218136936426163,-0.337736934423447,0.00575869157910347,-0.132726728916168,0.218037635087967,-0.337759107351303,0.257368683815002,0.435039550065994
8.33139991760254,0.257385581731796,0.43505996465683,0.218258440494537,-0.337778210639954,0.0056239478290081,-0.132624134421349,0.217927992343903,-0.33777043223381,0.218258440494537,-0.337778210639954,0.257102072238922,0.434938758611679,0.218119874596596,-0.337781578302383,0.00570955267176032,-0.132654577493668,0.0056239478290081,-0.132624134421349,0.218119874596596,-0.337781578302383,0.257646262645721,0.435074210166931,0.217828676104546,-0.337792545557022,0.217928022146225,-0.337770462036133,0.00570955267176032,-0.132654577493668,0.217828676104546,-0.337792545557022,0.257768273353577,0.435034960508347
8.33199977874756,0.257785141468048,0.435055375099182,0.218049451708794,-0.33781173825264,0.00557498028501868,-0.132551938295364,0.217719078063965,-0.337803810834885,0.218049451708794,-0.33781173825264,0.257501691579819,0.434934347867966,0.217910811305046,-0.337815076112747,0.00566052785143256,-0.132582411170006,0.00557498028501868,-0.132551938295364,0.217910811305046,-0.337815076112747,0.258045822381973,0.435069382190704,0.217619746923447,-0.337825804948807,0.217719078063965,-0.337803810834885,0.00566052785143256,-0.132582411170006,0.217619746923447,-0.337825804948807,0.258167713880539,0.435029983520508
8.33259963989258,0.258184462785721,0.435050457715988,0.217840373516083,-0.337845146656036,0.00552612775936723,-0.132479727268219,0.217510193586349,-0.337836921215057,0.217840388417244,-0.337845176458359,0.257901191711426,0.434929609298706,0.217701837420464,-0.337848335504532,0.00561155565083027,-0.132510289549828,0.00552612775936723,-0.132479727268219,0.217701837420464,-0.337848335504532,0.258445143699646,0.435064315795898,0.217410877346992,-0.337858885526657,0.217510208487511,-0.33783695101738,0.00561155565083027,-0.132510289549828,0.217410877346992,-0.337858885526657,0.2585668861866,0.435024797916412
8.33320045471191,0.258583664894104,0.435045301914215,0.217631459236145,-0.337878376245499,0.00547735765576363,-0.132407531142235,0.217301368713379,-0.337869912385941,0.217631459236145,-0.337878376245499,0.258300423622131,0.43492466211319,0.217492863535881,-0.337881445884705,0.00556269800290465,-0.132438153028488,0.00547735765576363,-0.132407531142235,0.217492863535881,-0.337881445884705,0.258844256401062,0.435058951377869,0.217202097177505,-0.337891787290573,0.217301368713379,-0.337869912385941,0.0055627292022109,-0.132438138127327,0.217202097177505,-0.337891787290573,0.258965909481049,0.435019344091415
8.33380031585693,0.258982628583908,0.435039848089218,0.217422544956207,-0.337911367416382,0.00542864017188549,-0.132335364818573,0.217092588543892,-0.337902724742889,0.217422544956207,-0.337911367416382,0.25869944691658,0.434919387102127,0.217283949255943,-0.337914407253265,0.005513955373317,-0.132366016507149,0.0054286397062242,-0.132335349917412,0.217283949255943,-0.337914407253265,0.259243309497833,0.43505334854126,0.216993317008018,-0.337924480438232,0.217092588543892,-0.337902724742889,0.005513955373317,-0.132366016507149,0.216993317008018,-0.337924480438232,0.259364873170853,0.435013622045517
8.33440017700195,0.259381473064423,0.435034215450287,0.21721363067627,-0.337944209575653,0.00538003724068403,-0.132263198494911,0.216883882880211,-0.337935328483582,0.217213645577431,-0.337944239377975,0.259098380804062,0.434913873672485,0.217075154185295,-0.337947130203247,0.00546526489779353,-0.132293939590454,0.00538003724068403,-0.132263198494911,0.217075154185295,-0.337947130203247,0.259642034769058,0.435047388076782,0.216784626245499,-0.337957054376602,0.216883882880211,-0.337935328483582,0.00546526489779353,-0.132293939590454,0.216784626245499,-0.337957054376602,0.259763598442078,0.435007572174072
8.33500003814697,0.259780019521713,0.435028195381165,0.217004865407944,-0.33797687292099,0.00533151719719172,-0.132191061973572,0.216675192117691,-0.337967753410339,0.217004865407944,-0.33797687292099,0.259497165679932,0.43490806221962,0.216866329312325,-0.337979733943939,0.00541665777564049,-0.132221847772598,0.00533151719719172,-0.132191061973572,0.216866329312325,-0.337979733943939,0.260040670633316,0.43504124879837,0.216575920581818,-0.33798936009407,0.216675192117691,-0.337967753410339,0.00541665777564049,-0.132221847772598,0.216575920581818,-0.33798936009407,0.260162115097046,0.435001313686371
8.33559989929199,0.260178416967392,0.435021966695786,0.21679612994194,-0.33800932765007,0.00528304930776358,-0.132118925452232,0.216466590762138,-0.338000029325485,0.216796055436134,-0.338009387254715,0.2598956823349,0.43490195274353,0.216657593846321,-0.338012099266052,0.00536816427484155,-0.132149770855904,0.00528304930776358,-0.132118925452232,0.216657593846321,-0.338012099266052,0.260439068078995,0.435034781694412,0.216367229819298,-0.338021576404572,0.216466590762138,-0.338000029325485,0.00536816427484155,-0.132149770855904,0.216367229819298,-0.338021576404572,0.260560482740402,0.434994697570801
8.33619976043701,0.260576635599136,0.435015469789505,0.216587349772453,-0.338041663169861,0.00523469597101212,-0.132046803832054,0.216257944703102,-0.338032066822052,0.216587364673615,-0.338041692972183,0.260294079780579,0.434895634651184,0.216448843479156,-0.338044315576553,0.00531969172880054,-0.13207770884037,0.00523469597101212,-0.132046803832054,0.216448843479156,-0.338044315576553,0.260837316513062,0.435028076171875,0.216158702969551,-0.338053554296494,0.216257944703102,-0.338032066822052,0.00531969172880054,-0.13207770884037,0.216158702969551,-0.338053554296494,0.26095849275589,0.434987872838974
8.33679962158203,0.260974764823914,0.435008674860001,0.216378629207611,-0.338073819875717,0.00518645718693733,-0.131974697113037,0.216049432754517,-0.338063925504684,0.216378629207611,-0.338073819875717,0.260692179203033,0.434888988733292,0.216240271925926,-0.33807635307312,0.00527136493474245,-0.132005661725998,0.00518645718693733,-0.131974697113037,0.216240271925926,-0.33807635307312,0.261235386133194,0.435021042823792,0.215950161218643,-0.338085353374481,0.216049432754517,-0.338063925504684,0.00527139659970999,-0.132005661725998,0.215950161218643,-0.338085353374481,0.261356592178345,0.434980779886246
8.33740043640137,0.261372625827789,0.435001581907272,0.216170027852058,-0.338105738162994,0.00513826915994287,-0.131902605295181,0.215840891003609,-0.338095635175705,0.216170027852058,-0.338105738162994,0.261090189218521,0.43488210439682,0.216031610965729,-0.338108211755753,0.00522315269336104,-0.131933629512787,0.00513826915994287,-0.131902605295181,0.216031610965729,-0.338108211755753,0.26163312792778,0.435013800859451,0.215741634368896,-0.338116973638535,0.21584090590477,-0.338095664978027,0.00522315269336104,-0.131933629512787,0.215741619467735,-0.338116943836212,0.261754333972931,0.434973418712616
8.33800029754639,0.261770278215408,0.434994220733643,0.215961441397667,-0.33813750743866,0.00509019568562508,-0.131830513477325,0.215632438659668,-0.338127166032791,0.215961441397667,-0.33813750743866,0.261488050222397,0.434874951839447,0.21582305431366,-0.338139832019806,0.00517495954409242,-0.131861612200737,0.00509019568562508,-0.131830513477325,0.21582305431366,-0.338139832019806,0.262030959129333,0.435006201267242,0.215533152222633,-0.338148415088654,0.215632438659668,-0.338127166032791,0.00517495954409242,-0.131861612200737,0.215533152222633,-0.338148415088654,0.262151896953583,0.43496572971344
8.33860015869141,0.26216784119606,0.434986621141434,0.215752840042114,-0.338169068098068,0.00504217389971018,-0.131758466362953,0.215424075722694,-0.338158518075943,0.215752840042114,-0.338169068098068,0.261885643005371,0.43486750125885,0.215614557266235,-0.33817133307457,0.00512688141316175,-0.131789609789848,0.00504217389971018,-0.131758466362953,0.215614557266235,-0.33817133307457,0.262428373098373,0.434998363256454,0.215324684977531,-0.338179677724838,0.215424075722694,-0.338158518075943,0.00512688141316175,-0.131789609789848,0.215324684977531,-0.338179677724838,0.262549340724945,0.434957802295685
8.33920001983643,0.262565106153488,0.434978753328323,0.21554434299469,-0.338200449943542,0.00499426573514938,-0.13168640434742,0.215215682983398,-0.338189631700516,0.21554434299469,-0.338200449943542,0.262283086776733,0.434859812259674,0.215405970811844,-0.338202655315399,0.00507885403931141,-0.13171760737896,0.00499426573514938,-0.13168640434742,0.215405970811844,-0.338202655315399,0.262825667858124,0.434990257024765,0.215116336941719,-0.338210761547089,0.215215682983398,-0.338189631700516,0.00507888570427895,-0.131717622280121,0.215116336941719,-0.338210761547089,0.262946516275406,0.434949606657028
8.33979988098145,0.262962281703949,0.434970587491989,0.215335831046104,-0.338231682777405,0.00494640879333019,-0.131614372134209,0.215007305145264,-0.338220655918121,0.215335831046104,-0.338231682777405,0.262680321931839,0.434851795434952,0.215197563171387,-0.338233768939972,0.00503094075247645,-0.131645634770393,0.00494640879333019,-0.131614372134209,0.215197563171387,-0.338233768939972,0.263222813606262,0.434981852769852,0.214908018708229,-0.338241696357727,0.215007305145264,-0.338220655918121,0.00503094075247645,-0.131645634770393,0.214908018708229,-0.338241696357727,0.263343572616577,0.434941172599792
8.34039974212646,0.263359248638153,0.434962123632431,0.215127393603325,-0.33826270699501,0.00489866593852639,-0.131542354822159,0.214799001812935,-0.338251441717148,0.215127393603325,-0.33826270699501,0.263077348470688,0.43484354019165,0.214989140629768,-0.338264733552933,0.00498314155265689,-0.131573662161827,0.00489866593852639,-0.131542354822159,0.214989140629768,-0.338264733552933,0.263619840145111,0.434973239898682,0.214699745178223,-0.338272392749786,0.214799106121063,-0.338251411914825,0.00498314155265689,-0.131573662161827,0.214699730277061,-0.338272362947464,0.263740360736847,0.434932440519333
8.34099960327148,0.263756036758423,0.434953451156616,0.21491913497448,-0.338293552398682,0.00485097337514162,-0.131470337510109,0.21459074318409,-0.338282078504562,0.21491913497448,-0.338293552398682,0.263474255800247,0.434834986925125,0.214780896902084,-0.338295429944992,0.00493539264425635,-0.131501719355583,0.00485097337514162,-0.131470337510109,0.214780896902084,-0.338295429944992,0.264016479253769,0.434964329004288,0.2144915163517,-0.338302940130234,0.21459074318409,-0.338282078504562,0.00493539264425635,-0.131501719355583,0.2144915163517,-0.338302940130234,0.264137089252472,0.434923410415649
8.34160041809082,0.264152586460114,0.434944480657578,0.214710772037506,-0.338324218988419,0.00480339443311095,-0.13139833509922,0.214382603764534,-0.33831250667572,0.214710772037506,-0.338324218988419,0.26387095451355,0.434826225042343,0.214572563767433,-0.338326036930084,0.00488775875419378,-0.1314297914505,0.00480339443311095,-0.13139833509922,0.214572489261627,-0.338326036930084,0.264413088560104,0.434955179691315,0.214283317327499,-0.338333338499069,0.214382603764534,-0.33831250667572,0.00488775875419378,-0.1314297914505,0.214283317327499,-0.338333338499069,0.264533579349518,0.434914141893387
8.34220027923584,0.264548987150192,0.434935241937637,0.214502438902855,-0.338354736566544,0.00475593004375696,-0.131326362490654,0.21417447924614,-0.338342756032944,0.214502438902855,-0.338354736566544,0.264267414808273,0.434817165136337,0.214364215731621,-0.33835643529892,0.00484017468988895,-0.131357848644257,0.00475593004375696,-0.131326362490654,0.214364215731621,-0.33835643529892,0.264809548854828,0.434945702552795,0.214075207710266,-0.338363498449326,0.214174494147301,-0.338342756032944,0.00484017468988895,-0.131357863545418,0.214075207710266,-0.338363498449326,0.264929831027985,0.4349045753479
8.34280014038086,0.264945238828659,0.434925734996796,0.214294254779816,-0.338385045528412,0.004708515945822,-0.131254389882088,0.213966354727745,-0.338372856378555,0.214294254779816,-0.338385045528412,0.26466378569603,0.434807777404785,0.214156061410904,-0.338386684656143,0.00479267304763198,-0.131285950541496,0.004708515945822,-0.131254389882088,0.214156061410904,-0.338386684656143,0.26520574092865,0.434935957193375,0.21386706829071,-0.338393479585648,0.213966354727745,-0.338372856378555,0.00479267304763198,-0.131285950541496,0.21386706829071,-0.338393479585648,0.265326023101807,0.434894770383835
8.34340000152588,0.265341222286224,0.434915959835052,0.214086070656776,-0.338415145874023,0.00466118426993489,-0.131182432174683,0.213758304715157,-0.33840274810791,0.214086070656776,-0.338415145874023,0.265059977769852,0.434798151254654,0.213947892189026,-0.338416695594788,0.00474528502672911,-0.131214052438736,0.00466118426993489,-0.131182432174683,0.213947907090187,-0.33841672539711,0.265601605176926,0.43492603302002,0.213659018278122,-0.338423311710358,0.213758304715157,-0.33840274810791,0.00474528502672911,-0.131214052438736,0.213659018278122,-0.338423311710358,0.265721946954727,0.434884667396545
8.3439998626709,0.265737056732178,0.434905886650085,0.213877975940704,-0.338445097208023,0.00461396528407931,-0.131110489368439,0.213550344109535,-0.338432461023331,0.213877975940704,-0.338445097208023,0.265455931425095,0.434788256883621,0.213739812374115,-0.338446527719498,0.00469794729724526,-0.131142184138298,0.00461396528407931,-0.131110489368439,0.213739812374115,-0.338446527719498,0.265997529029846,0.434915810823441,0.213451057672501,-0.338452965021133,0.213550344109535,-0.338432461023331,0.00469794729724526,-0.131142184138298,0.213451057672501,-0.338452965021133,0.266117632389069,0.434874325990677
8.34459972381592,0.266132771968842,0.434895604848862,0.213669881224632,-0.338474869728088,0.00456679658964276,-0.131038561463356,0.213342323899269,-0.338461995124817,0.213669881224632,-0.338474869728088,0.265851646661758,0.434778124094009,0.213531732559204,-0.338476240634918,0.00465072272345424,-0.13107031583786,0.00456676539033651,-0.131038561463356,0.213531732559204,-0.338476240634918,0.266393154859543,0.434905230998993,0.21324311196804,-0.338482439517975,0.213342323899269,-0.338461995124817,0.00465072272345424,-0.13107031583786,0.213243097066879,-0.338482439517975,0.266513258218765,0.434863716363907
8.34519958496094,0.266528218984604,0.434884995222092,0.21346178650856,-0.338504463434219,0.00451971031725407,-0.130966663360596,0.213134437799454,-0.338491350412369,0.21346178650856,-0.338504463434219,0.26624721288681,0.434767723083496,0.213323667645454,-0.338505774736404,0.00460358010604978,-0.130998447537422,0.00451971031725407,-0.130966663360596,0.213323667645454,-0.338505774736404,0.26678866147995,0.434894442558289,0.213035225868225,-0.33851170539856,0.213134437799454,-0.338491350412369,0.00460358010604978,-0.130998447537422,0.213035225868225,-0.33851170539856,0.266908645629883,0.434852778911591
8.34580039978027,0.266923487186432,0.43487411737442,0.2132538408041,-0.338533848524094,0.0044727367348969,-0.130894750356674,0.2129265666008,-0.338520526885986,0.213253855705261,-0.338533878326416,0.26664263010025,0.434757083654404,0.213115751743317,-0.338535070419312,0.00455648871138692,-0.130926609039307,0.00447270553559065,-0.130894750356674,0.213115751743317,-0.338535070419312,0.267183929681778,0.434883415699005,0.212827354669571,-0.338540822267532,0.2129265666008,-0.338520526885986,0.00455651991069317,-0.130926609039307,0.212827354669571,-0.338540822267532,0.267303824424744,0.434841632843018
8.34640026092529,0.26731863617897,0.43486300110817,0.213045850396156,-0.338563114404678,0.00442581390962005,-0.130822867155075,0.212718799710274,-0.338549554347992,0.213045850396156,-0.338563114404678,0.267037868499756,0.434746086597443,0.212907835841179,-0.338564187288284,0.00450953980907798,-0.130854770541191,0.00442581390962005,-0.130822867155075,0.212907835841179,-0.338564187288284,0.267579019069672,0.434872061014175,0.212619483470917,-0.338569760322571,0.212718799710274,-0.338549554347992,0.00450953980907798,-0.130854770541191,0.212619468569756,-0.338569760322571,0.267698764801025,0.434830218553543
8.34700012207031,0.26771354675293,0.43485164642334,0.212837994098663,-0.338592171669006,0.00437897210940719,-0.130750998854637,0.212510988116264,-0.338578373193741,0.212837994098663,-0.338592171669006,0.267432898283005,0.434734910726547,0.212699934840202,-0.338593184947968,0.00446264259517193,-0.130782976746559,0.00437897210940719,-0.130750998854637,0.212699934840202,-0.338593184947968,0.267973929643631,0.434860497713089,0.212411791086197,-0.338598489761353,0.212511017918587,-0.338578402996063,0.00446264259517193,-0.130782976746559,0.212411776185036,-0.33859845995903,0.268093585968018,0.434818506240845
8.34759998321533,0.268108248710632,0.434839963912964,0.212630078196526,-0.338621020317078,0.00433227466419339,-0.13067914545536,0.212303310632706,-0.338607043027878,0.212630093097687,-0.3386210501194,0.267827689647675,0.434723407030106,0.212492123246193,-0.338621973991394,0.00441582640632987,-0.130711168050766,0.00433227466419339,-0.13067914545536,0.212492123246193,-0.338621973991394,0.268368631601334,0.434848636388779,0.212204083800316,-0.3386270403862,0.212303310632706,-0.338607043027878,0.00441582640632987,-0.130711168050766,0.212204083800316,-0.3386270403862,0.26848828792572,0.434806555509567
8.34819984436035,0.268502742052078,0.434828072786331,0.212422326207161,-0.338649749755859,0.00428562751039863,-0.130607321858406,0.212095618247986,-0.338635474443436,0.212422341108322,-0.338649779558182,0.2682224214077,0.434711694717407,0.212284296751022,-0.338650584220886,0.0043690912425518,-0.130639389157295,0.00428562704473734,-0.130607306957245,0.212284296751022,-0.338650584220886,0.268763184547424,0.434836536645889,0.211996391415596,-0.338655441999435,0.212095618247986,-0.338635474443436,0.0043690912425518,-0.130639389157295,0.211996391415596,-0.338655441999435,0.268882721662521,0.434794366359711
8.34879970550537,0.268897175788879,0.434815883636475,0.212214559316635,-0.338678270578384,0.0042390301823616,-0.130535483360291,0.211888059973717,-0.338663756847382,0.212214559316635,-0.338678270578384,0.268616735935211,0.434699654579163,0.212076619267464,-0.338678985834122,0.0043224380351603,-0.130567625164986,0.0042390301823616,-0.130535483360291,0.212076619267464,-0.338678985834122,0.269157439470291,0.434824109077454,0.211788848042488,-0.338683664798737,0.211888059973717,-0.338663756847382,0.00432243850082159,-0.130567640066147,0.211788848042488,-0.338683664798737,0.269276946783066,0.434781849384308
8.34939956665039,0.269291311502457,0.434803396463394,0.212006822228432,-0.338706612586975,0.00419254554435611,-0.130463674664497,0.211680456995964,-0.338691890239716,0.212006822228432,-0.338706612586975,0.26901113986969,0.434687346220016,0.21186888217926,-0.338707268238068,0.00427586631849408,-0.130495861172676,0.00419254507869482,-0.130463659763336,0.21186888217926,-0.338707268238068,0.269551575183868,0.434811443090439,0.211581230163574,-0.338711708784103,0.211680456995964,-0.338691890239716,0.00427586631849408,-0.130495861172676,0.211581230163574,-0.338711708784103,0.269671022891998,0.434769064188004
8.35000038146973,0.269685328006744,0.434790700674057,0.211799144744873,-0.338734775781631,0.00414617219939828,-0.130391851067543,0.211472854018211,-0.338719844818115,0.211799159646034,-0.338734805583954,0.269405156373978,0.434674799442291,0.211661234498024,-0.338735312223434,0.00422940589487553,-0.130424112081528,0.00414617219939828,-0.130391851067543,0.211661234498024,-0.338735312223434,0.269945621490479,0.434798508882523,0.211373716592789,-0.338739573955536,0.211472913622856,-0.338719815015793,0.00422940636053681,-0.130424126982689,0.211373716592789,-0.338739573955536,0.270064920186996,0.43475604057312
8.35060024261475,0.270079106092453,0.434777766466141,0.211591571569443,-0.338762760162354,0.00409984961152077,-0.130320087075233,0.211265489459038,-0.338747590780258,0.211591571569443,-0.338762760162354,0.269799143075943,0.434661984443665,0.211453661322594,-0.338763177394867,0.00418302742764354,-0.130352392792702,0.00409984961152077,-0.130320087075233,0.211453661322594,-0.338763177394867,0.27033931016922,0.43478536605835,0.211166247725487,-0.338767260313034,0.211265489459038,-0.338747590780258,0.00418302742764354,-0.130352392792702,0.211166247725487,-0.338767260313034,0.270458608865738,0.43474280834198
8.35120010375977,0.270472675561905,0.434764474630356,0.21138396859169,-0.338790535926819,0.00405360758304596,-0.130248308181763,0.211057975888252,-0.338775157928467,0.21138396859169,-0.338790535926819,0.270192831754684,0.434648931026459,0.211246103048325,-0.33879092335701,0.00413672951981425,-0.130280703306198,0.00405360758304596,-0.130248308181763,0.211246103048325,-0.33879092335701,0.270732998847961,0.43477189540863,0.210958749055862,-0.338794767856598,0.211057975888252,-0.338775157928467,0.00413672951981425,-0.130280703306198,0.210958749055862,-0.338794767856598,0.270852029323578,0.434729248285294
8.35179996490479,0.27086615562439,0.434751003980637,0.211176484823227,-0.338818192481995,0.00400747824460268,-0.130176573991776,0.210850611329079,-0.338802546262741,0.211176484823227,-0.338818192481995,0.270586401224136,0.434635579586029,0.211038708686829,-0.338818430900574,0.00409048143774271,-0.130208998918533,0.00400747777894139,-0.130176559090614,0.211038708686829,-0.338818430900574,0.271126419305801,0.434758186340332,0.210751384496689,-0.338822066783905,0.210850611329079,-0.338802546262741,0.00409048143774271,-0.130208998918533,0.210751384496689,-0.338822066783905,0.271245419979095,0.434715420007706
8.3523998260498,0.271259427070618,0.434737205505371,0.210968986153603,-0.338845640420914,0.00396139826625586,-0.130104824900627,0.210643276572227,-0.338829785585403,0.210968986153603,-0.338845640420914,0.270979732275009,0.43462198972702,0.210831165313721,-0.33884584903717,0.00404434511438012,-0.130137324333191,0.00396139826625586,-0.130104824900627,0.210831165313721,-0.33884584903717,0.271519660949707,0.434744268655777,0.210544109344482,-0.3388492166996,0.210643276572227,-0.338829785585403,0.00404434511438012,-0.130137324333191,0.210544109344482,-0.3388492166996,0.271638542413712,0.434701353311539
8.35299968719482,0.271652370691299,0.434723198413849,0.210761576890945,-0.338872909545898,0.00391539884731174,-0.130033105611801,0.210436090826988,-0.338856816291809,0.210761576890945,-0.338872909545898,0.271372854709625,0.434608101844788,0.210623845458031,-0.338872998952866,0.00399829028174281,-0.13006566464901,0.00391539884731174,-0.130033105611801,0.210623845458031,-0.338872998952866,0.271912634372711,0.434729993343353,0.210336849093437,-0.338876187801361,0.210436090826988,-0.338856816291809,0.00399829028174281,-0.13006566464901,0.210336849093437,-0.338876187801361,0.272031545639038,0.43468701839447
8.35359954833984,0.272045344114304,0.434708923101425,0.210554242134094,-0.338899970054626,0.00386948022060096,-0.129961401224136,0.210228741168976,-0.338883727788925,0.210554257035255,-0.338899999856949,0.271765857934952,0.434594005346298,0.210416540503502,-0.338899999856949,0.00395228480920196,-0.129993990063667,0.00386948022060096,-0.129961401224136,0.210416451096535,-0.338899999856949,0.272305458784103,0.43471547961235,0.210129588842392,-0.338902980089188,0.210228741168976,-0.338883727788925,0.00395228480920196,-0.129993990063667,0.210129588842392,-0.338902980089188,0.272424191236496,0.4346724152565
8.35420036315918,0.272437930107117,0.434694290161133,0.210346847772598,-0.338926911354065,0.00382367335259914,-0.129889696836472,0.210021555423737,-0.33891037106514,0.210346847772598,-0.338926911354065,0.272158592939377,0.434579610824585,0.210209175944328,-0.338926821947098,0.00390639062970877,-0.129922360181808,0.00382367335259914,-0.129889696836472,0.210209175944328,-0.338926821947098,0.272698104381561,0.434700697660446,0.209922403097153,-0.33892959356308,0.210021555423737,-0.33891037106514,0.00390639062970877,-0.129922360181808,0.209922403097153,-0.33892959356308,0.272816866636276,0.434657603502274
8.3548002243042,0.272830426692963,0.434679567813873,0.210139617323875,-0.338953644037247,0.00377794704400003,-0.129818022251129,0.209814459085464,-0.338936895132065,0.210139617323875,-0.338953644037247,0.272551268339157,0.43456494808197,0.210001945495605,-0.338953465223312,0.00386057747527957,-0.129850745201111,0.00377794704400003,-0.129818022251129,0.210001945495605,-0.338953465223312,0.273090600967407,0.434685677289963,0.209715306758881,-0.338956028223038,0.209814459085464,-0.338936895132065,0.00386057747527957,-0.129850745201111,0.209715306758881,-0.338956028223038,0.273209184408188,0.434642434120178
8.35540008544922,0.273222714662552,0.434664458036423,0.209932386875153,-0.338980197906494,0.00373230082914233,-0.129746362566948,0.209607377648354,-0.338963210582733,0.209932401776314,-0.338980227708817,0.272943675518036,0.434550076723099,0.209794715046883,-0.338979959487915,0.00381484371609986,-0.129779130220413,0.00373230082914233,-0.129746362566948,0.209794715046883,-0.338979959487915,0.273482978343964,0.4346704185009,0.209508150815964,-0.338982284069061,0.209607377648354,-0.338963210582733,0.00381487468257546,-0.129779115319252,0.209508150815964,-0.338982284069061,0.273601412773132,0.434627085924149
8.35599994659424,0.273614853620529,0.434649080038071,0.209725171327591,-0.33900660276413,0.0036867349408567,-0.129674702882767,0.20940038561821,-0.338989406824112,0.209725171327591,-0.33900660276413,0.273335844278336,0.434534877538681,0.209587603807449,-0.339006245136261,0.00376919121481478,-0.129707530140877,0.0036867349408567,-0.129674702882767,0.209587603807449,-0.339006245136261,0.273874968290329,0.434654861688614,0.20930115878582,-0.339008390903473,0.20940038561821,-0.33898937702179,0.00376922264695168,-0.129707545042038,0.20930115878582,-0.339008390903473,0.273993462324142,0.434611409902573
8.35659980773926,0.274006843566895,0.434633493423462,0.209518104791641,-0.339032799005508,0.0036412188783288,-0.129603087902069,0.209193363785744,-0.339015364646912,0.209518119692802,-0.339032828807831,0.27372795343399,0.434519439935684,0.209380477666855,-0.339032381772995,0.00372361904010177,-0.129635974764824,0.00364121841266751,-0.129603073000908,0.209380492568016,-0.339032411575317,0.274266988039017,0.434639006853104,0.209094151854515,-0.339034289121628,0.209193363785744,-0.339015364646912,0.00372361904010177,-0.129635974764824,0.209094151854515,-0.339034289121628,0.274385303258896,0.43459552526474
8.35719966888428,0.274398535490036,0.434617638587952,0.209311038255692,-0.339058816432953,0.00359581341035664,-0.12953145802021,0.208986386656761,-0.339041173458099,0.209311053156853,-0.339058846235275,0.274119764566422,0.434503734111786,0.209173440933228,-0.339058309793472,0.00367815792560577,-0.12956440448761,0.00359581341035664,-0.12953145802021,0.209173440933228,-0.339058309793472,0.274658679962158,0.434623003005981,0.208887323737144,-0.339060008525848,0.208986386656761,-0.339041173458099,0.00367815792560577,-0.12956440448761,0.208887323737144,-0.339060008525848,0.274776935577393,0.434579312801361
8.3577995300293,0.27479013800621,0.434601545333862,0.209104016423225,-0.339084684848785,0.00355051923543215,-0.129459857940674,0.208779573440552,-0.33906677365303,0.209104016423225,-0.339084684848785,0.274511486291885,0.434487789869308,0.208966434001923,-0.339084088802338,0.0036327454727143,-0.129492849111557,0.00355048850178719,-0.129459843039513,0.208966434001923,-0.339084088802338,0.275050193071365,0.434606641530991,0.208680421113968,-0.339085578918457,0.208779573440552,-0.33906677365303,0.0036327454727143,-0.129492849111557,0.208680406212807,-0.339085549116135,0.275168240070343,0.43456295132637
8.35840034484863,0.275181412696838,0.434585124254227,0.208896964788437,-0.339110374450684,0.00350524275563657,-0.129388257861137,0.208572745323181,-0.339092254638672,0.208896964788437,-0.339110374450684,0.274902909994125,0.43447157740593,0.208759561181068,-0.339109659194946,0.00358744454570115,-0.129421323537827,0.00350524275563657,-0.129388257861137,0.208759561181068,-0.339109659194946,0.275441497564316,0.434590071439743,0.208473518490791,-0.339110940694809,0.208572745323181,-0.339092254638672,0.00358744454570115,-0.129421323537827,0.208473518490791,-0.339110940694809,0.275559544563293,0.434546232223511
8.35900020599365,0.275572657585144,0.434568494558334,0.208690077066422,-0.339135855436325,0.00346007756888866,-0.129316687583923,0.208365947008133,-0.339117527008057,0.208690077066422,-0.339135855436325,0.275294214487076,0.434455066919327,0.208552613854408,-0.339135050773621,0.0035421927459538,-0.129349797964096,0.00346007756888866,-0.129316687583923,0.208552613854408,-0.339135050773621,0.275832712650299,0.434573262929916,0.208266794681549,-0.339136153459549,0.208365947008133,-0.339117527008057,0.0035421927459538,-0.129349797964096,0.208266794681549,-0.339136153459549,0.275950640439987,0.434529304504395
8.35960006713867,0.275963664054871,0.434551626443863,0.208483219146729,-0.339161157608032,0.00341502320952713,-0.12924513220787,0.208159208297729,-0.339142650365829,0.20848323404789,-0.339161187410355,0.275685340166092,0.43443837761879,0.208345755934715,-0.339160293340683,0.00349705084227026,-0.129278287291527,0.00341502320952713,-0.12924513220787,0.208345755934715,-0.339160293340683,0.276223629713058,0.434556156396866,0.208060070872307,-0.339161187410355,0.208159208297729,-0.339142650365829,0.00349705130793154,-0.129278302192688,0.208060070872307,-0.339161187410355,0.276341527700424,0.434512108564377
8.36019992828369,0.276354432106018,0.434534460306168,0.208276361227036,-0.33918634057045,0.00337001774460077,-0.129173591732979,0.207952484488487,-0.339167565107346,0.208276361227036,-0.33918634057045,0.276076167821884,0.434421360492706,0.208139002323151,-0.339185357093811,0.00345195853151381,-0.129206791520119,0.00337001774460077,-0.129173591732979,0.208139002323151,-0.339185357093811,0.276614367961884,0.434538751840591,0.207853421568871,-0.339186042547226,0.207952484488487,-0.339167565107346,0.0034519589971751,-0.12920680642128,0.207853421568871,-0.339186042547226,0.276732176542282,0.434494644403458
8.36079978942871,0.276744991540909,0.434517055749893,0.208069652318954,-0.339211314916611,0.0033250916749239,-0.129102051258087,0.207745864987373,-0.33919233083725,0.208069652318954,-0.339211314916611,0.276466935873032,0.434404134750366,0.207932233810425,-0.339210242033005,0.00340697704814374,-0.129135340452194,0.0033250916749239,-0.129102051258087,0.207932233810425,-0.339210242033005,0.277005106210709,0.434521168470383,0.207646802067757,-0.339210718870163,0.207745939493179,-0.339192301034927,0.00340697704814374,-0.129135340452194,0.207646802067757,-0.339210718870163,0.277122676372528,0.434476941823959
8.36139965057373,0.277135461568832,0.434499353170395,0.207862958312035,-0.339236110448837,0.00328027596697211,-0.129030540585518,0.207539394497871,-0.339216858148575,0.207862958312035,-0.339236110448837,0.276857554912567,0.434386610984802,0.207725495100021,-0.339234948158264,0.00336204399354756,-0.12906388938427,0.00328027596697211,-0.129030540585518,0.207725495100021,-0.339234948158264,0.27739542722702,0.434503316879272,0.207440167665482,-0.339235216379166,0.207539394497871,-0.339216858148575,0.00336204399354756,-0.12906388938427,0.207440167665482,-0.339235216379166,0.277512967586517,0.43445897102356
8.36200046539307,0.277525693178177,0.43448144197464,0.207656264305115,-0.339260697364807,0.00323550938628614,-0.12895904481411,0.207332760095596,-0.33924126625061,0.207656279206276,-0.33926072716713,0.277247816324234,0.434368818998337,0.207518890500069,-0.339259475469589,0.00331722106784582,-0.128992423415184,0.00323550938628614,-0.12895904481411,0.207518890500069,-0.339259475469589,0.27778559923172,0.434485167264938,0.20723369717598,-0.339259505271912,0.207332760095596,-0.33924126625061,0.00331725180149078,-0.128992438316345,0.20723369717598,-0.339259505271912,0.277903109788895,0.434440732002258
8.36260032653809,0.277915805578232,0.434463262557983,0.207449615001678,-0.339285135269165,0.00319085293449461,-0.128887578845024,0.207126304507256,-0.339265495538712,0.207449615001678,-0.339285135269165,0.277638018131256,0.434350818395615,0.2073123306036,-0.33928382396698,0.0032724782358855,-0.128921017050743,0.00319085293449461,-0.128887578845024,0.2073123306036,-0.33928382396698,0.278175622224808,0.434466779232025,0.207027241587639,-0.339283674955368,0.207126304507256,-0.339265465736389,0.0032724782358855,-0.128921017050743,0.207027241587639,-0.339283674955368,0.27829310297966,0.4344222843647
8.36320018768311,0.278305560350418,0.434444814920425,0.207243099808693,-0.339309424161911,0.00314624467864633,-0.128816097974777,0.206919878721237,-0.339289546012878,0.207243099808693,-0.339309424161911,0.278028011322021,0.434332549571991,0.207105740904808,-0.339308023452759,0.00322781410068274,-0.128849595785141,0.00314624467864633,-0.128816083073616,0.207105740904808,-0.339308023452759,0.278565466403961,0.434448152780533,0.20682081580162,-0.339307636022568,0.206919878721237,-0.339289546012878,0.00322781410068274,-0.128849595785141,0.20682081580162,-0.339307636022568,0.278682887554169,0.434403538703918
8.36380004882813,0.278695315122604,0.434426128864288,0.207036584615707,-0.339333534240723,0.00310174678452313,-0.128744632005692,0.206713601946831,-0.339313387870789,0.207036584615707,-0.339333534240723,0.278417766094208,0.434313952922821,0.206899344921112,-0.339332014322281,0.00318322982639074,-0.128778204321861,0.00310174678452313,-0.128744632005692,0.206899344921112,-0.339332014322281,0.27895513176918,0.434429228305817,0.206614375114441,-0.339331448078156,0.206713601946831,-0.339313387870789,0.00318322982639074,-0.128778204321861,0.206614375114441,-0.339331448078156,0.279072403907776,0.434384524822235
8.36439990997314,0.279084801673889,0.43440717458725,0.206830099225044,-0.339357405900955,0.00305729731917381,-0.128673210740089,0.206507250666618,-0.339337110519409,0.206830099225044,-0.339357405900955,0.278807371854782,0.434295177459717,0.20669287443161,-0.339355856180191,0.00313872471451759,-0.128706827759743,0.00305729731917381,-0.128673210740089,0.20669287443161,-0.339355856180191,0.279344648122787,0.434410065412521,0.206408098340034,-0.339355051517487,0.206507250666618,-0.339337110519409,0.00313872471451759,-0.128706827759743,0.206408098340034,-0.339355051517487,0.279461801052094,0.43436524271965
8.36499977111816,0.279474079608917,0.434387981891632,0.206623762845993,-0.339381158351898,0.00301295821554959,-0.128601804375648,0.206300884485245,-0.339360654354095,0.206623762845993,-0.339381158351898,0.279196798801422,0.434276193380356,0.206486478447914,-0.339379489421844,0.00309429853223264,-0.128635466098785,0.0030129577498883,-0.128601789474487,0.206486478447914,-0.339379489421844,0.279733896255493,0.434390693902969,0.206201821565628,-0.339378505945206,0.206300884485245,-0.339360654354095,0.00309429853223264,-0.128635466098785,0.206201821565628,-0.339378505945206,0.279850959777832,0.434345781803131
8.36559963226318,0.279863119125366,0.434368491172791,0.206417351961136,-0.339404731988907,0.00296866684220731,-0.128530383110046,0.206094726920128,-0.339383989572525,0.206417351961136,-0.339404731988907,0.279585927724838,0.434256821870804,0.206280097365379,-0.339402973651886,0.00304995151236653,-0.128564104437828,0.00296866684220731,-0.128530383110046,0.206280097365379,-0.339402973651886,0.280122995376587,0.434370994567871,0.205995589494705,-0.33940178155899,0.206094726920128,-0.339383989572525,0.00304995151236653,-0.128564104437828,0.205995589494705,-0.33940178155899,0.280239999294281,0.434326022863388
8.36620044708252,0.28025209903717,0.43434876203537,0.206211030483246,-0.339428126811981,0.00292448536492884,-0.128458991646767,0.20588855445385,-0.33940714597702,0.206211030483246,-0.339428126811981,0.279974967241287,0.434237331151962,0.206073790788651,-0.339426308870316,0.00300568342208862,-0.128492772579193,0.00292448536492884,-0.128458991646767,0.206073790788651,-0.339426308870316,0.280511826276779,0.434351086616516,0.205789506435394,-0.339424878358841,0.20588855445385,-0.33940714597702,0.00300568342208862,-0.128492772579193,0.205789506435394,-0.339424878358841,0.280628800392151,0.434305995702744
8.36680030822754,0.280640780925751,0.43432879447937,0.206004813313484,-0.339451342821121,0.00288041331805289,-0.128387629985809,0.2056824862957,-0.339430153369904,0.206004813313484,-0.339451342821121,0.280363857746124,0.434217482805252,0.205867663025856,-0.339449405670166,0.00296149426139891,-0.128421440720558,0.00288041331805289,-0.128387629985809,0.205867663025856,-0.339449405670166,0.280900597572327,0.43433091044426,0.205583423376083,-0.339447826147079,0.2056824862957,-0.339430153369904,0.00296149426139891,-0.128421440720558,0.205583423376083,-0.339447826147079,0.281017452478409,0.434285700321198
8.36740016937256,0.281029343605042,0.434308558702469,0.205798581242561,-0.339474380016327,0.00283635873347521,-0.128316253423691,0.205476403236389,-0.339452981948853,0.205798581242561,-0.339474380016327,0.280752450227737,0.434197425842285,0.20566138625145,-0.339472383260727,0.00291741453111172,-0.128350138664246,0.00283635873347521,-0.128316253423691,0.20566138625145,-0.339472383260727,0.281289160251617,0.434310466051102,0.205377355217934,-0.339470595121384,0.205476403236389,-0.339452981948853,0.00291741453111172,-0.128350138664246,0.205377325415611,-0.339470565319061,0.281405836343765,0.434265226125717
8.36800003051758,0.281417697668076,0.434288114309311,0.205592393875122,-0.339497268199921,0.00279241381213069,-0.128244906663895,0.205270335078239,-0.339475631713867,0.205592393875122,-0.339497268199921,0.281140923500061,0.434177070856094,0.205455288290977,-0.339495182037354,0.0028733832295984,-0.128278851509094,0.00279241381213069,-0.128244906663895,0.205455288290977,-0.339495182037354,0.28167736530304,0.434289813041687,0.205171272158623,-0.339493125677109,0.205270335078239,-0.339475631713867,0.0028733832295984,-0.128278851509094,0.205171272158623,-0.339493125677109,0.281794011592865,0.434244394302368
8.3685998916626,0.281805813312531,0.434267371892929,0.205386340618134,-0.33951997756958,0.00274854735471308,-0.128173589706421,0.205064430832863,-0.339498102664948,0.205386340618134,-0.33951997756958,0.281529158353806,0.434156566858292,0.205249354243279,-0.339517712593079,0.002829430392012,-0.128207579255104,0.00274854735471308,-0.128173589706421,0.20524924993515,-0.339517742395401,0.282065540552139,0.434268891811371,0.204965397715569,-0.339515566825867,0.205064430832863,-0.339498102664948,0.00282943062484264,-0.128207594156265,0.204965397715569,-0.339515566825867,0.28218212723732,0.434223383665085
8.36919975280762,0.282193869352341,0.434246420860291,0.205180317163467,-0.339542478322983,0.00270475936122239,-0.128102287650108,0.204858556389809,-0.339520424604416,0.205180317163467,-0.339542478322983,0.281917244195938,0.43413570523262,0.205043241381645,-0.339540213346481,0.00278558675199747,-0.128136321902275,0.00270475936122239,-0.128102287650108,0.205043241381645,-0.339540213346481,0.282453507184982,0.434247702360153,0.204759508371353,-0.339537769556046,0.204858556389809,-0.339520394802094,0.00278558675199747,-0.128136321902275,0.204759508371353,-0.339537769556046,0.282569885253906,0.4342021048069
8.36979961395264,0.282581627368927,0.434225171804428,0.204974368214607,-0.339564830064774,0.00266108056530356,-0.128030985593796,0.204652681946754,-0.339542508125305,0.204974368214607,-0.339564830064774,0.282305121421814,0.434114664793015,0.204837322235107,-0.33956241607666,0.00274179107509553,-0.128065079450607,0.00266108056530356,-0.128030985593796,0.204837322235107,-0.33956241607666,0.282841205596924,0.434226244688034,0.204553619027138,-0.339559823274612,0.204652681946754,-0.339542508125305,0.00274179107509553,-0.128065079450607,0.204553619027138,-0.339559823274612,0.282957583665848,0.434180617332458
8.37040042877197,0.282969236373901,0.434203684329987,0.204768434166908,-0.33958700299263,0.00261741923168302,-0.127959698438644,0.204446971416473,-0.339564472436905,0.204768434166908,-0.33958700299263,0.2826928794384,0.434093326330185,0.20463140308857,-0.339584499597549,0.00269807386212051,-0.127993851900101,0.00261741923168302,-0.127959698438644,0.20463140308857,-0.339584499597549,0.283228874206543,0.434204578399658,0.204347833991051,-0.339581727981567,0.204446971416473,-0.339564472436905,0.00269807386212051,-0.127993851900101,0.204347833991051,-0.339581727981567,0.283345133066177,0.434158772230148
8.37100028991699,0.283356577157974,0.434181958436966,0.204562485218048,-0.339608997106552,0.00257389689795673,-0.127888441085815,0.204241082072258,-0.33958625793457,0.20456251502037,-0.339608997106552,0.28308030962944,0.434071719646454,0.204425483942032,-0.339606434106827,0.00265446561388671,-0.127922639250755,0.00257389689795673,-0.127888441085815,0.204425483942032,-0.339606434106827,0.283616125583649,0.434182614088058,0.204142063856125,-0.339603424072266,0.204241082072258,-0.33958625793457,0.00265446561388671,-0.127922639250755,0.204142063856125,-0.339603424072266,0.283732354640961,0.434136718511581
8.37160015106201,0.283743739128113,0.434159964323044,0.204356670379639,-0.339630842208862,0.00253042276017368,-0.127817198634148,0.204035490751266,-0.339607834815979,0.204356670379639,-0.339630842208862,0.283467710018158,0.434049934148788,0.20421975851059,-0.33962818980217,0.00261093559674919,-0.127851456403732,0.00253042276017368,-0.127817198634148,0.20421975851059,-0.33962818980217,0.284003466367722,0.434160441160202,0.203936368227005,-0.33962494134903,0.204035490751266,-0.339607834815979,0.00261093559674919,-0.127851456403732,0.203936368227005,-0.33962494134903,0.284119457006454,0.43411448597908
8.37220001220703,0.284130841493607,0.434137731790543,0.204150915145874,-0.339652478694916,0.00248702662065625,-0.12774595618248,0.203829899430275,-0.339629292488098,0.204150915145874,-0.339652478694916,0.283854842185974,0.434027850627899,0.204014033079147,-0.339649736881256,0.00256742280907929,-0.127780273556709,0.00248702662065625,-0.12774595618248,0.204014033079147,-0.339649736881256,0.284390360116959,0.434138000011444,0.203730762004852,-0.339646309614182,0.203829899430275,-0.339629292488098,0.00256745307706296,-0.127780258655548,0.203730836510658,-0.339646279811859,0.284506380558014,0.434091925621033
8.37279987335205,0.284517675638199,0.43411523103714,0.203945174813271,-0.339673966169357,0.00244373921304941,-0.127674743533134,0.203624203801155,-0.339650571346283,0.203945174813271,-0.339673966169357,0.284241765737534,0.434005498886108,0.203808307647705,-0.339671164751053,0.00252407928928733,-0.127709105610847,0.00244373921304941,-0.127674743533134,0.203808307647705,-0.339671164751053,0.284777164459229,0.434115290641785,0.203525170683861,-0.339667499065399,0.203624203801155,-0.339650571346283,0.00252407928928733,-0.127709105610847,0.203525170683861,-0.339667499065399,0.284893125295639,0.434069156646729
8.37339973449707,0.284904301166534,0.434092491865158,0.203739508986473,-0.339695245027542,0.00240049907006323,-0.12760354578495,0.203418716788292,-0.339671641588211,0.203739508986473,-0.339695245027542,0.284628480672836,0.433982908725739,0.203602597117424,-0.339692354202271,0.00248075346462429,-0.127637967467308,0.00240049907006323,-0.12760354578495,0.203602597117424,-0.339692354202271,0.285163730382919,0.434092372655869,0.203319668769836,-0.339688509702682,0.203418716788292,-0.339671641588211,0.00248075346462429,-0.127637967467308,0.203319668769836,-0.339688509702682,0.285279601812363,0.434046119451523
8.37399959564209,0.285290688276291,0.434069484472275,0.203533872961998,-0.339716374874115,0.00235733692534268,-0.127532362937927,0.203213214874268,-0.33969259262085,0.203533872961998,-0.339716374874115,0.285015046596527,0.433960050344467,0.203397050499916,-0.339713364839554,0.0024375356733799,-0.127566829323769,0.00235733692534268,-0.127532362937927,0.203397050499916,-0.339713364839554,0.285550147294998,0.434069156646729,0.203114196658134,-0.339709371328354,0.203213214874268,-0.33969259262085,0.0024375356733799,-0.127566829323769,0.203114181756973,-0.339709341526031,0.285665899515152,0.434022814035416
8.37460041046143,0.28567698597908,0.434046238660812,0.203328296542168,-0.339737325906754,0.00231428327970207,-0.127461194992065,0.203007906675339,-0.339713305234909,0.203328311443329,-0.339737355709076,0.285401523113251,0.433937013149261,0.203191518783569,-0.339734256267548,0.00239439611323178,-0.127495720982552,0.00231428327970207,-0.127461194992065,0.203191518783569,-0.339734256267548,0.285936444997787,0.434045761823654,0.202908843755722,-0.339730024337769,0.203007906675339,-0.339713305234909,0.00239439611323178,-0.127495720982552,0.202908843755722,-0.339730024337769,0.286052137613297,0.433999270200729
8.37520027160645,0.28606304526329,0.434022784233093,0.203122854232788,-0.33975812792778,0.00227127689868212,-0.127390041947365,0.202802509069443,-0.339733868837357,0.203122854232788,-0.33975812792778,0.285787582397461,0.433913677930832,0.202986001968384,-0.339754968881607,0.00235130335204303,-0.127424612641335,0.00227127689868212,-0.127390041947365,0.202986001968384,-0.339754968881607,0.28632253408432,0.434022039175034,0.202703461050987,-0.339750528335571,0.202802509069443,-0.339733868837357,0.00235130335204303,-0.127424612641335,0.202703461050987,-0.339750528335571,0.28643798828125,0.433975547552109
8.37580013275146,0.286448895931244,0.43399903178215,0.202917337417603,-0.339778751134872,0.00222837855108082,-0.127318903803825,0.202597111463547,-0.339754283428192,0.202917337417603,-0.339778751134872,0.286173582077026,0.433890104293823,0.202780649065971,-0.33977547287941,0.00230831908993423,-0.12735353410244,0.00222837855108082,-0.127318903803825,0.202780649065971,-0.33977547287941,0.286708325147629,0.433998107910156,0.202498152852058,-0.339770823717117,0.202597111463547,-0.339754283428192,0.00230831908993423,-0.12735353410244,0.202498152852058,-0.339770823717117,0.286823898553848,0.433951497077942
8.37639999389648,0.286834567785263,0.433975040912628,0.202711954712868,-0.339799165725708,0.00218552770093083,-0.127247780561447,0.202391967177391,-0.339774489402771,0.202711969614029,-0.33979919552803,0.286559373140335,0.433866262435913,0.202575296163559,-0.339795827865601,0.00226541282609105,-0.127282470464706,0.00218552770093083,-0.127247780561447,0.202575296163559,-0.339795827865601,0.287093937397003,0.433973908424377,0.202292948961258,-0.339790999889374,0.202391967177391,-0.339774489402771,0.00226541282609105,-0.127282470464706,0.202292948961258,-0.339790999889374,0.287209421396255,0.433927237987518
8.3769998550415,0.287220120429993,0.433950811624527,0.202506601810455,-0.339819431304932,0.00214278441853821,-0.12717667222023,0.202186688780785,-0.339794546365738,0.202506601810455,-0.339819431304932,0.286944985389709,0.433842211961746,0.202369958162308,-0.339816004037857,0.00222255336120725,-0.127211421728134,0.00214278441853821,-0.12717667222023,0.202369958162308,-0.339816033840179,0.287479519844055,0.43394947052002,0.202087670564651,-0.339810967445374,0.202186688780785,-0.339794546365738,0.00222258362919092,-0.127211421728134,0.202087670564651,-0.339810967445374,0.287594735622406,0.433902710676193
8.37759971618652,0.287605345249176,0.433926314115524,0.20230133831501,-0.339839547872543,0.0021000886335969,-0.127105593681335,0.201981589198112,-0.339814454317093,0.202301353216171,-0.339839577674866,0.287330448627472,0.433817863464355,0.202164635062218,-0.339836001396179,0.00217983219772577,-0.127140387892723,0.0021000886335969,-0.127105593681335,0.202164635062218,-0.339836001396179,0.287864714860916,0.433924823999405,0.201882556080818,-0.339830815792084,0.201981589198112,-0.339814454317093,0.00217983219772577,-0.127140387892723,0.201882556080818,-0.339830815792084,0.287979900836945,0.433877915143967
8.37819957733154,0.287990540266037,0.433901607990265,0.202096089720726,-0.339859485626221,0.00205750041641295,-0.127034515142441,0.201776474714279,-0.339834153652191,0.202096089720726,-0.339859485626221,0.287715643644333,0.433793306350708,0.201959490776062,-0.339855879545212,0.00213712756522,-0.127069368958473,0.00205750041641295,-0.127034515142441,0.201959490776062,-0.339855879545212,0.28824982047081,0.433899909257889,0.201677441596985,-0.339850425720215,0.201776474714279,-0.339834153652191,0.00213715783320367,-0.127069368958473,0.201677441596985,-0.339850425720215,0.288365006446838,0.433852910995483
8.37880039215088,0.288375437259674,0.433876663446426,0.201890930533409,-0.339879214763641,0.00201498926617205,-0.126963466405869,0.201571375131607,-0.339853674173355,0.201890930533409,-0.339879214763641,0.288100689649582,0.433768540620804,0.201754346489906,-0.339875519275665,0.00209453096613288,-0.126998364925385,0.00201495899818838,-0.126963451504707,0.201754346489906,-0.339875519275665,0.288634777069092,0.433874726295471,0.201472446322441,-0.339869886636734,0.201571464538574,-0.339853644371033,0.00209453096613288,-0.126998364925385,0.201472520828247,-0.339869856834412,0.288749724626541,0.433827668428421
8.3794002532959,0.288760215044022,0.433851480484009,0.201685756444931,-0.33989879488945,0.00197252561338246,-0.126892432570457,0.201366454362869,-0.339873045682907,0.201685756444931,-0.33989879488945,0.288485556840897,0.433743476867676,0.201549217104912,-0.339895009994507,0.00205201143398881,-0.126927360892296,0.00197252561338246,-0.126892432570457,0.201549217104912,-0.339895009994507,0.289019465446472,0.433849304914474,0.201267436146736,-0.339889168739319,0.201366454362869,-0.339873045682907,0.00205201143398881,-0.126927360892296,0.201267436146736,-0.339889168739319,0.289134383201599,0.433802127838135
8.38000011444092,0.289144724607468,0.433825939893723,0.201480716466904,-0.339918196201324,0.00193016894627362,-0.126821398735046,0.201161548495293,-0.339892238378525,0.201480731368065,-0.339918226003647,0.288870245218277,0.433718144893646,0.201344192028046,-0.339914321899414,0.00200959923677146,-0.12685638666153,0.00193016894627362,-0.126821398735046,0.201344192028046,-0.339914321899414,0.289403945207596,0.433823645114899,0.20106253027916,-0.339908301830292,0.201161548495293,-0.339892238378525,0.00200959923677146,-0.12685638666153,0.20106253027916,-0.339908301830292,0.289518862962723,0.433776408433914
8.38059997558594,0.289529085159302,0.433800250291824,0.201275661587715,-0.339937418699265,0.00188785942737013,-0.126750394701958,0.200956642627716,-0.339911252260208,0.201275676488876,-0.339937448501587,0.289254605770111,0.433692544698715,0.201139152050018,-0.339933484792709,0.00196723430417478,-0.126785442233086,0.00188785942737013,-0.126750394701958,0.201139152050018,-0.339933484792709,0.289788246154785,0.433797746896744,0.20085771381855,-0.339927226305008,0.200956642627716,-0.339911252260208,0.00196723430417478,-0.126785442233086,0.20085771381855,-0.339927226305008,0.289903044700623,0.433750361204147
8.38119983673096,0.289913207292557,0.433774352073669,0.201070785522461,-0.339956492185593,0.00184565712697804,-0.12667940557003,0.200751915574074,-0.33993011713028,0.201070725917816,-0.339956521987915,0.289638876914978,0.43366676568985,0.200934201478958,-0.33995246887207,0.00192491593770683,-0.126714512705803,0.00184565712697804,-0.12667940557003,0.200934201478958,-0.33995246887207,0.290172398090363,0.43377161026001,0.200652897357941,-0.339946031570435,0.200751915574074,-0.33993011713028,0.00192491593770683,-0.126714512705803,0.200652897357941,-0.339946031570435,0.29028707742691,0.433724135160446
8.38179969787598,0.290297150611877,0.433748155832291,0.200865939259529,-0.339975386857986,0.00180353142786771,-0.126608416438103,0.200547054409981,-0.339948803186417,0.200865939259529,-0.339975386857986,0.290023058652878,0.433640748262405,0.200729444622993,-0.339971274137497,0.00188270467333496,-0.126643568277359,0.00180353142786771,-0.126608416438103,0.200729444622993,-0.339971274137497,0.290556341409683,0.433745205402374,0.20044818520546,-0.339964598417282,0.200547054409981,-0.339948803186417,0.0018827049061656,-0.12664358317852,0.20044818520546,-0.339964598417282,0.290671020746231,0.433697640895844
8.382399559021,0.290680885314941,0.43372169137001,0.200660988688469,-0.339994072914124,0.00176148279570043,-0.126537472009659,0.200342401862144,-0.339967280626297,0.20066100358963,-0.339994102716446,0.290406912565231,0.433614432811737,0.200524538755417,-0.339989900588989,0.00184060074388981,-0.126572668552399,0.00176145264413208,-0.126537472009659,0.200524538755417,-0.339989900588989,0.290940165519714,0.433718532323837,0.200243502855301,-0.33998304605484,0.200342401862144,-0.339967280626297,0.00184060074388981,-0.126572668552399,0.200243502855301,-0.33998304605484,0.291054606437683,0.433670908212662
8.38300037384033,0.291064560413361,0.433694988489151,0.200456216931343,-0.340012639760971,0.00171951099764556,-0.126466527581215,0.200137808918953,-0.339985638856888,0.200456246733665,-0.340012669563293,0.290790617465973,0.43358787894249,0.200319796800613,-0.340008348226547,0.00179854338057339,-0.126501798629761,0.00171951099764556,-0.126466527581215,0.200319796800613,-0.340008348226547,0.291323661804199,0.433691650629044,0.200038805603981,-0.340001344680786,0.200137808918953,-0.339985638856888,0.00179854338057339,-0.126501798629761,0.200038805603981,-0.340001344680786,0.291438102722168,0.433643937110901
8.38360023498535,0.291447967290878,0.433668076992035,0.20025147497654,-0.340031027793884,0.00167761603370309,-0.126395612955093,0.199933126568794,-0.340003788471222,0.20025147497654,-0.340031027793884,0.291174054145813,0.433561146259308,0.200115144252777,-0.340026646852493,0.00175653235055506,-0.126430913805962,0.00167761603370309,-0.126395612955093,0.200115144252777,-0.340026646852493,0.291707009077072,0.433664500713348,0.199834302067757,-0.340019434690475,0.199933126568794,-0.340003788471222,0.00175653235055506,-0.126430913805962,0.199834302067757,-0.340019434690475,0.291821390390396,0.433616727590561
8.38420009613037,0.291831135749817,0.43364092707634,0.200046896934509,-0.340049237012863,0.00163576740305871,-0.126324698328972,0.199728608131409,-0.340021759271622,0.200046896934509,-0.340049237012863,0.291557431221008,0.433534145355225,0.199910521507263,-0.340044796466827,0.00171465845778584,-0.126360058784485,0.00163576740305871,-0.126324698328972,0.199910521507263,-0.340044796466827,0.2920902967453,0.433637171983719,0.199629694223404,-0.34003734588623,0.199728608131409,-0.340021759271622,0.00171465845778584,-0.126360058784485,0.199629694223404,-0.34003734588623,0.292204439640045,0.433589249849319
8.38479995727539,0.292214184999466,0.433613508939743,0.199842154979706,-0.34006729722023,0.0015940252924338,-0.126253813505173,0.199524119496346,-0.340039610862732,0.199842154979706,-0.34006729722023,0.29194051027298,0.43350687623024,0.199705868959427,-0.340062737464905,0.00167283101473004,-0.126289218664169,0.0015940252924338,-0.126253813505173,0.199705868959427,-0.340062737464905,0.292473196983337,0.433609575033188,0.199425280094147,-0.340055108070374,0.199524119496346,-0.340039610862732,0.00167283101473004,-0.126289218664169,0.199425280094147,-0.340055108070374,0.292587280273438,0.433561593294144
8.38539981842041,0.292597025632858,0.433585852384567,0.199637606739998,-0.34008514881134,0.00155239016748965,-0.126182943582535,0.199319794774055,-0.340057283639908,0.199637621641159,-0.340085178613663,0.292323410511017,0.433479398488998,0.199501350522041,-0.34008052945137,0.00163108005654067,-0.126218408346176,0.001552389934659,-0.126182928681374,0.199501350522041,-0.34008052945137,0.292855978012085,0.433581709861755,0.199220806360245,-0.340072691440582,0.199319794774055,-0.340057283639908,0.00163108005654067,-0.126218408346176,0.199220806360245,-0.340072691440582,0.29297000169754,0.433533638715744
8.38599967956543,0.292979627847672,0.433557957410812,0.199433147907257,-0.340102851390839,0.00151077087502927,-0.126112088561058,0.199115410447121,-0.340074747800827,0.199433147907257,-0.340102851390839,0.292706221342087,0.433451622724533,0.199296891689301,-0.340098112821579,0.00158943550195545,-0.126147583127022,0.00151077087502927,-0.126112088561058,0.199296891689301,-0.340098112821579,0.293238610029221,0.433553576469421,0.199016496539116,-0.340090095996857,0.199115410447121,-0.340074747800827,0.00158943561837077,-0.126147598028183,0.199016496539116,-0.340090066194534,0.293352484703064,0.433505415916443
8.38659954071045,0.29336205124855,0.433529794216156,0.199228703975677,-0.340120375156403,0.00146925810258836,-0.126041233539581,0.198911115527153,-0.340092062950134,0.199228703975677,-0.340120375156403,0.293088674545288,0.433423638343811,0.199092403054237,-0.340115606784821,0.00154783728066832,-0.12607678771019,0.00146925810258836,-0.126041233539581,0.199092403054237,-0.340115606784821,0.293620944023132,0.433525234460831,0.198812201619148,-0.340107351541519,0.198911115527153,-0.340092062950134,0.00154783751349896,-0.126076802611351,0.198812201619148,-0.340107351541519,0.293734818696976,0.433476984500885
8.38720035552979,0.293744266033173,0.433501422405243,0.199024319648743,-0.340137720108032,0.00142782146576792,-0.125970408320427,0.198706895112991,-0.340109199285507,0.199024319648743,-0.340137720108032,0.293471157550812,0.433395385742188,0.198888048529625,-0.340132832527161,0.00150631531141698,-0.12600602209568,0.00142782146576792,-0.125970408320427,0.198888048529625,-0.340132832527161,0.294003218412399,0.433496654033661,0.198607906699181,-0.340124398469925,0.198706895112991,-0.340109199285507,0.00150631531141698,-0.12600602209568,0.198607906699181,-0.340124398469925,0.294116973876953,0.433448314666748
8.3878002166748,0.294126331806183,0.433472812175751,0.198819980025291,-0.34015491604805,0.0013864611973986,-0.125899598002434,0.198502615094185,-0.340126186609268,0.198819980025291,-0.34015491604805,0.293853282928467,0.433366984128952,0.198683723807335,-0.340149939060211,0.00146486959420145,-0.125935256481171,0.0013864611973986,-0.125899598002434,0.198683723807335,-0.340149939060211,0.294385194778442,0.433467864990234,0.198403805494308,-0.340141326189041,0.198502615094185,-0.340126186609268,0.00146486971061677,-0.125935271382332,0.198403805494308,-0.340141326189041,0.294498950242996,0.433419436216354
8.38840007781982,0.294508188962936,0.433443963527679,0.19861564040184,-0.340171933174133,0.00134517683181912,-0.125828802585602,0.198298528790474,-0.340143024921417,0.19861564040184,-0.340171933174133,0.29423525929451,0.433338224887848,0.19847959280014,-0.340166866779327,0.0014235001290217,-0.125864520668983,0.00134517683181912,-0.125828802585602,0.19847959280014,-0.340166866779327,0.294767141342163,0.433438807725906,0.198199614882469,-0.340158045291901,0.198298528790474,-0.340143024921417,0.0014235001290217,-0.125864520668983,0.198199614882469,-0.340158045291901,0.294880717992783,0.433390259742737
8.38899993896484,0.294889897108078,0.433414846658707,0.198411464691162,-0.34018874168396,0.00130396883469075,-0.125758036971092,0.198094412684441,-0.340159595012665,0.198411494493484,-0.340188771486282,0.294616997241974,0.433309286832809,0.198275282979012,-0.340183645486832,0.00138223660178483,-0.125793799757957,0.00130396883469075,-0.125758036971092,0.198275282979012,-0.340183645486832,0.295148760080338,0.433409512042999,0.197995528578758,-0.340174645185471,0.198094412684441,-0.340159595012665,0.00138223660178483,-0.125793799757957,0.197995528578758,-0.340174645185471,0.29526224732399,0.433360874652863
8.38959980010986,0.295271307229996,0.433385491371155,0.198207333683968,-0.340205460786819,0.00126283639110625,-0.125687271356583,0.197890415787697,-0.340176075696945,0.198207333683968,-0.340205460786819,0.294998675584793,0.433280140161514,0.198071151971817,-0.340200215578079,0.00134101894218475,-0.125723093748093,0.00126283639110625,-0.125687271356583,0.198071151971817,-0.340200215578079,0.2955302298069,0.433379977941513,0.197791531682014,-0.340191006660461,0.197890415787697,-0.340176075696945,0.00134101894218475,-0.125723093748093,0.197791531682014,-0.340191006660461,0.29564356803894,0.433331280946732
8.39019966125488,0.295652538537979,0.433355927467346,0.198003202676773,-0.340221971273422,0.0012217799667269,-0.125616535544395,0.197686433792114,-0.340192407369614,0.198003202676773,-0.340221971273422,0.295379996299744,0.43325063586235,0.19786711037159,-0.340216636657715,0.00129987730178982,-0.125652387738228,0.0012217799667269,-0.125616535544395,0.19786711037159,-0.340216636657715,0.295911401510239,0.433350205421448,0.197587639093399,-0.34020721912384,0.197686433792114,-0.340192407369614,0.00129987730178982,-0.125652387738228,0.197587639093399,-0.34020721912384,0.296024709939957,0.433301389217377
8.39080047607422,0.296033710241318,0.433326095342636,0.197799071669579,-0.340238273143768,0.00118082913104445,-0.125545799732208,0.19748255610466,-0.340208530426025,0.19779908657074,-0.340238302946091,0.295761227607727,0.433221012353897,0.197663098573685,-0.340232878923416,0.00125884125009179,-0.125581726431847,0.00118079921230674,-0.125545799732208,0.197663098573685,-0.340232878923416,0.29629248380661,0.433320164680481,0.197383671998978,-0.34022331237793,0.19748255610466,-0.340208530426025,0.00125884125009179,-0.125581726431847,0.197383671998978,-0.34022331237793,0.296405702829361,0.433271288871765
8.39140033721924,0.296414583921432,0.433296024799347,0.197595119476318,-0.340254485607147,0.00113989436067641,-0.125475093722343,0.197278693318367,-0.340224474668503,0.197595119476318,-0.340254485607147,0.296142220497131,0.43319109082222,0.197459161281586,-0.340248972177505,0.00121785129886121,-0.125511080026627,0.00113989436067641,-0.125475093722343,0.197459161281586,-0.340248972177505,0.296673387289047,0.433289915323257,0.197179898619652,-0.340239197015762,0.197278693318367,-0.340224474668503,0.00121785129886121,-0.125511080026627,0.197179898619652,-0.34023916721344,0.296786457300186,0.433240950107574
8.39200019836426,0.296795278787613,0.433265745639801,0.197391197085381,-0.340270459651947,0.00109906506258994,-0.12540440261364,0.197074890136719,-0.340240269899368,0.197391197085381,-0.340270459651947,0.296523064374924,0.433160930871964,0.197255253791809,-0.340264886617661,0.00117696658708155,-0.125440418720245,0.00109906506258994,-0.12540440261364,0.19725526869297,-0.340264916419983,0.297054022550583,0.433259427547455,0.196976035833359,-0.340254902839661,0.197074890136719,-0.340240269899368,0.00117696658708155,-0.125440418720245,0.196976035833359,-0.340254902839661,0.297167092561722,0.433210372924805
8.39260005950928,0.297175824642181,0.433235257863998,0.197187274694443,-0.340286284685135,0.00105834112036973,-0.125333741307259,0.196871131658554,-0.340255916118622,0.197187274694443,-0.340286284685135,0.296903699636459,0.433130532503128,0.197051361203194,-0.340280622243881,0.0011361277429387,-0.125369787216187,0.00105831120163202,-0.125333726406097,0.197051361203194,-0.340280622243881,0.297434568405151,0.433228671550751,0.196772336959839,-0.340270459651947,0.19687120616436,-0.340255886316299,0.0011361277429387,-0.125369787216187,0.196772336959839,-0.340270459651947,0.297547399997711,0.433179527521133
8.3931999206543,0.297556102275848,0.433204472064972,0.196983531117439,-0.340301930904388,0.00101766281295568,-0.125263065099716,0.196667522192001,-0.340271353721619,0.1969835460186,-0.340301960706711,0.297284066677094,0.433099955320358,0.196847647428513,-0.34029620885849,0.00109536433592439,-0.12529918551445,0.00101766281295568,-0.125263065099716,0.196847647428513,-0.34029620885849,0.297814846038818,0.433197736740112,0.196568667888641,-0.340285837650299,0.196667522192001,-0.340271353721619,0.00109536433592439,-0.12529918551445,0.19656865298748,-0.340285807847977,0.297927647829056,0.433148503303528
8.39379978179932,0.297936290502548,0.433173477649689,0.196779787540436,-0.34031742811203,0.000977030140347779,-0.125192433595657,0.196463942527771,-0.340286612510681,0.196779802441597,-0.34031742811203,0.29766434431076,0.433069050312042,0.196643933653831,-0.340311616659164,0.00105470628477633,-0.125228583812714,0.000977030140347779,-0.125192433595657,0.196643933653831,-0.340311616659164,0.298194915056229,0.43316650390625,0.196365013718605,-0.340301066637039,0.196463942527771,-0.340286612510681,0.00105470628477633,-0.125228583812714,0.196365088224411,-0.340301036834717,0.298307687044144,0.433117181062698
8.39439964294434,0.298316240310669,0.433142185211182,0.196576073765755,-0.340332746505737,0.000936532393097878,-0.125121802091599,0.196260303258896,-0.340301752090454,0.196576073765755,-0.340332746505737,0.298044383525848,0.433037996292114,0.196440234780312,-0.340326845645905,0.00101406394969672,-0.125158026814461,0.000936532393097878,-0.125121802091599,0.196440234780312,-0.340326845645905,0.298574835062027,0.433135062456131,0.196161538362503,-0.340316087007523,0.196260303258896,-0.340301752090454,0.00101406394969672,-0.125158026814461,0.196161538362503,-0.340316087007523,0.298687487840652,0.433085680007935
8.39500045776367,0.298695921897888,0.43311071395874,0.196372359991074,-0.340347915887833,0.00089608010603115,-0.125051200389862,0.196056827902794,-0.34031668305397,0.196372359991074,-0.340347915887833,0.298424303531647,0.433006674051285,0.196236550807953,-0.340341925621033,0.000973586284089833,-0.125087454915047,0.00089608010603115,-0.125051200389862,0.196236550807953,-0.340341925621033,0.298954546451569,0.433103412389755,0.195958063006401,-0.340330958366394,0.196056827902794,-0.34031668305397,0.000973586284089833,-0.125087454915047,0.195958063006401,-0.340330958366394,0.299067080020905,0.433053910732269
8.39560031890869,0.29907551407814,0.43307900428772,0.196168839931488,-0.340362876653671,0.000855702965054661,-0.124980613589287,0.195853367447853,-0.340331465005875,0.196168839931488,-0.340362876653671,0.298803806304932,0.432975113391876,0.196033030748367,-0.340356796979904,0.000933094474021345,-0.125016927719116,0.000855702965054661,-0.124980613589287,0.196033030748367,-0.340356796979904,0.299334049224854,0.433071464300156,0.195754617452621,-0.340345680713654,0.195853367447853,-0.340331465005875,0.000933094474021345,-0.125016927719116,0.195754617452621,-0.340345680713654,0.299446582794189,0.433021873235703
8.39620018005371,0.299454838037491,0.433047086000443,0.195965319871902,-0.34037771821022,0.000815430714283139,-0.124910034239292,0.195650100708008,-0.340346097946167,0.195965319871902,-0.34037771821022,0.299183398485184,0.432943314313889,0.195829540491104,-0.340371549129486,0.000892737240064889,-0.124946393072605,0.000815430714283139,-0.124910034239292,0.195829540491104,-0.340371549129486,0.299713432788849,0.433039337396622,0.195551246404648,-0.340360194444656,0.195650100708008,-0.340346097946167,0.000892737240064889,-0.124946393072605,0.195551246404648,-0.340360194444656,0.29982578754425,0.432989656925201
8.39680004119873,0.299833983182907,0.433014839887619,0.195761814713478,-0.340392351150513,0.000775203749071807,-0.124839477241039,0.195446729660034,-0.340360522270203,0.195761814713478,-0.340392351150513,0.29956266283989,0.432911247014999,0.195626065135002,-0.340386122465134,0.000852425408083946,-0.124875880777836,0.000775203749071807,-0.124839477241039,0.195626065135002,-0.340386122465134,0.300092488527298,0.433006972074509,0.195347905158997,-0.340374559164047,0.195446729660034,-0.340360522270203,0.000852425408083946,-0.124875880777836,0.195347905158997,-0.340374559164047,0.3002048432827,0.432957202196121
8.39739990234375,0.300213009119034,0.432982414960861,0.195558488368988,-0.340406835079193,0.000735022011213005,-0.124768942594528,0.195243418216705,-0.340374797582626,0.195558488368988,-0.340406835079193,0.299941748380661,0.432878971099854,0.195422753691673,-0.340400516986847,0.000812188547570258,-0.124805398285389,0.000735022011213005,-0.124768942594528,0.195422753691673,-0.340400516986847,0.30047145485878,0.432974338531494,0.195144653320313,-0.340388774871826,0.195243418216705,-0.340374797582626,0.000812188547570258,-0.12480540573597,0.195144653320313,-0.340388774871826,0.300583571195602,0.432924449443817
8.39799976348877,0.300591707229614,0.432949811220169,0.195355013012886,-0.340421199798584,0.000694974616635591,-0.124698422849178,0.195040255784988,-0.340388894081116,0.195355013012886,-0.340421199798584,0.300320565700531,0.432846486568451,0.195219472050667,-0.340414732694626,0.000772056344430894,-0.124734923243523,0.000694944872520864,-0.124698422849178,0.195219472050667,-0.340414732694626,0.30085015296936,0.432941466569901,0.194941490888596,-0.340402811765671,0.195040255784988,-0.340388894081116,0.000772056344430894,-0.124734930694103,0.194941490888596,-0.340402811765671,0.30096223950386,0.432891488075256
8.39859962463379,0.300970405340195,0.432916909456253,0.195151790976524,-0.340435296297073,0.000654972274787724,-0.12462791800499,0.194837108254433,-0.340402841567993,0.195151790976524,-0.340435296297073,0.300699353218079,0.432813674211502,0.195016205310822,-0.340428799390793,0.000731969252228737,-0.124664470553398,0.000654972274787724,-0.12462791800499,0.195016205310822,-0.340428799390793,0.301228791475296,0.432908415794373,0.194738358259201,-0.340416669845581,0.194837108254433,-0.340402841567993,0.000731969252228737,-0.124664470553398,0.194738358259201,-0.340416669845581,0.301340758800507,0.432858407497406
8.39920043945313,0.301348775625229,0.43288379907608,0.194948598742485,-0.340449303388596,0.000615044613368809,-0.124557428061962,0.194634050130844,-0.340416610240936,0.194948598742485,-0.340449303388596,0.30107781291008,0.432780772447586,0.194812938570976,-0.340442687273026,0.000691986584570259,-0.124594025313854,0.000615044613368809,-0.124557428061962,0.194812938570976,-0.340442687273026,0.301607131958008,0.432875096797943,0.194535315036774,-0.340430408716202,0.194634050130844,-0.340416610240936,0.000691986584570259,-0.124594025313854,0.194535315036774,-0.340430408716202,0.301719039678574,0.432824939489365
8.39980030059814,0.301726967096329,0.432850390672684,0.19474533200264,-0.340463101863861,0.000575221376493573,-0.124486953020096,0.194431021809578,-0.340430229902267,0.19474533200264,-0.340463101863861,0.301456183195114,0.432747572660446,0.194609850645065,-0.340456426143646,0.000652048911433667,-0.124523609876633,0.000575191690586507,-0.124486953020096,0.194609850645065,-0.340456426143646,0.301985234022141,0.43284147977829,0.194332286715508,-0.340443938970566,0.194431021809578,-0.340430229902267,0.000652048911433667,-0.124523602426052,0.194332286715508,-0.340443938970566,0.302097171545029,0.432791322469711
8.40040016174316,0.302104860544205,0.43281677365303,0.194542229175568,-0.340476751327515,0.000535413273610175,-0.124416492879391,0.194228008389473,-0.340443670749664,0.194542229175568,-0.340476751327515,0.301834225654602,0.432714104652405,0.194406777620316,-0.340469986200333,0.000612215488217771,-0.124453201889992,0.000535413273610175,-0.124416492879391,0.194406777620316,-0.340469986200333,0.302363216876984,0.432807743549347,0.194129273295403,-0.340457290410995,0.194228008389473,-0.340443670749664,0.000612215488217771,-0.124453209340572,0.194129273295403,-0.340457290410995,0.30247500538826,0.432757437229156
8.40100002288818,0.302482753992081,0.432783037424088,0.194339245557785,-0.340490221977234,0.000495709362439811,-0.124346069991589,0.194025173783302,-0.340456932783127,0.194339245557785,-0.340490221977234,0.302212178707123,0.432680428028107,0.194203734397888,-0.340483367443085,0.000572426943108439,-0.124382801353931,0.000495709362439811,-0.124346069991589,0.194203734397888,-0.340483367443085,0.302740961313248,0.432773739099503,0.193926438689232,-0.340470492839813,0.194025173783302,-0.340456932783127,0.0005724270013161,-0.124382808804512,0.193926438689232,-0.340470492839813,0.302852630615234,0.432723343372345
8.4015998840332,0.302860409021378,0.432748973369598,0.194136261940002,-0.340503543615341,0.000456109584774822,-0.124275647103786,0.193822339177132,-0.340470045804977,0.194136261940002,-0.340503543615341,0.302589893341064,0.432646512985229,0.194000780582428,-0.340496599674225,0.000532712903805077,-0.124312438070774,0.000456079957075417,-0.124275639653206,0.194000780582428,-0.340496599674225,0.303118616342545,0.432739466428757,0.193723618984222,-0.340483546257019,0.193822339177132,-0.340470045804977,0.000532742589712143,-0.124312445521355,0.193723618984222,-0.340483546257019,0.303230196237564,0.432689011096954
8.40219974517822,0.303237736225128,0.43271467089653,0.193933367729187,-0.340516686439514,0.000416554481489584,-0.124205246567726,0.193619534373283,-0.340482980012894,0.193933367729187,-0.340516686439514,0.302967399358749,0.432612419128418,0.193797841668129,-0.340509682893753,0.000493102881591767,-0.124242089688778,0.000416554481489584,-0.124205246567726,0.193797841668129,-0.340509682893753,0.303495943546295,0.432705014944077,0.193520814180374,-0.340496391057968,0.193619534373283,-0.340482980012894,0.000493102881591767,-0.124242089688778,0.193520814180374,-0.340496391057968,0.30360746383667,0.432654440402985
8.40279960632324,0.303615003824234,0.432680130004883,0.193730503320694,-0.340529650449753,0.000377073651179671,-0.124134853482246,0.193416804075241,-0.340495735406876,0.193730428814888,-0.340529650449753,0.3033447265625,0.432578027248383,0.193594992160797,-0.340522557497025,0.000453537475550547,-0.124171741306782,0.000377073651179671,-0.124134846031666,0.193594992160797,-0.340522557497025,0.303873151540756,0.432670295238495,0.193318113684654,-0.340509116649628,0.193416804075241,-0.340495735406876,0.000453537504654378,-0.124171748757362,0.193318098783493,-0.340509116649628,0.303984493017197,0.432619631290436
8.40340042114258,0.303992092609406,0.432645380496979,0.193527653813362,-0.34054246544838,0.000337667035637423,-0.124064482748508,0.193214118480682,-0.340508371591568,0.193527653813362,-0.34054246544838,0.303721964359283,0.432543396949768,0.193392246961594,-0.340535283088684,0.000414046342484653,-0.124101437628269,0.000337637437041849,-0.124064475297928,0.193392246961594,-0.340535283088684,0.304250150918961,0.432635337114334,0.193115413188934,-0.340521663427353,0.193214118480682,-0.340508371591568,0.000414046342484653,-0.124101437628269,0.193115413188934,-0.340521633625031,0.304361552000046,0.432584583759308
8.4040002822876,0.304368942975998,0.43261045217514,0.193324893712997,-0.340555101633072,0.000298334547551349,-0.123994134366512,0.193011522293091,-0.340520799160004,0.193324893712997,-0.340555101633072,0.304098904132843,0.432508558034897,0.19318950176239,-0.340547829866409,0.000374629395082593,-0.124031126499176,0.000298334547551349,-0.123994134366512,0.19318950176239,-0.340547829866409,0.304627001285553,0.432600140571594,0.192912831902504,-0.340534031391144,0.193011522293091,-0.340520799160004,0.000374658964574337,-0.124031126499176,0.192912817001343,-0.340534001588821,0.304738223552704,0.432549327611923
8.40460014343262,0.304745525121689,0.432575196027756,0.193122163414955,-0.340567588806152,0.000259076099609956,-0.123923793435097,0.192809015512466,-0.340533077716827,0.193122163414955,-0.340567588806152,0.304475665092468,0.432473510503769,0.192986860871315,-0.340560227632523,0.000335286546032876,-0.123960837721825,0.000259076099609956,-0.123923800885677,0.192986860871315,-0.340560227632523,0.305003643035889,0.432564735412598,0.19271032512188,-0.340546220541,0.192809015512466,-0.340533077716827,0.000335345655912533,-0.123960837721825,0.192710310220718,-0.340546220541,0.305114775896072,0.432513862848282
8.40520000457764,0.305121928453445,0.432539761066437,0.192919597029686,-0.340579897165298,0.000219891662709415,-0.123853482306004,0.192606523633003,-0.340545177459717,0.192919597029686,-0.340579897165298,0.304852187633514,0.43243819475174,0.192784249782562,-0.340572446584702,0.000296047219308093,-0.123890548944473,0.000219891662709415,-0.123853482306004,0.192784249782562,-0.340572446584702,0.30538010597229,0.432529121637344,0.192507848143578,-0.340558260679245,0.192606523633003,-0.340545177459717,0.000296047219308093,-0.123890556395054,0.192507833242416,-0.340558230876923,0.305491060018539,0.432478129863739
8.40579986572266,0.305498272180557,0.432504117488861,0.192717045545578,-0.340592056512833,0.000180810631718487,-0.123783186078072,0.192404136061668,-0.340557128190994,0.192717045545578,-0.340592056512833,0.305228561162949,0.432402670383453,0.192581817507744,-0.340584516525269,0.000256852305028588,-0.123820312321186,0.000180810631718487,-0.123783186078072,0.192581817507744,-0.340584516525269,0.30575630068779,0.432493269443512,0.192305460572243,-0.340570122003555,0.192404136061668,-0.340557128190994,0.000256852334132418,-0.123820319771767,0.192305460572243,-0.340570122003555,0.305867195129395,0.432442158460617
8.40639972686768,0.305874347686768,0.432468205690384,0.192514523863792,-0.34060400724411,0.000141744400025345,-0.12371289730072,0.192201748490334,-0.340568900108337,0.192514523863792,-0.34060400724411,0.305604785680771,0.432366937398911,0.192379236221313,-0.340596407651901,0.00021776078210678,-0.123750083148479,0.000141744400025345,-0.12371289730072,0.192379236221313,-0.340596407651901,0.306132346391678,0.4324571788311,0.192103087902069,-0.340581834316254,0.192201748490334,-0.340568900108337,0.00021776078210678,-0.123750083148479,0.192103087902069,-0.340581834316254,0.306243181228638,0.432406008243561
8.4069995880127,0.306250214576721,0.43243208527565,0.192312076687813,-0.340615838766098,0.000102781450550538,-0.123642630875111,0.191999405622482,-0.340580523014069,0.192312076687813,-0.340615838766098,0.305980771780014,0.432330965995789,0.192176818847656,-0.340608149766922,0.000178713526111096,-0.123679868876934,0.000102781450550538,-0.123642630875111,0.192176818847656,-0.340608149766922,0.306508123874664,0.43242084980011,0.191900819540024,-0.34059339761734,0.191999480128288,-0.340580493211746,0.000178713526111096,-0.123679868876934,0.191900819540024,-0.34059339761734,0.306618899106979,0.432369560003281
8.40760040283203,0.306625872850418,0.432395756244659,0.192109748721123,-0.340627461671829,6.38921846984886E-05,-0.123572394251823,0.191797211766243,-0.340591967105865,0.192109748721123,-0.340627461671829,0.306356489658356,0.432294756174088,0.191974490880966,-0.340619683265686,0.000139769457746297,-0.123609662055969,6.38921846984886E-05,-0.123572394251823,0.191974490880966,-0.340619683265686,0.306883811950684,0.432384252548218,0.191698551177979,-0.34060475230217,0.191797226667404,-0.340591967105865,0.000139769457746297,-0.123609662055969,0.191698551177979,-0.34060475230217,0.306994497776031,0.432332932949066
8.40820026397705,0.307001352310181,0.43235918879509,0.191907346248627,-0.340638965368271,2.51059664151398E-05,-0.123502157628536,0.191595047712326,-0.340603232383728,0.191907346248627,-0.340638965368271,0.306732147932053,0.432258307933807,0.19177220761776,-0.340631127357483,0.000100869539892301,-0.123539477586746,2.51059664151398E-05,-0.123502157628536,0.19177220761776,-0.340631127357483,0.307259321212769,0.432347476482391,0.191496402025223,-0.340615957975388,0.191595047712326,-0.340603232383728,0.000100869539892301,-0.123539477586746,0.191496402025223,-0.340615957975388,0.307369887828827,0.432296067476273
8.40880012512207,0.307376742362976,0.432322323322296,0.191705122590065,-0.340650260448456,-1.36361722979927E-05,-0.123431943356991,0.191392913460732,-0.340614348649979,0.191705122590065,-0.340650260448456,0.307107537984848,0.432221591472626,0.191569998860359,-0.340642333030701,6.2043203797657E-05,-0.123469315469265,-1.36361722979927E-05,-0.123431943356991,0.191569998860359,-0.340642333030701,0.30763453245163,0.432310491800308,0.191294342279434,-0.340627014636993,0.191392913460732,-0.340614348649979,6.2043203797657E-05,-0.123469315469265,0.191294342279434,-0.340627014636993,0.307744979858398,0.432258993387222
8.40939998626709,0.307751715183258,0.432285308837891,0.191502913832664,-0.340661406517029,-5.23342641827185E-05,-0.123361751437187,0.19119094312191,-0.340625286102295,0.191502913832664,-0.340661406517029,0.307482808828354,0.432184785604477,0.191367819905281,-0.340653389692307,2.32903694268316E-05,-0.123399160802364,-5.23342641827185E-05,-0.123361751437187,0.191367819905281,-0.340653389692307,0.308009564876556,0.432273238897324,0.191092297434807,-0.340637892484665,0.19119094312191,-0.340625286102295,2.32903694268316E-05,-0.123399160802364,0.191092297434807,-0.340637892484665,0.30811995267868,0.432221680879593
8.40999984741211,0.308126598596573,0.432248026132584,0.191300719976425,-0.34067240357399,-9.09001464606263E-05,-0.123291581869125,0.190988913178444,-0.340636104345322,0.191300719976425,-0.34067240357399,0.307857722043991,0.432147592306137,0.191165670752525,-0.340664327144623,-1.53890396177303E-05,-0.123329035937786,-9.09295413293876E-05,-0.123291574418545,0.191165670752525,-0.340664327144623,0.308384537696838,0.432235807180405,0.190890341997147,-0.340648591518402,0.190988913178444,-0.340636104345322,-1.53890396177303E-05,-0.123329035937786,0.190890341997147,-0.340648591518402,0.30849477648735,0.432184129953384
8.41059970855713,0.308501332998276,0.43221053481102,0.19109870493412,-0.340683221817017,-0.000129422114696354,-0.123221412301064,0.190786972641945,-0.340646713972092,0.19109870493412,-0.340683221817017,0.308232605457306,0.432110279798508,0.190963670611382,-0.34067502617836,-5.39657121407799E-05,-0.123258918523788,-0.000129422114696354,-0.123221404850483,0.190963670611382,-0.34067502617836,0.308759152889252,0.432198137044907,0.19068843126297,-0.34065917134285,0.190786987543106,-0.340646713972092,-5.39657121407799E-05,-0.123258918523788,0.190688416361809,-0.340659111738205,0.308869272470474,0.432146370410919
8.41119956970215,0.308875858783722,0.432172805070877,0.190896719694138,-0.340693891048431,-0.000167867910931818,-0.123151265084743,0.190585136413574,-0.34065717458725,0.190896719694138,-0.340693891048431,0.308607161045074,0.432072669267654,0.190761715173721,-0.340685606002808,-9.24955675145611E-05,-0.123188823461533,-0.000167867910931818,-0.123151265084743,0.190761715173721,-0.34068563580513,0.309133589267731,0.432160198688507,0.190486520528793,-0.340669542551041,0.190585136413574,-0.34065717458725,-9.24955675145611E-05,-0.123188823461533,0.190486520528793,-0.340669542551041,0.309243679046631,0.432108342647552
8.41180038452148,0.309250205755234,0.432134866714478,0.190694749355316,-0.340704351663589,-0.00020621414296329,-0.123081132769585,0.190383315086365,-0.340667456388474,0.190694749355316,-0.340704351663589,0.308981657028198,0.432034850120544,0.1905597448349,-0.340696036815643,-0.000130955144413747,-0.123118735849857,-0.00020621414296329,-0.123081132769585,0.1905597448349,-0.340696036815643,0.309507936239243,0.432122021913528,0.19028477370739,-0.34067976474762,0.190383315086365,-0.340667456388474,-0.000130955158965662,-0.123118743300438,0.19028477370739,-0.34067976474762,0.309617936611176,0.432070136070251
8.4124002456665,0.309624344110489,0.432096719741821,0.190492779016495,-0.340714693069458,-0.000244575290707871,-0.123011037707329,0.190181523561478,-0.340677618980408,0.190492779016495,-0.340714693069458,0.309355944395065,0.431996822357178,0.190357983112335,-0.340706259012222,-0.000169312275829725,-0.123048670589924,-0.000244575290707871,-0.123011030256748,0.190357983112335,-0.340706259012222,0.309882014989853,0.432083666324615,0.19008307158947,-0.340689778327942,0.190181523561478,-0.340677618980408,-0.000169312275829725,-0.123048670589924,0.19008307158947,-0.340689778327942,0.309991866350174,0.432031661272049
8.41300010681152,0.30999830365181,0.432058304548264,0.190291002392769,-0.340724855661392,-0.000282775436062366,-0.122940942645073,0.189979895949364,-0.340687543153763,0.190291002392769,-0.340724855661392,0.309729933738708,0.431958615779877,0.190156146883965,-0.340716332197189,-0.000207625707844272,-0.122978635132313,-0.000282775436062366,-0.122940942645073,0.190156072378159,-0.340716332197189,0.310255914926529,0.432045102119446,0.18988136947155,-0.340699702501297,0.189979895949364,-0.340687543153763,-0.000207625707844272,-0.122978635132313,0.18988136947155,-0.340699702501297,0.310365736484528,0.431993037462234
8.41359996795654,0.310371935367584,0.432019680738449,0.190089240670204,-0.34073480963707,-0.000320931954775006,-0.122870877385139,0.189778298139572,-0.340697348117828,0.190089240670204,-0.340734839439392,0.310103744268417,0.431920140981674,0.189954414963722,-0.340726226568222,-0.000245895440457389,-0.122908607125282,-0.000320931954775006,-0.122870877385139,0.189954414963722,-0.340726226568222,0.310629576444626,0.432006329298019,0.189679682254791,-0.340709447860718,0.189778298139572,-0.340697348117828,-0.000245895440457389,-0.122908607125282,0.189679682254791,-0.340709447860718,0.310739398002625,0.431954085826874
8.41419982910156,0.310745477676392,0.431980818510056,0.189887493848801,-0.340744644403458,-0.000358986348146573,-0.122800804674625,0.189576789736748,-0.34070697426796,0.189887508749962,-0.34074467420578,0.310477465391159,0.43188139796257,0.189752772450447,-0.340736001729965,-0.000284004403511062,-0.122838594019413,-0.000358986348146573,-0.122800804674625,0.189752772450447,-0.340736001729965,0.311003088951111,0.431967288255692,0.189478188753128,-0.340718954801559,0.189576789736748,-0.34070697426796,-0.000284004403511062,-0.122838594019413,0.189478188753128,-0.340718954801559,0.311112701892853,0.431914955377579
8.41479969024658,0.311118900775909,0.431941777467728,0.189685925841331,-0.340754359960556,-0.000397055729990825,-0.122730776667595,0.189375221729279,-0.340716481208801,0.189685925841331,-0.340754359960556,0.310850858688354,0.431842505931854,0.189551070332527,-0.340745598077774,-0.000322069827234372,-0.122768595814705,-0.000397055729990825,-0.122730776667595,0.189551070332527,-0.340745598077774,0.311376452445984,0.431928008794785,0.189276695251465,-0.340728402137756,0.189375221729279,-0.340716481208801,-0.000322069827234372,-0.122768595814705,0.189276695251465,-0.340728402137756,0.311486005783081,0.431875646114349
8.4153995513916,0.311492025852203,0.431902438402176,0.189484387636185,-0.340763837099075,-0.000434964604210109,-0.122660748660564,0.189173832535744,-0.340725749731064,0.189484387636185,-0.340763837099075,0.311224162578583,0.431803315877914,0.189349547028542,-0.340755015611649,-0.000360150297638029,-0.122698619961739,-0.000434964604210109,-0.122660748660564,0.189349547028542,-0.340755015611649,0.311749547719955,0.431888461112976,0.189075335860252,-0.340737640857697,0.189173832535744,-0.340725749731064,-0.000360150326741859,-0.122698627412319,0.189075335860252,-0.340737640857697,0.311858952045441,0.431836068630219
8.41600036621094,0.311865031719208,0.43186292052269,0.189282849431038,-0.340773165225983,-0.000472830084618181,-0.122590750455856,0.18897245824337,-0.340734899044037,0.189282864332199,-0.340773195028305,0.31159719824791,0.43176394701004,0.189148053526878,-0.340764284133911,-0.000398070347728208,-0.122628673911095,-0.000472830084618181,-0.122590750455856,0.189148053526878,-0.340764284133911,0.312122493982315,0.431848794221878,0.188873961567879,-0.340746700763702,0.18897245824337,-0.340734899044037,-0.000398070347728208,-0.122628673911095,0.188873961567879,-0.340746700763702,0.312231838703156,0.431796252727509
8.41660022735596,0.312237799167633,0.431823194026947,0.189081355929375,-0.340782344341278,-0.000510652200318873,-0.122520767152309,0.188771098852158,-0.340743869543076,0.189081355929375,-0.340782344341278,0.311970114707947,0.431724309921265,0.188946723937988,-0.340773403644562,-0.000436005415394902,-0.122558727860451,-0.000510652200318873,-0.122520767152309,0.188946723937988,-0.340773403644562,0.312495142221451,0.431808829307556,0.188672706484795,-0.340755611658096,0.188771098852158,-0.340743869543076,-0.000436005415394902,-0.122558727860451,0.188672706484795,-0.340755611658096,0.312604427337646,0.431756198406219
8.41720008850098,0.312610298395157,0.431783258914948,0.188880011439323,-0.340791374444962,-0.000548372569028288,-0.122450791299343,0.188569948077202,-0.340752691030502,0.188880011439323,-0.340791374444962,0.312342822551727,0.431684523820877,0.188745334744453,-0.340782284736633,-0.000473780295578763,-0.122488811612129,-0.000548372569028288,-0.122450791299343,0.188745334744453,-0.340782284736633,0.312867671251297,0.431768655776978,0.188471451401711,-0.340764373540878,0.188569948077202,-0.340752691030502,-0.000473780295578763,-0.122488811612129,0.188471451401711,-0.340764343738556,0.31297692656517,0.431716024875641
8.417799949646,0.312982708215714,0.431743055582047,0.188678696751595,-0.340800225734711,-0.000586049747653306,-0.122380845248699,0.188368782401085,-0.340761333703995,0.188678711652756,-0.340800255537033,0.312715232372284,0.431644469499588,0.188543975353241,-0.340791076421738,-0.000511511869262904,-0.122418902814388,-0.000586049747653306,-0.122380845248699,0.188543975353241,-0.340791076421738,0.313240140676498,0.431728303432465,0.188270226120949,-0.340772956609726,0.188368782401085,-0.340761333703995,-0.000511511869262904,-0.122418902814388,0.188270226120949,-0.340772956609726,0.313349187374115,0.431675553321838
8.41839981079102,0.313354909420013,0.431702673435211,0.188477411866188,-0.340808898210526,-0.000623625353910029,-0.122310914099216,0.18816764652729,-0.340769827365875,0.188477411866188,-0.340808898210526,0.313087582588196,0.431604206562042,0.18834288418293,-0.340799689292908,-0.000549141957890242,-0.122349008917809,-0.000623625295702368,-0.122310906648636,0.18834288418293,-0.340799689292908,0.313612252473831,0.431687712669373,0.188069179654121,-0.340781360864639,0.18816764652729,-0.340769827365875,-0.000549141957890242,-0.122349016368389,0.188069179654121,-0.340781360864639,0.313721209764481,0.431634813547134
8.41899967193604,0.313726842403412,0.431662023067474,0.188276216387749,-0.340817391872406,-0.000661099446006119,-0.122240990400314,0.187966540455818,-0.340778142213821,0.18827623128891,-0.340817421674728,0.313459664583206,0.431563764810562,0.188141614198685,-0.340808093547821,-0.000586728798225522,-0.122279137372971,-0.000661099446006119,-0.122240990400314,0.188141614198685,-0.340808093547821,0.31398418545723,0.431646883487701,0.187868148088455,-0.340789616107941,0.187966540455818,-0.340778142213821,-0.000586728798225522,-0.122279137372971,0.187868148088455,-0.340789616107941,0.314092993736267,0.431593954563141
8.41959953308105,0.314098626375198,0.431621164083481,0.188075050711632,-0.340825766324997,-0.000698530580848455,-0.122171103954315,0.187765598297119,-0.340786308050156,0.188075050711632,-0.340825766324997,0.313831597566605,0.431522995233536,0.187940552830696,-0.340816378593445,-0.000624272681307048,-0.122209288179874,-0.00069858884671703,-0.122171103954315,0.187940552830696,-0.340816378593445,0.314355909824371,0.431605845689774,0.187667146325111,-0.34079772233963,0.187765598297119,-0.340786308050156,-0.000624272681307048,-0.122209288179874,0.18766713142395,-0.340797692537308,0.314464718103409,0.431552857160568
8.42020034790039,0.314470261335373,0.431580096483231,0.187873959541321,-0.340833961963654,-0.000735918700229377,-0.122101217508316,0.187564685940742,-0.340794324874878,0.187873974442482,-0.340833991765976,0.314203262329102,0.43148210644722,0.187739506363869,-0.340824484825134,-0.000661715166643262,-0.12213946133852,-0.000735918700229377,-0.122101217508316,0.187739506363869,-0.340824484825134,0.314727455377579,0.431564569473267,0.187466233968735,-0.340805649757385,0.187564685940742,-0.340794324874878,-0.000661715166643262,-0.12213946133852,0.187466233968735,-0.340805649757385,0.314836204051971,0.431511461734772
8.42080020904541,0.314841657876968,0.431538790464401,0.187673002481461,-0.340842008590698,-0.000773263804148883,-0.122031353414059,0.187363877892494,-0.340802162885666,0.187673002481461,-0.340842008590698,0.314574837684631,0.43144091963768,0.187538459897041,-0.340832442045212,-0.000699114636518061,-0.122069627046585,-0.000773263745941222,-0.122031345963478,0.187538459897041,-0.340832442045212,0.315098881721497,0.431523084640503,0.18726535141468,-0.340813428163528,0.187363877892494,-0.340802162885666,-0.000699114694725722,-0.122069634497166,0.187265425920486,-0.340813428163528,0.315207421779633,0.431469887495041
8.42140007019043,0.31521287560463,0.431497275829315,0.1874720454216,-0.340849846601486,-0.000810449535492808,-0.121961511671543,0.187163084745407,-0.340809851884842,0.187472060322762,-0.340849876403809,0.314946085214615,0.431399524211884,0.187337622046471,-0.340840220451355,-0.000736412941478193,-0.121999822556973,-0.000810449535492808,-0.121961511671543,0.187337622046471,-0.340840220451355,0.315470039844513,0.431481391191483,0.187064647674561,-0.340821027755737,0.187163084745407,-0.34080982208252,-0.000736412941478193,-0.121999830007553,0.187064647674561,-0.340821027755737,0.315578579902649,0.431428134441376
8.42199993133545,0.315583944320679,0.431455552577972,0.187271192669868,-0.340857595205307,-0.000847650691866875,-0.121891677379608,0.186962306499481,-0.340817332267761,0.187271192669868,-0.340857625007629,0.315317183732986,0.431357979774475,0.1871367841959,-0.340847849845886,-0.000773668405599892,-0.121930055320263,-0.000847650691866875,-0.121891677379608,0.1871367841959,-0.340847849845886,0.315840989351273,0.431439429521561,0.186863958835602,-0.340828478336334,0.186962306499481,-0.340817332267761,-0.000773668463807553,-0.121930062770844,0.186863943934441,-0.340828448534012,0.315949380397797,0.431386142969131
8.42259979248047,0.315954655408859,0.431413620710373,0.187070354819298,-0.340865135192871,-0.000884750799741596,-0.121821865439415,0.186761721968651,-0.340824693441391,0.187070354819298,-0.340865135192871,0.315688163042068,0.431316137313843,0.186935991048813,-0.340855300426483,-0.000810822879429907,-0.121860280632973,-0.000884750799741596,-0.121821865439415,0.186935991048813,-0.340855330228806,0.316211730241776,0.431397318840027,0.186663299798965,-0.340835750102997,0.186761721968651,-0.340824693441391,-0.000810822937637568,-0.121860288083553,0.186663284897804,-0.340835720300674,0.316320091485977,0.431343913078308
8.42319965362549,0.316325277090073,0.431371420621872,0.186869621276855,-0.340872526168823,-0.000921692117117345,-0.121752083301544,0.186561062932014,-0.340831905603409,0.186869621276855,-0.340872526168823,0.316058963537216,0.431274116039276,0.186735287308693,-0.340862631797791,-0.00084793457062915,-0.121790543198586,-0.000921692058909684,-0.121752075850964,0.186735287308693,-0.340862631797791,0.316582292318344,0.431354969739914,0.186462640762329,-0.340842872858047,0.186561062932014,-0.340831905603409,-0.00084793457062915,-0.121790543198586,0.186462625861168,-0.340842872858047,0.316690623760223,0.431301444768906
8.42380046844482,0.316695719957352,0.431329011917114,0.186668902635574,-0.340879708528519,-0.000958706659730524,-0.121682301163673,0.186360567808151,-0.34083890914917,0.186668917536736,-0.340879738330841,0.316429436206818,0.431231886148453,0.186534598469734,-0.340869784355164,-0.000884945504367352,-0.121720813214779,-0.000958706659730524,-0.121682301163673,0.186534598469734,-0.340869784355164,0.316952764987946,0.431312412023544,0.186262100934982,-0.340849846601486,0.186360582709312,-0.340838938951492,-0.000884887471329421,-0.121720813214779,0.186262160539627,-0.340849816799164,0.317060917615891,0.431258738040924
8.42440032958984,0.317065954208374,0.431286454200745,0.186468288302422,-0.340886771678925,-0.000995504786260426,-0.121612556278706,0.186160027980804,-0.340845763683319,0.186468303203583,-0.340886801481247,0.316799730062485,0.431189388036728,0.18633408844471,-0.34087672829628,-0.000921913713682443,-0.121651098132133,-0.000995504786260426,-0.121612556278706,0.18633408844471,-0.34087672829628,0.317322880029678,0.431269526481628,0.186061725020409,-0.340856611728668,0.186160027980804,-0.340845763683319,-0.000921913713682443,-0.121651098132133,0.186061710119247,-0.340856581926346,0.317430973052979,0.431215882301331
8.42500019073486,0.317436009645462,0.431243628263474,0.186267852783203,-0.340893685817719,-0.0010323760798201,-0.121542811393738,0.185959696769714,-0.340852528810501,0.186267867684364,-0.340893715620041,0.317169904708862,0.431146681308746,0.186133608222008,-0.340883582830429,-0.000958723365329206,-0.121581397950649,-0.0010323760798201,-0.121542811393738,0.186133608222008,-0.340883582830429,0.317692875862122,0.431226551532745,0.185861229896545,-0.34086337685585,0.185959696769714,-0.340852528810501,-0.000958723423536867,-0.12158140540123,0.185861229896545,-0.34086337685585,0.317800909280777,0.431172788143158
8.42560005187988,0.317805826663971,0.431200563907623,0.186067447066307,-0.340900391340256,-0.00106903107371181,-0.121473096311092,0.185759350657463,-0.340859055519104,0.186067461967468,-0.340900421142578,0.317539900541306,0.431103765964508,0.185933202505112,-0.340890198945999,-0.000995548674836755,-0.121511727571487,-0.00106903107371181,-0.121473096311092,0.185933202505112,-0.340890198945999,0.318062752485275,0.431183308362961,0.185661047697067,-0.340869754552841,0.185759350657463,-0.340859055519104,-0.000995548674836755,-0.121511727571487,0.185661047697067,-0.340869754552841,0.318170636892319,0.431129515171051
8.4261999130249,0.318175464868546,0.431157320737839,0.185866892337799,-0.340907007455826,-0.0011057595256716,-0.121403381228447,0.185559213161469,-0.34086537361145,0.18586690723896,-0.340907037258148,0.317909687757492,0.431060642004013,0.18573285639286,-0.34089669585228,-0.0010322731686756,-0.121442064642906,-0.0011057595256716,-0.121403381228447,0.18573285639286,-0.34089669585228,0.318432301282883,0.431139886379242,0.1854607462883,-0.340876072645187,0.185559213161469,-0.34086537361145,-0.00103227328509092,-0.121442072093487,0.1854607462883,-0.340876072645187,0.318540096282959,0.431085973978043
8.42679977416992,0.318544924259186,0.431113839149475,0.185666516423225,-0.340913444757462,-0.00114232965279371,-0.121333703398705,0.185358762741089,-0.340871751308441,0.185666531324387,-0.340913474559784,0.318279206752777,0.431017339229584,0.185532346367836,-0.340903103351593,-0.00106901337858289,-0.121372424066067,-0.00114232965279371,-0.121333703398705,0.185532346367836,-0.340903103351593,0.318801760673523,0.431096166372299,0.185260623693466,-0.340882182121277,0.185358762741089,-0.340871751308441,-0.00106901349499822,-0.121372431516647,0.185260623693466,-0.340882182121277,0.318909376859665,0.431042194366455
8.42739963531494,0.318914145231247,0.43107008934021,0.185466319322586,-0.340919643640518,-0.00117885752115399,-0.121264040470123,0.185158640146255,-0.340877771377563,0.185466334223747,-0.340919673442841,0.318648606538773,0.430973768234253,0.185332179069519,-0.340909212827682,-0.00110553752165288,-0.121302805840969,-0.00117885752115399,-0.121264040470123,0.185332179069519,-0.340909212827682,0.319170922040939,0.431052297353745,0.185060366988182,-0.340888261795044,0.185158640146255,-0.340877771377563,-0.00110553752165288,-0.121302805840969,0.185060366988182,-0.340888261795044,0.319278538227081,0.430998206138611
8.42800045013428,0.319283187389374,0.431026220321655,0.18526616692543,-0.340925693511963,-0.00121528515592217,-0.121194384992123,0.184958711266518,-0.340883582830429,0.18526616692543,-0.340925693511963,0.319017678499222,0.430929988622665,0.185132026672363,-0.340915203094482,-0.00114213488996029,-0.121233195066452,-0.00121528515592217,-0.121194384992123,0.185132026672363,-0.340915203094482,0.319539994001389,0.431008189916611,0.184860274195671,-0.34089407324791,0.184958711266518,-0.340883582830429,-0.00114213500637561,-0.121233202517033,0.184860274195671,-0.34089407324791,0.319647461175919,0.430954068899155
8.4286003112793,0.319652050733566,0.430982112884521,0.185065850615501,-0.340931713581085,-0.00125167064834386,-0.121124759316444,0.184758648276329,-0.34088933467865,0.185065850615501,-0.340931713581085,0.319386690855026,0.430886030197144,0.18493190407753,-0.34092104434967,-0.0011785743990913,-0.121163591742516,-0.00125167064834386,-0.121124759316444,0.18493190407753,-0.34092104434967,0.319908857345581,0.43096387386322,0.184660375118256,-0.340899705886841,0.184758648276329,-0.34088933467865,-0.00117857451550663,-0.121163599193096,0.184660360217094,-0.340899676084518,0.320016205310822,0.430909633636475
8.42920017242432,0.320020765066147,0.430937767028809,0.184865713119507,-0.340937465429306,-0.0012879561400041,-0.121055141091347,0.184558764100075,-0.340894877910614,0.184865728020668,-0.340937495231628,0.319755464792252,0.430841773748398,0.184731662273407,-0.340926855802536,-0.00121497188229114,-0.121094033122063,-0.0012879561400041,-0.121055141091347,0.184731662273407,-0.340926855802536,0.320277452468872,0.430919378995895,0.184460490942001,-0.340905159711838,0.184558764100075,-0.340894877910614,-0.00121497188229114,-0.121094033122063,0.184460490942001,-0.340905159711838,0.320384711027145,0.43086501955986
8.42980003356934,0.320389211177826,0.430893182754517,0.184665769338608,-0.340943068265915,-0.00132425723131746,-0.120985545217991,0.184358894824982,-0.340900331735611,0.184665769338608,-0.340943068265915,0.320124059915543,0.43079736828804,0.184531733393669,-0.340932339429855,-0.0012512692483142,-0.12102447450161,-0.00132425723131746,-0.120985545217991,0.184531733393669,-0.340932339429855,0.320645868778229,0.430874615907669,0.184260651469231,-0.340910524129868,0.184358894824982,-0.340900331735611,-0.00125126936472952,-0.12102448195219,0.184260651469231,-0.340910524129868,0.320753037929535,0.430820256471634
8.43039989471436,0.320757478475571,0.43084841966629,0.18446584045887,-0.340948462486267,-0.00136045855470002,-0.120915971696377,0.18415904045105,-0.340905576944351,0.184465855360031,-0.340948492288589,0.320492446422577,0.430752724409103,0.184331819415092,-0.34093764424324,-0.00128758233040571,-0.12095495313406,-0.0013604584382847,-0.120915964245796,0.184331819415092,-0.34093764424324,0.321014046669006,0.430829614400864,0.18406081199646,-0.340915709733963,0.18415904045105,-0.340905576944351,-0.00128758233040571,-0.12095495313406,0.18406081199646,-0.340915709733963,0.321121215820313,0.430775195360184
8.43099975585938,0.321125507354736,0.430803447961807,0.184265956282616,-0.340953767299652,-0.00139655999373645,-0.120846398174763,0.183959379792213,-0.340910613536835,0.184265956282616,-0.340953767299652,0.320860654115677,0.43070787191391,0.184131965041161,-0.340942919254303,-0.00132373790256679,-0.120885416865349,-0.00139655999373645,-0.120846398174763,0.184131965041161,-0.340942919254303,0.321382105350494,0.430784463882446,0.18386098742485,-0.340920776128769,0.183959394693375,-0.340910643339157,-0.00132373790256679,-0.120885424315929,0.18386098742485,-0.340920776128769,0.321489125490189,0.430729895830154
8.43159961700439,0.321493476629257,0.430758208036423,0.1840660572052,-0.340958893299103,-0.00143256201408803,-0.120776861906052,0.183759421110153,-0.340915709733963,0.184066072106361,-0.340958923101425,0.32122865319252,0.43066281080246,0.183932095766068,-0.340947955846786,-0.00135985156521201,-0.120815932750702,-0.00143256189767271,-0.120776854455471,0.183932095766068,-0.340947955846786,0.321749955415726,0.430739045143127,0.183661356568336,-0.340925633907318,0.183759421110153,-0.340915709733963,-0.00135985156521201,-0.120815932750702,0.183661356568336,-0.340925633907318,0.321856886148453,0.430684447288513
8.43220043182373,0.321861207485199,0.430712819099426,0.183866366744041,-0.340963840484619,-0.00146852212492377,-0.120707333087921,0.183559983968735,-0.340920388698578,0.183866366744041,-0.340963840484619,0.321596473455429,0.43061751127243,0.183732435107231,-0.340952813625336,-0.00139586557634175,-0.120746441185474,-0.00146852212492377,-0.120707333087921,0.183732435107231,-0.340952813625336,0.322117626667023,0.430693477392197,0.183461755514145,-0.340930342674255,0.183559983968735,-0.340920388698578,-0.00139586557634175,-0.120746441185474,0.183461755514145,-0.340930342674255,0.322224467992783,0.430638760328293
8.43280029296875,0.322228640317917,0.430667161941528,0.183666527271271,-0.340968728065491,-0.00150444020982832,-0.120637826621532,0.183360531926155,-0.340924948453903,0.183666527271271,-0.340968728065491,0.321964025497437,0.430572003126144,0.183532789349556,-0.340957552194595,-0.00143183767795563,-0.120676979422569,-0.00150444020982832,-0.120637826621532,0.183532789349556,-0.340957552194595,0.322485089302063,0.430647701025009,0.183262169361115,-0.340934932231903,0.183360531926155,-0.340924948453903,-0.00143183767795563,-0.120676979422569,0.183262169361115,-0.340934932231903,0.322591811418533,0.430592805147171
8.43340015411377,0.322595864534378,0.430621355772018,0.183467030525208,-0.340973258018494,-0.00154020148329437,-0.120568327605724,0.183160960674286,-0.340929448604584,0.183467045426369,-0.340973287820816,0.322331428527832,0.430526316165924,0.183333158493042,-0.340962082147598,-0.00146771047729999,-0.120607532560825,-0.00154020148329437,-0.120568327605724,0.183333158493042,-0.340962082147598,0.322852343320847,0.430601596832275,0.183062762022018,-0.340939253568649,0.183160960674286,-0.340929448604584,-0.00146771059371531,-0.120607540011406,0.183062762022018,-0.340939253568649,0.322958916425705,0.43054673075676
8.43400001525879,0.322962999343872,0.430575281381607,0.183267399668694,-0.340977787971497,-0.00157597870565951,-0.1204988732934,0.182961568236351,-0.340933740139008,0.183267414569855,-0.340977817773819,0.322698593139648,0.430480390787125,0.183133542537689,-0.340966552495956,-0.00150354148354381,-0.120538100600243,-0.00157597870565951,-0.1204988732934,0.183133542537689,-0.340966552495956,0.323219358921051,0.43055534362793,0.182863369584084,-0.340943485498428,0.182961583137512,-0.34093376994133,-0.00150354159995914,-0.120538108050823,0.182863369584084,-0.340943485498428,0.323325932025909,0.430500417947769
8.43459987640381,0.323329925537109,0.430528998374939,0.183067783713341,-0.340982168912888,-0.00161165650933981,-0.120429411530495,0.182762205600739,-0.340937882661819,0.183067798614502,-0.34098219871521,0.323065578937531,0.430434286594391,0.182934120297432,-0.340970784425735,-0.00153933081310242,-0.120468698441982,-0.00161165650933981,-0.120429411530495,0.182934120297432,-0.340970784425735,0.323586225509644,0.430508941411972,0.182664006948471,-0.340947538614273,0.182762205600739,-0.340937882661819,-0.00153933081310242,-0.120468698441982,0.182664006948471,-0.340947538614273,0.323692679405212,0.4304538667202
8.43519973754883,0.323696553707123,0.430482566356659,0.182868346571922,-0.340986341238022,-0.00164729275275022,-0.120359979569912,0.182562857866287,-0.340941876173019,0.182868361473083,-0.340986341238022,0.323432475328445,0.430387914180756,0.182734727859497,-0.34097483754158,-0.00157502095680684,-0.120399303734303,-0.00164729275275022,-0.120359979569912,0.182734727859497,-0.34097483754158,0.323952883481979,0.430462270975113,0.182464689016342,-0.340951532125473,0.182562857866287,-0.340941876173019,-0.00157502095680684,-0.120399303734303,0.182464674115181,-0.340951502323151,0.324059247970581,0.430407106876373
8.43579959869385,0.324063181877136,0.430435836315155,0.182668939232826,-0.340990364551544,-0.00168283004313707,-0.12029056251049,0.18236368894577,-0.340945690870285,0.182668954133987,-0.340990394353867,0.323799163103104,0.430341333150864,0.182535335421562,-0.340978801250458,-0.00161061203107238,-0.120329916477203,-0.00168283004313707,-0.12029056251049,0.182535335421562,-0.340978801250458,0.324319303035736,0.430415391921997,0.182265520095825,-0.340955227613449,0.18236368894577,-0.340945690870285,-0.0016106121474877,-0.120329923927784,0.182265520095825,-0.340955227613449,0.324425667524338,0.430360198020935
8.43640041351318,0.324429392814636,0.430388927459717,0.182469740509987,-0.34099417924881,-0.00171832577325404,-0.120221152901649,0.182164385914803,-0.340949416160583,0.182469740509987,-0.34099417924881,0.324165523052216,0.430294573307037,0.182336151599884,-0.340982526540756,-0.00164621893782169,-0.120260559022427,-0.00171832565683872,-0.120221145451069,0.182336151599884,-0.340982526540756,0.32468569278717,0.430368304252625,0.182066380977631,-0.340958803892136,0.182164400815964,-0.340949445962906,-0.00164621893782169,-0.120260559022427,0.182066380977631,-0.340958803892136,0.324791878461838,0.430312991142273
8.4370002746582,0.324795603752136,0.430341839790344,0.182270526885986,-0.340997844934464,-0.00175372255034745,-0.120151773095131,0.181965425610542,-0.340952843427658,0.182270526885986,-0.340997844934464,0.324531704187393,0.430247604846954,0.182136967778206,-0.340986132621765,-0.00168172700796276,-0.120191231369972,-0.00175372255034745,-0.120151773095131,0.182136967778206,-0.340986132621765,0.325051724910736,0.430320978164673,0.181867271661758,-0.340962290763855,0.181965425610542,-0.340952843427658,-0.00168172700796276,-0.120191231369972,0.181867271661758,-0.340962290763855,0.325157761573792,0.430265605449677
8.43760013580322,0.325161516666412,0.430294454097748,0.182071343064308,-0.341001361608505,-0.00178907800000161,-0.120082415640354,0.181766331195831,-0.340956211090088,0.182071357965469,-0.341001391410828,0.324897795915604,0.430200397968292,0.181937828660011,-0.340989589691162,-0.00171713612508029,-0.120121911168098,-0.00178907800000161,-0.120082415640354,0.181937828660011,-0.340989589691162,0.325417637825012,0.430273443460464,0.18166820704937,-0.34096559882164,0.181766346096992,-0.34095624089241,-0.00171713612508029,-0.120121911168098,0.181668192148209,-0.340965569019318,0.3255235850811,0.430218011140823
8.43819999694824,0.325527250766754,0.430246949195862,0.181872189044952,-0.341004759073257,-0.00182433484587818,-0.120013073086739,0.181567430496216,-0.340959399938583,0.181872189044952,-0.341004759073257,0.325263619422913,0.430153012275696,0.181738704442978,-0.340992897748947,-0.00175250391475856,-0.120052598416805,-0.00182433484587818,-0.120013073086739,0.181738704442978,-0.340992897748947,0.325783342123032,0.430225729942322,0.181469440460205,-0.340968608856201,0.181567430496216,-0.340959399938583,-0.00175250403117388,-0.120052605867386,0.181469440460205,-0.340968608856201,0.325889199972153,0.430170208215714
8.43879985809326,0.325892746448517,0.430199205875397,0.181673228740692,-0.341007947921753,-0.00185955013148487,-0.119943737983704,0.181368708610535,-0.340962320566177,0.181673243641853,-0.341007977724075,0.32562929391861,0.43010538816452,0.181539744138718,-0.340995997190475,-0.00178777321707457,-0.119983315467834,-0.00185955013148487,-0.119943737983704,0.181539744138718,-0.340995997190475,0.326148748397827,0.430177807807922,0.181270569562912,-0.340971559286118,0.181368708610535,-0.340962320566177,-0.00178777321707457,-0.119983315467834,0.181270569562912,-0.340971559286118,0.326254606246948,0.430122226476669
8.43939971923828,0.326258033514023,0.430151253938675,0.181474283337593,-0.341010987758636,-0.00189466727897525,-0.119874432682991,0.18116982281208,-0.340965211391449,0.181474283337593,-0.341010987758636,0.32599475979805,0.430057555437088,0.181340828537941,-0.340998977422714,-0.00182300107553601,-0.119914047420025,-0.00189466727897525,-0.119874432682991,0.181340828537941,-0.340998977422714,0.326514095067978,0.430129677057266,0.18107171356678,-0.340974390506744,0.18116982281208,-0.340965211391449,-0.00182300107553601,-0.119914047420025,0.18107171356678,-0.340974390506744,0.326619863510132,0.430073946714401
8.4399995803833,0.326623231172562,0.430103093385696,0.181275352835655,-0.34101390838623,-0.00192974286619574,-0.119805134832859,0.180970996618271,-0.340967983007431,0.181275352835655,-0.34101390838623,0.326359897851944,0.430009543895721,0.181141942739487,-0.341001808643341,-0.00185813056305051,-0.119844794273376,-0.00192974286619574,-0.119805134832859,0.181141942739487,-0.341001808643341,0.32687920331955,0.430081337690353,0.180873036384583,-0.340976983308792,0.180970996618271,-0.340967983007431,-0.00185813056305051,-0.119844794273376,0.180873036384583,-0.340976983308792,0.326984852552414,0.430025577545166
8.44060039520264,0.326988220214844,0.430054724216461,0.18107645213604,-0.34101665019989,-0.00196477747522295,-0.119735866785049,0.180772334337234,-0.340970516204834,0.181076467037201,-0.341016680002213,0.32672506570816,0.429961323738098,0.180943220853806,-0.341004371643066,-0.00189321872312576,-0.119775556027889,-0.00196477747522295,-0.119735859334469,0.180943220853806,-0.341004371643066,0.327244102954865,0.430032730102539,0.180674225091934,-0.340979516506195,0.180772334337234,-0.340970516204834,-0.00189316179603338,-0.11977556347847,0.180674225091934,-0.340979516506195,0.327349603176117,0.429976910352707
8.44120025634766,0.327352941036224,0.430006176233292,0.180877730250359,-0.341019183397293,-0.00199971394613385,-0.11966659873724,0.180573701858521,-0.340972930192947,0.18087774515152,-0.341019213199615,0.327089905738831,0.429912835359573,0.180744364857674,-0.341006934642792,-0.0019282657885924,-0.119706347584724,-0.00199971394613385,-0.11966659873724,0.180744364857674,-0.341006934642792,0.327608793973923,0.429984003305435,0.180475756525993,-0.340981781482697,0.180573701858521,-0.340972930192947,-0.00192826590500772,-0.119706355035305,0.180475756525993,-0.340981781482697,0.327714174985886,0.429928094148636
8.44180011749268,0.327717512845993,0.429957360029221,0.180679038167,-0.341021627187729,-0.00203455192968249,-0.119597367942333,0.18037523329258,-0.340975105762482,0.180679053068161,-0.341021656990051,0.327454507350922,0.429864197969437,0.18054586648941,-0.341009229421616,-0.00196315767243505,-0.11963714659214,-0.00203455192968249,-0.119597367942333,0.18054586648941,-0.341009229421616,0.327973276376724,0.429934978485107,0.180277153849602,-0.340983986854553,0.18037523329258,-0.340975105762482,-0.00196315767243505,-0.119637154042721,0.180277153849602,-0.340983986854553,0.328078657388687,0.429879039525986
8.4423999786377,0.328081756830215,0.429908335208893,0.180480524897575,-0.341023832559586,-0.00206934916786849,-0.119528152048588,0.18017666041851,-0.340977251529694,0.180480539798737,-0.341023862361908,0.32781907916069,0.429815322160721,0.180347219109535,-0.341011434793472,-0.00199806550517678,-0.119567960500717,-0.00206934916786849,-0.119528152048588,0.180347219109535,-0.341011434793472,0.328337609767914,0.42988583445549,0.180078759789467,-0.340985983610153,0.18017666041851,-0.340977251529694,-0.00199806573800743,-0.119567967951298,0.180078744888306,-0.340985953807831,0.32844290137291,0.429829716682434
8.44299983978271,0.328445911407471,0.429859161376953,0.1802818775177,-0.341025948524475,-0.00210404838435352,-0.119458943605423,0.179978415369987,-0.340979069471359,0.180281892418861,-0.341025978326797,0.32818329334259,0.429766267538071,0.180148765444756,-0.34101340174675,-0.00203281827270985,-0.119498804211617,-0.00210404838435352,-0.119458943605423,0.180148765444756,-0.34101340174675,0.328701674938202,0.429836452007294,0.179880350828171,-0.340987831354141,0.179978415369987,-0.340979069471359,-0.00203281850554049,-0.119498811662197,0.179880350828171,-0.340987831354141,0.328806847333908,0.429780304431915
8.44359970092773,0.328809887170792,0.429809719324112,0.180083423852921,-0.34102788567543,-0.00213870662264526,-0.119389750063419,0.179779872298241,-0.34098094701767,0.180083423852921,-0.34102788567543,0.328547328710556,0.429717004299164,0.179950162768364,-0.341015338897705,-0.00206758710555732,-0.119429670274258,-0.00213876366615295,-0.119389750063419,0.179950162768364,-0.341015338897705,0.3290656208992,0.429786801338196,0.179681986570358,-0.34098955988884,0.179779872298241,-0.34098094701767,-0.00206758710555732,-0.119429670274258,0.179681971669197,-0.340989530086517,0.329170674085617,0.429730623960495
8.44419956207275,0.329173654317856,0.429760158061981,0.179884970188141,-0.341029703617096,-0.002173324348405,-0.119320586323738,0.179581671953201,-0.340982496738434,0.179884970188141,-0.341029703617096,0.32891121506691,0.429667502641678,0.179751917719841,-0.341017007827759,-0.00210225791670382,-0.119360536336899,-0.002173324348405,-0.119320586323738,0.179751917719841,-0.341017007827759,0.329429388046265,0.429737031459808,0.179483637213707,-0.340991109609604,0.179581671953201,-0.340982496738434,-0.00210225814953446,-0.119360543787479,0.179483637213707,-0.340991109609604,0.329534322023392,0.429680734872818
8.44480037689209,0.32953730225563,0.429710298776627,0.179686561226845,-0.341031342744827,-0.00220784381963313,-0.11925145983696,0.179383516311646,-0.340983927249908,0.179686576128006,-0.34103137254715,0.329274922609329,0.429617762565613,0.179553538560867,-0.341018557548523,-0.00213683140464127,-0.119291432201862,-0.00220784381963313,-0.11925145983696,0.179553538560867,-0.341018557548523,0.329792857170105,0.429687023162842,0.17928546667099,-0.340992480516434,0.179383516311646,-0.340983927249908,-0.00213683140464127,-0.119291432201862,0.17928546667099,-0.340992480516434,0.329897731542587,0.429630607366562
8.44540023803711,0.329900622367859,0.42966029047966,0.179488494992256,-0.341032683849335,-0.00224232277832925,-0.11918231844902,0.17918536067009,-0.340985208749771,0.179488331079483,-0.341032773256302,0.329638421535492,0.429567903280258,0.179355338215828,-0.341019958257675,-0.00217142095789313,-0.119222335517406,-0.00224232277832925,-0.11918231844902,0.179355338215828,-0.341019958257675,0.330156236886978,0.429636806249619,0.17908750474453,-0.340993613004684,0.17918536067009,-0.340985208749771,-0.00217142095789313,-0.119222335517406,0.17908750474453,-0.340993613004684,0.330260962247849,0.429580360651016
8.44600009918213,0.330263882875443,0.429610043764114,0.179290130734444,-0.341034114360809,-0.00227670418098569,-0.119113206863403,0.178987413644791,-0.340986281633377,0.179290130734444,-0.341034114360809,0.330001711845398,0.429517775774002,0.179156988859177,-0.34102126955986,-0.00220585567876697,-0.119153276085854,-0.00227670418098569,-0.119113206863403,0.179156988859177,-0.34102126955986,0.33051934838295,0.429586350917816,0.178889393806458,-0.340994715690613,0.178987413644791,-0.340986281633377,-0.00220585567876697,-0.119153276085854,0.178889393806458,-0.340994715690613,0.33062407374382,0.429529815912247
8.44659996032715,0.330626785755157,0.429559588432312,0.179091945290565,-0.34103524684906,-0.00231098849326372,-0.119044102728367,0.178789302706718,-0.340987324714661,0.179091960191727,-0.34103524684906,0.330364793539047,0.429467499256134,0.178958997130394,-0.341022282838821,-0.0022402498871088,-0.119084216654301,-0.00231098849326372,-0.119044102728367,0.178958997130394,-0.341022282838821,0.330882281064987,0.429535716772079,0.17869146168232,-0.340995609760284,0.178789466619492,-0.340987235307693,-0.0022402498871088,-0.119084224104881,0.17869146168232,-0.340995609760284,0.330986887216568,0.429479122161865
8.44719982147217,0.330989599227905,0.429508954286575,0.178893953561783,-0.341036230325699,-0.00234528863802552,-0.118975035846233,0.178591385483742,-0.340988129377365,0.178893968462944,-0.341036230325699,0.330727696418762,0.429416984319687,0.178760871291161,-0.34102326631546,-0.00227460381574929,-0.11901517957449,-0.00234528863802552,-0.118975035846233,0.178760871291161,-0.34102326631546,0.33124503493309,0.429484903812408,0.178493544459343,-0.340996354818344,0.178591385483742,-0.340988129377365,-0.00227460381574929,-0.11901517957449,0.178493544459343,-0.340996354818344,0.331349492073059,0.429428219795227
8.44779968261719,0.331352233886719,0.429458111524582,0.178695812821388,-0.34103712439537,-0.00237949122674763,-0.11890597641468,0.178393498063087,-0.340988785028458,0.178695827722549,-0.341037154197693,0.331090331077576,0.429366201162338,0.178563103079796,-0.341023921966553,-0.00230885995551944,-0.11894615739584,-0.00237949122674763,-0.11890597641468,0.178563103079796,-0.341023921966553,0.331607639789581,0.429433822631836,0.178295508027077,-0.340997010469437,0.178393498063087,-0.340988785028458,-0.00230885995551944,-0.11894616484642,0.178295508027077,-0.340997010469437,0.331711947917938,0.42937707901001
8.44839954376221,0.331714481115341,0.429407060146332,0.178497865796089,-0.341037809848785,-0.00241359719075263,-0.118836939334869,0.178195804357529,-0.340989232063293,0.17849788069725,-0.341037839651108,0.331452906131744,0.4293152987957,0.178365021944046,-0.341024607419968,-0.00234301900491118,-0.118877165019512,-0.00241359719075263,-0.118836939334869,0.178365021944046,-0.341024607419968,0.331969946622849,0.429382622241974,0.178097829222679,-0.34099742770195,0.178195804357529,-0.340989232063293,-0.00234301900491118,-0.118877165019512,0.178097814321518,-0.340997397899628,0.332074224948883,0.429325789213181
8.44900035858154,0.332076787948608,0.429355770349503,0.178300097584724,-0.341038256883621,-0.00244766217656434,-0.118767917156219,0.177998125553131,-0.34098955988884,0.178300112485886,-0.341038286685944,0.331815272569656,0.429264158010483,0.178167119622231,-0.341025084257126,-0.00237719435244799,-0.118808180093765,-0.00244766217656434,-0.118767917156219,0.178167119622231,-0.341025084257126,0.332332074642181,0.429331183433533,0.177900150418282,-0.340997695922852,0.177998125553131,-0.34098955988884,-0.00237719435244799,-0.118808187544346,0.177900150418282,-0.340997695922852,0.332436293363571,0.42927423119545
8.44960021972656,0.332438766956329,0.429304301738739,0.178102374076843,-0.34103861451149,-0.00248163053765893,-0.118698909878731,0.177800476551056,-0.340989768505096,0.178102374076843,-0.34103861451149,0.332177340984344,0.429212898015976,0.177969411015511,-0.341025352478027,-0.00241127237677574,-0.11873921751976,-0.00248163053765893,-0.118698909878731,0.177969411015511,-0.341025352478027,0.332694053649902,0.429279506206512,0.177702516317368,-0.340997815132141,0.177800476551056,-0.340989768505096,-0.00241127237677574,-0.11873921751976,0.177702501416206,-0.340997785329819,0.332798153162003,0.42922255396843
8.45020008087158,0.332800567150116,0.429252654314041,0.177904650568962,-0.341038823127747,-0.00251555815339088,-0.118629924952984,0.177602842450142,-0.340989828109741,0.177904665470123,-0.341038852930069,0.332539260387421,0.429161310195923,0.177771717309952,-0.341025471687317,-0.00244525354355574,-0.118670262396336,-0.00251555815339088,-0.118629924952984,0.177771717309952,-0.341025471687317,0.333055853843689,0.42922767996788,0.177504897117615,-0.340997785329819,0.177602842450142,-0.340989828109741,-0.00244525377638638,-0.118670269846916,0.177504882216454,-0.340997785329819,0.3331598341465,0.42917063832283
8.4507999420166,0.333162128925323,0.429200798273087,0.177706822752953,-0.341038972139359,-0.00254938937723637,-0.118560954928398,0.177405402064323,-0.340989649295807,0.177706822752953,-0.341038972139359,0.33290097117424,0.429109543561935,0.17757423222065,-0.34102538228035,-0.00247919443063438,-0.118601329624653,-0.00254938937723637,-0.118560954928398,0.17757423222065,-0.34102538228035,0.333417326211929,0.429175615310669,0.177307471632957,-0.340997576713562,0.177405416965485,-0.340989679098129,-0.00247919466346502,-0.118601337075233,0.177307471632957,-0.340997576713562,0.333521246910095,0.429118454456329
8.45139980316162,0.333523571491241,0.42914867401123,0.177509307861328,-0.341038823127747,-0.00258323666639626,-0.118492014706135,0.177207827568054,-0.340989470481873,0.177509322762489,-0.341038852930069,0.333262503147125,0.429057627916336,0.177376598119736,-0.341025233268738,-0.00251303869299591,-0.118532426655293,-0.00258323643356562,-0.118492007255554,0.177376598119736,-0.341025233268738,0.33377867937088,0.429123371839523,0.177110061049461,-0.340997219085693,0.177207827568054,-0.340989470481873,-0.00251303869299591,-0.118532434105873,0.177110061049461,-0.340997219085693,0.333882480859756,0.429066151380539
8.45199966430664,0.333884686231613,0.429096430540085,0.177311673760414,-0.341038644313812,-0.00261693075299263,-0.118423067033291,0.177010431885719,-0.340989023447037,0.177311673760414,-0.341038644313812,0.333623766899109,0.429005473852158,0.177178993821144,-0.341024965047836,-0.00254684244282544,-0.118463538587093,-0.00261693075299263,-0.118423067033291,0.177178993821144,-0.341024965047836,0.334139823913574,0.429070889949799,0.176912680268288,-0.340996712446213,0.177010431885719,-0.340989023447037,-0.00254684244282544,-0.118463538587093,0.176912680268288,-0.340996712446213,0.334243595600128,0.429013609886169
8.45259952545166,0.334245711565018,0.42904394865036,0.177114233374596,-0.341038227081299,-0.00265058455988765,-0.118354171514511,0.176813080906868,-0.340988487005234,0.177114233374596,-0.341038227081299,0.333984881639481,0.428953140974045,0.176981568336487,-0.341024488210678,-0.00258060614578426,-0.118394672870636,-0.00265058455988765,-0.118354164063931,0.176981568336487,-0.341024488210678,0.334500908851624,0.42901822924614,0.176715493202209,-0.340996026992798,0.176813080906868,-0.340988487005234,-0.00258060614578426,-0.118394672870636,0.176715478301048,-0.340995997190475,0.334604531526566,0.428960889577866
8.453200340271,0.33460658788681,0.428991287946701,0.17691695690155,-0.341037601232529,-0.00268414197489619,-0.11828526109457,0.176615908741951,-0.340987712144852,0.17691695690155,-0.341037601232529,0.334345877170563,0.428900569677353,0.176784187555313,-0.341023862361908,-0.00261427299119532,-0.118325807154179,-0.00268414197489619,-0.11828526109457,0.176784187555313,-0.341023862361908,0.334861606359482,0.428965330123901,0.176518157124519,-0.340995252132416,0.176615908741951,-0.340987712144852,-0.00261427322402596,-0.118325814604759,0.176518157124519,-0.340995252132416,0.334965109825134,0.428907960653305
8.45380020141602,0.334967195987701,0.428938508033752,0.176719546318054,-0.341036885976791,-0.00271769054234028,-0.118216380476952,0.176418721675873,-0.340986728668213,0.176719546318054,-0.341036885976791,0.334706753492355,0.42884773015976,0.176586955785751,-0.341022968292236,-0.00264787464402616,-0.118256963789463,-0.00271771871484816,-0.118216387927532,0.176586955785751,-0.341022968292236,0.335222363471985,0.428912281990051,0.176320999860764,-0.340994268655777,0.176418721675873,-0.340986728668213,-0.0026478748768568,-0.118256971240044,0.176320999860764,-0.340994268655777,0.335325717926025,0.428854823112488
8.45440006256104,0.33532777428627,0.428885251283646,0.176522344350815,-0.34103599190712,-0.00275113992393017,-0.118147522211075,0.176221683621407,-0.340985655784607,0.176522359251976,-0.34103599190712,0.335067301988602,0.428794771432877,0.176389783620834,-0.341022044420242,-0.00268143368884921,-0.118188142776489,-0.00275116809643805,-0.118147522211075,0.176389783620834,-0.341022044420242,0.335582554340363,0.428859114646912,0.176123902201653,-0.340993165969849,0.176221683621407,-0.340985655784607,-0.00268137757666409,-0.11818815767765,0.176123887300491,-0.340993106365204,0.335686087608337,0.428801387548447
8.45499992370605,0.335687965154648,0.428832024335861,0.176325157284737,-0.341034919023514,-0.00278454902581871,-0.11807868629694,0.176024660468102,-0.340984463691711,0.176325172185898,-0.341034948825836,0.335427463054657,0.428741782903671,0.176192626357079,-0.341020882129669,-0.00271486793644726,-0.118119351565838,-0.00278454902581871,-0.11807868629694,0.176192626357079,-0.341020882129669,0.33594274520874,0.428805619478226,0.175926864147186,-0.340991854667664,0.176024660468102,-0.340984463691711,-0.00271486793644726,-0.118119351565838,0.175926953554153,-0.340991854667664,0.336046010255814,0.428747922182083
8.45559978485107,0.336047947406769,0.428778558969498,0.176128074526787,-0.341033756732941,-0.0028178624343127,-0.118009857833385,0.175827756524086,-0.340983092784882,0.176128074526787,-0.341033756732941,0.335787624120712,0.428688436746597,0.175995573401451,-0.341019660234451,-0.00274826237000525,-0.118050567805767,-0.0028178624343127,-0.118009857833385,0.175995573401451,-0.341019660234451,0.33630296587944,0.428751826286316,0.175729975104332,-0.340990394353867,0.175827756524086,-0.340983092784882,-0.00274826237000525,-0.118050567805767,0.175729975104332,-0.340990394353867,0.336406022310257,0.428694188594818
8.45619964599609,0.336407899856567,0.428724765777588,0.175931021571159,-0.341032415628433,-0.00285110762342811,-0.117941066622734,0.175630867481232,-0.34098157286644,0.175931036472321,-0.341032445430756,0.336147725582123,0.428634703159332,0.175798550248146,-0.341018229722977,-0.00278161675669253,-0.117981791496277,-0.00285113556310534,-0.117941059172153,0.175798550248146,-0.341018229722977,0.336662530899048,0.428698122501373,0.175533100962639,-0.34098881483078,0.175630867481232,-0.34098157286644,-0.00278161698952317,-0.117981798946857,0.175533100962639,-0.34098881483078,0.336765557527542,0.428640335798264
8.45680046081543,0.336767464876175,0.428670972585678,0.17573407292366,-0.341030925512314,-0.00288431299850345,-0.117872275412083,0.1754340082407,-0.340979903936386,0.175734087824821,-0.341030955314636,0.336507230997086,0.428581118583679,0.175601631402969,-0.34101665019989,-0.00281487521715462,-0.11791305243969,-0.00288431299850345,-0.117872275412083,0.175601631402969,-0.34101665019989,0.337022304534912,0.42864391207695,0.175336331129074,-0.340987086296082,0.1754340082407,-0.340979903936386,-0.00281487521715462,-0.11791305243969,0.175336331129074,-0.340987086296082,0.337125301361084,0.428586035966873
8.45740032196045,0.337127029895782,0.4286168217659,0.175537154078484,-0.34102925658226,-0.0029174224473536,-0.117803499102592,0.175237327814102,-0.340978056192398,0.175537154078484,-0.34102925658226,0.336866736412048,0.42852720618248,0.175404816865921,-0.341014951467514,-0.00284809409640729,-0.117844305932522,-0.0029174224473536,-0.117803499102592,0.175404816865921,-0.341014951467514,0.337381660938263,0.428589701652527,0.175139576196671,-0.340985208749771,0.175237327814102,-0.340978056192398,-0.00284809432923794,-0.117844313383102,0.175139576196671,-0.340985208749771,0.337484389543533,0.428531795740128
8.45800018310547,0.337486118078232,0.428562611341476,0.175340414047241,-0.341027468442917,-0.00295049208216369,-0.117734752595425,0.175040692090988,-0.34097608923912,0.175340414047241,-0.341027468442917,0.337226241827011,0.428472936153412,0.175208032131195,-0.341013044118881,-0.00288121681660414,-0.117775604128838,-0.00295049208216369,-0.117734752595425,0.175208032131195,-0.341013044118881,0.337740778923035,0.428535282611847,0.174942955374718,-0.340983122587204,0.175040692090988,-0.34097608923912,-0.00288121681660414,-0.117775604128838,0.174942940473557,-0.340983122587204,0.337843507528305,0.428477317094803
8.45860004425049,0.337845265865326,0.428508102893829,0.175143629312515,-0.341025471687317,-0.00298349419608712,-0.117666028439999,0.174844071269035,-0.340973943471909,0.175143629312515,-0.341025471687317,0.33758533000946,0.428418666124344,0.175011366605759,-0.341011017560959,-0.00291429995559156,-0.117706902325153,-0.00298352213576436,-0.117666020989418,0.175011366605759,-0.341011017560959,0.33809968829155,0.42848065495491,0.174746334552765,-0.34098094701767,0.174844071269035,-0.340973943471909,-0.00291429995559156,-0.117706902325153,0.174746334552765,-0.34098094701767,0.338202387094498,0.428422570228577
8.45919990539551,0.338203936815262,0.428453505039215,0.174946948885918,-0.341023355722427,-0.00301642855629325,-0.117597296833992,0.174647480249405,-0.340971648693085,0.174946963787079,-0.34102338552475,0.337944388389587,0.428364038467407,0.174814715981483,-0.341008812189102,-0.00294728740118444,-0.117638222873211,-0.00301642855629325,-0.117597296833992,0.174814715981483,-0.341008812189102,0.338458597660065,0.42842572927475,0.174549832940102,-0.340978592634201,0.174647569656372,-0.340971648693085,-0.00294728763401508,-0.117638230323792,0.17454981803894,-0.340978562831879,0.338561058044434,0.428367614746094
8.45979976654053,0.338562667369843,0.428398668766022,0.174750372767448,-0.341021090745926,-0.00304929539561272,-0.11752861738205,0.174451068043709,-0.340969204902649,0.17475038766861,-0.341021120548248,0.338303029537201,0.428309381008148,0.174618080258369,-0.341006457805634,-0.00298023549839854,-0.117569580674171,-0.00304929539561272,-0.11752861738205,0.174618080258369,-0.341006457805634,0.338817119598389,0.428370743989944,0.174353435635567,-0.340976059436798,0.174451068043709,-0.340969204902649,-0.00298023549839854,-0.117569580674171,0.174353435635567,-0.340976029634476,0.338919758796692,0.428312391042709
8.46039962768555,0.338921129703522,0.428343564271927,0.174553751945496,-0.341018676757813,-0.00308209494687617,-0.117459930479527,0.174254685640335,-0.340966582298279,0.174553751945496,-0.341018676757813,0.338661670684814,0.428254365921021,0.174421653151512,-0.341003984212875,-0.0030131156090647,-0.117500938475132,-0.00308209494687617,-0.117459930479527,0.174421653151512,-0.341003984212875,0.339175641536713,0.428315430879593,0.174157068133354,-0.340973407030106,0.174254685640335,-0.340966582298279,-0.00301311584189534,-0.117500945925713,0.174157068133354,-0.340973377227783,0.339278012514114,0.428257137537003
8.46100044250488,0.33927920460701,0.42828842997551,0.174357295036316,-0.341016083955765,-0.00311479903757572,-0.117391273379326,0.17405840754509,-0.340963840484619,0.174357309937477,-0.341016113758087,0.339020133018494,0.428199201822281,0.174225240945816,-0.34100130200386,-0.00304592866450548,-0.117432326078415,-0.00311482697725296,-0.117391273379326,0.174225240945816,-0.34100130200386,0.339533895254135,0.428259909152985,0.173960730433464,-0.340970546007156,0.17405840754509,-0.340963840484619,-0.00304592866450548,-0.117432326078415,0.173960730433464,-0.340970546007156,0.339636027812958,0.428201675415039
8.4616003036499,0.33963742852211,0.428232789039612,0.174160897731781,-0.341013371944427,-0.00314746354706585,-0.117322631180286,0.173862174153328,-0.340960949659348,0.174160912632942,-0.34101340174675,0.339378327131271,0.428143799304962,0.174028858542442,-0.340998500585556,-0.00307867396622896,-0.117363706231117,-0.00314749148674309,-0.117322638630867,0.174028858542442,-0.340998500585556,0.339891761541367,0.428204417228699,0.173764571547508,-0.34096759557724,0.173862174153328,-0.340960949659348,-0.00307867419905961,-0.117363713681698,0.173764571547508,-0.34096759557724,0.339994072914124,0.428145855665207
8.46220016479492,0.339995265007019,0.428177177906036,0.17396467924118,-0.341010481119156,-0.00318008870817721,-0.117254003882408,0.173666030168533,-0.340957820415497,0.173964694142342,-0.341010510921478,0.339736133813858,0.428088396787643,0.173832595348358,-0.340995520353317,-0.00311135221272707,-0.117295116186142,-0.00318008870817721,-0.117254003882408,0.173832595348358,-0.340995520353317,0.340249806642532,0.428148418664932,0.173568367958069,-0.340964496135712,0.173666030168533,-0.340957820415497,-0.00311135221272707,-0.117295116186142,0.173568367958069,-0.340964466333389,0.340351849794388,0.42808985710144
8.46280002593994,0.340352922677994,0.428121358156204,0.173768401145935,-0.34100741147995,-0.00321261887438595,-0.117185406386852,0.173469930887222,-0.340954631567001,0.173768416047096,-0.341007441282272,0.340094119310379,0.428032517433167,0.173636347055435,-0.340992420911789,-0.00314396293833852,-0.117226555943489,-0.00321261887438595,-0.117185406386852,0.173636347055435,-0.340992420911789,0.340607225894928,0.428092509508133,0.173372358083725,-0.340961188077927,0.173469930887222,-0.340954631567001,-0.00314396293833852,-0.117226555943489,0.173372358083725,-0.340961188077927,0.340709269046783,0.428033858537674
8.46339988708496,0.340710312128067,0.428065359592438,0.173572227358818,-0.341004222631454,-0.00324508175253868,-0.117116816341877,0.173273921012878,-0.340951263904572,0.173572242259979,-0.341004252433777,0.34045147895813,0.427976757287979,0.173440203070641,-0.340989142656326,-0.00317653454840183,-0.117158003151417,-0.00324510969221592,-0.117116808891296,0.173440203070641,-0.340989142656326,0.34096485376358,0.428036123514175,0.173176288604736,-0.34095773100853,0.173273921012878,-0.340951263904572,-0.00317653478123248,-0.117158010601997,0.173176273703575,-0.340957701206207,0.341066658496857,0.427977502346039
8.46399974822998,0.341067731380463,0.428009003400803,0.173376157879829,-0.341000854969025,-0.00327750528231263,-0.117048241198063,0.173077940940857,-0.34094774723053,0.173376172780991,-0.341000884771347,0.340809047222137,0.427920490503311,0.173244088888168,-0.340985715389252,-0.0032089832238853,-0.117089465260506,-0.00327750528231263,-0.117048241198063,0.173244088888168,-0.340985715389252,0.341322064399719,0.427979677915573,0.172980397939682,-0.340954154729843,0.173077940940857,-0.34094774723053,-0.00320898345671594,-0.117089472711086,0.172980397939682,-0.340954124927521,0.341423630714417,0.427921146154404
8.464599609375,0.341424912214279,0.427952468395233,0.173180058598518,-0.340997368097305,-0.00330986198969185,-0.116979688405991,0.172882094979286,-0.340944081544876,0.173180058598518,-0.340997368097305,0.341166198253632,0.427864223718643,0.173048168420792,-0.340982139110565,-0.00324144819751382,-0.117020949721336,-0.00330986198969185,-0.116979688405991,0.173048168420792,-0.340982139110565,0.341679036617279,0.427923113107681,0.17278453707695,-0.340950399637222,0.172882094979286,-0.340944081544876,-0.00324142049066722,-0.117020957171917,0.17278453707695,-0.3409503698349,0.341780751943588,0.427864253520966
8.46520042419434,0.341781675815582,0.427895933389664,0.17298412322998,-0.340993732213974,-0.00334212393499911,-0.116911165416241,0.172686249017715,-0.340940237045288,0.172984138131142,-0.340993762016296,0.341523110866547,0.427807748317719,0.172852262854576,-0.340978384017944,-0.00327376299537718,-0.116952463984489,-0.00334212393499911,-0.116911165416241,0.172852262854576,-0.340978384017944,0.342035800218582,0.427866339683533,0.172588720917702,-0.340946525335312,0.172686249017715,-0.340940237045288,-0.00327376299537718,-0.116952463984489,0.172588720917702,-0.34094649553299,0.342137515544891,0.42780739068985
8.46580028533936,0.342138409614563,0.427839040756226,0.172788217663765,-0.340989917516708,-0.00337434676475823,-0.116842642426491,0.172490581870079,-0.340936243534088,0.172788232564926,-0.340989917516708,0.341879844665527,0.427751094102859,0.172656401991844,-0.340974509716034,-0.00330606638453901,-0.116883978247643,-0.00337434676475823,-0.116842649877071,0.172656401991844,-0.340974509716034,0.342392385005951,0.42780938744545,0.172392994165421,-0.340942472219467,0.172490581870079,-0.340936243534088,-0.00330606661736965,-0.116883985698223,0.172393068671227,-0.340942442417145,0.342494010925293,0.427750289440155
8.46640014648438,0.342494964599609,0.427781999111176,0.172592446208,-0.340985953807831,-0.00340647483244538,-0.116774149239063,0.17229488492012,-0.340932130813599,0.172592461109161,-0.340985983610153,0.342236548662186,0.427694141864777,0.172460570931435,-0.340970486402512,-0.00333830271847546,-0.116815514862537,-0.00340647483244538,-0.116774149239063,0.172460570931435,-0.340970486402512,0.342748910188675,0.427752107381821,0.172197312116623,-0.34093827009201,0.17229488492012,-0.340932130813599,-0.0033383029513061,-0.116815522313118,0.172197371721268,-0.340938240289688,0.342850297689438,0.427693068981171
8.46700000762939,0.342851281166077,0.427724748849869,0.172396674752235,-0.340981811285019,-0.0034385637845844,-0.116705663502216,0.172099307179451,-0.340927809476852,0.172396689653397,-0.340981841087341,0.342593014240265,0.427636921405792,0.172264918684959,-0.340966284275055,-0.00337047269567847,-0.116747081279755,-0.0034385637845844,-0.116705663502216,0.172264918684959,-0.340966284275055,0.343105226755142,0.427694618701935,0.17200180888176,-0.340933918952942,0.172099307179451,-0.340927809476852,-0.00337044475600123,-0.116747081279755,0.17200180888176,-0.340933918952942,0.343206435441971,0.42763563990593
8.46759986877441,0.343207150697708,0.427667498588562,0.17220102250576,-0.340977549552917,-0.00347058661282063,-0.116637207567692,0.171903818845749,-0.340923398733139,0.172201037406921,-0.34097757935524,0.34294930100441,0.427579611539841,0.172069281339645,-0.340961933135986,-0.00340257561765611,-0.116678655147552,-0.00347058661282063,-0.116637207567692,0.172069281339645,-0.340961933135986,0.343461155891418,0.427637159824371,0.171806335449219,-0.340929418802261,0.171903818845749,-0.340923398733139,-0.00340257561765611,-0.116678655147552,0.171806320548058,-0.340929359197617,0.343562453985214,0.42757785320282
8.46819972991943,0.34356302022934,0.427609890699387,0.172005489468575,-0.340973138809204,-0.00350254238583148,-0.116568751633167,0.171708360314369,-0.340918779373169,0.172005400061607,-0.340973168611526,0.343305140733719,0.427522212266922,0.171873688697815,-0.340957462787628,-0.00343458377756178,-0.116610243916512,-0.00350254238583148,-0.116568751633167,0.171873688697815,-0.340957462787628,0.343817055225372,0.427579313516617,0.171610876917839,-0.340924739837646,0.171708360314369,-0.340918779373169,-0.00343458401039243,-0.116610251367092,0.171610876917839,-0.340924739837646,0.343918174505234,0.427520096302032
8.46879959106445,0.343918710947037,0.427552103996277,0.171809956431389,-0.340968549251556,-0.00353443156927824,-0.116500332951546,0.171513006091118,-0.340914011001587,0.17180997133255,-0.340968579053879,0.343660980463028,0.427464574575424,0.171678304672241,-0.340952813625336,-0.00346655352041125,-0.116541855037212,-0.00353443156927824,-0.116500332951546,0.171678304672241,-0.340952813625336,0.344172686338425,0.427521288394928,0.171415463089943,-0.340919941663742,0.171513006091118,-0.340914011001587,-0.00346655352041125,-0.116541862487793,0.171415463089943,-0.340919941663742,0.344273775815964,0.427461922168732
8.46940040588379,0.344274371862411,0.427493989467621,0.171614468097687,-0.340963870286942,-0.00356625416316092,-0.116431929171085,0.17131769657135,-0.34090918302536,0.171614468097687,-0.340963870286942,0.344016820192337,0.427406489849091,0.1714828312397,-0.340947985649109,-0.00349848438054323,-0.116473481059074,-0.00356625416316092,-0.116431929171085,0.1714828312397,-0.340947985649109,0.344528168439865,0.427463114261627,0.171220228075981,-0.340914964675903,0.171317771077156,-0.340909153223038,-0.00349845667369664,-0.116473495960236,0.171220228075981,-0.340914964675903,0.344628989696503,0.427403807640076
8.47000026702881,0.34462958574295,0.427435845136642,0.171419098973274,-0.340958952903748,-0.0035980383399874,-0.116363540291786,0.171122476458549,-0.340904086828232,0.171419113874435,-0.34095898270607,0.344372004270554,0.427348613739014,0.171287477016449,-0.340943038463593,-0.00353029323741794,-0.116405136883259,-0.0035980383399874,-0.116363540291786,0.171287477016449,-0.340943038463593,0.344883382320404,0.42740473151207,0.171025037765503,-0.340909838676453,0.171122476458549,-0.340904057025909,-0.00353029347024858,-0.116405144333839,0.171025037765503,-0.340909838676453,0.344984203577042,0.427345365285873
8.47060012817383,0.344984620809555,0.427377581596375,0.171223819255829,-0.340953916311264,-0.00362972822040319,-0.116295173764229,0.170927375555038,-0.340898901224136,0.17122383415699,-0.340953946113586,0.34472718834877,0.427290380001068,0.171092242002487,-0.340937912464142,-0.00356206344440579,-0.116336800158024,-0.00362972822040319,-0.116295173764229,0.171092242002487,-0.340937912464142,0.345238447189331,0.427346229553223,0.170829877257347,-0.340904623270035,0.170927375555038,-0.340898901224136,-0.00356206367723644,-0.116336807608604,0.170829936861992,-0.34090456366539,0.345339387655258,0.427286565303802
8.47119998931885,0.345339834690094,0.427318781614304,0.171028584241867,-0.340948760509491,-0.00366135174408555,-0.116226814687252,0.17073230445385,-0.340893536806107,0.171028584241867,-0.340948760509491,0.34508216381073,0.427231997251511,0.170897021889687,-0.340932697057724,-0.00359379500150681,-0.116268485784531,-0.00366135174408555,-0.116226814687252,0.170897021889687,-0.340932697057724,0.345593214035034,0.427287518978119,0.170634895563126,-0.340899169445038,0.17073230445385,-0.340893536806107,-0.00359376752749085,-0.116268485784531,0.170634895563126,-0.340899169445038,0.345694184303284,0.427227705717087
8.47179985046387,0.345694422721863,0.427260100841522,0.170833379030228,-0.340943455696106,-0.0036929368507117,-0.116158477962017,0.170537263154984,-0.340888053178787,0.170833379030228,-0.340943455696106,0.345436900854111,0.427173405885696,0.170701920986176,-0.340927273035049,-0.00362543272785842,-0.116200193762779,-0.0036929368507117,-0.116158477962017,0.170701920986176,-0.340927273035049,0.345947831869125,0.427228659391403,0.170439854264259,-0.340893596410751,0.170537263154984,-0.340888053178787,-0.00362543272785842,-0.116200186312199,0.170439839363098,-0.340893566608429,0.346048712730408,0.427168726921082
8.47239971160889,0.346049010753632,0.427201151847839,0.170638337731361,-0.340937942266464,-0.00372442789375782,-0.116090163588524,0.170342326164246,-0.340882360935211,0.170638352632523,-0.340937942266464,0.345791816711426,0.427114307880402,0.170506939291954,-0.340921729803085,-0.00365703133866191,-0.116131916642189,-0.00372445560060441,-0.116090171039104,0.170506939291954,-0.340921729803085,0.346302419900894,0.427169442176819,0.170244932174683,-0.340887874364853,0.170342400670052,-0.340882360935211,-0.00365700363181531,-0.116131909191608,0.170245006680489,-0.340887844562531,0.346402853727341,0.427109718322754
8.47299957275391,0.346403151750565,0.427142113447189,0.17044335603714,-0.340932309627533,-0.00375588098540902,-0.116021871566772,0.170147493481636,-0.340876549482346,0.17044335603714,-0.340932309627533,0.346145957708359,0.427055567502975,0.170311897993088,-0.340916007757187,-0.00368853658437729,-0.116063632071018,-0.00375588098540902,-0.116021871566772,0.170311897993088,-0.340916007757187,0.346656769514084,0.4271100461483,0.170050129294395,-0.340882003307343,0.170147493481636,-0.340876549482346,-0.00368853681720793,-0.116063639521599,0.170050114393234,-0.34088197350502,0.346756964921951,0.42705038189888
8.47360038757324,0.346757262945175,0.427082777023315,0.17024838924408,-0.340926498174667,-0.00378724001348019,-0.115953594446182,0.16995270550251,-0.34087061882019,0.170248404145241,-0.34092652797699,0.346500247716904,0.426996290683746,0.170117050409317,-0.340910166501999,-0.00372000364586711,-0.115995407104492,-0.00378724001348019,-0.115953594446182,0.170117050409317,-0.340910166501999,0.347010880708694,0.427050471305847,0.169855326414108,-0.34087598323822,0.16995270550251,-0.34087061882019,-0.00372000387869775,-0.115995414555073,0.169855326414108,-0.340875953435898,0.347111076116562,0.42699071764946
8.47420024871826,0.347111374139786,0.427023142576218,0.170053526759148,-0.340920567512512,-0.00381856062449515,-0.115885324776173,0.169758021831512,-0.340864509344101,0.170053541660309,-0.340920597314835,0.346854329109192,0.426936864852905,0.169922217726707,-0.340904146432877,-0.00375137687660754,-0.115927167236805,-0.00381856062449515,-0.115885324776173,0.169922217726707,-0.340904146432877,0.347364574670792,0.426990926265717,0.169660657644272,-0.340869814157486,0.169758021831512,-0.340864509344101,-0.00375137710943818,-0.115927174687386,0.169660657644272,-0.340869784355164,0.347464948892593,0.426930844783783
8.47480010986328,0.347464859485626,0.426963597536087,0.169858783483505,-0.340914487838745,-0.0038498155772686,-0.115817084908485,0.169563367962837,-0.3408582508564,0.169858798384666,-0.340914517641068,0.347208380699158,0.426877111196518,0.169727429747581,-0.340897977352142,-0.00378273939713836,-0.115858972072601,-0.0038498155772686,-0.115817077457905,0.169727429747581,-0.340897977352142,0.347718298435211,0.426931023597717,0.169466018676758,-0.34086349606514,0.169563367962837,-0.3408582508564,-0.00378271169029176,-0.115858964622021,0.169466093182564,-0.340863466262817,0.347818404436111,0.426871001720428
8.4753999710083,0.347818523645401,0.426903575658798,0.169663980603218,-0.340908229351044,-0.00388100487180054,-0.115748859941959,0.16936881840229,-0.340851843357086,0.169663995504379,-0.340908259153366,0.347561836242676,0.42681747674942,0.16953282058239,-0.340891629457474,-0.00381400808691978,-0.115790769457817,-0.00388100487180054,-0.115748859941959,0.16953282058239,-0.340891629457474,0.348071783781052,0.426870942115784,0.169271469116211,-0.340856969356537,0.16936881840229,-0.340851843357086,-0.00381398061290383,-0.115790776908398,0.169271558523178,-0.340856969356537,0.348172068595886,0.426810622215271
8.47599983215332,0.348171800374985,0.426843553781509,0.169469386339188,-0.340901851654053,-0.00391212804242969,-0.115680657327175,0.169174373149872,-0.340845257043839,0.169469386339188,-0.340901851654053,0.347915470600128,0.426757365465164,0.169338151812553,-0.340885192155838,-0.00384518341161311,-0.115722604095936,-0.00391215551644564,-0.115680649876595,0.169338151812553,-0.340885192155838,0.34842523932457,0.426810532808304,0.169077053666115,-0.340850353240967,0.169174373149872,-0.340845257043839,-0.00384518364444375,-0.115722611546516,0.169077053666115,-0.340850353240967,0.348525077104568,0.42675045132637
8.47659969329834,0.348525017499924,0.426783174276352,0.169274806976318,-0.340895295143127,-0.00394318485632539,-0.115612462162971,0.16897988319397,-0.340838521718979,0.169274806976318,-0.34089532494545,0.348268657922745,0.426697254180908,0.169143706560135,-0.340878546237946,-0.00387634802609682,-0.115654446184635,-0.00394318485632539,-0.115612454712391,0.169143706560135,-0.340878546237946,0.348778277635574,0.426750123500824,0.168882578611374,-0.340843588113785,0.16897988319397,-0.340838521718979,-0.00387632101774216,-0.115654453635216,0.168882578611374,-0.340843588113785,0.348878085613251,0.426689922809601
8.47719955444336,0.348877817392349,0.42672273516655,0.169080346822739,-0.340888619422913,-0.00397417694330215,-0.11554428935051,0.168785586953163,-0.34083166718483,0.1690803617239,-0.340888649225235,0.34862157702446,0.42663699388504,0.16894918680191,-0.340871810913086,-0.003907420206815,-0.115586310625076,-0.00397417694330215,-0.11554428935051,0.16894918680191,-0.340871810913086,0.349131137132645,0.426689505577087,0.168688297271729,-0.340836644172668,0.168785586953163,-0.34083166718483,-0.003907420206815,-0.115586318075657,0.168688297271729,-0.340836644172668,0.349230736494064,0.426629215478897
8.4778003692627,0.349230647087097,0.426662117242813,0.16888590157032,-0.340881764888763,-0.00400513084605336,-0.11547613888979,0.168591320514679,-0.340824663639069,0.168885916471481,-0.340881794691086,0.34897443652153,0.426576465368271,0.168754771351814,-0.340864896774292,-0.0039384257979691,-0.115518197417259,-0.00400513084605336,-0.11547614634037,0.168754860758781,-0.340864896774292,0.349483668804169,0.426628649234772,0.168494045734406,-0.340829581022263,0.168591320514679,-0.340824633836746,-0.0039384257979691,-0.115518197417259,0.168494030833244,-0.34082955121994,0.349583387374878,0.426568299531937
8.47840023040771,0.349583208560944,0.426601260900497,0.168691575527191,-0.340874791145325,-0.00403599161654711,-0.115408010780811,0.168397158384323,-0.340817511081696,0.168691590428352,-0.340874820947647,0.349327087402344,0.426515698432922,0.168560490012169,-0.340857863426208,-0.00396939367055893,-0.115450099110603,-0.00403599161654711,-0.115408003330231,0.168560490012169,-0.340857863426208,0.34983628988266,0.426567643880844,0.168299898505211,-0.340822339057922,0.168397158384323,-0.340817511081696,-0.00396939413622022,-0.115450106561184,0.168299898505211,-0.340822339057922,0.34993577003479,0.426507234573364
8.47900009155273,0.349935561418533,0.426540225744247,0.168497279286385,-0.340867638587952,-0.00406681420281529,-0.115339882671833,0.16820302605629,-0.340810179710388,0.168497294187546,-0.340867668390274,0.349679499864578,0.426454812288284,0.168366298079491,-0.340850621461868,-0.00400026887655258,-0.115382023155689,-0.00406681420281529,-0.115339882671833,0.168366298079491,-0.340850621461868,0.35018852353096,0.426506459712982,0.1681057959795,-0.340814977884293,0.16820302605629,-0.340810179710388,-0.00400026887655258,-0.115382023155689,0.168105781078339,-0.34081494808197,0.350287973880768,0.426445960998535
8.47959995269775,0.350287705659866,0.426479041576385,0.168303161859512,-0.340860307216644,-0.00409754412248731,-0.115271791815758,0.168009027838707,-0.340802758932114,0.168303176760674,-0.340860337018967,0.350031822919846,0.426393687725067,0.168172061443329,-0.340843230485916,-0.00403110543265939,-0.115313954651356,-0.00409754412248731,-0.115271791815758,0.168172061443329,-0.340843230485916,0.350540667772293,0.426445037126541,0.167911782860756,-0.340807467699051,0.168009027838707,-0.340802729129791,-0.00403107795864344,-0.115313947200775,0.167911767959595,-0.340807437896729,0.350639998912811,0.426384508609772
8.48019981384277,0.35063961148262,0.426417648792267,0.168109014630318,-0.34085288643837,-0.00412823585793376,-0.115203708410263,0.167815029621124,-0.340795129537582,0.168109029531479,-0.340852916240692,0.350383937358856,0.42633244395256,0.167978018522263,-0.340835720300674,-0.00406184978783131,-0.115245901048183,-0.00412823585793376,-0.115203708410263,0.167978018522263,-0.340835720300674,0.350892513990402,0.426383495330811,0.167717799544334,-0.340799778699875,0.167815029621124,-0.340795129537582,-0.00406185025349259,-0.115245908498764,0.167717799544334,-0.340799748897552,0.350991755723953,0.426322817802429
8.48079967498779,0.350991308689117,0.426356047391891,0.167914971709251,-0.340845286846161,-0.00415886240079999,-0.115135632455349,0.167621165513992,-0.340787380933762,0.167914986610413,-0.340845316648483,0.350735783576965,0.426270991563797,0.167784005403519,-0.340828061103821,-0.00409255595877767,-0.115177869796753,-0.00415886240079999,-0.115135632455349,0.167784005403519,-0.340828061103821,0.351244211196899,0.426321744918823,0.167523950338364,-0.340791970491409,0.167621165513992,-0.340787380933762,-0.00409255642443895,-0.115177877247334,0.16752402484417,-0.340791940689087,0.351343303918839,0.426261007785797
8.48139953613281,0.351342886686325,0.426294267177582,0.167721033096313,-0.340837568044662,-0.00418942421674728,-0.115067593753338,0.167427316308022,-0.340779453516006,0.167721033096313,-0.340837568044662,0.351087391376495,0.426209330558777,0.167590096592903,-0.340820223093033,-0.0041231969371438,-0.115109860897064,-0.00418942421674728,-0.115067593753338,0.167590111494064,-0.340820252895355,0.351595789194107,0.426259785890579,0.167330101132393,-0.340783953666687,0.167427316308022,-0.340779453516006,-0.00412316992878914,-0.115109868347645,0.16733019053936,-0.340783953666687,0.351694792509079,0.426198989152908
8.48200035095215,0.351694285869598,0.426232308149338,0.167527139186859,-0.340829640626907,-0.00421992037445307,-0.114999569952488,0.167233571410179,-0.340771377086639,0.16752715408802,-0.34082967042923,0.351438939571381,0.4261474609375,0.167396232485771,-0.340812265872955,-0.00415377272292972,-0.115041874349117,-0.00421992037445307,-0.114999569952488,0.167396232485771,-0.340812265872955,0.351947128772736,0.426197677850723,0.167136386036873,-0.34077587723732,0.167233571410179,-0.340771377086639,-0.00415374571457505,-0.115041881799698,0.16713647544384,-0.340775847434998,0.352046012878418,0.426136821508408
8.48260021209717,0.352045506238937,0.426170200109482,0.167333334684372,-0.34082156419754,-0.00425035133957863,-0.11493156850338,0.167039975523949,-0.340763181447983,0.167333275079727,-0.340821623802185,0.351790100336075,0.426085472106934,0.167202472686768,-0.340804129838943,-0.00418428331613541,-0.114973902702332,-0.00425035133957863,-0.11493156850338,0.167202472686768,-0.340804129838943,0.35229817032814,0.426135301589966,0.166942775249481,-0.340767592191696,0.167039975523949,-0.340763181447983,-0.00418428331613541,-0.114973910152912,0.166942864656448,-0.340767532587051,0.352397084236145,0.426074385643005
8.48320007324219,0.35239651799202,0.426107823848724,0.16713958978653,-0.340813428163528,-0.00428071804344654,-0.114863574504852,0.166846364736557,-0.340754806995392,0.16713958978653,-0.340813428163528,0.352141231298447,0.426023244857788,0.167008742690086,-0.34079584479332,-0.00421472871676087,-0.114905938506126,-0.00428071804344654,-0.114863574504852,0.167008742690086,-0.34079584479332,0.352649033069611,0.426072806119919,0.166749209165573,-0.34075915813446,0.166846364736557,-0.340754806995392,-0.00421472918242216,-0.114905945956707,0.166749194264412,-0.340759128332138,0.352747857570648,0.426011800765991
8.48379993438721,0.352747201919556,0.426045358181,0.166945934295654,-0.340805053710938,-0.00431101908907294,-0.114795595407486,0.166652888059616,-0.340746283531189,0.166945934295654,-0.34080508351326,0.352492183446884,0.425960838794708,0.166815206408501,-0.340787440538406,-0.00424513686448336,-0.114837996661663,-0.00431104656308889,-0.114795602858067,0.166815206408501,-0.340787440538406,0.352999836206436,0.426010131835938,0.166555747389793,-0.340750604867935,0.166652888059616,-0.340746283531189,-0.00424510985612869,-0.114838011562824,0.166555732488632,-0.340750575065613,0.353098511695862,0.425949066877365
8.48439979553223,0.35309773683548,0.425982654094696,0.16675229370594,-0.340796560049057,-0.0043412558734417,-0.114727646112442,0.166459441184998,-0.340737640857697,0.166752308607101,-0.340796589851379,0.352842837572098,0.425898283720016,0.16662161052227,-0.340778887271881,-0.00427545281127095,-0.114770077168941,-0.00434128288179636,-0.114727638661861,0.16662161052227,-0.340778887271881,0.35335037112236,0.425947248935699,0.166362300515175,-0.340741842985153,0.166459441184998,-0.340737640857697,-0.00427545327693224,-0.114770084619522,0.166362300515175,-0.340741842985153,0.353448957204819,0.425886183977127
8.48499965667725,0.353448212146759,0.42591980099678,0.166558787226677,-0.340787947177887,-0.00437148148193955,-0.114659711718559,0.166266024112701,-0.340728849172592,0.166558802127838,-0.340787976980209,0.353193342685699,0.425835520029068,0.16642814874649,-0.340770184993744,-0.00430570309981704,-0.114702180027962,-0.00437148148193955,-0.114659711718559,0.16642814874649,-0.340770184993744,0.353700667619705,0.425884217023849,0.166168987751007,-0.340732991695404,0.166266098618507,-0.34072881937027,-0.00430570356547832,-0.114702187478542,0.166168972849846,-0.340732961893082,0.353799134492874,0.425823003053665
8.48560047149658,0.353798300027847,0.425856739282608,0.166365399956703,-0.34077912569046,-0.00440156133845448,-0.114591784775257,0.166072800755501,-0.340719878673553,0.166365414857864,-0.340779155492783,0.353543639183044,0.425772607326508,0.166234776377678,-0.340761303901672,-0.00433591660112143,-0.114634290337563,-0.00440158834680915,-0.114591792225838,0.166234776377678,-0.340761303901672,0.354050815105438,0.425820976495743,0.165975689888,-0.340723961591721,0.166072800755501,-0.340719878673553,-0.00433591706678271,-0.114634305238724,0.165975674986839,-0.340723931789398,0.354149222373962,0.425759702920914
8.4862003326416,0.354148358106613,0.425793498754501,0.166172042489052,-0.340770184993744,-0.00443163048475981,-0.114523895084858,0.165879592299461,-0.340710759162903,0.166171953082085,-0.340770214796066,0.353893727064133,0.42570948600769,0.166041359305382,-0.340752303600311,-0.00436603790149093,-0.114566430449486,-0.00443165795877576,-0.114523887634277,0.166041359305382,-0.340752303600311,0.35440069437027,0.425757557153702,0.165782496333122,-0.340714812278748,0.165879592299461,-0.340710759162903,-0.00436603836715221,-0.114566437900066,0.165782496333122,-0.340714782476425,0.354498982429504,0.425696223974228
8.48680019378662,0.354498118162155,0.42573007941246,0.1659786850214,-0.340761125087738,-0.00446163536980748,-0.114455997943878,0.165686443448067,-0.340701520442963,0.165978699922562,-0.34076115489006,0.354243576526642,0.425646156072617,0.165848135948181,-0.340743124485016,-0.00439612194895744,-0.11449857801199,-0.00446163536980748,-0.114455997943878,0.165848135948181,-0.340743124485016,0.354750484228134,0.425693958997726,0.165589421987534,-0.340705454349518,0.165686443448067,-0.340701520442963,-0.00439612194895744,-0.11449857801199,0.165589421987534,-0.340705454349518,0.354848623275757,0.425632536411285
8.48740005493164,0.35484766960144,0.425666451454163,0.165785476565361,-0.340751886367798,-0.00449157552793622,-0.114388145506382,0.165493473410606,-0.340692102909088,0.165785491466522,-0.34075191617012,0.354593336582184,0.425582647323608,0.165654942393303,-0.340733855962753,-0.00442614080384374,-0.114430740475655,-0.00449157552793622,-0.114388152956963,0.165654942393303,-0.340733855962753,0.355100065469742,0.425630182027817,0.165396392345428,-0.340696036815643,0.165493473410606,-0.340692102909088,-0.00442614126950502,-0.114430747926235,0.165396377444267,-0.340696007013321,0.355198174715042,0.425568699836731
8.48799991607666,0.355197131633759,0.425602674484253,0.165592446923256,-0.340742498636246,-0.00452145095914602,-0.114320300519466,0.165300443768501,-0.340682566165924,0.165592461824417,-0.340742528438568,0.354942798614502,0.425518989562988,0.16546194255352,-0.340724378824234,-0.00445609586313367,-0.114362940192223,-0.00452145142480731,-0.114320307970047,0.16546194255352,-0.340724378824234,0.355449378490448,0.42556619644165,0.165203467011452,-0.34068638086319,0.165300443768501,-0.340682566165924,-0.00445606885477901,-0.114362940192223,0.165203467011452,-0.34068638086319,0.355547338724136,0.42550465464592
8.48859977722168,0.355546295642853,0.425538688898087,0.1653992831707,-0.340732961893082,-0.00455126259475946,-0.114252477884293,0.165107533335686,-0.340672880411148,0.165399298071861,-0.340732991695404,0.355292111635208,0.425455152988434,0.165268898010254,-0.340714752674103,-0.00448595825582743,-0.114295139908791,-0.00455129006877542,-0.114252477884293,0.165268898010254,-0.340714752674103,0.355798482894897,0.42550203204155,0.165010571479797,-0.340676635503769,0.165107533335686,-0.340672880411148,-0.00448595872148871,-0.114295147359371,0.165010556578636,-0.340676605701447,0.355896413326263,0.425440430641174
8.4891996383667,0.355895310640335,0.425474554300308,0.16520631313324,-0.340723276138306,-0.00458100903779268,-0.114184662699699,0.164914757013321,-0.34066304564476,0.165206328034401,-0.340723305940628,0.355641275644302,0.425391137599945,0.165075972676277,-0.340705037117004,-0.00451581180095673,-0.1142273619771,-0.00458103651180863,-0.114184662699699,0.165075972676277,-0.340705037117004,0.35614749789238,0.425437688827515,0.164817720651627,-0.340666741132736,0.16491474211216,-0.340663015842438,-0.00451581180095673,-0.114227369427681,0.164817705750465,-0.340666711330414,0.356245279312134,0.425376027822495
8.48980045318604,0.356244057416916,0.425410181283951,0.165013387799263,-0.34071347117424,-0.00461069168522954,-0.114116869866848,0.16472190618515,-0.34065306186676,0.165013387799263,-0.340713500976563,0.355990201234818,0.425326883792877,0.164883136749268,-0.340695112943649,-0.00454557267948985,-0.114159606397152,-0.00461069168522954,-0.114116869866848,0.164883136749268,-0.340695112943649,0.356496244668961,0.425373196601868,0.16462504863739,-0.340656697750092,0.164721980690956,-0.340653032064438,-0.00454557314515114,-0.114159613847733,0.164625033736229,-0.340656667947769,0.356593906879425,0.425311475992203
8.49040031433105,0.35659271478653,0.425345718860626,0.164820641279221,-0.340703457593918,-0.00464031007140875,-0.114049099385738,0.164529338479042,-0.340642899274826,0.164820656180382,-0.34070348739624,0.356338888406754,0.425262480974197,0.164690285921097,-0.340685069561005,-0.00457529723644257,-0.114091865718365,-0.00464033707976341,-0.114049106836319,0.164690285921097,-0.340685069561005,0.356844753026962,0.425308495759964,0.164432317018509,-0.340646475553513,0.164529338479042,-0.340642899274826,-0.0045752702280879,-0.114091873168945,0.164432406425476,-0.340646475553513,0.35694232583046,0.425246745347977
8.49100017547607,0.356941133737564,0.425281018018723,0.164627924561501,-0.340693354606628,-0.00466989120468497,-0.113981336355209,0.164336696267128,-0.34063258767128,0.164627939462662,-0.340693384408951,0.356687366962433,0.425197869539261,0.164497599005699,-0.34067490696907,-0.00460493005812168,-0.114024139940739,-0.00466989120468497,-0.113981336355209,0.164497599005699,-0.34067490696907,0.35719308257103,0.425243645906448,0.164239808917046,-0.340636134147644,0.164336696267128,-0.34063258767128,-0.00460493052378297,-0.114024147391319,0.164239794015884,-0.340636104345322,0.357290595769882,0.425181806087494
8.49160003662109,0.35728931427002,0.425216108560562,0.164435163140297,-0.340683102607727,-0.00469938106834888,-0.113913603127003,0.164144188165665,-0.340622156858444,0.164435178041458,-0.340683132410049,0.357035636901855,0.425133138895035,0.164304956793785,-0.340664565563202,-0.0046345260925591,-0.113956436514854,-0.00469940807670355,-0.113913603127003,0.164304956793785,-0.340664565563202,0.357541292905807,0.425178617238998,0.164047211408615,-0.340625613927841,0.164144188165665,-0.340622156858444,-0.00463449908420444,-0.113956443965435,0.164047211408615,-0.340625613927841,0.357638627290726,0.425116688013077
8.49219989776611,0.357637345790863,0.42515105009079,0.164242595434189,-0.340672671794891,-0.0047288341447711,-0.113845884799957,0.163951739668846,-0.340611606836319,0.16424261033535,-0.340672701597214,0.357383906841278,0.425068229436874,0.164112329483032,-0.340654045343399,-0.0046640308573842,-0.113888740539551,-0.0047288341447711,-0.113845884799957,0.164112344384193,-0.340654075145721,0.357889264822006,0.425113350152969,0.163854837417603,-0.340614974498749,0.163951739668846,-0.340611606836319,-0.0046640308573842,-0.113888755440712,0.163854837417603,-0.340614974498749,0.35798653960228,0.425051361322403
8.49279975891113,0.357985109090805,0.425085842609406,0.164050072431564,-0.340662121772766,-0.00475822295993567,-0.113778173923492,0.16375944018364,-0.340600848197937,0.164050087332726,-0.340662151575089,0.357731699943542,0.425003081560135,0.163919910788536,-0.340643405914307,-0.00469349836930633,-0.11382108181715,-0.00475824996829033,-0.113778181374073,0.163919910788536,-0.340643405914307,0.358236998319626,0.425047934055328,0.163662493228912,-0.340604186058044,0.16375944018364,-0.340600848197937,-0.00469349883496761,-0.113821089267731,0.163662493228912,-0.340604186058044,0.358334273099899,0.424985885620117
8.49339962005615,0.358332723379135,0.425020426511765,0.163857653737068,-0.340651392936707,-0.00478754797950387,-0.11371049284935,0.163567125797272,-0.340590000152588,0.163857653737068,-0.340651392936707,0.358079463243484,0.424937754869461,0.163727536797523,-0.340632617473602,-0.00472290208563209,-0.11375343054533,-0.00478754797950387,-0.11371049284935,0.163727536797523,-0.340632617473602,0.358584523200989,0.424982368946075,0.163470178842545,-0.340593278408051,0.163567125797272,-0.340590000152588,-0.00472287507727742,-0.11375343054533,0.163470253348351,-0.340593218803406,0.358681619167328,0.424920260906219
8.49400043487549,0.358680218458176,0.424954831600189,0.163665249943733,-0.340640544891357,-0.00481680920347571,-0.113642826676369,0.163374915719032,-0.340578973293304,0.163665264844894,-0.340640544891357,0.358427107334137,0.424872279167175,0.163535177707672,-0.340621709823608,-0.0047522415407002,-0.113685786724091,-0.00481680920347571,-0.113642826676369,0.163535177707672,-0.340621709823608,0.35893189907074,0.424916625022888,0.163278043270111,-0.3405821621418,0.163374915719032,-0.340578973293304,-0.00475221499800682,-0.113685801625252,0.16327802836895,-0.340582132339478,0.359028995037079,0.424854457378387
8.49460029602051,0.35902738571167,0.42488905787468,0.16347299516201,-0.340629518032074,-0.00484600616618991,-0.113575182855129,0.163182720541954,-0.340567797422409,0.16347299516201,-0.340629518032074,0.358774423599243,0.424806654453278,0.163342922925949,-0.34061062335968,-0.00478151766583323,-0.113618180155754,-0.00484600616618991,-0.113575175404549,0.163342922925949,-0.34061062335968,0.359279066324234,0.424850612878799,0.163085967302322,-0.340570956468582,0.163182720541954,-0.340567797422409,-0.00478151766583323,-0.113618187606335,0.163085952401161,-0.34057092666626,0.359376013278961,0.424788415431976
8.49520015716553,0.359374433755875,0.424823135137558,0.163280814886093,-0.340618371963501,-0.00487513979896903,-0.11350754648447,0.162990719079971,-0.340556502342224,0.163280829787254,-0.340618401765823,0.35912150144577,0.424740821123123,0.16315071284771,-0.34059938788414,-0.00481072952970862,-0.113550573587418,-0.00487516680732369,-0.11350754648447,0.16315071284771,-0.34059938788414,0.359626024961472,0.424784511327744,0.162893906235695,-0.34055957198143,0.162990719079971,-0.340556502342224,-0.00481072952970862,-0.113550581037998,0.162893906235695,-0.340559542179108,0.359722912311554,0.424722194671631
8.49580001831055,0.3597212433815,0.424757033586502,0.163088694214821,-0.340607076883316,-0.00490423664450645,-0.113439939916134,0.162798762321472,-0.340544998645782,0.163088694214821,-0.340607076883316,0.359468430280685,0.424674808979034,0.16295862197876,-0.340588003396988,-0.0048399050720036,-0.113482996821404,-0.00490423664450645,-0.113439939916134,0.16295862197876,-0.340588003396988,0.359972804784775,0.424718260765076,0.162701889872551,-0.340548038482666,0.162798762321472,-0.340544998645782,-0.00483985058963299,-0.113482996821404,0.162701949477196,-0.340548008680344,0.360069572925568,0.424655854701996
8.49639987945557,0.360067963600159,0.424690723419189,0.16289658844471,-0.340595602989197,-0.00493321614339948,-0.113372348248959,0.162606924772263,-0.340533405542374,0.162896603345871,-0.340595632791519,0.359815210103989,0.424608647823334,0.162766650319099,-0.340576499700546,-0.00486898934468627,-0.113415434956551,-0.00493324315175414,-0.113372348248959,0.162766650319099,-0.340576499700546,0.360319435596466,0.424651741981506,0.162510052323341,-0.34053635597229,0.162606924772263,-0.340533405542374,-0.00486898981034756,-0.113415442407131,0.16251003742218,-0.34053635597229,0.360416144132614,0.424589276313782
8.49699974060059,0.360414326190948,0.42462420463562,0.162704601883888,-0.340584009885788,-0.00496218586340547,-0.113304771482944,0.162415042519569,-0.340521663427353,0.162704616785049,-0.34058403968811,0.360161751508713,0.424542278051376,0.1625746935606,-0.340564876794815,-0.00489801028743386,-0.113347887992859,-0.00496221240609884,-0.113304764032364,0.1625746935606,-0.340564876794815,0.360665887594223,0.424585103988647,0.162318259477615,-0.340524554252625,0.162415042519569,-0.340521663427353,-0.00489801075309515,-0.113347895443439,0.162318244576454,-0.340524524450302,0.36076232790947,0.424522578716278
8.49759960174561,0.360760569572449,0.424557566642761,0.162512734532356,-0.34057229757309,-0.00499109178781509,-0.113237209618092,0.162223324179649,-0.34050977230072,0.162512734532356,-0.34057229757309,0.36050808429718,0.424475729465485,0.162382856011391,-0.340553015470505,-0.00492699490860105,-0.113280363380909,-0.00499109178781509,-0.113237209618092,0.162382856011391,-0.340553015470505,0.361012041568756,0.424518257379532,0.162126496434212,-0.340512603521347,0.162223324179649,-0.34050977230072,-0.00492699490860105,-0.11328037828207,0.162126496434212,-0.340512603521347,0.36110845208168,0.424455642700195
8.49820041656494,0.361106634140015,0.424490720033646,0.162320896983147,-0.340560406446457,-0.00501993438228965,-0.1131696626544,0.162031605839729,-0.340497732162476,0.162320822477341,-0.340560436248779,0.360854238271713,0.424408972263336,0.162191063165665,-0.340541064739227,-0.00495591619983315,-0.113212861120701,-0.00501993438228965,-0.1131696626544,0.162191063165665,-0.340541064739227,0.361358016729355,0.424451261758804,0.161934837698936,-0.340500503778458,0.162031590938568,-0.340497702360153,-0.00495591619983315,-0.113212868571281,0.161934837698936,-0.340500503778458,0.361454337835312,0.424388617277145
8.49880027770996,0.361452460289001,0.424423724412918,0.162129178643227,-0.340548396110535,-0.00504871364682913,-0.11310213804245,0.161840036511421,-0.340485543012619,0.162129193544388,-0.340548425912857,0.361200243234634,0.424342155456543,0.161999434232712,-0.340528935194016,-0.00498474622145295,-0.113145373761654,-0.00504871364682913,-0.113102145493031,0.161999434232712,-0.340528935194016,0.361703813076019,0.42438405752182,0.161743223667145,-0.340488255023956,0.161840036511421,-0.340485513210297,-0.00498474668711424,-0.113145381212234,0.161743298172951,-0.340488195419312,0.361800044775009,0.424321353435516
8.49940013885498,0.361798077821732,0.424356549978256,0.161937490105629,-0.340536206960678,-0.00507740257307887,-0.113034635782242,0.161648526787758,-0.340473175048828,0.161937490105629,-0.340536206960678,0.361545920372009,0.424275040626526,0.161807700991631,-0.340516746044159,-0.00501354038715363,-0.113077886402607,-0.00507740257307887,-0.113034635782242,0.161807700991631,-0.340516746044159,0.362049341201782,0.424316704273224,0.161551728844643,-0.340475857257843,0.161648526787758,-0.340473175048828,-0.00501354085281491,-0.113077901303768,0.161551788449287,-0.340475797653198,0.362145602703094,0.424253940582275
8.5,0.36214354634285,0.424289226531982,0.161745920777321,-0.34052386879921,-0.0051060551777482,-0.112967148423195,0.161457121372223,-0.340460687875748,0.161745920777321,-0.34052386879921,0.361891537904739,0.424207746982574,0.161616146564484,-0.340504348278046,-0.00504229823127389,-0.113010436296463,-0.00510605564340949,-0.112967155873775,0.161616146564484,-0.340504348278046,0.362394779920578,0.424249142408371,0.161360412836075,-0.340463280677795,0.161457121372223,-0.340460687875748,-0.00504227122291923,-0.113010443747044,0.161360397934914,-0.340463250875473,0.362490892410278,0.424186378717422
