frequency,S11_re,S11_im,S12_re,S12_im,S13_re,S13_im,S14_re,S14_im,S21_re,S21_im,S22_re,S22_im,S23_re,S23_im,S24_re,S24_im,S31_re,S31_im,S32_re,S32_im,S33_re,S33_im,S34_re,S34_im,S41_re,S41_im,S42_re,S42_im,S43_re,S43_im,S44_re,S44_im
10.1999998092651,0.409548431634903,0.444290012121201,-0.0367104485630989,-0.159235924482346,-0.165973663330078,0.18390066921711,-0.0367104522883892,-0.159235939383507,-0.0367104522883892,-0.159235939383507,0.409546613693237,0.444289356470108,-0.0367104485630989,-0.159235924482346,-0.165972158312798,0.183901458978653,-0.165973663330078,0.18390066921711,-0.0367104485630989,-0.159235924482346,0.409548461437225,0.444290041923523,-0.0367104485630989,-0.159235924482346,-0.0367104522883892,-0.159235939383507,-0.165972158312798,0.183901458978653,-0.0367104485630989,-0.159235924482346,0.409546703100204,0.444289296865463
10.200400352478,0.409507036209106,0.44423496723175,-0.0367217063903809,-0.159227877855301,-0.165907353162766,0.183955684304237,-0.0367217063903809,-0.159227892756462,-0.0367217063903809,-0.159227877855301,0.409505248069763,0.444234311580658,-0.0367217063903809,-0.159227877855301,-0.165905937552452,0.183956444263458,-0.165907353162766,0.183955684304237,-0.0367217026650906,-0.15922786295414,0.409507095813751,0.444234997034073,-0.0367217026650906,-0.15922786295414,-0.0367217063903809,-0.159227892756462,-0.165905937552452,0.183956444263458,-0.0367217026650906,-0.15922786295414,0.409505218267441,0.444234222173691
10.2007999420166,0.409465551376343,0.444179981946945,-0.0367329567670822,-0.159219816327095,-0.165841102600098,0.184010609984398,-0.0367329604923725,-0.159219831228256,-0.0367329567670822,-0.159219816327095,0.409463733434677,0.444179236888885,-0.0367329567670822,-0.159219816327095,-0.165839597582817,0.184011414647102,-0.165841102600098,0.184010609984398,-0.0367329567670822,-0.159219816327095,0.409465551376343,0.444179981946945,-0.0367329530417919,-0.159219801425934,-0.0367329604923725,-0.159219831228256,-0.165839597582817,0.184011414647102,-0.0367329530417919,-0.159219801425934,0.409463733434677,0.444179207086563
10.2011995315552,0.409424066543579,0.444124966859818,-0.0367442071437836,-0.159211724996567,-0.165774822235107,0.18406555056572,-0.0367442108690739,-0.159211739897728,-0.0367442071437836,-0.159211724996567,0.409422248601913,0.44412425160408,-0.0367442071437836,-0.159211724996567,-0.165773302316666,0.184066355228424,-0.165774822235107,0.18406555056572,-0.0367442071437836,-0.159211724996567,0.409424096345901,0.444125026464462,-0.0367442034184933,-0.159211710095406,-0.0367442108690739,-0.159211739897728,-0.165773302316666,0.184066355228424,-0.0367442034184933,-0.159211710095406,0.409422188997269,0.444124191999435
10.2016000747681,0.409382522106171,0.44406995177269,-0.0367554575204849,-0.159203663468361,-0.165708437561989,0.18412047624588,-0.0367554612457752,-0.159203678369522,-0.0367554575204849,-0.159203663468361,0.409380704164505,0.444069266319275,-0.0367554575204849,-0.159203663468361,-0.165706917643547,0.184121266007423,-0.165708437561989,0.18412047624588,-0.0367554575204849,-0.159203663468361,0.409382462501526,0.444070041179657,-0.0367554537951946,-0.1592036485672,-0.0367554612457752,-0.159203678369522,-0.165707007050514,0.18412122130394,-0.0367554537951946,-0.1592036485672,0.409380704164505,0.444069266319275
10.2019996643066,0.409340918064117,0.444015055894852,-0.0367667824029922,-0.159195572137833,-0.165642097592354,0.184175357222557,-0.0367667824029922,-0.159195572137833,-0.0367667824029922,-0.159195572137833,0.409339070320129,0.44401428103447,-0.036766778677702,-0.159195557236671,-0.165640592575073,0.184176132082939,-0.165642097592354,0.184175357222557,-0.036766778677702,-0.159195557236671,0.409340918064117,0.444015055894852,-0.036766778677702,-0.159195557236671,-0.0367667824029922,-0.159195572137833,-0.165640592575073,0.184176132082939,-0.036766778677702,-0.159195557236671,0.409339070320129,0.44401428103447
10.2024002075195,0.409299284219742,0.443960160017014,-0.036778025329113,-0.159187495708466,-0.165575563907623,0.184230268001556,-0.036778025329113,-0.159187495708466,-0.036778025329113,-0.159187495708466,0.409297496080399,0.443959414958954,-0.036778025329113,-0.159187480807304,-0.16557414829731,0.184231027960777,-0.165575563907623,0.184230268001556,-0.036778025329113,-0.159187480807304,0.409299314022064,0.443960189819336,-0.036778025329113,-0.159187480807304,-0.036778025329113,-0.159187495708466,-0.16557414829731,0.184231027960777,-0.036778025329113,-0.159187480807304,0.409297466278076,0.443959355354309
10.2027997970581,0.409257560968399,0.443905204534531,-0.0367892719805241,-0.159179404377937,-0.165509179234505,0.184285074472427,-0.0367892719805241,-0.159179404377937,-0.0367892719805241,-0.159179404377937,0.409255862236023,0.443904519081116,-0.0367892682552338,-0.159179389476776,-0.165507674217224,0.184285879135132,-0.165509179234505,0.184285074472427,-0.0367892682552338,-0.159179389476776,0.409257590770721,0.443905293941498,-0.0367892682552338,-0.159179389476776,-0.0367892719805241,-0.159179404377937,-0.165507659316063,0.184285864233971,-0.0367892682552338,-0.159179389476776,0.409255862236023,0.443904519081116
10.203200340271,0.409215807914734,0.44385039806366,-0.0368005111813545,-0.159171298146248,-0.165442690253258,0.18433989584446,-0.0368005149066448,-0.159171313047409,-0.0368005149066448,-0.159171313047409,0.409214109182358,0.4438496530056,-0.0368005111813545,-0.159171298146248,-0.165441185235977,0.184340685606003,-0.165442690253258,0.18433989584446,-0.0368005111813545,-0.159171298146248,0.409215867519379,0.443850457668304,-0.0368005111813545,-0.159171298146248,-0.0368005149066448,-0.159171313047409,-0.165441185235977,0.184340685606003,-0.0368005111813545,-0.159171298146248,0.409214109182358,0.4438496530056
10.2035999298096,0.409174174070358,0.443795561790466,-0.0368117541074753,-0.159163191914558,-0.16537606716156,0.184394717216492,-0.0368117541074753,-0.159163191914558,-0.0368117541074753,-0.159163191914558,0.409172385931015,0.443794816732407,-0.036811750382185,-0.159163177013397,-0.165374562144279,0.184395521879196,-0.16537606716156,0.184394717216492,-0.036811750382185,-0.159163177013397,0.409174084663391,0.443795591592789,-0.036811750382185,-0.159163177013397,-0.0368117578327656,-0.15916320681572,-0.165374562144279,0.184395521879196,-0.036811750382185,-0.159163177013397,0.409172385931015,0.443794816732407
10.2040004730225,0.409132331609726,0.443740725517273,-0.0368230678141117,-0.159155085682869,-0.165309444069862,0.184449553489685,-0.0368230678141117,-0.159155085682869,-0.0368230678141117,-0.159155085682869,0.40913051366806,0.44374006986618,-0.0368230678141117,-0.159155085682869,-0.165308013558388,0.184450313448906,-0.16530953347683,0.184449523687363,-0.0368230640888214,-0.159155070781708,0.409132391214371,0.443740785121918,-0.0368230640888214,-0.159155070781708,-0.036823071539402,-0.15915510058403,-0.165308013558388,0.184450313448906,-0.0368230640888214,-0.159155070781708,0.40913051366806,0.44374006986618
10.204400062561,0.409090489149094,0.443685978651047,-0.0368343032896519,-0.15914697945118,-0.165242865681648,0.184504315257072,-0.0368343032896519,-0.15914697945118,-0.0368343032896519,-0.15914697945118,0.409088760614395,0.443685293197632,-0.0368342995643616,-0.159146964550018,-0.165241360664368,0.184505105018616,-0.165242865681648,0.184504315257072,-0.0368342995643616,-0.159146964550018,0.409090518951416,0.443686068058014,-0.0368342995643616,-0.159146964550018,-0.0368343070149422,-0.159146994352341,-0.165241360664368,0.184505105018616,-0.0368342995643616,-0.159146964550018,0.409088760614395,0.443685293197632
10.2047996520996,0.409048765897751,0.443631231784821,-0.0368455350399017,-0.159138858318329,-0.165176182985306,0.184559091925621,-0.036845538765192,-0.15913887321949,-0.036845538765192,-0.15913887321949,0.409046947956085,0.443630576133728,-0.0368455350399017,-0.159138858318329,-0.165174677968025,0.184559881687164,-0.165176182985306,0.184559091925621,-0.0368455350399017,-0.159138858318329,0.409048676490784,0.443631291389465,-0.0368455350399017,-0.159138858318329,-0.036845538765192,-0.15913887321949,-0.165174677968025,0.184559836983681,-0.0368455350399017,-0.159138858318329,0.40904688835144,0.443630516529083
10.2052001953125,0.409006774425507,0.443576544523239,-0.0368567705154419,-0.159130752086639,-0.165109470486641,0.184613823890686,-0.0368567705154419,-0.159130752086639,-0.0368567705154419,-0.159130752086639,0.409004926681519,0.443575799465179,-0.0368567667901516,-0.159130737185478,-0.165108039975166,0.184614524245262,-0.165109470486641,0.184613823890686,-0.0368567667901516,-0.159130737185478,0.409006774425507,0.443576544523239,-0.0368567667901516,-0.159130737185478,-0.0368567742407322,-0.159130766987801,-0.165108039975166,0.184614524245262,-0.0368567667901516,-0.159130737185478,0.409005016088486,0.443575769662857
10.2055997848511,0.408964872360229,0.443521857261658,-0.0368679985404015,-0.159122630953789,-0.165042728185654,0.184668526053429,-0.0368679985404015,-0.159122630953789,-0.0368679985404015,-0.159122630953789,0.408963084220886,0.443521112203598,-0.0368679985404015,-0.159122630953789,-0.165041223168373,0.184669271111488,-0.165042728185654,0.184668526053429,-0.0368679948151112,-0.159122616052628,0.408964902162552,0.44352188706398,-0.0368679948151112,-0.159122616052628,-0.0368680022656918,-0.15912264585495,-0.165041223168373,0.184669271111488,-0.0368679948151112,-0.159122616052628,0.408963084220886,0.443521112203598
10.206000328064,0.40892294049263,0.443467170000076,-0.0368793047964573,-0.159114480018616,-0.164975970983505,0.184723153710365,-0.0368793047964573,-0.159114480018616,-0.0368793047964573,-0.159114480018616,0.408921122550964,0.443466484546661,-0.036879301071167,-0.159114465117455,-0.164974451065063,0.184723943471909,-0.164975970983505,0.184723153710365,-0.036879301071167,-0.159114465117455,0.408922970294952,0.443467259407043,-0.036879301071167,-0.159114465117455,-0.0368793047964573,-0.159114480018616,-0.164974451065063,0.184723943471909,-0.036879301071167,-0.159114465117455,0.40892106294632,0.443466424942017
10.2063999176025,0.408880949020386,0.443412572145462,-0.0368905290961266,-0.159106343984604,-0.164909094572067,0.184777870774269,-0.0368905328214169,-0.159106358885765,-0.0368905290961266,-0.159106343984604,0.408879101276398,0.443411827087402,-0.0368905290961266,-0.159106343984604,-0.164907664060593,0.184778615832329,-0.164909094572067,0.184777870774269,-0.0368905290961266,-0.159106343984604,0.408880949020386,0.443412601947784,-0.0368905253708363,-0.159106329083443,-0.0368905328214169,-0.159106358885765,-0.164907664060593,0.184778615832329,-0.0368905253708363,-0.159106329083443,0.408879101276398,0.443411827087402
10.2068004608154,0.408838868141174,0.443357944488525,-0.0369017571210861,-0.159098207950592,-0.164842262864113,0.184832513332367,-0.0369017571210861,-0.159098207950592,-0.0369017571210861,-0.159098207950592,0.408837050199509,0.44335725903511,-0.0369017533957958,-0.159098193049431,-0.164840757846832,0.184833288192749,-0.164842262864113,0.184832513332367,-0.0369017533957958,-0.159098193049431,0.408838897943497,0.443358033895493,-0.0369017533957958,-0.159098193049431,-0.0369017571210861,-0.159098207950592,-0.164840757846832,0.184833288192749,-0.0369017533957958,-0.159098193049431,0.408837020397186,0.443357229232788
10.207200050354,0.408796727657318,0.443303346633911,-0.0369129776954651,-0.159090086817741,-0.164775341749191,0.184887111186981,-0.0369129776954651,-0.159090086817741,-0.0369129776954651,-0.159090086817741,0.408794969320297,0.443302690982819,-0.0369129739701748,-0.15909007191658,-0.16477382183075,0.184887915849686,-0.164775341749191,0.184887111186981,-0.0369129739701748,-0.15909007191658,0.408796787261963,0.443303436040878,-0.0369129739701748,-0.15909007191658,-0.0369129776954651,-0.159090086817741,-0.16477382183075,0.184887900948524,-0.0369129739701748,-0.15909007191658,0.408794969320297,0.443302690982819
10.2075996398926,0.408754676580429,0.443248838186264,-0.0369241945445538,-0.159081920981407,-0.164708390831947,0.184941753745079,-0.0369241982698441,-0.159081935882568,-0.0369241945445538,-0.159081920981407,0.408752828836441,0.443248122930527,-0.0369241945445538,-0.159081920981407,-0.164706870913506,0.1849425137043,-0.164708390831947,0.184941753745079,-0.0369241945445538,-0.159081920981407,0.408754676580429,0.443248897790909,-0.0369241945445538,-0.159081920981407,-0.0369241982698441,-0.159081935882568,-0.164706870913506,0.1849425137043,-0.0369241908192635,-0.159081906080246,0.408752828836441,0.443248122930527
10.2080001831055,0.408712565898895,0.443194299936295,-0.036935493350029,-0.159073740243912,-0.16464139521122,0.184996321797371,-0.036935493350029,-0.159073740243912,-0.036935493350029,-0.159073740243912,0.408710688352585,0.443193584680557,-0.0369354896247387,-0.159073725342751,-0.164639890193939,0.184997111558914,-0.16464139521122,0.184996321797371,-0.0369354896247387,-0.159073725342751,0.408712565898895,0.443194359540939,-0.0369354896247387,-0.159073725342751,-0.036935493350029,-0.159073755145073,-0.164639890193939,0.184997111558914,-0.0369354896247387,-0.159073725342751,0.408710688352585,0.443193584680557
10.208399772644,0.408670365810394,0.44313982129097,-0.0369467064738274,-0.159065589308739,-0.164574399590492,0.185050874948502,-0.0369467101991177,-0.1590656042099,-0.0369467064738274,-0.159065589308739,0.408668488264084,0.44313907623291,-0.0369467064738274,-0.159065589308739,-0.16457287967205,0.185051649808884,-0.164574399590492,0.185050874948502,-0.0369467064738274,-0.159065589308739,0.408670395612717,0.443139880895615,-0.0369467027485371,-0.159065574407578,-0.0369467101991177,-0.1590656042099,-0.16457287967205,0.185051649808884,-0.0369467027485371,-0.159065574407578,0.408668488264084,0.44313907623291
10.2088003158569,0.408628106117249,0.443085372447968,-0.036957923322916,-0.159057453274727,-0.164507359266281,0.18510539829731,-0.0369579270482063,-0.159057453274727,-0.036957923322916,-0.159057453274727,0.408626347780228,0.44308465719223,-0.036957923322916,-0.159057453274727,-0.164505854249001,0.185106173157692,-0.164507359266281,0.18510539829731,-0.0369579195976257,-0.159057438373566,0.408628165721893,0.443085432052612,-0.0369579195976257,-0.159057438373566,-0.0369579270482063,-0.159057453274727,-0.164505854249001,0.185106173157692,-0.0369579195976257,-0.159057438373566,0.408626288175583,0.443084597587585
10.2091999053955,0.408585906028748,0.443030923604965,-0.0369691364467144,-0.159049272537231,-0.164440214633942,0.185159966349602,-0.0369691364467144,-0.159049272537231,-0.0369691364467144,-0.159049272537231,0.408584088087082,0.443030267953873,-0.0369691327214241,-0.15904925763607,-0.1644386947155,0.185160741209984,-0.164440214633942,0.185159966349602,-0.0369691327214241,-0.15904925763607,0.408585846424103,0.443031013011932,-0.0369691327214241,-0.15904925763607,-0.0369691364467144,-0.159049272537231,-0.1644386947155,0.185160741209984,-0.0369691327214241,-0.15904925763607,0.40858405828476,0.443030208349228
10.2096004486084,0.408543556928635,0.442976534366608,-0.0369803458452225,-0.159041106700897,-0.164373144507408,0.185214444994926,-0.0369803495705128,-0.159041121602058,-0.0369803458452225,-0.159041106700897,0.408541738986969,0.442975789308548,-0.0369803458452225,-0.159041106700897,-0.164371609687805,0.18521523475647,-0.164373144507408,0.185214444994926,-0.0369803458452225,-0.159041106700897,0.408543616533279,0.442976593971252,-0.0369803421199322,-0.159041091799736,-0.0369803495705128,-0.159041121602058,-0.164371609687805,0.18521523475647,-0.0369803421199322,-0.159041091799736,0.408541738986969,0.442975789308548
10.210000038147,0.408501237630844,0.442922174930573,-0.0369916297495365,-0.159032911062241,-0.164305940270424,0.18526890873909,-0.0369916334748268,-0.159032925963402,-0.0369916297495365,-0.159032911062241,0.408499419689178,0.442921459674835,-0.0369916297495365,-0.159032911062241,-0.164304405450821,0.185269683599472,-0.164305940270424,0.18526890873909,-0.0369916297495365,-0.159032911062241,0.408501237630844,0.442922174930573,-0.0369916260242462,-0.159032896161079,-0.0369916334748268,-0.159032925963402,-0.164304405450821,0.185269683599472,-0.0369916260242462,-0.159032896161079,0.408499419689178,0.44292140007019
10.2103996276855,0.408458948135376,0.442867815494537,-0.0370028391480446,-0.159024745225906,-0.164238795638084,0.18532332777977,-0.0370028428733349,-0.159024760127068,-0.0370028391480446,-0.159024745225906,0.408456981182098,0.442867130041122,-0.0370028391480446,-0.159024745225906,-0.164237275719643,0.185324102640152,-0.164238795638084,0.18532332777977,-0.0370028391480446,-0.159024745225906,0.408458828926086,0.442867815494537,-0.0370028354227543,-0.159024730324745,-0.0370028428733349,-0.159024760127068,-0.164237275719643,0.185324102640152,-0.0370028354227543,-0.159024730324745,0.408457070589066,0.442867070436478
10.2108001708984,0.408416420221329,0.442813456058502,-0.0370140410959721,-0.159016564488411,-0.164171457290649,0.185377791523933,-0.0370140410959721,-0.159016564488411,-0.0370140410959721,-0.159016564488411,0.408414661884308,0.44281280040741,-0.0370140410959721,-0.15901654958725,-0.164169937372208,0.185378581285477,-0.164171457290649,0.185377791523933,-0.0370140410959721,-0.15901654958725,0.408416479825974,0.442813545465469,-0.0370140410959721,-0.15901654958725,-0.0370140448212624,-0.159016579389572,-0.164169937372208,0.185378581285477,-0.0370140410959721,-0.15901654958725,0.408414661884308,0.44281280040741
10.211199760437,0.408374011516571,0.442759215831757,-0.0370252430438995,-0.159008368849754,-0.164104178547859,0.185432210564613,-0.0370252467691898,-0.159008383750916,-0.0370252430438995,-0.159008368849754,0.408372163772583,0.442758470773697,-0.0370252430438995,-0.159008368849754,-0.164102658629417,0.185432970523834,-0.164104178547859,0.185432210564613,-0.0370252430438995,-0.159008368849754,0.408374011516571,0.442759215831757,-0.0370252393186092,-0.159008353948593,-0.0370252467691898,-0.159008383750916,-0.164102658629417,0.185432970523834,-0.0370252393186092,-0.159008353948593,0.408372163772583,0.442758470773697
10.2116003036499,0.408331573009491,0.442704945802689,-0.037036444991827,-0.159000173211098,-0.164036870002747,0.185486614704132,-0.0370364487171173,-0.159000188112259,-0.037036444991827,-0.159000173211098,0.408329725265503,0.442704260349274,-0.037036444991827,-0.159000173211098,-0.164035350084305,0.185487374663353,-0.164036870002747,0.185486614704132,-0.037036444991827,-0.159000173211098,0.408331573009491,0.442704975605011,-0.0370364412665367,-0.159000158309937,-0.0370364487171173,-0.159000188112259,-0.164035350084305,0.185487374663353,-0.0370364412665367,-0.159000158309937,0.408329725265503,0.442704230546951
10.2119998931885,0.408289015293121,0.442650735378265,-0.0370477214455605,-0.15899196267128,-0.163969472050667,0.185540974140167,-0.0370477251708508,-0.158991977572441,-0.0370477214455605,-0.15899196267128,0.408287137746811,0.442649990320206,-0.0370477214455605,-0.15899196267128,-0.163967937231064,0.185541749000549,-0.163969472050667,0.185540974140167,-0.0370477214455605,-0.15899196267128,0.408289045095444,0.442650765180588,-0.0370477177202702,-0.158991947770119,-0.0370477251708508,-0.158991977572441,-0.163967937231064,0.185541749000549,-0.0370477177202702,-0.158991947770119,0.408287137746811,0.442649990320206
10.2124004364014,0.408246397972107,0.442596465349197,-0.0370589196681976,-0.158983781933784,-0.163902103900909,0.185595318675041,-0.0370589196681976,-0.158983781933784,-0.0370589196681976,-0.158983781933784,0.408244609832764,0.442595809698105,-0.0370589159429073,-0.158983767032623,-0.163900583982468,0.18559604883194,-0.163902103900909,0.185595318675041,-0.0370589159429073,-0.158983767032623,0.408246427774429,0.442596554756165,-0.0370589159429073,-0.158983767032623,-0.0370589196681976,-0.158983781933784,-0.163900583982468,0.185596033930779,-0.0370589159429073,-0.158983767032623,0.408244609832764,0.442595809698105
10.2128000259399,0.40820387005806,0.442542344331741,-0.0370701141655445,-0.158975556492805,-0.163834646344185,0.185649618506432,-0.0370701178908348,-0.158975571393967,-0.0370701141655445,-0.158975556492805,0.408201992511749,0.442541629076004,-0.0370701141655445,-0.158975556492805,-0.163833111524582,0.185650393366814,-0.163834646344185,0.185649618506432,-0.0370701104402542,-0.158975541591644,0.40820387005806,0.442542374134064,-0.0370701104402542,-0.158975541591644,-0.0370701178908348,-0.158975571393967,-0.163833111524582,0.185650393366814,-0.0370701104402542,-0.158975541591644,0.408201992511749,0.442541629076004
10.2131996154785,0.408161163330078,0.442488193511963,-0.0370813086628914,-0.158967360854149,-0.163767158985138,0.185703977942467,-0.0370813123881817,-0.15896737575531,-0.0370813086628914,-0.158967360854149,0.408159345388412,0.442487508058548,-0.0370813086628914,-0.158967360854149,-0.163765639066696,0.185704737901688,-0.163767158985138,0.185703977942467,-0.0370813049376011,-0.158967345952988,0.408161222934723,0.442488253116608,-0.0370813049376011,-0.158967345952988,-0.0370813123881817,-0.15896737575531,-0.163765639066696,0.185704737901688,-0.0370813049376011,-0.158967345952988,0.40815931558609,0.442487448453903
10.2136001586914,0.408118486404419,0.442434072494507,-0.037092499434948,-0.158959150314331,-0.163699641823769,0.185758218169212,-0.037092499434948,-0.158959150314331,-0.037092499434948,-0.158959150314331,0.408116668462753,0.442433416843414,-0.0370924957096577,-0.15895913541317,-0.163698107004166,0.185758978128433,-0.163699641823769,0.185758218169212,-0.0370924957096577,-0.15895913541317,0.408118546009064,0.442434102296829,-0.0370924957096577,-0.15895913541317,-0.0370925031602383,-0.158959165215492,-0.163698107004166,0.185758978128433,-0.0370924957096577,-0.15895913541317,0.408116668462753,0.442433416843414
10.21399974823,0.40807580947876,0.442380040884018,-0.0371037609875202,-0.15895089507103,-0.163632094860077,0.18581248819828,-0.0371037647128105,-0.158950909972191,-0.0371037609875202,-0.15895089507103,0.408073991537094,0.442379266023636,-0.0371037609875202,-0.15895089507103,-0.163630560040474,0.185813263058662,-0.163632094860077,0.18581248819828,-0.0371037609875202,-0.15895089507103,0.40807580947876,0.442380040884018,-0.0371037572622299,-0.158950880169868,-0.0371037647128105,-0.158950909972191,-0.163630560040474,0.185813263058662,-0.0371037572622299,-0.158950880169868,0.408073991537094,0.442379266023636
10.2144002914429,0.408033132553101,0.442325979471207,-0.0371149517595768,-0.158942684531212,-0.163564428687096,0.185866728425026,-0.0371149517595768,-0.158942684531212,-0.0371149517595768,-0.158942684531212,0.40803125500679,0.442325234413147,-0.0371149480342865,-0.158942669630051,-0.16356298327446,0.185867473483086,-0.163564428687096,0.185866728425026,-0.0371149480342865,-0.158942669630051,0.408033013343811,0.442325979471207,-0.0371149480342865,-0.158942669630051,-0.0371149517595768,-0.158942684531212,-0.16356298327446,0.185867473483086,-0.0371149480342865,-0.158942669630051,0.40803125500679,0.442325234413147
10.2147998809814,0.407990336418152,0.442271918058395,-0.0371261350810528,-0.158934444189072,-0.163496822118759,0.18592095375061,-0.0371261350810528,-0.158934444189072,-0.0371261350810528,-0.158934444189072,0.407988458871841,0.442271202802658,-0.0371261313557625,-0.15893442928791,-0.163495302200317,0.185921728610992,-0.163496822118759,0.18592095375061,-0.0371261313557625,-0.15893442928791,0.407990336418152,0.442271918058395,-0.0371261313557625,-0.15893442928791,-0.0371261350810528,-0.158934444189072,-0.163495302200317,0.185921728610992,-0.0371261313557625,-0.15893442928791,0.407988458871841,0.442271173000336
10.2152004241943,0.407947540283203,0.442217916250229,-0.0371373184025288,-0.158926203846931,-0.163429126143456,0.185975134372711,-0.0371373221278191,-0.158926218748093,-0.0371373184025288,-0.158926203846931,0.407945662736893,0.442217200994492,-0.0371373184025288,-0.158926203846931,-0.163427591323853,0.185975909233093,-0.163429126143456,0.185975134372711,-0.0371373184025288,-0.158926203846931,0.407947421073914,0.442217946052551,-0.0371373146772385,-0.15892618894577,-0.0371373221278191,-0.158926218748093,-0.163427591323853,0.185975894331932,-0.0371373146772385,-0.15892618894577,0.407945662736893,0.442217200994492
10.2156000137329,0.407904624938965,0.442163974046707,-0.0371485017240047,-0.158917978405952,-0.163361400365829,0.186029329895973,-0.0371485017240047,-0.158917978405952,-0.0371485017240047,-0.158917978405952,0.407902777194977,0.442163228988647,-0.0371484979987144,-0.158917963504791,-0.163359850645065,0.186030104756355,-0.163361400365829,0.186029329895973,-0.0371484979987144,-0.158917963504791,0.407904624938965,0.44216400384903,-0.0371484979987144,-0.158917963504791,-0.0371485017240047,-0.158917978405952,-0.163359850645065,0.186030089855194,-0.0371484979987144,-0.158917963504791,0.407902777194977,0.442163228988647
10.2159996032715,0.407861679792404,0.442109972238541,-0.0371597558259964,-0.15890970826149,-0.163293719291687,0.186083450913429,-0.0371597558259964,-0.15890970826149,-0.0371597558259964,-0.15890970826149,0.407859861850739,0.442109316587448,-0.0371597521007061,-0.158909693360329,-0.163292184472084,0.18608421087265,-0.163293719291687,0.186083450913429,-0.0371597521007061,-0.158909693360329,0.407861709594727,0.442110031843185,-0.0371597521007061,-0.158909693360329,-0.0371597595512867,-0.158909723162651,-0.163292169570923,0.186084195971489,-0.0371597521007061,-0.158909693360329,0.407859861850739,0.442109316587448
10.2164001464844,0.407818734645844,0.442056059837341,-0.0371709316968918,-0.15890146791935,-0.163225829601288,0.186137601733208,-0.0371709316968918,-0.15890146791935,-0.0371709316968918,-0.15890146791935,0.4078169465065,0.442055433988571,-0.0371709279716015,-0.158901453018188,-0.163224309682846,0.186138361692429,-0.163225829601288,0.186137601733208,-0.0371709279716015,-0.158901453018188,0.407818764448166,0.442056119441986,-0.0371709279716015,-0.158901453018188,-0.0371709354221821,-0.158901482820511,-0.163224309682846,0.186138361692429,-0.0371709279716015,-0.158901453018188,0.407816916704178,0.442055374383926
10.2167997360229,0.407775819301605,0.442002236843109,-0.0371821075677872,-0.158893212676048,-0.163158029317856,0.186191692948341,-0.0371821112930775,-0.158893227577209,-0.0371821112930775,-0.158893227577209,0.40777400135994,0.442001491785049,-0.0371821075677872,-0.158893212676048,-0.163156509399414,0.186192497611046,-0.163158029317856,0.186191692948341,-0.0371821075677872,-0.158893212676048,0.407775729894638,0.442002236843109,-0.0371821075677872,-0.158893212676048,-0.0371821112930775,-0.158893227577209,-0.163156494498253,0.186192438006401,-0.0371821075677872,-0.158893212676048,0.40777400135994,0.442001491785049
10.2172002792358,0.4077328145504,0.441948354244232,-0.0371932834386826,-0.158884957432747,-0.16309018433094,0.186245799064636,-0.0371932834386826,-0.158884957432747,-0.0371932834386826,-0.158884957432747,0.407730996608734,0.441947638988495,-0.0371932797133923,-0.158884942531586,-0.163088634610176,0.186246529221535,-0.16309018433094,0.186245799064636,-0.0371932797133923,-0.158884942531586,0.4077328145504,0.441948384046555,-0.0371932797133923,-0.158884942531586,-0.0371932871639729,-0.158884972333908,-0.163088634610176,0.186246529221535,-0.0371932797133923,-0.158884942531586,0.407730996608734,0.441947638988495
10.2175998687744,0.40768975019455,0.44189453125,-0.0372044555842876,-0.158876702189445,-0.163022220134735,0.186299875378609,-0.0372044555842876,-0.158876717090607,-0.0372044555842876,-0.158876702189445,0.407687962055206,0.441893845796585,-0.0372044555842876,-0.158876702189445,-0.163020685315132,0.18630063533783,-0.163022220134735,0.186299875378609,-0.0372044518589973,-0.158876687288284,0.407689779996872,0.441894590854645,-0.0372044518589973,-0.158876687288284,-0.0372044555842876,-0.158876717090607,-0.163020685315132,0.18630063533783,-0.0372044518589973,-0.158876687288284,0.407687932252884,0.44189378619194
10.2180004119873,0.407646626234055,0.441840767860413,-0.0372156985104084,-0.158868417143822,-0.16295425593853,0.186353906989098,-0.0372156985104084,-0.158868417143822,-0.0372156985104084,-0.158868417143822,0.407644808292389,0.441840052604675,-0.0372156985104084,-0.158868402242661,-0.162952721118927,0.186354666948318,-0.16295425593853,0.186353906989098,-0.0372156985104084,-0.158868402242661,0.407646626234055,0.441840767860413,-0.0372156985104084,-0.158868402242661,-0.0372157022356987,-0.158868432044983,-0.162952706217766,0.186354652047157,-0.0372156985104084,-0.158868402242661,0.407644808292389,0.441840022802353
10.2184000015259,0.407603472471237,0.441787004470825,-0.0372268669307232,-0.158860132098198,-0.162886247038841,0.186407938599586,-0.0372268706560135,-0.158860146999359,-0.0372268706560135,-0.158860146999359,0.407601684331894,0.441786289215088,-0.0372269414365292,-0.158860117197037,-0.162884712219238,0.186408683657646,-0.162886247038841,0.186407938599586,-0.0372268669307232,-0.158860132098198,0.40760350227356,0.441787034273148,-0.0372268669307232,-0.158860132098198,-0.0372268706560135,-0.158860146999359,-0.162884712219238,0.186408683657646,-0.0372268669307232,-0.158860132098198,0.407601684331894,0.441786289215088
10.2187995910645,0.407560437917709,0.44173327088356,-0.0372380316257477,-0.158851876854897,-0.16281820833683,0.186461925506592,-0.0372380316257477,-0.158851876854897,-0.0372380316257477,-0.158851876854897,0.407558500766754,0.441732555627823,-0.0372381061315536,-0.158851847052574,-0.162816688418388,0.186462700366974,-0.16281820833683,0.186461925506592,-0.0372381061315536,-0.158851847052574,0.407560437917709,0.44173327088356,-0.0372380316257477,-0.158851861953735,-0.0372380316257477,-0.158851876854897,-0.162816673517227,0.186462685465813,-0.0372381061315536,-0.158851847052574,0.407558500766754,0.441732555627823
10.2192001342773,0.407517164945602,0.441679537296295,-0.0372492000460625,-0.158843591809273,-0.162750154733658,0.186515897512436,-0.0372492000460625,-0.158843591809273,-0.0372492000460625,-0.158843591809273,0.407515347003937,0.441678822040558,-0.0372492708265781,-0.15884356200695,-0.162748619914055,0.186516642570496,-0.162750154733658,0.186515897512436,-0.0372492708265781,-0.15884356200695,0.407517194747925,0.441679626703262,-0.0372492708265781,-0.15884356200695,-0.0372492000460625,-0.158843606710434,-0.162748619914055,0.186516642570496,-0.0372492708265781,-0.15884356200695,0.407515347003937,0.441678822040558
10.2195997238159,0.407473891973495,0.441625833511353,-0.0372603610157967,-0.158835306763649,-0.162682071328163,0.18656986951828,-0.0372605100274086,-0.158835276961327,-0.0372603610157967,-0.158835306763649,0.407472103834152,0.44162517786026,-0.0372605063021183,-0.158835262060165,-0.16268053650856,0.18657061457634,-0.162682071328163,0.18656986951828,-0.0372605063021183,-0.158835262060165,0.407473921775818,0.441625893115997,-0.0372605063021183,-0.158835262060165,-0.0372605100274086,-0.158835276961327,-0.16268053650856,0.18657061457634,-0.0372605063021183,-0.158835262060165,0.407472103834152,0.44162517786026
10.2200002670288,0.407430648803711,0.441572248935699,-0.0372716709971428,-0.15882696211338,-0.16261388361454,0.186623796820641,-0.0372716747224331,-0.158826977014542,-0.0372715927660465,-0.158826991915703,0.407428830862045,0.44157150387764,-0.0372716709971428,-0.15882696211338,-0.162612348794937,0.186624556779861,-0.16261388361454,0.186623796820641,-0.0372716709971428,-0.15882696211338,0.407430648803711,0.441572248935699,-0.0372716672718525,-0.158826947212219,-0.0372716747224331,-0.158826977014542,-0.162612333893776,0.186624556779861,-0.0372716672718525,-0.158826947212219,0.407428830862045,0.44157150387764
10.2203998565674,0.407387375831604,0.441518634557724,-0.0372828282415867,-0.158818691968918,-0.162545755505562,0.186677694320679,-0.037282831966877,-0.158818706870079,-0.0372827537357807,-0.15881872177124,0.407385557889938,0.441517889499664,-0.0372828282415867,-0.158818691968918,-0.162544220685959,0.1866784542799,-0.162545755505562,0.186677694320679,-0.0372828282415867,-0.158818691968918,0.407387375831604,0.441518634557724,-0.0372828282415867,-0.158818691968918,-0.037282831966877,-0.158818706870079,-0.162544220685959,0.1866784542799,-0.0372828282415867,-0.158818691968918,0.407385557889938,0.441517889499664
10.2208003997803,0.407344132661819,0.441464990377426,-0.0372939817607403,-0.158810377120972,-0.162477508187294,0.186731562018394,-0.0372939854860306,-0.158810392022133,-0.0372939854860306,-0.158810392022133,0.407342165708542,0.441464334726334,-0.0372939817607403,-0.158810377120972,-0.16247595846653,0.186732321977615,-0.162477508187294,0.186731562018394,-0.0372939817607403,-0.158810377120972,0.40734401345253,0.441465020179749,-0.0372939817607403,-0.158810377120972,-0.0372939854860306,-0.158810392022133,-0.16247595846653,0.186732321977615,-0.0372939817607403,-0.158810377120972,0.407342165708542,0.441464275121689
10.2211999893188,0.407300651073456,0.441411435604095,-0.0373051390051842,-0.158802092075348,-0.162409231066704,0.18678542971611,-0.0373051427304745,-0.158802106976509,-0.0373051390051842,-0.158802092075348,0.407298773527145,0.441410779953003,-0.0373051390051842,-0.158802092075348,-0.162407696247101,0.186786189675331,-0.162409231066704,0.18678542971611,-0.0373051390051842,-0.158802092075348,0.407300680875778,0.441411525011063,-0.0373051352798939,-0.158802077174187,-0.0373051427304745,-0.158802106976509,-0.162407696247101,0.18678617477417,-0.0373051352798939,-0.158802077174187,0.407298773527145,0.441410720348358
10.2215995788574,0.407257258892059,0.44135794043541,-0.0373163670301437,-0.158793777227402,-0.162340924143791,0.186839312314987,-0.0373163670301437,-0.158793777227402,-0.0373163670301437,-0.158793777227402,0.407255381345749,0.44135719537735,-0.0373163633048534,-0.158793762326241,-0.162339404225349,0.186840027570724,-0.162340924143791,0.186839312314987,-0.0373163633048534,-0.158793762326241,0.407257288694382,0.441358000040054,-0.0373163633048534,-0.158793762326241,-0.0373163670301437,-0.158793777227402,-0.162339389324188,0.186840012669563,-0.0373163633048534,-0.158793762326241,0.407255381345749,0.44135719537735
10.2220001220703,0.407213747501373,0.441304415464401,-0.037327516824007,-0.158785447478294,-0.162272602319717,0.186893105506897,-0.037327516824007,-0.158785447478294,-0.037327516824007,-0.158785447478294,0.407211929559708,0.441303670406342,-0.0373275130987167,-0.158785432577133,-0.162271067500114,0.186893865466118,-0.162272602319717,0.186893105506897,-0.0373275130987167,-0.158785432577133,0.407213807106018,0.441304504871368,-0.0373275130987167,-0.158785432577133,-0.0373275205492973,-0.158785462379456,-0.162271067500114,0.186893865466118,-0.0373275130987167,-0.158785432577133,0.407211929559708,0.441303670406342
10.2223997116089,0.407170355319977,0.441250950098038,-0.03733866289258,-0.158777132630348,-0.162204250693321,0.186946883797646,-0.03733866289258,-0.158777132630348,-0.03733866289258,-0.158777132630348,0.407168447971344,0.441250264644623,-0.0373386591672897,-0.158777117729187,-0.162202715873718,0.186947628855705,-0.162204250693321,0.186946883797646,-0.0373386591672897,-0.158777117729187,0.40717026591301,0.44125097990036,-0.0373386591672897,-0.158777117729187,-0.0373386666178703,-0.158777147531509,-0.162202715873718,0.186947628855705,-0.0373386591672897,-0.158777117729187,0.407168447971344,0.441250264644623
10.2228002548218,0.407126754522324,0.441197514533997,-0.0373498126864433,-0.158768817782402,-0.162135794758797,0.187000662088394,-0.0373498126864433,-0.158768817782402,-0.0373498126864433,-0.158768817782402,0.407124817371368,0.441196858882904,-0.037349808961153,-0.158768802881241,-0.162134259939194,0.187001407146454,-0.162135794758797,0.187000662088394,-0.037349808961153,-0.158768802881241,0.407126754522324,0.441197574138641,-0.037349808961153,-0.158768802881241,-0.0373498126864433,-0.158768817782402,-0.162134259939194,0.187001407146454,-0.037349808961153,-0.158768802881241,0.407124936580658,0.441196799278259
10.2231998443604,0.407083183526993,0.4411441385746,-0.0373609513044357,-0.158760488033295,-0.162067294120789,0.187054440379143,-0.037360955029726,-0.158760502934456,-0.0373609513044357,-0.158760488033295,0.407081335783005,0.441143423318863,-0.0373609513044357,-0.158760488033295,-0.162065759301186,0.187055185437202,-0.162067294120789,0.187054440379143,-0.0373609475791454,-0.158760473132133,0.407083183526993,0.4411441385746,-0.0373609475791454,-0.158760473132133,-0.037360955029726,-0.158760502934456,-0.162065759301186,0.187055170536041,-0.0373609475791454,-0.158760473132133,0.407081335783005,0.441143423318863
10.2236003875732,0.407039642333984,0.441090703010559,-0.0373721718788147,-0.158752143383026,-0.161998867988586,0.187108129262924,-0.037372175604105,-0.158752158284187,-0.0373721718788147,-0.158752143383026,0.407037734985352,0.441090047359467,-0.0373721718788147,-0.158752143383026,-0.161997333168983,0.187108889222145,-0.161998867988586,0.187108129262924,-0.0373721718788147,-0.158752143383026,0.40703958272934,0.441090822219849,-0.0373721681535244,-0.158752128481865,-0.037372175604105,-0.158752158284187,-0.161997318267822,0.187108874320984,-0.0373721681535244,-0.158752128481865,0.407037734985352,0.441090047359467
10.2239999771118,0.406995952129364,0.441037356853485,-0.0373833104968071,-0.158743798732758,-0.161930337548256,0.187161818146706,-0.0373833142220974,-0.158743813633919,-0.0373833104968071,-0.158743798732758,0.406994104385376,0.44103667140007,-0.0373833104968071,-0.158743798732758,-0.161928787827492,0.187162593007088,-0.161930337548256,0.187161818146706,-0.0373833067715168,-0.158743798732758,0.406995981931686,0.441037446260452,-0.0373833067715168,-0.158743798732758,-0.0373833142220974,-0.158743813633919,-0.161928787827492,0.187162593007088,-0.0373833067715168,-0.158743798732758,0.406994104385376,0.441036641597748
10.2243995666504,0.406952381134033,0.440984040498734,-0.0373944491147995,-0.15873546898365,-0.161861762404442,0.187215536832809,-0.0373944491147995,-0.15873546898365,-0.0373944491147995,-0.15873546898365,0.406950414180756,0.440983384847641,-0.0373944453895092,-0.158735454082489,-0.161860227584839,0.187216266989708,-0.161861762404442,0.187215536832809,-0.0373944453895092,-0.158735454082489,0.406952232122421,0.440984100103378,-0.0373944453895092,-0.158735454082489,-0.0373944491147995,-0.15873546898365,-0.161860227584839,0.187216266989708,-0.0373944453895092,-0.158735454082489,0.406950414180756,0.440983384847641
10.2248001098633,0.406908512115479,0.440930783748627,-0.0374055877327919,-0.158727124333382,-0.161793187260628,0.187269181013107,-0.0374055914580822,-0.158727139234543,-0.0374055877327919,-0.158727124333382,0.406906694173813,0.440930128097534,-0.0374055877327919,-0.158727124333382,-0.161791637539864,0.187269911170006,-0.161793187260628,0.187269181013107,-0.0374055877327919,-0.158727124333382,0.406908541917801,0.440930813550949,-0.0374055840075016,-0.15872710943222,-0.0374055914580822,-0.158727139234543,-0.161791637539864,0.187269911170006,-0.0374055840075016,-0.15872710943222,0.406906634569168,0.440930038690567
10.2251996994019,0.406864792108536,0.440877497196198,-0.0374167189002037,-0.158718764781952,-0.161724463105202,0.187322810292244,-0.037416722625494,-0.158718779683113,-0.0374167189002037,-0.158718764781952,0.40686297416687,0.440876841545105,-0.0374167189002037,-0.158718764781952,-0.161722928285599,0.187323600053787,-0.161724463105202,0.187322810292244,-0.0374167189002037,-0.158718764781952,0.406864792108536,0.440877497196198,-0.0374167151749134,-0.158718749880791,-0.037416722625494,-0.158718779683113,-0.161722928285599,0.187323585152626,-0.0374167151749134,-0.158718749880791,0.40686297416687,0.440876841545105
10.2256002426147,0.406821072101593,0.440824270248413,-0.0374279282987118,-0.158710405230522,-0.161655828356743,0.187376424670219,-0.0374279320240021,-0.158710420131683,-0.0374279282987118,-0.158710405230522,0.406819254159927,0.440823614597321,-0.0374279282987118,-0.158710405230522,-0.161654278635979,0.187377169728279,-0.161655828356743,0.187376424670219,-0.0374279245734215,-0.158710390329361,0.406821101903915,0.440824329853058,-0.0374279245734215,-0.158710390329361,-0.0374279320240021,-0.158710420131683,-0.161654278635979,0.187377154827118,-0.0374279245734215,-0.158710390329361,0.406819224357605,0.440823554992676
10.2259998321533,0.406777232885361,0.440771073102951,-0.0374390594661236,-0.158702045679092,-0.161587059497833,0.187430053949356,-0.0374390594661236,-0.158702045679092,-0.0374390594661236,-0.158702045679092,0.406775265932083,0.440770387649536,-0.0374390557408333,-0.158702030777931,-0.16158552467823,0.187430784106255,-0.161587059497833,0.187430053949356,-0.0374390557408333,-0.158702030777931,0.406777232885361,0.440771102905273,-0.0374390557408333,-0.158702030777931,-0.0374390594661236,-0.158702045679092,-0.16158552467823,0.187430784106255,-0.0374390557408333,-0.158702030777931,0.406775265932083,0.440770387649536
10.2264003753662,0.406733363866806,0.440717905759811,-0.0374501869082451,-0.158693686127663,-0.161518260836601,0.187483593821526,-0.0374501906335354,-0.158693701028824,-0.0374501869082451,-0.158693686127663,0.406731456518173,0.440717220306396,-0.0374501869082451,-0.158693686127663,-0.161516740918159,0.187484323978424,-0.161518260836601,0.187483593821526,-0.0374501831829548,-0.158693671226501,0.406733423471451,0.440717965364456,-0.0374501831829548,-0.158693671226501,-0.0374501906335354,-0.158693701028824,-0.161516740918159,0.187484323978424,-0.0374501831829548,-0.158693671226501,0.406731456518173,0.440717220306396
10.2267999649048,0.406689435243607,0.440664738416672,-0.0374613143503666,-0.158685326576233,-0.16144947707653,0.187537148594856,-0.0374613180756569,-0.158685341477394,-0.0374613143503666,-0.158685326576233,0.406687617301941,0.440664112567902,-0.0374613143503666,-0.158685326576233,-0.161447927355766,0.187537878751755,-0.16144947707653,0.187537148594856,-0.0374613106250763,-0.158685311675072,0.406689465045929,0.440664827823639,-0.0374613106250763,-0.158685311675072,-0.0374613180756569,-0.158685341477394,-0.161447912454605,0.187537863850594,-0.0374613106250763,-0.158685311675072,0.406687617301941,0.440664082765579
10.2271995544434,0.406645506620407,0.440611690282822,-0.0374724380671978,-0.158676952123642,-0.161380633711815,0.187590688467026,-0.0374724380671978,-0.158676952123642,-0.0374724380671978,-0.158676952123642,0.406643658876419,0.440610975027084,-0.0374724343419075,-0.158676937222481,-0.161379083991051,0.187591418623924,-0.161380633711815,0.187590688467026,-0.0374724343419075,-0.158676937222481,0.406645506620407,0.440611690282822,-0.0374724343419075,-0.158676937222481,-0.0374724380671978,-0.158676967024803,-0.161379083991051,0.187591418623924,-0.0374724343419075,-0.158676937222481,0.406643658876419,0.440610975027084
10.2276000976563,0.406601577997208,0.440558582544327,-0.0374836325645447,-0.158668547868729,-0.161311790347099,0.187644183635712,-0.037483636289835,-0.15866856276989,-0.0374836325645447,-0.158668547868729,0.406599700450897,0.440557897090912,-0.0374836325645447,-0.158668547868729,-0.161310210824013,0.187644898891449,-0.161311790347099,0.187644183635712,-0.0374836325645447,-0.158668547868729,0.40660160779953,0.440558642148972,-0.0374836325645447,-0.158668547868729,-0.037483636289835,-0.15866856276989,-0.161310210824013,0.187644898891449,-0.0374836325645447,-0.158668547868729,0.406599700450897,0.440557897090912
10.2279996871948,0.406557470560074,0.440505564212799,-0.0374947562813759,-0.158660188317299,-0.161242797970772,0.187697663903236,-0.0374947562813759,-0.158660188317299,-0.0374947562813759,-0.158660188317299,0.406555652618408,0.440504848957062,-0.0374947525560856,-0.158660173416138,-0.161241248250008,0.187698379158974,-0.161242797970772,0.187697663903236,-0.0374947525560856,-0.158660173416138,0.406557530164719,0.440505594015121,-0.0374947525560856,-0.158660173416138,-0.0374947562813759,-0.158660188317299,-0.161241248250008,0.187698379158974,-0.0374947525560856,-0.158660173416138,0.406555622816086,0.440504819154739
10.2284002304077,0.406513392925262,0.440452486276627,-0.0375058762729168,-0.158651798963547,-0.161173895001411,0.187751114368439,-0.0375058762729168,-0.158651798963547,-0.0375058762729168,-0.158651798963547,0.406511604785919,0.440451860427856,-0.0375058725476265,-0.158651784062386,-0.161172345280647,0.187751844525337,-0.161173895001411,0.187751114368439,-0.0375058725476265,-0.158651784062386,0.406513452529907,0.440452575683594,-0.0375058725476265,-0.158651784062386,-0.0375058762729168,-0.158651798963547,-0.161172345280647,0.187751844525337,-0.0375058725476265,-0.158651784062386,0.406511604785919,0.440451860427856
10.2287998199463,0.406469345092773,0.440399527549744,-0.0375169888138771,-0.158643394708633,-0.1611048579216,0.18780454993248,-0.0375169925391674,-0.158643409609795,-0.0375169925391674,-0.158643409609795,0.406467527151108,0.440398842096329,-0.0375169888138771,-0.158643394708633,-0.161103308200836,0.187805250287056,-0.1611048579216,0.18780454993248,-0.0375169888138771,-0.158643394708633,0.406469404697418,0.440399587154388,-0.0375169888138771,-0.158643394708633,-0.0375169925391674,-0.158643409609795,-0.161103308200836,0.187805250287056,-0.0375169888138771,-0.158643394708633,0.406467527151108,0.440398842096329
10.2292003631592,0.406425297260284,0.440346568822861,-0.0375281050801277,-0.158635020256042,-0.161035791039467,0.187857925891876,-0.0375281050801277,-0.158635020256042,-0.0375281050801277,-0.158635020256042,0.406423389911652,0.440345913171768,-0.0375281013548374,-0.158635005354881,-0.161034256219864,0.187858656048775,-0.161035791039467,0.187857925891876,-0.0375281013548374,-0.158635005354881,0.406425207853317,0.440346658229828,-0.0375281013548374,-0.158635005354881,-0.037528108805418,-0.158635035157204,-0.161034256219864,0.187858656048775,-0.0375281013548374,-0.158635005354881,0.406423479318619,0.440345883369446
10.2295999526978,0.406381160020828,0.440293669700623,-0.037539292126894,-0.158626586198807,-0.160966724157333,0.187911316752434,-0.0375392958521843,-0.158626601099968,-0.037539292126894,-0.158626586198807,0.406379282474518,0.440292954444885,-0.037539292126894,-0.158626586198807,-0.160965174436569,0.187912046909332,-0.160966724157333,0.187911316752434,-0.037539292126894,-0.158626586198807,0.406381160020828,0.440293669700623,-0.0375392884016037,-0.158626571297646,-0.0375392958521843,-0.158626601099968,-0.160965174436569,0.187912046909332,-0.0375392884016037,-0.158626571297646,0.406379282474518,0.440292954444885
10.2299995422363,0.406336963176727,0.44024071097374,-0.037550400942564,-0.158618196845055,-0.160897627472878,0.187964677810669,-0.0375504046678543,-0.158618211746216,-0.037550400942564,-0.158618196845055,0.406335026025772,0.440240085124969,-0.037550400942564,-0.158618196845055,-0.160896062850952,0.18796543776989,-0.160897627472878,0.187964677810669,-0.037550400942564,-0.158618181943893,0.40633699297905,0.440240800380707,-0.037550400942564,-0.158618181943893,-0.0375504046678543,-0.158618211746216,-0.160896062850952,0.18796543776989,-0.037550400942564,-0.158618181943893,0.406335026025772,0.440240085124969
10.2304000854492,0.406292647123337,0.440187841653824,-0.0375615134835243,-0.15860977768898,-0.160828486084938,0.188018023967743,-0.0375615134835243,-0.15860977768898,-0.0375615134835243,-0.15860977768898,0.406290829181671,0.440187215805054,-0.037561509758234,-0.158609762787819,-0.160826936364174,0.188018754124641,-0.160828486084938,0.188018023967743,-0.037561509758234,-0.158609762787819,0.406292706727982,0.440187960863113,-0.037561509758234,-0.158609762787819,-0.0375615134835243,-0.15860977768898,-0.160826936364174,0.188018754124641,-0.037561509758234,-0.158609762787819,0.406290829181671,0.440187215805054
10.2307996749878,0.406248390674591,0.440135031938553,-0.037572618573904,-0.158601358532906,-0.16075924038887,0.188071340322495,-0.0375726222991943,-0.158601373434067,-0.037572618573904,-0.158601358532906,0.406246572732925,0.44013437628746,-0.037572618573904,-0.158601358532906,-0.160757705569267,0.188072070479393,-0.16075924038887,0.188071340322495,-0.037572618573904,-0.158601358532906,0.406248420476913,0.44013512134552,-0.0375726148486137,-0.158601343631744,-0.0375726222991943,-0.158601373434067,-0.160757705569267,0.188072070479393,-0.0375726148486137,-0.158601343631744,0.406246542930603,0.440134346485138
10.2312002182007,0.406204074621201,0.440082252025604,-0.0375837199389935,-0.158592939376831,-0.160690069198608,0.188124626874924,-0.0375837236642838,-0.158592954277992,-0.0375837199389935,-0.158592939376831,0.406202256679535,0.440081536769867,-0.0375837199389935,-0.158592939376831,-0.160688430070877,0.188125386834145,-0.160690069198608,0.188124626874924,-0.0375837199389935,-0.158592939376831,0.406204134225845,0.440082281827927,-0.0375837199389935,-0.158592939376831,-0.0375837236642838,-0.158592954277992,-0.160688430070877,0.188125386834145,-0.0375837199389935,-0.158592939376831,0.406202256679535,0.440081536769867
10.2315998077393,0.406159818172455,0.440029501914978,-0.0375949032604694,-0.158584505319595,-0.160620778799057,0.188177853822708,-0.0375949069857597,-0.158584520220757,-0.0375949032604694,-0.158584505319595,0.406157791614532,0.440028965473175,-0.0375949405133724,-0.158584505319595,-0.160619214177132,0.188178583979607,-0.160620778799057,0.188177853822708,-0.0375949405133724,-0.158584505319595,0.406159818172455,0.440029501914978,-0.0375949367880821,-0.158584490418434,-0.0375949069857597,-0.158584520220757,-0.160619214177132,0.188178583979607,-0.0375949367880821,-0.158584490418434,0.406157791614532,0.440028965473175
10.2320003509521,0.40611544251442,0.439976781606674,-0.0376060046255589,-0.15857607126236,-0.160551458597183,0.188231110572815,-0.0376060456037521,-0.15857607126236,-0.0376060046255589,-0.15857607126236,0.406113594770432,0.439976036548615,-0.0376060418784618,-0.158576056361198,-0.160549908876419,0.188231825828552,-0.160551458597183,0.188231110572815,-0.0376060418784618,-0.158576056361198,0.40611544251442,0.439976781606674,-0.0376060418784618,-0.158576056361198,-0.0376060493290424,-0.158576086163521,-0.160549908876419,0.188231825828552,-0.0376060418784618,-0.158576056361198,0.406113594770432,0.439976036548615
10.2323999404907,0.40607100725174,0.439924001693726,-0.0376171804964542,-0.158567637205124,-0.160482108592987,0.188284337520599,-0.0376171842217445,-0.158567652106285,-0.037617139518261,-0.158567637205124,0.406069219112396,0.439923346042633,-0.0376171804964542,-0.158567637205124,-0.160480558872223,0.188285037875175,-0.160482108592987,0.188284337520599,-0.0376171804964542,-0.158567637205124,0.406071037054062,0.43992406129837,-0.0376171767711639,-0.158567622303963,-0.0376171842217445,-0.158567652106285,-0.160480558872223,0.188285037875175,-0.0376171767711639,-0.158567622303963,0.406069219112396,0.439923346042633
10.2327995300293,0.406026631593704,0.439871311187744,-0.0376282744109631,-0.158559203147888,-0.16041274368763,0.1883375197649,-0.0376282781362534,-0.158559218049049,-0.0376282781362534,-0.158559218049049,0.406024754047394,0.439870566129684,-0.0376282744109631,-0.158559203147888,-0.160411193966866,0.188338235020638,-0.16041274368763,0.1883375197649,-0.0376282744109631,-0.158559203147888,0.40602645277977,0.439871549606323,-0.0376282744109631,-0.158559203147888,-0.0376282781362534,-0.158559218049049,-0.160411193966866,0.188338235020638,-0.0376282744109631,-0.158559203147888,0.406024754047394,0.439870566129684
10.2332000732422,0.40598201751709,0.439818799495697,-0.0376393683254719,-0.158550754189491,-0.160343244671822,0.188390731811523,-0.0376393720507622,-0.158550769090652,-0.0376393683254719,-0.158550754189491,0.405980169773102,0.439818054437637,-0.0376393683254719,-0.158550754189491,-0.160341694951057,0.188391461968422,-0.160343334078789,0.188390657305717,-0.0376393683254719,-0.158550754189491,0.40598201751709,0.439818799495697,-0.0376393646001816,-0.15855073928833,-0.0376393720507622,-0.158550769090652,-0.160341694951057,0.188391461968422,-0.0376393646001816,-0.15855073928833,0.405980169773102,0.439818054437637
10.2335996627808,0.405937373638153,0.439766198396683,-0.037650503218174,-0.158542305231094,-0.160273820161819,0.188443839550018,-0.037650503218174,-0.158542305231094,-0.037650503218174,-0.158542305231094,0.405935764312744,0.439765274524689,-0.0376504994928837,-0.158542290329933,-0.160272181034088,0.188444644212723,-0.160273820161819,0.188443839550018,-0.0376504994928837,-0.158542290329933,0.405937403440475,0.439766258001328,-0.0376504994928837,-0.158542290329933,-0.0376505069434643,-0.158542320132256,-0.160272181034088,0.188444644212723,-0.0376504994928837,-0.158542290329933,0.405935764312744,0.439765274524689
10.2340002059937,0.405893206596375,0.439713299274445,-0.0376615934073925,-0.158533856272697,-0.160204291343689,0.188497006893158,-0.0376615934073925,-0.158533871173859,-0.0376615934073925,-0.158533856272697,0.405891180038452,0.439712762832642,-0.0376615934073925,-0.158533856272697,-0.160202741622925,0.188497737050056,-0.160204291343689,0.188497006893158,-0.0376615934073925,-0.158533856272697,0.405892759561539,0.439713686704636,-0.0376615896821022,-0.158533841371536,-0.0376615934073925,-0.158533871173859,-0.160202741622925,0.188497737050056,-0.0376615896821022,-0.158533841371536,0.405891180038452,0.439712762832642
10.2343997955322,0.405848562717438,0.439660757780075,-0.0376727171242237,-0.158525392413139,-0.160134717822075,0.188550114631653,-0.037672720849514,-0.158525407314301,-0.0376727171242237,-0.158525392413139,0.405846536159515,0.439660251140594,-0.0376727171242237,-0.158525392413139,-0.160133168101311,0.188550844788551,-0.160134717822075,0.188550114631653,-0.0376727171242237,-0.158525392413139,0.405848622322083,0.439660787582397,-0.0376727133989334,-0.158525377511978,-0.037672720849514,-0.158525407314301,-0.160133168101311,0.188550844788551,-0.0376727133989334,-0.158525377511978,0.405846506357193,0.439660221338272
10.2348003387451,0.405803769826889,0.439608424901962,-0.0376838035881519,-0.158516943454742,-0.160065233707428,0.188603132963181,-0.0376838073134422,-0.158516958355904,-0.0376838035881519,-0.158516943454742,0.405801922082901,0.439607679843903,-0.0376838035881519,-0.158516943454742,-0.160063579678535,0.188603922724724,-0.160065233707428,0.188603132963181,-0.0376838035881519,-0.158516943454742,0.405803769826889,0.439608424901962,-0.0376837998628616,-0.158516928553581,-0.0376838073134422,-0.158516958355904,-0.160063579678535,0.188603922724724,-0.0376837998628616,-0.158516928553581,0.405801922082901,0.439607679843903
10.2351999282837,0.405759125947952,0.43955585360527,-0.0376948900520802,-0.158508479595184,-0.159995526075363,0.188656270503998,-0.0376948900520802,-0.158508479595184,-0.0376948900520802,-0.158508479595184,0.405757069587708,0.439555317163467,-0.0376949235796928,-0.158508464694023,-0.159993976354599,0.188656970858574,-0.159995526075363,0.188656270503998,-0.0376949235796928,-0.158508464694023,0.405759185552597,0.439555913209915,-0.0376948863267899,-0.158508464694023,-0.0376948900520802,-0.158508479595184,-0.159993976354599,0.188656970858574,-0.0376948863267899,-0.158508464694023,0.405757069587708,0.439555317163467
10.2356004714966,0.405714511871338,0.439503341913223,-0.0377060100436211,-0.158500000834465,-0.159925878047943,0.188709273934364,-0.0377060137689114,-0.158500015735626,-0.0377060100436211,-0.158500000834465,0.405712485313416,0.439502775669098,-0.0377060435712337,-0.158499985933304,-0.159924328327179,0.188709989190102,-0.159925878047943,0.188709273934364,-0.0377060435712337,-0.158499985933304,0.405714511871338,0.439503341913223,-0.0377060063183308,-0.158499985933304,-0.0377060137689114,-0.158500015735626,-0.159924328327179,0.188709989190102,-0.0377060435712337,-0.158499985933304,0.405712485313416,0.439502775669098
10.2360000610352,0.405669659376144,0.439450979232788,-0.0377170890569687,-0.158491522073746,-0.159856230020523,0.18876226246357,-0.037717092782259,-0.158491536974907,-0.0377170890569687,-0.158491522073746,0.405667632818222,0.439450412988663,-0.0377171263098717,-0.158491507172585,-0.159854665398598,0.188762977719307,-0.159856215119362,0.188762247562408,-0.0377171263098717,-0.158491507172585,0.405669659376144,0.439450979232788,-0.0377171263098717,-0.158491507172585,-0.037717130035162,-0.158491536974907,-0.159854665398598,0.188762977719307,-0.0377171263098717,-0.158491507172585,0.405667632818222,0.439450412988663
10.2363996505737,0.405625015497208,0.439398407936096,-0.0377282053232193,-0.158483043313026,-0.159786537289619,0.188815206289291,-0.0377282053232193,-0.158483043313026,-0.0377282053232193,-0.158483043313026,0.405622959136963,0.439397841691971,-0.037728201597929,-0.158483043313026,-0.159784868359566,0.188815996050835,-0.159786537289619,0.188815206289291,-0.037728201597929,-0.158483043313026,0.405624836683273,0.439398646354675,-0.037728201597929,-0.158483043313026,-0.0377282053232193,-0.158483043313026,-0.159784868359566,0.188815996050835,-0.037728201597929,-0.158483043313026,0.405622959136963,0.439397841691971
10.2368001937866,0.405580163002014,0.439346045255661,-0.0377392806112766,-0.158474549651146,-0.159716725349426,0.188868194818497,-0.0377392843365669,-0.158474564552307,-0.0377392806112766,-0.158474564552307,0.405578136444092,0.439345508813858,-0.0377392806112766,-0.158474549651146,-0.159715071320534,0.18886898458004,-0.159716725349426,0.188868194818497,-0.0377392806112766,-0.158474549651146,0.405580222606659,0.439346075057983,-0.0377392768859863,-0.158474534749985,-0.0377392843365669,-0.158474564552307,-0.159715071320534,0.188868969678879,-0.0377392768859863,-0.158474534749985,0.405578136444092,0.439345508813858
10.2371997833252,0.405535370111465,0.439293712377548,-0.0377503968775272,-0.158466085791588,-0.159646898508072,0.188921138644218,-0.0377503968775272,-0.158466085791588,-0.037750355899334,-0.158466085791588,0.405533283948898,0.439293175935745,-0.0377503931522369,-0.158466070890427,-0.159645333886147,0.188921853899956,-0.159646898508072,0.188921138644218,-0.0377503931522369,-0.158466070890427,0.405535370111465,0.439293712377548,-0.0377503931522369,-0.158466070890427,-0.0377503968775272,-0.158466085791588,-0.159645333886147,0.188921853899956,-0.0377503931522369,-0.158466070890427,0.405533283948898,0.439293175935745
10.2376003265381,0.405490309000015,0.43924155831337,-0.0377615094184875,-0.158457577228546,-0.159577041864395,0.188974067568779,-0.0377615094184875,-0.158457577228546,-0.0377615094184875,-0.158457577228546,0.405488461256027,0.43924081325531,-0.0377615056931973,-0.158457562327385,-0.159575462341309,0.188974753022194,-0.159577041864395,0.188974067568779,-0.0377615056931973,-0.158457562327385,0.405490100383759,0.439241737127304,-0.0377615056931973,-0.158457562327385,-0.0377615094184875,-0.158457577228546,-0.159575462341309,0.188974753022194,-0.0377615056931973,-0.158457562327385,0.405488461256027,0.43924081325531
10.2379999160767,0.405445247888565,0.439189344644547,-0.0377725772559643,-0.158449068665504,-0.159507155418396,0.189026951789856,-0.0377725772559643,-0.158449083566666,-0.0377725772559643,-0.158449068665504,0.405443370342255,0.439188629388809,-0.0377725772559643,-0.158449068665504,-0.159505590796471,0.189027637243271,-0.159507155418396,0.189026951789856,-0.0377725772559643,-0.158449068665504,0.405445277690887,0.439189404249191,-0.037772573530674,-0.158449053764343,-0.0377725772559643,-0.158449083566666,-0.159505590796471,0.189027637243271,-0.037772573530674,-0.158449053764343,0.405443370342255,0.439188629388809
10.2384004592896,0.405400395393372,0.439136981964111,-0.037783645093441,-0.158440589904785,-0.159437164664268,0.189079850912094,-0.037783645093441,-0.158440589904785,-0.037783645093441,-0.158440589904785,0.405398547649384,0.439136266708374,-0.0377836413681507,-0.158440575003624,-0.159435600042343,0.189080581068993,-0.159437164664268,0.189079850912094,-0.0377836413681507,-0.158440575003624,0.405400425195694,0.439137041568756,-0.0377836413681507,-0.158440575003624,-0.037783645093441,-0.158440589904785,-0.159435600042343,0.189080581068993,-0.0377836413681507,-0.158440575003624,0.405398547649384,0.439136266708374
10.2388000488281,0.405355334281921,0.439084827899933,-0.0377947092056274,-0.158432081341743,-0.159367233514786,0.189132675528526,-0.0377947092056274,-0.158432081341743,-0.0377947092056274,-0.158432081341743,0.405353516340256,0.439084112644196,-0.0377947054803371,-0.158432066440582,-0.159365653991699,0.189133375883102,-0.159367233514786,0.189132675528526,-0.0377947054803371,-0.158432066440582,0.405355364084244,0.439084857702255,-0.0377947054803371,-0.158432066440582,-0.0377947129309177,-0.158432081341743,-0.159365653991699,0.189133375883102,-0.0377947054803371,-0.158432066440582,0.405353456735611,0.439084082841873
10.2391996383667,0.405310273170471,0.439032644033432,-0.0378058142960072,-0.158423557877541,-0.159297183156013,0.189185529947281,-0.0378058142960072,-0.158423557877541,-0.0378058142960072,-0.158423557877541,0.405308246612549,0.439032137393951,-0.0378058105707169,-0.158423542976379,-0.159295603632927,0.189186230301857,-0.159297183156013,0.189185529947281,-0.0378058105707169,-0.158423542976379,0.405310302972794,0.439032673835754,-0.0378058105707169,-0.158423542976379,-0.0378058142960072,-0.158423557877541,-0.159295603632927,0.189186230301857,-0.0378058105707169,-0.158423542976379,0.405308246612549,0.439032137393951
10.2396001815796,0.405265182256699,0.438980460166931,-0.0378169156610966,-0.158415034413338,-0.159227192401886,0.189238265156746,-0.0378169156610966,-0.158415034413338,-0.0378169156610966,-0.158415034413338,0.405263394117355,0.438979774713516,-0.0378169119358063,-0.158415019512177,-0.159225642681122,0.189238965511322,-0.159227192401886,0.189238265156746,-0.0378169119358063,-0.158415019512177,0.405265241861343,0.438980519771576,-0.0378169119358063,-0.158415019512177,-0.0378169156610966,-0.158415034413338,-0.159225642681122,0.189238965511322,-0.0378169119358063,-0.158415019512177,0.405263394117355,0.438979774713516
10.2399997711182,0.405219912528992,0.438928484916687,-0.0378279723227024,-0.158406525850296,-0.15915709733963,0.189291045069695,-0.0378279723227024,-0.158406525850296,-0.0378279723227024,-0.158406525850296,0.405218124389648,0.438927799463272,-0.0378279685974121,-0.158406496047974,-0.159155532717705,0.189291745424271,-0.15915709733963,0.189291045069695,-0.0378279685974121,-0.158406496047974,0.405219972133636,0.438928544521332,-0.0378279685974121,-0.158406510949135,-0.0378279760479927,-0.158406540751457,-0.159155532717705,0.189291745424271,-0.0378279685974121,-0.158406510949135,0.405218124389648,0.438927799463272
10.2404003143311,0.405174851417542,0.438876330852509,-0.0378390327095985,-0.158397987484932,-0.159086972475052,0.189343795180321,-0.0378390364348888,-0.158398002386093,-0.0378390327095985,-0.158397987484932,0.405173033475876,0.438875645399094,-0.0378390327095985,-0.158397987484932,-0.159085392951965,0.189344495534897,-0.159086972475052,0.189343795180321,-0.0378390289843082,-0.158397972583771,0.405174881219864,0.438876390457153,-0.0378390289843082,-0.158397972583771,-0.0378390364348888,-0.158398002386093,-0.159085392951965,0.189344495534897,-0.0378390289843082,-0.158397972583771,0.405173033475876,0.438875645399094
10.2407999038696,0.405129790306091,0.438824146986008,-0.0378500893712044,-0.158389464020729,-0.159016832709312,0.189396515488625,-0.0378500930964947,-0.15838947892189,-0.0378500893712044,-0.158389464020729,0.405128002166748,0.43882343173027,-0.0378501228988171,-0.158389434218407,-0.159015253186226,0.189397215843201,-0.159016832709312,0.189396515488625,-0.0378501228988171,-0.158389434218407,0.405129820108414,0.43882417678833,-0.0378501228988171,-0.158389434218407,-0.0378500930964947,-0.15838947892189,-0.159015253186226,0.189397215843201,-0.0378501228988171,-0.158389434218407,0.405127972364426,0.438823401927948
10.2412004470825,0.405084490776062,0.438772171735764,-0.0378611832857132,-0.158380940556526,-0.158946648240089,0.189449176192284,-0.0378611832857132,-0.158380940556526,-0.0378611832857132,-0.158380940556526,0.405082523822784,0.438771665096283,-0.0378612168133259,-0.158380910754204,-0.158945083618164,0.18944987654686,-0.158946648240089,0.189449176192284,-0.0378612168133259,-0.158380910754204,0.405084550380707,0.438772201538086,-0.0378612168133259,-0.158380910754204,-0.0378611832857132,-0.158380940556526,-0.158945083618164,0.18944987654686,-0.0378612168133259,-0.158380910754204,0.40508246421814,0.438771635293961
10.2416000366211,0.405039429664612,0.438720017671585,-0.0378722734749317,-0.158372387290001,-0.158876344561577,0.189501896500587,-0.037872277200222,-0.158372402191162,-0.0378722734749317,-0.158372387290001,0.405037403106689,0.43871945142746,-0.0378722697496414,-0.15837237238884,-0.158874794840813,0.189502611756325,-0.158876344561577,0.189501896500587,-0.0378722697496414,-0.15837237238884,0.405039489269257,0.438720047473907,-0.0378722697496414,-0.15837237238884,-0.037872277200222,-0.158372402191162,-0.158874794840813,0.189502596855164,-0.0378722697496414,-0.15837237238884,0.405037403106689,0.43871945142746
10.2419996261597,0.404993951320648,0.438668191432953,-0.037883322685957,-0.158363848924637,-0.158806145191193,0.189554512500763,-0.0378833264112473,-0.158363848924637,-0.037883322685957,-0.158363848924637,0.404992133378983,0.438667446374893,-0.037883322685957,-0.158363834023476,-0.158804476261139,0.189555272459984,-0.158806145191193,0.189554512500763,-0.0378833189606667,-0.158363819122314,0.404993981122971,0.438668251037598,-0.0378833189606667,-0.158363819122314,-0.0378833264112473,-0.158363848924637,-0.158804476261139,0.189555272459984,-0.0378833189606667,-0.158363819122314,0.404992133378983,0.438667446374893
10.2424001693726,0.404948711395264,0.438616216182709,-0.0378943718969822,-0.15835528075695,-0.158735811710358,0.1896071434021,-0.0378943756222725,-0.158355295658112,-0.0378943718969822,-0.158355295658112,0.404946833848953,0.438615471124649,-0.0378943681716919,-0.158355265855789,-0.158734232187271,0.189607843756676,-0.158735811710358,0.1896071434021,-0.0378943681716919,-0.158355265855789,0.404948711395264,0.438616216182709,-0.0378943681716919,-0.158355265855789,-0.0378943756222725,-0.158355295658112,-0.158734232187271,0.189607843756676,-0.0378943681716919,-0.158355265855789,0.404946833848953,0.438615471124649
10.2427997589111,0.404903411865234,0.438564240932465,-0.0379054546356201,-0.158346742391586,-0.158665418624878,0.189659744501114,-0.0379054546356201,-0.158346742391586,-0.0379054173827171,-0.158346757292747,0.40490135550499,0.438563704490662,-0.0379054509103298,-0.158346727490425,-0.158663854002953,0.18966044485569,-0.158665418624878,0.189659744501114,-0.0379054509103298,-0.158346727490425,0.404903411865234,0.438564240932465,-0.0379054509103298,-0.158346727490425,-0.0379054546356201,-0.158346742391586,-0.158663854002953,0.18966044485569,-0.0379054509103298,-0.158346727490425,0.40490135550499,0.438563704490662
10.243200302124,0.404857873916626,0.438512444496155,-0.037916537374258,-0.158338189125061,-0.158595025539398,0.189712315797806,-0.037916537374258,-0.158338189125061,-0.0379165001213551,-0.158338189125061,0.40485605597496,0.438511729240417,-0.0379165336489677,-0.1583381742239,-0.158593460917473,0.189713016152382,-0.158595025539398,0.189712315797806,-0.0379165336489677,-0.1583381742239,0.404857695102692,0.438512653112411,-0.0379165336489677,-0.1583381742239,-0.0379165410995483,-0.158338204026222,-0.158593460917473,0.189713016152382,-0.0379165336489677,-0.1583381742239,0.40485605597496,0.438511729240417
10.2435998916626,0.404812395572662,0.438460648059845,-0.0379275791347027,-0.158329606056213,-0.158524617552757,0.189764872193336,-0.037927582859993,-0.158329620957375,-0.0379275791347027,-0.158329606056213,0.404810577630997,0.438459903001785,-0.0379275754094124,-0.158329591155052,-0.158523052930832,0.189765557646751,-0.158524617552757,0.189764872193336,-0.0379275754094124,-0.158329591155052,0.404812425374985,0.438460677862167,-0.0379275754094124,-0.158329591155052,-0.037927582859993,-0.158329620957375,-0.158523038029671,0.189765557646751,-0.0379275754094124,-0.158329591155052,0.404810577630997,0.438459903001785
10.2440004348755,0.404767096042633,0.438408672809601,-0.0379386208951473,-0.158321052789688,-0.158454164862633,0.189817368984222,-0.0379386208951473,-0.158321052789688,-0.0379386208951473,-0.158321052789688,0.404765069484711,0.438408136367798,-0.037938617169857,-0.158321037888527,-0.15845251083374,0.189818128943443,-0.158454164862633,0.189817368984222,-0.037938617169857,-0.158321037888527,0.404766887426376,0.438408851623535,-0.037938617169857,-0.158321037888527,-0.0379386208951473,-0.158321052789688,-0.15845251083374,0.189818128943443,-0.037938617169857,-0.158321037888527,0.404765069484711,0.438408136367798
10.2444000244141,0.404721438884735,0.438357084989548,-0.0379496552050114,-0.158312484622002,-0.15838360786438,0.189869910478592,-0.0379496589303017,-0.158312499523163,-0.0379496552050114,-0.158312484622002,0.404719591140747,0.438356339931488,-0.0379496552050114,-0.158312484622002,-0.158382028341293,0.189870595932007,-0.15838360786438,0.189869910478592,-0.0379496552050114,-0.158312484622002,0.404721438884735,0.438357084989548,-0.0379496552050114,-0.15831246972084,-0.0379496589303017,-0.158312499523163,-0.158382028341293,0.189870595932007,-0.0379496552050114,-0.15831246972084,0.404719591140747,0.438356339931488
10.2447996139526,0.404675900936127,0.438305258750916,-0.037960734218359,-0.158303901553154,-0.158313125371933,0.189922347664833,-0.037960734218359,-0.158303901553154,-0.037960734218359,-0.158303901553154,0.404674053192139,0.438304513692856,-0.0379607304930687,-0.158303901553154,-0.158311456441879,0.189923092722893,-0.158313125371933,0.189922347664833,-0.0379607304930687,-0.158303901553154,0.404675930738449,0.43830531835556,-0.0379607304930687,-0.158303901553154,-0.037960734218359,-0.158303901553154,-0.158311456441879,0.189923092722893,-0.0379607304930687,-0.158303901553154,0.404674053192139,0.438304513692856
10.2452001571655,0.404630184173584,0.43825364112854,-0.037971805781126,-0.158295333385468,-0.158242508769035,0.189974814653397,-0.037971805781126,-0.158295333385468,-0.037971805781126,-0.158295333385468,0.404628366231918,0.43825289607048,-0.0379718020558357,-0.158295318484306,-0.15824094414711,0.18997548520565,-0.158242508769035,0.189974814653397,-0.0379718020558357,-0.158295318484306,0.404630184173584,0.43825364112854,-0.0379718020558357,-0.158295318484306,-0.037971805781126,-0.158295333385468,-0.15824094414711,0.18997548520565,-0.0379718020558357,-0.158295318484306,0.404628366231918,0.43825289607048
10.2455997467041,0.404584676027298,0.43820184469223,-0.0379828363656998,-0.158286735415459,-0.158171877264977,0.190027236938477,-0.0379828400909901,-0.15828675031662,-0.0379828363656998,-0.158286735415459,0.404582858085632,0.438201129436493,-0.0379828363656998,-0.158286735415459,-0.158170312643051,0.190027937293053,-0.158171877264977,0.190027236938477,-0.0379828363656998,-0.158286735415459,0.404584735631943,0.438201874494553,-0.0379828363656998,-0.158286735415459,-0.0379828400909901,-0.15828675031662,-0.158170312643051,0.190027937293053,-0.0379828363656998,-0.158286735415459,0.404582858085632,0.438201129436493
10.246000289917,0.404539197683334,0.43815004825592,-0.0379938669502735,-0.158278152346611,-0.158101230859756,0.190079644322395,-0.0379938669502735,-0.158278152346611,-0.0379938669502735,-0.158278152346611,0.40453714132309,0.438149511814117,-0.0379938632249832,-0.15827813744545,-0.15809965133667,0.19008032977581,-0.158101230859756,0.190079644322395,-0.0379938632249832,-0.15827813744545,0.4045390188694,0.438150256872177,-0.0379938632249832,-0.15827813744545,-0.0379938706755638,-0.158278167247772,-0.15809965133667,0.19008032977581,-0.0379938632249832,-0.15827813744545,0.40453714132309,0.438149511814117
10.2463998794556,0.404493272304535,0.438098609447479,-0.038004893809557,-0.158269554376602,-0.158030539751053,0.190132007002831,-0.0380048975348473,-0.158269569277763,-0.038004893809557,-0.158269554376602,0.40449133515358,0.438097923994064,-0.038004893809557,-0.158269554376602,-0.158028960227966,0.190132692456245,-0.158030539751053,0.190132007002831,-0.038004893809557,-0.158269554376602,0.404493272304535,0.438098639249802,-0.0380048900842667,-0.158269539475441,-0.0380048975348473,-0.158269569277763,-0.158028960227966,0.190132692456245,-0.0380048900842667,-0.158269539475441,0.40449133515358,0.438097923994064
10.2468004226685,0.404447555541992,0.438047021627426,-0.0380159579217434,-0.158260971307755,-0.157959833741188,0.190184339880943,-0.0380159616470337,-0.158260971307755,-0.0380159579217434,-0.158260971307755,0.404445588588715,0.438046336174011,-0.0380159579217434,-0.158260971307755,-0.157958179712296,0.190185084939003,-0.157959833741188,0.190184339880943,-0.0380159579217434,-0.158260971307755,0.404447585344315,0.438047051429749,-0.0380159541964531,-0.158260956406593,-0.0380159616470337,-0.158260971307755,-0.157958179712296,0.190185084939003,-0.0380159541964531,-0.158260956406593,0.404445588588715,0.438046336174011
10.247200012207,0.40440171957016,0.437995463609695,-0.0380270220339298,-0.158252358436584,-0.157889008522034,0.190236702561378,-0.0380270220339298,-0.158252358436584,-0.0380270220339298,-0.158252358436584,0.404399812221527,0.437994778156281,-0.0380270183086395,-0.158252343535423,-0.157887428998947,0.190237388014793,-0.157889008522034,0.190236702561378,-0.0380270183086395,-0.158252343535423,0.40440171957016,0.437995493412018,-0.0380270183086395,-0.158252343535423,-0.0380270257592201,-0.158252373337746,-0.157887428998947,0.190237388014793,-0.0380270183086395,-0.158252343535423,0.404399812221527,0.437994778156281
10.2475996017456,0.40435591340065,0.437943905591965,-0.0380380414426327,-0.158243745565414,-0.157818153500557,0.190289035439491,-0.038038045167923,-0.158243760466576,-0.0380380414426327,-0.158243745565414,0.404354065656662,0.43794322013855,-0.0380380414426327,-0.158243745565414,-0.15781657397747,0.190289705991745,-0.157818153500557,0.190289035439491,-0.0380380414426327,-0.158243745565414,0.404355943202972,0.437943994998932,-0.0380380377173424,-0.158243730664253,-0.038038045167923,-0.158243760466576,-0.15781657397747,0.190289705991745,-0.0380380414426327,-0.158243745565414,0.404354065656662,0.43794322013855
10.2480001449585,0.404310077428818,0.437892466783524,-0.0380490645766258,-0.158235147595406,-0.157747372984886,0.190341264009476,-0.0380490645766258,-0.158235147595406,-0.0380490645766258,-0.158235147595406,0.404308170080185,0.437891751527786,-0.0380490608513355,-0.158235132694244,-0.157745704054832,0.190342009067535,-0.157747372984886,0.190341264009476,-0.0380490608513355,-0.158235132694244,0.404309988021851,0.437892466783524,-0.0380490608513355,-0.158235132694244,-0.0380490645766258,-0.158235147595406,-0.157745704054832,0.190342009067535,-0.0380490608513355,-0.158235132694244,0.404308170080185,0.437891751527786
10.2483997344971,0.404264152050018,0.437840968370438,-0.0380600839853287,-0.158226519823074,-0.157676473259926,0.190393507480621,-0.0380600839853287,-0.158226519823074,-0.0380600839853287,-0.158226519823074,0.404262185096741,0.437840312719345,-0.0380600802600384,-0.158226504921913,-0.157674893736839,0.190394192934036,-0.157676473259926,0.190393507480621,-0.0380600802600384,-0.158226504921913,0.404264211654663,0.437841027975082,-0.0380600802600384,-0.158226504921913,-0.0380600839853287,-0.158226519823074,-0.157674893736839,0.190394192934036,-0.0380600802600384,-0.158226504921913,0.404262185096741,0.437840312719345
10.24880027771,0.404218226671219,0.437789589166641,-0.0380711369216442,-0.158217892050743,-0.157605454325676,0.190445810556412,-0.0380711406469345,-0.158217906951904,-0.0380711369216442,-0.158217892050743,0.404216319322586,0.437788903713226,-0.0380711369216442,-0.158217892050743,-0.157603889703751,0.190446496009827,-0.157605454325676,0.190445810556412,-0.0380711369216442,-0.158217892050743,0.404218226671219,0.437789589166641,-0.0380711331963539,-0.158217877149582,-0.0380711406469345,-0.158217906951904,-0.157603889703751,0.190446496009827,-0.0380711331963539,-0.158217877149582,0.404216319322586,0.437788903713226
10.2491998672485,0.404172301292419,0.437738120555878,-0.0380821898579597,-0.158209294080734,-0.157534509897232,0.190497994422913,-0.0380821898579597,-0.158209294080734,-0.0380821898579597,-0.158209294080734,0.404170334339142,0.437737494707108,-0.0380821861326694,-0.158209264278412,-0.157532915472984,0.190498664975166,-0.157534509897232,0.190497994422913,-0.0380821861326694,-0.158209279179573,0.404172301292419,0.437738209962845,-0.0380821861326694,-0.158209279179573,-0.0380821898579597,-0.158209294080734,-0.157532915472984,0.190498664975166,-0.0380821861326694,-0.158209279179573,0.404170334339142,0.437737494707108
10.2496004104614,0.404126346111298,0.437686741352081,-0.038093201816082,-0.158200651407242,-0.157463535666466,0.190550148487091,-0.038093201816082,-0.158200651407242,-0.038093201816082,-0.158200651407242,0.404124438762665,0.437686145305634,-0.0380931980907917,-0.158200621604919,-0.157461941242218,0.190550833940506,-0.157463535666466,0.190550148487091,-0.0380931980907917,-0.158200636506081,0.40412625670433,0.437686830759048,-0.0380931980907917,-0.158200636506081,-0.038093201816082,-0.158200651407242,-0.157461941242218,0.190550833940506,-0.0380931980907917,-0.158200636506081,0.404124408960342,0.437686085700989
10.25,0.404080331325531,0.437635451555252,-0.0381042137742043,-0.158192023634911,-0.157392427325249,0.190602347254753,-0.0381042137742043,-0.158192023634911,-0.0381042137742043,-0.158192023634911,0.404078394174576,0.437634766101837,-0.0381042435765266,-0.158192008733749,-0.157390862703323,0.190603017807007,-0.157392427325249,0.190602347254753,-0.038104210048914,-0.158192008733749,0.404080331325531,0.437635451555252,-0.038104210048914,-0.158192008733749,-0.0381042137742043,-0.158192023634911,-0.157390847802162,0.190603017807007,-0.038104210048914,-0.158192008733749,0.404078394174576,0.437634766101837
10.2503995895386,0.404034197330475,0.4375841319561,-0.0381152182817459,-0.158183366060257,-0.157321408390999,0.190654426813126,-0.0381152220070362,-0.158183380961418,-0.0381152182817459,-0.158183366060257,0.404032349586487,0.437583476305008,-0.0381152927875519,-0.158183366060257,-0.157319843769073,0.190655097365379,-0.157321408390999,0.190654426813126,-0.0381152182817459,-0.158183366060257,0.404034227132797,0.437584221363068,-0.0381152182817459,-0.158183366060257,-0.0381152220070362,-0.158183380961418,-0.157319828867912,0.190655082464218,-0.0381152182817459,-0.158183366060257,0.404032349586487,0.437583476305008
10.2508001327515,0.403988122940063,0.437532871961594,-0.0381262637674809,-0.158174738287926,-0.157250270247459,0.19070653617382,-0.0381262637674809,-0.158174738287926,-0.0381262637674809,-0.158174738287926,0.403986245393753,0.437532246112823,-0.0381262600421906,-0.158174723386765,-0.157248690724373,0.190707221627235,-0.157250270247459,0.19070653617382,-0.0381262600421906,-0.158174723386765,0.403988063335419,0.437532901763916,-0.0381262600421906,-0.158174723386765,-0.0381262637674809,-0.158174738287926,-0.157248690724373,0.190707221627235,-0.0381262600421906,-0.158174723386765,0.403986245393753,0.437532246112823
10.25119972229,0.40394201874733,0.437481641769409,-0.0381373055279255,-0.158166095614433,-0.157179102301598,0.190758615732193,-0.0381373092532158,-0.158166110515594,-0.0381373055279255,-0.158166095614433,0.403940051794052,0.437481015920639,-0.0381373018026352,-0.158166080713272,-0.157177522778511,0.190759301185608,-0.157179102301598,0.190758615732193,-0.0381373018026352,-0.158166080713272,0.40394201874733,0.437481641769409,-0.0381373018026352,-0.158166080713272,-0.0381373092532158,-0.158166110515594,-0.157177522778511,0.190759301185608,-0.0381373018026352,-0.158166080713272,0.403940051794052,0.437481015920639
10.2516002655029,0.403895735740662,0.437430441379547,-0.0381483063101768,-0.15815743803978,-0.157107904553413,0.190810665488243,-0.0381483063101768,-0.15815743803978,-0.0381483063101768,-0.15815743803978,0.403893917798996,0.437429755926132,-0.0381483025848866,-0.158157423138618,-0.157106325030327,0.190811336040497,-0.157107904553413,0.190810665488243,-0.0381483025848866,-0.158157423138618,0.403895765542984,0.437430530786514,-0.0381483025848866,-0.158157423138618,-0.0381483063101768,-0.15815743803978,-0.157106325030327,0.190811336040497,-0.0381483025848866,-0.158157423138618,0.403893917798996,0.437429755926132
10.2519998550415,0.403849601745605,0.437379240989685,-0.0381593033671379,-0.158148765563965,-0.157036691904068,0.190862685441971,-0.0381593070924282,-0.158148780465126,-0.0381593070924282,-0.158148780465126,0.40384766459465,0.437378644943237,-0.0381593033671379,-0.158148765563965,-0.157035112380981,0.190863355994225,-0.157036691904068,0.190862685441971,-0.0381593033671379,-0.158148765563965,0.403849631547928,0.437379330396652,-0.0381593033671379,-0.158148765563965,-0.0381593070924282,-0.158148780465126,-0.157035112380981,0.190863355994225,-0.0381593033671379,-0.158148765563965,0.403847634792328,0.437378615140915
10.2524003982544,0.403803378343582,0.437328159809113,-0.0381703078746796,-0.158140107989311,-0.156965360045433,0.190914735198021,-0.0381703078746796,-0.158140107989311,-0.0381703078746796,-0.158140107989311,0.403801411390305,0.437327444553375,-0.0381703041493893,-0.15814009308815,-0.156963780522346,0.190915405750275,-0.156965360045433,0.190914735198021,-0.0381703041493893,-0.15814009308815,0.403803259134293,0.437328189611435,-0.0381703041493893,-0.15814009308815,-0.0381703078746796,-0.158140107989311,-0.156963780522346,0.190915405750275,-0.0381703041493893,-0.15814009308815,0.403801411390305,0.437327444553375
10.252799987793,0.403757125139236,0.437277019023895,-0.0381813384592533,-0.158131450414658,-0.156894087791443,0.190966665744781,-0.0381813384592533,-0.158131450414658,-0.0381813384592533,-0.158131450414658,0.403755068778992,0.437276393175125,-0.038181334733963,-0.158131435513496,-0.156892508268356,0.190967336297035,-0.156894087791443,0.190966665744781,-0.038181334733963,-0.158131435513496,0.403756976127625,0.43727707862854,-0.038181334733963,-0.158131435513496,-0.0381813421845436,-0.158131465315819,-0.156892508268356,0.190967321395874,-0.038181334733963,-0.158131435513496,0.403755158185959,0.437276363372803
10.2531995773315,0.403710722923279,0.437225937843323,-0.0381923727691174,-0.158122792840004,-0.156822711229324,0.191018640995026,-0.0381923727691174,-0.158122792840004,-0.0381923727691174,-0.158122792840004,0.403708815574646,0.437225311994553,-0.0381923690438271,-0.158122777938843,-0.156821116805077,0.191019311547279,-0.156822711229324,0.191018640995026,-0.0381923690438271,-0.158122777938843,0.403710782527924,0.437225997447968,-0.0381923690438271,-0.158122777938843,-0.0381923727691174,-0.158122792840004,-0.156821116805077,0.191019311547279,-0.0381923690438271,-0.158122777938843,0.403708815574646,0.437225311994553
10.2536001205444,0.403664380311966,0.437174886465073,-0.0382033623754978,-0.158114090561867,-0.156751289963722,0.191070571541786,-0.0382033661007881,-0.158114105463028,-0.0382033623754978,-0.158114090561867,0.403662472963333,0.437174290418625,-0.0382033623754978,-0.158114090561867,-0.156749710440636,0.19107124209404,-0.156751289963722,0.191070571541786,-0.0382033623754978,-0.158114090561867,0.403664410114288,0.43717497587204,-0.0382033586502075,-0.158114075660706,-0.0382033661007881,-0.158114105463028,-0.156749710440636,0.19107124209404,-0.0382033586502075,-0.158114075660706,0.403662472963333,0.437174290418625
10.253999710083,0.403618067502975,0.437123954296112,-0.0382143519818783,-0.158105418086052,-0.156679943203926,0.191122397780418,-0.0382143519818783,-0.158105418086052,-0.0382143519818783,-0.158105418086052,0.403615981340408,0.437123268842697,-0.038214348256588,-0.158105403184891,-0.15667836368084,0.191123068332672,-0.156679943203926,0.191122397780418,-0.038214348256588,-0.158105403184891,0.403617948293686,0.437123954296112,-0.038214348256588,-0.158105403184891,-0.0382143519818783,-0.158105418086052,-0.15667836368084,0.191123068332672,-0.038214348256588,-0.158105403184891,0.403615981340408,0.437123268842697
10.2544002532959,0.403571605682373,0.437072932720184,-0.0382253415882587,-0.158096745610237,-0.156608492136002,0.191174283623695,-0.0382253415882587,-0.158096745610237,-0.0382253415882587,-0.158096745610237,0.403569638729095,0.437072277069092,-0.0382253378629684,-0.158096730709076,-0.156606808304787,0.191175013780594,-0.156608492136002,0.191174283623695,-0.0382253378629684,-0.158096730709076,0.403571605682373,0.437072962522507,-0.0382253378629684,-0.158096730709076,-0.0382253415882587,-0.158096745610237,-0.156606808304787,0.191175013780594,-0.0382253378629684,-0.158096730709076,0.403569638729095,0.437072277069092
10.2547998428345,0.403525084257126,0.437021970748901,-0.0382363647222519,-0.158088073134422,-0.156536921858788,0.191226184368134,-0.0382363647222519,-0.158088073134422,-0.0382363647222519,-0.158088073134422,0.403523176908493,0.437021315097809,-0.0382363609969616,-0.158088058233261,-0.15653532743454,0.191226840019226,-0.156536921858788,0.191226184368134,-0.0382363609969616,-0.158088058233261,0.403525143861771,0.437022000551224,-0.0382363609969616,-0.158088058233261,-0.0382363647222519,-0.158088073134422,-0.15653532743454,0.191226840019226,-0.0382363609969616,-0.158088058233261,0.403523176908493,0.437021315097809
10.2552003860474,0.403478533029556,0.436971038579941,-0.0382473841309547,-0.158079355955124,-0.156465411186218,0.191277951002121,-0.038247387856245,-0.158079370856285,-0.0382473841309547,-0.158079355955124,0.403476685285568,0.436970412731171,-0.0382473804056644,-0.158079341053963,-0.156463727355003,0.191278710961342,-0.156465411186218,0.191277951002121,-0.0382473804056644,-0.158079341053963,0.403478562831879,0.436971127986908,-0.0382473804056644,-0.158079341053963,-0.038247387856245,-0.158079370856285,-0.156463727355003,0.191278710961342,-0.0382473804056644,-0.158079341053963,0.403476685285568,0.436970412731171
10.2555999755859,0.403432071208954,0.436920166015625,-0.0382583662867546,-0.158070668578148,-0.156393870711327,0.19132973253727,-0.0382583700120449,-0.158070683479309,-0.0382583662867546,-0.158070668578148,0.403430134057999,0.436919569969177,-0.0382583662867546,-0.158070668578148,-0.156392201781273,0.191330447793007,-0.156393870711327,0.19132973253727,-0.0382583662867546,-0.158070668578148,0.403431981801987,0.436920255422592,-0.0382583625614643,-0.158070653676987,-0.0382583700120449,-0.158070683479309,-0.156392201781273,0.191330447793007,-0.0382583625614643,-0.158070653676987,0.403430134057999,0.436919569969177
10.2559995651245,0.403385519981384,0.436869382858276,-0.0382693447172642,-0.158061951398849,-0.156322240829468,0.191381528973579,-0.0382693484425545,-0.158061966300011,-0.0382693447172642,-0.158061966300011,0.403383582830429,0.436868697404861,-0.0382693447172642,-0.158061951398849,-0.156320631504059,0.191382184624672,-0.156322240829468,0.191381528973579,-0.0382693447172642,-0.158061951398849,0.403385430574417,0.436869382858276,-0.0382693447172642,-0.158061951398849,-0.0382693484425545,-0.158061966300011,-0.156320631504059,0.191382184624672,-0.0382693447172642,-0.158061951398849,0.403383582830429,0.436868697404861
10.2564001083374,0.403338849544525,0.436818540096283,-0.0382803231477737,-0.158053264021873,-0.156250551342964,0.191433295607567,-0.038280326873064,-0.158053278923035,-0.0382803231477737,-0.158053264021873,0.403337001800537,0.43681788444519,-0.0382803231477737,-0.158053264021873,-0.156248956918716,0.191433951258659,-0.156250551342964,0.191433295607567,-0.0382803194224834,-0.158053249120712,0.403338849544525,0.436818569898605,-0.0382803194224834,-0.158053249120712,-0.038280326873064,-0.158053278923035,-0.156248956918716,0.191433951258659,-0.0382803194224834,-0.158053249120712,0.403337001800537,0.43681788444519
10.256799697876,0.403292268514633,0.436767756938934,-0.0382913015782833,-0.158044561743736,-0.156178846955299,0.191485002636909,-0.0382913388311863,-0.158044546842575,-0.0382913015782833,-0.158044561743736,0.403290212154388,0.436767101287842,-0.038291335105896,-0.158044531941414,-0.156177267432213,0.191485673189163,-0.156178846955299,0.191485002636909,-0.038291335105896,-0.158044531941414,0.403292179107666,0.436767786741257,-0.038291335105896,-0.158044531941414,-0.0382913388311863,-0.158044546842575,-0.156177267432213,0.191485673189163,-0.038291335105896,-0.158044531941414,0.403290212154388,0.436767101287842
10.2572002410889,0.403245508670807,0.436717003583908,-0.0383023098111153,-0.158035829663277,-0.156107112765312,0.191536694765091,-0.0383023545145988,-0.158035844564438,-0.0383023098111153,-0.158035829663277,0.403243660926819,0.436716347932816,-0.0383023470640182,-0.158035814762115,-0.156105428934097,0.191537424921989,-0.156107112765312,0.191536694765091,-0.0383023470640182,-0.158035814762115,0.403245538473129,0.436717092990875,-0.0383023470640182,-0.158035814762115,-0.0383023545145988,-0.158035844564438,-0.156105428934097,0.191537424921989,-0.0383023470640182,-0.158035814762115,0.403243660926819,0.436716347932816
10.2575998306274,0.403198808431625,0.436666280031204,-0.0383133217692375,-0.158027112483978,-0.156035378575325,0.191588342189789,-0.0383133254945278,-0.158027127385139,-0.0383133217692375,-0.158027112483978,0.40319687128067,0.436665624380112,-0.0383133180439472,-0.158027097582817,-0.156033679842949,0.191589072346687,-0.156035378575325,0.191588342189789,-0.0383133180439472,-0.158027097582817,0.40319886803627,0.436666369438171,-0.0383133180439472,-0.158027097582817,-0.0383133254945278,-0.158027127385139,-0.156033679842949,0.191589072346687,-0.0383133180439472,-0.158027097582817,0.40319687128067,0.436665594577789
10.2580003738403,0.403152048587799,0.436615586280823,-0.0383242890238762,-0.15801839530468,-0.155963510274887,0.19164003431797,-0.0383242890238762,-0.15801839530468,-0.0383242890238762,-0.15801839530468,0.403150081634521,0.43661493062973,-0.0383242852985859,-0.158018380403519,-0.155961900949478,0.191640675067902,-0.155963510274887,0.19164003431797,-0.0383242852985859,-0.158018380403519,0.403152078390121,0.436615645885468,-0.0383242852985859,-0.158018380403519,-0.0383242890238762,-0.15801839530468,-0.155961900949478,0.191640675067902,-0.0383242852985859,-0.158018380403519,0.403150081634521,0.43661493062973
10.2583999633789,0.40310525894165,0.436564952135086,-0.0383352600038052,-0.15800966322422,-0.155891701579094,0.191691592335701,-0.0383352600038052,-0.158009678125381,-0.0383352600038052,-0.15800966322422,0.403103321790695,0.436564326286316,-0.0383352600038052,-0.15800966322422,-0.155890017747879,0.191692322492599,-0.155891701579094,0.191691592335701,-0.0383352562785149,-0.158009648323059,0.403105288743973,0.436564981937408,-0.0383352562785149,-0.158009648323059,-0.0383352600038052,-0.158009678125381,-0.155890017747879,0.191692322492599,-0.0383352562785149,-0.158009648323059,0.403103291988373,0.436564266681671
10.2587995529175,0.403058499097824,0.436514347791672,-0.0383462235331535,-0.158000931143761,-0.155819788575172,0.191743209958076,-0.0383462272584438,-0.158000946044922,-0.0383462235331535,-0.158000931143761,0.403056561946869,0.436513721942902,-0.0383462235331535,-0.158000931143761,-0.155818179249763,0.191743865609169,-0.155819788575172,0.191743209958076,-0.0383462235331535,-0.158000931143761,0.403058409690857,0.436514407396317,-0.0383462198078632,-0.158000916242599,-0.0383462272584438,-0.158000946044922,-0.155818179249763,0.191743865609169,-0.0383462235331535,-0.158000931143761,0.403056561946869,0.436513721942902
10.2592000961304,0.403011620044708,0.43646377325058,-0.0383572243154049,-0.15799218416214,-0.155747830867767,0.191794782876968,-0.0383572280406952,-0.157992199063301,-0.0383572243154049,-0.15799218416214,0.403009653091431,0.436463117599487,-0.0383572243154049,-0.15799218416214,-0.155746251344681,0.191795438528061,-0.155747830867767,0.191794782876968,-0.0383572243154049,-0.15799218416214,0.403011620044708,0.436463803052902,-0.0383572205901146,-0.157992169260979,-0.0383572280406952,-0.157992199063301,-0.155746251344681,0.191795438528061,-0.0383572205901146,-0.157992169260979,0.403009653091431,0.436463117599487
10.2595996856689,0.402964740991592,0.436413198709488,-0.038368221372366,-0.157983437180519,-0.155675888061523,0.191846340894699,-0.0383682250976563,-0.15798345208168,-0.038368221372366,-0.157983437180519,0.402962774038315,0.436412572860718,-0.0383682176470757,-0.157983422279358,-0.155674278736115,0.19184698164463,-0.155675888061523,0.191846340894699,-0.0383682176470757,-0.157983422279358,0.402964621782303,0.43641322851181,-0.0383682176470757,-0.157983422279358,-0.0383682250976563,-0.15798345208168,-0.155674278736115,0.19184698164463,-0.0383682176470757,-0.157983422279358,0.402962774038315,0.436412572860718
10.2600002288818,0.402917742729187,0.436362713575363,-0.0383791849017143,-0.15797470510006,-0.155603885650635,0.191897839307785,-0.0383791849017143,-0.15797470510006,-0.0383791849017143,-0.15797470510006,0.402915775775909,0.436362057924271,-0.038379181176424,-0.157974690198898,-0.15560220181942,0.191898554563522,-0.155603885650635,0.191897839307785,-0.038379181176424,-0.157974690198898,0.402917742729187,0.436362743377686,-0.038379181176424,-0.157974690198898,-0.0383791849017143,-0.15797470510006,-0.15560220181942,0.191898554563522,-0.038379181176424,-0.157974690198898,0.402915775775909,0.436362057924271
10.2603998184204,0.402870744466782,0.436312228441238,-0.0383901409804821,-0.157965958118439,-0.155531778931618,0.191949367523193,-0.0383901409804821,-0.157965958118439,-0.0383901409804821,-0.1579659730196,0.402868777513504,0.436311572790146,-0.0383901372551918,-0.157965943217278,-0.15553018450737,0.191950023174286,-0.155531778931618,0.191949367523193,-0.0383901372551918,-0.157965943217278,0.402870744466782,0.436312228441238,-0.0383901372551918,-0.157965943217278,-0.0383901409804821,-0.157965958118439,-0.15553018450737,0.191950023174286,-0.0383901372551918,-0.157965943217278,0.402868777513504,0.436311572790146
10.2608003616333,0.402823746204376,0.436261773109436,-0.0384010970592499,-0.157957211136818,-0.155459746718407,0.192000791430473,-0.0384010970592499,-0.157957196235657,-0.0384010970592499,-0.157957211136818,0.402821779251099,0.436261117458344,-0.0384010933339596,-0.157957181334496,-0.155458137392998,0.192001461982727,-0.155459746718407,0.192000791430473,-0.0384010933339596,-0.157957181334496,0.402823776006699,0.436261802911758,-0.0384010933339596,-0.157957181334496,-0.0384010970592499,-0.157957196235657,-0.155458122491837,0.192001447081566,-0.0384010933339596,-0.157957181334496,0.402821779251099,0.436261117458344
10.2611999511719,0.402776628732681,0.436211347579956,-0.0384120494127274,-0.157948434352875,-0.155387669801712,0.192052185535431,-0.0384120903909206,-0.157948449254036,-0.0384120494127274,-0.157948434352875,0.402774721384048,0.436210691928864,-0.0384120866656303,-0.157948434352875,-0.155385971069336,0.192052915692329,-0.155387669801712,0.192052185535431,-0.0384120866656303,-0.157948434352875,0.402776688337326,0.436211377382278,-0.03841208294034,-0.157948419451714,-0.0384120903909206,-0.157948449254036,-0.155385971069336,0.192052915692329,-0.03841208294034,-0.157948419451714,0.402774810791016,0.436210691928864
10.2615995407104,0.402729630470276,0.436160951852798,-0.0384230390191078,-0.157939687371254,-0.155315488576889,0.192103624343872,-0.0384230390191078,-0.157939687371254,-0.0384230390191078,-0.157939687371254,0.402727603912354,0.436160326004028,-0.0384230725467205,-0.157939672470093,-0.155313789844513,0.192104354500771,-0.155315488576889,0.192103624343872,-0.0384230725467205,-0.157939672470093,0.402729600667953,0.436161011457443,-0.0384230352938175,-0.157939672470093,-0.0384230390191078,-0.157939687371254,-0.155313789844513,0.192104354500771,-0.0384230725467205,-0.157939672470093,0.402727603912354,0.436160326004028
10.2620000839233,0.402682483196259,0.436110615730286,-0.038433987647295,-0.157930910587311,-0.155243277549744,0.19215501844883,-0.038433987647295,-0.157930910587311,-0.038433987647295,-0.157930910587311,0.402680516242981,0.436109930276871,-0.0384340211749077,-0.15793089568615,-0.155241668224335,0.192155659198761,-0.155243277549744,0.19215501844883,-0.0384340211749077,-0.15793089568615,0.402682512998581,0.436110645532608,-0.0384339839220047,-0.15793089568615,-0.0384339913725853,-0.157930925488472,-0.155241668224335,0.192155659198761,-0.0384339839220047,-0.15793089568615,0.402680516242981,0.436109930276871
10.2623996734619,0.402635365724564,0.436060279607773,-0.0384449698030949,-0.157922133803368,-0.155171051621437,0.192206367850304,-0.0384449698030949,-0.157922133803368,-0.0384449698030949,-0.157922133803368,0.402633458375931,0.436059713363647,-0.0384449698030949,-0.157922118902206,-0.155169442296028,0.192207023501396,-0.155171051621437,0.192206367850304,-0.0384449698030949,-0.157922118902206,0.402635306119919,0.436060339212418,-0.0384449698030949,-0.157922118902206,-0.0384449698030949,-0.157922133803368,-0.155169442296028,0.192207023501396,-0.0384449698030949,-0.157922118902206,0.402633428573608,0.43605962395668
10.2628002166748,0.402588069438934,0.436010003089905,-0.0384559147059917,-0.157913342118263,-0.155098780989647,0.192257687449455,-0.038455918431282,-0.157913357019424,-0.0384559147059917,-0.157913342118263,0.402586281299591,0.436009377241135,-0.0384559147059917,-0.157913342118263,-0.155097097158432,0.192258402705193,-0.155098780989647,0.192257687449455,-0.0384559147059917,-0.157913342118263,0.402588099241257,0.436010032892227,-0.0384559147059917,-0.157913342118263,-0.038455918431282,-0.157913357019424,-0.155097097158432,0.192258402705193,-0.0384559147059917,-0.157913342118263,0.402586251497269,0.436009347438812
10.2631998062134,0.402540922164917,0.435959756374359,-0.0384668596088886,-0.157904580235481,-0.155026406049728,0.192309036850929,-0.0384668596088886,-0.157904580235481,-0.0384668596088886,-0.157904580235481,0.402539074420929,0.435959100723267,-0.0384668558835983,-0.15790456533432,-0.155024811625481,0.192309677600861,-0.155026406049728,0.192309036850929,-0.0384668558835983,-0.15790456533432,0.402540922164917,0.435959786176682,-0.0384668558835983,-0.15790456533432,-0.0384668596088886,-0.157904580235481,-0.155024811625481,0.192309677600861,-0.0384668558835983,-0.15790456533432,0.402539074420929,0.435959100723267
10.2636003494263,0.402493715286255,0.435909539461136,-0.0384778380393982,-0.157895788550377,-0.154954105615616,0.192360281944275,-0.0384778417646885,-0.157895803451538,-0.0384778007864952,-0.157895788550377,0.402491748332977,0.435908913612366,-0.0384778343141079,-0.157895773649216,-0.154952511191368,0.192360922694206,-0.154954105615616,0.192360281944275,-0.0384778343141079,-0.157895773649216,0.402493715286255,0.435909539461136,-0.0384778343141079,-0.157895773649216,-0.0384778417646885,-0.157895803451538,-0.154952511191368,0.192360922694206,-0.0384778343141079,-0.157895773649216,0.402491748332977,0.435908913612366
10.2639999389648,0.402446389198303,0.435859382152557,-0.0384887419641018,-0.157887011766434,-0.154881671071053,0.192411571741104,-0.0384887754917145,-0.157886996865273,-0.0384887419641018,-0.157887011766434,0.402444452047348,0.435858726501465,-0.0384887717664242,-0.157886981964111,-0.154880076646805,0.192412197589874,-0.154881671071053,0.192411571741104,-0.0384887717664242,-0.157886981964111,0.402446389198303,0.435859382152557,-0.0384887717664242,-0.157886981964111,-0.0384887754917145,-0.157886996865273,-0.154880076646805,0.192412197589874,-0.0384887717664242,-0.157886981964111,0.402444452047348,0.435858726501465
10.2643995285034,0.402398973703384,0.435809224843979,-0.0384997129440308,-0.157878205180168,-0.154809311032295,0.192462742328644,-0.0384997166693211,-0.157878220081329,-0.0384997129440308,-0.157878205180168,0.402397066354752,0.435808598995209,-0.0384997501969337,-0.157878190279007,-0.154807716608047,0.192463383078575,-0.154809311032295,0.192462742328644,-0.0384997501969337,-0.157878190279007,0.402398973703384,0.435809224843979,-0.0384997129440308,-0.157878205180168,-0.0384997166693211,-0.157878220081329,-0.154807716608047,0.192463383078575,-0.0384997129440308,-0.157878205180168,0.402397066354752,0.435808598995209
10.2648000717163,0.402351707220078,0.435759097337723,-0.03851068764925,-0.157869398593903,-0.15473684668541,0.192513942718506,-0.03851068764925,-0.157869398593903,-0.03851068764925,-0.157869398593903,0.4023497402668,0.435758471488953,-0.0385106839239597,-0.157869383692741,-0.154735162854195,0.192514657974243,-0.15473684668541,0.192513942718506,-0.0385106839239597,-0.157869383692741,0.402351707220078,0.435759097337723,-0.0385106839239597,-0.157869383692741,-0.03851068764925,-0.157869398593903,-0.154735162854195,0.192514657974243,-0.0385106839239597,-0.157869383692741,0.4023497402668,0.435758471488953
10.2651996612549,0.402304291725159,0.435708999633789,-0.038521621376276,-0.157860606908798,-0.15466433763504,0.192565098404884,-0.038521621376276,-0.157860606908798,-0.038521621376276,-0.157860606908798,0.402302324771881,0.435708343982697,-0.0385216176509857,-0.157860592007637,-0.154662743210793,0.192565754055977,-0.15466433763504,0.192565098404884,-0.0385216176509857,-0.157860592007637,0.402304291725159,0.435708999633789,-0.0385216176509857,-0.157860592007637,-0.0385216251015663,-0.157860621809959,-0.154662743210793,0.192565754055977,-0.0385216176509857,-0.157860592007637,0.402302324771881,0.435708343982697
10.2656002044678,0.40225675702095,0.4356589615345,-0.0385325513780117,-0.157851785421371,-0.154591828584671,0.192616254091263,-0.0385325513780117,-0.157851785421371,-0.0385325513780117,-0.157851785421371,0.402254849672318,0.435658276081085,-0.0385325476527214,-0.15785177052021,-0.154590129852295,0.192616954445839,-0.154591828584671,0.192616254091263,-0.0385325476527214,-0.15785177052021,0.402256786823273,0.435659021139145,-0.0385325476527214,-0.15785177052021,-0.0385325513780117,-0.157851785421371,-0.154590129852295,0.192616954445839,-0.0385325476527214,-0.15785177052021,0.402254849672318,0.435658276081085
10.2659997940063,0.402209281921387,0.435608923435211,-0.0385434776544571,-0.157842978835106,-0.154519200325012,0.192667409777641,-0.0385434813797474,-0.157842993736267,-0.0385434776544571,-0.157842978835106,0.402207434177399,0.435608297586441,-0.0385434776544571,-0.157842978835106,-0.154517576098442,0.192668050527573,-0.154519200325012,0.192667409777641,-0.0385434776544571,-0.157842978835106,0.402209311723709,0.435608983039856,-0.0385434739291668,-0.157842963933945,-0.0385434813797474,-0.157842993736267,-0.154517576098442,0.192668050527573,-0.0385434739291668,-0.157842963933945,0.402207434177399,0.435608297586441
10.2664003372192,0.402161866426468,0.435558944940567,-0.0385544076561928,-0.15783417224884,-0.154446616768837,0.192718461155891,-0.0385544449090958,-0.15783417224884,-0.0385544076561928,-0.15783417224884,0.402159839868546,0.435558319091797,-0.0385544411838055,-0.157834157347679,-0.154444992542267,0.192719101905823,-0.154446616768837,0.192718461155891,-0.0385544411838055,-0.157834157347679,0.402161777019501,0.435558974742889,-0.0385544411838055,-0.157834157347679,-0.0385544449090958,-0.15783417224884,-0.154444992542267,0.192719101905823,-0.0385544411838055,-0.157834157347679,0.402159839868546,0.435558289289474
10.2667999267578,0.402114272117615,0.435508966445923,-0.0385653674602509,-0.157825350761414,-0.154373914003372,0.192769572138786,-0.0385653674602509,-0.157825350761414,-0.0385653674602509,-0.157825350761414,0.402112305164337,0.435508340597153,-0.0385654047131538,-0.157825335860252,-0.154372304677963,0.192770197987556,-0.154373914003372,0.192769572138786,-0.0385654047131538,-0.157825335860252,0.402114301919937,0.435509026050568,-0.0385653637349606,-0.157825335860252,-0.0385653674602509,-0.157825350761414,-0.154372304677963,0.192770197987556,-0.0385653637349606,-0.157825335860252,0.402112305164337,0.435508340597153
10.2672004699707,0.402066618204117,0.435459047555923,-0.0385763272643089,-0.157816514372826,-0.154301211237907,0.192820623517036,-0.0385763272643089,-0.157816514372826,-0.0385763272643089,-0.157816514372826,0.402064740657806,0.435458451509476,-0.0385763235390186,-0.157816499471664,-0.154299601912498,0.192821249365807,-0.154301211237907,0.192820623517036,-0.0385763235390186,-0.157816499471664,0.402066677808762,0.435459107160568,-0.0385763235390186,-0.157816499471664,-0.0385763272643089,-0.157816514372826,-0.154299587011337,0.192821234464645,-0.0385763235390186,-0.157816499471664,0.402064710855484,0.435458421707153
10.2676000595093,0.402019083499908,0.435409247875214,-0.0385872460901737,-0.157807677984238,-0.154228553175926,0.192871570587158,-0.038587249815464,-0.157807692885399,-0.0385872460901737,-0.157807677984238,0.402017116546631,0.435408592224121,-0.0385872460901737,-0.157807677984238,-0.15422685444355,0.192872256040573,-0.154228553175926,0.192871570587158,-0.0385872423648834,-0.157807663083076,0.402019083499908,0.435409247875214,-0.0385872423648834,-0.157807663083076,-0.038587249815464,-0.157807692885399,-0.15422685444355,0.192872256040573,-0.0385872423648834,-0.157807663083076,0.402017116546631,0.435408592224121
10.2679996490479,0.401971429586411,0.435359358787537,-0.0385981649160385,-0.15779884159565,-0.154155790805817,0.192922547459602,-0.0385981686413288,-0.157798856496811,-0.0385981649160385,-0.15779884159565,0.401969403028488,0.435358703136444,-0.0385981649160385,-0.15779884159565,-0.154154092073441,0.192923247814178,-0.154155790805817,0.192922547459602,-0.0385981649160385,-0.15779884159565,0.401971429586411,0.435359388589859,-0.0385981649160385,-0.15779884159565,-0.0385981686413288,-0.157798856496811,-0.154154092073441,0.192923247814178,-0.0385981649160385,-0.15779884159565,0.401969403028488,0.435358703136444
10.2684001922607,0.40192374587059,0.435309529304504,-0.0386090837419033,-0.157790005207062,-0.154082909226418,0.19297356903553,-0.0386090874671936,-0.157790020108223,-0.0386090874671936,-0.157790020108223,0.401921778917313,0.435308873653412,-0.0386090837419033,-0.157790005207062,-0.15408131480217,0.1929741948843,-0.154082909226418,0.192973554134369,-0.0386090837419033,-0.157790005207062,0.401923626661301,0.435309559106827,-0.0386090837419033,-0.157790005207062,-0.0386090874671936,-0.157790020108223,-0.15408131480217,0.1929741948843,-0.0386090837419033,-0.157790005207062,0.401921778917313,0.435308873653412
10.2687997817993,0.401876002550125,0.435259789228439,-0.0386199951171875,-0.157781153917313,-0.154010102152824,0.193024486303329,-0.0386199988424778,-0.157781168818474,-0.0386199951171875,-0.157781153917313,0.401873975992203,0.435259133577347,-0.0386200360953808,-0.157781153917313,-0.154008492827415,0.193025097250938,-0.154010102152824,0.193024486303329,-0.0386200360953808,-0.157781153917313,0.401875913143158,0.435259789228439,-0.0386199913918972,-0.157781139016151,-0.0386199988424778,-0.157781168818474,-0.154008492827415,0.193025097250938,-0.0386199913918972,-0.157781139016151,0.401873975992203,0.435259133577347
10.2692003250122,0.401828199625015,0.435209989547729,-0.038630947470665,-0.157772317528725,-0.153937160968781,0.193075403571129,-0.038630947470665,-0.157772317528725,-0.038630947470665,-0.157772317528725,0.401826232671738,0.435209393501282,-0.0386309437453747,-0.157772302627563,-0.153935551643372,0.193076029419899,-0.153937160968781,0.193075403571129,-0.0386309437453747,-0.157772302627563,0.401828229427338,0.435210078954697,-0.0386309437453747,-0.157772302627563,-0.038630947470665,-0.157772317528725,-0.153935551643372,0.193076029419899,-0.0386309437453747,-0.157772302627563,0.401826232671738,0.435209363698959
10.2695999145508,0.401780366897583,0.435160279273987,-0.0386418588459492,-0.157763466238976,-0.153864309191704,0.193126246333122,-0.0386418625712395,-0.157763481140137,-0.0386418588459492,-0.157763466238976,0.401778429746628,0.435159623622894,-0.0386418551206589,-0.157763451337814,-0.153862595558167,0.193126946687698,-0.153864309191704,0.193126246333122,-0.0386418551206589,-0.157763451337814,0.401780396699905,0.435160368680954,-0.0386418551206589,-0.157763451337814,-0.0386418625712395,-0.157763481140137,-0.153862595558167,0.193126946687698,-0.0386418551206589,-0.157763451337814,0.401778429746628,0.435159623622894
10.2700004577637,0.401732563972473,0.435110569000244,-0.0386527664959431,-0.157754614949226,-0.153791323304176,0.193177118897438,-0.0386528074741364,-0.157754614949226,-0.0386527664959431,-0.157754614949226,0.401730686426163,0.435110002756119,-0.0386528000235558,-0.157754585146904,-0.153789728879929,0.193177729845047,-0.153791323304176,0.193177118897438,-0.0386528000235558,-0.157754585146904,0.401732593774796,0.435110628604889,-0.0386528000235558,-0.157754585146904,-0.0386528074741364,-0.157754614949226,-0.153789713978767,0.193177714943886,-0.0386528000235558,-0.157754585146904,0.401730626821518,0.435109943151474
10.2704000473022,0.401684671640396,0.435061007738113,-0.03866371139884,-0.157745733857155,-0.153718322515488,0.19322794675827,-0.03866371139884,-0.157745733857155,-0.03866371139884,-0.157745733857155,0.401682734489441,0.435060352087021,-0.0386637076735497,-0.157745718955994,-0.153716713190079,0.19322857260704,-0.153718322515488,0.19322794675827,-0.0386637076735497,-0.157745718955994,0.401684671640396,0.435061007738113,-0.0386637076735497,-0.157745718955994,-0.03866371139884,-0.157745733857155,-0.153716713190079,0.19322857260704,-0.0386637076735497,-0.157745718955994,0.401682734489441,0.435060352087021
10.2707996368408,0.401636749505997,0.435011357069016,-0.0386746115982533,-0.157736867666245,-0.153645291924477,0.19327874481678,-0.0386746153235435,-0.157736882567406,-0.0386746115982533,-0.157736867666245,0.401634812355042,0.435010701417923,-0.0386746115982533,-0.157736867666245,-0.153643667697906,0.193279355764389,-0.153645291924477,0.19327874481678,-0.0386746115982533,-0.157736867666245,0.401636749505997,0.435011386871338,-0.038674607872963,-0.157736852765083,-0.0386746153235435,-0.157736882567406,-0.153643667697906,0.193279355764389,-0.038674607872963,-0.157736852765083,0.401634812355042,0.435010701417923
10.2712001800537,0.401588827371597,0.434961766004562,-0.0386855192482471,-0.157728016376495,-0.153572246432304,0.193329498171806,-0.0386855192482471,-0.157728016376495,-0.0386855192482471,-0.157728016376495,0.401586920022964,0.434961169958115,-0.0386855155229568,-0.157728001475334,-0.153570622205734,0.193330109119415,-0.153572246432304,0.193329498171806,-0.0386855155229568,-0.157728001475334,0.401588827371597,0.434961825609207,-0.0386855155229568,-0.157728001475334,-0.0386855192482471,-0.157728016376495,-0.153570622205734,0.193330109119415,-0.0386855155229568,-0.157728001475334,0.401586920022964,0.434961140155792
10.2715997695923,0.401540905237198,0.434912204742432,-0.0386964194476604,-0.157719150185585,-0.153499156236649,0.193380206823349,-0.0386964194476604,-0.157719135284424,-0.0386964194476604,-0.157719150185585,0.401538848876953,0.434911578893661,-0.0386964157223701,-0.157719120383263,-0.153497457504272,0.193380892276764,-0.153499156236649,0.193380206823349,-0.0386964157223701,-0.157719120383263,0.401540845632553,0.434912294149399,-0.0386964157223701,-0.157719120383263,-0.0386964194476604,-0.157719135284424,-0.153497532010078,0.193380817770958,-0.0386964157223701,-0.157719120383263,0.401538848876953,0.434911578893661
10.2720003128052,0.401492863893509,0.434862703084946,-0.0387073121964931,-0.157710254192352,-0.153425961732864,0.193430975079536,-0.0387073159217834,-0.157710269093513,-0.0387073121964931,-0.157710254192352,0.401490837335587,0.434862077236176,-0.0387073494493961,-0.157710254192352,-0.153424352407455,0.193431586027145,-0.153425961732864,0.193430975079536,-0.0387073494493961,-0.157710254192352,0.401492834091187,0.434862732887268,-0.0387073084712029,-0.157710239291191,-0.0387073159217834,-0.157710269093513,-0.153424352407455,0.193431586027145,-0.0387073084712029,-0.157710239291191,0.401490837335587,0.434862077236176
10.2723999023438,0.401444792747498,0.434813261032104,-0.0387182496488094,-0.157701373100281,-0.153352841734886,0.193481653928757,-0.0387182496488094,-0.157701373100281,-0.0387182496488094,-0.157701373100281,0.401442855596542,0.434812664985657,-0.0387182459235191,-0.15770135819912,-0.153351128101349,0.193482309579849,-0.153352841734886,0.193481653928757,-0.0387182459235191,-0.15770135819912,0.401444792747498,0.434813261032104,-0.0387182459235191,-0.15770135819912,-0.0387182496488094,-0.157701373100281,-0.153351128101349,0.193482309579849,-0.0387182459235191,-0.15770135819912,0.401442855596542,0.434812664985657
10.2728004455566,0.401396661996841,0.434763789176941,-0.0387291796505451,-0.157692477107048,-0.153279587626457,0.193532288074493,-0.0387291833758354,-0.157692492008209,-0.0387291051447392,-0.157692492008209,0.401394754648209,0.434763163328171,-0.0387291759252548,-0.157692462205887,-0.153277978301048,0.193532943725586,-0.153279587626457,0.193532288074493,-0.0387291759252548,-0.157692462205887,0.401396661996841,0.434763848781586,-0.0387291759252548,-0.157692462205887,-0.0387291833758354,-0.157692492008209,-0.153277978301048,0.193532943725586,-0.0387291759252548,-0.157692462205887,0.401394754648209,0.434763163328171
10.2732000350952,0.401348531246185,0.434714406728745,-0.0387400314211845,-0.157683581113815,-0.153206318616867,0.193582937121391,-0.0387400351464748,-0.157683596014977,-0.0387400314211845,-0.157683581113815,0.40134659409523,0.434713751077652,-0.0387400649487972,-0.157683566212654,-0.153204694390297,0.193583577871323,-0.153206318616867,0.193582937121391,-0.0387400649487972,-0.157683566212654,0.40134859085083,0.434714436531067,-0.0387400276958942,-0.157683566212654,-0.0387400351464748,-0.157683596014977,-0.153204694390297,0.193583577871323,-0.0387400276958942,-0.157683566212654,0.40134659409523,0.434713751077652
10.2735996246338,0.401300430297852,0.434664994478226,-0.0387509614229202,-0.157674700021744,-0.153133019804955,0.193633571267128,-0.0387509614229202,-0.157674700021744,-0.0387509614229202,-0.157674700021744,0.401298403739929,0.4346644282341,-0.0387509576976299,-0.157674700021744,-0.153131306171417,0.193634212017059,-0.153133019804955,0.193633571267128,-0.0387509576976299,-0.157674700021744,0.401300460100174,0.434665083885193,-0.0387509576976299,-0.157674700021744,-0.0387509614229202,-0.157674700021744,-0.153131306171417,0.193634212017059,-0.0387509576976299,-0.157674700021744,0.401298373937607,0.434664398431778
10.2740001678467,0.401252210140228,0.434615701436996,-0.0387618467211723,-0.15766578912735,-0.153059706091881,0.193684130907059,-0.0387618504464626,-0.157665804028511,-0.0387618467211723,-0.15766578912735,0.401250272989273,0.434615075588226,-0.0387618467211723,-0.15766578912735,-0.153057992458344,0.193684786558151,-0.153059706091881,0.193684130907059,-0.038761842995882,-0.157665774226189,0.401252210140228,0.434615701436996,-0.038761842995882,-0.157665774226189,-0.0387618504464626,-0.157665804028511,-0.153057992458344,0.193684786558151,-0.038761842995882,-0.157665774226189,0.401250272989273,0.434615075588226
10.2743997573853,0.401204019784927,0.434566378593445,-0.0387727320194244,-0.157656878232956,-0.152986347675323,0.193734645843506,-0.0387727357447147,-0.157656893134117,-0.0387727320194244,-0.157656878232956,0.40120205283165,0.434565752744675,-0.0387727320194244,-0.157656878232956,-0.152984634041786,0.193735301494598,-0.152986347675323,0.193734645843506,-0.0387727320194244,-0.157656878232956,0.401204019784927,0.434566378593445,-0.0387727282941341,-0.157656863331795,-0.0387727357447147,-0.157656893134117,-0.152984634041786,0.193735301494598,-0.0387727282941341,-0.157656863331795,0.40120205283165,0.434565752744675
10.2748003005981,0.401155740022659,0.434517085552216,-0.0387836135923862,-0.157647982239723,-0.152912884950638,0.193785175681114,-0.0387836173176765,-0.157647997140884,-0.0387836135923862,-0.157647982239723,0.401153713464737,0.434516489505768,-0.0387836135923862,-0.157647967338562,-0.152911275625229,0.193785831332207,-0.152912884950638,0.193785175681114,-0.0387836135923862,-0.157647982239723,0.401155680418015,0.434517174959183,-0.0387836098670959,-0.157647967338562,-0.0387836173176765,-0.157647997140884,-0.152911275625229,0.193785831332207,-0.0387836098670959,-0.157647967338562,0.401153713464737,0.434516489505768
10.2751998901367,0.401107341051102,0.434467911720276,-0.0387944951653481,-0.157639056444168,-0.152839422225952,0.193835705518723,-0.0387944988906384,-0.157639071345329,-0.0387944951653481,-0.157639056444168,0.401105433702469,0.434467256069183,-0.0387944914400578,-0.157639041543007,-0.152837797999382,0.193836346268654,-0.152839422225952,0.193835705518723,-0.0387944914400578,-0.157639041543007,0.401107341051102,0.434467911720276,-0.0387944914400578,-0.157639041543007,-0.0387944988906384,-0.157639071345329,-0.152837797999382,0.193836346268654,-0.0387944914400578,-0.157639041543007,0.401105433702469,0.434467256069183
10.2756004333496,0.401059031486511,0.434418678283691,-0.0388053730130196,-0.157630130648613,-0.152765989303589,0.193886145949364,-0.0388054177165031,-0.157630145549774,-0.0388053767383099,-0.157630145549774,0.401057094335556,0.434418082237244,-0.0388054139912128,-0.157630130648613,-0.152764290571213,0.193886801600456,-0.152765989303589,0.193886145949364,-0.0388054139912128,-0.157630130648613,0.401059061288834,0.434418737888336,-0.0388054139912128,-0.157630130648613,-0.0388054177165031,-0.157630145549774,-0.152764275670052,0.193886786699295,-0.0388054139912128,-0.157630130648613,0.401057094335556,0.434418082237244
10.2760000228882,0.401010692119598,0.434369444847107,-0.0388162955641747,-0.157621219754219,-0.152692466974258,0.193936586380005,-0.0388162955641747,-0.157621219754219,-0.0388162955641747,-0.157621219754219,0.401008695363998,0.434368938207626,-0.038816325366497,-0.157621204853058,-0.152690753340721,0.193937242031097,-0.152692466974258,0.193936586380005,-0.0388162918388844,-0.157621204853058,0.401010721921921,0.434369564056396,-0.0388162918388844,-0.157621204853058,-0.0388162955641747,-0.157621219754219,-0.152690753340721,0.193937227129936,-0.0388162918388844,-0.157621204853058,0.401008784770966,0.434368848800659
10.2763996124268,0.400962293148041,0.434320390224457,-0.0388271659612656,-0.157612308859825,-0.152618810534477,0.193987026810646,-0.0388271659612656,-0.157612308859825,-0.0388271659612656,-0.157612308859825,0.400960266590118,0.434319764375687,-0.0388271622359753,-0.157612293958664,-0.152617186307907,0.193987652659416,-0.152618810534477,0.193987026810646,-0.0388271622359753,-0.157612293958664,0.400962293148041,0.434320390224457,-0.0388271622359753,-0.157612293958664,-0.0388271659612656,-0.157612308859825,-0.152617186307907,0.193987652659416,-0.0388271622359753,-0.157612293958664,0.400960385799408,0.434319734573364
10.2768001556396,0.400913864374161,0.434271305799484,-0.0388380400836468,-0.157603368163109,-0.152545213699341,0.194037407636642,-0.0388380773365498,-0.15760338306427,-0.0388380400836468,-0.157603368163109,0.400911837816238,0.434270650148392,-0.0388380736112595,-0.157603368163109,-0.152543604373932,0.19403800368309,-0.152545213699341,0.194037407636642,-0.0388380736112595,-0.157603368163109,0.400913894176483,0.434271335601807,-0.0388380698859692,-0.157603353261948,-0.0388380773365498,-0.15760338306427,-0.152543604373932,0.19403800368309,-0.0388380698859692,-0.157603353261948,0.400911837816238,0.434270650148392
10.2771997451782,0.400865375995636,0.434222221374512,-0.0388489477336407,-0.157594427466393,-0.152471616864204,0.194087788462639,-0.0388489477336407,-0.157594427466393,-0.0388489477336407,-0.157594427466393,0.400863409042358,0.434221595525742,-0.0388489477336407,-0.157594412565231,-0.152469888329506,0.194088399410248,-0.152471616864204,0.194087788462639,-0.0388489477336407,-0.157594412565231,0.400865375995636,0.434222251176834,-0.0388489477336407,-0.157594412565231,-0.0388489477336407,-0.157594427466393,-0.152469888329506,0.194088399410248,-0.0388489477336407,-0.157594412565231,0.400863409042358,0.434221595525742
10.2776002883911,0.400816828012466,0.434173166751862,-0.0388598181307316,-0.157585486769676,-0.152397975325584,0.194138064980507,-0.0388598181307316,-0.157585486769676,-0.0388598181307316,-0.157585486769676,0.400814861059189,0.434172540903091,-0.0388598144054413,-0.157585471868515,-0.152396276593208,0.194138705730438,-0.152397975325584,0.194138064980507,-0.0388598144054413,-0.157585471868515,0.400816857814789,0.434173256158829,-0.0388598144054413,-0.157585471868515,-0.0388598181307316,-0.157585486769676,-0.152396276593208,0.194138705730438,-0.0388598144054413,-0.157585471868515,0.400814861059189,0.434172540903091
10.2779998779297,0.400768339633942,0.434124201536179,-0.0388706848025322,-0.157576531171799,-0.152324229478836,0.194188386201859,-0.0388706848025322,-0.157576531171799,-0.0388706848025322,-0.157576531171799,0.400766402482986,0.434123575687408,-0.0388706810772419,-0.157576531171799,-0.152322500944138,0.19418902695179,-0.152324229478836,0.194188386201859,-0.0388706810772419,-0.157576531171799,0.400768220424652,0.434124231338501,-0.0388706810772419,-0.157576531171799,-0.0388706848025322,-0.157576531171799,-0.152322500944138,0.19418902695179,-0.0388706810772419,-0.157576531171799,0.400766402482986,0.434123575687408
10.2784004211426,0.400719672441483,0.434075206518173,-0.0388815477490425,-0.157567590475082,-0.152250453829765,0.194238647818565,-0.0388815514743328,-0.157567605376244,-0.0388815477490425,-0.157567590475082,0.40071776509285,0.434074640274048,-0.0388815477490425,-0.157567590475082,-0.152248829603195,0.194239273667336,-0.152250453829765,0.194238647818565,-0.0388815477490425,-0.157567590475082,0.400719732046127,0.43407529592514,-0.0388815440237522,-0.157567575573921,-0.0388815514743328,-0.157567605376244,-0.152248829603195,0.194239273667336,-0.0388815440237522,-0.157567575573921,0.40071776509285,0.434074640274048
10.2788000106812,0.400671064853668,0.434026300907135,-0.0388924106955528,-0.157558649778366,-0.152176648378372,0.194288909435272,-0.0388924106955528,-0.157558619976044,-0.0388924106955528,-0.157558649778366,0.400669157505035,0.434025704860687,-0.0388924069702625,-0.157558605074883,-0.152175024151802,0.194289520382881,-0.152176648378372,0.194288909435272,-0.0388924069702625,-0.157558605074883,0.400671064853668,0.434026330709457,-0.0388924069702625,-0.157558605074883,-0.0388924106955528,-0.157558619976044,-0.152175024151802,0.194289520382881,-0.0388924069702625,-0.157558605074883,0.400669157505035,0.434025704860687
10.2791996002197,0.400622367858887,0.433977425098419,-0.0389032736420631,-0.157549664378166,-0.152102828025818,0.194339111447334,-0.0389032736420631,-0.157549664378166,-0.0389032736420631,-0.157549664378166,0.400620400905609,0.433976799249649,-0.0389033071696758,-0.157549649477005,-0.152101203799248,0.194339752197266,-0.152102828025818,0.194339111447334,-0.0389033071696758,-0.157549649477005,0.400622397661209,0.433977484703064,-0.0389032699167728,-0.157549649477005,-0.0389032736420631,-0.157549664378166,-0.152101203799248,0.194339752197266,-0.0389032699167728,-0.157549649477005,0.400620400905609,0.433976799249649
10.2796001434326,0.40057373046875,0.433928549289703,-0.0389141663908958,-0.157540708780289,-0.152028977870941,0.194389328360558,-0.0389141663908958,-0.157540708780289,-0.0389141663908958,-0.157540708780289,0.400571703910828,0.433927983045578,-0.0389141626656055,-0.157540708780289,-0.152027264237404,0.194389954209328,-0.152028977870941,0.194389328360558,-0.0389141626656055,-0.157540708780289,0.40057373046875,0.433928608894348,-0.0389141626656055,-0.157540708780289,-0.0389141663908958,-0.157540708780289,-0.152027264237404,0.194389954209328,-0.0389141626656055,-0.157540708780289,0.400571703910828,0.433927983045578
10.2799997329712,0.400524914264679,0.433879733085632,-0.0389249846339226,-0.157531753182411,-0.151955008506775,0.194439500570297,-0.0389249883592129,-0.157531768083572,-0.0389249846339226,-0.157531753182411,0.400522947311401,0.433879107236862,-0.0389250218868256,-0.15753173828125,-0.151953384280205,0.194440111517906,-0.151955008506775,0.194439500570297,-0.0389250218868256,-0.15753173828125,0.400524944067001,0.433879762887955,-0.0389250181615353,-0.157531723380089,-0.0389249883592129,-0.157531768083572,-0.151953384280205,0.194440111517906,-0.0389250181615353,-0.157531723380089,0.400522947311401,0.433879107236862
10.2804002761841,0.400476187467575,0.433830946683884,-0.0389358811080456,-0.157522767782211,-0.151881128549576,0.194489598274231,-0.0389358811080456,-0.157522767782211,-0.0389358811080456,-0.157522767782211,0.40047425031662,0.433830350637436,-0.0389358773827553,-0.157522767782211,-0.151879489421844,0.194490239024162,-0.151881128549576,0.194489598274231,-0.0389358773827553,-0.157522767782211,0.400476187467575,0.433830946683884,-0.0389358773827553,-0.157522767782211,-0.0389358811080456,-0.157522767782211,-0.151879489421844,0.194490239024162,-0.0389358773827553,-0.157522767782211,0.40047425031662,0.433830350637436
10.2807998657227,0.400427490472794,0.433782190084457,-0.038946732878685,-0.157513797283173,-0.151807114481926,0.194539725780487,-0.038946770131588,-0.157513797283173,-0.038946732878685,-0.157513797283173,0.400425463914871,0.433781623840332,-0.0389467664062977,-0.157513782382011,-0.151805475354195,0.194540351629257,-0.151807114481926,0.194539725780487,-0.0389467664062977,-0.157513782382011,0.400427371263504,0.43378221988678,-0.0389467664062977,-0.157513782382011,-0.038946770131588,-0.157513797283173,-0.151805475354195,0.194540351629257,-0.0389467664062977,-0.157513782382011,0.400425463914871,0.433781623840332
10.2812004089355,0.400378525257111,0.433733493089676,-0.0389575809240341,-0.157504826784134,-0.15173314511776,0.194589793682098,-0.0389575809240341,-0.157504826784134,-0.0389575809240341,-0.157504826784134,0.400376617908478,0.433732867240906,-0.0389575771987438,-0.157504811882973,-0.151731446385384,0.194590404629707,-0.15173314511776,0.194589793682098,-0.0389575771987438,-0.157504811882973,0.400378584861755,0.433733582496643,-0.0389575771987438,-0.157504811882973,-0.0389575809240341,-0.157504826784134,-0.151731446385384,0.194590404629707,-0.0389575771987438,-0.157504811882973,0.400376617908478,0.433732867240906
10.2815999984741,0.400329768657684,0.433684796094894,-0.0389684662222862,-0.157495826482773,-0.151659086346626,0.194639831781387,-0.0389684699475765,-0.157495826482773,-0.0389684289693832,-0.157495841383934,0.40032771229744,0.433684229850769,-0.0389684662222862,-0.157495826482773,-0.151657357811928,0.194640457630157,-0.151659086346626,0.194639831781387,-0.0389684662222862,-0.157495826482773,0.400329649448395,0.433684825897217,-0.0389684624969959,-0.157495811581612,-0.0389684699475765,-0.157495826482773,-0.151657357811928,0.194640457630157,-0.0389684624969959,-0.157495811581612,0.40032771229744,0.433684229850769
10.2819995880127,0.400280833244324,0.433636158704758,-0.0389793142676353,-0.157486855983734,-0.151585012674332,0.194689854979515,-0.0389793142676353,-0.157486855983734,-0.0389793142676353,-0.157486855983734,0.400278776884079,0.43363556265831,-0.038979310542345,-0.157486826181412,-0.151583284139633,0.194690510630608,-0.151585012674332,0.194689854979515,-0.038979310542345,-0.157486826181412,0.400280833244324,0.433636158704758,-0.038979310542345,-0.157486841082573,-0.0389793142676353,-0.157486855983734,-0.151583284139633,0.194690510630608,-0.038979310542345,-0.157486841082573,0.400278776884079,0.43363556265831
10.2824001312256,0.400231778621674,0.433587521314621,-0.0389901585876942,-0.157477855682373,-0.151510789990425,0.194739863276482,-0.0389901585876942,-0.157477855682373,-0.0389901585876942,-0.157477855682373,0.400229901075363,0.433586955070496,-0.0389901548624039,-0.157477840781212,-0.151509165763855,0.194740489125252,-0.151510789990425,0.194739863276482,-0.0389901548624039,-0.157477840781212,0.400231808423996,0.433587580919266,-0.0389901548624039,-0.157477840781212,-0.0389901585876942,-0.157477855682373,-0.151509165763855,0.194740489125252,-0.0389901548624039,-0.157477840781212,0.400229871273041,0.433586925268173
10.2827997207642,0.400182902812958,0.433538943529129,-0.0390009991824627,-0.157468855381012,-0.151436656713486,0.194789826869965,-0.0390009991824627,-0.157468855381012,-0.0390009991824627,-0.157468855381012,0.400180846452713,0.433538377285004,-0.0390009991824627,-0.157468840479851,-0.151434943079948,0.194790467619896,-0.151436656713486,0.194789826869965,-0.0390009991824627,-0.157468840479851,0.400182783603668,0.433539032936096,-0.0390009991824627,-0.157468840479851,-0.0390009991824627,-0.157468855381012,-0.151434943079948,0.194790467619896,-0.0390009991824627,-0.157468840479851,0.400180846452713,0.433538377285004
10.2832002639771,0.40013387799263,0.433490425348282,-0.0390118397772312,-0.15745984017849,-0.151362419128418,0.194839790463448,-0.0390118435025215,-0.157459855079651,-0.0390118397772312,-0.15745984017849,0.400131821632385,0.433489859104156,-0.0390118397772312,-0.15745984017849,-0.151360765099525,0.194840401411057,-0.151362404227257,0.194839775562286,-0.0390118360519409,-0.157459825277328,0.400133818387985,0.433490544557571,-0.0390118360519409,-0.157459825277328,-0.0390118435025215,-0.157459855079651,-0.151360765099525,0.194840401411057,-0.0390118360519409,-0.157459825277328,0.400131911039352,0.433489799499512
10.2835998535156,0.400084763765335,0.433441936969757,-0.0390226803719997,-0.15745085477829,-0.151288226246834,0.194889679551125,-0.0390226803719997,-0.15745085477829,-0.0390226803719997,-0.15745085477829,0.40008282661438,0.433441370725632,-0.0390226766467094,-0.157450824975967,-0.151286512613297,0.194890305399895,-0.151288226246834,0.194889679551125,-0.0390226766467094,-0.157450824975967,0.400084763765335,0.433441966772079,-0.0390226766467094,-0.157450824975967,-0.0390226803719997,-0.15745085477829,-0.151286497712135,0.194890290498734,-0.0390226766467094,-0.157450824975967,0.40008282661438,0.433441340923309
10.2840003967285,0.40003576874733,0.433393448591232,-0.0390335135161877,-0.157441839575768,-0.15121391415596,0.194939568638802,-0.0390335135161877,-0.157441839575768,-0.0390335135161877,-0.157441839575768,0.400033712387085,0.433392882347107,-0.0390335097908974,-0.157441824674606,-0.151212200522423,0.194940194487572,-0.15121391415596,0.194939568638802,-0.0390335097908974,-0.157441824674606,0.40003576874733,0.433393478393555,-0.0390335097908974,-0.157441824674606,-0.0390335135161877,-0.157441839575768,-0.151212200522423,0.194940194487572,-0.0390335097908974,-0.157441824674606,0.400033712387085,0.433392882347107
10.2843999862671,0.399986535310745,0.433345019817352,-0.0390443429350853,-0.157432809472084,-0.151139602065086,0.194989427924156,-0.0390443466603756,-0.157432824373245,-0.0390443429350853,-0.157432809472084,0.399984627962112,0.433344453573227,-0.0390443839132786,-0.157432809472084,-0.151137858629227,0.194990038871765,-0.151139602065086,0.194989427924156,-0.0390443839132786,-0.157432809472084,0.399986535310745,0.433345079421997,-0.0390443801879883,-0.157432794570923,-0.0390443466603756,-0.157432824373245,-0.151137858629227,0.194990038871765,-0.0390443801879883,-0.157432794570923,0.399984627962112,0.433344453573227
10.2847995758057,0.39993742108345,0.433296650648117,-0.0390551760792732,-0.157423794269562,-0.151065230369568,0.195039242506027,-0.0390551798045635,-0.157423809170723,-0.0390551760792732,-0.157423794269562,0.399935483932495,0.433296084403992,-0.0390551723539829,-0.157423779368401,-0.151063501834869,0.195039868354797,-0.151065230369568,0.195039242506027,-0.0390551723539829,-0.157423779368401,0.39993742108345,0.433296680450439,-0.0390551723539829,-0.157423779368401,-0.0390551798045635,-0.157423809170723,-0.151063501834869,0.195039868354797,-0.0390551723539829,-0.157423779368401,0.399935483932495,0.433296054601669
10.2852001190186,0.399888217449188,0.433248311281204,-0.0390660054981709,-0.157414764165878,-0.150990858674049,0.195089027285576,-0.0390660092234612,-0.157414779067039,-0.0390660054981709,-0.157414764165878,0.399886280298233,0.433247685432434,-0.0390660427510738,-0.157414764165878,-0.150989130139351,0.195089638233185,-0.150990858674049,0.195089027285576,-0.0390660427510738,-0.157414764165878,0.399888217449188,0.433248311281204,-0.0390660390257835,-0.157414749264717,-0.0390660092234612,-0.157414779067039,-0.150989130139351,0.195089638233185,-0.0390660390257835,-0.157414749264717,0.399886280298233,0.433247685432434
10.2855997085571,0.399838984012604,0.433199942111969,-0.0390768684446812,-0.157405734062195,-0.150916367769241,0.195138797163963,-0.0390768721699715,-0.157405748963356,-0.0390768684446812,-0.157405734062195,0.399837076663971,0.433199346065521,-0.0390768684446812,-0.157405734062195,-0.150914713740349,0.195139408111572,-0.150916367769241,0.195138797163963,-0.0390768684446812,-0.157405734062195,0.399838984012604,0.433199942111969,-0.0390768647193909,-0.157405719161034,-0.0390768721699715,-0.157405748963356,-0.150914713740349,0.195139408111572,-0.0390768647193909,-0.157405719161034,0.399837076663971,0.433199346065521
10.28600025177,0.399789810180664,0.433151632547379,-0.0390876568853855,-0.157396718859673,-0.150841936469078,0.195188537240028,-0.0390876606106758,-0.157396733760834,-0.0390876568853855,-0.157396718859673,0.399787753820419,0.433151066303253,-0.0390877276659012,-0.15739668905735,-0.15084020793438,0.195189148187637,-0.150841936469078,0.195188537240028,-0.0390877276659012,-0.15739668905735,0.399789690971375,0.433151692152023,-0.0390877276659012,-0.15739668905735,-0.0390876606106758,-0.157396733760834,-0.15084020793438,0.195189148187637,-0.0390877276659012,-0.15739668905735,0.399787753820419,0.433151066303253
10.2863998413086,0.39974045753479,0.433103412389755,-0.0390985198318958,-0.157387673854828,-0.150767400860786,0.195238262414932,-0.0390985198318958,-0.157387673854828,-0.0390985198318958,-0.157387673854828,0.399738430976868,0.433102786540985,-0.0390985161066055,-0.157387658953667,-0.150765672326088,0.195238873362541,-0.150767400860786,0.195238262414932,-0.0390985161066055,-0.157387658953667,0.39974045753479,0.433103442192078,-0.0390985161066055,-0.157387658953667,-0.0390985198318958,-0.157387673854828,-0.150765672326088,0.195238873362541,-0.0390985161066055,-0.157387658953667,0.399738430976868,0.433102786540985
10.2868003845215,0.399691075086594,0.433055192232132,-0.0391093418002129,-0.157378628849983,-0.150692835450172,0.195287927985191,-0.0391093455255032,-0.157378643751144,-0.0391093418002129,-0.157378628849983,0.399689108133316,0.433054566383362,-0.0391093753278255,-0.157378613948822,-0.15069118142128,0.1952885389328,-0.150692835450172,0.195287927985191,-0.0391093753278255,-0.157378613948822,0.399691075086594,0.433055192232132,-0.0391093380749226,-0.157378613948822,-0.0391093455255032,-0.157378643751144,-0.15069118142128,0.1952885389328,-0.0391093380749226,-0.157378613948822,0.399689108133316,0.433054566383362
10.2871999740601,0.39964172244072,0.433006972074509,-0.0391201972961426,-0.157369583845139,-0.150618240237236,0.195337578654289,-0.0391202010214329,-0.1573695987463,-0.0391201972961426,-0.157369583845139,0.39963972568512,0.433006405830383,-0.0391201935708523,-0.157369568943977,-0.150616601109505,0.195338204503059,-0.150618240237236,0.195337578654289,-0.0391201935708523,-0.157369568943977,0.39964172244072,0.433006972074509,-0.0391201935708523,-0.157369568943977,-0.0391202010214329,-0.1573695987463,-0.150616601109505,0.195338204503059,-0.0391201935708523,-0.157369568943977,0.399639815092087,0.433006376028061
10.2875995635986,0.399592339992523,0.43295881152153,-0.0391309782862663,-0.157360538840294,-0.150543630123138,0.195387199521065,-0.0391309782862663,-0.157360538840294,-0.0391309782862663,-0.157360538840294,0.399590313434601,0.432958215475082,-0.039131011813879,-0.157360509037971,-0.150541976094246,0.195387810468674,-0.150543630123138,0.195387199521065,-0.039131011813879,-0.157360509037971,0.399592369794846,0.432958871126175,-0.039130974560976,-0.157360538840294,-0.0391309782862663,-0.157360538840294,-0.150541976094246,0.195387810468674,-0.039130974560976,-0.157360538840294,0.399590373039246,0.432958215475082
10.2880001068115,0.399542838335037,0.432910710573196,-0.0391418300569057,-0.157351464033127,-0.150468975305557,0.195436775684357,-0.039141833782196,-0.157351478934288,-0.0391417890787125,-0.157351464033127,0.39954087138176,0.432910084724426,-0.0391418300569057,-0.157351464033127,-0.150467336177826,0.195437386631966,-0.150468975305557,0.195436775684357,-0.0391418300569057,-0.157351464033127,0.39954286813736,0.432910770177841,-0.0391418263316154,-0.157351464033127,-0.039141833782196,-0.157351478934288,-0.150467336177826,0.195437386631966,-0.0391418263316154,-0.157351464033127,0.39954087138176,0.432910084724426
10.2883996963501,0.399493426084518,0.432862639427185,-0.0391526408493519,-0.157342419028282,-0.150394320487976,0.19548636674881,-0.0391526408493519,-0.157342419028282,-0.0391526408493519,-0.157342419028282,0.399491399526596,0.43286207318306,-0.0391526371240616,-0.157342404127121,-0.150392591953278,0.195486977696419,-0.150394320487976,0.19548636674881,-0.0391526371240616,-0.157342404127121,0.399493426084518,0.432862669229507,-0.0391526371240616,-0.157342404127121,-0.0391526408493519,-0.157342419028282,-0.150392591953278,0.195486977696419,-0.0391526371240616,-0.157342404127121,0.399491399526596,0.432862013578415
10.288800239563,0.399443924427032,0.432814568281174,-0.0391634553670883,-0.157333359122276,-0.150319546461105,0.195535928010941,-0.0391634553670883,-0.157333359122276,-0.0391634553670883,-0.157333359122276,0.399441987276077,0.432814002037048,-0.039163451641798,-0.157333344221115,-0.150317803025246,0.195536538958549,-0.150319546461105,0.195535928010941,-0.039163451641798,-0.157333344221115,0.399443924427032,0.432814598083496,-0.039163451641798,-0.157333344221115,-0.0391634553670883,-0.157333359122276,-0.150317803025246,0.195536538958549,-0.039163451641798,-0.157333344221115,0.399441987276077,0.432814002037048
10.2891998291016,0.399394392967224,0.432766556739807,-0.0391742624342442,-0.157324284315109,-0.150244727730751,0.195585429668427,-0.0391742661595345,-0.15732429921627,-0.0391742624342442,-0.157324284315109,0.399392366409302,0.432765990495682,-0.0391742624342442,-0.157324284315109,-0.15024308860302,0.195586025714874,-0.150244727730751,0.195585429668427,-0.0391742624342442,-0.157324284315109,0.399394363164902,0.432766646146774,-0.0391742587089539,-0.157324269413948,-0.0391742661595345,-0.15732429921627,-0.15024308860302,0.195586025714874,-0.0391742587089539,-0.157324269413948,0.399392366409302,0.432765960693359
10.2896003723145,0.399344831705093,0.432718604803085,-0.0391850695014,-0.157315209507942,-0.150169983506203,0.195634886622429,-0.0391850695014,-0.157315209507942,-0.0391850695014,-0.157315209507942,0.399342805147171,0.43271803855896,-0.0391850657761097,-0.157315194606781,-0.150168254971504,0.195635497570038,-0.150169983506203,0.195634886622429,-0.0391850657761097,-0.157315194606781,0.399344712495804,0.43271866440773,-0.0391850657761097,-0.157315194606781,-0.0391850695014,-0.157315209507942,-0.150168254971504,0.195635497570038,-0.0391850657761097,-0.157315194606781,0.399342805147171,0.43271803855896
10.289999961853,0.399295210838318,0.432670682668686,-0.0391958691179752,-0.157306134700775,-0.150095149874687,0.195684343576431,-0.0391958728432655,-0.157306149601936,-0.0391958691179752,-0.157306149601936,0.399293154478073,0.432670056819916,-0.0391958653926849,-0.157306119799614,-0.150093391537666,0.195684939622879,-0.150095149874687,0.195684343576431,-0.0391958653926849,-0.157306119799614,0.399295121431351,0.432670712471008,-0.0391958653926849,-0.157306119799614,-0.0391958728432655,-0.157306149601936,-0.150093391537666,0.195684939622879,-0.0391958653926849,-0.157306119799614,0.399293154478073,0.432670056819916
10.2903995513916,0.399245500564575,0.432622730731964,-0.0392066761851311,-0.157297059893608,-0.15002016723156,0.195733800530434,-0.0392066761851311,-0.157297074794769,-0.0392066761851311,-0.157297059893608,0.39924356341362,0.432622134685516,-0.0392066724598408,-0.157297044992447,-0.150018528103828,0.19573438167572,-0.15002016723156,0.195733800530434,-0.0392066724598408,-0.157297044992447,0.399245530366898,0.432622820138931,-0.0392066724598408,-0.157297044992447,-0.0392066761851311,-0.157297074794769,-0.150018528103828,0.19573438167572,-0.0392066724598408,-0.157297044992447,0.39924356341362,0.432622134685516
10.2908000946045,0.399195790290833,0.432574868202209,-0.0392174758017063,-0.15728797018528,-0.149945259094238,0.195783168077469,-0.0392174758017063,-0.15728797018528,-0.0392174758017063,-0.15728797018528,0.39919376373291,0.432574331760406,-0.039217472076416,-0.157287955284119,-0.149943605065346,0.195783764123917,-0.149945259094238,0.195783168077469,-0.039217472076416,-0.157287955284119,0.399195790290833,0.432574927806854,-0.039217472076416,-0.157287955284119,-0.0392174795269966,-0.157287985086441,-0.149943605065346,0.195783764123917,-0.039217472076416,-0.157287955284119,0.3991938829422,0.432574272155762
10.2911996841431,0.39914608001709,0.4325270652771,-0.0392282716929913,-0.15727886557579,-0.149870336055756,0.195832550525665,-0.0392282754182816,-0.157278880476952,-0.0392282716929913,-0.15727886557579,0.399144053459167,0.432526439428329,-0.0392282716929913,-0.15727886557579,-0.149868607521057,0.195833146572113,-0.149870336055756,0.195832550525665,-0.0392282716929913,-0.15727886557579,0.399146020412445,0.432527124881744,-0.0392282716929913,-0.15727886557579,-0.0392282754182816,-0.157278880476952,-0.149868607521057,0.195833146572113,-0.0392282716929913,-0.15727886557579,0.399144053459167,0.432526439428329
10.291600227356,0.399096310138702,0.43247926235199,-0.0392390713095665,-0.157269790768623,-0.149795293807983,0.195881873369217,-0.0392390713095665,-0.157269790768623,-0.0392390713095665,-0.157269790768623,0.399094372987747,0.432478666305542,-0.0392390675842762,-0.157269760966301,-0.149793654680252,0.195882484316826,-0.149795293807983,0.195881873369217,-0.0392390675842762,-0.157269760966301,0.399096310138702,0.432479292154312,-0.0392390675842762,-0.157269775867462,-0.0392390713095665,-0.157269790768623,-0.149793654680252,0.195882484316826,-0.0392390675842762,-0.157269775867462,0.399094372987747,0.432478666305542
10.2919998168945,0.399046629667282,0.432431519031525,-0.0392498634755611,-0.157260701060295,-0.149720326066017,0.195931181311607,-0.0392498634755611,-0.157260686159134,-0.0392498634755611,-0.157260701060295,0.399044573307037,0.432430922985077,-0.0392498597502708,-0.157260671257973,-0.149718582630157,0.195931762456894,-0.149720326066017,0.195931181311607,-0.0392498597502708,-0.157260671257973,0.399046540260315,0.432431548833847,-0.0392498597502708,-0.157260671257973,-0.0392498634755611,-0.157260686159134,-0.149718582630157,0.195931747555733,-0.0392498597502708,-0.157260671257973,0.399044573307037,0.432430922985077
10.2924003601074,0.398996710777283,0.43238377571106,-0.0392606519162655,-0.157251581549644,-0.149645209312439,0.195980459451675,-0.0392606556415558,-0.157251596450806,-0.0392606519162655,-0.157251581549644,0.398994773626328,0.432383179664612,-0.0392606519162655,-0.157251581549644,-0.14964348077774,0.195981055498123,-0.149645209312439,0.195980459451675,-0.0392606519162655,-0.157251581549644,0.398996770381927,0.432383835315704,-0.0392606481909752,-0.157251566648483,-0.0392606556415558,-0.157251596450806,-0.14964348077774,0.195981055498123,-0.0392606481909752,-0.157251566648483,0.398994773626328,0.432383179664612
10.292799949646,0.398946821689606,0.432336091995239,-0.0392714440822601,-0.157242476940155,-0.149570107460022,0.196029707789421,-0.0392714440822601,-0.157242476940155,-0.0392714440822601,-0.157242476940155,0.398944884538651,0.432335495948792,-0.0392714403569698,-0.157242462038994,-0.149568364024162,0.196030303835869,-0.149570107460022,0.196029707789421,-0.0392714403569698,-0.157242462038994,0.398946821689606,0.432336151599884,-0.0392714403569698,-0.157242462038994,-0.0392714440822601,-0.157242476940155,-0.149568364024162,0.196030303835869,-0.0392714403569698,-0.157242462038994,0.398944884538651,0.432335495948792
10.2931995391846,0.398896932601929,0.432288467884064,-0.0392822325229645,-0.157233372330666,-0.149494960904121,0.196078926324844,-0.0392822362482548,-0.157233387231827,-0.0392822325229645,-0.157233372330666,0.398895025253296,0.432287871837616,-0.0392822287976742,-0.157233357429504,-0.149493217468262,0.196079522371292,-0.149494960904121,0.196078926324844,-0.0392822287976742,-0.157233357429504,0.398896932601929,0.432288497686386,-0.0392822287976742,-0.157233357429504,-0.0392822362482548,-0.157233387231827,-0.149493217468262,0.196079507470131,-0.0392822287976742,-0.157233357429504,0.398895025253296,0.432287842035294
10.2936000823975,0.398847013711929,0.432240784168243,-0.0392930172383785,-0.157224252820015,-0.14941979944706,0.196128100156784,-0.0392930209636688,-0.157224267721176,-0.0392930172383785,-0.157224252820015,0.398845046758652,0.43224024772644,-0.0392930135130882,-0.157224237918854,-0.1494180560112,0.196128726005554,-0.14941979944706,0.196128100156784,-0.0392930135130882,-0.157224237918854,0.398847043514252,0.432240843772888,-0.0392930135130882,-0.157224237918854,-0.0392930209636688,-0.157224267721176,-0.1494180560112,0.196128726005554,-0.0392930135130882,-0.157224237918854,0.398844987154007,0.432240217924118
10.293999671936,0.398797035217285,0.432193249464035,-0.0393037982285023,-0.157215133309364,-0.149344518780708,0.196177273988724,-0.0393037982285023,-0.157215133309364,-0.0393037982285023,-0.157215133309364,0.398795008659363,0.43219268321991,-0.039303794503212,-0.157215103507042,-0.149342864751816,0.19617785513401,-0.149344518780708,0.196177273988724,-0.039303794503212,-0.157215118408203,0.398797065019608,0.43219330906868,-0.039303794503212,-0.157215118408203,-0.0393037982285023,-0.157215133309364,-0.149342864751816,0.19617785513401,-0.039303794503212,-0.157215118408203,0.398795008659363,0.43219268321991
10.2944002151489,0.398747056722641,0.432145714759827,-0.039314579218626,-0.157206013798714,-0.149269297719002,0.19622640311718,-0.0393145829439163,-0.157206028699875,-0.039314579218626,-0.157206013798714,0.398745000362396,0.432145088911057,-0.039314579218626,-0.157205998897552,-0.149267554283142,0.196226999163628,-0.149269297719002,0.19622640311718,-0.039314579218626,-0.157205998897552,0.398747086524963,0.432145744562149,-0.0393145754933357,-0.157205983996391,-0.0393145829439163,-0.157206013798714,-0.149267554283142,0.196226999163628,-0.0393145754933357,-0.157205983996391,0.398745000362396,0.432145088911057
10.2947998046875,0.398696959018707,0.432098180055618,-0.0393253639340401,-0.157196879386902,-0.149193957448006,0.196275517344475,-0.0393253639340401,-0.157196879386902,-0.0393253639340401,-0.157196879386902,0.398695021867752,0.432097613811493,-0.0393253602087498,-0.157196864485741,-0.149192228913307,0.196276098489761,-0.149193957448006,0.196275517344475,-0.0393253602087498,-0.157196864485741,0.398697018623352,0.432098269462585,-0.0393253602087498,-0.157196864485741,-0.0393253639340401,-0.157196879386902,-0.149192228913307,0.196276098489761,-0.0393253602087498,-0.157196864485741,0.398695021867752,0.432097613811493
10.2952003479004,0.398646891117096,0.432050704956055,-0.0393361374735832,-0.157187730073929,-0.149118602275848,0.196324571967125,-0.0393361411988735,-0.15718774497509,-0.0393361411988735,-0.15718774497509,0.398644834756851,0.432050168514252,-0.0393361374735832,-0.157187730073929,-0.14911687374115,0.196325197815895,-0.149118602275848,0.196324571967125,-0.0393361374735832,-0.157187730073929,0.398646920919418,0.432050794363022,-0.0393361374735832,-0.157187730073929,-0.0393361411988735,-0.15718774497509,-0.14911687374115,0.196325197815895,-0.0393361374735832,-0.157187730073929,0.398644924163818,0.432050138711929
10.295599937439,0.398596793413162,0.432003259658813,-0.0393469110131264,-0.157178610563278,-0.14904323220253,0.196373611688614,-0.0393469147384167,-0.157178625464439,-0.0393469110131264,-0.157178610563278,0.398594796657562,0.43200272321701,-0.0393469072878361,-0.157178595662117,-0.149041578173637,0.1963741928339,-0.14904323220253,0.196373611688614,-0.0393469072878361,-0.157178595662117,0.398596853017807,0.432003378868103,-0.0393469072878361,-0.157178595662117,-0.0393469147384167,-0.157178625464439,-0.149041578173637,0.1963741928339,-0.0393469072878361,-0.157178595662117,0.398594856262207,0.432002693414688
10.2959995269775,0.398546725511551,0.431955873966217,-0.0393576882779598,-0.157169476151466,-0.148967832326889,0.19642262160778,-0.0393576882779598,-0.157169476151466,-0.0393576882779598,-0.157169476151466,0.398544669151306,0.431955307722092,-0.0393576845526695,-0.157169461250305,-0.148966178297997,0.196423202753067,-0.148967832326889,0.19642262160778,-0.0393576845526695,-0.157169461250305,0.398546665906906,0.431955963373184,-0.0393576845526695,-0.157169461250305,-0.0393576882779598,-0.157169476151466,-0.148966178297997,0.196423202753067,-0.0393576845526695,-0.157169461250305,0.398544669151306,0.431955307722092
10.2964000701904,0.39849653840065,0.431908518075943,-0.0393684543669224,-0.157160326838493,-0.148892387747765,0.196471631526947,-0.0393684543669224,-0.157160326838493,-0.0393684543669224,-0.157160326838493,0.398494482040405,0.431907951831818,-0.0393684506416321,-0.157160311937332,-0.148890644311905,0.196472212672234,-0.148892387747765,0.196471631526947,-0.0393684506416321,-0.157160311937332,0.398496478796005,0.43190860748291,-0.0393684506416321,-0.157160311937332,-0.0393684543669224,-0.157160326838493,-0.148890644311905,0.196472212672234,-0.0393684506416321,-0.157160311937332,0.398494482040405,0.431907951831818
10.296799659729,0.39844623208046,0.431861191987991,-0.0393792241811752,-0.15715117752552,-0.148816853761673,0.196520581841469,-0.0393792241811752,-0.15715117752552,-0.0393792241811752,-0.15715117752552,0.398444324731827,0.431860655546188,-0.0393792204558849,-0.157151162624359,-0.14881519973278,0.196521177887917,-0.148816853761673,0.196520581841469,-0.0393792204558849,-0.157151162624359,0.398446291685104,0.431861251592636,-0.0393792204558849,-0.157151162624359,-0.0393792241811752,-0.15715117752552,-0.14881519973278,0.196521177887917,-0.0393792204558849,-0.157151162624359,0.398444294929504,0.431860595941544
10.2972002029419,0.398395985364914,0.431813925504684,-0.0393899939954281,-0.157142028212547,-0.148741379380226,0.196569502353668,-0.0393899939954281,-0.157142028212547,-0.0393899939954281,-0.157142028212547,0.398394078016281,0.431813329458237,-0.0393899902701378,-0.157141998410225,-0.148739621043205,0.196570083498955,-0.148741379380226,0.196569502353668,-0.0393899902701378,-0.157141998410225,0.398395985364914,0.431813955307007,-0.0393899902701378,-0.157142013311386,-0.0393899939954281,-0.157142028212547,-0.148739621043205,0.196570083498955,-0.0393899902701378,-0.157142013311386,0.398394078016281,0.431813329458237
10.2975997924805,0.398345798254013,0.431766659021378,-0.0394007563591003,-0.157132863998413,-0.148665770888329,0.196618393063545,-0.0394007600843906,-0.157132878899574,-0.0394007563591003,-0.157132863998413,0.398343801498413,0.431766092777252,-0.03940075263381,-0.157132849097252,-0.148664131760597,0.196618974208832,-0.148665770888329,0.196618393063545,-0.03940075263381,-0.157132849097252,0.398345708847046,0.4317666888237,-0.03940075263381,-0.157132849097252,-0.0394007600843906,-0.157132878899574,-0.148664131760597,0.196618974208832,-0.03940075263381,-0.157132849097252,0.398343801498413,0.431766092777252
10.2980003356934,0.398295402526855,0.431719422340393,-0.0394115149974823,-0.157123684883118,-0.148590162396431,0.196667268872261,-0.0394115187227726,-0.157123699784279,-0.0394115149974823,-0.157123699784279,0.398293405771255,0.431718826293945,-0.039411511272192,-0.157123669981956,-0.148588508367538,0.196667835116386,-0.148590162396431,0.196667268872261,-0.039411511272192,-0.157123669981956,0.3982954621315,0.431719481945038,-0.039411511272192,-0.157123669981956,-0.0394115187227726,-0.157123699784279,-0.148588508367538,0.196667835116386,-0.039411511272192,-0.157123669981956,0.398293405771255,0.431718826293945
10.2983999252319,0.398245096206665,0.431672245264053,-0.0394222773611546,-0.157114535570145,-0.14851450920105,0.196716114878654,-0.0394222810864449,-0.157114550471306,-0.0394222773611546,-0.157114535570145,0.39824303984642,0.43167170882225,-0.0394222736358643,-0.157114520668983,-0.148512870073318,0.19671668112278,-0.14851450920105,0.196716114878654,-0.0394222736358643,-0.157114520668983,0.398245096206665,0.431672275066376,-0.0394222736358643,-0.157114520668983,-0.0394222810864449,-0.157114550471306,-0.148512870073318,0.19671668112278,-0.0394222736358643,-0.157114520668983,0.39824303984642,0.43167170882225
10.2988004684448,0.398194700479507,0.431625127792358,-0.0394330359995365,-0.157105356454849,-0.148438841104507,0.196764916181564,-0.0394330359995365,-0.157105356454849,-0.0394330359995365,-0.157105356454849,0.398192644119263,0.431624531745911,-0.0394330322742462,-0.157105341553688,-0.148437187075615,0.19676548242569,-0.148438841104507,0.196764916181564,-0.0394330322742462,-0.157105341553688,0.398194760084152,0.431625187397003,-0.0394330322742462,-0.157105341553688,-0.0394330359995365,-0.157105356454849,-0.148437187075615,0.19676548242569,-0.0394330322742462,-0.157105341553688,0.398192644119263,0.431624531745911
10.2992000579834,0.398144245147705,0.431578040122986,-0.0394437909126282,-0.157096192240715,-0.148363158106804,0.196813672780991,-0.0394437946379185,-0.157096207141876,-0.0394437909126282,-0.157096192240715,0.39814230799675,0.431577444076538,-0.0394437909126282,-0.157096177339554,-0.148361504077911,0.196814239025116,-0.148363158106804,0.196813672780991,-0.0394437871873379,-0.157096162438393,0.398144245147705,0.431578069925308,-0.0394437871873379,-0.157096177339554,-0.0394437946379185,-0.157096207141876,-0.148361504077911,0.196814239025116,-0.0394437871873379,-0.157096177339554,0.39814230799675,0.431577444076538
10.299599647522,0.39809376001358,0.431530922651291,-0.0394545458257198,-0.157086998224258,-0.148287430405617,0.196862414479256,-0.0394545495510101,-0.15708701312542,-0.0394545458257198,-0.157086998224258,0.398091852664948,0.431530356407166,-0.0394545458257198,-0.157086983323097,-0.148285686969757,0.196862980723381,-0.148287430405617,0.196862414479256,-0.0394545458257198,-0.157086983323097,0.398093789815903,0.431531012058258,-0.0394545421004295,-0.157086968421936,-0.0394545495510101,-0.15708701312542,-0.148285686969757,0.196862980723381,-0.0394545421004295,-0.157086968421936,0.398091852664948,0.431530356407166
10.3000001907349,0.398043304681778,0.431483954191208,-0.0394652970135212,-0.157077804207802,-0.148211613297462,0.196911126375198,-0.0394653007388115,-0.157077819108963,-0.0394652970135212,-0.157077804207802,0.398041278123856,0.43148335814476,-0.0394652970135212,-0.157077804207802,-0.14820995926857,0.196911707520485,-0.148211613297462,0.196911126375198,-0.0394652970135212,-0.157077804207802,0.398043304681778,0.431483954191208,-0.0394652932882309,-0.157077789306641,-0.0394653007388115,-0.157077819108963,-0.14820995926857,0.196911707520485,-0.0394652932882309,-0.157077789306641,0.398041278123856,0.43148335814476
10.3003997802734,0.397992730140686,0.431436896324158,-0.0394760482013226,-0.157068625092506,-0.148135840892792,0.196959793567657,-0.0394760519266129,-0.157068639993668,-0.0394760482013226,-0.157068625092506,0.397990822792053,0.431436359882355,-0.0394760444760323,-0.157068610191345,-0.148134097456932,0.196960374712944,-0.148135840892792,0.196959793567657,-0.0394760444760323,-0.157068610191345,0.397992789745331,0.431436985731125,-0.0394760444760323,-0.157068610191345,-0.0394760519266129,-0.157068639993668,-0.148134097456932,0.196960374712944,-0.0394760444760323,-0.157068610191345,0.397990792989731,0.431436330080032
10.3008003234863,0.397942185401917,0.431389957666397,-0.0394867919385433,-0.157059416174889,-0.148059964179993,0.197008475661278,-0.0394867956638336,-0.15705943107605,-0.0394867919385433,-0.157059416174889,0.397940248250961,0.431389361619949,-0.0394867919385433,-0.157059416174889,-0.148058220744133,0.197009056806564,-0.148059964179993,0.197008475661278,-0.0394867919385433,-0.157059416174889,0.397942215204239,0.431390047073364,-0.039486788213253,-0.157059401273727,-0.0394867956638336,-0.15705943107605,-0.148058220744133,0.197009056806564,-0.0394867919385433,-0.157059416174889,0.397940248250961,0.431389361619949
10.3011999130249,0.397891640663147,0.431343078613281,-0.0394975431263447,-0.157050237059593,-0.147984057664871,0.197057098150253,-0.0394975431263447,-0.157050237059593,-0.0394975431263447,-0.157050237059593,0.397889614105225,0.431342482566833,-0.0394975394010544,-0.157050222158432,-0.14798229932785,0.19705767929554,-0.147984057664871,0.197057098150253,-0.0394975394010544,-0.157050222158432,0.397891521453857,0.431343078613281,-0.0394975394010544,-0.157050222158432,-0.0394975431263447,-0.157050237059593,-0.14798229932785,0.19705767929554,-0.0394975394010544,-0.157050222158432,0.397889614105225,0.431342482566833
10.3016004562378,0.39784100651741,0.431296169757843,-0.0395082831382751,-0.157041028141975,-0.147908136248589,0.197105690836906,-0.0395082831382751,-0.157041028141975,-0.0395082831382751,-0.157041028141975,0.397838950157166,0.431295603513718,-0.0395082794129848,-0.157041013240814,-0.147906377911568,0.197106271982193,-0.147908136248589,0.197105690836906,-0.0395082794129848,-0.157041013240814,0.39784100651741,0.431296169757843,-0.0395082794129848,-0.157041013240814,-0.0395082831382751,-0.157041028141975,-0.147906377911568,0.197106271982193,-0.0395082794129848,-0.157041013240814,0.397838950157166,0.431295603513718
10.3020000457764,0.397790342569351,0.431249290704727,-0.0395189858973026,-0.157031819224358,-0.147832170128822,0.197154253721237,-0.0395189896225929,-0.157031834125519,-0.0395189858973026,-0.157031819224358,0.397788286209106,0.431248754262924,-0.0395190194249153,-0.157031804323196,-0.147830426692963,0.197154864668846,-0.147832170128822,0.197154253721237,-0.0395190194249153,-0.157031804323196,0.397790342569351,0.43124932050705,-0.0395189821720123,-0.157031804323196,-0.0395189896225929,-0.157031834125519,-0.147830426692963,0.197154864668846,-0.0395189821720123,-0.157031804323196,0.397788286209106,0.431248754262924
10.3023996353149,0.397739678621292,0.431202501058578,-0.0395297259092331,-0.15702261030674,-0.147756114602089,0.197202801704407,-0.0395297259092331,-0.15702261030674,-0.0395297259092331,-0.15702261030674,0.397737681865692,0.431201934814453,-0.0395297631621361,-0.157022595405579,-0.147754445672035,0.197203353047371,-0.147756114602089,0.197202801704407,-0.0395297631621361,-0.157022595405579,0.397739589214325,0.431202501058578,-0.0395297221839428,-0.157022595405579,-0.0395297259092331,-0.15702261030674,-0.147754445672035,0.197203353047371,-0.0395297221839428,-0.157022595405579,0.397737681865692,0.431201934814453
10.3028001785278,0.397688955068588,0.431155741214752,-0.0395404621958733,-0.157013401389122,-0.147680103778839,0.197251304984093,-0.0395404994487762,-0.157013401389122,-0.0395404621958733,-0.157013401389122,0.397686898708344,0.431155174970627,-0.0395404957234859,-0.157013386487961,-0.147678345441818,0.197251856327057,-0.147680103778839,0.197251304984093,-0.0395404957234859,-0.157013386487961,0.397688865661621,0.431155771017075,-0.0395404957234859,-0.157013386487961,-0.0395404994487762,-0.157013401389122,-0.147678345441818,0.197251856327057,-0.0395404957234859,-0.157013386487961,0.397686898708344,0.431155145168304
10.3031997680664,0.397638112306595,0.431109011173248,-0.0395511612296104,-0.157004192471504,-0.147603988647461,0.197299793362617,-0.0395511984825134,-0.157004192471504,-0.0395511612296104,-0.157004192471504,0.397636085748672,0.431108444929123,-0.0395511947572231,-0.157004177570343,-0.14760223031044,0.197300359606743,-0.147603988647461,0.197299793362617,-0.0395511947572231,-0.157004177570343,0.397638112306595,0.431109011173248,-0.0395511947572231,-0.157004177570343,-0.0395511984825134,-0.157004192471504,-0.14760223031044,0.197300359606743,-0.0395511947572231,-0.157004177570343,0.397636085748672,0.431108444929123
10.3036003112793,0.397587239742279,0.431062310934067,-0.03956189006567,-0.156994953751564,-0.147527858614922,0.197348222136497,-0.0395619310438633,-0.156994968652725,-0.03956189006567,-0.156994953751564,0.397585332393646,0.431061714887619,-0.039561927318573,-0.156994953751564,-0.147526189684868,0.197348788380623,-0.147527858614922,0.197348222136497,-0.039561927318573,-0.156994953751564,0.397587239742279,0.431062310934067,-0.0395619235932827,-0.156994938850403,-0.0395619310438633,-0.156994968652725,-0.147526189684868,0.197348788380623,-0.0395619235932827,-0.156994938850403,0.397585332393646,0.431061714887619
10.3039999008179,0.397536516189575,0.431015610694885,-0.0395726598799229,-0.156985715031624,-0.147451683878899,0.197396636009216,-0.0395726598799229,-0.156985715031624,-0.0395726263523102,-0.156985744833946,0.39753445982933,0.43101504445076,-0.0395726561546326,-0.156985715031624,-0.147450014948845,0.197397202253342,-0.147451683878899,0.197396636009216,-0.0395726561546326,-0.156985715031624,0.397536396980286,0.431015640497208,-0.0395726561546326,-0.156985715031624,-0.0395726598799229,-0.156985715031624,-0.147450014948845,0.197397202253342,-0.0395726561546326,-0.156985715031624,0.39753445982933,0.43101504445076
10.3044004440308,0.397485584020615,0.430968970060349,-0.0395833514630795,-0.156976491212845,-0.147375494241714,0.197445034980774,-0.0395833514630795,-0.156976491212845,-0.0395833514630795,-0.156976491212845,0.39748352766037,0.430968433618546,-0.0395833514630795,-0.156976476311684,-0.147373825311661,0.197445571422577,-0.147375494241714,0.197445034980774,-0.0395833514630795,-0.156976476311684,0.397485613822937,0.430969059467316,-0.0395833514630795,-0.156976476311684,-0.0395833514630795,-0.156976491212845,-0.147373825311661,0.197445571422577,-0.0395833514630795,-0.156976476311684,0.39748352766037,0.430968374013901
10.3048000335693,0.397434651851654,0.430922448635101,-0.0395940765738487,-0.156967267394066,-0.147299274802208,0.197493404150009,-0.0395940765738487,-0.156967267394066,-0.0395940765738487,-0.156967267394066,0.397432595491409,0.430921852588654,-0.0395940765738487,-0.156967252492905,-0.147297516465187,0.197493940591812,-0.147299274802208,0.197493404150009,-0.0395940765738487,-0.156967252492905,0.397434651851654,0.430922478437424,-0.0395940765738487,-0.156967252492905,-0.0395940765738487,-0.156967267394066,-0.147297516465187,0.197493940591812,-0.0395940765738487,-0.156967252492905,0.397432595491409,0.430921852588654
10.3051996231079,0.397383689880371,0.430875867605209,-0.039604801684618,-0.156957998871803,-0.14722304046154,0.197541683912277,-0.0396048054099083,-0.156958013772964,-0.039604801684618,-0.156957998871803,0.397381663322449,0.430875271558762,-0.039604801684618,-0.156957998871803,-0.147221282124519,0.197542279958725,-0.14722304046154,0.197541683912277,-0.039604801684618,-0.156957998871803,0.397383689880371,0.430875867605209,-0.039604801684618,-0.156957998871803,-0.0396048054099083,-0.156958013772964,-0.147221282124519,0.197542279958725,-0.039604801684618,-0.156957998871803,0.397381663322449,0.430875271558762
10.3056001663208,0.397332757711411,0.43082931637764,-0.039615523070097,-0.156948775053024,-0.147146686911583,0.197589993476868,-0.039615523070097,-0.156948775053024,-0.039615523070097,-0.156948775053024,0.397330760955811,0.430828779935837,-0.0396155193448067,-0.156948760151863,-0.147145017981529,0.197590529918671,-0.147146686911583,0.197589993476868,-0.0396155193448067,-0.156948760151863,0.397332787513733,0.430829375982285,-0.0396155193448067,-0.156948760151863,-0.039615523070097,-0.156948775053024,-0.147145017981529,0.197590529918671,-0.0396155193448067,-0.156948760151863,0.397330701351166,0.430828720331192
10.3059997558594,0.397281736135483,0.430782854557037,-0.0396262444555759,-0.156939506530762,-0.14707039296627,0.197638243436813,-0.0396262481808662,-0.156939521431923,-0.0396262444555759,-0.156939506530762,0.39727970957756,0.430782288312912,-0.0396262407302856,-0.156939506530762,-0.147068649530411,0.1976388245821,-0.14707039296627,0.197638243436813,-0.0396262407302856,-0.156939506530762,0.397281736135483,0.430782854557037,-0.0396262407302856,-0.156939506530762,-0.0396262481808662,-0.156939521431923,-0.147068649530411,0.1976388245821,-0.0396262407302856,-0.156939506530762,0.39727970957756,0.430782288312912
10.3064002990723,0.397230684757233,0.430736362934113,-0.0396369621157646,-0.156930267810822,-0.14699399471283,0.197686493396759,-0.0396369621157646,-0.156930267810822,-0.0396369621157646,-0.156930267810822,0.397228688001633,0.430735856294632,-0.0396369583904743,-0.15693025290966,-0.146992236375809,0.197687074542046,-0.14699399471283,0.197686493396759,-0.0396369583904743,-0.15693025290966,0.397230744361877,0.43073645234108,-0.0396369583904743,-0.15693025290966,-0.0396369621157646,-0.156930267810822,-0.146992236375809,0.197687074542046,-0.0396369583904743,-0.15693025290966,0.397228688001633,0.430735856294632
10.3067998886108,0.39717960357666,0.430689960718155,-0.0396476797759533,-0.15692101418972,-0.146917566657066,0.19773468375206,-0.0396476797759533,-0.15692101418972,-0.0396476797759533,-0.15692101418972,0.397177547216415,0.430689424276352,-0.039647676050663,-0.156920999288559,-0.146915808320045,0.197735249996185,-0.146917566657066,0.19773468375206,-0.039647676050663,-0.156920999288559,0.397179633378983,0.430690050125122,-0.039647676050663,-0.156920999288559,-0.0396476797759533,-0.15692101418972,-0.146915808320045,0.197735249996185,-0.039647676050663,-0.156920999288559,0.397177547216415,0.430689424276352
10.3072004318237,0.397128462791443,0.430643618106842,-0.0396583899855614,-0.156911760568619,-0.146841108798981,0.1977828592062,-0.0396583899855614,-0.156911760568619,-0.0396583899855614,-0.156911760568619,0.397126466035843,0.430643081665039,-0.0396583899855614,-0.156911745667458,-0.146839365363121,0.197783410549164,-0.146841108798981,0.1977828592062,-0.0396583899855614,-0.156911745667458,0.397128462791443,0.430643677711487,-0.0396583899855614,-0.156911745667458,-0.0396583899855614,-0.156911760568619,-0.146839365363121,0.197783410549164,-0.0396583899855614,-0.156911745667458,0.397126466035843,0.430643051862717
10.3076000213623,0.39707738161087,0.430597305297852,-0.0396691039204597,-0.156902477145195,-0.146764561533928,0.197831019759178,-0.03966910764575,-0.156902492046356,-0.0396691039204597,-0.156902477145195,0.397075325250626,0.430596768856049,-0.0396691001951694,-0.156902462244034,-0.146762892603874,0.197831571102142,-0.146764561533928,0.197831019759178,-0.0396691001951694,-0.156902462244034,0.397077262401581,0.430597364902496,-0.0396691001951694,-0.156902462244034,-0.03966910764575,-0.156902492046356,-0.146762892603874,0.197831571102142,-0.0396691001951694,-0.156902462244034,0.397075325250626,0.430596768856049
10.3079996109009,0.397026151418686,0.430550962686539,-0.0396798141300678,-0.156893208622932,-0.146688058972359,0.197879105806351,-0.0396798178553581,-0.156893223524094,-0.0396797396242619,-0.156893208622932,0.397024124860764,0.43055048584938,-0.0396798104047775,-0.156893193721771,-0.146686390042305,0.197879657149315,-0.146688058972359,0.197879105806351,-0.0396798104047775,-0.156893193721771,0.397026181221008,0.430551052093506,-0.0396798104047775,-0.156893193721771,-0.0396798178553581,-0.156893223524094,-0.146686390042305,0.197879657149315,-0.0396798104047775,-0.156893193721771,0.397024124860764,0.43055048584938
10.3084001541138,0.396974921226501,0.430504739284515,-0.0396904461085796,-0.156883955001831,-0.146611526608467,0.197927191853523,-0.0396904833614826,-0.156883925199509,-0.0396904461085796,-0.156883955001831,0.396972924470901,0.430504202842712,-0.0396904796361923,-0.156883910298347,-0.146609768271446,0.19792777299881,-0.146611526608467,0.197927191853523,-0.0396904796361923,-0.156883910298347,0.396974951028824,0.430504769086838,-0.0396904796361923,-0.156883910298347,-0.0396904833614826,-0.156883925199509,-0.146609768271446,0.19792777299881,-0.0396904796361923,-0.156883910298347,0.396972894668579,0.430504143238068
10.3087997436523,0.39692360162735,0.43045848608017,-0.0397011488676071,-0.156874656677246,-0.146534889936447,0.197975218296051,-0.0397011935710907,-0.156874671578407,-0.0397011488676071,-0.156874656677246,0.39692160487175,0.430457949638367,-0.0397011861205101,-0.156874641776085,-0.146533221006393,0.197975784540176,-0.146534889936447,0.197975218296051,-0.0397011861205101,-0.156874641776085,0.396923661231995,0.430458545684814,-0.0397011861205101,-0.156874641776085,-0.0397011935710907,-0.156874671578407,-0.146533221006393,0.197975784540176,-0.0397011861205101,-0.156874641776085,0.396921575069427,0.430457919836044
10.3092002868652,0.396872311830521,0.430412292480469,-0.0397118516266346,-0.156865358352661,-0.146458223462105,0.19802325963974,-0.0397118926048279,-0.156865373253822,-0.0397118516266346,-0.156865358352661,0.396870315074921,0.430411845445633,-0.0397118851542473,-0.1568653434515,-0.146456554532051,0.198023810982704,-0.146458223462105,0.19802325963974,-0.0397118851542473,-0.1568653434515,0.396872341632843,0.430412381887436,-0.0397118851542473,-0.1568653434515,-0.0397118926048279,-0.156865373253822,-0.146456554532051,0.198023810982704,-0.0397118851542473,-0.1568653434515,0.396870255470276,0.430411756038666
10.3095998764038,0.396821022033691,0.430366218090057,-0.0397225543856621,-0.156856089830399,-0.14638152718544,0.198071256279945,-0.0397225581109524,-0.15685610473156,-0.0397225543856621,-0.156856089830399,0.396818995475769,0.430365681648254,-0.0397225506603718,-0.156856074929237,-0.146379873156548,0.198071777820587,-0.14638152718544,0.198071256279945,-0.0397225506603718,-0.156856074929237,0.396821022033691,0.43036624789238,-0.0397225506603718,-0.156856074929237,-0.0397225581109524,-0.15685610473156,-0.146379873156548,0.198071777820587,-0.0397225506603718,-0.156856074929237,0.396818995475769,0.430365681648254
10.3100004196167,0.396769732236862,0.430320084095001,-0.0397332534193993,-0.156846791505814,-0.146304830908775,0.198119208216667,-0.0397332534193993,-0.156846791505814,-0.0397332534193993,-0.156846791505814,0.39676770567894,0.430319547653198,-0.039733249694109,-0.156846776604652,-0.146303161978722,0.19811974465847,-0.146304830908775,0.198119208216667,-0.039733249694109,-0.156846776604652,0.396769732236862,0.430320113897324,-0.039733249694109,-0.156846776604652,-0.0397332534193993,-0.156846791505814,-0.14630314707756,0.198119729757309,-0.039733249694109,-0.156846776604652,0.39676770567894,0.430319547653198
10.3104000091553,0.396718233823776,0.430274039506912,-0.0397439487278461,-0.156837493181229,-0.146228089928627,0.198167115449905,-0.0397439524531364,-0.15683750808239,-0.0397439487278461,-0.156837493181229,0.396716266870499,0.430273443460464,-0.0397439450025558,-0.156837463378906,-0.146226316690445,0.198167681694031,-0.146228089928627,0.198167115449905,-0.0397439450025558,-0.156837478280067,0.396718263626099,0.430274069309235,-0.0397439450025558,-0.156837478280067,-0.0397439524531364,-0.15683750808239,-0.146226316690445,0.198167681694031,-0.0397439450025558,-0.156837478280067,0.396716266870499,0.430273443460464
10.3107995986938,0.396666824817657,0.430227965116501,-0.039754644036293,-0.156828194856644,-0.146151334047318,0.198215007781982,-0.0397546477615833,-0.156828209757805,-0.039754644036293,-0.156828194856644,0.396664828062057,0.43022745847702,-0.0397546403110027,-0.156828179955482,-0.146149560809135,0.198215588927269,-0.146151334047318,0.198215007781982,-0.0397546403110027,-0.156828179955482,0.39666685461998,0.430228054523468,-0.0397546403110027,-0.156828179955482,-0.0397546477615833,-0.156828209757805,-0.146149560809135,0.198215544223785,-0.0397546403110027,-0.156828179955482,0.396664768457413,0.430227428674698
10.3112001419067,0.396615475416183,0.430182009935379,-0.0397653356194496,-0.156818881630898,-0.146074444055557,0.198262870311737,-0.0397653393447399,-0.156818896532059,-0.0397653356194496,-0.156818881630898,0.396613419055939,0.430181473493576,-0.0397653318941593,-0.156818866729736,-0.146072775125504,0.198263421654701,-0.146074444055557,0.198262870311737,-0.0397653318941593,-0.156818866729736,0.396615356206894,0.430182009935379,-0.0397653318941593,-0.156818866729736,-0.0397653393447399,-0.156818896532059,-0.146072775125504,0.198263421654701,-0.0397653318941593,-0.156818866729736,0.396613419055939,0.430181473493576
10.3115997314453,0.396563977003098,0.430136024951935,-0.0397759489715099,-0.156809583306313,-0.145997643470764,0.198310703039169,-0.0397759489715099,-0.156809583306313,-0.0397759489715099,-0.156809583306313,0.396561920642853,0.430135488510132,-0.0397760197520256,-0.15680955350399,-0.145995885133743,0.198311269283295,-0.145997643470764,0.198310703039169,-0.0397760197520256,-0.15680955350399,0.396563857793808,0.430136114358902,-0.0397759452462196,-0.156809568405151,-0.0397759489715099,-0.156809583306313,-0.145995885133743,0.198311269283295,-0.0397759452462196,-0.156809568405151,0.396561920642853,0.430135488510132
10.3120002746582,0.396512359380722,0.43009015917778,-0.0397866331040859,-0.156800270080566,-0.145920723676682,0.19835852086544,-0.0397866368293762,-0.156800284981728,-0.0397866331040859,-0.156800270080566,0.396510362625122,0.430089592933655,-0.0397866331040859,-0.156800255179405,-0.145918950438499,0.198359057307243,-0.145920723676682,0.19835852086544,-0.0397866331040859,-0.156800255179405,0.396512359380722,0.43009015917778,-0.0397866331040859,-0.156800255179405,-0.0397866368293762,-0.156800284981728,-0.145918950438499,0.198359057307243,-0.0397866331040859,-0.156800255179405,0.396510362625122,0.430089592933655
10.3123998641968,0.396460801362991,0.430044263601303,-0.0397973209619522,-0.156790941953659,-0.145843759179115,0.198406249284744,-0.0397973246872425,-0.15679095685482,-0.0397973209619522,-0.156790941953659,0.396458774805069,0.4300437271595,-0.0397973172366619,-0.156790927052498,-0.145842015743256,0.198406845331192,-0.145843759179115,0.198406249284744,-0.0397973172366619,-0.156790927052498,0.396460801362991,0.430044293403625,-0.0397973172366619,-0.156790927052498,-0.0397973246872425,-0.15679095685482,-0.145842015743256,0.198406845331192,-0.0397973172366619,-0.156790927052498,0.396458774805069,0.4300437271595
10.3128004074097,0.396409213542938,0.429998368024826,-0.0398080050945282,-0.156781613826752,-0.14576680958271,0.198453992605209,-0.0398080088198185,-0.156781628727913,-0.0398080050945282,-0.156781613826752,0.396407037973404,0.429997861385345,-0.0398080013692379,-0.156781598925591,-0.145765036344528,0.198454558849335,-0.14576680958271,0.198453992605209,-0.0398080013692379,-0.156781598925591,0.396409243345261,0.429998457431793,-0.0398080013692379,-0.156781598925591,-0.0398080088198185,-0.156781628727913,-0.145765036344528,0.198454558849335,-0.0398080013692379,-0.156781598925591,0.396407186985016,0.429997831583023
10.3131999969482,0.396357536315918,0.429952591657639,-0.0398186892271042,-0.156772285699844,-0.14568980038166,0.198501735925674,-0.0398186892271042,-0.156772285699844,-0.0398186892271042,-0.156772285699844,0.396355479955673,0.429952055215836,-0.0398186855018139,-0.156772270798683,-0.14568804204464,0.1985023021698,-0.14568980038166,0.198501735925674,-0.0398186855018139,-0.156772270798683,0.39635756611824,0.429952681064606,-0.0398186855018139,-0.156772270798683,-0.0398186892271042,-0.156772285699844,-0.14568804204464,0.1985023021698,-0.0398186855018139,-0.156772270798683,0.396355479955673,0.429952055215836
10.3135995864868,0.396305859088898,0.429906845092773,-0.0398292914032936,-0.156762972474098,-0.145612686872482,0.198549404740334,-0.0398292951285839,-0.156762987375259,-0.0398292914032936,-0.156762972474098,0.396303832530975,0.429906278848648,-0.0398293621838093,-0.156762942671776,-0.145611017942429,0.198549956083298,-0.145612686872482,0.198549404740334,-0.0398293621838093,-0.156762942671776,0.396305859088898,0.429906845092773,-0.0398292876780033,-0.156762957572937,-0.0398292951285839,-0.156762987375259,-0.145611017942429,0.198549941182137,-0.0398292876780033,-0.156762957572937,0.396303832530975,0.429906278848648
10.3140001296997,0.3962542116642,0.429861098527908,-0.039840042591095,-0.156753614544868,-0.14553564786911,0.198597028851509,-0.0398400463163853,-0.15675362944603,-0.039840042591095,-0.156753614544868,0.396252065896988,0.429860591888428,-0.0398400388658047,-0.156753599643707,-0.145533889532089,0.198597595095634,-0.14553564786911,0.198597028851509,-0.0398400388658047,-0.156753599643707,0.3962542116642,0.429861098527908,-0.0398400388658047,-0.156753599643707,-0.0398400463163853,-0.15675362944603,-0.145533889532089,0.198597595095634,-0.0398400388658047,-0.156753599643707,0.396252065896988,0.429860591888428
10.3143997192383,0.396202445030212,0.429815381765366,-0.0398506447672844,-0.156744301319122,-0.145458474755287,0.198644667863846,-0.0398506484925747,-0.156744316220284,-0.0398506447672844,-0.156744301319122,0.396200388669968,0.429814875125885,-0.0398506410419941,-0.156744286417961,-0.145456820726395,0.198645204305649,-0.145458474755287,0.198644667863846,-0.0398506410419941,-0.156744286417961,0.396202445030212,0.429815471172333,-0.0398506410419941,-0.156744286417961,-0.0398506484925747,-0.156744316220284,-0.145456820726395,0.198645204305649,-0.0398506410419941,-0.156744286417961,0.396200388669968,0.429814875125885
10.3148002624512,0.396150678396225,0.42976975440979,-0.0398613177239895,-0.156734958291054,-0.145381405949593,0.198692247271538,-0.0398613177239895,-0.156734958291054,-0.0398613177239895,-0.156734958291054,0.39614862203598,0.429769217967987,-0.0398613139986992,-0.156734943389893,-0.145379632711411,0.198692753911018,-0.145381405949593,0.198692247271538,-0.0398613139986992,-0.156734943389893,0.396150708198547,0.429769814014435,-0.0398613139986992,-0.156734943389893,-0.0398613177239895,-0.156734958291054,-0.145379632711411,0.198692753911018,-0.0398613139986992,-0.156734943389893,0.39614862203598,0.429769217967987
10.3151998519897,0.39609882235527,0.429724156856537,-0.0398719869554043,-0.156725600361824,-0.145304188132286,0.198739796876907,-0.0398719906806946,-0.156725615262985,-0.0398719869554043,-0.156725600361824,0.396096795797348,0.429723590612411,-0.039871983230114,-0.156725585460663,-0.145302414894104,0.198740318417549,-0.145304188132286,0.198739796876907,-0.039871983230114,-0.156725585460663,0.396098852157593,0.429724216461182,-0.039871983230114,-0.156725585460663,-0.0398719906806946,-0.156725615262985,-0.145302414894104,0.198740318417549,-0.039871983230114,-0.156725585460663,0.396096795797348,0.429723590612411
10.3156003952026,0.396047085523605,0.429678589105606,-0.0398826561868191,-0.156716257333755,-0.145226955413818,0.198787301778793,-0.0398826599121094,-0.156716272234917,-0.0398826561868191,-0.156716257333755,0.396044969558716,0.429678052663803,-0.0398826524615288,-0.156716242432594,-0.145225182175636,0.198787868022919,-0.145226955413818,0.198787301778793,-0.0398826524615288,-0.156716242432594,0.396046996116638,0.429678589105606,-0.0398826524615288,-0.156716242432594,-0.0398826599121094,-0.156716272234917,-0.145225182175636,0.198787868022919,-0.0398826524615288,-0.156716242432594,0.396044969558716,0.429678052663803
10.3159999847412,0.395995110273361,0.429633051156998,-0.0398933254182339,-0.156706884503365,-0.145149707794189,0.198834791779518,-0.0398933291435242,-0.156706899404526,-0.0398933254182339,-0.156706884503365,0.395993113517761,0.429632514715195,-0.0398933216929436,-0.156706869602203,-0.145147934556007,0.198835358023643,-0.145149707794189,0.198834791779518,-0.0398933216929436,-0.156706869602203,0.395995110273361,0.429633051156998,-0.0398933216929436,-0.156706869602203,-0.0398933291435242,-0.156706899404526,-0.145147934556007,0.198835358023643,-0.0398933216929436,-0.156706869602203,0.395993113517761,0.429632514715195
10.3163995742798,0.395943254232407,0.429587513208389,-0.0399039909243584,-0.156697526574135,-0.14507232606411,0.198882266879082,-0.0399039909243584,-0.156697526574135,-0.0399039909243584,-0.156697526574135,0.395941168069839,0.429587036371231,-0.0399039871990681,-0.156697511672974,-0.145070657134056,0.198882773518562,-0.14507232606411,0.198882266879082,-0.0399039871990681,-0.156697511672974,0.395943194627762,0.429587602615356,-0.0399039871990681,-0.156697511672974,-0.0399039909243584,-0.156697526574135,-0.145070657134056,0.198882773518562,-0.0399039871990681,-0.156697511672974,0.395941138267517,0.429587006568909
10.3168001174927,0.395891338586807,0.429542034864426,-0.0399145744740963,-0.156688168644905,-0.144995018839836,0.198929682374001,-0.0399145781993866,-0.156688183546066,-0.0399145744740963,-0.156688168644905,0.395889222621918,0.429541558027267,-0.039914645254612,-0.156688138842583,-0.144993245601654,0.198930203914642,-0.144995018839836,0.198929682374001,-0.039914645254612,-0.156688138842583,0.395891219377518,0.429542124271393,-0.039914570748806,-0.156688153743744,-0.0399145781993866,-0.156688183546066,-0.144993245601654,0.198930203914642,-0.039914570748806,-0.156688153743744,0.395889222621918,0.429541558027267
10.3171997070313,0.395839303731918,0.429496675729752,-0.0399252362549305,-0.156678795814514,-0.144917607307434,0.198977068066597,-0.0399252399802208,-0.156678810715675,-0.0399252362549305,-0.156678795814514,0.395837277173996,0.429496139287949,-0.0399252325296402,-0.156678780913353,-0.144915834069252,0.198977634310722,-0.144917607307434,0.198977068066597,-0.0399252325296402,-0.156678780913353,0.395839303731918,0.429496675729752,-0.0399252325296402,-0.156678780913353,-0.0399252399802208,-0.156678810715675,-0.144915834069252,0.198977634310722,-0.0399252325296402,-0.156678780913353,0.395837277173996,0.429496139287949
10.3176002502441,0.395787268877029,0.42945122718811,-0.0399358943104744,-0.156669422984123,-0.144840151071548,0.199024468660355,-0.0399358980357647,-0.156669437885284,-0.0399358943104744,-0.156669422984123,0.395785212516785,0.42945072054863,-0.0399358905851841,-0.156669408082962,-0.144838482141495,0.199024975299835,-0.144840151071548,0.199024468660355,-0.0399358905851841,-0.156669408082962,0.395787298679352,0.429451316595078,-0.0399358905851841,-0.156669408082962,-0.0399358980357647,-0.156669437885284,-0.144838482141495,0.199024975299835,-0.0399358905851841,-0.156669408082962,0.395785212516785,0.42945072054863
10.3179998397827,0.395735234022141,0.429405897855759,-0.0399465523660183,-0.156660050153732,-0.14476278424263,0.199071764945984,-0.0399465523660183,-0.156660050153732,-0.0399465523660183,-0.156660050153732,0.395733177661896,0.429405391216278,-0.039946548640728,-0.156660035252571,-0.144761011004448,0.199072301387787,-0.14476278424263,0.199071764945984,-0.039946548640728,-0.156660035252571,0.395735234022141,0.429405927658081,-0.039946548640728,-0.156660035252571,-0.0399465523660183,-0.156660050153732,-0.144761011004448,0.199072301387787,-0.039946548640728,-0.156660035252571,0.395733177661896,0.429405361413956
10.3184003829956,0.395683199167252,0.429360598325729,-0.0399572029709816,-0.15665066242218,-0.144685298204422,0.199119046330452,-0.0399572066962719,-0.156650677323341,-0.0399572029709816,-0.15665066242218,0.395681172609329,0.429360061883926,-0.0399571992456913,-0.156650647521019,-0.14468352496624,0.199119597673416,-0.144685298204422,0.199119046330452,-0.0399571992456913,-0.156650647521019,0.395683199167252,0.429360628128052,-0.0399571992456913,-0.156650647521019,-0.0399572066962719,-0.156650677323341,-0.14468352496624,0.199119597673416,-0.0399571992456913,-0.156650647521019,0.395681172609329,0.429360061883926
10.3187999725342,0.395631074905396,0.429315328598022,-0.0399678573012352,-0.156641274690628,-0.144607692956924,0.199166342616081,-0.0399678610265255,-0.156641289591789,-0.0399678573012352,-0.156641274690628,0.395628958940506,0.429314821958542,-0.0399678535759449,-0.156641259789467,-0.14460600912571,0.199166879057884,-0.144607692956924,0.199166342616081,-0.0399678535759449,-0.156641259789467,0.395630985498428,0.429315388202667,-0.0399678535759449,-0.156641259789467,-0.0399678610265255,-0.156641289591789,-0.14460600912571,0.199166879057884,-0.0399678535759449,-0.156641259789467,0.395629078149796,0.429314792156219
10.3191995620728,0.395578980445862,0.42927011847496,-0.0399784296751022,-0.156631886959076,-0.144530147314072,0.199213564395905,-0.0399784296751022,-0.156631886959076,-0.0399784296751022,-0.156631886959076,0.39557683467865,0.42926961183548,-0.0399785004556179,-0.156631857156754,-0.14452837407589,0.199214100837708,-0.144530147314072,0.199213564395905,-0.0399785004556179,-0.156631857156754,0.395578861236572,0.429270148277283,-0.0399784259498119,-0.156631872057915,-0.0399784296751022,-0.156631886959076,-0.14452837407589,0.199214100837708,-0.0399784259498119,-0.156631872057915,0.39557683467865,0.42926961183548
10.3196001052856,0.395526766777039,0.429224878549576,-0.0399890802800655,-0.156622499227524,-0.144452586770058,0.199260771274567,-0.0399890802800655,-0.156622499227524,-0.0399890802800655,-0.156622499227524,0.395524710416794,0.429224371910095,-0.0399890765547752,-0.156622484326363,-0.144450813531876,0.199261277914047,-0.144452586770058,0.199260771274567,-0.0399890765547752,-0.156622484326363,0.395526766777039,0.429224908351898,-0.0399890765547752,-0.156622484326363,-0.0399890802800655,-0.156622499227524,-0.144450813531876,0.199261277914047,-0.0399890765547752,-0.156622484326363,0.395524710416794,0.429224371910095
10.3199996948242,0.395474523305893,0.429179757833481,-0.0399997234344482,-0.15661309659481,-0.144374907016754,0.199307933449745,-0.0399997234344482,-0.15661309659481,-0.0399997234344482,-0.15661309659481,0.395472466945648,0.429179191589355,-0.0399997197091579,-0.156613081693649,-0.144373133778572,0.199308484792709,-0.144374907016754,0.199307933449745,-0.0399997197091579,-0.156613081693649,0.395474553108215,0.429179787635803,-0.0399997197091579,-0.156613081693649,-0.0399997234344482,-0.15661309659481,-0.144373133778572,0.199308484792709,-0.0399997197091579,-0.156613081693649,0.395472466945648,0.429179191589355
10.3204002380371,0.395422220230103,0.429134666919708,-0.0400103665888309,-0.156603679060936,-0.144297212362289,0.199355095624924,-0.0400103703141212,-0.156603693962097,-0.0400103665888309,-0.156603679060936,0.395420223474503,0.429134100675583,-0.0400103628635406,-0.156603664159775,-0.144295513629913,0.199355602264404,-0.144297212362289,0.199355095624924,-0.0400103628635406,-0.156603664159775,0.395422220230103,0.429134696722031,-0.0400103628635406,-0.156603664159775,-0.0400103703141212,-0.156603693962097,-0.144295513629913,0.199355602264404,-0.0400103628635406,-0.156603664159775,0.395420223474503,0.429134100675583
10.3207998275757,0.395369946956635,0.429089576005936,-0.0400209315121174,-0.156594291329384,-0.144219577312469,0.199402183294296,-0.0400210060179234,-0.156594276428223,-0.0400209315121174,-0.156594291329384,0.39536789059639,0.429089039564133,-0.0400210022926331,-0.156594261527061,-0.144217789173126,0.199402675032616,-0.144219577312469,0.199402183294296,-0.0400210022926331,-0.156594261527061,0.395369946956635,0.429089605808258,-0.0400210022926331,-0.156594261527061,-0.0400210060179234,-0.156594276428223,-0.144217789173126,0.199402675032616,-0.0400210022926331,-0.156594261527061,0.39536789059639,0.42908900976181
10.3212003707886,0.395317614078522,0.429044514894485,-0.0400316491723061,-0.156584873795509,-0.14414182305336,0.199449256062508,-0.0400316491723061,-0.156584873795509,-0.0400316491723061,-0.156584873795509,0.395315587520599,0.429044008255005,-0.0400316454470158,-0.156584858894348,-0.144140034914017,0.199449777603149,-0.14414182305336,0.199449256062508,-0.0400316454470158,-0.156584858894348,0.395317643880844,0.429044544696808,-0.0400316454470158,-0.156584858894348,-0.0400316491723061,-0.156584873795509,-0.144140034914017,0.199449777603149,-0.0400316454470158,-0.156584858894348,0.395315587520599,0.429044008255005
10.3215999603271,0.395265311002731,0.42899951338768,-0.0400422103703022,-0.156575456261635,-0.144064038991928,0.199496284127235,-0.0400422103703022,-0.156575456261635,-0.0400422103703022,-0.156575456261635,0.395263195037842,0.428999006748199,-0.0400422066450119,-0.156575441360474,-0.144062265753746,0.1994968354702,-0.144064038991928,0.199496284127235,-0.0400422066450119,-0.156575441360474,0.395265251398087,0.428999602794647,-0.0400422066450119,-0.156575441360474,-0.0400422103703022,-0.156575456261635,-0.144062265753746,0.1994968354702,-0.0400422066450119,-0.156575441360474,0.395263195037842,0.428999006748199
10.3219995498657,0.395212948322296,0.428954571485519,-0.040052842348814,-0.156566023826599,-0.143986165523529,0.199543327093124,-0.0400528460741043,-0.15656603872776,-0.040052842348814,-0.156566023826599,0.395210921764374,0.428954005241394,-0.0400528386235237,-0.156566008925438,-0.143984466791153,0.199543818831444,-0.143986165523529,0.199543327093124,-0.0400528386235237,-0.156566008925438,0.395212948322296,0.428954601287842,-0.0400528386235237,-0.156566008925438,-0.0400528460741043,-0.15656603872776,-0.143984466791153,0.199543818831444,-0.0400528386235237,-0.156566008925438,0.395210921764374,0.428954005241394
10.3224000930786,0.395160526037216,0.428909599781036,-0.0400634780526161,-0.156556606292725,-0.143908336758614,0.199590265750885,-0.0400634780526161,-0.156556606292725,-0.0400634780526161,-0.156556606292725,0.395158469676971,0.428909122943878,-0.0400634743273258,-0.156556591391563,-0.143906563520432,0.199590802192688,-0.143908336758614,0.199590265750885,-0.0400634743273258,-0.156556591391563,0.395160466432571,0.428909689188004,-0.0400634743273258,-0.156556591391563,-0.0400634780526161,-0.156556606292725,-0.143906563520432,0.199590802192688,-0.0400634743273258,-0.156556591391563,0.395158469676971,0.428909122943878
10.3227996826172,0.395107984542847,0.428864747285843,-0.0400741025805473,-0.156547158956528,-0.14383040368557,0.199637234210968,-0.0400741063058376,-0.156547173857689,-0.0400741025805473,-0.156547158956528,0.395105957984924,0.428864240646362,-0.0400741025805473,-0.156547158956528,-0.143828719854355,0.199637725949287,-0.14383040368557,0.199637234210968,-0.0400741025805473,-0.156547158956528,0.395108014345169,0.428864806890488,-0.0400741025805473,-0.156547158956528,-0.0400741063058376,-0.156547173857689,-0.143828719854355,0.199637725949287,-0.0400741025805473,-0.156547158956528,0.395105928182602,0.428864181041718
10.3232002258301,0.395055592060089,0.428819894790649,-0.0400846600532532,-0.156537756323814,-0.143752545118332,0.199684143066406,-0.0400846600532532,-0.156537756323814,-0.0400846600532532,-0.156537756323814,0.395053446292877,0.428819358348846,-0.0400846563279629,-0.156537741422653,-0.143750756978989,0.199684679508209,-0.143752545118332,0.199684143066406,-0.0400846563279629,-0.156537741422653,0.395055532455444,0.428819954395294,-0.0400846563279629,-0.156537741422653,-0.0400846600532532,-0.156537756323814,-0.143750756978989,0.199684679508209,-0.0400846563279629,-0.156537741422653,0.395053446292877,0.428819358348846
10.3235998153687,0.395002990961075,0.428775042295456,-0.0400952845811844,-0.156528308987617,-0.143674552440643,0.199731037020683,-0.0400952883064747,-0.156528323888779,-0.0400952845811844,-0.156528308987617,0.395001024007797,0.428774565458298,-0.0400953553617001,-0.156528264284134,-0.1436727643013,0.199731528759003,-0.143674552440643,0.199731037020683,-0.0400953553617001,-0.156528264284134,0.395003020763397,0.428775161504745,-0.0400952808558941,-0.156528294086456,-0.0400952883064747,-0.156528323888779,-0.1436727643013,0.199731528759003,-0.0400952808558941,-0.156528294086456,0.395000964403152,0.428774535655975
10.3240003585815,0.394950419664383,0.428730338811874,-0.0401059091091156,-0.156518861651421,-0.143596544861794,0.199777886271477,-0.0401059091091156,-0.156518861651421,-0.0401059091091156,-0.156518861651421,0.394948422908783,0.428729832172394,-0.0401059053838253,-0.156518846750259,-0.14359475672245,0.199778392910957,-0.143596544861794,0.199777886271477,-0.0401059053838253,-0.156518846750259,0.394950479269028,0.428730368614197,-0.0401059053838253,-0.156518846750259,-0.0401059091091156,-0.156518861651421,-0.14359475672245,0.199778392910957,-0.0401059053838253,-0.156518846750259,0.394948422908783,0.428729832172394
10.3243999481201,0.394897878170013,0.428685635328293,-0.0401165261864662,-0.156509399414063,-0.143518507480621,0.199824705719948,-0.0401165299117565,-0.156509414315224,-0.0401165261864662,-0.156509399414063,0.394895881414413,0.428685069084167,-0.0401165261864662,-0.156509399414063,-0.143516719341278,0.19982522726059,-0.143518507480621,0.199824705719948,-0.0401165261864662,-0.156509399414063,0.394897878170013,0.428685635328293,-0.0401165261864662,-0.156509399414063,-0.0401165299117565,-0.156509414315224,-0.143516719341278,0.19982522726059,-0.0401165261864662,-0.156509399414063,0.394895881414413,0.428685069084167
10.3247995376587,0.394845217466354,0.428640902042389,-0.0401270762085915,-0.156499981880188,-0.143440365791321,0.199871510267258,-0.0401270762085915,-0.156499981880188,-0.0401270762085915,-0.156499981880188,0.39484316110611,0.428640395402908,-0.0401270724833012,-0.156499966979027,-0.143438667058945,0.199872002005577,-0.143440365791321,0.199871510267258,-0.0401270724833012,-0.156499966979027,0.394845247268677,0.428640961647034,-0.0401270724833012,-0.156499966979027,-0.0401270762085915,-0.156499981880188,-0.143438667058945,0.199872002005577,-0.0401270724833012,-0.156499966979027,0.39484316110611,0.428640395402908
10.3252000808716,0.394792556762695,0.428596258163452,-0.0401376932859421,-0.15649051964283,-0.143362283706665,0.1999182254076,-0.0401376970112324,-0.156490534543991,-0.0401376932859421,-0.15649051964283,0.394790560007095,0.428595751523972,-0.0401376895606518,-0.156490504741669,-0.143360495567322,0.199918761849403,-0.143362283706665,0.1999182254076,-0.0401376895606518,-0.156490504741669,0.394792556762695,0.428596287965775,-0.0401376895606518,-0.156490504741669,-0.0401376970112324,-0.156490534543991,-0.143360495567322,0.199918761849403,-0.0401376895606518,-0.156490504741669,0.394790560007095,0.428595751523972
10.3255996704102,0.394739925861359,0.428551644086838,-0.0401483103632927,-0.156481057405472,-0.143284171819687,0.199964955449104,-0.0401483103632927,-0.156481057405472,-0.0401483103632927,-0.156481057405472,0.394737750291824,0.428551107645035,-0.0401483066380024,-0.156481042504311,-0.143282383680344,0.199965462088585,-0.143284171819687,0.199964955449104,-0.0401483066380024,-0.156481042504311,0.394739836454391,0.428551703691483,-0.0401483066380024,-0.156481042504311,-0.0401483103632927,-0.156481057405472,-0.143282383680344,0.199965462088585,-0.0401483066380024,-0.156481042504311,0.394737750291824,0.428551107645035
10.326000213623,0.394687205553055,0.428507030010223,-0.0401589199900627,-0.156471580266953,-0.14320595562458,0.200011655688286,-0.040158923715353,-0.156471595168114,-0.0401589199900627,-0.156471580266953,0.394685059785843,0.428506553173065,-0.0401589199900627,-0.156471580266953,-0.143204167485237,0.200012162327766,-0.14320595562458,0.200011655688286,-0.0401589199900627,-0.156471580266953,0.394687205553055,0.428507089614868,-0.0401589199900627,-0.156471580266953,-0.040158923715353,-0.156471595168114,-0.143204167485237,0.200012162327766,-0.0401589199900627,-0.156471580266953,0.394685059785843,0.428506553173065
10.3263998031616,0.394634395837784,0.428462505340576,-0.0401695296168327,-0.156462118029594,-0.143127724528313,0.200058281421661,-0.0401695296168327,-0.156462118029594,-0.0401695296168327,-0.156462118029594,0.394632339477539,0.428462028503418,-0.0401695258915424,-0.156462103128433,-0.143125936388969,0.200058817863464,-0.143127724528313,0.200058281421661,-0.0401695258915424,-0.156462103128433,0.394634336233139,0.428462594747543,-0.0401695258915424,-0.156462103128433,-0.0401695296168327,-0.156462118029594,-0.143125936388969,0.200058817863464,-0.0401695258915424,-0.156462103128433,0.394632339477539,0.428462028503418
10.3268003463745,0.394581586122513,0.428418010473251,-0.0401800647377968,-0.156452655792236,-0.143049448728561,0.200104922056198,-0.0401800684630871,-0.156452670693398,-0.0401800647377968,-0.156452655792236,0.394579529762268,0.428417503833771,-0.0401800610125065,-0.156452640891075,-0.143047675490379,0.20010544359684,-0.143049448728561,0.200104922056198,-0.0401800610125065,-0.156452640891075,0.394581615924835,0.428418099880219,-0.0401800610125065,-0.156452640891075,-0.0401800684630871,-0.156452670693398,-0.143047675490379,0.20010544359684,-0.0401800610125065,-0.156452640891075,0.394579529762268,0.428417503833771
10.3271999359131,0.394528716802597,0.428373575210571,-0.0401906706392765,-0.156443193554878,-0.142971158027649,0.20015150308609,-0.0401906706392765,-0.156443193554878,-0.0401906706392765,-0.156443193554878,0.394526720046997,0.428373068571091,-0.0401906669139862,-0.156443178653717,-0.142969369888306,0.200152024626732,-0.142971158027649,0.20015150308609,-0.0401906669139862,-0.156443178653717,0.394528776407242,0.428373634815216,-0.0401906669139862,-0.156443178653717,-0.0401906706392765,-0.156443193554878,-0.142969369888306,0.200152024626732,-0.0401906669139862,-0.156443178653717,0.394526720046997,0.428373068571091
10.3275995254517,0.394475907087326,0.428329139947891,-0.04020119830966,-0.156433701515198,-0.142892852425575,0.20019805431366,-0.0402012020349503,-0.156433716416359,-0.04020119830966,-0.156433701515198,0.394473910331726,0.428328633308411,-0.0402012728154659,-0.156433671712875,-0.142891049385071,0.20019856095314,-0.142892852425575,0.20019805431366,-0.0402012728154659,-0.156433671712875,0.394475966691971,0.428329229354858,-0.04020119830966,-0.156433701515198,-0.0402012020349503,-0.156433716416359,-0.142891049385071,0.20019856095314,-0.04020119830966,-0.156433701515198,0.394473910331726,0.428328633308411
10.3280000686646,0.394422978162766,0.428284764289856,-0.0402118042111397,-0.156424224376678,-0.142814502120018,0.200244575738907,-0.0402118787169456,-0.156424209475517,-0.0402118042111397,-0.156424224376678,0.394420981407166,0.428284287452698,-0.0402118749916553,-0.156424194574356,-0.142812728881836,0.200245097279549,-0.142814502120018,0.200244575738907,-0.0402118749916553,-0.156424194574356,0.39442303776741,0.428284823894501,-0.0402118749916553,-0.156424194574356,-0.0402118787169456,-0.156424209475517,-0.142812728881836,0.200245097279549,-0.0402118749916553,-0.156424194574356,0.394420981407166,0.428284287452698
10.3283996582031,0.394370079040527,0.428240478038788,-0.0402224063873291,-0.156414732336998,-0.142736062407494,0.200291082262993,-0.0402224101126194,-0.156414747238159,-0.0402224063873291,-0.156414732336998,0.394368082284927,0.428239911794662,-0.0402224026620388,-0.156414717435837,-0.142734259366989,0.200291588902473,-0.142736062407494,0.200291082262993,-0.0402224026620388,-0.156414717435837,0.394370079040527,0.428240478038788,-0.0402224026620388,-0.156414717435837,-0.0402224101126194,-0.156414747238159,-0.142734259366989,0.200291588902473,-0.0402224026620388,-0.156414717435837,0.394368082284927,0.428239911794662
10.328800201416,0.394317150115967,0.428196132183075,-0.0402330011129379,-0.156405225396156,-0.142657577991486,0.200337573885918,-0.0402330011129379,-0.156405225396156,-0.0402330011129379,-0.156405225396156,0.3943150639534,0.428195625543594,-0.0402329973876476,-0.156405210494995,-0.142655894160271,0.200338035821915,-0.142657577991486,0.200337573885918,-0.0402329973876476,-0.156405210494995,0.394317150115967,0.428196161985397,-0.0402329973876476,-0.156405210494995,-0.0402330011129379,-0.156405225396156,-0.142655879259109,0.200338020920753,-0.0402329973876476,-0.156405210494995,0.3943150639534,0.428195625543594
10.3291997909546,0.394264131784439,0.428151845932007,-0.0402435995638371,-0.156395748257637,-0.142579182982445,0.200383976101875,-0.0402435995638371,-0.156395748257637,-0.0402435995638371,-0.156395748257637,0.394262045621872,0.428151369094849,-0.0402435958385468,-0.156395733356476,-0.142577394843102,0.200384482741356,-0.142579182982445,0.200383976101875,-0.0402435958385468,-0.156395733356476,0.394264191389084,0.428151905536652,-0.0402435958385468,-0.156395733356476,-0.0402435995638371,-0.156395748257637,-0.142577394843102,0.200384482741356,-0.0402435958385468,-0.156395733356476,0.394262045621872,0.428151369094849
10.3296003341675,0.394211143255234,0.428107649087906,-0.0402541160583496,-0.156386241316795,-0.142500638961792,0.200430363416672,-0.0402541160583496,-0.156386241316795,-0.0402541160583496,-0.156386241316795,0.394209027290344,0.428107142448425,-0.0402541123330593,-0.156386241316795,-0.14249886572361,0.200430855154991,-0.142500638961792,0.200430363416672,-0.0402541123330593,-0.156386241316795,0.394211113452911,0.428107738494873,-0.0402541123330593,-0.156386241316795,-0.0402541160583496,-0.156386241316795,-0.14249886572361,0.200430855154991,-0.0402541123330593,-0.156386241316795,0.394209027290344,0.428107142448425
10.3299999237061,0.394158065319061,0.42806351184845,-0.0402647070586681,-0.156376734375954,-0.1424221098423,0.200476735830307,-0.0402647107839584,-0.156376749277115,-0.0402647070586681,-0.156376734375954,0.394155949354172,0.428062975406647,-0.0402647033333778,-0.156376719474792,-0.142420321702957,0.200477242469788,-0.1424221098423,0.200476735830307,-0.0402647033333778,-0.156376719474792,0.394158065319061,0.42806351184845,-0.0402647033333778,-0.156376719474792,-0.0402647107839584,-0.156376749277115,-0.142420321702957,0.200477242469788,-0.0402647033333778,-0.156376719474792,0.394156038761139,0.428062975406647
10.3304004669189,0.394104927778244,0.428019315004349,-0.0402752980589867,-0.156367212533951,-0.142343446612358,0.20052307844162,-0.0402752980589867,-0.156367212533951,-0.0402752980589867,-0.156367212533951,0.394102960824966,0.428018808364868,-0.0402752943336964,-0.15636719763279,-0.142341747879982,0.200523555278778,-0.142343446612358,0.20052307844162,-0.0402752943336964,-0.15636719763279,0.394104987382889,0.428019374608994,-0.0402752943336964,-0.15636719763279,-0.0402752980589867,-0.156367212533951,-0.142341747879982,0.200523555278778,-0.0402752943336964,-0.15636719763279,0.394102960824966,0.428018808364868
10.3308000564575,0.394051849842072,0.427975237369537,-0.0402858108282089,-0.15635772049427,-0.142264842987061,0.200569346547127,-0.0402858853340149,-0.156357705593109,-0.0402858108282089,-0.15635772049427,0.394049793481827,0.427974760532379,-0.0402858816087246,-0.156357690691948,-0.142263054847717,0.200569868087769,-0.142264842987061,0.200569346547127,-0.0402858816087246,-0.156357690691948,0.394051790237427,0.42797526717186,-0.0402858816087246,-0.156357690691948,-0.0402858853340149,-0.156357705593109,-0.142263054847717,0.200569853186607,-0.0402858816087246,-0.156357690691948,0.394049733877182,0.427974700927734
10.3311996459961,0.393998563289642,0.427931159734726,-0.0402963943779469,-0.156348198652267,-0.142186239361763,0.200615614652634,-0.0402963981032372,-0.156348213553429,-0.0402963943779469,-0.156348198652267,0.393996566534042,0.427930653095245,-0.0402963906526566,-0.156348183751106,-0.142184436321259,0.200616121292114,-0.142186239361763,0.200615614652634,-0.0402963906526566,-0.156348183751106,0.393998622894287,0.427931219339371,-0.0402963906526566,-0.156348183751106,-0.0402963981032372,-0.156348213553429,-0.142184436321259,0.200616121292114,-0.0402963906526566,-0.156348183751106,0.39399653673172,0.427930623292923
10.331600189209,0.393945515155792,0.427887141704559,-0.0403069742023945,-0.156338661909103,-0.142107486724854,0.200661823153496,-0.0403069779276848,-0.156338676810265,-0.0403069742023945,-0.156338661909103,0.393943399190903,0.427886664867401,-0.0403069704771042,-0.156338647007942,-0.142105713486671,0.200662344694138,-0.142107486724854,0.200661823153496,-0.0403069704771042,-0.156338647007942,0.393945455551147,0.427887201309204,-0.0403069704771042,-0.156338647007942,-0.0403069779276848,-0.156338676810265,-0.142105713486671,0.200662344694138,-0.0403069704771042,-0.156338647007942,0.393943399190903,0.427886664867401
10.3319997787476,0.393892258405685,0.427843183279037,-0.0403175577521324,-0.156329125165939,-0.142028823494911,0.200708001852036,-0.0403175614774227,-0.156329140067101,-0.0403175577521324,-0.156329125165939,0.393890112638474,0.427842676639557,-0.0403175540268421,-0.156329110264778,-0.142026945948601,0.200708568096161,-0.142028823494911,0.200708001852036,-0.0403175540268421,-0.156329110264778,0.393892258405685,0.427843183279037,-0.0403175540268421,-0.156329110264778,-0.0403175614774227,-0.156329140067101,-0.142026945948601,0.200708568096161,-0.0403175540268421,-0.156329110264778,0.393890112638474,0.427842676639557
10.3324003219604,0.393838942050934,0.427799224853516,-0.0403280630707741,-0.156319633126259,-0.141949951648712,0.200754210352898,-0.0403280630707741,-0.156319633126259,-0.0403280630707741,-0.156319633126259,0.393836945295334,0.427798688411713,-0.0403280593454838,-0.156319618225098,-0.141948252916336,0.200754687190056,-0.141949951648712,0.200754210352898,-0.0403280593454838,-0.156319618225098,0.393838942050934,0.427799224853516,-0.0403280593454838,-0.156319618225098,-0.0403280630707741,-0.156319633126259,-0.141948252916336,0.200754687190056,-0.0403280593454838,-0.156319618225098,0.393836945295334,0.427798688411713
10.332799911499,0.393785685300827,0.427755296230316,-0.0403386354446411,-0.156310081481934,-0.141871154308319,0.200800344347954,-0.0403386391699314,-0.156310096383095,-0.0403386354446411,-0.156310081481934,0.39378359913826,0.427754819393158,-0.0403386317193508,-0.156310081481934,-0.141869455575943,0.200800821185112,-0.141871154308319,0.200800344347954,-0.0403386317193508,-0.156310081481934,0.393785715103149,0.427755326032639,-0.0403386317193508,-0.156310081481934,-0.0403386391699314,-0.156310096383095,-0.141869455575943,0.200800821185112,-0.0403386317193508,-0.156310081481934,0.39378359913826,0.427754819393158
10.3332004547119,0.393732339143753,0.427711427211761,-0.0403492115437984,-0.156300529837608,-0.141792327165604,0.200846433639526,-0.0403492152690887,-0.15630054473877,-0.0403492115437984,-0.156300529837608,0.393730223178864,0.427710950374603,-0.0403492078185081,-0.156300514936447,-0.141790628433228,0.200846910476685,-0.141792327165604,0.200846433639526,-0.0403492078185081,-0.156300514936447,0.393732339143753,0.427711457014084,-0.0403492078185081,-0.156300514936447,-0.0403492152690887,-0.15630054473877,-0.141790628433228,0.200846910476685,-0.0403492078185081,-0.156300514936447,0.393730223178864,0.427710950374603
10.3336000442505,0.393678992986679,0.427667647600174,-0.0403597094118595,-0.156291007995605,-0.141713485121727,0.200892478227615,-0.0403597131371498,-0.156291022896767,-0.0403597094118595,-0.156291007995605,0.39367687702179,0.427667140960693,-0.0403597056865692,-0.156290993094444,-0.141711682081223,0.200892999768257,-0.141713485121727,0.200892478227615,-0.0403597056865692,-0.156290993094444,0.393678992986679,0.427667647600174,-0.0403597056865692,-0.156290993094444,-0.0403597131371498,-0.156291022896767,-0.141711682081223,0.200892999768257,-0.0403597056865692,-0.156290993094444,0.39367687702179,0.427667140960693
10.3339996337891,0.393625527620316,0.427623808383942,-0.0403702817857265,-0.156281441450119,-0.141634598374367,0.200938507914543,-0.0403702817857265,-0.156281441450119,-0.0403702817857265,-0.156281441450119,0.393623560667038,0.427623331546783,-0.0403702780604362,-0.156281426548958,-0.141632810235023,0.200938999652863,-0.141634598374367,0.200938507914543,-0.0403702780604362,-0.156281426548958,0.393625557422638,0.427623897790909,-0.0403702780604362,-0.156281426548958,-0.0403702817857265,-0.156281441450119,-0.141632810235023,0.200938999652863,-0.0403702780604362,-0.156281426548958,0.393623560667038,0.427623331546783
10.334400177002,0.393572092056274,0.427580058574677,-0.0403808429837227,-0.156271889805794,-0.141555622220039,0.200984507799149,-0.040380846709013,-0.156271904706955,-0.0403808429837227,-0.156271889805794,0.393570125102997,0.427579581737518,-0.0403808392584324,-0.156271874904633,-0.141553819179535,0.200984999537468,-0.141555622220039,0.200984507799149,-0.0403808392584324,-0.156271874904633,0.393572121858597,0.427580147981644,-0.0403808392584324,-0.156271874904633,-0.040380846709013,-0.156271904706955,-0.141553819179535,0.200984999537468,-0.0403808392584324,-0.156271874904633,0.393570065498352,0.427579551935196
10.3347997665405,0.393518656492233,0.427536368370056,-0.0403913334012032,-0.156262338161469,-0.141476601362228,0.201030477881432,-0.0403913371264935,-0.15626235306263,-0.0403913334012032,-0.156262338161469,0.393516570329666,0.427535891532898,-0.0403914116322994,-0.156262338161469,-0.141474798321724,0.201030999422073,-0.141476601362228,0.201030477881432,-0.0403914079070091,-0.156262323260307,0.393518686294556,0.427536427974701,-0.0403913296759129,-0.156262323260307,-0.0403913371264935,-0.15626235306263,-0.141474798321724,0.201030999422073,-0.0403913296759129,-0.156262323260307,0.393516540527344,0.427535861730576
10.3352003097534,0.393465101718903,0.427492678165436,-0.0404019020497799,-0.156252786517143,-0.141397669911385,0.201076403260231,-0.0404019057750702,-0.156252801418304,-0.0404019020497799,-0.156252786517143,0.393463134765625,0.427492260932922,-0.0404018983244896,-0.156252771615982,-0.14139586687088,0.20107689499855,-0.141397669911385,0.201076403260231,-0.0404018983244896,-0.156252771615982,0.393465161323547,0.427492767572403,-0.0404018983244896,-0.156252771615982,-0.0404019057750702,-0.156252801418304,-0.14139586687088,0.20107689499855,-0.0404018983244896,-0.156252771615982,0.393463134765625,0.427492260932922
10.335599899292,0.393411606550217,0.427449077367783,-0.0404123887419701,-0.156243234872818,-0.141318500041962,0.20112232863903,-0.0404123887419701,-0.156243234872818,-0.0404123887419701,-0.156243234872818,0.393409609794617,0.427448600530624,-0.0404124557971954,-0.156243205070496,-0.141316801309586,0.201122790575027,-0.141318500041962,0.20112232863903,-0.0404124557971954,-0.156243205070496,0.393411606550217,0.427449107170105,-0.0404123850166798,-0.156243219971657,-0.0404123887419701,-0.156243234872818,-0.141316801309586,0.201122790575027,-0.0404123850166798,-0.156243219971657,0.393409609794617,0.427448600530624
10.3360004425049,0.393358081579208,0.427405506372452,-0.0404229424893856,-0.15623365342617,-0.141239419579506,0.201168179512024,-0.0404229462146759,-0.156233668327332,-0.0404229424893856,-0.15623365342617,0.393355965614319,0.427404999732971,-0.0404230207204819,-0.15623365342617,-0.14123772084713,0.201168641448021,-0.141239419579506,0.201168179512024,-0.0404230169951916,-0.156233638525009,0.393358081579208,0.427405506372452,-0.0404229387640953,-0.156233638525009,-0.0404229462146759,-0.156233668327332,-0.14123772084713,0.201168641448021,-0.0404229387640953,-0.156233638525009,0.393355965614319,0.427404999732971
10.3364000320435,0.393304437398911,0.427361935377121,-0.0404335036873817,-0.156224071979523,-0.141160309314728,0.201213985681534,-0.040433507412672,-0.156224086880684,-0.0404335036873817,-0.156224071979523,0.393302381038666,0.427361458539963,-0.0404335036873817,-0.156224071979523,-0.141158521175385,0.201214492321014,-0.141160309314728,0.201213985681534,-0.0404335036873817,-0.156224071979523,0.393304497003555,0.427361994981766,-0.0404334999620914,-0.156224057078362,-0.040433507412672,-0.156224086880684,-0.141158521175385,0.201214492321014,-0.0404335036873817,-0.156224071979523,0.393302381038666,0.427361458539963
10.336799621582,0.393250852823257,0.427318423986435,-0.040443979203701,-0.156214520335197,-0.141081184148788,0.201259791851044,-0.0404439829289913,-0.156214535236359,-0.040443979203701,-0.156214520335197,0.393248736858368,0.427317947149277,-0.0404440574347973,-0.156214505434036,-0.141079396009445,0.201260283589363,-0.141081184148788,0.201259791851044,-0.0404440574347973,-0.156214505434036,0.393250793218613,0.427318513393402,-0.040444053709507,-0.156214490532875,-0.0404439829289913,-0.156214535236359,-0.141079396009445,0.201260283589363,-0.0404439754784107,-0.156214505434036,0.393248736858368,0.427317947149277
10.3372001647949,0.393197178840637,0.427274972200394,-0.0404545366764069,-0.15620493888855,-0.141001954674721,0.201305568218231,-0.0404545404016972,-0.156204953789711,-0.0404545366764069,-0.15620493888855,0.393195152282715,0.427274465560913,-0.0404546074569225,-0.156204894185066,-0.141000136733055,0.201306045055389,-0.141001954674721,0.201305568218231,-0.0404546074569225,-0.156204894185066,0.393197178840637,0.427275031805038,-0.0404546074569225,-0.156204894185066,-0.0404545404016972,-0.156204953789711,-0.141000136733055,0.201306045055389,-0.0404546074569225,-0.156204894185066,0.393195152282715,0.427274465560913
10.3375997543335,0.393143504858017,0.427231580018997,-0.0404650866985321,-0.156195342540741,-0.140922769904137,0.201351284980774,-0.0404650904238224,-0.156195357441902,-0.0404650866985321,-0.156195342540741,0.393141359090805,0.427231043577194,-0.0404650866985321,-0.156195342540741,-0.140920862555504,0.201351791620255,-0.140922769904137,0.201351284980774,-0.0404650866985321,-0.156195342540741,0.393143504858017,0.42723160982132,-0.0404650866985321,-0.156195342540741,-0.0404650904238224,-0.156195357441902,-0.140920862555504,0.201351791620255,-0.0404650866985321,-0.156195342540741,0.393141359090805,0.427231043577194
10.3380002975464,0.393089771270752,0.427188158035278,-0.0404755584895611,-0.156185761094093,-0.140843480825424,0.201396986842155,-0.0404755584895611,-0.156185761094093,-0.0404755584895611,-0.156185761094093,0.393087655305862,0.42718768119812,-0.0404756329953671,-0.156185731291771,-0.14084167778492,0.201397463679314,-0.140843480825424,0.201396986842155,-0.0404756329953671,-0.156185731291771,0.393089801073074,0.427188187837601,-0.0404755547642708,-0.156185746192932,-0.0404755584895611,-0.156185761094093,-0.14084167778492,0.201397463679314,-0.0404755547642708,-0.156185746192932,0.393087655305862,0.42718768119812
10.338399887085,0.393036007881165,0.427144825458527,-0.040486104786396,-0.156176179647446,-0.140764161944389,0.201442644000053,-0.040486104786396,-0.156176179647446,-0.040486104786396,-0.156176179647446,0.393033891916275,0.427144318819046,-0.040486179292202,-0.156176134943962,-0.140762358903885,0.201443135738373,-0.140764161944389,0.201442644000053,-0.040486179292202,-0.156176134943962,0.393036007881165,0.427144855260849,-0.0404861010611057,-0.156176164746284,-0.040486104786396,-0.156176179647446,-0.140762358903885,0.201443135738373,-0.0404861010611057,-0.156176164746284,0.393033891916275,0.427144318819046
10.3388004302979,0.392982214689255,0.427101492881775,-0.0404966436326504,-0.156166553497314,-0.140684813261032,0.20148828625679,-0.0404966473579407,-0.156166568398476,-0.0404966436326504,-0.156166553497314,0.392980098724365,0.427101016044617,-0.0404966399073601,-0.156166538596153,-0.140683010220528,0.201488748192787,-0.140684813261032,0.20148828625679,-0.0404966399073601,-0.156166538596153,0.392982214689255,0.427101492881775,-0.0404966399073601,-0.156166538596153,-0.0404966473579407,-0.156166568398476,-0.140683010220528,0.201488748192787,-0.0404966399073601,-0.156166538596153,0.392980098724365,0.427101016044617
10.3392000198364,0.3929283618927,0.42705824971199,-0.0405071154236794,-0.156156972050667,-0.140605464577675,0.201533854007721,-0.0405071154236794,-0.156156972050667,-0.0405071154236794,-0.156156972050667,0.392926216125488,0.42705774307251,-0.040507186204195,-0.156156942248344,-0.140603557229042,0.201534360647202,-0.140605464577675,0.201533854007721,-0.040507186204195,-0.156156942248344,0.392928391695023,0.427058309316635,-0.0405071116983891,-0.156156957149506,-0.0405071154236794,-0.156156972050667,-0.140603557229042,0.201534360647202,-0.0405071116983891,-0.156156957149506,0.392926216125488,0.42705774307251
10.339599609375,0.392874449491501,0.427014976739883,-0.0405176542699337,-0.156147360801697,-0.140525981783867,0.201579421758652,-0.0405176542699337,-0.156147360801697,-0.0405176542699337,-0.156147360801697,0.392872452735901,0.427014529705048,-0.0405176505446434,-0.156147345900536,-0.140524163842201,0.20157989859581,-0.140525981783867,0.201579421758652,-0.0405176505446434,-0.156147345900536,0.392874509096146,0.427015066146851,-0.0405176505446434,-0.156147345900536,-0.0405176542699337,-0.156147360801697,-0.140524163842201,0.20157989859581,-0.0405176505446434,-0.156147345900536,0.392872452735901,0.427014529705048
10.3400001525879,0.392820596694946,0.426971852779388,-0.040528193116188,-0.156137749552727,-0.140446484088898,0.201624974608421,-0.040528193116188,-0.156137749552727,-0.040528193116188,-0.156137749552727,0.392818480730057,0.426971316337585,-0.0405281893908978,-0.156137734651566,-0.14044477045536,0.201625421643257,-0.140446484088898,0.201624974608421,-0.0405281893908978,-0.156137734651566,0.392820537090302,0.426971882581711,-0.0405281893908978,-0.156137734651566,-0.040528193116188,-0.156137749552727,-0.14044477045536,0.201625421643257,-0.0405281893908978,-0.156137734651566,0.392818480730057,0.426971316337585
10.3403997421265,0.392766654491425,0.426928669214249,-0.0405386537313461,-0.156128153204918,-0.140367060899734,0.201670467853546,-0.0405386537313461,-0.156128153204918,-0.0405386537313461,-0.156128153204918,0.392764538526535,0.426928222179413,-0.0405386500060558,-0.156128138303757,-0.14036525785923,0.201670914888382,-0.140367060899734,0.201670467853546,-0.0405386500060558,-0.156128138303757,0.392766654491425,0.426928699016571,-0.0405386500060558,-0.156128138303757,-0.0405386537313461,-0.156128153204918,-0.14036525785923,0.201670914888382,-0.0405386500060558,-0.156128138303757,0.392764538526535,0.42692819237709
10.3408002853394,0.392712712287903,0.426885604858398,-0.0405491851270199,-0.156118512153625,-0.140287503600121,0.201715916395187,-0.0405491888523102,-0.156118527054787,-0.0405491851270199,-0.156118512153625,0.392710596323013,0.426885068416595,-0.0405491814017296,-0.156118497252464,-0.140285700559616,0.201716393232346,-0.140287503600121,0.201715916395187,-0.0405491814017296,-0.156118497252464,0.392712712287903,0.426885634660721,-0.0405491814017296,-0.156118497252464,-0.0405491888523102,-0.156118527054787,-0.140285700559616,0.201716393232346,-0.0405491814017296,-0.156118497252464,0.392710596323013,0.426885068416595
10.3411998748779,0.392658650875092,0.426842480897903,-0.0405596420168877,-0.156108900904655,-0.140207931399345,0.201761335134506,-0.040559645742178,-0.156108915805817,-0.0405596420168877,-0.156108900904655,0.392656654119492,0.426842033863068,-0.0405596382915974,-0.156108886003494,-0.140206128358841,0.201761797070503,-0.140207931399345,0.201761335134506,-0.0405596382915974,-0.156108886003494,0.392658680677414,0.426842570304871,-0.0405596382915974,-0.156108886003494,-0.040559645742178,-0.156108915805817,-0.140206128358841,0.201761797070503,-0.0405596382915974,-0.156108886003494,0.392656654119492,0.426842033863068
10.3416004180908,0.392604738473892,0.42679950594902,-0.0405701696872711,-0.156099259853363,-0.140128329396248,0.201806724071503,-0.0405701734125614,-0.156099274754524,-0.0405701696872711,-0.156099259853363,0.392602622509003,0.42679899930954,-0.0405701659619808,-0.156099244952202,-0.140126541256905,0.201807200908661,-0.140128329396248,0.201806724071503,-0.0405701659619808,-0.156099244952202,0.392604649066925,0.426799535751343,-0.0405701659619808,-0.156099244952202,-0.0405701734125614,-0.156099274754524,-0.140126541256905,0.201807200908661,-0.0405701659619808,-0.156099244952202,0.392602622509003,0.42679899930954
10.3420000076294,0.392550587654114,0.426756531000137,-0.0405806936323643,-0.156089633703232,-0.140048712491989,0.201852068305016,-0.0405806936323643,-0.156089633703232,-0.0405806936323643,-0.156089633703232,0.392548471689224,0.426756024360657,-0.040580689907074,-0.156089618802071,-0.140046924352646,0.201852545142174,-0.140048712491989,0.201852068305016,-0.040580689907074,-0.156089618802071,0.392550587654114,0.426756531000137,-0.040580689907074,-0.156089618802071,-0.0405806936323643,-0.156089633703232,-0.140046924352646,0.201852545142174,-0.040580689907074,-0.156089618802071,0.392548471689224,0.426756024360657
10.342399597168,0.392496585845947,0.426713556051254,-0.0405911430716515,-0.156080007553101,-0.13996909558773,0.201897397637367,-0.0405911467969418,-0.156080022454262,-0.0405911430716515,-0.156080007553101,0.392494440078735,0.426713079214096,-0.0405911430716515,-0.156080007553101,-0.139967277646065,0.201897889375687,-0.13996909558773,0.201897397637367,-0.0405911393463612,-0.156079992651939,0.39249649643898,0.426713645458221,-0.0405911393463612,-0.156079992651939,-0.0405911467969418,-0.156080022454262,-0.139967277646065,0.201897889375687,-0.0405911393463612,-0.156079992651939,0.392494440078735,0.426713079214096
10.3428001403809,0.392442375421524,0.426670700311661,-0.0406016707420349,-0.156070366501808,-0.13988932967186,0.201942697167397,-0.0406016707420349,-0.156070366501808,-0.0406016707420349,-0.156070366501808,0.392440348863602,0.42667019367218,-0.0406016670167446,-0.156070351600647,-0.139887511730194,0.201943159103394,-0.13988932967186,0.201942697167397,-0.0406016670167446,-0.156070351600647,0.392442375421524,0.426670700311661,-0.0406016670167446,-0.156070351600647,-0.0406016707420349,-0.156070366501808,-0.139887511730194,0.201943159103394,-0.0406016670167446,-0.156070351600647,0.392440348863602,0.42667019367218
10.3431997299194,0.392388254404068,0.426627784967422,-0.0406121127307415,-0.156060725450516,-0.139809638261795,0.201987951993942,-0.0406121872365475,-0.156060725450516,-0.0406121127307415,-0.156060725450516,0.392386108636856,0.426627308130264,-0.0406121835112572,-0.156060710549355,-0.139807820320129,0.201988413929939,-0.139809638261795,0.201987951993942,-0.0406121835112572,-0.156060710549355,0.39238828420639,0.42662787437439,-0.0406121835112572,-0.156060710549355,-0.0406121872365475,-0.156060725450516,-0.139807820320129,0.201988413929939,-0.0406121835112572,-0.156060710549355,0.392386108636856,0.426627308130264
10.3436002731323,0.392334043979645,0.426584988832474,-0.0406226292252541,-0.156051084399223,-0.139729842543602,0.202033177018166,-0.0406226329505444,-0.156051099300385,-0.0406226292252541,-0.156051084399223,0.392331898212433,0.426584511995316,-0.0406226254999638,-0.156051069498062,-0.139728024601936,0.20203360915184,-0.139729842543602,0.202033177018166,-0.0406226254999638,-0.156051069498062,0.392334043979645,0.426585018634796,-0.0406226254999638,-0.156051069498062,-0.0406226329505444,-0.156051099300385,-0.139728024601936,0.20203360915184,-0.0406226254999638,-0.156051069498062,0.392331898212433,0.426584511995316
10.3439998626709,0.392279833555222,0.426542192697525,-0.0406330712139606,-0.15604142844677,-0.139650017023087,0.202078372240067,-0.0406330712139606,-0.15604142844677,-0.0406330712139606,-0.15604142844677,0.392277717590332,0.426541715860367,-0.0406331419944763,-0.156041398644447,-0.139648199081421,0.202078804373741,-0.139650017023087,0.202078372240067,-0.0406330674886703,-0.156041413545609,0.392279833555222,0.426542192697525,-0.0406330674886703,-0.156041413545609,-0.0406330712139606,-0.15604142844677,-0.139648199081421,0.202078804373741,-0.0406330674886703,-0.156041413545609,0.392277717590332,0.426541715860367
10.3444004058838,0.392225563526154,0.426499545574188,-0.0406435877084732,-0.156031772494316,-0.13957017660141,0.202123478055,-0.0406435877084732,-0.156031772494316,-0.0406435877084732,-0.156031772494316,0.392223507165909,0.426498979330063,-0.0406436212360859,-0.156031757593155,-0.139568358659744,0.202123939990997,-0.13957017660141,0.202123478055,-0.0406436212360859,-0.156031757593155,0.392225563526154,0.426499545574188,-0.0406435839831829,-0.156031757593155,-0.0406435877084732,-0.156031772494316,-0.139568358659744,0.202123939990997,-0.0406435839831829,-0.156031757593155,0.392223507165909,0.426498979330063
10.3447999954224,0.392171263694763,0.426456838846207,-0.0406540967524052,-0.156022116541862,-0.139490202069283,0.202168643474579,-0.0406540967524052,-0.156022116541862,-0.0406540967524052,-0.156022116541862,0.392169028520584,0.426456451416016,-0.0406540930271149,-0.156022101640701,-0.139488384127617,0.202169105410576,-0.139490202069283,0.202168643474579,-0.0406540930271149,-0.156022101640701,0.392171263694763,0.426456838846207,-0.0406540930271149,-0.156022101640701,-0.0406540967524052,-0.156022116541862,-0.139488384127617,0.202169105410576,-0.0406540930271149,-0.156022101640701,0.392169028520584,0.426456451416016
10.3451995849609,0.392116993665695,0.426414132118225,-0.0406645722687244,-0.156012445688248,-0.139410302042961,0.20221371948719,-0.0406645722687244,-0.156012445688248,-0.0406645722687244,-0.156012445688248,0.392114728689194,0.426413744688034,-0.0406645685434341,-0.156012430787086,-0.139408484101295,0.202214181423187,-0.139410302042961,0.20221371948719,-0.0406645685434341,-0.156012430787086,0.392116993665695,0.426414132118225,-0.0406645685434341,-0.156012430787086,-0.0406645722687244,-0.156012445688248,-0.139408484101295,0.202214181423187,-0.0406645685434341,-0.156012430787086,0.392114728689194,0.426413744688034
10.3456001281738,0.392062485218048,0.426371604204178,-0.0406750366091728,-0.156002774834633,-0.139330387115479,0.202258720993996,-0.0406750403344631,-0.156002789735794,-0.0406750366091728,-0.156002774834633,0.392060518264771,0.426371097564697,-0.0406750328838825,-0.156002759933472,-0.139328584074974,0.202259197831154,-0.139330387115479,0.202258720993996,-0.0406750328838825,-0.156002759933472,0.39206251502037,0.426371663808823,-0.0406750328838825,-0.156002759933472,-0.0406750403344631,-0.156002789735794,-0.139328584074974,0.202259197831154,-0.0406750328838825,-0.156002759933472,0.392060518264771,0.426371097564697
10.3459997177124,0.392008244991302,0.426328927278519,-0.0406855084002018,-0.155993103981018,-0.139250352978706,0.202303782105446,-0.0406855121254921,-0.155993118882179,-0.0406855084002018,-0.155993103981018,0.39200621843338,0.426328361034393,-0.0406855084002018,-0.155993103981018,-0.139248535037041,0.202304244041443,-0.139250352978706,0.202303782105446,-0.0406855084002018,-0.155993103981018,0.392008244991302,0.426328927278519,-0.0406855046749115,-0.155993089079857,-0.0406855121254921,-0.155993118882179,-0.139248535037041,0.202304244041443,-0.0406855046749115,-0.155993089079857,0.39200621843338,0.426328361034393
10.3464002609253,0.391953736543655,0.426286399364471,-0.0406959727406502,-0.155983433127403,-0.139170303940773,0.20234876871109,-0.0406959764659405,-0.155983448028564,-0.0406959727406502,-0.155983433127403,0.391951560974121,0.426286071538925,-0.0406959727406502,-0.155983433127403,-0.139168575406075,0.202349171042442,-0.139170303940773,0.20234876871109,-0.0406959727406502,-0.155983433127403,0.391953766345978,0.426286429166794,-0.0406959690153599,-0.155983418226242,-0.0406959764659405,-0.155983448028564,-0.139168575406075,0.202349171042442,-0.0406959690153599,-0.155983418226242,0.391951560974121,0.426286071538925
10.3467998504639,0.391899526119232,0.426243722438812,-0.0407064333558083,-0.155973762273788,-0.139090329408646,0.202393665909767,-0.0407064370810986,-0.15597377717495,-0.0407064333558083,-0.155973762273788,0.391897320747375,0.426243394613266,-0.0407064668834209,-0.155973747372627,-0.139088496565819,0.202394112944603,-0.139090329408646,0.202393665909767,-0.0407064668834209,-0.155973747372627,0.391899347305298,0.426243931055069,-0.040706429630518,-0.155973747372627,-0.0407064370810986,-0.15597377717495,-0.139088496565819,0.202394112944603,-0.040706429630518,-0.155973747372627,0.391897320747375,0.426243394613266
10.3472003936768,0.391844838857651,0.426201403141022,-0.0407168939709663,-0.155964061617851,-0.139010220766068,0.202438578009605,-0.0407168939709663,-0.155964061617851,-0.0407168939709663,-0.155964061617851,0.391842871904373,0.426200896501541,-0.040716890245676,-0.15596404671669,-0.139008402824402,0.202439039945602,-0.139010220766068,0.202438578009605,-0.040716890245676,-0.15596404671669,0.391844898462296,0.426201462745667,-0.040716890245676,-0.15596404671669,-0.0407168939709663,-0.155964061617851,-0.139008402824402,0.202439039945602,-0.040716890245676,-0.15596404671669,0.391842842102051,0.426200836896896
10.3475999832153,0.391790419816971,0.426158905029297,-0.0407273583114147,-0.155954390764236,-0.1389299929142,0.202483505010605,-0.0407273918390274,-0.155954375863075,-0.0407273583114147,-0.155954390764236,0.391788423061371,0.426158398389816,-0.0407273881137371,-0.155954360961914,-0.138928294181824,0.202483922243118,-0.1389299929142,0.202483505010605,-0.0407273881137371,-0.155954360961914,0.391790241003036,0.426159173250198,-0.0407273881137371,-0.155954360961914,-0.0407273918390274,-0.155954375863075,-0.138928294181824,0.202483922243118,-0.0407273881137371,-0.155954360961914,0.391788393259048,0.426158368587494
10.3479995727539,0.391735792160034,0.426116615533829,-0.0407378114759922,-0.155944690108299,-0.138849943876266,0.202528282999992,-0.0407378114759922,-0.155944690108299,-0.0407378114759922,-0.155944690108299,0.391733586788177,0.426116287708282,-0.0407378412783146,-0.155944675207138,-0.138848125934601,0.202528730034828,-0.138849943876266,0.202528282999992,-0.0407378412783146,-0.155944675207138,0.391735821962357,0.426116675138474,-0.0407378077507019,-0.155944675207138,-0.0407378114759922,-0.155944690108299,-0.138848125934601,0.202528730034828,-0.0407378077507019,-0.155944675207138,0.391733586788177,0.426116287708282
10.3484001159668,0.391681164503098,0.426074355840683,-0.0407483018934727,-0.155934989452362,-0.138769686222076,0.202573120594025,-0.0407483018934727,-0.155934989452362,-0.0407483018934727,-0.155934989452362,0.391679137945175,0.426073789596558,-0.0407482981681824,-0.155934974551201,-0.13876785337925,0.202573582530022,-0.138769686222076,0.202573120594025,-0.0407482981681824,-0.155934974551201,0.391681164503098,0.426074355840683,-0.0407482981681824,-0.155934974551201,-0.0407483018934727,-0.155934989452362,-0.13876785337925,0.202573582530022,-0.0407482981681824,-0.155934974551201,0.391679137945175,0.426073789596558
10.3487997055054,0.391626536846161,0.42603200674057,-0.0407587178051472,-0.155925288796425,-0.138689398765564,0.202617928385735,-0.0407587215304375,-0.155925303697586,-0.0407587178051472,-0.155925288796425,0.391624331474304,0.426031708717346,-0.0407587476074696,-0.155925273895264,-0.138687580823898,0.20261837542057,-0.138689398765564,0.202617928385735,-0.0407587476074696,-0.155925273895264,0.391626596450806,0.426032066345215,-0.0407587140798569,-0.155925273895264,-0.0407587215304375,-0.155925303697586,-0.138687580823898,0.20261837542057,-0.0407587140798569,-0.155925273895264,0.391624331474304,0.426031708717346
10.3492002487183,0.391571909189224,0.425989776849747,-0.040769200772047,-0.155915573239326,-0.138609185814857,0.202662616968155,-0.0407692044973373,-0.155915588140488,-0.040769200772047,-0.155915573239326,0.391569912433624,0.425989210605621,-0.040769200772047,-0.155915573239326,-0.138607352972031,0.202663078904152,-0.138609185814857,0.202662616968155,-0.040769200772047,-0.155915573239326,0.391571760177612,0.425989955663681,-0.0407691970467567,-0.155915558338165,-0.0407692044973373,-0.155915588140488,-0.138607352972031,0.202663078904152,-0.0407691970467567,-0.155915558338165,0.391569912433624,0.425989210605621
10.3495998382568,0.391517341136932,0.425947487354279,-0.0407796092331409,-0.155905857682228,-0.138528853654861,0.202707350254059,-0.0407796129584312,-0.155905872583389,-0.0407796092331409,-0.155905857682228,0.39151531457901,0.425946921110153,-0.0407796464860439,-0.155905857682228,-0.138527035713196,0.202707797288895,-0.138528853654861,0.202707350254059,-0.0407796464860439,-0.155905857682228,0.391517132520676,0.425947695970535,-0.0407796055078506,-0.155905842781067,-0.0407796129584312,-0.155905872583389,-0.138527035713196,0.202707797288895,-0.0407796055078506,-0.155905842781067,0.39151531457901,0.425946921110153
10.3500003814697,0.391462355852127,0.425905615091324,-0.0407900959253311,-0.155896157026291,-0.138448491692543,0.202752009034157,-0.0407900996506214,-0.155896171927452,-0.0407900959253311,-0.155896157026291,0.391460299491882,0.425905019044876,-0.0407900922000408,-0.15589614212513,-0.138446673750877,0.202752456068993,-0.138448491692543,0.202752009034157,-0.0407900922000408,-0.15589614212513,0.391462355852127,0.425905615091324,-0.0407900922000408,-0.15589614212513,-0.0407900996506214,-0.155896171927452,-0.138446673750877,0.202752456068993,-0.0407900922000408,-0.15589614212513,0.391460299491882,0.425905019044876
10.3503999710083,0.391407757997513,0.425863325595856,-0.0408005006611347,-0.155886441469193,-0.138368114829063,0.202796652913094,-0.0408005006611347,-0.155886441469193,-0.0408005006611347,-0.155886441469193,0.391405522823334,0.425862938165665,-0.0408005379140377,-0.155886426568031,-0.138366296887398,0.202797085046768,-0.138368114829063,0.202796652913094,-0.0408005379140377,-0.155886426568031,0.391407757997513,0.425863325595856,-0.0408004969358444,-0.155886426568031,-0.0408005006611347,-0.155886441469193,-0.138366296887398,0.202797085046768,-0.0408004969358444,-0.155886426568031,0.391405522823334,0.425862938165665
10.3507995605469,0.391353160142899,0.425821036100388,-0.0408109799027443,-0.155876725912094,-0.138287708163261,0.202841222286224,-0.0408109836280346,-0.155876740813255,-0.0408109799027443,-0.155876725912094,0.391350954771042,0.425820648670197,-0.040810976177454,-0.155876711010933,-0.138285890221596,0.20284166932106,-0.138287708163261,0.202841222286224,-0.040810976177454,-0.155876711010933,0.391353160142899,0.425821036100388,-0.040810976177454,-0.155876711010933,-0.0408109836280346,-0.155876740813255,-0.138285890221596,0.20284166932106,-0.040810976177454,-0.155876711010933,0.391350954771042,0.425820648670197
10.3512001037598,0.391298174858093,0.425779104232788,-0.0408213771879673,-0.155866995453835,-0.138207197189331,0.202885836362839,-0.0408213809132576,-0.155867010354996,-0.0408213771879673,-0.155866995453835,0.391295969486237,0.425778776407242,-0.0408214144408703,-0.155866965651512,-0.138205468654633,0.202886208891869,-0.138207197189331,0.202885836362839,-0.0408214144408703,-0.155866965651512,0.391298204660416,0.425779163837433,-0.040821373462677,-0.155866980552673,-0.0408213809132576,-0.155867010354996,-0.138205468654633,0.202886208891869,-0.040821373462677,-0.155866980552673,0.391295969486237,0.425778776407242
10.3515996932983,0.39124321937561,0.425737291574478,-0.0408318564295769,-0.155857264995575,-0.138126745820045,0.202930316329002,-0.0408318564295769,-0.155857264995575,-0.0408318191766739,-0.155857279896736,0.391241192817688,0.42573669552803,-0.0408318527042866,-0.155857250094414,-0.13812492787838,0.202930778264999,-0.138126745820045,0.202930316329002,-0.0408318527042866,-0.155857250094414,0.39124321937561,0.425737291574478,-0.0408318527042866,-0.155857250094414,-0.0408318564295769,-0.155857264995575,-0.13812492787838,0.202930778264999,-0.0408318527042866,-0.155857250094414,0.391241192817688,0.42573669552803
10.3520002365112,0.391188412904739,0.425695180892944,-0.0408422499895096,-0.155847519636154,-0.138046190142632,0.202974855899811,-0.0408422537147999,-0.155847534537315,-0.0408422499895096,-0.155847519636154,0.391186237335205,0.425694823265076,-0.0408422499895096,-0.155847519636154,-0.138044372200966,0.202975288033485,-0.138046190142632,0.202974855899811,-0.0408422499895096,-0.155847519636154,0.391188442707062,0.425695240497589,-0.0408422462642193,-0.155847504734993,-0.0408422537147999,-0.155847534537315,-0.138044372200966,0.202975288033485,-0.0408422462642193,-0.155847504734993,0.391186207532883,0.425694763660431
10.3523998260498,0.391133457422256,0.42565330862999,-0.0408527217805386,-0.155837804079056,-0.137965708971024,0.203019261360168,-0.0408527217805386,-0.155837789177895,-0.0408527217805386,-0.155837804079056,0.391131460666656,0.425652712583542,-0.0408527180552483,-0.155837774276733,-0.137963876128197,0.203019708395004,-0.137965708971024,0.203019261360168,-0.0408527180552483,-0.155837774276733,0.391133457422256,0.42565330862999,-0.0408527180552483,-0.155837774276733,-0.0408527217805386,-0.155837789177895,-0.137963876128197,0.203019708395004,-0.0408527180552483,-0.155837774276733,0.391131460666656,0.425652712583542
10.3528003692627,0.391078531742096,0.425611436367035,-0.0408631153404713,-0.155828058719635,-0.137885093688965,0.203063696622849,-0.0408631153404713,-0.155828058719635,-0.0408631153404713,-0.155828058719635,0.391076326370239,0.425611048936844,-0.040863111615181,-0.155828043818474,-0.137883275747299,0.203064128756523,-0.137885093688965,0.203063696622849,-0.040863111615181,-0.155828043818474,0.391078531742096,0.425611436367035,-0.040863111615181,-0.155828043818474,-0.0408631153404713,-0.155828058719635,-0.137883275747299,0.203064128756523,-0.040863111615181,-0.155828043818474,0.391076326370239,0.425611048936844
10.3531999588013,0.391023606061935,0.42556956410408,-0.0408735796809196,-0.155818313360214,-0.137804463505745,0.203108087182045,-0.0408735796809196,-0.155818313360214,-0.0408735796809196,-0.155818313360214,0.391021549701691,0.425568997859955,-0.0408735759556293,-0.155818283557892,-0.137802645564079,0.203108504414558,-0.137804463505745,0.203108087182045,-0.0408735759556293,-0.155818283557892,0.391023606061935,0.42556956410408,-0.0408735759556293,-0.155818298459053,-0.0408735796809196,-0.155818313360214,-0.137802645564079,0.203108504414558,-0.0408735759556293,-0.155818298459053,0.391021549701691,0.425568997859955
10.3535995483398,0.390968441963196,0.425527840852737,-0.0408839657902718,-0.155808553099632,-0.137723803520203,0.203152418136597,-0.0408839695155621,-0.155808568000793,-0.0408839657902718,-0.155808553099632,0.390966445207596,0.425527334213257,-0.0408839620649815,-0.155808538198471,-0.137721985578537,0.203152850270271,-0.137723803520203,0.203152418136597,-0.0408839620649815,-0.155808538198471,0.390968501567841,0.425527900457382,-0.0408839620649815,-0.155808538198471,-0.0408839695155621,-0.155808568000793,-0.137721985578537,0.203152850270271,-0.0408839620649815,-0.155808538198471,0.390966415405273,0.425527274608612
10.3540000915527,0.39091357588768,0.425486028194427,-0.0408944264054298,-0.155798807740211,-0.137643039226532,0.203196778893471,-0.0408944264054298,-0.155798807740211,-0.0408944264054298,-0.155798807740211,0.390911310911179,0.425485640764236,-0.0408944226801395,-0.15579879283905,-0.137641221284866,0.203197225928307,-0.137643039226532,0.203196778893471,-0.0408944226801395,-0.15579879283905,0.39091357588768,0.425486028194427,-0.0408944226801395,-0.15579879283905,-0.0408944264054298,-0.155798807740211,-0.137641221284866,0.203197225928307,-0.0408944226801395,-0.15579879283905,0.390911310911179,0.425485640764236
10.3543996810913,0.390858381986618,0.425444334745407,-0.040904812514782,-0.15578904747963,-0.137562334537506,0.203241035342216,-0.040904812514782,-0.15578904747963,-0.040904812514782,-0.15578904747963,0.390856385231018,0.425443768501282,-0.0409048087894917,-0.155789032578468,-0.137560531497002,0.203241482377052,-0.137562334537506,0.203241035342216,-0.0409048087894917,-0.155789032578468,0.390858441591263,0.425444364547729,-0.0409048087894917,-0.155789032578468,-0.040904812514782,-0.15578904747963,-0.137560531497002,0.203241482377052,-0.0409048087894917,-0.155789032578468,0.390856385231018,0.425443768501282
10.3548002243042,0.390803307294846,0.425402700901031,-0.0409151874482632,-0.155779287219048,-0.13748162984848,0.203285247087479,-0.0409152694046497,-0.155779287219048,-0.0409151874482632,-0.155779287219048,0.390801280736923,0.425402104854584,-0.0409152656793594,-0.155779272317886,-0.137479797005653,0.203285679221153,-0.13748162984848,0.203285247087479,-0.0409152656793594,-0.155779272317886,0.390803307294846,0.425402700901031,-0.0409152619540691,-0.155779257416725,-0.0409152694046497,-0.155779287219048,-0.137479797005653,0.203285679221153,-0.0409152656793594,-0.155779272317886,0.390801280736923,0.425402104854584
10.3551998138428,0.390748202800751,0.425361007452011,-0.040925644338131,-0.155769497156143,-0.137400791049004,0.203329473733902,-0.0409256480634212,-0.155769512057304,-0.040925644338131,-0.155769497156143,0.390745997428894,0.42536062002182,-0.0409256406128407,-0.155769482254982,-0.137398958206177,0.203329905867577,-0.137400791049004,0.203329473733902,-0.0409256406128407,-0.155769482254982,0.390748202800751,0.425361007452011,-0.0409256406128407,-0.155769482254982,-0.0409256480634212,-0.155769512057304,-0.137398958206177,0.203329905867577,-0.0409256406128407,-0.155769482254982,0.390745997428894,0.42536062002182
10.3556003570557,0.390693098306656,0.425319373607635,-0.0409360229969025,-0.155759736895561,-0.137319937348366,0.203373670578003,-0.0409360267221928,-0.155759751796722,-0.0409360229969025,-0.155759736895561,0.390690892934799,0.425318986177444,-0.0409360229969025,-0.155759736895561,-0.137318104505539,0.203374102711678,-0.137319937348366,0.203373670578003,-0.0409360229969025,-0.155759736895561,0.390693098306656,0.425319373607635,-0.0409360192716122,-0.1557597219944,-0.0409360267221928,-0.155759751796722,-0.137318104505539,0.203374102711678,-0.0409360192716122,-0.1557597219944,0.390690892934799,0.425318986177444
10.3559999465942,0.390637814998627,0.425277888774872,-0.0409464761614799,-0.155749976634979,-0.137239053845406,0.20341782271862,-0.0409464761614799,-0.155749976634979,-0.0409464761614799,-0.155749976634979,0.390635818243027,0.425277322530746,-0.0409464724361897,-0.155749946832657,-0.137237221002579,0.203418239951134,-0.137239053845406,0.20341782271862,-0.0409464724361897,-0.155749946832657,0.390637814998627,0.425277888774872,-0.0409464724361897,-0.155749961733818,-0.0409464761614799,-0.155749976634979,-0.137237221002579,0.203418239951134,-0.0409464724361897,-0.155749961733818,0.390635818243027,0.425277322530746
10.3563995361328,0.390582531690598,0.425236433744431,-0.0409568473696709,-0.155740186572075,-0.137158155441284,0.203461930155754,-0.0409568510949612,-0.155740186572075,-0.0409568473696709,-0.155740186572075,0.390580475330353,0.425235837697983,-0.0409568473696709,-0.155740171670914,-0.137156307697296,0.203462347388268,-0.137158155441284,0.203461930155754,-0.0409568473696709,-0.155740171670914,0.390582531690598,0.425236433744431,-0.0409568436443806,-0.155740156769753,-0.0409568510949612,-0.155740186572075,-0.137156307697296,0.203462347388268,-0.0409568436443806,-0.155740156769753,0.390580475330353,0.425235837697983
10.3568000793457,0.390527248382568,0.425194948911667,-0.0409672930836678,-0.155730396509171,-0.13707722723484,0.203505963087082,-0.0409672968089581,-0.155730411410332,-0.0409672930836678,-0.155730396509171,0.390525281429291,0.425194412469864,-0.0409672893583775,-0.155730381608009,-0.137075394392014,0.203506410121918,-0.13707722723484,0.203505963087082,-0.0409672893583775,-0.155730381608009,0.390527278184891,0.425195008516312,-0.0409672893583775,-0.155730381608009,-0.0409672968089581,-0.155730411410332,-0.137075394392014,0.203506410121918,-0.0409672893583775,-0.155730381608009,0.390525281429291,0.425194412469864
10.3571996688843,0.390472203493118,0.425153315067291,-0.0409776605665684,-0.155720606446266,-0.136996164917946,0.203550040721893,-0.0409776642918587,-0.155720621347427,-0.0409776605665684,-0.155720606446266,0.390469789505005,0.425153136253357,-0.0409776605665684,-0.155720606446266,-0.13699434697628,0.203550472855568,-0.136996164917946,0.203550040721893,-0.0409776605665684,-0.155720606446266,0.390472024679184,0.42515355348587,-0.0409776568412781,-0.155720591545105,-0.0409776642918587,-0.155720621347427,-0.13699434697628,0.203550472855568,-0.0409776568412781,-0.155720591545105,0.390469789505005,0.425153136253357
10.3576002120972,0.390416741371155,0.425112038850784,-0.040988065302372,-0.155710816383362,-0.136915192008018,0.203593999147415,-0.0409880690276623,-0.155710831284523,-0.040988065302372,-0.155710816383362,0.390414535999298,0.425111711025238,-0.040988065302372,-0.155710816383362,-0.136913374066353,0.20359443128109,-0.136915192008018,0.203593999147415,-0.040988065302372,-0.155710816383362,0.390416741371155,0.425112038850784,-0.040988065302372,-0.155710816383362,-0.0409880690276623,-0.155710831284523,-0.136913374066353,0.20359443128109,-0.040988065302372,-0.155710816383362,0.390414535999298,0.425111711025238
10.3579998016357,0.390361279249191,0.425070822238922,-0.040998462587595,-0.155701026320457,-0.136834099888802,0.203637987375259,-0.0409984663128853,-0.155701041221619,-0.040998462587595,-0.155701026320457,0.390359073877335,0.425070434808731,-0.040998462587595,-0.155701011419296,-0.136832281947136,0.203638419508934,-0.136834099888802,0.203637987375259,-0.040998462587595,-0.155701011419296,0.390361279249191,0.425070822238922,-0.0409984588623047,-0.155701011419296,-0.0409984663128853,-0.155701041221619,-0.136832281947136,0.203638419508934,-0.0409984588623047,-0.155701011419296,0.390359073877335,0.425070434808731
10.3584003448486,0.39030584692955,0.425029546022415,-0.0410088263452053,-0.155691221356392,-0.136752992868423,0.20368193089962,-0.0410088300704956,-0.155691236257553,-0.0410088263452053,-0.155691221356392,0.390303641557693,0.425029158592224,-0.041008859872818,-0.155691206455231,-0.136751174926758,0.203682363033295,-0.136752992868423,0.20368193089962,-0.041008859872818,-0.155691206455231,0.39030584692955,0.425029546022415,-0.041008822619915,-0.155691221356392,-0.0410088300704956,-0.155691236257553,-0.136751174926758,0.203682363033295,-0.041008822619915,-0.155691221356392,0.390303641557693,0.425029158592224
10.3587999343872,0.390250384807587,0.424988329410553,-0.0410192236304283,-0.155681416392326,-0.136671960353851,0.203725770115852,-0.0410192646086216,-0.155681431293488,-0.0410192236304283,-0.155681416392326,0.390248388051987,0.424987733364105,-0.0410192608833313,-0.155681416392326,-0.136670142412186,0.203726187348366,-0.136671960353851,0.203725770115852,-0.0410192608833313,-0.155681416392326,0.390250384807587,0.424988329410553,-0.041019257158041,-0.155681401491165,-0.0410192646086216,-0.155681431293488,-0.136670142412186,0.203726187348366,-0.041019257158041,-0.155681401491165,0.390248388051987,0.424987733364105
10.3591995239258,0.390194952487946,0.424946993589401,-0.0410296209156513,-0.155671626329422,-0.136590719223022,0.203769683837891,-0.0410296209156513,-0.155671611428261,-0.0410296209156513,-0.155671626329422,0.390192776918411,0.42494660615921,-0.041029617190361,-0.1556715965271,-0.136588871479034,0.203770101070404,-0.136590719223022,0.203769683837891,-0.041029617190361,-0.1556715965271,0.390194982290268,0.424947053194046,-0.041029617190361,-0.1556715965271,-0.0410296209156513,-0.155671611428261,-0.136588871479034,0.203770101070404,-0.041029617190361,-0.1556715965271,0.390192776918411,0.42494660615921
10.3596000671387,0.39013946056366,0.424905866384506,-0.0410400070250034,-0.155661791563034,-0.136509537696838,0.203813493251801,-0.0410400107502937,-0.155661806464195,-0.0410399697721004,-0.155661806464195,0.39013734459877,0.424905389547348,-0.0410400070250034,-0.155661791563034,-0.136507704854012,0.203813925385475,-0.136509537696838,0.203813493251801,-0.0410400070250034,-0.155661791563034,0.39013934135437,0.424905896186829,-0.0410400032997131,-0.155661776661873,-0.0410400107502937,-0.155661806464195,-0.136507704854012,0.203813925385475,-0.0410400032997131,-0.155661776661873,0.39013734459877,0.424905389547348
10.3599996566772,0.390083938837051,0.424864739179611,-0.0410504005849361,-0.155651986598969,-0.136428326368332,0.203857257962227,-0.0410504043102264,-0.15565200150013,-0.0410504005849361,-0.155651986598969,0.390081733465195,0.424864292144775,-0.0410503968596458,-0.155651971697807,-0.136426508426666,0.203857690095901,-0.136428326368332,0.203857257962227,-0.0410503968596458,-0.155651971697807,0.390083938837051,0.424864739179611,-0.0410503968596458,-0.155651971697807,-0.0410504043102264,-0.15565200150013,-0.136426508426666,0.203857690095901,-0.0410503968596458,-0.155651971697807,0.390081733465195,0.424864292144775
10.3604001998901,0.390028387308121,0.424823671579361,-0.0410607568919659,-0.155642166733742,-0.136347115039825,0.203900992870331,-0.0410607568919659,-0.155642166733742,-0.0410607568919659,-0.155642166733742,0.390026241540909,0.424823194742203,-0.0410607531666756,-0.155642151832581,-0.136345282196999,0.203901395201683,-0.136347115039825,0.203900992870331,-0.0410607531666756,-0.155642151832581,0.390028387308121,0.424823701381683,-0.0410607531666756,-0.155642151832581,-0.0410607568919659,-0.155642166733742,-0.136345282196999,0.203901395201683,-0.0410607531666756,-0.155642151832581,0.390026241540909,0.424823194742203
10.3607997894287,0.389972776174545,0.424782603979111,-0.0410711765289307,-0.155632346868515,-0.136265784502029,0.203944727778435,-0.0410711765289307,-0.155632346868515,-0.0410711765289307,-0.155632346868515,0.389970630407333,0.424782156944275,-0.0410711728036404,-0.155632331967354,-0.136263936758041,0.203945145010948,-0.136265784502029,0.203944727778435,-0.0410711728036404,-0.155632331967354,0.389972776174545,0.424782633781433,-0.0410711728036404,-0.155632331967354,-0.0410711765289307,-0.155632346868515,-0.136263936758041,0.203945145010948,-0.0410711728036404,-0.155632331967354,0.389970630407333,0.424782156944275
10.3612003326416,0.389917194843292,0.424741625785828,-0.0410815216600895,-0.155622512102127,-0.136184513568878,0.20398835837841,-0.0410815216600895,-0.155622512102127,-0.0410815216600895,-0.155622512102127,0.389914929866791,0.424741178750992,-0.0410815179347992,-0.155622512102127,-0.136182576417923,0.203988835215569,-0.136184513568878,0.20398835837841,-0.0410815179347992,-0.155622512102127,0.389917194843292,0.424741625785828,-0.0410815179347992,-0.155622512102127,-0.0410815216600895,-0.155622512102127,-0.136182576417923,0.203988820314407,-0.0410815179347992,-0.155622512102127,0.389914929866791,0.424741178750992
10.3615999221802,0.38986149430275,0.424700617790222,-0.0410918667912483,-0.155612677335739,-0.13610303401947,0.204032078385353,-0.0410918705165386,-0.1556126922369,-0.0410918667912483,-0.155612677335739,0.38985937833786,0.424700230360031,-0.041091863065958,-0.155612662434578,-0.136101201176643,0.204032465815544,-0.13610303401947,0.204032078385353,-0.041091863065958,-0.155612662434578,0.389861524105072,0.424700707197189,-0.041091863065958,-0.155612662434578,-0.0410918705165386,-0.1556126922369,-0.136101305484772,0.204032406210899,-0.041091863065958,-0.155612662434578,0.389859348535538,0.424700170755386
10.3620004653931,0.389805823564529,0.424659758806229,-0.0411022827029228,-0.155602842569351,-0.136021628975868,0.204075679183006,-0.0411022827029228,-0.155602842569351,-0.0411022827029228,-0.155602842569351,0.389803618192673,0.42465928196907,-0.0411022789776325,-0.15560282766819,-0.13601978123188,0.204076081514359,-0.136021628975868,0.204075679183006,-0.0411022789776325,-0.15560282766819,0.389805823564529,0.424659758806229,-0.0411022789776325,-0.15560282766819,-0.0411022827029228,-0.155602842569351,-0.13601978123188,0.204076081514359,-0.0411022789776325,-0.15560282766819,0.389803737401962,0.42465928196907
10.3624000549316,0.38975003361702,0.42461884021759,-0.0411126203835011,-0.155593007802963,-0.135940298438072,0.204119175672531,-0.0411126203835011,-0.155593007802963,-0.0411126203835011,-0.155593007802963,0.389747977256775,0.424618422985077,-0.0411126166582108,-0.155592992901802,-0.135938361287117,0.204119637608528,-0.135940298438072,0.204119175672531,-0.0411126166582108,-0.155592992901802,0.389750063419342,0.424618899822235,-0.0411126166582108,-0.155592992901802,-0.0411126203835011,-0.155593007802963,-0.135938361287117,0.204119637608528,-0.0411126166582108,-0.155592992901802,0.389747977256775,0.424618422985077
10.3627996444702,0.389694303274155,0.424578040838242,-0.0411229990422726,-0.155583158135414,-0.135858759284019,0.204162746667862,-0.0411229990422726,-0.155583158135414,-0.0411229617893696,-0.155583173036575,0.389692217111588,0.424577623605728,-0.0411229953169823,-0.155583143234253,-0.135856911540031,0.204163163900375,-0.135858759284019,0.204162746667862,-0.0411229953169823,-0.155583143234253,0.389694362878799,0.424578070640564,-0.0411229953169823,-0.155583143234253,-0.0411229990422726,-0.155583158135414,-0.135856911540031,0.204163163900375,-0.0411229953169823,-0.155583143234253,0.389692217111588,0.424577623605728
10.3632001876831,0.38963857293129,0.424537241458893,-0.0411333329975605,-0.155573323369026,-0.135777279734612,0.204206228256226,-0.0411333739757538,-0.155573323369026,-0.0411333329975605,-0.155573323369026,0.3896364569664,0.424536824226379,-0.0411333702504635,-0.155573308467865,-0.135775431990623,0.204206630587578,-0.135777279734612,0.204206228256226,-0.0411333702504635,-0.155573308467865,0.389638602733612,0.424537301063538,-0.0411333702504635,-0.155573308467865,-0.0411333739757538,-0.155573323369026,-0.135775431990623,0.204206630587578,-0.0411333702504635,-0.155573308467865,0.3896364569664,0.424536824226379
10.3635997772217,0.389582693576813,0.424496501684189,-0.0411437004804611,-0.155563458800316,-0.135695695877075,0.20424972474575,-0.0411437042057514,-0.155563473701477,-0.0411437004804611,-0.155563458800316,0.389580637216568,0.424496084451675,-0.0411436967551708,-0.155563443899155,-0.135693848133087,0.204250112175941,-0.135695695877075,0.20424972474575,-0.0411436967551708,-0.155563443899155,0.389582753181458,0.424496561288834,-0.0411436967551708,-0.155563443899155,-0.0411437042057514,-0.155563473701477,-0.135693848133087,0.204250112175941,-0.0411436967551708,-0.155563443899155,0.389580637216568,0.424496084451675
10.3640003204346,0.389526903629303,0.424455791711807,-0.0411540307104588,-0.155553609132767,-0.135614067316055,0.20429316163063,-0.0411540344357491,-0.155553624033928,-0.0411540307104588,-0.155553609132767,0.389524787664413,0.424455344676971,-0.0411540642380714,-0.155553579330444,-0.135612234473228,0.204293563961983,-0.135614067316055,0.20429316163063,-0.0411540642380714,-0.155553579330444,0.389526903629303,0.42445582151413,-0.0411540269851685,-0.155553594231606,-0.0411540344357491,-0.155553624033928,-0.135612234473228,0.204293563961983,-0.0411540269851685,-0.155553594231606,0.389524787664413,0.424455344676971
10.3643999099731,0.389470934867859,0.42441514134407,-0.0411644354462624,-0.155543729662895,-0.135532528162003,0.204336479306221,-0.0411644391715527,-0.155543744564056,-0.0411644354462624,-0.155543729662895,0.389468878507614,0.424414724111557,-0.0411644317209721,-0.155543714761734,-0.135530605912209,0.20433697104454,-0.135532528162003,0.204336479306221,-0.0411644317209721,-0.155543714761734,0.389470994472504,0.424415171146393,-0.0411644317209721,-0.155543714761734,-0.0411644391715527,-0.155543744564056,-0.135530605912209,0.20433697104454,-0.0411644317209721,-0.155543714761734,0.389468878507614,0.424414724111557
10.364800453186,0.389415085315704,0.424374520778656,-0.0411747619509697,-0.155533865094185,-0.135450884699821,0.204379856586456,-0.04117476567626,-0.155533879995346,-0.0411747619509697,-0.155533865094185,0.389412969350815,0.424374133348465,-0.0411747582256794,-0.155533850193024,-0.135449051856995,0.204380258917809,-0.135450884699821,0.204379856586456,-0.0411747582256794,-0.155533850193024,0.389415115118027,0.424374550580978,-0.0411747582256794,-0.155533850193024,-0.04117476567626,-0.155533879995346,-0.135449051856995,0.204380258917809,-0.0411747582256794,-0.155533850193024,0.389412939548492,0.42437407374382
10.3652000427246,0.389359176158905,0.424333959817886,-0.0411850847303867,-0.155524000525475,-0.135369196534157,0.204423159360886,-0.041185088455677,-0.155524015426636,-0.0411850847303867,-0.155524000525475,0.389356970787048,0.424333542585373,-0.0411850847303867,-0.155524000525475,-0.13536736369133,0.204423561692238,-0.135369196534157,0.204423159360886,-0.0411850847303867,-0.155524000525475,0.389359176158905,0.424333959817886,-0.0411850810050964,-0.155523985624313,-0.041185088455677,-0.155524015426636,-0.13536736369133,0.204423561692238,-0.0411850847303867,-0.155524000525475,0.389356970787048,0.424333542585373
10.3655996322632,0.389303147792816,0.424293398857117,-0.0411954857409,-0.155514135956764,-0.135287508368492,0.204466432332993,-0.0411954857409,-0.155514135956764,-0.0411954857409,-0.155514135956764,0.389301061630249,0.424292981624603,-0.0411954820156097,-0.155514121055603,-0.135285660624504,0.204466819763184,-0.135287508368492,0.204466432332993,-0.0411954820156097,-0.155514121055603,0.389303147792816,0.424293428659439,-0.0411954820156097,-0.155514121055603,-0.0411954857409,-0.155514135956764,-0.135285660624504,0.204466819763184,-0.0411954820156097,-0.155514121055603,0.389301061630249,0.424292981624603
10.3660001754761,0.389247179031372,0.424252957105637,-0.0412058047950268,-0.155504256486893,-0.135205686092377,0.204509705305099,-0.0412058047950268,-0.155504256486893,-0.0412058047950268,-0.155504256486893,0.389245003461838,0.424252539873123,-0.0412058010697365,-0.155504241585732,-0.135203838348389,0.204510122537613,-0.135205686092377,0.204509705305099,-0.0412058010697365,-0.155504241585732,0.389247238636017,0.424252986907959,-0.0412058010697365,-0.155504241585732,-0.0412058047950268,-0.155504256486893,-0.135203838348389,0.204510122537613,-0.0412058010697365,-0.155504241585732,0.389245003461838,0.424252539873123
10.3663997650146,0.389191120862961,0.424212515354156,-0.0412161201238632,-0.15549436211586,-0.135123953223228,0.204552888870239,-0.0412161238491535,-0.155494377017021,-0.0412161201238632,-0.15549436211586,0.389188975095749,0.424212038516998,-0.0412161573767662,-0.15549436211586,-0.135122120380402,0.20455327630043,-0.135123953223228,0.204552888870239,-0.0412161573767662,-0.15549436211586,0.389191120862961,0.424212515354156,-0.0412161163985729,-0.155494347214699,-0.0412161238491535,-0.155494377017021,-0.135122120380402,0.20455327630043,-0.0412161201238632,-0.15549436211586,0.389188975095749,0.424212038516998
10.3668003082275,0.389135032892227,0.424172073602676,-0.0412264727056026,-0.15548449754715,-0.135042086243629,0.20459608733654,-0.0412264764308929,-0.155484512448311,-0.0412264727056026,-0.15548449754715,0.38913294672966,0.424171686172485,-0.0412264689803123,-0.155484482645988,-0.135040253400803,0.204596474766731,-0.135042086243629,0.20459608733654,-0.0412264689803123,-0.155484482645988,0.38913506269455,0.424172163009644,-0.0412264689803123,-0.155484482645988,-0.0412264764308929,-0.155484512448311,-0.135040253400803,0.204596474766731,-0.0412264689803123,-0.155484482645988,0.38913294672966,0.424171686172485
10.3671998977661,0.389079004526138,0.424131721258163,-0.0412368215620518,-0.155474588274956,-0.134960204362869,0.204639241099358,-0.0412368252873421,-0.155474603176117,-0.0412368215620518,-0.155474588274956,0.389076769351959,0.424131274223328,-0.0412368178367615,-0.155474573373795,-0.134958371520042,0.204639628529549,-0.134960204362869,0.204639241099358,-0.0412368178367615,-0.155474573373795,0.389079004526138,0.424131751060486,-0.0412368178367615,-0.155474573373795,-0.0412368252873421,-0.155474603176117,-0.134958371520042,0.204639628529549,-0.0412368178367615,-0.155474573373795,0.389076769351959,0.424131274223328
10.367600440979,0.389022827148438,0.424091398715973,-0.0412471331655979,-0.155464708805084,-0.134878411889076,0.204682275652885,-0.0412471368908882,-0.155464723706245,-0.0412471331655979,-0.155464708805084,0.38902074098587,0.424090981483459,-0.0412471294403076,-0.155464693903923,-0.134876549243927,0.204682677984238,-0.134878411889076,0.204682275652885,-0.0412471294403076,-0.155464693903923,0.389022827148438,0.424091398715973,-0.0412471294403076,-0.155464693903923,-0.0412471368908882,-0.155464723706245,-0.134876549243927,0.204682677984238,-0.0412471294403076,-0.155464693903923,0.38902074098587,0.424090981483459
10.3680000305176,0.388966679573059,0.424051135778427,-0.0412574447691441,-0.155454814434052,-0.134796470403671,0.204725340008736,-0.0412574484944344,-0.155454829335213,-0.0412574447691441,-0.155454814434052,0.388964474201202,0.424050658941269,-0.0412574745714664,-0.155454784631729,-0.134794622659683,0.204725727438927,-0.134796470403671,0.204725340008736,-0.0412574745714664,-0.155454784631729,0.388966679573059,0.424051135778427,-0.0412574410438538,-0.15545479953289,-0.0412574484944344,-0.155454829335213,-0.134794622659683,0.204725727438927,-0.0412574410438538,-0.15545479953289,0.388964474201202,0.424050658941269
10.3683996200562,0.388910442590714,0.424010902643204,-0.0412678271532059,-0.155444890260696,-0.134714528918266,0.204768344759941,-0.0412678271532059,-0.155444890260696,-0.0412678271532059,-0.155444890260696,0.388908267021179,0.42401048541069,-0.0412678234279156,-0.155444875359535,-0.134712681174278,0.204768732190132,-0.134714528918266,0.204768344759941,-0.0412678234279156,-0.155444875359535,0.388910502195358,0.424010962247849,-0.0412678234279156,-0.155444875359535,-0.0412678271532059,-0.155444890260696,-0.134712681174278,0.204768732190132,-0.0412678234279156,-0.155444875359535,0.388908267021179,0.42401048541069
10.368800163269,0.388854265213013,0.423970699310303,-0.0412781275808811,-0.155434995889664,-0.134632453322411,0.204811379313469,-0.0412781275808811,-0.155434995889664,-0.0412781275808811,-0.155434995889664,0.388852149248123,0.423970282077789,-0.0412781238555908,-0.155434980988503,-0.134630605578423,0.204811781644821,-0.134632453322411,0.204811379313469,-0.0412781238555908,-0.155434980988503,0.388854265213013,0.423970729112625,-0.0412781238555908,-0.155434980988503,-0.0412781275808811,-0.155434995889664,-0.134630605578423,0.204811781644821,-0.0412781238555908,-0.155434980988503,0.388852149248123,0.423970282077789
10.3691997528076,0.388798028230667,0.423930555582047,-0.0412884317338467,-0.15542508661747,-0.134550467133522,0.204854294657707,-0.041288435459137,-0.155425101518631,-0.0412884317338467,-0.15542508661747,0.38879582285881,0.423930138349533,-0.0412884280085564,-0.155425071716309,-0.134548619389534,0.204854696989059,-0.134550467133522,0.204854294657707,-0.0412884280085564,-0.155425071716309,0.38879805803299,0.423930585384369,-0.0412884280085564,-0.155425071716309,-0.041288435459137,-0.155425101518631,-0.134548619389534,0.204854696989059,-0.0412884280085564,-0.155425071716309,0.38879582285881,0.423930138349533
10.3696002960205,0.388741701841354,0.423890441656113,-0.0412987694144249,-0.155415177345276,-0.134468361735344,0.204897239804268,-0.0412987694144249,-0.155415177345276,-0.0412987694144249,-0.155415177345276,0.388739556074142,0.423890054225922,-0.0412987656891346,-0.155415162444115,-0.134466513991356,0.20489764213562,-0.134468361735344,0.204897239804268,-0.0412987656891346,-0.155415162444115,0.38874164223671,0.423890501260757,-0.0412987656891346,-0.155415162444115,-0.0412987694144249,-0.155415177345276,-0.134466513991356,0.20489764213562,-0.0412987656891346,-0.155415162444115,0.388739556074142,0.423890054225922
10.3699998855591,0.388685435056686,0.423850387334824,-0.0413090661168098,-0.155405253171921,-0.134386315941811,0.204940095543861,-0.0413090698421001,-0.155405268073082,-0.0413090661168098,-0.155405253171921,0.38868322968483,0.423849999904633,-0.0413091033697128,-0.155405253171921,-0.134384483098984,0.204940468072891,-0.134386315941811,0.204940095543861,-0.0413091033697128,-0.155405253171921,0.388685375452042,0.423850476741791,-0.0413090623915195,-0.15540523827076,-0.0413090698421001,-0.155405268073082,-0.134384483098984,0.204940468072891,-0.0413090623915195,-0.15540523827076,0.38868322968483,0.423849999904633
10.370400428772,0.388629019260406,0.423810333013535,-0.0413194000720978,-0.155395328998566,-0.134304165840149,0.204982951283455,-0.0413194000720978,-0.155395328998566,-0.0413194000720978,-0.155395328998566,0.388626843690872,0.423809945583344,-0.0413193963468075,-0.155395314097404,-0.134302318096161,0.204983308911324,-0.134304165840149,0.204982951283455,-0.0413193963468075,-0.155395314097404,0.388629049062729,0.423810422420502,-0.0413193963468075,-0.155395314097404,-0.0413194000720978,-0.155395328998566,-0.134302318096161,0.204983308911324,-0.0413193963468075,-0.155395314097404,0.388626843690872,0.423809945583344
10.3708000183105,0.388572692871094,0.423770397901535,-0.0413296893239021,-0.155385404825211,-0.134222000837326,0.205025747418404,-0.0413296893239021,-0.155385404825211,-0.0413296893239021,-0.155385404825211,0.388570457696915,0.423769980669022,-0.0413296855986118,-0.155385404825211,-0.134220153093338,0.205026134848595,-0.134222000837326,0.205025747418404,-0.0413296855986118,-0.155385404825211,0.388572692871094,0.423770427703857,-0.0413296855986118,-0.155385404825211,-0.0413296893239021,-0.155385404825211,-0.134220153093338,0.205026134848595,-0.0413296855986118,-0.155385404825211,0.388570457696915,0.423769980669022
10.3711996078491,0.388516187667847,0.423730492591858,-0.0413400232791901,-0.155375465750694,-0.13413979113102,0.205068498849869,-0.0413400232791901,-0.155375465750694,-0.0413400232791901,-0.155375465750694,0.388514131307602,0.423730105161667,-0.0413400195538998,-0.155375450849533,-0.134137958288193,0.20506888628006,-0.13413979113102,0.205068498849869,-0.0413400195538998,-0.155375450849533,0.388516217470169,0.42373052239418,-0.0413400195538998,-0.155375450849533,-0.0413400232791901,-0.155375465750694,-0.134137958288193,0.20506888628006,-0.0413400195538998,-0.155375450849533,0.388514131307602,0.423730105161667
10.371600151062,0.388459742069244,0.423690587282181,-0.0413503088057041,-0.155365541577339,-0.134057581424713,0.205111235380173,-0.0413503497838974,-0.1553655564785,-0.0413503088057041,-0.155365541577339,0.388457655906677,0.42369019985199,-0.0413503423333168,-0.155365526676178,-0.134055733680725,0.205111607909203,-0.134057581424713,0.205111235380173,-0.0413503423333168,-0.155365526676178,0.388459742069244,0.423690617084503,-0.0413503423333168,-0.155365526676178,-0.0413503497838974,-0.1553655564785,-0.134055733680725,0.205111607909203,-0.0413503423333168,-0.155365526676178,0.388457626104355,0.423690140247345
10.3719997406006,0.388403296470642,0.423650771379471,-0.0413606353104115,-0.155355617403984,-0.133975252509117,0.205153957009315,-0.0413606353104115,-0.155355617403984,-0.0413606353104115,-0.155355617403984,0.388401180505753,0.423650294542313,-0.0413606315851212,-0.155355602502823,-0.133973389863968,0.205154329538345,-0.133975252509117,0.205153957009315,-0.0413606315851212,-0.155355602502823,0.388403296470642,0.423650771379471,-0.0413606315851212,-0.155355602502823,-0.0413606353104115,-0.155355617403984,-0.133973389863968,0.205154329538345,-0.0413606315851212,-0.155355602502823,0.388401180505753,0.423650294542313
10.3724002838135,0.38834685087204,0.423610925674438,-0.0413709171116352,-0.155345678329468,-0.133892983198166,0.205196589231491,-0.0413709171116352,-0.155345678329468,-0.0413709171116352,-0.155345678329468,0.388344705104828,0.423610538244247,-0.0413709133863449,-0.155345663428307,-0.133891135454178,0.205196961760521,-0.133892983198166,0.205196589231491,-0.0413709133863449,-0.155345663428307,0.388346761465073,0.423610955476761,-0.0413709133863449,-0.155345663428307,-0.0413709171116352,-0.155345678329468,-0.133891135454178,0.205196961760521,-0.0413709133863449,-0.155345663428307,0.388344645500183,0.423610508441925
10.3727998733521,0.388290196657181,0.423571169376373,-0.0413812026381493,-0.15533572435379,-0.133810609579086,0.205239221453667,-0.0413812026381493,-0.15533572435379,-0.0413812026381493,-0.15533572435379,0.388288140296936,0.423570781946182,-0.0413811951875687,-0.155335709452629,-0.133808761835098,0.205239608883858,-0.133810609579086,0.205239221453667,-0.0413811951875687,-0.155335709452629,0.388290226459503,0.423571228981018,-0.0413811951875687,-0.155335709452629,-0.0413812026381493,-0.15533572435379,-0.133808761835098,0.205239608883858,-0.0413811951875687,-0.155335709452629,0.388288140296936,0.423570781946182
10.3732004165649,0.388233721256256,0.423531472682953,-0.0413914769887924,-0.155325770378113,-0.133728206157684,0.20528182387352,-0.041391558945179,-0.155325770378113,-0.0413914769887924,-0.155325770378113,0.388231515884399,0.423531055450439,-0.0413915514945984,-0.15532574057579,-0.133726343512535,0.20528219640255,-0.133728206157684,0.20528182387352,-0.0413915514945984,-0.15532574057579,0.388233602046967,0.423531502485275,-0.0413915514945984,-0.15532574057579,-0.041391558945179,-0.155325770378113,-0.133726343512535,0.20528219640255,-0.0413915514945984,-0.15532574057579,0.388231515884399,0.423531055450439
10.3736000061035,0.388177096843719,0.423491805791855,-0.0414018332958221,-0.155315816402435,-0.133645877242088,0.205324307084084,-0.0414018332958221,-0.155315816402435,-0.0414018332958221,-0.155315816402435,0.388174891471863,0.423491388559341,-0.0414018295705318,-0.155315801501274,-0.133643925189972,0.205324754118919,-0.133645877242088,0.205324307084084,-0.0414018295705318,-0.155315801501274,0.388177126646042,0.423491835594177,-0.0414018295705318,-0.155315801501274,-0.0414018332958221,-0.155315816402435,-0.133643925189972,0.205324754118919,-0.0414018295705318,-0.155315801501274,0.388174891471863,0.423491388559341
10.3739995956421,0.388120353221893,0.423452198505402,-0.0414121113717556,-0.155305862426758,-0.133563444018364,0.205366834998131,-0.0414121113717556,-0.155305862426758,-0.0414121113717556,-0.155305862426758,0.388118296861649,0.423451781272888,-0.0414121076464653,-0.155305832624435,-0.133561491966248,0.205367252230644,-0.133563444018364,0.205366834998131,-0.0414121076464653,-0.155305832624435,0.388120412826538,0.423452228307724,-0.0414121076464653,-0.155305847525597,-0.0414121113717556,-0.155305862426758,-0.133561491966248,0.205367252230644,-0.0414121076464653,-0.155305847525597,0.388118296861649,0.423451781272888
10.374400138855,0.388063669204712,0.423412591218948,-0.0414223819971085,-0.155295893549919,-0.133480966091156,0.205409288406372,-0.0414223819971085,-0.155295893549919,-0.0414223819971085,-0.155295893549919,0.388061583042145,0.423412203788757,-0.0414223782718182,-0.155295878648758,-0.13347901403904,0.205409705638885,-0.133480966091156,0.205409288406372,-0.0414223782718182,-0.155295878648758,0.388063728809357,0.423412621021271,-0.0414223782718182,-0.155295878648758,-0.0414223819971085,-0.155295893549919,-0.13347901403904,0.205409705638885,-0.0414223782718182,-0.155295878648758,0.388061583042145,0.423412203788757
10.3747997283936,0.388006985187531,0.42337304353714,-0.041432648897171,-0.15528592467308,-0.13339838385582,0.205451756715775,-0.0414326526224613,-0.155285939574242,-0.041432648897171,-0.15528592467308,0.388004899024963,0.423372656106949,-0.0414326451718807,-0.155285909771919,-0.133396536111832,0.205452129244804,-0.13339838385582,0.205451756715775,-0.0414326451718807,-0.155285909771919,0.388007014989853,0.423373073339462,-0.0414326451718807,-0.155285909771919,-0.0414326526224613,-0.155285939574242,-0.133396536111832,0.205452129244804,-0.0414326451718807,-0.155285909771919,0.388004899024963,0.423372626304626
10.3752002716064,0.387950330972672,0.423333555459976,-0.0414429195225239,-0.155275970697403,-0.133315876126289,0.205494150519371,-0.0414429195225239,-0.155275970697403,-0.0414429195225239,-0.155275970697403,0.387948125600815,0.423333138227463,-0.0414429940283298,-0.155275925993919,-0.133314028382301,0.205494493246078,-0.133315876126289,0.205494150519371,-0.0414429940283298,-0.155275925993919,0.387950330972672,0.423333585262299,-0.0414429157972336,-0.155275955796242,-0.0414429195225239,-0.155275970697403,-0.133314028382301,0.205494493246078,-0.0414429157972336,-0.155275955796242,0.387948125600815,0.42333310842514
10.375599861145,0.387893557548523,0.423294067382813,-0.0414532646536827,-0.155265986919403,-0.133233249187469,0.205536514520645,-0.0414532646536827,-0.155265986919403,-0.0414532236754894,-0.155265986919403,0.387891352176666,0.423293679952621,-0.0414532609283924,-0.155265972018242,-0.133231401443481,0.205536887049675,-0.133233249187469,0.205536514520645,-0.0414532609283924,-0.155265972018242,0.387893587350845,0.42329415678978,-0.0414532609283924,-0.155265972018242,-0.0414532646536827,-0.155265986919403,-0.133231401443481,0.205536887049675,-0.0414532609283924,-0.155265972018242,0.387891352176666,0.423293679952621
10.3760004043579,0.387836784124374,0.423254668712616,-0.0414635241031647,-0.155256003141403,-0.133150711655617,0.205578804016113,-0.0414635241031647,-0.155256003141403,-0.0414635241031647,-0.155256003141403,0.387834638357162,0.423254281282425,-0.0414635203778744,-0.155255988240242,-0.133148744702339,0.205579236149788,-0.133150711655617,0.205578804016113,-0.0414635203778744,-0.155255988240242,0.387836843729019,0.423254698514938,-0.0414635203778744,-0.155255988240242,-0.0414635241031647,-0.155256003141403,-0.133148744702339,0.205579236149788,-0.0414635203778744,-0.155255988240242,0.387834638357162,0.423254281282425
10.3763999938965,0.387779951095581,0.423215299844742,-0.0414737910032272,-0.155246019363403,-0.133068040013313,0.205621093511581,-0.0414737910032272,-0.155246019363403,-0.0414737910032272,-0.155246019363403,0.387777805328369,0.423214912414551,-0.0414737872779369,-0.155246004462242,-0.133066177368164,0.205621466040611,-0.133068040013313,0.205621093511581,-0.0414737872779369,-0.155246004462242,0.387780010700226,0.423215329647064,-0.0414737872779369,-0.155246004462242,-0.0414737910032272,-0.155246019363403,-0.133066177368164,0.205621466040611,-0.0414737872779369,-0.155246004462242,0.387777805328369,0.423214912414551
10.3767995834351,0.387723118066788,0.42317596077919,-0.0414840504527092,-0.155236035585403,-0.132985338568687,0.205663338303566,-0.0414840541779995,-0.155236050486565,-0.0414840504527092,-0.155236035585403,0.387720942497253,0.423175573348999,-0.0414840467274189,-0.155236020684242,-0.132983490824699,0.205663695931435,-0.132985338568687,0.205663338303566,-0.0414840467274189,-0.155236020684242,0.387723177671432,0.423176050186157,-0.0414840467274189,-0.155236020684242,-0.0414840541779995,-0.155236050486565,-0.132983490824699,0.205663695931435,-0.0414840467274189,-0.155236020684242,0.387720942497253,0.423175573348999
10.3772001266479,0.38766622543335,0.423136740922928,-0.0414943024516106,-0.155226036906242,-0.132902637124062,0.205705553293228,-0.0414943061769009,-0.155226051807404,-0.0414943024516106,-0.155226036906242,0.38766410946846,0.42313626408577,-0.0414942987263203,-0.155226022005081,-0.132900774478912,0.205705896019936,-0.132902637124062,0.205705553293228,-0.0414942987263203,-0.155226022005081,0.38766622543335,0.423136740922928,-0.0414942987263203,-0.155226022005081,-0.0414943061769009,-0.155226051807404,-0.132900774478912,0.205705896019936,-0.0414942987263203,-0.155226022005081,0.38766410946846,0.42313626408577
10.3775997161865,0.387609273195267,0.423097461462021,-0.0415045954287052,-0.155216038227081,-0.132819890975952,0.205747693777084,-0.0415045991539955,-0.155216053128242,-0.0415045954287052,-0.155216038227081,0.387607127428055,0.42309707403183,-0.0415045917034149,-0.15521602332592,-0.132817953824997,0.205748125910759,-0.132819890975952,0.205747693777084,-0.0415045917034149,-0.15521602332592,0.387609302997589,0.423097521066666,-0.0415045917034149,-0.15521602332592,-0.0415045991539955,-0.155216053128242,-0.132817953824997,0.205748125910759,-0.0415045917034149,-0.15521602332592,0.387607127428055,0.42309707403183
10.3780002593994,0.387552291154861,0.423058301210403,-0.0415148511528969,-0.155206054449081,-0.132737144827843,0.205789819359779,-0.0415148511528969,-0.155206054449081,-0.0415148511528969,-0.155206054449081,0.387550234794617,0.42305788397789,-0.0415148809552193,-0.155206024646759,-0.132735192775726,0.205790236592293,-0.132737144827843,0.205789819359779,-0.0415148809552193,-0.155206024646759,0.387552320957184,0.423058331012726,-0.0415148474276066,-0.15520603954792,-0.0415148511528969,-0.155206054449081,-0.132735192775726,0.205790236592293,-0.0415148474276066,-0.15520603954792,0.387550234794617,0.42305788397789
10.378399848938,0.387495398521423,0.423019111156464,-0.0415250994265079,-0.155196040868759,-0.132654264569283,0.205831944942474,-0.0415251031517982,-0.15519605576992,-0.0415250994265079,-0.155196040868759,0.387493222951889,0.423018723726273,-0.0415251366794109,-0.155196040868759,-0.132652327418327,0.205832362174988,-0.132654264569283,0.205831944942474,-0.0415251366794109,-0.155196040868759,0.387495338916779,0.423019200563431,-0.0415250957012177,-0.155196025967598,-0.0415251031517982,-0.15519605576992,-0.132652327418327,0.205832362174988,-0.0415250957012177,-0.155196025967598,0.387493222951889,0.423018723726273
10.3788003921509,0.387438327074051,0.422980010509491,-0.0415353886783123,-0.155186042189598,-0.132571384310722,0.205874040722847,-0.0415353886783123,-0.155186042189598,-0.0415353886783123,-0.155186042189598,0.387436211109161,0.4229796230793,-0.041535384953022,-0.155186027288437,-0.132569521665573,0.205874383449554,-0.132571384310722,0.205874040722847,-0.041535384953022,-0.155186027288437,0.387438356876373,0.422980070114136,-0.041535384953022,-0.155186027288437,-0.0415353886783123,-0.155186042189598,-0.132569521665573,0.205874383449554,-0.041535384953022,-0.155186027288437,0.387436211109161,0.4229796230793
10.3791999816895,0.387381345033646,0.422940999269485,-0.0415456369519234,-0.155176028609276,-0.132488563656807,0.205916002392769,-0.0415456369519234,-0.155176028609276,-0.0415456369519234,-0.155176028609276,0.387379139661789,0.422940582036972,-0.0415456332266331,-0.155176013708115,-0.132486611604691,0.205916419625282,-0.132488563656807,0.205916002392769,-0.0415456332266331,-0.155176013708115,0.387381345033646,0.422941029071808,-0.0415456332266331,-0.155176013708115,-0.0415456369519234,-0.155176028609276,-0.132486611604691,0.205916419625282,-0.0415456332266331,-0.155176013708115,0.387379139661789,0.422940582036972
10.379599571228,0.387324273586273,0.422901958227158,-0.0415558777749538,-0.155166000127792,-0.132405623793602,0.205957993865013,-0.0415558815002441,-0.155166015028954,-0.0415558777749538,-0.155166000127792,0.387322068214417,0.422901570796967,-0.0415558777749538,-0.155166000127792,-0.132403776049614,0.205958336591721,-0.132405623793602,0.205957993865013,-0.0415558777749538,-0.155166000127792,0.387324213981628,0.422902017831802,-0.0415558740496635,-0.155165985226631,-0.0415558815002441,-0.155166015028954,-0.132403776049614,0.205958336591721,-0.0415558740496635,-0.155165985226631,0.387322068214417,0.422901570796967
10.3800001144409,0.387267231941223,0.422862976789474,-0.0415661223232746,-0.15515598654747,-0.132322654128075,0.205999925732613,-0.0415661260485649,-0.155156001448631,-0.0415661223232746,-0.15515598654747,0.387265026569366,0.422862589359283,-0.0415661185979843,-0.155155971646309,-0.132320806384087,0.206000298261642,-0.132322654128075,0.205999925732613,-0.0415661185979843,-0.155155971646309,0.387267172336578,0.422863006591797,-0.0415661185979843,-0.155155971646309,-0.0415661223232746,-0.15515598654747,-0.132320806384087,0.206000298261642,-0.0415661185979843,-0.155155971646309,0.387265026569366,0.422862589359283
10.3803997039795,0.387210100889206,0.422824025154114,-0.0415763594210148,-0.155145972967148,-0.132239580154419,0.206041902303696,-0.0415763631463051,-0.155145987868309,-0.0415763594210148,-0.155145972967148,0.387207895517349,0.422823637723923,-0.0415763556957245,-0.155145958065987,-0.132237732410431,0.206042259931564,-0.132239580154419,0.206041902303696,-0.0415763556957245,-0.155145958065987,0.387210041284561,0.422824114561081,-0.0415763556957245,-0.155145958065987,-0.0415763631463051,-0.155145987868309,-0.132237732410431,0.206042259931564,-0.0415763556957245,-0.155145958065987,0.387207895517349,0.422823637723923
10.3808002471924,0.387152850627899,0.42278516292572,-0.041586596518755,-0.155135944485664,-0.13215659558773,0.206083759665489,-0.0415866002440453,-0.155135959386826,-0.041586596518755,-0.155135944485664,0.387150675058365,0.422784775495529,-0.0415865927934647,-0.155135929584503,-0.132154732942581,0.206084117293358,-0.13215659558773,0.206083759665489,-0.0415865927934647,-0.155135929584503,0.387152880430222,0.422785252332687,-0.0415865927934647,-0.155135929584503,-0.0415866002440453,-0.155135959386826,-0.132154732942581,0.206084117293358,-0.0415865927934647,-0.155135929584503,0.387150675058365,0.422784775495529
10.381199836731,0.387095630168915,0.422746330499649,-0.0415968708693981,-0.155125916004181,-0.132073566317558,0.206125557422638,-0.0415968745946884,-0.155125930905342,-0.0415968708693981,-0.155125916004181,0.387093424797058,0.422745943069458,-0.0415968671441078,-0.15512590110302,-0.132071703672409,0.206125915050507,-0.132073566317558,0.206125557422638,-0.0415968671441078,-0.15512590110302,0.387095630168915,0.422746390104294,-0.0415968671441078,-0.15512590110302,-0.0415968745946884,-0.155125930905342,-0.132071703672409,0.206125915050507,-0.0415968671441078,-0.15512590110302,0.387093424797058,0.422745943069458
10.3816003799438,0.38703840970993,0.422707498073578,-0.041607104241848,-0.155115887522697,-0.131990432739258,0.206167384982109,-0.041607104241848,-0.155115887522697,-0.041607104241848,-0.155115887522697,0.387036353349686,0.422707170248032,-0.0416071005165577,-0.155115872621536,-0.13198858499527,0.206167742609978,-0.131990432739258,0.206167384982109,-0.0416071005165577,-0.155115872621536,0.387038439512253,0.422707587480545,-0.0416071005165577,-0.155115872621536,-0.041607104241848,-0.155115887522697,-0.13198858499527,0.206167742609978,-0.0416071005165577,-0.155115872621536,0.387036353349686,0.422707170248032
10.3819999694824,0.386981219053268,0.422668784856796,-0.0416173338890076,-0.155105844140053,-0.131907373666763,0.206209108233452,-0.0416173338890076,-0.155105844140053,-0.0416173338890076,-0.155105844140053,0.386979013681412,0.422668397426605,-0.0416173301637173,-0.155105829238892,-0.131905511021614,0.206209450960159,-0.131907373666763,0.206209108233452,-0.0416173301637173,-0.155105829238892,0.386981219053268,0.422668784856796,-0.0416173301637173,-0.155105829238892,-0.0416173338890076,-0.155105844140053,-0.131905511021614,0.206209450960159,-0.0416173301637173,-0.155105829238892,0.386979013681412,0.422668397426605
10.382399559021,0.386923909187317,0.422630041837692,-0.0416275970637798,-0.155095800757408,-0.131824180483818,0.206250846385956,-0.0416276007890701,-0.155095815658569,-0.0416275970637798,-0.155095800757408,0.386921733617783,0.422629714012146,-0.0416275933384895,-0.155095785856247,-0.131822317838669,0.206251174211502,-0.131824180483818,0.206250846385956,-0.0416275933384895,-0.155095785856247,0.386923909187317,0.422630041837692,-0.0416275933384895,-0.155095785856247,-0.0416276007890701,-0.155095815658569,-0.131822317838669,0.206251174211502,-0.0416275933384895,-0.155095785856247,0.386921733617783,0.422629714012146
10.3828001022339,0.386866629123688,0.422591388225555,-0.0416378267109394,-0.155085757374763,-0.131740972399712,0.206292524933815,-0.0416378267109394,-0.155085757374763,-0.0416378267109394,-0.155085757374763,0.386864453554153,0.422591030597687,-0.0416378192603588,-0.155085742473602,-0.131739124655724,0.206292867660522,-0.131740972399712,0.206292524933815,-0.0416378192603588,-0.155085742473602,0.386866569519043,0.4225914478302,-0.0416378192603588,-0.155085742473602,-0.0416378267109394,-0.155085757374763,-0.131739124655724,0.206292867660522,-0.0416378192603588,-0.155085742473602,0.386864453554153,0.422591000795364
10.3831996917725,0.386809200048447,0.422552794218063,-0.0416480489075184,-0.155075699090958,-0.131657764315605,0.206334143877029,-0.0416480526328087,-0.155075713992119,-0.0416480489075184,-0.155075699090958,0.386807054281235,0.422552406787872,-0.0416480489075184,-0.155075699090958,-0.131655901670456,0.206334486603737,-0.131657764315605,0.206334143877029,-0.0416480489075184,-0.155075699090958,0.386809200048447,0.422552853822708,-0.0416480451822281,-0.155075684189796,-0.0416480526328087,-0.155075713992119,-0.131655901670456,0.206334486603737,-0.0416480451822281,-0.155075684189796,0.386807054281235,0.422552406787872
10.3836002349854,0.386751800775528,0.422514200210571,-0.0416582748293877,-0.155065640807152,-0.131574511528015,0.206375762820244,-0.0416582748293877,-0.155065640807152,-0.0416582748293877,-0.155065640807152,0.386749714612961,0.422513842582703,-0.0416582711040974,-0.155065625905991,-0.131572648882866,0.206376105546951,-0.131574511528015,0.206375762820244,-0.0416582711040974,-0.155065625905991,0.386751860380173,0.422514259815216,-0.0416582711040974,-0.155065625905991,-0.0416582748293877,-0.155065640807152,-0.131572648882866,0.206376105546951,-0.0416582711040974,-0.155065625905991,0.386749714612961,0.422513842582703
10.3839998245239,0.386694461107254,0.422475695610046,-0.041668489575386,-0.155055597424507,-0.131491243839264,0.206417337059975,-0.041668489575386,-0.155055597424507,-0.041668489575386,-0.155055597424507,0.38669228553772,0.422475308179855,-0.0416684858500957,-0.155055582523346,-0.131489396095276,0.206417664885521,-0.131491243839264,0.206417337059975,-0.0416684858500957,-0.155055582523346,0.386694461107254,0.422475725412369,-0.0416684858500957,-0.155055582523346,-0.041668489575386,-0.155055597424507,-0.131489396095276,0.206417664885521,-0.0416684858500957,-0.155055582523346,0.38669228553772,0.422475308179855
10.3844003677368,0.386637002229691,0.422437191009521,-0.0416787080466747,-0.15504552423954,-0.131407856941223,0.206458851695061,-0.0416787080466747,-0.15504552423954,-0.0416787080466747,-0.15504552423954,0.386634826660156,0.42243680357933,-0.0416787043213844,-0.155045509338379,-0.131406009197235,0.206459209322929,-0.131407856941223,0.206458851695061,-0.0416787043213844,-0.155045509338379,0.386637032032013,0.422437220811844,-0.0416787043213844,-0.155045509338379,-0.0416787080466747,-0.15504552423954,-0.131406009197235,0.206459209322929,-0.0416787043213844,-0.155045509338379,0.386634826660156,0.42243680357933
10.3847999572754,0.386579573154449,0.422398716211319,-0.0416889227926731,-0.155035451054573,-0.13132455945015,0.206500351428986,-0.0416889265179634,-0.155035465955734,-0.0416889227926731,-0.155035451054573,0.386577397584915,0.422398388385773,-0.0416889227926731,-0.155035451054573,-0.131322696805,0.206500679254532,-0.13132455945015,0.206500351428986,-0.0416889227926731,-0.155035451054573,0.386579513549805,0.422398805618286,-0.0416889190673828,-0.155035436153412,-0.0416889265179634,-0.155035465955734,-0.131322696805,0.206500679254532,-0.0416889190673828,-0.155035436153412,0.386577397584915,0.422398388385773
10.385199546814,0.386522054672241,0.422360330820084,-0.0416991375386715,-0.155025392770767,-0.131241127848625,0.206541776657104,-0.0416991375386715,-0.155025392770767,-0.0416991375386715,-0.155025392770767,0.386519879102707,0.422359943389893,-0.0416991338133812,-0.155025362968445,-0.131239280104637,0.206542149186134,-0.131241127848625,0.206541776657104,-0.0416991338133812,-0.155025362968445,0.386521965265274,0.422360390424728,-0.0416991338133812,-0.155025377869606,-0.0416991375386715,-0.155025392770767,-0.131239280104637,0.206542149186134,-0.0416991338133812,-0.155025377869606,0.386519879102707,0.422359943389893
10.3856000900269,0.386464446783066,0.422321975231171,-0.0417093485593796,-0.1550153195858,-0.13115768134594,0.206583201885223,-0.0417093522846699,-0.1550153195858,-0.0417093485593796,-0.1550153195858,0.386462390422821,0.42232158780098,-0.0417093448340893,-0.155015304684639,-0.13115581870079,0.20658352971077,-0.13115768134594,0.206583201885223,-0.0417093448340893,-0.155015304684639,0.386464476585388,0.422322034835815,-0.0417093448340893,-0.155015304684639,-0.0417093522846699,-0.1550153195858,-0.13115581870079,0.20658352971077,-0.0417093448340893,-0.155015304684639,0.386462390422821,0.42232158780098
10.3859996795654,0.38640695810318,0.42228364944458,-0.0417195558547974,-0.155005231499672,-0.131074219942093,0.206624582409859,-0.0417195558547974,-0.155005231499672,-0.0417195558547974,-0.155005231499672,0.386404782533646,0.422283291816711,-0.0417195521295071,-0.155005216598511,-0.131072357296944,0.206624910235405,-0.131074219942093,0.206624582409859,-0.0417195521295071,-0.155005216598511,0.386406987905502,0.422283738851547,-0.0417195521295071,-0.155005216598511,-0.0417195558547974,-0.155005231499672,-0.131072357296944,0.206624910235405,-0.0417195521295071,-0.155005216598511,0.386404782533646,0.422283291816711
10.3864002227783,0.386349350214005,0.422245413064957,-0.0417297631502151,-0.154995158314705,-0.130990713834763,0.206665903329849,-0.0417297631502151,-0.154995158314705,-0.0417297631502151,-0.154995158314705,0.386347204446793,0.422245055437088,-0.0417297594249249,-0.154995143413544,-0.130988851189613,0.206666260957718,-0.130990713834763,0.206665903329849,-0.0417297594249249,-0.154995143413544,0.386349409818649,0.422245442867279,-0.0417297594249249,-0.154995143413544,-0.0417297631502151,-0.154995158314705,-0.130988851189613,0.206666260957718,-0.0417297594249249,-0.154995143413544,0.386347204446793,0.422245055437088
10.3867998123169,0.386291712522507,0.422207206487656,-0.0417399667203426,-0.154985070228577,-0.130907222628593,0.206707179546356,-0.0417399704456329,-0.154985070228577,-0.0417399667203426,-0.154985070228577,0.386289477348328,0.422206819057465,-0.0417399629950523,-0.154985040426254,-0.130905345082283,0.206707537174225,-0.130907222628593,0.206707179546356,-0.0417399629950523,-0.154985040426254,0.386291712522507,0.422207206487656,-0.0417399629950523,-0.154985055327415,-0.0417399704456329,-0.154985070228577,-0.130905345082283,0.206707537174225,-0.0417399629950523,-0.154985055327415,0.386289477348328,0.422206819057465
10.3872003555298,0.386234015226364,0.422168999910355,-0.0417501665651798,-0.154974967241287,-0.130823686718941,0.206748455762863,-0.0417501702904701,-0.154974982142448,-0.0417501665651798,-0.154974967241287,0.386231869459152,0.422168642282486,-0.0417501628398895,-0.154974952340126,-0.13082180917263,0.206748768687248,-0.130823686718941,0.206748455762863,-0.0417501628398895,-0.154974952340126,0.386234074831009,0.422169059514999,-0.0417501628398895,-0.154974952340126,-0.0417501702904701,-0.154974982142448,-0.13082180917263,0.206748768687248,-0.0417501628398895,-0.154974952340126,0.386231869459152,0.422168642282486
10.3875999450684,0.386176377534866,0.422130912542343,-0.041760366410017,-0.154964864253998,-0.13074004650116,0.206789687275887,-0.0417603701353073,-0.154964879155159,-0.041760366410017,-0.154964864253998,0.386174231767654,0.422130525112152,-0.0417603626847267,-0.154964849352837,-0.130738168954849,0.206790000200272,-0.13074004650116,0.206789687275887,-0.0417603626847267,-0.154964849352837,0.386176288127899,0.422130942344666,-0.0417603626847267,-0.154964849352837,-0.0417603701353073,-0.154964879155159,-0.130738168954849,0.206790000200272,-0.0417603626847267,-0.154964849352837,0.386174231767654,0.422130525112152
10.3879995346069,0.386118650436401,0.422092795372009,-0.0417705625295639,-0.154954791069031,-0.130656465888023,0.206830844283104,-0.0417705625295639,-0.15495477616787,-0.0417705625295639,-0.154954791069031,0.386116474866867,0.422092467546463,-0.0417705588042736,-0.154954761266708,-0.130654498934746,0.206831216812134,-0.130656465888023,0.206830844283104,-0.0417705588042736,-0.154954761266708,0.386118650436401,0.422092854976654,-0.0417705588042736,-0.154954761266708,-0.0417705625295639,-0.15495477616787,-0.130654498934746,0.206831216812134,-0.0417705588042736,-0.154954761266708,0.386116534471512,0.422092378139496
10.3884000778198,0.386060893535614,0.42205473780632,-0.0417807549238205,-0.15494467318058,-0.130572766065598,0.206872001290321,-0.0417807623744011,-0.154944688081741,-0.0417807549238205,-0.15494467318058,0.386058747768402,0.422054409980774,-0.0417807921767235,-0.154944643378258,-0.130570918321609,0.206872329115868,-0.130572766065598,0.206872001290321,-0.0417807921767235,-0.154944643378258,0.386060893535614,0.422054767608643,-0.0417807511985302,-0.154944658279419,-0.0417807623744011,-0.154944688081741,-0.130570918321609,0.206872329115868,-0.0417807511985302,-0.154944658279419,0.386058747768402,0.422054409980774
10.3887996673584,0.386003077030182,0.422016739845276,-0.0417909510433674,-0.154934570193291,-0.130489066243172,0.206913113594055,-0.0417909510433674,-0.154934570193291,-0.0417909510433674,-0.154934570193291,0.386000901460648,0.422016382217407,-0.0417909473180771,-0.15493455529213,-0.130487188696861,0.206913441419601,-0.130489066243172,0.206913113594055,-0.0417909473180771,-0.15493455529213,0.386003106832504,0.422016829252243,-0.0417909473180771,-0.15493455529213,-0.0417909510433674,-0.154934570193291,-0.130487188696861,0.206913441419601,-0.0417909473180771,-0.15493455529213,0.386000901460648,0.422016382217407
10.3892002105713,0.385945379734039,0.421978801488876,-0.0418011397123337,-0.15492445230484,-0.130405336618423,0.206954181194305,-0.041801143437624,-0.15492445230484,-0.0418011397123337,-0.15492445230484,0.385943233966827,0.421978443861008,-0.0418011397123337,-0.154924437403679,-0.130403473973274,0.20695449411869,-0.130405336618423,0.206954181194305,-0.0418011397123337,-0.154924437403679,0.38594526052475,0.421978831291199,-0.0418011359870434,-0.154924437403679,-0.041801143437624,-0.154924467206001,-0.130403473973274,0.20695449411869,-0.0418011397123337,-0.15492445230484,0.385943233966827,0.421978443861008
10.3895998001099,0.38588747382164,0.421940922737122,-0.0418113283813,-0.154914334416389,-0.130321577191353,0.206995204091072,-0.0418113321065903,-0.154914349317551,-0.0418113283813,-0.154914334416389,0.385885328054428,0.421940565109253,-0.0418113246560097,-0.154914319515228,-0.130319610238075,0.206995561718941,-0.130321577191353,0.206995204091072,-0.0418113246560097,-0.154914319515228,0.38588747382164,0.421940952539444,-0.0418113246560097,-0.154914319515228,-0.0418113321065903,-0.154914349317551,-0.130319610238075,0.206995561718941,-0.0418113246560097,-0.154914319515228,0.385885298252106,0.421940505504608
10.3900003433228,0.385829597711563,0.421903043985367,-0.0418215170502663,-0.1549042314291,-0.130237802863121,0.207036167383194,-0.0418215170502663,-0.154904216527939,-0.0418215170502663,-0.1549042314291,0.385827422142029,0.421902656555176,-0.041821513324976,-0.154904201626778,-0.130235835909843,0.207036510109901,-0.130237802863121,0.207036167383194,-0.041821513324976,-0.154904201626778,0.385829597711563,0.421903043985367,-0.041821513324976,-0.154904201626778,-0.0418215170502663,-0.154904216527939,-0.130235835909843,0.207036510109901,-0.041821513324976,-0.154904201626778,0.385827392339706,0.421902626752853
10.3903999328613,0.385771751403809,0.421865195035934,-0.0418317019939423,-0.154894113540649,-0.1301539093256,0.207077130675316,-0.0418317057192326,-0.154894128441811,-0.0418317019939423,-0.154894113540649,0.385769546031952,0.421864837408066,-0.041831698268652,-0.154894098639488,-0.13015204668045,0.207077473402023,-0.1301539093256,0.207077130675316,-0.041831698268652,-0.154894098639488,0.385771781206131,0.421865254640579,-0.041831698268652,-0.154894098639488,-0.0418317057192326,-0.154894128441811,-0.13015204668045,0.207077473402023,-0.041831698268652,-0.154894098639488,0.385769546031952,0.421864837408066
10.3908004760742,0.385713905096054,0.421827465295792,-0.041841883212328,-0.154883980751038,-0.130070105195045,0.207118019461632,-0.0418418869376183,-0.154883980751038,-0.041841883212328,-0.154883980751038,0.385711669921875,0.421827048063278,-0.0418418794870377,-0.154883950948715,-0.130068123340607,0.2071183770895,-0.130070105195045,0.207118019461632,-0.0418418794870377,-0.154883950948715,0.385713785886765,0.421827495098114,-0.0418418794870377,-0.154883950948715,-0.0418418869376183,-0.154883980751038,-0.130068123340607,0.2071183770895,-0.0418418794870377,-0.154883950948715,0.385711669921875,0.421827048063278
10.3912000656128,0.38565582036972,0.421789705753326,-0.0418520607054234,-0.154873847961426,-0.129986166954041,0.207158893346786,-0.0418520607054234,-0.154873847961426,-0.0418520607054234,-0.154873847961426,0.385653614997864,0.421789348125458,-0.0418520569801331,-0.154873818159103,-0.129984304308891,0.207159236073494,-0.129986166954041,0.207158893346786,-0.0418520569801331,-0.154873818159103,0.385655850172043,0.421789765357971,-0.0418520569801331,-0.154873833060265,-0.0418520607054234,-0.154873847961426,-0.129984304308891,0.207159236073494,-0.0418520569801331,-0.154873833060265,0.385653614997864,0.421789348125458
10.3915996551514,0.385597854852676,0.421752005815506,-0.0418622344732285,-0.154863715171814,-0.129902213811874,0.207199737429619,-0.0418622381985188,-0.154863715171814,-0.0418622344732285,-0.154863715171814,0.385595679283142,0.421751648187637,-0.0418622344732285,-0.154863700270653,-0.129900336265564,0.207200065255165,-0.129902213811874,0.207199737429619,-0.0418622344732285,-0.154863700270653,0.385597914457321,0.421752095222473,-0.0418622307479382,-0.154863685369492,-0.0418622381985188,-0.154863715171814,-0.129900336265564,0.207200065255165,-0.0418622307479382,-0.154863685369492,0.385595679283142,0.421751648187637
10.3920001983643,0.385539829730988,0.42171436548233,-0.0418724156916142,-0.154853582382202,-0.129818245768547,0.207240536808968,-0.0418724156916142,-0.154853582382202,-0.0418724156916142,-0.154853582382202,0.385537624359131,0.421714007854462,-0.0418724119663239,-0.154853567481041,-0.129816368222237,0.207240879535675,-0.129818245768547,0.207240536808968,-0.0418724119663239,-0.154853567481041,0.38553985953331,0.421714425086975,-0.0418724119663239,-0.154853567481041,-0.0418724156916142,-0.154853582382202,-0.129816368222237,0.207240879535675,-0.0418724119663239,-0.154853567481041,0.385537624359131,0.421714007854462
10.3923997879028,0.385481834411621,0.421676784753799,-0.0418825522065163,-0.15484344959259,-0.129734233021736,0.207281276583672,-0.041882585734129,-0.154843419790268,-0.0418825522065163,-0.15484344959259,0.385479688644409,0.421676456928253,-0.0418825820088387,-0.154843404889107,-0.129732370376587,0.207281619310379,-0.129734233021736,0.207281276583672,-0.0418825820088387,-0.154843404889107,0.385481715202332,0.421676814556122,-0.0418825820088387,-0.154843404889107,-0.041882585734129,-0.154843419790268,-0.129732370376587,0.207281619310379,-0.0418825820088387,-0.154843404889107,0.385479629039764,0.421676427125931
10.3928003311157,0.385423690080643,0.421639233827591,-0.0418927557766438,-0.154833287000656,-0.129650235176086,0.207322001457214,-0.0418927557766438,-0.154833287000656,-0.0418927557766438,-0.154833287000656,0.385421544313431,0.421638876199722,-0.0418927520513535,-0.154833272099495,-0.129648342728615,0.207322329282761,-0.129650235176086,0.207322001457214,-0.0418927520513535,-0.154833272099495,0.385423719882965,0.421639293432236,-0.0418927520513535,-0.154833272099495,-0.0418927557766438,-0.154833287000656,-0.129648342728615,0.207322329282761,-0.0418927520513535,-0.154833272099495,0.385421544313431,0.421638876199722
10.3931999206543,0.385365605354309,0.421601712703705,-0.0419028885662556,-0.154823124408722,-0.129566192626953,0.207362696528435,-0.0419028922915459,-0.154823139309883,-0.0419028885662556,-0.154823124408722,0.385363459587097,0.421601355075836,-0.041902918368578,-0.154823109507561,-0.129564210772514,0.207363024353981,-0.129566192626953,0.207362696528435,-0.041902918368578,-0.154823109507561,0.385365635156631,0.421601802110672,-0.0419028848409653,-0.154823109507561,-0.0419028922915459,-0.154823139309883,-0.129564210772514,0.207363024353981,-0.0419028848409653,-0.154823109507561,0.385363459587097,0.421601355075836
10.3936004638672,0.385307520627975,0.421564280986786,-0.0419130548834801,-0.15481299161911,-0.12948203086853,0.207403317093849,-0.0419130548834801,-0.15481299161911,-0.0419130548834801,-0.15481299161911,0.385305255651474,0.421563923358917,-0.0419130511581898,-0.154812976717949,-0.12948015332222,0.207403644919395,-0.12948203086853,0.207403317093849,-0.0419130511581898,-0.154812976717949,0.385307461023331,0.421564340591431,-0.0419130511581898,-0.154812976717949,-0.0419130548834801,-0.15481299161911,-0.12948015332222,0.207403615117073,-0.0419130511581898,-0.154812976717949,0.385305255651474,0.421563923358917
10.3940000534058,0.385249406099319,0.421526879072189,-0.0419231802225113,-0.154802814126015,-0.129397958517075,0.207443907856941,-0.0419231802225113,-0.154802814126015,-0.0419231802225113,-0.154802814126015,0.385247081518173,0.421526491641998,-0.041923176497221,-0.154802799224854,-0.129395976662636,0.207444250583649,-0.129397958517075,0.207443922758102,-0.041923176497221,-0.154802799224854,0.38524928689003,0.421526908874512,-0.041923176497221,-0.154802799224854,-0.0419231802225113,-0.154802814126015,-0.129395976662636,0.207444250583649,-0.041923176497221,-0.154802799224854,0.385247081518173,0.421526491641998
10.3943996429443,0.385191112756729,0.421489477157593,-0.0419333428144455,-0.154792666435242,-0.129313766956329,0.207484468817711,-0.0419333428144455,-0.154792666435242,-0.0419333428144455,-0.154792666435242,0.385188937187195,0.421489149332047,-0.0419333763420582,-0.154792651534081,-0.129311889410019,0.207484796643257,-0.129313766956329,0.207484468817711,-0.0419333763420582,-0.154792651534081,0.385191142559052,0.42148956656456,-0.0419333390891552,-0.154792651534081,-0.0419333428144455,-0.154792666435242,-0.129311889410019,0.207484796643257,-0.0419333390891552,-0.154792651534081,0.385188937187195,0.421489149332047
10.3948001861572,0.385132879018784,0.421452164649963,-0.0419434979557991,-0.154782488942146,-0.129229545593262,0.207524985074997,-0.0419435016810894,-0.154782503843307,-0.0419434979557991,-0.154782488942146,0.385130703449249,0.421451836824417,-0.0419434942305088,-0.154782474040985,-0.129227668046951,0.207525327801704,-0.129229545593262,0.207524985074997,-0.0419434942305088,-0.154782474040985,0.385132879018784,0.421452254056931,-0.0419434942305088,-0.154782474040985,-0.0419435016810894,-0.154782503843307,-0.129227668046951,0.207525327801704,-0.0419434942305088,-0.154782474040985,0.385130703449249,0.421451836824417
10.3951997756958,0.385074615478516,0.421414941549301,-0.041953656822443,-0.154772326350212,-0.129145309329033,0.207565471529961,-0.041953656822443,-0.154772326350212,-0.041953656822443,-0.154772326350212,0.385072439908981,0.421414583921432,-0.0419536493718624,-0.154772311449051,-0.129143446683884,0.207565814256668,-0.129145309329033,0.207565471529961,-0.0419536493718624,-0.154772311449051,0.385074615478516,0.421414941549301,-0.0419536493718624,-0.154772311449051,-0.041953656822443,-0.154772326350212,-0.129143446683884,0.207565814256668,-0.0419536493718624,-0.154772311449051,0.385072439908981,0.421414583921432
10.3956003189087,0.38501638174057,0.421377658843994,-0.0419638082385063,-0.154762148857117,-0.129061043262482,0.207605913281441,-0.0419638082385063,-0.154762148857117,-0.0419638082385063,-0.154762148857117,0.385014116764069,0.421377331018448,-0.041963804513216,-0.154762133955956,-0.129059180617332,0.207606241106987,-0.129061043262482,0.207605913281441,-0.041963804513216,-0.154762133955956,0.385016322135925,0.421377748250961,-0.041963804513216,-0.154762133955956,-0.0419638082385063,-0.154762148857117,-0.129059180617332,0.207606241106987,-0.041963804513216,-0.154762133955956,0.385014116764069,0.421377331018448
10.3959999084473,0.38495796918869,0.421340465545654,-0.0419739261269569,-0.154751971364021,-0.12897677719593,0.207646325230598,-0.0419739596545696,-0.154751971364021,-0.0419739261269569,-0.154751971364021,0.384955793619156,0.421340107917786,-0.0419739559292793,-0.15475195646286,-0.128974810242653,0.207646667957306,-0.12897677719593,0.207646325230598,-0.0419739559292793,-0.15475195646286,0.384958028793335,0.421340554952621,-0.0419739559292793,-0.15475195646286,-0.0419739596545696,-0.154751971364021,-0.128974810242653,0.207646667957306,-0.0419739559292793,-0.15475195646286,0.384955793619156,0.421340107917786
10.3964004516602,0.3848996758461,0.421303331851959,-0.0419841110706329,-0.154741778969765,-0.128892481327057,0.20768666267395,-0.0419841147959232,-0.154741793870926,-0.0419841110706329,-0.154741778969765,0.384897410869598,0.421303004026413,-0.0419841073453426,-0.154741764068604,-0.128890499472618,0.207687005400658,-0.128892481327057,0.20768666267395,-0.0419841073453426,-0.154741764068604,0.384899735450745,0.421303391456604,-0.0419841073453426,-0.154741764068604,-0.0419841147959232,-0.154741793870926,-0.128890499472618,0.207687005400658,-0.0419841073453426,-0.154741764068604,0.384897410869598,0.421303004026413
10.3968000411987,0.384841293096542,0.421266257762909,-0.0419942252337933,-0.154731601476669,-0.128808066248894,0.207727029919624,-0.0419942252337933,-0.154731601476669,-0.0419942252337933,-0.154731601476669,0.384839117527008,0.42126590013504,-0.041994221508503,-0.154731586575508,-0.128806188702583,0.207727313041687,-0.128808066248894,0.207727029919624,-0.041994221508503,-0.154731586575508,0.384841322898865,0.421266317367554,-0.041994221508503,-0.154731586575508,-0.0419942252337933,-0.154731601476669,-0.128806188702583,0.207727313041687,-0.041994221508503,-0.154731586575508,0.384839117527008,0.42126590013504
10.3971996307373,0.384782791137695,0.421229213476181,-0.042004331946373,-0.154721409082413,-0.128723621368408,0.207767307758331,-0.0420043356716633,-0.154721423983574,-0.042004331946373,-0.154721409082413,0.384780645370483,0.421228855848312,-0.0420043282210827,-0.154721394181252,-0.128721743822098,0.207767590880394,-0.128723621368408,0.207767307758331,-0.0420043282210827,-0.154721394181252,0.38478285074234,0.421229243278503,-0.0420043282210827,-0.154721394181252,-0.0420043356716633,-0.154721423983574,-0.128721743822098,0.207767590880394,-0.0420043282210827,-0.154721394181252,0.384780645370483,0.421228855848312
10.3976001739502,0.384724467992783,0.421192198991776,-0.0420144759118557,-0.154711216688156,-0.12863926589489,0.207807540893555,-0.0420144759118557,-0.154711216688156,-0.0420144759118557,-0.154711216688156,0.384722262620926,0.421191841363907,-0.0420145094394684,-0.154711186885834,-0.128637284040451,0.20780785381794,-0.12863926589489,0.207807540893555,-0.0420145094394684,-0.154711186885834,0.384724467992783,0.421192228794098,-0.0420144684612751,-0.154711201786995,-0.0420144759118557,-0.154711216688156,-0.128637284040451,0.20780785381794,-0.0420144684612751,-0.154711201786995,0.384722262620926,0.421191841363907
10.3979997634888,0.384665995836258,0.421155214309692,-0.0420246161520481,-0.1547010242939,-0.128554791212082,0.207847744226456,-0.0420246161520481,-0.1547010242939,-0.0420246161520481,-0.1547010242939,0.384663820266724,0.421154856681824,-0.0420246124267578,-0.154700994491577,-0.128552809357643,0.207848057150841,-0.128554791212082,0.207847744226456,-0.0420246124267578,-0.154700994491577,0.384665936231613,0.42115530371666,-0.0420246124267578,-0.154701009392738,-0.0420246161520481,-0.1547010242939,-0.128552809357643,0.207848057150841,-0.0420246124267578,-0.154701009392738,0.384663820266724,0.421154856681824
10.3984003067017,0.384607464075089,0.421118348836899,-0.0420347489416599,-0.154690802097321,-0.128470286726952,0.207887917757034,-0.0420347526669502,-0.154690816998482,-0.0420347489416599,-0.154690802097321,0.384605288505554,0.42111799120903,-0.0420347452163696,-0.154690787196159,-0.128468304872513,0.207888230681419,-0.128470286726952,0.207887917757034,-0.0420347452163696,-0.154690787196159,0.384607493877411,0.421118378639221,-0.0420347452163696,-0.154690787196159,-0.0420347526669502,-0.154690816998482,-0.128468304872513,0.207888230681419,-0.0420347452163696,-0.154690787196159,0.384605288505554,0.42111799120903
10.3987998962402,0.384548932313919,0.42108142375946,-0.0420448482036591,-0.154680609703064,-0.12838576734066,0.207928046584129,-0.0420448891818523,-0.154680624604225,-0.0420448482036591,-0.154680609703064,0.384546756744385,0.421081095933914,-0.042044885456562,-0.154680609703064,-0.128383785486221,0.207928344607353,-0.12838576734066,0.207928046584129,-0.0420448817312717,-0.154680594801903,0.384548962116241,0.421081513166428,-0.0420448817312717,-0.154680594801903,-0.0420448891818523,-0.154680624604225,-0.128383785486221,0.207928344607353,-0.0420448817312717,-0.154680594801903,0.384546756744385,0.421081066131592
10.3992004394531,0.384490460157394,0.421044647693634,-0.0420549474656582,-0.154670402407646,-0.128301128745079,0.207968130707741,-0.0420549884438515,-0.154670402407646,-0.0420549474656582,-0.154670402407646,0.384488224983215,0.421044260263443,-0.0420549847185612,-0.154670387506485,-0.128299251198769,0.207968413829803,-0.128301128745079,0.207968130707741,-0.0420549809932709,-0.154670372605324,0.384490460157394,0.421044647693634,-0.0420549809932709,-0.154670372605324,-0.0420549884438515,-0.154670402407646,-0.128299251198769,0.207968413829803,-0.0420549809932709,-0.154670372605324,0.384488224983215,0.421044260263443
10.3996000289917,0.384431809186935,0.421007841825485,-0.04206508025527,-0.154660195112228,-0.128216579556465,0.20800818502903,-0.0420651212334633,-0.154660195112228,-0.04206508025527,-0.154660195112228,0.384429633617401,0.421007484197617,-0.0420651137828827,-0.154660165309906,-0.128214702010155,0.208008468151093,-0.128216579556465,0.20800818502903,-0.0420651137828827,-0.154660165309906,0.38443186879158,0.42100790143013,-0.0420651137828827,-0.154660165309906,-0.0420651212334633,-0.154660195112228,-0.128214687108994,0.208008453249931,-0.0420651137828827,-0.154660165309906,0.384429633617401,0.421007484197617
10.3999996185303,0.384373217821121,0.420971095561981,-0.0420752130448818,-0.154649972915649,-0.128131911158562,0.208048194646835,-0.0420752130448818,-0.154649972915649,-0.0420752130448818,-0.154649972915649,0.384371042251587,0.420970797538757,-0.0420752093195915,-0.154649958014488,-0.12813001871109,0.208048477768898,-0.128131911158562,0.208048194646835,-0.0420752093195915,-0.154649958014488,0.384373217821121,0.420971155166626,-0.0420752093195915,-0.154649958014488,-0.0420752130448818,-0.154649972915649,-0.12813001871109,0.208048477768898,-0.0420752093195915,-0.154649958014488,0.384371042251587,0.420970797538757
10.4004001617432,0.38431453704834,0.420934438705444,-0.042085338383913,-0.15463975071907,-0.128047302365303,0.208088159561157,-0.0420853421092033,-0.154639765620232,-0.042085338383913,-0.15463975071907,0.384312391281128,0.420934081077576,-0.0420853346586227,-0.154639735817909,-0.128045320510864,0.208088472485542,-0.128047302365303,0.208088159561157,-0.0420853346586227,-0.154639735817909,0.384314566850662,0.420934468507767,-0.0420853346586227,-0.154639735817909,-0.0420853421092033,-0.154639765620232,-0.128045320510864,0.208088472485542,-0.0420853346586227,-0.154639735817909,0.384312391281128,0.420934081077576
10.4007997512817,0.384255886077881,0.420897752046585,-0.0420954264700413,-0.154629528522491,-0.127962589263916,0.208128064870834,-0.0420954637229443,-0.154629528522491,-0.0420954264700413,-0.154629528522491,0.384253680706024,0.420897424221039,-0.0420954562723637,-0.154629498720169,-0.127960696816444,0.208128377795219,-0.127962589263916,0.208128064870834,-0.0420954562723637,-0.154629498720169,0.384255915880203,0.420897841453552,-0.0420954562723637,-0.154629498720169,-0.0420954637229443,-0.154629528522491,-0.127960696816444,0.208128377795219,-0.0420954562723637,-0.154629498720169,0.384253680706024,0.420897424221039
10.4012002944946,0.384197145700455,0.420861184597015,-0.0421055108308792,-0.154619291424751,-0.127877846360207,0.20816795527935,-0.0421055853366852,-0.154619291424751,-0.0421055108308792,-0.154619291424751,0.38419497013092,0.420860856771469,-0.0421055816113949,-0.154619291424751,-0.127875968813896,0.208168253302574,-0.127877846360207,0.20816795527935,-0.0421055816113949,-0.154619291424751,0.384197145700455,0.420861214399338,-0.0421055816113949,-0.154619291424751,-0.0421055853366852,-0.154619291424751,-0.127875968813896,0.208168253302574,-0.0421055816113949,-0.154619291424751,0.38419497013092,0.420860826969147
10.4015998840332,0.384138375520706,0.42082467675209,-0.0421156324446201,-0.15460903942585,-0.127793088555336,0.208207830786705,-0.0421156696975231,-0.154609054327011,-0.0421156324446201,-0.15460903942585,0.384136229753494,0.420824319124222,-0.0421156659722328,-0.15460903942585,-0.127791196107864,0.208208113908768,-0.127793088555336,0.208207830786705,-0.0421156659722328,-0.15460903942585,0.384138375520706,0.42082467675209,-0.0421156287193298,-0.154609024524689,-0.0421156696975231,-0.154609054327011,-0.127791196107864,0.208208113908768,-0.0421156287193298,-0.154609024524689,0.384136229753494,0.420824319124222
10.4020004272461,0.384079694747925,0.420788139104843,-0.0421257503330708,-0.154598817229271,-0.127708300948143,0.208247631788254,-0.0421257503330708,-0.154598817229271,-0.0421257503330708,-0.154598817229271,0.384077489376068,0.420787811279297,-0.0421257466077805,-0.15459880232811,-0.127706423401833,0.208247900009155,-0.127708300948143,0.208247631788254,-0.0421257466077805,-0.15459880232811,0.384079694747925,0.420788168907166,-0.0421257466077805,-0.154598817229271,-0.0421257503330708,-0.154598817229271,-0.127706423401833,0.208247900009155,-0.0421257466077805,-0.154598817229271,0.384077489376068,0.420787811279297
10.4024000167847,0.384020954370499,0.420751690864563,-0.0421358644962311,-0.154588580131531,-0.127623423933983,0.208287417888641,-0.0421358644962311,-0.154588580131531,-0.0421358644962311,-0.154588580131531,0.384018659591675,0.420751333236694,-0.0421358607709408,-0.15458856523037,-0.127621531486511,0.208287671208382,-0.127623423933983,0.208287417888641,-0.0421358607709408,-0.15458856523037,0.384020835161209,0.420751690864563,-0.0421358607709408,-0.15458856523037,-0.0421358644962311,-0.154588580131531,-0.127621531486511,0.208287671208382,-0.0421358607709408,-0.15458856523037,0.384018659591675,0.420751333236694
10.4027996063232,0.383962005376816,0.42071521282196,-0.0421459451317787,-0.154578343033791,-0.127538591623306,0.208327114582062,-0.0421459451317787,-0.154578343033791,-0.0421459451317787,-0.154578343033791,0.383959859609604,0.420714944601059,-0.0421459414064884,-0.154578328132629,-0.127536714076996,0.208327412605286,-0.127538591623306,0.208327114582062,-0.0421459414064884,-0.154578328132629,0.383962035179138,0.420715302228928,-0.0421459414064884,-0.154578328132629,-0.0421459451317787,-0.154578343033791,-0.127536714076996,0.208327412605286,-0.0421459414064884,-0.154578328132629,0.383959859609604,0.420714944601059
10.4032001495361,0.383903235197067,0.42067888379097,-0.0421560518443584,-0.154568076133728,-0.127453655004501,0.208366826176643,-0.0421560555696487,-0.154568091034889,-0.0421560518443584,-0.154568076133728,0.383900970220566,0.420678555965424,-0.0421560481190681,-0.154568061232567,-0.127451777458191,0.208367079496384,-0.127453655004501,0.208366826176643,-0.0421560481190681,-0.154568061232567,0.3839031457901,0.420678973197937,-0.0421560481190681,-0.154568061232567,-0.0421560555696487,-0.154568091034889,-0.127451777458191,0.208367079496384,-0.0421560481190681,-0.154568061232567,0.383900970220566,0.420678555965424
10.4035997390747,0.383844256401062,0.420642584562302,-0.0421661250293255,-0.154557839035988,-0.127368807792664,0.208406463265419,-0.0421661250293255,-0.154557824134827,-0.0421661250293255,-0.154557839035988,0.38384211063385,0.420642256736755,-0.0421661213040352,-0.154557809233665,-0.127366915345192,0.208406746387482,-0.127368807792664,0.208406463265419,-0.0421661213040352,-0.154557809233665,0.383844286203384,0.420642614364624,-0.0421661213040352,-0.154557809233665,-0.0421661250293255,-0.154557824134827,-0.127366915345192,0.208406746387482,-0.0421661213040352,-0.154557809233665,0.38384211063385,0.420642256736755
10.4040002822876,0.383785396814346,0.420606315135956,-0.0421762317419052,-0.154547572135925,-0.127283826470375,0.20844604074955,-0.0421762317419052,-0.154547572135925,-0.0421762317419052,-0.154547572135925,0.383783251047134,0.420606017112732,-0.0421762280166149,-0.154547557234764,-0.127281948924065,0.208446353673935,-0.127283826470375,0.20844604074955,-0.0421762280166149,-0.154547557234764,0.383785396814346,0.420606315135956,-0.0421762280166149,-0.154547557234764,-0.0421762317419052,-0.154547572135925,-0.127281948924065,0.208446353673935,-0.0421762280166149,-0.154547557234764,0.383783221244812,0.420605957508087
10.4043998718262,0.383726567029953,0.420570075511932,-0.0421862974762917,-0.154537320137024,-0.127198815345764,0.208485633134842,-0.0421862974762917,-0.154537320137024,-0.0421862974762917,-0.154537320137024,0.383724272251129,0.420569747686386,-0.0421863310039043,-0.154537290334702,-0.127196952700615,0.208485916256905,-0.127198815345764,0.208485633134842,-0.0421863310039043,-0.154537290334702,0.383726447820663,0.4205701649189,-0.0421862937510014,-0.154537305235863,-0.0421862974762917,-0.154537320137024,-0.127196952700615,0.208485916256905,-0.0421862937510014,-0.154537305235863,0.383724272251129,0.420569747686386
10.4048004150391,0.383667498826981,0.420533925294876,-0.0421963669359684,-0.1545270383358,-0.127113804221153,0.208525151014328,-0.0421963706612587,-0.154527053236961,-0.0421963669359684,-0.1545270383358,0.383665323257446,0.42053359746933,-0.0421963669359684,-0.1545270383358,-0.127111926674843,0.208525449037552,-0.127113804221153,0.208525151014328,-0.0421963669359684,-0.1545270383358,0.383667498826981,0.420533955097198,-0.0421963594853878,-0.154527023434639,-0.0421963706612587,-0.154527053236961,-0.127111926674843,0.208525449037552,-0.0421963669359684,-0.1545270383358,0.383665323257446,0.42053359746933
10.4052000045776,0.383608460426331,0.42049777507782,-0.0422064661979675,-0.154516786336899,-0.127028778195381,0.208564624190331,-0.0422064661979675,-0.154516771435738,-0.0422064661979675,-0.154516786336899,0.383606314659119,0.420497447252274,-0.0422064624726772,-0.154516756534576,-0.12702688574791,0.208564922213554,-0.127028778195381,0.208564624190331,-0.0422064624726772,-0.154516756534576,0.383608460426331,0.420497804880142,-0.0422064624726772,-0.154516756534576,-0.0422064661979675,-0.154516771435738,-0.12702688574791,0.208564922213554,-0.0422064624726772,-0.154516756534576,0.383606314659119,0.420497447252274
10.4055995941162,0.383549451828003,0.420461654663086,-0.0422165617346764,-0.154506504535675,-0.126943722367287,0.208604082465172,-0.0422165654599667,-0.154506519436836,-0.0422165617346764,-0.154506504535675,0.383547276258469,0.420461386442184,-0.0422165580093861,-0.154506489634514,-0.126941740512848,0.208604380488396,-0.126943722367287,0.208604082465172,-0.0422165580093861,-0.154506489634514,0.383549511432648,0.420461744070053,-0.0422165580093861,-0.154506489634514,-0.0422165654599667,-0.154506519436836,-0.126941740512848,0.208604380488396,-0.0422165580093861,-0.154506489634514,0.383547276258469,0.420461356639862
10.4060001373291,0.383490473031998,0.420425683259964,-0.0422266200184822,-0.154496222734451,-0.126858547329903,0.208643510937691,-0.0422266237437725,-0.154496237635612,-0.0422266200184822,-0.154496222734451,0.383488208055496,0.420425355434418,-0.0422266162931919,-0.15449620783329,-0.126856654882431,0.208643794059753,-0.126858547329903,0.208643510937691,-0.0422266162931919,-0.15449620783329,0.383490473031998,0.420425683259964,-0.0422266162931919,-0.15449620783329,-0.0422266237437725,-0.154496237635612,-0.126856654882431,0.208643794059753,-0.0422266162931919,-0.15449620783329,0.383488208055496,0.420425355434418
10.4063997268677,0.383431404829025,0.42038968205452,-0.0422366783022881,-0.154485955834389,-0.126773357391357,0.208682894706726,-0.0422366783022881,-0.154485955834389,-0.0422366783022881,-0.154485955834389,0.383429139852524,0.420389354228973,-0.0422366745769978,-0.154485940933228,-0.126771464943886,0.208683148026466,-0.126773357391357,0.208682894706726,-0.0422366745769978,-0.154485940933228,0.383431315422058,0.420389711856842,-0.0422366745769978,-0.154485940933228,-0.0422366783022881,-0.154485955834389,-0.126771464943886,0.208683148026466,-0.0422366745769978,-0.154485940933228,0.383429080247879,0.420389294624329
10.4068002700806,0.383372336626053,0.420353710651398,-0.0422467663884163,-0.154475659132004,-0.126688227057457,0.208722189068794,-0.0422467701137066,-0.154475674033165,-0.0422467663884163,-0.154475659132004,0.383370041847229,0.420353412628174,-0.042246762663126,-0.154475644230843,-0.126686245203018,0.208722487092018,-0.126688227057457,0.208722189068794,-0.042246762663126,-0.154475644230843,0.383372217416763,0.42035374045372,-0.042246762663126,-0.154475644230843,-0.0422467701137066,-0.154475674033165,-0.126686245203018,0.208722487092018,-0.042246762663126,-0.154475644230843,0.383370041847229,0.420353382825851
10.4071998596191,0.383313149213791,0.420317769050598,-0.0422568246722221,-0.154465392231941,-0.126603007316589,0.208761498332024,-0.0422568246722221,-0.154465392231941,-0.0422568246722221,-0.154465392231941,0.383310884237289,0.420317500829697,-0.0422568172216415,-0.15446537733078,-0.126601114869118,0.208761766552925,-0.126603007316589,0.208761498332024,-0.0422568172216415,-0.15446537733078,0.383313030004501,0.420317828655243,-0.0422568172216415,-0.15446537733078,-0.0422568246722221,-0.154465392231941,-0.126601114869118,0.208761766552925,-0.0422568172216415,-0.15446537733078,0.383310884237289,0.420317471027374
10.407600402832,0.383253872394562,0.420281916856766,-0.0422668717801571,-0.154455095529556,-0.126517742872238,0.208800718188286,-0.0422668717801571,-0.154455095529556,-0.0422668717801571,-0.154455095529556,0.38325172662735,0.420281648635864,-0.0422669015824795,-0.154455065727234,-0.126515850424767,0.208801001310349,-0.126517742872238,0.208800718188286,-0.0422669015824795,-0.154455065727234,0.383253931999207,0.420282006263733,-0.0422668680548668,-0.154455080628395,-0.0422668717801571,-0.154455095529556,-0.126515850424767,0.208801001310349,-0.0422668680548668,-0.154455080628395,0.383251696825027,0.420281589031219
10.4079999923706,0.383194625377655,0.420246124267578,-0.0422769524157047,-0.15444478392601,-0.126432478427887,0.208839952945709,-0.042276956140995,-0.154444798827171,-0.0422769524157047,-0.15444478392601,0.383192479610443,0.420245796442032,-0.0422769486904144,-0.154444769024849,-0.126430585980415,0.20884020626545,-0.126432478427887,0.208839952945709,-0.0422769486904144,-0.154444769024849,0.3831946849823,0.420246213674545,-0.0422769486904144,-0.154444769024849,-0.042276956140995,-0.154444798827171,-0.126430585980415,0.20884020626545,-0.0422769486904144,-0.154444769024849,0.383192479610443,0.420245796442032
10.4083995819092,0.38313552737236,0.420210331678391,-0.0422869995236397,-0.154434487223625,-0.126347169280052,0.208879083395004,-0.0422869995236397,-0.154434487223625,-0.0422869995236397,-0.154434487223625,0.383133262395859,0.420210033655167,-0.0422870330512524,-0.154434472322464,-0.126345187425613,0.208879366517067,-0.126347169280052,0.208879083395004,-0.0422870330512524,-0.154434472322464,0.383135586977005,0.420210391283035,-0.0422869957983494,-0.154434472322464,-0.0422869995236397,-0.154434487223625,-0.126345187425613,0.208879366517067,-0.0422869957983494,-0.154434472322464,0.383133262395859,0.420210033655167
10.4088001251221,0.383076250553131,0.42017462849617,-0.0422970429062843,-0.154424175620079,-0.12626177072525,0.208918243646622,-0.0422970466315746,-0.15442419052124,-0.0422970429062843,-0.154424175620079,0.383074045181274,0.420174330472946,-0.042297039180994,-0.154424160718918,-0.126259863376617,0.208918511867523,-0.12626177072525,0.208918243646622,-0.042297039180994,-0.154424160718918,0.383076250553131,0.420174658298492,-0.042297039180994,-0.154424160718918,-0.0422970466315746,-0.15442419052124,-0.126259863376617,0.208918511867523,-0.042297039180994,-0.154424160718918,0.383074045181274,0.420174330472946
10.4091997146606,0.383016914129257,0.420138955116272,-0.0423071198165417,-0.154413878917694,-0.126176431775093,0.208957314491272,-0.042307123541832,-0.154413893818855,-0.0423071198165417,-0.154413878917694,0.383014768362045,0.420138657093048,-0.0423071160912514,-0.154413864016533,-0.126174435019493,0.208957612514496,-0.126176431775093,0.208957314491272,-0.0423071160912514,-0.154413864016533,0.38301694393158,0.420139044523239,-0.0423071160912514,-0.154413864016533,-0.042307123541832,-0.154413893818855,-0.126174435019493,0.208957612514496,-0.0423071160912514,-0.154413864016533,0.383014768362045,0.420138627290726
10.4096002578735,0.382957637310028,0.420103371143341,-0.0423171557486057,-0.154403567314148,-0.126090973615646,0.2089963555336,-0.042317159473896,-0.154403582215309,-0.0423171557486057,-0.154403567314148,0.382955372333527,0.420103043317795,-0.0423171520233154,-0.154403552412987,-0.126089081168175,0.208996623754501,-0.126090973615646,0.2089963555336,-0.0423171520233154,-0.154403552412987,0.382957696914673,0.420103400945663,-0.0423171520233154,-0.154403552412987,-0.042317159473896,-0.154403582215309,-0.126089081168175,0.208996623754501,-0.0423171520233154,-0.154403552412987,0.382955372333527,0.420103043317795
10.4099998474121,0.382898271083832,0.420067757368088,-0.0423271954059601,-0.154393255710602,-0.126005604863167,0.209035336971283,-0.0423271954059601,-0.154393255710602,-0.0423271954059601,-0.154393255710602,0.38289600610733,0.420067429542542,-0.0423272289335728,-0.154393240809441,-0.126003623008728,0.209035620093346,-0.126005604863167,0.209035336971283,-0.0423272289335728,-0.154393240809441,0.382898300886154,0.420067816972733,-0.0423271916806698,-0.154393240809441,-0.0423271954059601,-0.154393255710602,-0.126003623008728,0.209035620093346,-0.0423271916806698,-0.154393240809441,0.38289600610733,0.420067429542542
10.410400390625,0.382838934659958,0.420032262802124,-0.0423372238874435,-0.154382944107056,-0.125920116901398,0.209074318408966,-0.0423372648656368,-0.154382944107056,-0.0423372238874435,-0.154382944107056,0.382836759090424,0.420031905174255,-0.0423372574150562,-0.154382914304733,-0.125918135046959,0.209074586629868,-0.125920116901398,0.209074318408966,-0.0423372574150562,-0.154382914304733,0.382838934659958,0.420032292604446,-0.0423372574150562,-0.154382914304733,-0.0423372648656368,-0.154382944107056,-0.125918135046959,0.209074586629868,-0.0423372574150562,-0.154382914304733,0.382836759090424,0.420031905174255
10.4107999801636,0.382779449224472,0.419996738433838,-0.0423472970724106,-0.154372587800026,-0.125834599137306,0.209113240242004,-0.0423473007977009,-0.154372602701187,-0.0423472970724106,-0.154372587800026,0.38277730345726,0.419996410608292,-0.0423472933471203,-0.154372587800026,-0.125832617282867,0.209113508462906,-0.125834599137306,0.209113240242004,-0.0423472933471203,-0.154372587800026,0.382779508829117,0.419996798038483,-0.0423472933471203,-0.154372587800026,-0.0423473007977009,-0.154372602701187,-0.125832617282867,0.209113508462906,-0.0423472933471203,-0.154372587800026,0.38277730345726,0.419996410608292
10.4111995697021,0.382720053195953,0.419961333274841,-0.042357325553894,-0.15436227619648,-0.125749081373215,0.209152102470398,-0.0423573292791843,-0.154362291097641,-0.042357325553894,-0.15436227619648,0.382717877626419,0.419960975646973,-0.0423573218286037,-0.154362261295319,-0.125747084617615,0.209152370691299,-0.125749081373215,0.209152102470398,-0.0423573218286037,-0.154362261295319,0.382720082998276,0.419961363077164,-0.0423573218286037,-0.154362261295319,-0.0423573292791843,-0.154362291097641,-0.125747084617615,0.209152370691299,-0.0423573218286037,-0.154362261295319,0.382717877626419,0.419960975646973
10.411600112915,0.382660627365112,0.419925898313522,-0.0423673503100872,-0.154351964592934,-0.125663429498672,0.209190964698792,-0.0423673875629902,-0.154351949691772,-0.0423673503100872,-0.154351964592934,0.382658392190933,0.419925600290298,-0.0423673838376999,-0.154351934790611,-0.125661537051201,0.209191232919693,-0.125663429498672,0.209190964698792,-0.0423673838376999,-0.154351934790611,0.382660657167435,0.41992598772049,-0.0423673838376999,-0.154351934790611,-0.0423673875629902,-0.154351949691772,-0.125661537051201,0.209191232919693,-0.0423673838376999,-0.154351934790611,0.382658332586288,0.419925570487976
10.4119997024536,0.382601112127304,0.419890582561493,-0.0423773713409901,-0.154341608285904,-0.125577867031097,0.20922976732254,-0.0423773750662804,-0.154341623187065,-0.0423773713409901,-0.154341608285904,0.382598876953125,0.419890284538269,-0.0423773676156998,-0.154341593384743,-0.125575974583626,0.209230005741119,-0.125577867031097,0.20922976732254,-0.0423773676156998,-0.154341593384743,0.382601112127304,0.419890612363815,-0.0423773676156998,-0.154341593384743,-0.0423773750662804,-0.154341623187065,-0.125575974583626,0.209230005741119,-0.0423773676156998,-0.154341593384743,0.382598876953125,0.419890284538269
10.4124002456665,0.382541656494141,0.419855326414108,-0.0423874296247959,-0.154331266880035,-0.125492170453072,0.209268525242805,-0.0423874333500862,-0.154331281781197,-0.0423874296247959,-0.154331266880035,0.382539421319962,0.419854998588562,-0.0423874258995056,-0.154331266880035,-0.1254902780056,0.209268778562546,-0.125492170453072,0.209268525242805,-0.0423874258995056,-0.154331266880035,0.382541567087173,0.419855326414108,-0.0423874258995056,-0.154331266880035,-0.0423874333500862,-0.154331281781197,-0.1254902780056,0.209268778562546,-0.0423874258995056,-0.154331266880035,0.382539421319962,0.419854998588562
10.4127998352051,0.382482081651688,0.419820040464401,-0.0423974171280861,-0.154320940375328,-0.125406563282013,0.209307238459587,-0.0423974543809891,-0.154320955276489,-0.0423974171280861,-0.154320940375328,0.382479816675186,0.419819712638855,-0.0423974469304085,-0.154320925474167,-0.125404566526413,0.209307491779327,-0.125406563282013,0.209307238459587,-0.0423974469304085,-0.154320925474167,0.382482081651688,0.419820070266724,-0.0423974134027958,-0.154320925474167,-0.0423974543809891,-0.154320955276489,-0.125404566526413,0.209307491779327,-0.0423974469304085,-0.154320925474167,0.382479816675186,0.419819712638855
10.413200378418,0.382422536611557,0.419784843921661,-0.0424074679613113,-0.154310584068298,-0.125320836901665,0.209345921874046,-0.0424074679613113,-0.154310584068298,-0.0424074679613113,-0.154310584068298,0.382420241832733,0.419784516096115,-0.042407464236021,-0.154310569167137,-0.125318944454193,0.209346160292625,-0.125320836901665,0.209345921874046,-0.042407464236021,-0.154310569167137,0.382422417402267,0.419784873723984,-0.042407464236021,-0.154310569167137,-0.0424074679613113,-0.154310584068298,-0.125318944454193,0.209346160292625,-0.042407464236021,-0.154310569167137,0.382420241832733,0.419784516096115
10.4135999679565,0.382362842559814,0.419749647378922,-0.0424175187945366,-0.154300227761269,-0.125235080718994,0.209384545683861,-0.0424175262451172,-0.15430024266243,-0.0424175187945366,-0.154300227761269,0.382360637187958,0.419749349355698,-0.0424175150692463,-0.154300212860107,-0.125233188271523,0.209384813904762,-0.125235080718994,0.209384545683861,-0.0424175150692463,-0.154300212860107,0.382362872362137,0.419749736785889,-0.0424175150692463,-0.154300212860107,-0.0424175262451172,-0.15430024266243,-0.125233188271523,0.209384813904762,-0.0424175150692463,-0.154300212860107,0.382360607385635,0.419749319553375
10.4139995574951,0.382303237915039,0.419714570045471,-0.0424275025725365,-0.1542898863554,-0.125149324536324,0.209423139691353,-0.0424275025725365,-0.1542898863554,-0.0424275025725365,-0.1542898863554,0.382301062345505,0.419714212417603,-0.0424274988472462,-0.154289871454239,-0.125147417187691,0.209423393011093,-0.125149324536324,0.209423139691353,-0.0424274988472462,-0.154289871454239,0.382303267717361,0.419714629650116,-0.0424274988472462,-0.154289871454239,-0.0424275025725365,-0.1542898863554,-0.125147417187691,0.209423393011093,-0.0424274988472462,-0.154289871454239,0.382301062345505,0.419714212417603
10.414400100708,0.382243603467941,0.419679462909698,-0.0424375496804714,-0.15427953004837,-0.125063523650169,0.2094616740942,-0.0424375496804714,-0.15427953004837,-0.0424375496804714,-0.15427953004837,0.382241368293762,0.419679194688797,-0.0424375422298908,-0.154279515147209,-0.125061631202698,0.209461942315102,-0.125063523650169,0.2094616740942,-0.0424375422298908,-0.154279515147209,0.382243543863297,0.419679582118988,-0.0424375385046005,-0.154279500246048,-0.0424375496804714,-0.15427953004837,-0.125061631202698,0.209461942315102,-0.0424375422298908,-0.154279515147209,0.382241368293762,0.419679164886475
10.4147996902466,0.382183939218521,0.419644504785538,-0.0424475148320198,-0.154269158840179,-0.124977730214596,0.209500193595886,-0.0424475185573101,-0.154269173741341,-0.0424475148320198,-0.154269158840179,0.382181644439697,0.419644206762314,-0.0424475483596325,-0.154269143939018,-0.124975733458996,0.209500461816788,-0.124977730214596,0.209500193595886,-0.0424475483596325,-0.154269143939018,0.382183849811554,0.419644504785538,-0.0424475111067295,-0.154269143939018,-0.0424475185573101,-0.154269173741341,-0.124975733458996,0.209500461816788,-0.0424475111067295,-0.154269143939018,0.382181644439697,0.419644206762314
10.4152002334595,0.382124096155167,0.419609487056732,-0.0424575619399548,-0.154258787631989,-0.124891810119152,0.20953868329525,-0.0424575619399548,-0.154258787631989,-0.0424575619399548,-0.154258787631989,0.382121950387955,0.419609218835831,-0.0424575582146645,-0.154258787631989,-0.124889902770519,0.20953893661499,-0.124891810119152,0.20953868329525,-0.0424575582146645,-0.154258787631989,0.382124155759811,0.419609576463699,-0.0424575582146645,-0.154258787631989,-0.0424575619399548,-0.154258787631989,-0.124889902770519,0.20953893661499,-0.0424575582146645,-0.154258787631989,0.382121950387955,0.419609218835831
10.415599822998,0.382064461708069,0.419574618339539,-0.0424675270915031,-0.154248431324959,-0.124805964529514,0.209577113389969,-0.0424675717949867,-0.154248431324959,-0.0424675270915031,-0.154248431324959,0.382062166929245,0.419574290513992,-0.0424675643444061,-0.154248401522636,-0.124804072082043,0.209577336907387,-0.124805964529514,0.209577113389969,-0.0424675643444061,-0.154248401522636,0.382064491510391,0.419574648141861,-0.0424675643444061,-0.154248401522636,-0.0424675717949867,-0.154248431324959,-0.124804072082043,0.209577336907387,-0.0424675643444061,-0.154248401522636,0.382062166929245,0.419574290513992
10.4160003662109,0.38200455904007,0.419539719820023,-0.0424775667488575,-0.154238045215607,-0.124720007181168,0.209615498781204,-0.0424775704741478,-0.154238060116768,-0.0424775667488575,-0.154238045215607,0.382002413272858,0.419539421796799,-0.0424775592982769,-0.154238030314445,-0.124718114733696,0.209615752100945,-0.124720007181168,0.209615498781204,-0.0424775592982769,-0.154238030314445,0.382004618644714,0.419539749622345,-0.0424775592982769,-0.154238030314445,-0.0424775704741478,-0.154238060116768,-0.124718114733696,0.209615752100945,-0.0424775592982769,-0.154238030314445,0.382002413272858,0.419539421796799
10.4163999557495,0.381944864988327,0.419504880905151,-0.0424875281751156,-0.154227674007416,-0.124634131789207,0.209653824567795,-0.0424875654280186,-0.154227674007416,-0.0424875281751156,-0.154227674007416,0.381942570209503,0.419504582881927,-0.0424875617027283,-0.154227659106255,-0.124632135033607,0.209654092788696,-0.124634131789207,0.209653824567795,-0.0424875617027283,-0.154227659106255,0.381944745779037,0.419504970312119,-0.0424875617027283,-0.154227659106255,-0.0424875654280186,-0.154227674007416,-0.124632135033607,0.209654092788696,-0.0424875617027283,-0.154227659106255,0.381942570209503,0.419504582881927
10.4167995452881,0.38188499212265,0.419470101594925,-0.0424975641071796,-0.154217287898064,-0.124548122286797,0.209692135453224,-0.0424975678324699,-0.154217287898064,-0.0424975641071796,-0.154217287898064,0.381882786750793,0.419469833374023,-0.0424975641071796,-0.154217272996902,-0.124546125531197,0.209692388772964,-0.124548122286797,0.209692135453224,-0.0424975641071796,-0.154217272996902,0.381885021924973,0.419470131397247,-0.0424975603818893,-0.154217258095741,-0.0424975678324699,-0.154217287898064,-0.124546125531197,0.209692388772964,-0.0424975603818893,-0.154217258095741,0.381882727146149,0.419469803571701
10.417200088501,0.381825089454651,0.419435352087021,-0.0425075590610504,-0.154206916689873,-0.124462097883224,0.20973040163517,-0.0425075963139534,-0.154206901788712,-0.0425075590610504,-0.154206916689873,0.381822943687439,0.419435113668442,-0.0425075925886631,-0.15420688688755,-0.124460101127625,0.20973065495491,-0.124462097883224,0.20973040163517,-0.0425075925886631,-0.15420688688755,0.381825119256973,0.419435441493988,-0.0425075925886631,-0.15420688688755,-0.0425075963139534,-0.154206901788712,-0.124460101127625,0.20973065495491,-0.0425075925886631,-0.15420688688755,0.381822884082794,0.419435054063797
10.4175996780396,0.381765276193619,0.419400721788406,-0.0425175540149212,-0.154196515679359,-0.124375969171524,0.209768652915955,-0.0425175540149212,-0.154196515679359,-0.0425175540149212,-0.154196515679359,0.38176304101944,0.419400423765182,-0.0425175502896309,-0.154196500778198,-0.124374054372311,0.209768876433372,-0.124375969171524,0.209768652915955,-0.0425175502896309,-0.154196500778198,0.381765186786652,0.419400751590729,-0.0425175502896309,-0.154196500778198,-0.0425175540149212,-0.154196515679359,-0.124374054372311,0.209768876433372,-0.0425175502896309,-0.154196500778198,0.38176304101944,0.419400423765182
10.4180002212524,0.381705284118652,0.419366031885147,-0.0425275415182114,-0.154186114668846,-0.124289900064468,0.209806814789772,-0.0425275415182114,-0.154186114668846,-0.0425275415182114,-0.154186114668846,0.381703108549118,0.419365733861923,-0.0425275750458241,-0.154186099767685,-0.124288000166416,0.209807053208351,-0.124289900064468,0.209806814789772,-0.0425275750458241,-0.154186099767685,0.381705313920975,0.419366121292114,-0.0425275377929211,-0.154186099767685,-0.0425275415182114,-0.154186114668846,-0.124288000166416,0.209807053208351,-0.0425275377929211,-0.154186099767685,0.381703108549118,0.419365733861923
10.418399810791,0.381645321846008,0.4193314909935,-0.0425375252962112,-0.154175713658333,-0.124203830957413,0.209844961762428,-0.0425375290215015,-0.154175728559494,-0.0425375252962112,-0.154175713658333,0.381643146276474,0.419331163167953,-0.0425375215709209,-0.154175698757172,-0.124201826751232,0.209845200181007,-0.124203830957413,0.209844961762428,-0.0425375215709209,-0.154175698757172,0.381645381450653,0.419331520795822,-0.0425375215709209,-0.154175698757172,-0.0425375290215015,-0.154175728559494,-0.124201826751232,0.209845200181007,-0.0425375215709209,-0.154175698757172,0.381643146276474,0.419331163167953
10.4188003540039,0.381585359573364,0.41929692029953,-0.0425475165247917,-0.154165327548981,-0.124117620289326,0.20988304913044,-0.0425475165247917,-0.154165327548981,-0.0425475165247917,-0.154165327548981,0.38158318400383,0.419296622276306,-0.0425475463271141,-0.154165297746658,-0.124115735292435,0.20988330245018,-0.124117620289326,0.20988304913044,-0.0425475127995014,-0.15416531264782,0.381585389375687,0.419296979904175,-0.0425475127995014,-0.15416531264782,-0.0425475165247917,-0.154165327548981,-0.124115735292435,0.20988330245018,-0.0425475127995014,-0.15416531264782,0.38158318400383,0.419296622276306
10.4191999435425,0.381525367498398,0.419262379407883,-0.0425574965775013,-0.154154926538467,-0.124031513929367,0.209921106696129,-0.0425574965775013,-0.154154926538467,-0.0425574965775013,-0.154154926538467,0.381523162126541,0.419262140989304,-0.042557492852211,-0.154154911637306,-0.124029509723186,0.209921345114708,-0.124031513929367,0.209921106696129,-0.042557492852211,-0.154154911637306,0.38152539730072,0.41926246881485,-0.042557492852211,-0.154154911637306,-0.0425574965775013,-0.154154926538467,-0.124029509723186,0.209921345114708,-0.042557492852211,-0.154154911637306,0.381523162126541,0.419262140989304
10.4195995330811,0.381465375423431,0.419227957725525,-0.0425674766302109,-0.154144510626793,-0.123945273458958,0.209959134459496,-0.0425674766302109,-0.154144510626793,-0.0425674766302109,-0.154144510626793,0.381463080644608,0.419227659702301,-0.0425674729049206,-0.154144495725632,-0.123943284153938,0.209959372878075,-0.123945273458958,0.209959134459496,-0.0425674729049206,-0.154144495725632,0.381465405225754,0.41922801733017,-0.0425674729049206,-0.154144495725632,-0.0425674766302109,-0.154144510626793,-0.123943284153938,0.209959372878075,-0.0425674729049206,-0.154144495725632,0.381463080644608,0.419227659702301
10.4200000762939,0.381405353546143,0.41919356584549,-0.0425774566829205,-0.15413410961628,-0.123859025537968,0.209997117519379,-0.0425774566829205,-0.154134094715118,-0.0425774566829205,-0.15413410961628,0.381403088569641,0.419193267822266,-0.0425774529576302,-0.154134079813957,-0.123857118189335,0.209997311234474,-0.123859025537968,0.209997117519379,-0.0425774529576302,-0.154134079813957,0.381405264139175,0.419193625450134,-0.0425774529576302,-0.154134079813957,-0.0425774566829205,-0.154134094715118,-0.123857118189335,0.209997311234474,-0.0425774529576302,-0.154134079813957,0.381403088569641,0.419193267822266
10.4203996658325,0.381345242261887,0.419159173965454,-0.0425873957574368,-0.154123693704605,-0.123772747814655,0.210035040974617,-0.0425873994827271,-0.154123708605766,-0.0425873957574368,-0.154123693704605,0.38134303689003,0.419158935546875,-0.0425874255597591,-0.154123663902283,-0.123770758509636,0.210035279393196,-0.123772747814655,0.210035040974617,-0.0425874255597591,-0.154123663902283,0.381345272064209,0.419159263372421,-0.0425873920321465,-0.154123678803444,-0.0425873994827271,-0.154123708605766,-0.123770758509636,0.210035279393196,-0.0425873920321465,-0.154123678803444,0.38134303689003,0.419158935546875
10.4208002090454,0.381285130977631,0.419124901294708,-0.042597409337759,-0.154113262891769,-0.123686462640762,0.210072934627533,-0.0425974130630493,-0.154113277792931,-0.042597409337759,-0.154113262891769,0.381282806396484,0.419124633073807,-0.0425974056124687,-0.154113247990608,-0.123684458434582,0.210073173046112,-0.123686462640762,0.210072934627533,-0.0425974056124687,-0.154113247990608,0.381285071372986,0.419124931097031,-0.0425974056124687,-0.154113247990608,-0.0425974130630493,-0.154113277792931,-0.123684458434582,0.210073173046112,-0.0425974056124687,-0.154113247990608,0.381282806396484,0.419124633073807
10.421199798584,0.381224989891052,0.419090688228607,-0.0426073409616947,-0.154102832078934,-0.123600043356419,0.210110783576965,-0.042607344686985,-0.154102846980095,-0.0426073409616947,-0.154102832078934,0.381222754716873,0.419090360403061,-0.0426073372364044,-0.154102817177773,-0.123598150908947,0.210110992193222,-0.123600043356419,0.210110783576965,-0.0426073372364044,-0.154102817177773,0.381224900484085,0.419090688228607,-0.0426073372364044,-0.154102817177773,-0.042607344686985,-0.154102846980095,-0.123598150908947,0.210110992193222,-0.0426073372364044,-0.154102817177773,0.381222754716873,0.419090360403061
10.4216003417969,0.381164848804474,0.419056445360184,-0.0426173135638237,-0.154092416167259,-0.123513720929623,0.210148587822914,-0.0426173470914364,-0.154092401266098,-0.0426173135638237,-0.154092416167259,0.38116255402565,0.41905614733696,-0.0426173433661461,-0.154092386364937,-0.12351181358099,0.210148796439171,-0.123513720929623,0.210148587822914,-0.0426173433661461,-0.154092386364937,0.381164848804474,0.419056445360184,-0.0426173433661461,-0.154092386364937,-0.0426173470914364,-0.154092401266098,-0.12351181358099,0.210148796439171,-0.0426173433661461,-0.154092386364937,0.38116255402565,0.41905614733696
10.4219999313354,0.381104558706284,0.419022262096405,-0.0426272787153721,-0.154081970453262,-0.123427264392376,0.210186362266541,-0.0426272824406624,-0.154081985354424,-0.0426272787153721,-0.154081970453262,0.381102353334427,0.419022023677826,-0.0426273122429848,-0.154081970453262,-0.123425371944904,0.210186585783958,-0.123427264392376,0.210186362266541,-0.0426273085176945,-0.154081955552101,0.381104588508606,0.419022291898727,-0.0426272749900818,-0.154081955552101,-0.0426272824406624,-0.154081985354424,-0.123425371944904,0.210186585783958,-0.0426272749900818,-0.154081955552101,0.381102323532104,0.419021993875504
10.4224004745483,0.38104435801506,0.418988138437271,-0.0426372811198235,-0.154071554541588,-0.123340897262096,0.210224077105522,-0.0426372811198235,-0.154071554541588,-0.0426372811198235,-0.154071554541588,0.381042093038559,0.41898787021637,-0.0426372773945332,-0.154071539640427,-0.123338900506496,0.21022430062294,-0.123340897262096,0.210224077105522,-0.0426372773945332,-0.154071539640427,0.38104435801506,0.418988168239594,-0.0426372773945332,-0.154071539640427,-0.0426372811198235,-0.154071554541588,-0.123338900506496,0.21022430062294,-0.0426372773945332,-0.154071539640427,0.381042093038559,0.41898787021637
10.4228000640869,0.380984127521515,0.418954074382782,-0.0426472052931786,-0.154061108827591,-0.123254410922527,0.21026174724102,-0.0426472052931786,-0.15406109392643,-0.0426472052931786,-0.154061108827591,0.380981862545013,0.41895380616188,-0.0426472015678883,-0.154061079025269,-0.123252414166927,0.21026200056076,-0.123254410922527,0.21026174724102,-0.0426472015678883,-0.154061079025269,0.380984127521515,0.418954104185104,-0.0426472015678883,-0.15406109392643,-0.0426472052931786,-0.15406109392643,-0.123252414166927,0.21026200056076,-0.0426472015678883,-0.15406109392643,0.380981862545013,0.41895380616188
10.4231996536255,0.380923837423325,0.418920069932938,-0.0426571667194366,-0.154050663113594,-0.123167909681797,0.210299387574196,-0.0426571667194366,-0.154050663113594,-0.0426571667194366,-0.154050663113594,0.380921542644501,0.418919771909714,-0.0426571629941463,-0.154050648212433,-0.123166002333164,0.210299625992775,-0.123167909681797,0.210299387574196,-0.0426571629941463,-0.154050648212433,0.38092377781868,0.418920129537582,-0.042657159268856,-0.154050633311272,-0.0426571667194366,-0.154050663113594,-0.123166002333164,0.210299625992775,-0.0426571629941463,-0.154050648212433,0.380921542644501,0.418919771909714
10.4236001968384,0.380863547325134,0.418886095285416,-0.0426670461893082,-0.154040217399597,-0.123081378638744,0.21033701300621,-0.0426670499145985,-0.154040232300758,-0.0426670461893082,-0.154040217399597,0.380861312150955,0.418885797262192,-0.0426670387387276,-0.154040202498436,-0.123079486191273,0.210337206721306,-0.123081378638744,0.21033701300621,-0.0426670387387276,-0.154040202498436,0.380863547325134,0.418886125087738,-0.0426670387387276,-0.154040202498436,-0.0426670499145985,-0.154040232300758,-0.123079486191273,0.210337206721306,-0.0426670387387276,-0.154040202498436,0.380861312150955,0.418885797262192
10.423999786377,0.380803167819977,0.418852120637894,-0.0426770374178886,-0.154029756784439,-0.122994840145111,0.210374534130096,-0.0426770411431789,-0.154029756784439,-0.0426770374178886,-0.154029756784439,0.380800932645798,0.418851912021637,-0.0426770374178886,-0.154029756784439,-0.122992843389511,0.210374802350998,-0.122994840145111,0.210374534130096,-0.0426770336925983,-0.154029741883278,0.380803197622299,0.418852210044861,-0.0426770336925983,-0.154029741883278,-0.0426770411431789,-0.154029756784439,-0.122992843389511,0.210374802350998,-0.0426770336925983,-0.154029741883278,0.380800932645798,0.418851912021637
10.4244003295898,0.380742818117142,0.418818324804306,-0.0426869615912437,-0.154019311070442,-0.122908279299736,0.210412070155144,-0.0426869615912437,-0.154019311070442,-0.0426869541406631,-0.154019296169281,0.380740582942963,0.418818026781082,-0.0426869541406631,-0.154019296169281,-0.122906275093555,0.2104122787714,-0.122908279299736,0.210412070155144,-0.0426869541406631,-0.154019296169281,0.380742818117142,0.418818324804306,-0.0426869504153728,-0.15401928126812,-0.0426869615912437,-0.154019311070442,-0.122906275093555,0.2104122787714,-0.0426869541406631,-0.154019296169281,0.380740582942963,0.418818026781082
10.4247999191284,0.380682379007339,0.418784469366074,-0.0426968671381474,-0.154008850455284,-0.122821599245071,0.210449546575546,-0.0426969453692436,-0.154008850455284,-0.0426968671381474,-0.154008850455284,0.380680084228516,0.418784201145172,-0.042696937918663,-0.154008820652962,-0.122819691896439,0.210449770092964,-0.122821599245071,0.210449546575546,-0.042696937918663,-0.154008820652962,0.380682408809662,0.418784528970718,-0.042696937918663,-0.154008820652962,-0.0426969453692436,-0.154008850455284,-0.122819691896439,0.210449770092964,-0.042696937918663,-0.154008820652962,0.380680084228516,0.418784201145172
10.4252004623413,0.380621939897537,0.418750673532486,-0.0427068583667278,-0.153998389840126,-0.122734993696213,0.210486978292465,-0.0427068620920181,-0.153998404741287,-0.0427068583667278,-0.153998389840126,0.380619704723358,0.418750405311584,-0.0427068546414375,-0.153998374938965,-0.122732989490032,0.210487186908722,-0.122734993696213,0.210486978292465,-0.0427068546414375,-0.153998374938965,0.380621939897537,0.418750673532486,-0.0427068546414375,-0.153998374938965,-0.0427068620920181,-0.153998404741287,-0.122732989490032,0.210487186908722,-0.0427068546414375,-0.153998374938965,0.380619704723358,0.418750405311584
10.4256000518799,0.380561530590057,0.418716937303543,-0.0427167639136314,-0.153987929224968,-0.122648283839226,0.210524350404739,-0.0427167676389217,-0.153987944126129,-0.0427167639136314,-0.153987929224968,0.380559265613556,0.418716639280319,-0.0427167601883411,-0.153987914323807,-0.122646272182465,0.21052460372448,-0.122648283839226,0.210524350404739,-0.0427167601883411,-0.153987914323807,0.38056144118309,0.418716967105865,-0.0427167601883411,-0.153987914323807,-0.0427167676389217,-0.153987944126129,-0.122646272182465,0.21052460372448,-0.0427167601883411,-0.153987914323807,0.380559265613556,0.418716639280319
10.4259996414185,0.38050103187561,0.418683230876923,-0.0427267476916313,-0.153977453708649,-0.122561544179916,0.210561707615852,-0.0427267476916313,-0.153977453708649,-0.0427267476916313,-0.153977453708649,0.380498826503754,0.418682992458344,-0.042726743966341,-0.153977438807487,-0.122559636831284,0.21056193113327,-0.122561544179916,0.210561707615852,-0.042726743966341,-0.153977438807487,0.380501061677933,0.41868332028389,-0.042726743966341,-0.153977438807487,-0.0427267476916313,-0.153977453708649,-0.122559636831284,0.21056193113327,-0.042726743966341,-0.153977438807487,0.380498766899109,0.418682962656021
10.4264001846313,0.380440562963486,0.418649643659592,-0.0427366495132446,-0.153966963291168,-0.122474782168865,0.210599020123482,-0.0427366532385349,-0.153966978192329,-0.0427366495132446,-0.153966963291168,0.380438297986984,0.418649345636368,-0.0427367202937603,-0.153966948390007,-0.122472882270813,0.210599228739738,-0.122474782168865,0.210599020123482,-0.0427367202937603,-0.153966948390007,0.380440473556519,0.418649673461914,-0.0427366457879543,-0.153966948390007,-0.0427366532385349,-0.153966978192329,-0.122472882270813,0.210599228739738,-0.0427366457879543,-0.153966948390007,0.380438297986984,0.418649345636368
10.4267997741699,0.380379974842072,0.418616056442261,-0.0427465513348579,-0.15395650267601,-0.122388012707233,0.210636287927628,-0.0427465550601482,-0.153956517577171,-0.0427465513348579,-0.15395650267601,0.380377739667892,0.418615788221359,-0.0427465476095676,-0.153956487774849,-0.12238609790802,0.210636496543884,-0.122388012707233,0.210636287927628,-0.0427465476095676,-0.153956487774849,0.380379974842072,0.418616056442261,-0.0427465476095676,-0.153956487774849,-0.0427465550601482,-0.153956517577171,-0.12238609790802,0.210636496543884,-0.0427465476095676,-0.153956487774849,0.380377739667892,0.418615788221359
10.4272003173828,0.380319446325302,0.418582528829575,-0.0427565276622772,-0.153946027159691,-0.122301213443279,0.210673481225967,-0.0427565276622772,-0.153946027159691,-0.0427565276622772,-0.153946027159691,0.380317211151123,0.418582201004028,-0.0427565239369869,-0.15394601225853,-0.122299298644066,0.210673689842224,-0.122301213443279,0.210673481225967,-0.0427565239369869,-0.15394601225853,0.380319356918335,0.418582528829575,-0.0427565239369869,-0.15394601225853,-0.0427565276622772,-0.153946027159691,-0.122299298644066,0.210673689842224,-0.0427565239369869,-0.15394601225853,0.380317211151123,0.418582201004028
10.4275999069214,0.380258768796921,0.418549001216888,-0.0427664294838905,-0.15393553674221,-0.122214406728745,0.210710674524307,-0.0427664294838905,-0.15393553674221,-0.0427664294838905,-0.15393553674221,0.380256563425064,0.418548732995987,-0.0427664965391159,-0.153935506939888,-0.122212387621403,0.210710883140564,-0.122214406728745,0.210710674524307,-0.0427664965391159,-0.153935506939888,0.380258798599243,0.418549031019211,-0.0427664257586002,-0.153935521841049,-0.0427664294838905,-0.15393553674221,-0.122212387621403,0.210710883140564,-0.0427664257586002,-0.153935521841049,0.380256563425064,0.418548732995987
10.4280004501343,0.380198270082474,0.418515533208847,-0.0427763238549232,-0.15392504632473,-0.12212747335434,0.210747823119164,-0.0427763238549232,-0.15392504632473,-0.0427763238549232,-0.15392504632473,0.380195945501328,0.418515294790268,-0.0427763201296329,-0.153925031423569,-0.122125566005707,0.21074803173542,-0.12212747335434,0.210747823119164,-0.0427763201296329,-0.153925031423569,0.380198210477829,0.418515622615814,-0.0427763201296329,-0.153925031423569,-0.0427763238549232,-0.15392504632473,-0.122125566005707,0.21074803173542,-0.0427763201296329,-0.153925031423569,0.380195945501328,0.418515294790268
10.4284000396729,0.380137592554092,0.41848212480545,-0.0427862927317619,-0.153914555907249,-0.122040621936321,0.210784897208214,-0.0427862927317619,-0.153914555907249,-0.0427862927317619,-0.153914555907249,0.380135357379913,0.418481886386871,-0.0427862890064716,-0.153914541006088,-0.122038617730141,0.210785120725632,-0.122040621936321,0.210784897208214,-0.0427862890064716,-0.153914541006088,0.380137622356415,0.418482184410095,-0.0427862890064716,-0.153914541006088,-0.0427862927317619,-0.153914555907249,-0.122038617730141,0.210785120725632,-0.0427862890064716,-0.153914541006088,0.380135357379913,0.418481886386871
10.4287996292114,0.380076885223389,0.418448805809021,-0.0427961796522141,-0.153904050588608,-0.121953658759594,0.210821941494942,-0.0427961833775043,-0.153904065489769,-0.0427961796522141,-0.153904050588608,0.38007465004921,0.41844853758812,-0.0427961759269238,-0.153904035687447,-0.121951751410961,0.210822150111198,-0.121953658759594,0.210821941494942,-0.0427961759269238,-0.153904035687447,0.380076885223389,0.418448805809021,-0.0427961759269238,-0.153904035687447,-0.0427961833775043,-0.153904065489769,-0.121951751410961,0.210822150111198,-0.0427961759269238,-0.153904035687447,0.38007465004921,0.41844853758812
10.4292001724243,0.380016207695007,0.418415486812592,-0.0428061448037624,-0.153893530368805,-0.121866673231125,0.210858970880508,-0.0428061485290527,-0.153893545269966,-0.0428061448037624,-0.153893530368805,0.380013972520828,0.418415248394012,-0.0428061410784721,-0.153893515467644,-0.121864758431911,0.210859164595604,-0.121866673231125,0.210858970880508,-0.0428061410784721,-0.153893515467644,0.380016267299652,0.418415516614914,-0.0428061410784721,-0.153893515467644,-0.0428061485290527,-0.153893545269966,-0.121864758431911,0.210859164595604,-0.0428061410784721,-0.153893515467644,0.380013972520828,0.418415248394012
10.4295997619629,0.379955440759659,0.418382227420807,-0.0428159572184086,-0.153883054852486,-0.121779769659042,0.210895910859108,-0.0428159609436989,-0.153883069753647,-0.0428159572184086,-0.153883054852486,0.37995320558548,0.418381989002228,-0.042816024273634,-0.153883025050163,-0.121777758002281,0.210896134376526,-0.121779769659042,0.210895910859108,-0.042816024273634,-0.153883025050163,0.379955470561981,0.418382287025452,-0.0428159534931183,-0.153883039951324,-0.0428159609436989,-0.153883069753647,-0.121777758002281,0.210896134376526,-0.0428159534931183,-0.153883039951324,0.37995320558548,0.418381989002228
10.4300003051758,0.379894733428955,0.418349057435989,-0.0428259149193764,-0.153872534632683,-0.121692642569542,0.210932865738869,-0.0428259186446667,-0.153872549533844,-0.0428259149193764,-0.153872534632683,0.379892468452454,0.418348789215088,-0.0428259111940861,-0.153872519731522,-0.121690727770329,0.210933059453964,-0.121692642569542,0.210932865738869,-0.0428259111940861,-0.153872519731522,0.379894733428955,0.418349087238312,-0.0428259111940861,-0.153872519731522,-0.0428259186446667,-0.153872549533844,-0.121690727770329,0.210933059453964,-0.0428259111940861,-0.153872519731522,0.379892468452454,0.418348789215088
10.4303998947144,0.379833877086639,0.418315887451172,-0.0428357981145382,-0.153862029314041,-0.121605604887009,0.210969731211662,-0.0428358726203442,-0.15386201441288,-0.0428357981145382,-0.153862029314041,0.379831671714783,0.41831561923027,-0.0428358688950539,-0.153861999511719,-0.121603697538376,0.210969939827919,-0.121605604887009,0.210969731211662,-0.0428358688950539,-0.153861999511719,0.379833906888962,0.418315947055817,-0.0428358688950539,-0.153861999511719,-0.0428358726203442,-0.15386201441288,-0.121603697538376,0.210969939827919,-0.0428358688950539,-0.153861999511719,0.37983176112175,0.41831561923027
10.4308004379272,0.379773169755936,0.418282717466354,-0.0428456775844097,-0.153851509094238,-0.121518537402153,0.211006551980972,-0.0428456813097,-0.153851523995399,-0.0428456775844097,-0.153851509094238,0.379770845174789,0.41828253865242,-0.0428456701338291,-0.153851494193077,-0.12151663005352,0.211006760597229,-0.121518537402153,0.211006551980972,-0.0428456701338291,-0.153851494193077,0.379773110151291,0.418282836675644,-0.0428456701338291,-0.153851494193077,-0.0428456813097,-0.153851523995399,-0.12151663005352,0.211006760597229,-0.0428456701338291,-0.153851494193077,0.379770845174789,0.41828253865242
10.4312000274658,0.379712283611298,0.418249726295471,-0.0428556278347969,-0.153840988874435,-0.121431455016136,0.211043357849121,-0.0428556315600872,-0.153841003775597,-0.0428556278347969,-0.153840988874435,0.379710048437119,0.41824945807457,-0.0428556241095066,-0.153840973973274,-0.121429450809956,0.211043536663055,-0.121431455016136,0.211043357849121,-0.0428556241095066,-0.153840973973274,0.379712283611298,0.418249785900116,-0.0428556241095066,-0.153840973973274,-0.0428556315600872,-0.153841003775597,-0.121429450809956,0.211043536663055,-0.0428556241095066,-0.153840973973274,0.379710048437119,0.41824945807457
10.4315996170044,0.37965139746666,0.418216705322266,-0.0428654998540878,-0.153830453753471,-0.12134426087141,0.211080119013786,-0.0428655035793781,-0.153830468654633,-0.0428654998540878,-0.153830453753471,0.37964916229248,0.418216466903687,-0.0428654961287975,-0.15383043885231,-0.121342346072197,0.211080297827721,-0.12134426087141,0.211080119013786,-0.0428654961287975,-0.15383043885231,0.379651457071304,0.41821676492691,-0.0428654961287975,-0.15383043885231,-0.0428655035793781,-0.153830468654633,-0.121342346072197,0.211080297827721,-0.0428654961287975,-0.15383043885231,0.37964916229248,0.418216466903687
10.4320001602173,0.379590541124344,0.418183743953705,-0.0428754538297653,-0.153819933533669,-0.121257044374943,0.211116835474968,-0.0428754538297653,-0.153819933533669,-0.0428754538297653,-0.153819933533669,0.37958824634552,0.418183505535126,-0.0428754463791847,-0.153819918632507,-0.121255129575729,0.211117029190063,-0.121257044374943,0.211116835474968,-0.0428754463791847,-0.153819918632507,0.379590570926666,0.418183833360672,-0.0428754463791847,-0.153819918632507,-0.0428754538297653,-0.153819933533669,-0.121255129575729,0.211117029190063,-0.0428754463791847,-0.153819918632507,0.379588186740875,0.418183475732803
10.4323997497559,0.379529595375061,0.418150812387466,-0.04288524761796,-0.153809413313866,-0.121169909834862,0.211153477430344,-0.0428852513432503,-0.153809428215027,-0.04288524761796,-0.153809413313866,0.379527360200882,0.41815060377121,-0.0428852401673794,-0.153809398412704,-0.121167898178101,0.211153671145439,-0.121169909834862,0.211153477430344,-0.0428852401673794,-0.153809398412704,0.379529625177383,0.418150901794434,-0.0428852401673794,-0.153809398412704,-0.0428852513432503,-0.153809428215027,-0.121167898178101,0.211153671145439,-0.0428852401673794,-0.153809398412704,0.379527360200882,0.41815060377121
10.4328002929688,0.379468679428101,0.418117970228195,-0.0428951866924763,-0.15379886329174,-0.121082656085491,0.211190104484558,-0.0428951904177666,-0.153798878192902,-0.0428951866924763,-0.15379886329174,0.379466414451599,0.418117702007294,-0.042895182967186,-0.153798848390579,-0.12108064442873,0.211190298199654,-0.121082656085491,0.211190104484558,-0.042895182967186,-0.153798848390579,0.379468679428101,0.418118000030518,-0.042895182967186,-0.153798848390579,-0.0428951904177666,-0.153798878192902,-0.12108064442873,0.211190298199654,-0.042895182967186,-0.153798848390579,0.379466414451599,0.418117702007294
10.4331998825073,0.379407674074173,0.418085187673569,-0.0429050549864769,-0.153788343071938,-0.120995387434959,0.211226686835289,-0.0429050587117672,-0.153788357973099,-0.0429050549864769,-0.153788343071938,0.379405409097672,0.418084919452667,-0.0429050512611866,-0.153788328170776,-0.120993368327618,0.211226880550385,-0.120995387434959,0.211226686835289,-0.0429050512611866,-0.153788328170776,0.379407674074173,0.418085187673569,-0.0429050512611866,-0.153788328170776,-0.0429050587117672,-0.153788357973099,-0.120993368327618,0.211226880550385,-0.0429050512611866,-0.153788328170776,0.379405409097672,0.418084889650345
10.4336004257202,0.379346668720245,0.418052405118942,-0.0429149195551872,-0.153777793049812,-0.120908096432686,0.211263224482536,-0.0429149232804775,-0.153777793049812,-0.0429149195551872,-0.153777793049812,0.379344403743744,0.418052136898041,-0.0429149158298969,-0.153777778148651,-0.120906077325344,0.211263433098793,-0.120908096432686,0.211263224482536,-0.0429149158298969,-0.153777778148651,0.379346668720245,0.418052434921265,-0.0429149158298969,-0.153777778148651,-0.0429149232804775,-0.153777793049812,-0.120906077325344,0.211263433098793,-0.0429149158298969,-0.153777778148651,0.379344403743744,0.418052136898041
10.4340000152588,0.379285663366318,0.418019652366638,-0.042924776673317,-0.153767243027687,-0.120820686221123,0.211299732327461,-0.0429247803986073,-0.153767257928848,-0.042924776673317,-0.153767243027687,0.379283428192139,0.418019413948059,-0.042924776673317,-0.153767243027687,-0.12081877887249,0.211299911141396,-0.120820686221123,0.211299732327461,-0.042924776673317,-0.153767243027687,0.379285722970963,0.418019711971283,-0.0429247729480267,-0.153767243027687,-0.0429247803986073,-0.153767257928848,-0.12081877887249,0.211299911141396,-0.0429247729480267,-0.153767243027687,0.379283428192139,0.418019413948059
10.4343996047974,0.379224598407745,0.417986989021301,-0.0429346412420273,-0.153756707906723,-0.120733357965946,0.211336180567741,-0.0429346412420273,-0.153756707906723,-0.0429346412420273,-0.153756707906723,0.379222363233566,0.4179867208004,-0.0429347082972527,-0.153756678104401,-0.120731346309185,0.211336359381676,-0.120733357965946,0.211336180567741,-0.0429347082972527,-0.153756678104401,0.379224598407745,0.417986989021301,-0.042934637516737,-0.153756693005562,-0.0429346412420273,-0.153756707906723,-0.120731346309185,0.211336359381676,-0.042934637516737,-0.153756693005562,0.379222363233566,0.4179867208004
10.4348001480103,0.379163563251495,0.417954385280609,-0.042944572865963,-0.153746142983437,-0.120645917952061,0.211372584104538,-0.042944572865963,-0.153746142983437,-0.042944572865963,-0.153746142983437,0.379161238670349,0.41795414686203,-0.0429445691406727,-0.153746128082275,-0.120644003152847,0.211372777819633,-0.120645917952061,0.211372584104538,-0.0429445691406727,-0.153746128082275,0.379163473844528,0.417954415082932,-0.0429445691406727,-0.153746128082275,-0.042944572865963,-0.153746142983437,-0.120644003152847,0.211372777819633,-0.0429445691406727,-0.153746128082275,0.379161179065704,0.417954117059708
10.4351997375488,0.379102379083633,0.417921751737595,-0.0429544225335121,-0.153735563158989,-0.120558559894562,0.211408957839012,-0.0429544262588024,-0.15373557806015,-0.0429544225335121,-0.153735563158989,0.379100203514099,0.41792157292366,-0.0429544225335121,-0.153735563158989,-0.120556533336639,0.211409136652946,-0.120558559894562,0.211408957839012,-0.0429544225335121,-0.153735563158989,0.379102438688278,0.417921841144562,-0.0429544188082218,-0.153735548257828,-0.0429544262588024,-0.15373557806015,-0.120556533336639,0.211409136652946,-0.0429544188082218,-0.153735548257828,0.379100203514099,0.41792157292366
10.4356002807617,0.379041314125061,0.417889267206192,-0.0429642759263515,-0.153725028038025,-0.120471067726612,0.211445286870003,-0.0429642796516418,-0.153725042939186,-0.0429642759263515,-0.153725028038025,0.379038959741592,0.417889058589935,-0.0429642722010612,-0.153725013136864,-0.120469056069851,0.211445465683937,-0.120471067726612,0.211445286870003,-0.0429642722010612,-0.153725013136864,0.379041343927383,0.417889356613159,-0.0429642722010612,-0.153725013136864,-0.0429642796516418,-0.153725042939186,-0.120469056069851,0.211445465683937,-0.0429642722010612,-0.153725013136864,0.379038959741592,0.417889058589935
10.4359998703003,0.378980070352554,0.417856782674789,-0.0429741255939007,-0.153714463114738,-0.120383575558662,0.211481586098671,-0.042974129319191,-0.1537144780159,-0.0429741255939007,-0.153714463114738,0.37897789478302,0.417856603860855,-0.0429741218686104,-0.153714448213577,-0.12038154900074,0.211481750011444,-0.120383575558662,0.211481586098671,-0.0429741218686104,-0.153714448213577,0.378980129957199,0.417856872081757,-0.0429741218686104,-0.153714448213577,-0.042974129319191,-0.1537144780159,-0.12038154900074,0.211481750011444,-0.0429741218686104,-0.153714448213577,0.37897789478302,0.41785654425621
10.4364004135132,0.378918915987015,0.417824357748032,-0.0429839715361595,-0.153703883290291,-0.12029605358839,0.211517810821533,-0.0429839752614498,-0.153703898191452,-0.0429839715361595,-0.153703883290291,0.378916680812836,0.41782408952713,-0.0429839678108692,-0.153703883290291,-0.120294138789177,0.211517944931984,-0.12029605358839,0.211517810821533,-0.0429839678108692,-0.153703883290291,0.378918945789337,0.417824417352676,-0.0429839678108692,-0.153703883290291,-0.0429839752614498,-0.153703898191452,-0.120294138789177,0.211517944931984,-0.0429839678108692,-0.153703883290291,0.378916680812836,0.41782408952713
10.4368000030518,0.378857642412186,0.417791992425919,-0.0429938919842243,-0.153693288564682,-0.120208524167538,0.211553990840912,-0.0429938957095146,-0.153693303465843,-0.0429938919842243,-0.153693288564682,0.378855437040329,0.417791754007339,-0.042993888258934,-0.153693273663521,-0.120206497609615,0.211554154753685,-0.120208524167538,0.211553990840912,-0.042993888258934,-0.153693273663521,0.378857672214508,0.417792022228241,-0.042993888258934,-0.153693273663521,-0.0429938957095146,-0.153693303465843,-0.120206497609615,0.211554154753685,-0.042993888258934,-0.153693273663521,0.378855437040329,0.417791754007339
10.4371995925903,0.378796398639679,0.417759656906128,-0.0430037379264832,-0.153682738542557,-0.120120964944363,0.211590126156807,-0.0430037379264832,-0.153682738542557,-0.0430037379264832,-0.153682738542557,0.3787941634655,0.417759448289871,-0.0430037342011929,-0.153682723641396,-0.120118945837021,0.211590304970741,-0.120120964944363,0.211590126156807,-0.0430037342011929,-0.153682723641396,0.378796428442001,0.417759716510773,-0.0430037342011929,-0.153682723641396,-0.0430037379264832,-0.153682738542557,-0.120118945837021,0.211590304970741,-0.0430037342011929,-0.153682723641396,0.3787941634655,0.417759448289871
10.4376001358032,0.37873512506485,0.417727380990982,-0.0430135764181614,-0.153672143816948,-0.120033293962479,0.211626246571541,-0.0430135801434517,-0.153672158718109,-0.0430135764181614,-0.153672143816948,0.378732919692993,0.417727142572403,-0.0430135726928711,-0.153672128915787,-0.120031371712685,0.211626425385475,-0.120033293962479,0.211626246571541,-0.0430135726928711,-0.153672128915787,0.378735184669495,0.417727410793304,-0.0430135726928711,-0.153672128915787,-0.0430135801434517,-0.153672158718109,-0.120031371712685,0.211626425385475,-0.0430135726928711,-0.153672128915787,0.378732919692993,0.417727142572403
10.4379997253418,0.378673940896988,0.417695164680481,-0.0430234149098396,-0.1536615639925,-0.119945704936981,0.21166230738163,-0.0430234186351299,-0.153661578893661,-0.0430234149098396,-0.1536615639925,0.378671616315842,0.417694926261902,-0.0430234111845493,-0.153661549091339,-0.119943678379059,0.211662486195564,-0.119945704936981,0.21166230738163,-0.0430234111845493,-0.153661549091339,0.378673881292343,0.417695224285126,-0.0430234111845493,-0.153661549091339,-0.0430234186351299,-0.153661578893661,-0.119943678379059,0.211662486195564,-0.0430234111845493,-0.153661549091339,0.378671616315842,0.417694926261902
10.4384002685547,0.378612518310547,0.417662978172302,-0.0430332496762276,-0.153650969266891,-0.119857989251614,0.211698323488235,-0.0430332534015179,-0.153650984168053,-0.0430332496762276,-0.153650969266891,0.378610283136368,0.417662739753723,-0.0430332459509373,-0.15365095436573,-0.1198560744524,0.211698487401009,-0.119857989251614,0.211698323488235,-0.0430332459509373,-0.15365095436573,0.378612518310547,0.417662978172302,-0.0430332459509373,-0.15365095436573,-0.0430332534015179,-0.153650984168053,-0.1198560744524,0.211698487401009,-0.0430332459509373,-0.15365095436573,0.378610253334045,0.417662709951401
10.4387998580933,0.378551155328751,0.417630821466446,-0.0430430844426155,-0.153640404343605,-0.119770266115665,0.21173432469368,-0.0430430844426155,-0.153640404343605,-0.0430430844426155,-0.153640404343605,0.378549009561539,0.417630612850189,-0.0430430807173252,-0.153640389442444,-0.119768343865871,0.211734488606453,-0.119770266115665,0.21173432469368,-0.0430430807173252,-0.153640389442444,0.378551185131073,0.417630910873413,-0.0430430807173252,-0.153640389442444,-0.0430430844426155,-0.153640404343605,-0.119768343865871,0.211734488606453,-0.0430430807173252,-0.153640389442444,0.378549009561539,0.417630612850189
10.4392004013062,0.378489762544632,0.417598783969879,-0.0430529154837132,-0.153629794716835,-0.119682528078556,0.211770251393318,-0.0430529192090034,-0.153629809617996,-0.0430529154837132,-0.153629794716835,0.378487557172775,0.4175985455513,-0.0430529825389385,-0.153629764914513,-0.119680598378181,0.211770430207253,-0.119682528078556,0.211770251393318,-0.0430529825389385,-0.153629764914513,0.378489762544632,0.417598783969879,-0.0430529117584229,-0.153629779815674,-0.0430529192090034,-0.153629809617996,-0.119680598378181,0.211770430207253,-0.0430529117584229,-0.153629779815674,0.37848749756813,0.417598515748978
10.4395999908447,0.378428399562836,0.417566746473312,-0.0430627427995205,-0.153619199991226,-0.119594760239124,0.211806148290634,-0.0430628210306168,-0.153619185090065,-0.0430627427995205,-0.153619199991226,0.378426164388657,0.417566448450089,-0.0430628173053265,-0.153619170188904,-0.11959283798933,0.211806312203407,-0.119594760239124,0.211806148290634,-0.0430628173053265,-0.153619170188904,0.378428399562836,0.417566776275635,-0.0430628173053265,-0.153619170188904,-0.0430628210306168,-0.153619185090065,-0.11959283798933,0.211806312203407,-0.0430628173053265,-0.153619170188904,0.378426164388657,0.417566448450089
10.4399995803833,0.378366976976395,0.417534738779068,-0.0430726483464241,-0.153608590364456,-0.119506977498531,0.211841985583305,-0.0430726483464241,-0.153608590364456,-0.0430726483464241,-0.153608590364456,0.378364741802216,0.417534530162811,-0.0430726446211338,-0.153608575463295,-0.119505055248737,0.211842149496078,-0.119506977498531,0.211841985583305,-0.0430726446211338,-0.153608575463295,0.378367006778717,0.417534798383713,-0.0430726446211338,-0.153608575463295,-0.0430726483464241,-0.153608590364456,-0.119505055248737,0.211842149496078,-0.0430726446211338,-0.153608575463295,0.378364741802216,0.417534530162811
10.4404001235962,0.378305554389954,0.417502790689468,-0.0430824644863605,-0.153597965836525,-0.119419179856777,0.211877778172493,-0.0430824682116508,-0.153597980737686,-0.0430824644863605,-0.153597965836525,0.378303229808807,0.417502552270889,-0.0430824607610703,-0.153597950935364,-0.119417257606983,0.211877942085266,-0.119419179856777,0.211877778172493,-0.0430824607610703,-0.153597950935364,0.378305554389954,0.417502820491791,-0.0430824607610703,-0.153597950935364,-0.0430824682116508,-0.153597980737686,-0.119417257606983,0.211877942085266,-0.0430824607610703,-0.153597950935364,0.378303229808807,0.417502552270889
10.4407997131348,0.378244072198868,0.417470932006836,-0.0430922918021679,-0.153587371110916,-0.119331367313862,0.211913540959358,-0.0430922918021679,-0.153587371110916,-0.0430922918021679,-0.153587371110916,0.378241717815399,0.417470663785934,-0.0430922880768776,-0.153587356209755,-0.119329340755939,0.211913704872131,-0.119331367313862,0.211913540959358,-0.0430922880768776,-0.153587356209755,0.378244072198868,0.417470961809158,-0.0430922880768776,-0.153587356209755,-0.0430922918021679,-0.153587371110916,-0.119329340755939,0.211913704872131,-0.0430922880768776,-0.153587356209755,0.378241717815399,0.417470663785934
10.4412002563477,0.37818256020546,0.417439103126526,-0.0431021116673946,-0.153576746582985,-0.119243420660496,0.21194925904274,-0.0431021153926849,-0.153576761484146,-0.0431021116673946,-0.153576746582985,0.378180265426636,0.417438864707947,-0.0431021079421043,-0.153576731681824,-0.119241505861282,0.211949422955513,-0.119243428111076,0.211949273943901,-0.0431021079421043,-0.153576731681824,0.37818256020546,0.417439103126526,-0.0431021079421043,-0.153576731681824,-0.0431021153926849,-0.153576761484146,-0.119241505861282,0.211949422955513,-0.0431021079421043,-0.153576731681824,0.378180235624313,0.417438834905624
10.4415998458862,0.378120988607407,0.417407274246216,-0.0431119278073311,-0.153566122055054,-0.119155578315258,0.211984932422638,-0.0431119315326214,-0.153566136956215,-0.0431119278073311,-0.153566122055054,0.37811878323555,0.417407035827637,-0.0431119240820408,-0.153566107153893,-0.119153559207916,0.211985111236572,-0.119155578315258,0.211984932422638,-0.0431119240820408,-0.153566107153893,0.378120929002762,0.417407363653183,-0.0431119240820408,-0.153566107153893,-0.0431119315326214,-0.153566136956215,-0.119153559207916,0.211985111236572,-0.0431119240820408,-0.153566107153893,0.37811878323555,0.417407035827637
10.4420003890991,0.378059446811676,0.417375534772873,-0.0431217439472675,-0.153555512428284,-0.11906760185957,0.212020561099052,-0.0431217439472675,-0.153555512428284,-0.0431217439472675,-0.153555512428284,0.378057152032852,0.417375326156616,-0.0431217402219772,-0.153555497527122,-0.119065582752228,0.212020725011826,-0.11906760185957,0.212020561099052,-0.0431217402219772,-0.153555497527122,0.378059476613998,0.417375594377518,-0.0431217402219772,-0.153555497527122,-0.0431217439472675,-0.153555512428284,-0.119065582752228,0.212020725011826,-0.0431217402219772,-0.153555497527122,0.378057152032852,0.417375326156616
10.4423999786377,0.377997845411301,0.417343884706497,-0.0431315563619137,-0.153544887900352,-0.1189796179533,0.212056130170822,-0.0431315563619137,-0.153544887900352,-0.0431315563619137,-0.153544887900352,0.377995580434799,0.417343616485596,-0.0431315526366234,-0.153544872999191,-0.118977598845959,0.212056323885918,-0.1189796179533,0.212056130170822,-0.0431315526366234,-0.153544872999191,0.377997845411301,0.417343884706497,-0.0431315489113331,-0.15354485809803,-0.0431315563619137,-0.153544887900352,-0.118977598845959,0.212056323885918,-0.0431315526366234,-0.153544872999191,0.377995580434799,0.417343616485596
10.4427995681763,0.377936184406281,0.417312204837799,-0.0431413650512695,-0.15353424847126,-0.118891604244709,0.212091714143753,-0.0431413650512695,-0.15353424847126,-0.0431413650512695,-0.15353424847126,0.377933979034424,0.417311996221542,-0.0431413613259792,-0.15353424847126,-0.118889585137367,0.212091848254204,-0.118891604244709,0.212091714143753,-0.0431413613259792,-0.15353424847126,0.377936244010925,0.417312264442444,-0.0431413613259792,-0.15353424847126,-0.0431413650512695,-0.15353424847126,-0.118889585137367,0.212091848254204,-0.0431413613259792,-0.15353424847126,0.377933979034424,0.417311996221542
10.4432001113892,0.377874583005905,0.417280644178391,-0.0431511774659157,-0.153523623943329,-0.118803590536118,0.212127208709717,-0.043151181191206,-0.15352363884449,-0.0431511774659157,-0.153523623943329,0.377872288227081,0.417280375957489,-0.0431511700153351,-0.153523609042168,-0.118801563978195,0.212127357721329,-0.118803590536118,0.212127208709717,-0.0431511700153351,-0.153523609042168,0.377874612808228,0.417280703783035,-0.0431511700153351,-0.153523609042168,-0.043151181191206,-0.15352363884449,-0.118801563978195,0.212127357721329,-0.0431511700153351,-0.153523609042168,0.377872288227081,0.417280375957489
10.4435997009277,0.377812892198563,0.41724905371666,-0.0431609824299812,-0.153512984514236,-0.118715547025204,0.212162643671036,-0.0431609824299812,-0.153512984514236,-0.0431609824299812,-0.153512984514236,0.377810686826706,0.417248874902725,-0.0431609749794006,-0.153512969613075,-0.118713520467281,0.212162807583809,-0.118715547025204,0.212162643671036,-0.0431609749794006,-0.153512969613075,0.377812951803207,0.417249143123627,-0.0431609749794006,-0.153512969613075,-0.0431609824299812,-0.153512984514236,-0.118713520467281,0.212162807583809,-0.0431609749794006,-0.153512969613075,0.377810686826706,0.417248874902725
10.4440002441406,0.377751231193542,0.417217612266541,-0.0431707836687565,-0.153502345085144,-0.118627384305,0.212198063731194,-0.0431707836687565,-0.153502345085144,-0.0431707836687565,-0.153502345085144,0.377748936414719,0.417217403650284,-0.0431707799434662,-0.153502330183983,-0.118625454604626,0.212198197841644,-0.118627384305,0.212198063731194,-0.0431707799434662,-0.153502330183983,0.377751141786575,0.417217612266541,-0.0431707762181759,-0.153502330183983,-0.0431707836687565,-0.153502345085144,-0.118625454604626,0.212198197841644,-0.0431707799434662,-0.153502330183983,0.377748936414719,0.417217403650284
10.4443998336792,0.377689510583878,0.417186170816422,-0.0431805849075317,-0.153491705656052,-0.118539303541183,0.212233439087868,-0.0431805849075317,-0.153491705656052,-0.0431805849075317,-0.153491705656052,0.377687186002731,0.417185962200165,-0.0431805774569511,-0.15349169075489,-0.118537284433842,0.212233573198318,-0.118539303541183,0.212233439087868,-0.0431805774569511,-0.15349169075489,0.377689510583878,0.417186200618744,-0.0431805774569511,-0.15349169075489,-0.0431805849075317,-0.153491705656052,-0.118537284433842,0.212233573198318,-0.0431805774569511,-0.15349169075489,0.377687156200409,0.417185932397842
10.4448003768921,0.37762776017189,0.417154759168625,-0.043190386146307,-0.153481051325798,-0.118451111018658,0.212268739938736,-0.0431903898715973,-0.153481066226959,-0.043190386146307,-0.153481051325798,0.377625435590744,0.417154550552368,-0.0431903824210167,-0.153481036424637,-0.118449188768864,0.212268903851509,-0.118451111018658,0.212268739938736,-0.0431903824210167,-0.153481036424637,0.377627789974213,0.41715481877327,-0.0431903824210167,-0.153481036424637,-0.0431903898715973,-0.153481066226959,-0.118449188768864,0.212268903851509,-0.0431903824210167,-0.153481036424637,0.377625435590744,0.417154550552368
10.4451999664307,0.377565950155258,0.417123407125473,-0.0432001836597919,-0.153470396995544,-0.118363000452518,0.212304010987282,-0.0432001873850822,-0.153470411896706,-0.0432001836597919,-0.153470396995544,0.377563714981079,0.417123168706894,-0.0432001762092113,-0.153470382094383,-0.118360973894596,0.212304189801216,-0.118363000452518,0.212304010987282,-0.0432001762092113,-0.153470382094383,0.377565950155258,0.417123436927795,-0.0432001762092113,-0.153470382094383,-0.0432001873850822,-0.153470411896706,-0.118360973894596,0.212304189801216,-0.0432001762092113,-0.153470382094383,0.377563714981079,0.417123168706894
10.4455995559692,0.377504169940948,0.417092114686966,-0.0432099774479866,-0.153459742665291,-0.11827477067709,0.212339252233505,-0.0432099774479866,-0.153459742665291,-0.0432099774479866,-0.153459742665291,0.37750181555748,0.417091876268387,-0.0432099737226963,-0.15345972776413,-0.118272744119167,0.212339401245117,-0.11827477067709,0.212339252233505,-0.0432099737226963,-0.15345972776413,0.377504169940948,0.417092174291611,-0.0432099737226963,-0.15345972776413,-0.0432099774479866,-0.153459742665291,-0.118272744119167,0.212339401245117,-0.0432099737226963,-0.15345972776413,0.37750181555748,0.417091876268387
10.4460000991821,0.377442270517349,0.417060881853104,-0.043219767510891,-0.153449073433876,-0.118186518549919,0.212374433875084,-0.0432197712361813,-0.153449088335037,-0.043219767510891,-0.153449073433876,0.37744003534317,0.417060673236847,-0.0432197637856007,-0.153449058532715,-0.118184491991997,0.212374582886696,-0.118186518549919,0.212374433875084,-0.0432197637856007,-0.153449058532715,0.377442270517349,0.417060911655426,-0.0432197637856007,-0.153449058532715,-0.0432197712361813,-0.153449088335037,-0.118184491991997,0.212374582886696,-0.0432197637856007,-0.153449058532715,0.37744003534317,0.417060673236847
10.4463996887207,0.377380400896072,0.417029738426208,-0.0432295575737953,-0.153438419103622,-0.118098251521587,0.212409600615501,-0.0432295575737953,-0.153438419103622,-0.0432295575737953,-0.153438419103622,0.377378165721893,0.417029470205307,-0.0432295501232147,-0.153438404202461,-0.118096224963665,0.212409734725952,-0.118098251521587,0.212409600615501,-0.0432295501232147,-0.153438404202461,0.377380400896072,0.417029738426208,-0.0432295501232147,-0.153438404202461,-0.0432295575737953,-0.153438419103622,-0.118096224963665,0.212409734725952,-0.0432295501232147,-0.153438404202461,0.377378165721893,0.417029470205307
10.4468002319336,0.37731859087944,0.416998565196991,-0.0432393439114094,-0.153427764773369,-0.118009872734547,0.212444707751274,-0.0432393439114094,-0.153427764773369,-0.0432393439114094,-0.153427764773369,0.377316206693649,0.416998356580734,-0.0432393401861191,-0.153427749872208,-0.118007935583591,0.212444856762886,-0.118009872734547,0.212444707751274,-0.0432393401861191,-0.153427749872208,0.37731859087944,0.416998594999313,-0.0432393401861191,-0.153427749872208,-0.0432393439114094,-0.153427764773369,-0.118007935583591,0.212444856762886,-0.0432393401861191,-0.153427749872208,0.377316325902939,0.416998296976089
10.4471998214722,0.377256721258163,0.416967421770096,-0.0432491265237331,-0.153417065739632,-0.117921568453312,0.212479770183563,-0.0432491302490234,-0.153417080640793,-0.0432491265237331,-0.153417065739632,0.377254396677017,0.416967242956161,-0.0432491227984428,-0.15341705083847,-0.117919646203518,0.212479904294014,-0.117921568453312,0.212479770183563,-0.0432491227984428,-0.15341705083847,0.377256631851196,0.416967481374741,-0.0432491227984428,-0.15341705083847,-0.0432491302490234,-0.153417080640793,-0.117919646203518,0.212479904294014,-0.0432491227984428,-0.15341705083847,0.377254396677017,0.416967242956161
10.4476003646851,0.377194672822952,0.41693639755249,-0.0432589128613472,-0.153406396508217,-0.117833249270916,0.212514773011208,-0.0432589128613472,-0.153406396508217,-0.0432589128613472,-0.153406396508217,0.377192497253418,0.416936188936234,-0.0432589091360569,-0.153406381607056,-0.117831215262413,0.21251492202282,-0.117833249270916,0.212514773011208,-0.0432589091360569,-0.153406381607056,0.377194732427597,0.416936457157135,-0.0432589091360569,-0.153406381607056,-0.0432589128613472,-0.153406396508217,-0.117831215262413,0.21251492202282,-0.0432589091360569,-0.153406381607056,0.377192497253418,0.416936188936234
10.4479999542236,0.377132713794708,0.416905403137207,-0.0432686917483807,-0.153395712375641,-0.11774481087923,0.212549731135368,-0.043268695473671,-0.153395727276802,-0.0432686917483807,-0.153395712375641,0.377130478620529,0.41690519452095,-0.0432686880230904,-0.15339569747448,-0.117742784321308,0.212549895048141,-0.11774481087923,0.212549731135368,-0.0432686880230904,-0.15339569747448,0.377132743597031,0.416905432939529,-0.0432686880230904,-0.15339569747448,-0.043268695473671,-0.153395727276802,-0.117742784321308,0.212549895048141,-0.0432686880230904,-0.15339569747448,0.377130478620529,0.41690519452095
10.4483995437622,0.377070754766464,0.416874468326569,-0.0432784669101238,-0.153385028243065,-0.117656357586384,0.212584689259529,-0.0432784706354141,-0.153385043144226,-0.0432784669101238,-0.153385028243065,0.377068519592285,0.416874289512634,-0.0432784631848335,-0.153385013341904,-0.117654427886009,0.212584808468819,-0.117656357586384,0.212584689259529,-0.0432784631848335,-0.153385013341904,0.377070754766464,0.416874498128891,-0.0432784631848335,-0.153385013341904,-0.0432784706354141,-0.153385043144226,-0.117654427886009,0.212584808468819,-0.0432784631848335,-0.153385013341904,0.377068519592285,0.416874289512634
10.4488000869751,0.37700879573822,0.416843563318253,-0.0432882457971573,-0.153374344110489,-0.117567986249924,0.212619543075562,-0.0432882495224476,-0.15337435901165,-0.0432882457971573,-0.153374344110489,0.377006471157074,0.416843354701996,-0.043288242071867,-0.153374329209328,-0.117565952241421,0.212619706988335,-0.117567986249924,0.212619543075562,-0.043288242071867,-0.153374329209328,0.37700879573822,0.416843622922897,-0.043288242071867,-0.153374329209328,-0.0432882495224476,-0.15337435901165,-0.117565952241421,0.212619706988335,-0.043288242071867,-0.153374329209328,0.377006471157074,0.416843354701996
10.4491996765137,0.376946777105331,0.416812717914581,-0.0432980172336102,-0.153363659977913,-0.117479495704174,0.212654381990433,-0.0432980172336102,-0.153363659977913,-0.0432980172336102,-0.153363659977913,0.376944452524185,0.416812568902969,-0.0432980135083199,-0.153363645076752,-0.117477476596832,0.212654531002045,-0.117479495704174,0.212654381990433,-0.0432980135083199,-0.153363645076752,0.376946777105331,0.416812777519226,-0.0432980135083199,-0.153363645076752,-0.0432980172336102,-0.153363659977913,-0.117477476596832,0.212654531002045,-0.0432980135083199,-0.153363645076752,0.37694451212883,0.416812479496002
10.4496002197266,0.37688472867012,0.416781902313232,-0.043307788670063,-0.153352946043015,-0.117390990257263,0.21268917620182,-0.0433077923953533,-0.153352960944176,-0.043307788670063,-0.153352946043015,0.376882404088974,0.416781723499298,-0.0433077849447727,-0.153352931141853,-0.11738895624876,0.212689325213432,-0.117390990257263,0.21268917620182,-0.0433077849447727,-0.153352931141853,0.376884669065475,0.4167819917202,-0.0433077849447727,-0.153352931141853,-0.0433077923953533,-0.153352960944176,-0.11738895624876,0.212689325213432,-0.0433077849447727,-0.153352931141853,0.376882404088974,0.416781723499298
10.4499998092651,0.376822620630264,0.416751205921173,-0.0433174856007099,-0.1533422768116,-0.117302469909191,0.212723910808563,-0.0433174893260002,-0.153342291712761,-0.0433174856007099,-0.1533422768116,0.376820296049118,0.416750997304916,-0.0433174856007099,-0.1533422768116,-0.117300443351269,0.212724074721336,-0.117302469909191,0.212723910808563,-0.0433174856007099,-0.1533422768116,0.376822620630264,0.416751205921173,-0.0433174781501293,-0.153342261910439,-0.0433174893260002,-0.153342291712761,-0.117300443351269,0.212724074721336,-0.0433174781501293,-0.153342261910439,0.376820296049118,0.416750997304916
10.450400352478,0.376760452985764,0.416720509529114,-0.0433272495865822,-0.153331577777863,-0.11721383035183,0.212758630514145,-0.0433272533118725,-0.153331592679024,-0.0433272495865822,-0.153331577777863,0.376758247613907,0.416720271110535,-0.0433272458612919,-0.153331562876701,-0.117211893200874,0.212758764624596,-0.11721383035183,0.212758630514145,-0.0433272458612919,-0.153331562876701,0.376760452985764,0.416720509529114,-0.0433272458612919,-0.153331562876701,-0.0433272533118725,-0.153331592679024,-0.117211893200874,0.212758764624596,-0.0433272458612919,-0.153331562876701,0.376758247613907,0.416720271110535
10.4507999420166,0.37669825553894,0.416689842939377,-0.0433370135724545,-0.153320878744125,-0.117125265300274,0.212793275713921,-0.0433370172977448,-0.153320893645287,-0.0433370135724545,-0.153320878744125,0.376696050167084,0.41668963432312,-0.0433370098471642,-0.153320863842964,-0.117123238742352,0.212793439626694,-0.117125265300274,0.212793275713921,-0.0433370098471642,-0.153320863842964,0.376698315143585,0.416689872741699,-0.0433370098471642,-0.153320863842964,-0.0433370172977448,-0.153320893645287,-0.117123238742352,0.212793439626694,-0.0433370098471642,-0.153320863842964,0.376696050167084,0.41668963432312
10.4511995315552,0.376636207103729,0.416659265756607,-0.043346781283617,-0.153310179710388,-0.11703659594059,0.212827920913696,-0.043346781283617,-0.153310179710388,-0.043346781283617,-0.153310179710388,0.376633882522583,0.41665905714035,-0.0433467775583267,-0.153310164809227,-0.117034666240215,0.212828040122986,-0.11703659594059,0.212827920913696,-0.0433467775583267,-0.153310164809227,0.376636147499084,0.416659295558929,-0.0433467775583267,-0.153310164809227,-0.043346781283617,-0.153310179710388,-0.117034666240215,0.212828040122986,-0.0433467775583267,-0.153310164809227,0.376633882522583,0.41665905714035
10.4516000747681,0.376573979854584,0.416628658771515,-0.0433565378189087,-0.153299435973167,-0.116947896778584,0.212862491607666,-0.0433565378189087,-0.153299435973167,-0.0433565378189087,-0.153299435973167,0.37657168507576,0.416628509759903,-0.0433565340936184,-0.153299421072006,-0.116945967078209,0.212862625718117,-0.116947896778584,0.212862491607666,-0.0433565340936184,-0.153299421072006,0.376574009656906,0.416628748178482,-0.0433565340936184,-0.153299421072006,-0.0433565378189087,-0.153299435973167,-0.116945967078209,0.212862625718117,-0.0433565340936184,-0.153299421072006,0.37657168507576,0.416628509759903
10.4519996643066,0.376511782407761,0.416598230600357,-0.0433662943542004,-0.15328873693943,-0.116859287023544,0.212897017598152,-0.0433662943542004,-0.15328873693943,-0.0433662943542004,-0.15328873693943,0.376509487628937,0.4165980219841,-0.0433662906289101,-0.153288722038269,-0.116857253015041,0.212897121906281,-0.116859287023544,0.212897017598152,-0.0433662906289101,-0.153288722038269,0.376511782407761,0.416598260402679,-0.0433662906289101,-0.153288722038269,-0.0433662943542004,-0.15328873693943,-0.116857253015041,0.212897121906281,-0.0433662906289101,-0.153288722038269,0.376509487628937,0.4165980219841
10.4524002075195,0.37644961476326,0.416567772626877,-0.0433760471642017,-0.153277993202209,-0.116770558059216,0.212931469082832,-0.0433760471642017,-0.153277993202209,-0.0433760471642017,-0.153277993202209,0.376447290182114,0.416567593812943,-0.0433760434389114,-0.153277978301048,-0.116768531501293,0.212931618094444,-0.116770558059216,0.212931469082832,-0.0433760434389114,-0.153277978301048,0.37644949555397,0.416567772626877,-0.0433760434389114,-0.153277978301048,-0.0433760471642017,-0.153277993202209,-0.116768531501293,0.212931618094444,-0.0433760434389114,-0.153277978301048,0.376447290182114,0.416567593812943
10.4527997970581,0.37638720870018,0.416537374258041,-0.0433857254683971,-0.153267294168472,-0.116681814193726,0.212965935468674,-0.0433858036994934,-0.153267279267311,-0.0433857254683971,-0.153267294168472,0.376384973526001,0.416537195444107,-0.0433857925236225,-0.15326726436615,-0.116679780185223,0.212966054677963,-0.116681814193726,0.212965935468674,-0.0433857925236225,-0.15326726436615,0.376387238502502,0.416537433862686,-0.0433857217431068,-0.153267279267311,-0.0433858036994934,-0.153267279267311,-0.116679780185223,0.212966054677963,-0.0433857217431068,-0.153267279267311,0.376384973526001,0.416537195444107
10.453200340271,0.376324951648712,0.416507035493851,-0.0433954782783985,-0.153256565332413,-0.116593047976494,0.213000327348709,-0.0433954782783985,-0.153256565332413,-0.0433954782783985,-0.153256565332413,0.376322746276855,0.416506856679916,-0.0433954745531082,-0.153256550431252,-0.11659100651741,0.213000431656837,-0.116593047976494,0.213000327348709,-0.0433954745531082,-0.153256550431252,0.376324951648712,0.416507065296173,-0.0433954745531082,-0.153256550431252,-0.0433954782783985,-0.153256565332413,-0.11659100651741,0.213000431656837,-0.0433954745531082,-0.153256550431252,0.376322686672211,0.416506826877594
10.4535999298096,0.376262664794922,0.41647669672966,-0.0434052273631096,-0.153245836496353,-0.116504266858101,0.2130346596241,-0.0434052273631096,-0.153245836496353,-0.0434052273631096,-0.153245836496353,0.376260429620743,0.41647657752037,-0.0434052236378193,-0.153245821595192,-0.116502240300179,0.213034808635712,-0.116504266858101,0.2130346596241,-0.0434052236378193,-0.153245821595192,0.376262605190277,0.416476786136627,-0.0434052236378193,-0.153245821595192,-0.0434052273631096,-0.153245836496353,-0.116502240300179,0.213034808635712,-0.0434052236378193,-0.153245821595192,0.376260370016098,0.416476547718048
10.4540004730225,0.376200258731842,0.416446536779404,-0.0434149689972401,-0.153235092759132,-0.116415366530418,0.213068947196007,-0.0434149689972401,-0.153235092759132,-0.0434149689972401,-0.153235092759132,0.376197993755341,0.416446328163147,-0.0434149652719498,-0.153235077857971,-0.116413436830044,0.213069081306458,-0.116415373980999,0.213068962097168,-0.0434149652719498,-0.153235077857971,0.376200258731842,0.416446536779404,-0.0434149615466595,-0.15323506295681,-0.0434149689972401,-0.153235092759132,-0.116413436830044,0.213069081306458,-0.0434149652719498,-0.153235077857971,0.376197993755341,0.416446328163147
10.454400062561,0.376137882471085,0.41641628742218,-0.0434246398508549,-0.153224363923073,-0.116326570510864,0.213103219866753,-0.0434246435761452,-0.153224378824234,-0.0434246398508549,-0.153224363923073,0.376135677099228,0.416416108608246,-0.0434247069060802,-0.15322433412075,-0.116324529051781,0.213103368878365,-0.116326570510864,0.213103219866753,-0.0434247069060802,-0.15322433412075,0.376137912273407,0.416416347026825,-0.0434246361255646,-0.153224349021912,-0.0434246435761452,-0.153224378824234,-0.116324529051781,0.213103368878365,-0.0434246361255646,-0.153224349021912,0.376135647296906,0.416416078805923
10.4547996520996,0.376075506210327,0.416386187076569,-0.0434343852102757,-0.153213620185852,-0.116237625479698,0.213137432932854,-0.0434343852102757,-0.153213620185852,-0.0434343852102757,-0.153213620185852,0.37607330083847,0.416386008262634,-0.0434343777596951,-0.153213620185852,-0.116235598921776,0.213137581944466,-0.116237625479698,0.213137432932854,-0.0434343777596951,-0.153213620185852,0.376075506210327,0.416386187076569,-0.0434343777596951,-0.153213620185852,-0.0434343852102757,-0.153213620185852,-0.116235598921776,0.213137581944466,-0.0434343777596951,-0.153213620185852,0.376073241233826,0.416385918855667
10.4552001953125,0.37601312994957,0.416356086730957,-0.0434441193938255,-0.153202876448631,-0.116148680448532,0.213171616196632,-0.0434441193938255,-0.153202876448631,-0.0434441193938255,-0.153202876448631,0.376010805368423,0.4163558781147,-0.0434441156685352,-0.15320286154747,-0.116146743297577,0.213171720504761,-0.116148680448532,0.213171616196632,-0.0434441156685352,-0.15320286154747,0.37601312994957,0.416356086730957,-0.0434441156685352,-0.15320286154747,-0.0434441193938255,-0.153202876448631,-0.116146743297577,0.213171720504761,-0.0434441156685352,-0.15320286154747,0.376010805368423,0.4163558781147
10.4555997848511,0.375950694084167,0.41632604598999,-0.0434538573026657,-0.153192117810249,-0.116059713065624,0.213205739855766,-0.0434538573026657,-0.153192117810249,-0.0434538573026657,-0.153192117810249,0.375948369503021,0.416325867176056,-0.0434538498520851,-0.153192102909088,-0.116057775914669,0.213205859065056,-0.116059713065624,0.213205739855766,-0.0434538498520851,-0.153192102909088,0.375950694084167,0.41632604598999,-0.0434538498520851,-0.153192102909088,-0.0434538573026657,-0.153192117810249,-0.116057775914669,0.213205859065056,-0.0434538498520851,-0.153192102909088,0.375948369503021,0.416325867176056
10.456000328064,0.375888228416443,0.416296035051346,-0.0434635877609253,-0.153181344270706,-0.115970730781555,0.213239833712578,-0.0434635914862156,-0.153181359171867,-0.0434635877609253,-0.153181344270706,0.375885963439941,0.416295856237411,-0.043463584035635,-0.153181329369545,-0.115968801081181,0.213239938020706,-0.115970730781555,0.213239833712578,-0.043463584035635,-0.153181329369545,0.375888139009476,0.416296064853668,-0.043463584035635,-0.153181329369545,-0.0434635914862156,-0.153181359171867,-0.115968801081181,0.213239938020706,-0.043463584035635,-0.153181329369545,0.375885963439941,0.416295856237411
10.4563999176025,0.375825613737106,0.416266083717346,-0.0434733182191849,-0.153170600533485,-0.115881733596325,0.213273867964745,-0.0434733182191849,-0.153170600533485,-0.0434733182191849,-0.153170600533485,0.37582340836525,0.416265904903412,-0.0434733144938946,-0.153170585632324,-0.11587979644537,0.213273972272873,-0.115881733596325,0.213273867964745,-0.0434733144938946,-0.153170585632324,0.375825643539429,0.416266143321991,-0.0434733144938946,-0.153170585632324,-0.0434733182191849,-0.153170600533485,-0.11587979644537,0.213273972272873,-0.0434733144938946,-0.153170585632324,0.37582340836525,0.416265904903412
10.4568004608154,0.375763207674026,0.416236191987991,-0.0434830151498318,-0.153159841895103,-0.115792706608772,0.213307827711105,-0.0434830598533154,-0.153159841895103,-0.0434830151498318,-0.153159841895103,0.375760912895203,0.416236042976379,-0.0434830486774445,-0.153159812092781,-0.115790672600269,0.213307961821556,-0.115792706608772,0.213307827711105,-0.0434830486774445,-0.153159812092781,0.375763267278671,0.416236251592636,-0.0434830486774445,-0.153159812092781,-0.0434830598533154,-0.153159841895103,-0.115790672600269,0.213307961821556,-0.0434830486774445,-0.153159812092781,0.375760912895203,0.416236042976379
10.457200050354,0.375700652599335,0.416206389665604,-0.0434927083551884,-0.15314906835556,-0.115703567862511,0.213341802358627,-0.0434927120804787,-0.153149083256721,-0.0434927083551884,-0.15314906835556,0.375698536634445,0.416206061840057,-0.0434927046298981,-0.153149053454399,-0.115701638162136,0.213341891765594,-0.115703567862511,0.213341802358627,-0.0434927046298981,-0.153149053454399,0.375700712203979,0.416206419467926,-0.0434927046298981,-0.153149053454399,-0.0434927120804787,-0.153149083256721,-0.115701638162136,0.213341891765594,-0.0434927046298981,-0.153149053454399,0.375698536634445,0.416206061840057
10.4575996398926,0.375638127326965,0.416176587343216,-0.0435024313628674,-0.153138309717178,-0.115614518523216,0.213375687599182,-0.0435024313628674,-0.153138309717178,-0.0435024313628674,-0.153138309717178,0.375635802745819,0.416176408529282,-0.0435024276375771,-0.153138294816017,-0.115612484514713,0.213375806808472,-0.115614518523216,0.213375687599182,-0.0435024276375771,-0.153138294816017,0.375638157129288,0.416176617145538,-0.0435024276375771,-0.153138294816017,-0.0435024313628674,-0.153138309717178,-0.115612484514713,0.213375806808472,-0.0435024276375771,-0.153138294816017,0.375635802745819,0.416176408529282
10.4580001831055,0.375575363636017,0.416146963834763,-0.0435121543705463,-0.153127536177635,-0.115525349974632,0.213409557938576,-0.0435121543705463,-0.153127536177635,-0.043512150645256,-0.153127521276474,0.375573247671127,0.416146636009216,-0.043512150645256,-0.153127521276474,-0.115523412823677,0.213409632444382,-0.115525349974632,0.213409557938576,-0.043512150645256,-0.153127521276474,0.375575423240662,0.416147023439407,-0.0435121431946754,-0.153127506375313,-0.0435121543705463,-0.153127536177635,-0.115523412823677,0.213409632444382,-0.0435121431946754,-0.153127506375313,0.375573247671127,0.416146636009216
10.458399772644,0.375512838363647,0.416117191314697,-0.043521836400032,-0.153116762638092,-0.115436263382435,0.213443323969841,-0.043521836400032,-0.153116762638092,-0.043521836400032,-0.153116762638092,0.375510513782501,0.416117012500763,-0.0435218326747417,-0.153116747736931,-0.115434236824512,0.213443458080292,-0.115436263382435,0.213443323969841,-0.0435218326747417,-0.153116747736931,0.37551286816597,0.41611722111702,-0.0435218326747417,-0.153116747736931,-0.043521836400032,-0.153116762638092,-0.115434236824512,0.213443458080292,-0.0435218326747417,-0.153116747736931,0.375510513782501,0.416117012500763
10.4588003158569,0.3754503428936,0.416087448596954,-0.0435315147042274,-0.153105989098549,-0.115347065031528,0.213477090001106,-0.0435315147042274,-0.153105989098549,-0.0435315147042274,-0.153105989098549,0.375448018312454,0.41608726978302,-0.0435315482318401,-0.153105959296227,-0.115345135331154,0.213477179408073,-0.115347065031528,0.213477090001106,-0.0435315482318401,-0.153105959296227,0.375450402498245,0.416087478399277,-0.0435315109789371,-0.153105974197388,-0.0435315147042274,-0.153105989098549,-0.115345135331154,0.213477179408073,-0.0435315109789371,-0.153105974197388,0.375448018312454,0.41608726978302
10.4591999053955,0.375387459993362,0.416058033704758,-0.0435412339866161,-0.153095215559006,-0.11525784432888,0.213510811328888,-0.0435412339866161,-0.153095215559006,-0.0435412339866161,-0.153095215559006,0.375385135412216,0.416057854890823,-0.0435412302613258,-0.153095185756683,-0.115255914628506,0.213510915637016,-0.11525784432888,0.213510811328888,-0.0435412302613258,-0.153095185756683,0.375387519598007,0.41605806350708,-0.0435412302613258,-0.153095200657845,-0.0435412339866161,-0.153095215559006,-0.115255914628506,0.213510915637016,-0.0435412302613258,-0.153095200657845,0.375385135412216,0.416057854890823
10.4596004486084,0.375324994325638,0.41602823138237,-0.0435509048402309,-0.15308441221714,-0.115168608725071,0.213544487953186,-0.0435509085655212,-0.153084427118301,-0.0435509048402309,-0.15308441221714,0.37532252073288,0.416028320789337,-0.0435509383678436,-0.153084397315979,-0.115166567265987,0.213544622063637,-0.115168608725071,0.213544487953186,-0.0435509383678436,-0.153084397315979,0.37532502412796,0.416028290987015,-0.0435509011149406,-0.153084397315979,-0.0435509085655212,-0.153084427118301,-0.115166567265987,0.213544622063637,-0.0435509011149406,-0.153084397315979,0.37532252073288,0.416028320789337
10.460000038147,0.375262141227722,0.415998905897141,-0.043560579419136,-0.153073623776436,-0.1150793582201,0.213578119874001,-0.043560579419136,-0.153073623776436,-0.043560579419136,-0.153073623776436,0.375259637832642,0.415998905897141,-0.0435606129467487,-0.153073608875275,-0.115077316761017,0.213578224182129,-0.1150793582201,0.213578119874001,-0.0435606129467487,-0.153073608875275,0.375262200832367,0.415998935699463,-0.0435605756938457,-0.153073608875275,-0.043560579419136,-0.153073623776436,-0.115077316761017,0.213578224182129,-0.0435605756938457,-0.153073608875275,0.375259637832642,0.415998905897141
10.4603996276855,0.375199526548386,0.41596931219101,-0.0435702875256538,-0.15306282043457,-0.11498998850584,0.213611751794815,-0.0435702912509441,-0.153062835335732,-0.0435702875256538,-0.15306282043457,0.375197023153305,0.415969401597977,-0.0435702838003635,-0.153062805533409,-0.114988051354885,0.213611796498299,-0.11498998850584,0.213611751794815,-0.0435702838003635,-0.153062805533409,0.375199556350708,0.415969371795654,-0.0435702838003635,-0.153062805533409,-0.0435702912509441,-0.153062835335732,-0.114988051354885,0.213611796498299,-0.0435702838003635,-0.153062805533409,0.375197023153305,0.415969401597977
10.4608001708984,0.375136524438858,0.415940165519714,-0.0435799583792686,-0.153052031993866,-0.114900700747967,0.21364526450634,-0.0435799658298492,-0.153052046895027,-0.0435799583792686,-0.153052031993866,0.375134199857712,0.415940016508102,-0.0435799546539783,-0.153052017092705,-0.114898763597012,0.213645309209824,-0.114900700747967,0.21364526450634,-0.0435799546539783,-0.153052017092705,0.375136584043503,0.415940225124359,-0.0435799546539783,-0.153052017092705,-0.0435799658298492,-0.153052046895027,-0.114898763597012,0.213645309209824,-0.0435799546539783,-0.153052017092705,0.375134199857712,0.415940016508102
10.461199760437,0.37507376074791,0.415910840034485,-0.0435896255075932,-0.153041228652,-0.114811405539513,0.21367871761322,-0.0435896255075932,-0.153041228652,-0.0435896255075932,-0.153041228652,0.375071614980698,0.415910482406616,-0.0435896217823029,-0.153041213750839,-0.114809349179268,0.213678821921349,-0.114811405539513,0.21367871761322,-0.0435896217823029,-0.153041213750839,0.375073790550232,0.415910869836807,-0.0435896217823029,-0.153041213750839,-0.0435896255075932,-0.153041228652,-0.114809349179268,0.213678821921349,-0.0435896217823029,-0.153041213750839,0.375071614980698,0.415910482406616
10.4616003036499,0.375010967254639,0.415881484746933,-0.0435993261635303,-0.153030410408974,-0.114721976220608,0.213712185621262,-0.0435993298888206,-0.153030425310135,-0.0435993261635303,-0.153030410408974,0.375008702278137,0.415881365537643,-0.0435993224382401,-0.153030395507813,-0.114719942212105,0.213712304830551,-0.114721976220608,0.213712185621262,-0.0435993224382401,-0.153030395507813,0.375010997056961,0.415881514549255,-0.0435993224382401,-0.153030395507813,-0.0435993298888206,-0.153030425310135,-0.114719942212105,0.213712304830551,-0.0435993224382401,-0.153030395507813,0.375008642673492,0.415881305932999
10.4619998931885,0.374948024749756,0.41585236787796,-0.0436089485883713,-0.153019607067108,-0.114632539451122,0.213745594024658,-0.0436089895665646,-0.153019621968269,-0.0436089485883713,-0.153019607067108,0.374945908784866,0.415852040052414,-0.043608982115984,-0.153019592165947,-0.114630602300167,0.213745653629303,-0.114632539451122,0.213745594024658,-0.0436089858412743,-0.153019607067108,0.374948084354401,0.415852427482605,-0.043608982115984,-0.153019592165947,-0.0436089895665646,-0.153019621968269,-0.114630602300167,0.213745653629303,-0.043608982115984,-0.153019592165947,0.374945908784866,0.415852040052414
10.4624004364014,0.374885112047195,0.415823221206665,-0.0436186492443085,-0.153008818626404,-0.114543184638023,0.213778898119926,-0.0436186492443085,-0.153008818626404,-0.0436186455190182,-0.153008803725243,0.374882996082306,0.415822893381119,-0.0436186455190182,-0.153008803725243,-0.114541046321392,0.213779076933861,-0.114543184638023,0.213778898119926,-0.0436186455190182,-0.153008803725243,0.374885141849518,0.41582328081131,-0.0436186417937279,-0.153008788824081,-0.0436186492443085,-0.153008818626404,-0.114541046321392,0.213779076933861,-0.0436186417937279,-0.153008788824081,0.374882996082306,0.415822893381119
10.4628000259399,0.374822407960892,0.41579395532608,-0.0436283387243748,-0.152997985482216,-0.114453613758087,0.213812276721001,-0.0436283424496651,-0.152998000383377,-0.0436283387243748,-0.152997985482216,0.374820113182068,0.415793776512146,-0.0436283349990845,-0.152997955679893,-0.114451676607132,0.213812321424484,-0.114453613758087,0.213812276721001,-0.0436283349990845,-0.152997955679893,0.374822407960892,0.41579395532608,-0.0436283349990845,-0.152997970581055,-0.0436283424496651,-0.152998000383377,-0.114451676607132,0.213812321424484,-0.0436283349990845,-0.152997970581055,0.374820113182068,0.415793776512146
10.4631996154785,0.374759495258331,0.415764838457108,-0.0436379946768284,-0.152987167239189,-0.114364132285118,0.213845536112785,-0.0436379946768284,-0.152987167239189,-0.0436379946768284,-0.152987167239189,0.374757021665573,0.41576486825943,-0.0436379909515381,-0.152987152338028,-0.114362187683582,0.213845580816269,-0.114364132285118,0.213845536112785,-0.0436379909515381,-0.152987152338028,0.374759346246719,0.415765047073364,-0.0436379909515381,-0.152987152338028,-0.0436379946768284,-0.152987167239189,-0.114362187683582,0.213845580816269,-0.0436379909515381,-0.152987152338028,0.374757021665573,0.41576486825943
10.4636001586914,0.374696433544159,0.415735930204391,-0.0436476469039917,-0.152976334095001,-0.114274621009827,0.213878735899925,-0.043647650629282,-0.152976348996162,-0.0436476469039917,-0.152976334095001,0.374694347381592,0.415735602378845,-0.0436476431787014,-0.15297631919384,-0.114272587001324,0.213878840208054,-0.114274621009827,0.213878735899925,-0.0436476431787014,-0.15297631919384,0.374696433544159,0.415735930204391,-0.0436476431787014,-0.15297631919384,-0.043647650629282,-0.152976348996162,-0.114272587001324,0.213878840208054,-0.0436476431787014,-0.15297631919384,0.374694347381592,0.415735602378845
10.46399974823,0.374633550643921,0.415706843137741,-0.043657299131155,-0.152965515851974,-0.114185109734535,0.21391187608242,-0.0436573028564453,-0.152965530753136,-0.043657299131155,-0.152965515851974,0.374631315469742,0.415706723928452,-0.0436573326587677,-0.152965486049652,-0.114183060824871,0.213911980390549,-0.114185109734535,0.21391187608242,-0.0436573326587677,-0.152965486049652,0.374633610248566,0.415706902742386,-0.0436572916805744,-0.152965500950813,-0.0436573028564453,-0.152965530753136,-0.114183060824871,0.213911980390549,-0.0436572916805744,-0.152965500950813,0.374631285667419,0.415706664323807
10.4644002914429,0.374570518732071,0.415677934885025,-0.043666947633028,-0.152954682707787,-0.114095464348793,0.213945031166077,-0.0436669513583183,-0.152954697608948,-0.043666947633028,-0.152954682707787,0.374568283557892,0.415677815675735,-0.0436669439077377,-0.152954667806625,-0.114093422889709,0.213945150375366,-0.114095464348793,0.213945031166077,-0.0436669439077377,-0.152954667806625,0.374570578336716,0.415677964687347,-0.0436669439077377,-0.152954667806625,-0.0436669513583183,-0.152954697608948,-0.114093422889709,0.213945150375366,-0.0436669439077377,-0.152954667806625,0.374568253755569,0.415677756071091
10.4647998809814,0.374507546424866,0.415649086236954,-0.0436765924096107,-0.152943849563599,-0.114005915820599,0.213978067040443,-0.0436766296625137,-0.152943849563599,-0.0436765924096107,-0.152943849563599,0.374505072832108,0.415649086236954,-0.0436766259372234,-0.152943834662437,-0.114003874361515,0.213978186249733,-0.114005915820599,0.213978067040443,-0.0436766259372234,-0.152943834662437,0.374507546424866,0.415649086236954,-0.0436766259372234,-0.152943834662437,-0.0436766296625137,-0.152943849563599,-0.114003874361515,0.213978186249733,-0.0436766259372234,-0.152943834662437,0.374505072832108,0.415649086236954
10.4652004241943,0.374444335699081,0.415620386600494,-0.0436862334609032,-0.15293300151825,-0.113916240632534,0.214011147618294,-0.0436862371861935,-0.152933016419411,-0.0436862334609032,-0.15293300151825,0.374442249536514,0.415620058774948,-0.0436862669885159,-0.152932986617088,-0.113914206624031,0.214011237025261,-0.113916240632534,0.214011147618294,-0.0436862669885159,-0.152932986617088,0.374444365501404,0.415620416402817,-0.0436862297356129,-0.152932986617088,-0.0436862371861935,-0.152933016419411,-0.113914206624031,0.214011237025261,-0.0436862297356129,-0.152932986617088,0.374442249536514,0.415620058774948
10.4656000137329,0.374381393194199,0.415591537952423,-0.0436959117650986,-0.152922168374062,-0.113826557993889,0.214044138789177,-0.0436959117650986,-0.152922168374062,-0.0436959080398083,-0.1529221534729,0.374379068613052,0.415591359138489,-0.0436959080398083,-0.1529221534729,-0.113824613392353,0.214044168591499,-0.113826557993889,0.214044138789177,-0.0436959080398083,-0.1529221534729,0.374381393194199,0.415591537952423,-0.043695904314518,-0.152922138571739,-0.0436959117650986,-0.152922168374062,-0.113824613392353,0.214044168591499,-0.043695904314518,-0.152922138571739,0.374379068613052,0.415591359138489
10.4659996032715,0.374318391084671,0.415562689304352,-0.0437055118381977,-0.152911305427551,-0.113736845552921,0.214077085256577,-0.043705515563488,-0.152911320328712,-0.0437055118381977,-0.152911305427551,0.374315917491913,0.415562689304352,-0.0437055863440037,-0.152911305427551,-0.113734811544418,0.214077189564705,-0.113736853003502,0.214077100157738,-0.0437055863440037,-0.152911305427551,0.374318420886993,0.415562748908997,-0.0437055081129074,-0.15291129052639,-0.043705515563488,-0.152911320328712,-0.113734811544418,0.214077189564705,-0.0437055081129074,-0.15291129052639,0.374315917491913,0.415562689304352
10.4664001464844,0.374255269765854,0.415534049272537,-0.0437151864171028,-0.152900472283363,-0.113647133111954,0.214109972119331,-0.0437151901423931,-0.152900487184525,-0.0437151864171028,-0.152900472283363,0.374252796173096,0.415534049272537,-0.0437151789665222,-0.152900457382202,-0.113645188510418,0.214110001921654,-0.113647133111954,0.214109972119331,-0.0437151789665222,-0.152900457382202,0.374255299568176,0.41553407907486,-0.0437151789665222,-0.152900457382202,-0.0437151901423931,-0.152900487184525,-0.113645188510418,0.214110001921654,-0.0437151789665222,-0.152900457382202,0.374252796173096,0.415534049272537
10.4667997360229,0.37419193983078,0.415505558252335,-0.0437248237431049,-0.152889624238014,-0.113557398319244,0.214142829179764,-0.0437248237431049,-0.152889624238014,-0.0437248237431049,-0.152889624238014,0.374189674854279,0.415505439043045,-0.0437248535454273,-0.152889609336853,-0.113555356860161,0.214142918586731,-0.113557398319244,0.214142829179764,-0.0437248535454273,-0.152889609336853,0.374191999435425,0.415505617856979,-0.0437248200178146,-0.152889609336853,-0.0437248237431049,-0.152889624238014,-0.113555356860161,0.214142918586731,-0.0437248200178146,-0.152889609336853,0.374189674854279,0.415505439043045
10.4672002792358,0.374128878116608,0.41547691822052,-0.0437344536185265,-0.152878761291504,-0.113467641174793,0.21417561173439,-0.0437344573438168,-0.152878776192665,-0.0437344536185265,-0.152878761291504,0.374126553535461,0.415476739406586,-0.0437344461679459,-0.152878746390343,-0.11346560716629,0.214175716042519,-0.113467641174793,0.21417561173439,-0.0437344461679459,-0.152878746390343,0.37412890791893,0.415476977825165,-0.0437344461679459,-0.152878746390343,-0.0437344573438168,-0.152878776192665,-0.11346560716629,0.214175716042519,-0.0437344461679459,-0.152878746390343,0.374126553535461,0.415476739406586
10.4675998687744,0.374065607786179,0.415448486804962,-0.0437440797686577,-0.152867898344994,-0.113377772271633,0.214208394289017,-0.043744083493948,-0.152867913246155,-0.0437440797686577,-0.152867898344994,0.374063313007355,0.41544833779335,-0.0437440760433674,-0.152867883443832,-0.113375835120678,0.214208453893661,-0.113377772271633,0.214208394289017,-0.0437440760433674,-0.152867883443832,0.374065637588501,0.415448516607285,-0.0437440760433674,-0.152867883443832,-0.043744083493948,-0.152867913246155,-0.113375835120678,0.214208453893661,-0.0437440760433674,-0.152867883443832,0.374063283205032,0.415448307991028
10.4680004119873,0.374002546072006,0.415419906377792,-0.0437537096440792,-0.152857050299644,-0.11328798532486,0.214241087436676,-0.0437537096440792,-0.152857050299644,-0.0437537096440792,-0.152857050299644,0.374000072479248,0.415419906377792,-0.0437537059187889,-0.152857020497322,-0.113285943865776,0.214241176843643,-0.11328798532486,0.214241087436676,-0.0437537059187889,-0.152857020497322,0.37400233745575,0.415420085191727,-0.0437537059187889,-0.152857035398483,-0.0437537096440792,-0.152857050299644,-0.113285943865776,0.214241176843643,-0.0437537059187889,-0.152857035398483,0.374000072479248,0.415419906377792
10.4684000015259,0.373939335346222,0.415391504764557,-0.0437632985413074,-0.152846172451973,-0.113198086619377,0.214273780584335,-0.0437633730471134,-0.152846172451973,-0.0437632948160172,-0.152846157550812,0.373936802148819,0.415391534566879,-0.0437633693218231,-0.152846157550812,-0.113196037709713,0.214273855090141,-0.113198086619377,0.214273780584335,-0.0437633693218231,-0.152846157550812,0.373939126729965,0.415391653776169,-0.0437633655965328,-0.152846142649651,-0.0437633730471134,-0.152846172451973,-0.113196037709713,0.214273855090141,-0.0437633655965328,-0.152846142649651,0.373936802148819,0.415391534566879
10.4687995910645,0.373875916004181,0.415363252162933,-0.0437729544937611,-0.152835294604301,-0.113108165562153,0.21430641412735,-0.0437729544937611,-0.152835294604301,-0.0437729544937611,-0.152835294604301,0.373873591423035,0.415363103151321,-0.0437729507684708,-0.15283527970314,-0.113106116652489,0.214306488633156,-0.113108165562153,0.21430641412735,-0.0437729507684708,-0.15283527970314,0.373875916004181,0.415363252162933,-0.0437729507684708,-0.15283527970314,-0.0437729544937611,-0.152835294604301,-0.113106116652489,0.214306488633156,-0.0437729507684708,-0.15283527970314,0.373873591423035,0.415363103151321
10.4692001342773,0.373812705278397,0.41533488035202,-0.0437825731933117,-0.15282441675663,-0.113018229603767,0.21433898806572,-0.043782576918602,-0.152824431657791,-0.0437825731933117,-0.15282441675663,0.373810231685638,0.415334910154343,-0.0437826067209244,-0.152824401855469,-0.113016292452812,0.214339017868042,-0.113018229603767,0.21433898806572,-0.0437826067209244,-0.152824401855469,0.373812705278397,0.41533488035202,-0.0437825694680214,-0.152824401855469,-0.043782576918602,-0.152824431657791,-0.113016292452812,0.214339017868042,-0.0437825694680214,-0.152824401855469,0.373810231685638,0.415334910154343
10.4695997238159,0.373749345541,0.415306687355042,-0.0437921918928623,-0.15281355381012,-0.112928286194801,0.214371517300606,-0.0437921918928623,-0.152813538908958,-0.0437921918928623,-0.15281355381012,0.373747020959854,0.415306508541107,-0.043792188167572,-0.152813524007797,-0.112926341593266,0.214371562004089,-0.112928286194801,0.214371517300606,-0.043792188167572,-0.152813524007797,0.373749345541,0.415306687355042,-0.043792188167572,-0.152813538908958,-0.0437921918928623,-0.152813538908958,-0.112926341593266,0.214371562004089,-0.043792188167572,-0.152813538908958,0.373747020959854,0.415306508541107
10.4700002670288,0.373685985803604,0.41527846455574,-0.0438017696142197,-0.152802675962448,-0.112838312983513,0.214404001832008,-0.0438018068671227,-0.152802675962448,-0.0438017696142197,-0.152802675962448,0.373683661222458,0.415278315544128,-0.0438018031418324,-0.152802661061287,-0.112836368381977,0.21440401673317,-0.112838312983513,0.214404001832008,-0.0438018031418324,-0.152802661061287,0.373686015605927,0.415278524160385,-0.0438018031418324,-0.152802661061287,-0.0438018068671227,-0.152802675962448,-0.112836368381977,0.21440401673317,-0.0438018031418324,-0.152802661061287,0.373683661222458,0.415278315544128
10.4703998565674,0.373622447252274,0.415250509977341,-0.0438114181160927,-0.152791768312454,-0.112748332321644,0.214436441659927,-0.043811421841383,-0.152791783213615,-0.0438114181160927,-0.152791768312454,0.373620331287384,0.41525012254715,-0.0438114143908024,-0.152791753411293,-0.11274629086256,0.214436501264572,-0.112748332321644,0.214436441659927,-0.0438114143908024,-0.152791753411293,0.373622506856918,0.415250539779663,-0.0438114143908024,-0.152791753411293,-0.043811421841383,-0.152791783213615,-0.11274629086256,0.214436501264572,-0.0438114143908024,-0.152791753411293,0.373620331287384,0.41525012254715
10.4708003997803,0.3735591173172,0.415222316980362,-0.0438209921121597,-0.152780890464783,-0.112658329308033,0.214468792080879,-0.04382099583745,-0.152780890464783,-0.0438209921121597,-0.152780890464783,0.373557031154633,0.415222018957138,-0.0438209883868694,-0.152780875563622,-0.112656287848949,0.214468881487846,-0.112658329308033,0.214468792080879,-0.0438209883868694,-0.152780875563622,0.373559147119522,0.415222376585007,-0.0438209883868694,-0.152780875563622,-0.04382099583745,-0.152780890464783,-0.112656287848949,0.214468881487846,-0.0438209883868694,-0.152780875563622,0.373557031154633,0.415222018957138
10.4711999893188,0.373495846986771,0.415194183588028,-0.0438306368887424,-0.15276999771595,-0.112568214535713,0.214501157402992,-0.0438306406140327,-0.15276999771595,-0.0438306368887424,-0.15276999771595,0.373493522405624,0.415194004774094,-0.0438306331634521,-0.152769982814789,-0.112566165626049,0.214501246809959,-0.112568214535713,0.214501157402992,-0.0438306331634521,-0.152769982814789,0.373495846986771,0.415194183588028,-0.0438306331634521,-0.152769982814789,-0.0438306406140327,-0.15276999771595,-0.112566165626049,0.214501246809959,-0.0438306331634521,-0.152769982814789,0.373493522405624,0.415194004774094
10.4715995788574,0.373432338237762,0.415166169404984,-0.0438402071595192,-0.152759090065956,-0.11247818171978,0.214533433318138,-0.0438402108848095,-0.152759104967117,-0.0438402071595192,-0.152759090065956,0.373430043458939,0.415165990591049,-0.0438402034342289,-0.152759075164795,-0.112476140260696,0.214533522725105,-0.112478189170361,0.214533448219299,-0.0438402034342289,-0.152759075164795,0.373432397842407,0.415166258811951,-0.0438402034342289,-0.152759075164795,-0.0438402108848095,-0.152759104967117,-0.112476140260696,0.214533522725105,-0.0438402034342289,-0.152759075164795,0.373430043458939,0.415165990591049
10.4720001220703,0.373368889093399,0.415138185024261,-0.0438498146831989,-0.152748197317123,-0.112388029694557,0.214565694332123,-0.0438498146831989,-0.152748197317123,-0.0438498146831989,-0.152748197317123,0.373366624116898,0.415138095617294,-0.0438498109579086,-0.152748182415962,-0.112385988235474,0.21456578373909,-0.112388029694557,0.214565694332123,-0.0438498109579086,-0.152748182415962,0.373368918895721,0.415138274431229,-0.0438498109579086,-0.152748182415962,-0.0438498146831989,-0.152748197317123,-0.112385988235474,0.21456578373909,-0.0438498109579086,-0.152748182415962,0.373366624116898,0.415138095617294
10.4723997116089,0.373305439949036,0.415110290050507,-0.0438594110310078,-0.15273728966713,-0.112297870218754,0.214597925543785,-0.0438594110310078,-0.15273728966713,-0.0438594110310078,-0.15273728966713,0.373303115367889,0.415110200643539,-0.0438594073057175,-0.152737274765968,-0.112295925617218,0.214597940444946,-0.112297870218754,0.214597925543785,-0.0438594073057175,-0.152737274765968,0.373305380344391,0.415110379457474,-0.0438594073057175,-0.152737274765968,-0.0438594110310078,-0.15273728966713,-0.112295925617218,0.214597940444946,-0.0438594073057175,-0.152737274765968,0.373303115367889,0.415110200643539
10.4728002548218,0.373241871595383,0.415082514286041,-0.0438690111041069,-0.152726382017136,-0.112207695841789,0.214630082249641,-0.0438690148293972,-0.152726396918297,-0.0438690111041069,-0.152726382017136,0.373239547014236,0.415082365274429,-0.0438690073788166,-0.152726367115974,-0.112205743789673,0.214630082249641,-0.112207695841789,0.214630082249641,-0.0438690073788166,-0.152726367115974,0.373241871595383,0.415082544088364,-0.0438690073788166,-0.152726367115974,-0.0438690148293972,-0.152726396918297,-0.112205743789673,0.214630082249641,-0.0438690073788166,-0.152726367115974,0.373239547014236,0.415082365274429
10.4731998443604,0.373178333044052,0.415054678916931,-0.0438786037266254,-0.152715474367142,-0.112117491662502,0.214662194252014,-0.0438786037266254,-0.152715474367142,-0.0438786037266254,-0.152715474367142,0.373176097869873,0.415054589509964,-0.0438786000013351,-0.152715459465981,-0.112115554511547,0.214662209153175,-0.112117499113083,0.214662209153175,-0.0438786000013351,-0.152715459465981,0.373178392648697,0.415054738521576,-0.0438786000013351,-0.152715459465981,-0.0438786037266254,-0.152715474367142,-0.112115554511547,0.214662209153175,-0.0438786000013351,-0.152715459465981,0.373176097869873,0.415054589509964
10.4736003875732,0.373114794492722,0.415026932954788,-0.0438881628215313,-0.152704551815987,-0.112027287483215,0.214694246649742,-0.0438881628215313,-0.152704551815987,-0.043888159096241,-0.152704536914825,0.373112499713898,0.415026843547821,-0.043888159096241,-0.152704536914825,-0.112025238573551,0.214694306254387,-0.112027287483215,0.214694246649742,-0.043888159096241,-0.152704536914825,0.373114824295044,0.415027022361755,-0.0438881553709507,-0.152704522013664,-0.0438881628215313,-0.152704551815987,-0.112025238573551,0.214694306254387,-0.0438881553709507,-0.152704522013664,0.373112499713898,0.415026843547821
10.4739999771118,0.373051226139069,0.414999306201935,-0.0438977889716625,-0.152693644165993,-0.111937060952187,0.214726269245148,-0.0438977889716625,-0.152693644165993,-0.0438977889716625,-0.152693644165993,0.373048931360245,0.414999127388,-0.0438977852463722,-0.152693629264832,-0.111935004591942,0.21472629904747,-0.111937060952187,0.214726269245148,-0.0438977852463722,-0.152693629264832,0.373051226139069,0.414999306201935,-0.0438977852463722,-0.152693629264832,-0.0438977889716625,-0.152693644165993,-0.111935004591942,0.21472629904747,-0.0438977852463722,-0.152693629264832,0.373048931360245,0.414999127388
10.4743995666504,0.372987627983093,0.414971649646759,-0.0439073443412781,-0.152682706713676,-0.111846707761288,0.214758262038231,-0.0439073480665684,-0.152682721614838,-0.0439073443412781,-0.152682721614838,0.372985303401947,0.414971530437469,-0.0439073406159878,-0.152682691812515,-0.111844658851624,0.214758306741714,-0.111846707761288,0.214758262038231,-0.0439073406159878,-0.152682691812515,0.372987627983093,0.414971649646759,-0.0439073406159878,-0.152682691812515,-0.0439073480665684,-0.152682721614838,-0.111844658851624,0.214758306741714,-0.0439073406159878,-0.152682691812515,0.372985303401947,0.414971530437469
10.4748001098633,0.372924000024796,0.41494408249855,-0.0439168959856033,-0.152671784162521,-0.111756451427937,0.214790165424347,-0.0439169332385063,-0.152671799063683,-0.0439168959856033,-0.152671784162521,0.372921705245972,0.414943963289261,-0.0439169257879257,-0.15267176926136,-0.111754395067692,0.214790210127831,-0.111756451427937,0.214790165424347,-0.0439169257879257,-0.15267176926136,0.372924029827118,0.414944142103195,-0.043916892260313,-0.15267176926136,-0.0439169332385063,-0.152671799063683,-0.111754395067692,0.214790210127831,-0.0439169257879257,-0.15267176926136,0.372921675443649,0.414943903684616
10.4751996994019,0.372860431671143,0.414916545152664,-0.0439264811575413,-0.152660861611366,-0.111666075885296,0.214822053909302,-0.0439264811575413,-0.152660861611366,-0.0439264811575413,-0.152660861611366,0.372858017683029,0.414916396141052,-0.043926514685154,-0.152660846710205,-0.111664026975632,0.214822113513947,-0.111666075885296,0.214822053909302,-0.043926514685154,-0.152660846710205,0.372860342264175,0.414916574954987,-0.043926477432251,-0.152660846710205,-0.0439264811575413,-0.152660861611366,-0.111664026975632,0.214822113513947,-0.043926477432251,-0.152660846710205,0.372858017683029,0.414916396141052
10.4756002426147,0.3727967441082,0.414889067411423,-0.0439360588788986,-0.152649909257889,-0.111575685441494,0.214853897690773,-0.0439360626041889,-0.15264992415905,-0.0439360588788986,-0.152649909257889,0.372794330120087,0.414888918399811,-0.0439360551536083,-0.152649894356728,-0.111573733389378,0.214853912591934,-0.111575685441494,0.214853897690773,-0.0439360551536083,-0.152649894356728,0.372796654701233,0.414889097213745,-0.0439360551536083,-0.152649894356728,-0.0439360626041889,-0.15264992415905,-0.111573733389378,0.214853912591934,-0.0439360551536083,-0.152649894356728,0.372794330120087,0.414888918399811
10.4759998321533,0.37273296713829,0.414861649274826,-0.0439456403255463,-0.152638986706734,-0.111485280096531,0.214885696768761,-0.0439456403255463,-0.152638986706734,-0.0439456403255463,-0.152638986706734,0.372730612754822,0.414861559867859,-0.043945636600256,-0.152638971805573,-0.111483320593834,0.214885696768761,-0.111485280096531,0.214885696768761,-0.043945636600256,-0.152638971805573,0.372732996940613,0.414861679077148,-0.0439456328749657,-0.152638956904411,-0.0439456403255463,-0.152638986706734,-0.111483320593834,0.214885696768761,-0.0439456328749657,-0.152638956904411,0.372730731964111,0.414861500263214
10.4764003753662,0.372669249773026,0.414834260940552,-0.0439551845192909,-0.152628064155579,-0.111394949257374,0.21491739153862,-0.0439552180469036,-0.152628049254417,-0.0439551845192909,-0.152628064155579,0.372666984796524,0.414834171533585,-0.0439552143216133,-0.152628034353256,-0.11139290034771,0.214917451143265,-0.111394949257374,0.21491739153862,-0.0439552143216133,-0.152628034353256,0.372669279575348,0.414834320545197,-0.0439551770687103,-0.152628034353256,-0.0439552180469036,-0.152628049254417,-0.11139290034771,0.214917451143265,-0.0439551807940006,-0.152628049254417,0.372666984796524,0.414834141731262
10.4767999649048,0.372605562210083,0.414806962013245,-0.0439647547900677,-0.15261709690094,-0.111304514110088,0.214949071407318,-0.043964758515358,-0.152617111802101,-0.0439647547900677,-0.15261709690094,0.37260314822197,0.41480678319931,-0.0439647510647774,-0.152617081999779,-0.111302457749844,0.214949131011963,-0.111304514110088,0.214949071407318,-0.0439647510647774,-0.152617081999779,0.372605472803116,0.414806962013245,-0.0439647510647774,-0.152617081999779,-0.043964758515358,-0.152617111802101,-0.111302457749844,0.214949131011963,-0.0439647510647774,-0.152617081999779,0.37260314822197,0.41480678319931
10.4771995544434,0.372541785240173,0.41477969288826,-0.0439742915332317,-0.152606159448624,-0.111213959753513,0.214980766177177,-0.0439742915332317,-0.152606159448624,-0.0439742915332317,-0.152606159448624,0.37253937125206,0.414779543876648,-0.0439742878079414,-0.152606144547462,-0.111211903393269,0.214980810880661,-0.111213959753513,0.214980766177177,-0.0439742878079414,-0.152606144547462,0.372541666030884,0.414779722690582,-0.0439742878079414,-0.152606144547462,-0.0439742915332317,-0.152606159448624,-0.111211903393269,0.214980810880661,-0.0439742878079414,-0.152606144547462,0.37253937125206,0.414779543876648
10.4776000976563,0.372477918863297,0.41475248336792,-0.0439838618040085,-0.152595192193985,-0.111123487353325,0.215012356638908,-0.0439838655292988,-0.152595207095146,-0.0439838618040085,-0.152595192193985,0.372475624084473,0.414752334356308,-0.0439838953316212,-0.152595177292824,-0.11112143099308,0.215012386441231,-0.111123487353325,0.215012356638908,-0.0439838953316212,-0.152595177292824,0.372477918863297,0.414752513170242,-0.0439838580787182,-0.152595177292824,-0.0439838655292988,-0.152595207095146,-0.11112143099308,0.215012386441231,-0.0439838580787182,-0.152595177292824,0.372475624084473,0.414752334356308
10.4779996871948,0.372414141893387,0.414725303649902,-0.0439934283494949,-0.152584239840508,-0.111032992601395,0.215043872594833,-0.0439934320747852,-0.152584254741669,-0.0439934283494949,-0.152584239840508,0.372411876916885,0.41472515463829,-0.0439934246242046,-0.152584224939346,-0.111030846834183,0.215043976902962,-0.111033000051975,0.215043887495995,-0.0439934246242046,-0.152584224939346,0.372414171695709,0.414725333452225,-0.0439934246242046,-0.152584224939346,-0.0439934320747852,-0.152584254741669,-0.111030846834183,0.215043976902962,-0.0439934246242046,-0.152584224939346,0.372411876916885,0.41472515463829
10.4784002304077,0.372350305318832,0.41469818353653,-0.0440029576420784,-0.15257328748703,-0.110942393541336,0.21507540345192,-0.0440029613673687,-0.152573302388191,-0.0440029576420784,-0.15257328748703,0.372347950935364,0.414698094129562,-0.0440029539167881,-0.152573257684708,-0.110940337181091,0.215075463056564,-0.110942393541336,0.21507540345192,-0.0440029539167881,-0.152573257684708,0.372350245714188,0.414698272943497,-0.0440029539167881,-0.152573272585869,-0.0440029613673687,-0.152573302388191,-0.110940337181091,0.215075463056564,-0.0440029539167881,-0.152573272585869,0.372347950935364,0.414698094129562
10.4787998199463,0.372286438941956,0.414671182632446,-0.0440125241875648,-0.152562320232391,-0.110851779580116,0.215106874704361,-0.0440125279128551,-0.152562335133553,-0.0440125241875648,-0.152562320232391,0.372284144163132,0.414671063423157,-0.0440125204622746,-0.15256230533123,-0.110849827528,0.215106874704361,-0.110851779580116,0.215106874704361,-0.0440125204622746,-0.15256230533123,0.372286438941956,0.414671182632446,-0.0440125204622746,-0.15256230533123,-0.0440125279128551,-0.152562335133553,-0.110849827528,0.215106874704361,-0.0440125204622746,-0.15256230533123,0.372284114360809,0.414671003818512
10.4792003631592,0.372222572565079,0.414644181728363,-0.0440220460295677,-0.152551352977753,-0.110761240124702,0.215138256549835,-0.044022049754858,-0.152551367878914,-0.0440220460295677,-0.152551352977753,0.372220277786255,0.414644032716751,-0.0440220795571804,-0.152551338076591,-0.11075908690691,0.215138345956802,-0.110761240124702,0.215138256549835,-0.0440220795571804,-0.152551338076591,0.372222572565079,0.414644181728363,-0.0440220423042774,-0.152551338076591,-0.044022049754858,-0.152551367878914,-0.11075908690691,0.215138345956802,-0.0440220423042774,-0.152551338076591,0.372220277786255,0.414644032716751
10.4795999526978,0.372158706188202,0.414617210626602,-0.0440316088497639,-0.152540400624275,-0.110670492053032,0.215169683098793,-0.0440316088497639,-0.152540385723114,-0.0440316088497639,-0.152540400624275,0.372156322002411,0.414617091417313,-0.0440316051244736,-0.152540370821953,-0.110668532550335,0.215169668197632,-0.110670492053032,0.215169683098793,-0.0440316051244736,-0.152540370821953,0.372158646583557,0.414617240428925,-0.0440316051244736,-0.152540370821953,-0.0440316088497639,-0.152540385723114,-0.110668532550335,0.215169668197632,-0.0440316051244736,-0.152540370821953,0.372156322002411,0.414617091417313
10.4799995422363,0.372094750404358,0.414590299129486,-0.0440411232411861,-0.152529418468475,-0.110579930245876,0.215200945734978,-0.0440411232411861,-0.152529418468475,-0.0440411232411861,-0.152529418468475,0.372092366218567,0.414590179920197,-0.0440411195158958,-0.152529403567314,-0.110577866435051,0.2152009755373,-0.110579930245876,0.215200945734978,-0.0440411195158958,-0.152529403567314,0.372094750404358,0.414590299129486,-0.0440411195158958,-0.152529403567314,-0.0440411232411861,-0.152529418468475,-0.110577866435051,0.2152009755373,-0.0440411195158958,-0.152529403567314,0.372092366218567,0.414590179920197
10.4804000854492,0.372030735015869,0.414563447237015,-0.0440506376326084,-0.152518436312675,-0.110489137470722,0.215232253074646,-0.0440506413578987,-0.152518451213837,-0.0440506376326084,-0.152518436312675,0.372028470039368,0.414563328027725,-0.0440506711602211,-0.152518421411514,-0.110487192869186,0.215232238173485,-0.110489137470722,0.215232253074646,-0.0440506711602211,-0.152518421411514,0.372030735015869,0.414563447237015,-0.0440506339073181,-0.152518421411514,-0.0440506413578987,-0.152518451213837,-0.110487192869186,0.215232238173485,-0.0440506339073181,-0.152518421411514,0.372028440237045,0.414563298225403
10.4807996749878,0.37196671962738,0.414536625146866,-0.044060193002224,-0.152507469058037,-0.110398441553116,0.215263471007347,-0.0440601967275143,-0.152507483959198,-0.044060193002224,-0.152507469058037,0.371964484453201,0.414536535739899,-0.0440601892769337,-0.152507454156876,-0.110396489500999,0.215263456106186,-0.110398441553116,0.215263471007347,-0.0440601892769337,-0.152507454156876,0.371966749429703,0.414536714553833,-0.0440601892769337,-0.152507454156876,-0.0440601967275143,-0.152507483959198,-0.110396489500999,0.215263456106186,-0.0440601892769337,-0.152507454156876,0.371964484453201,0.414536535739899
10.4812002182007,0.371902734041214,0.414509892463684,-0.0440697409212589,-0.152496472001076,-0.110307738184929,0.215294629335403,-0.0440697446465492,-0.152496486902237,-0.0440697409212589,-0.152496472001076,0.371900498867035,0.414509803056717,-0.0440697371959686,-0.152496457099915,-0.110305681824684,0.215294659137726,-0.110307738184929,0.215294629335403,-0.0440697371959686,-0.152496457099915,0.371902763843536,0.414509952068329,-0.0440697371959686,-0.152496457099915,-0.0440697446465492,-0.152496486902237,-0.110305681824684,0.215294659137726,-0.0440697371959686,-0.152496457099915,0.371900498867035,0.414509773254395
10.4815998077393,0.371838808059692,0.414483249187469,-0.0440792515873909,-0.152485474944115,-0.110216908156872,0.215325772762299,-0.0440792553126812,-0.152485489845276,-0.0440792515873909,-0.152485474944115,0.371836483478546,0.414483100175858,-0.0440792478621006,-0.152485460042953,-0.110214956104755,0.215325772762299,-0.110216908156872,0.215325772762299,-0.0440792478621006,-0.152485460042953,0.371838808059692,0.414483249187469,-0.0440792478621006,-0.152485460042953,-0.0440792553126812,-0.152485489845276,-0.110214956104755,0.215325772762299,-0.0440792478621006,-0.152485460042953,0.371836423873901,0.414483070373535
10.4820003509521,0.371774673461914,0.414456605911255,-0.0440887622535229,-0.152474492788315,-0.110126167535782,0.215356841683388,-0.0440887659788132,-0.152474492788315,-0.0440887622535229,-0.152474492788315,0.371772408485413,0.414456427097321,-0.0440887548029423,-0.152474462985992,-0.110124111175537,0.215356856584549,-0.110126167535782,0.215356841683388,-0.0440887548029423,-0.152474462985992,0.371774673461914,0.414456605911255,-0.0440887548029423,-0.152474477887154,-0.0440887659788132,-0.152474492788315,-0.110124111175537,0.215356856584549,-0.0440887548029423,-0.152474477887154,0.371772408485413,0.414456427097321
10.4823999404907,0.371710658073425,0.414430022239685,-0.0440982654690742,-0.152463495731354,-0.110035300254822,0.215387880802155,-0.0440983027219772,-0.152463495731354,-0.0440982654690742,-0.152463495731354,0.371708333492279,0.414429903030396,-0.0440982989966869,-0.152463480830193,-0.110033243894577,0.215387910604477,-0.110035300254822,0.215387880802155,-0.0440982989966869,-0.152463480830193,0.371710658073425,0.414430022239685,-0.0440982989966869,-0.152463480830193,-0.0440983027219772,-0.152463495731354,-0.110033243894577,0.215387910604477,-0.0440982989966869,-0.152463480830193,0.371708333492279,0.414429903030396
10.4827995300293,0.371646612882614,0.41440349817276,-0.0441078022122383,-0.152452483773232,-0.109944425523281,0.215418860316277,-0.0441078059375286,-0.152452498674393,-0.0441078022122383,-0.152452483773232,0.371644198894501,0.41440337896347,-0.044107798486948,-0.15245246887207,-0.109942376613617,0.215418919920921,-0.109944432973862,0.215418875217438,-0.044107798486948,-0.15245246887207,0.371646523475647,0.414403527975082,-0.044107798486948,-0.15245246887207,-0.0441078059375286,-0.152452498674393,-0.109942376613617,0.215418919920921,-0.044107798486948,-0.15245246887207,0.371644198894501,0.41440337896347
10.4832000732422,0.371582448482513,0.414376974105835,-0.044117346405983,-0.152441501617432,-0.10985354334116,0.215449824929237,-0.044117346405983,-0.152441501617432,-0.0441173426806927,-0.15244148671627,0.371580123901367,0.414376854896545,-0.0441173389554024,-0.152441471815109,-0.109851486980915,0.21544985473156,-0.10985354334116,0.215449824929237,-0.0441173426806927,-0.15244148671627,0.371582448482513,0.414377003908157,-0.0441173389554024,-0.152441471815109,-0.044117346405983,-0.152441501617432,-0.109851486980915,0.21544985473156,-0.0441173389554024,-0.152441471815109,0.371580123901367,0.414376854896545
10.4835996627808,0.371518343687057,0.414350539445877,-0.0441268384456635,-0.152430489659309,-0.109762631356716,0.215480715036392,-0.0441268421709538,-0.152430504560471,-0.0441268384456635,-0.152430489659309,0.371516019105911,0.41435045003891,-0.0441268347203732,-0.152430474758148,-0.1097606793046,0.21548068523407,-0.109762638807297,0.215480729937553,-0.0441268347203732,-0.152430474758148,0.37151837348938,0.414350569248199,-0.0441268347203732,-0.152430474758148,-0.0441268421709538,-0.152430504560471,-0.1097606793046,0.21548068523407,-0.0441268347203732,-0.152430474758148,0.371516019105911,0.41435045003891
10.4840002059937,0.371454149484634,0.414324194192886,-0.0441363342106342,-0.152419477701187,-0.109671711921692,0.215511545538902,-0.0441363379359245,-0.152419492602348,-0.0441363342106342,-0.152419477701187,0.371451884508133,0.414324074983597,-0.0441363304853439,-0.152419462800026,-0.109669655561447,0.215511560440063,-0.109671711921692,0.215511545538902,-0.0441363304853439,-0.152419462800026,0.371454179286957,0.414324253797531,-0.0441363304853439,-0.152419462800026,-0.0441363379359245,-0.152419492602348,-0.109669655561447,0.215511560440063,-0.0441363304853439,-0.152419462800026,0.371451884508133,0.414324074983597
10.4843997955322,0.371389955282211,0.414297878742218,-0.0441458337008953,-0.152408480644226,-0.109580785036087,0.215542331337929,-0.0441458337008953,-0.152408480644226,-0.0441458337008953,-0.152408480644226,0.371387660503387,0.414297729730606,-0.044145829975605,-0.152408465743065,-0.109578728675842,0.215542361140251,-0.109580785036087,0.215542331337929,-0.044145829975605,-0.152408465743065,0.371389955282211,0.414297878742218,-0.044145829975605,-0.152408465743065,-0.0441458337008953,-0.152408480644226,-0.109578728675842,0.215542361140251,-0.044145829975605,-0.152408465743065,0.371387660503387,0.414297729730606
10.4848003387451,0.371325731277466,0.414271593093872,-0.0441553220152855,-0.152397453784943,-0.109489724040031,0.215573102235794,-0.0441553257405758,-0.152397468686104,-0.0441553220152855,-0.152397453784943,0.371323496103287,0.414271503686905,-0.0441553182899952,-0.152397438883781,-0.109487771987915,0.215573087334633,-0.109489724040031,0.215573102235794,-0.0441553182899952,-0.152397438883781,0.371325761079788,0.414271652698517,-0.0441553182899952,-0.152397438883781,-0.0441553220152855,-0.152397453784943,-0.109487771987915,0.215573087334633,-0.0441553182899952,-0.152397438883781,0.371323496103287,0.414271503686905
10.4851999282837,0.37126150727272,0.414245396852493,-0.0441648103296757,-0.152386426925659,-0.109398767352104,0.215603798627853,-0.044164814054966,-0.152386426925659,-0.0441648103296757,-0.152386426925659,0.371259272098541,0.414245337247849,-0.0441648066043854,-0.152386412024498,-0.109396710991859,0.215603828430176,-0.109398767352104,0.215603798627853,-0.0441648066043854,-0.152386412024498,0.37126150727272,0.414245426654816,-0.0441648066043854,-0.152386412024498,-0.044164814054966,-0.152386426925659,-0.109396710991859,0.215603828430176,-0.0441648066043854,-0.152386412024498,0.371259242296219,0.414245277643204
10.4856004714966,0.371197253465652,0.414219230413437,-0.0441743321716785,-0.152375400066376,-0.109307676553726,0.21563446521759,-0.0441743321716785,-0.152375400066376,-0.0441743321716785,-0.152375400066376,0.371194988489151,0.414219111204147,-0.0441743284463882,-0.152375385165215,-0.109305627644062,0.215634495019913,-0.109307676553726,0.21563446521759,-0.0441743284463882,-0.152375385165215,0.371197283267975,0.414219260215759,-0.0441743284463882,-0.152375385165215,-0.0441743321716785,-0.152375400066376,-0.109305627644062,0.215634495019913,-0.0441743284463882,-0.152375385165215,0.371194988489151,0.414219111204147
10.4860000610352,0.371132969856262,0.414193153381348,-0.0441838130354881,-0.152364373207092,-0.109216690063477,0.215665027499199,-0.0441838204860687,-0.152364388108253,-0.0441838130354881,-0.152364373207092,0.371130675077438,0.414193004369736,-0.0441838093101978,-0.152364358305931,-0.109214626252651,0.215665057301521,-0.109216690063477,0.215665027499199,-0.0441838093101978,-0.152364358305931,0.371132969856262,0.414193153381348,-0.0441838093101978,-0.152364358305931,-0.0441838204860687,-0.152364388108253,-0.109214626252651,0.215665057301521,-0.0441838093101978,-0.152364358305931,0.371130675077438,0.414193004369736
10.4863996505737,0.371068745851517,0.414167046546936,-0.044193297624588,-0.15235336124897,-0.109125576913357,0.215695604681969,-0.044193334877491,-0.152353346347809,-0.044193297624588,-0.15235336124897,0.371066391468048,0.414166957139969,-0.0441933311522007,-0.152353331446648,-0.109123520553112,0.215695634484291,-0.109125576913357,0.215695604681969,-0.0441933311522007,-0.152353331446648,0.371068686246872,0.414167106151581,-0.0441933311522007,-0.152353331446648,-0.044193334877491,-0.152353346347809,-0.109123520553112,0.215695634484291,-0.0441933311522007,-0.152353331446648,0.371066391468048,0.414166957139969
10.4868001937866,0.371004402637482,0.414141058921814,-0.0442027784883976,-0.152342319488525,-0.109034448862076,0.215726122260094,-0.0442028194665909,-0.152342319488525,-0.0442027784883976,-0.152342319488525,0.37100213766098,0.414140999317169,-0.0442028120160103,-0.152342289686203,-0.109032392501831,0.215726122260094,-0.109034448862076,0.215726122260094,-0.0442028120160103,-0.152342289686203,0.371004432439804,0.414141088724136,-0.0442027747631073,-0.152342304587364,-0.0442028157413006,-0.152342304587364,-0.109032392501831,0.215726122260094,-0.0442027747631073,-0.152342304587364,0.37100213766098,0.414140999317169
10.4871997833252,0.370940029621124,0.414115130901337,-0.0442122928798199,-0.152331277728081,-0.108943298459053,0.215756565332413,-0.0442122928798199,-0.152331277728081,-0.0442122928798199,-0.152331277728081,0.370937675237656,0.41411504149437,-0.0442122891545296,-0.15233126282692,-0.108941249549389,0.215756595134735,-0.108943298459053,0.215756565332413,-0.0442122891545296,-0.15233126282692,0.370940029621124,0.414115130901337,-0.0442122891545296,-0.15233126282692,-0.0442122928798199,-0.152331277728081,-0.108941249549389,0.215756595134735,-0.0442122891545296,-0.15233126282692,0.370937645435333,0.414115011692047
10.4876003265381,0.370875716209412,0.414089202880859,-0.0442217700183392,-0.152320235967636,-0.108852051198483,0.215787038207054,-0.0442217700183392,-0.152320235967636,-0.0442217700183392,-0.152320235967636,0.370873332023621,0.41408908367157,-0.0442217662930489,-0.152320221066475,-0.108850084245205,0.215786993503571,-0.108852051198483,0.215787038207054,-0.0442217662930489,-0.152320221066475,0.370875716209412,0.414089262485504,-0.0442217625677586,-0.152320206165314,-0.0442217700183392,-0.152320235967636,-0.108850084245205,0.215786993503571,-0.0442217662930489,-0.152320221066475,0.370873332023621,0.41408908367157
10.4879999160767,0.370811313390732,0.414063364267349,-0.0442312397062778,-0.152309194207191,-0.108760870993137,0.215817391872406,-0.0442312434315681,-0.152309209108353,-0.0442312397062778,-0.152309194207191,0.37080904841423,0.414063304662704,-0.0442312359809875,-0.15230917930603,-0.108758814632893,0.215817391872406,-0.108760870993137,0.215817391872406,-0.0442312359809875,-0.15230917930603,0.370811313390732,0.414063394069672,-0.0442312359809875,-0.15230917930603,-0.0442312434315681,-0.152309209108353,-0.108758814632893,0.215817391872406,-0.0442312359809875,-0.15230917930603,0.37080904841423,0.414063304662704
10.4884004592896,0.370746910572052,0.414037585258484,-0.0442407056689262,-0.152298137545586,-0.108669683337212,0.215847685933113,-0.0442407093942165,-0.152298152446747,-0.0442407056689262,-0.152298137545586,0.370744585990906,0.414037495851517,-0.0442407019436359,-0.152298107743263,-0.108667626976967,0.215847715735435,-0.108669683337212,0.215847685933113,-0.0442407019436359,-0.152298107743263,0.370746910572052,0.414037615060806,-0.0442407019436359,-0.152298122644424,-0.0442407093942165,-0.152298152446747,-0.108667626976967,0.215847715735435,-0.0442407019436359,-0.152298122644424,0.370744556188583,0.414037436246872
10.4888000488281,0.370682448148727,0.414011806249619,-0.0442501753568649,-0.15228708088398,-0.108578376471996,0.21587797999382,-0.0442501790821552,-0.152287095785141,-0.0442501753568649,-0.15228708088398,0.370680093765259,0.414011776447296,-0.0442501716315746,-0.152287065982819,-0.108576327562332,0.215878009796143,-0.108578376471996,0.21587797999382,-0.0442501716315746,-0.152287065982819,0.370682448148727,0.414011865854263,-0.0442501716315746,-0.152287065982819,-0.0442501790821552,-0.152287095785141,-0.108576327562332,0.215878009796143,-0.0442501716315746,-0.152287065982819,0.370680093765259,0.414011746644974
10.4891996383667,0.370618015527725,0.413986146450043,-0.0442596413195133,-0.152276024222374,-0.1084870621562,0.215908244252205,-0.0442596450448036,-0.152276039123535,-0.0442596413195133,-0.152276024222374,0.370615750551224,0.413986027240753,-0.044259637594223,-0.152276024222374,-0.108485102653503,0.21590818464756,-0.1084870621562,0.215908244252205,-0.044259637594223,-0.152276024222374,0.370618045330048,0.413986176252365,-0.044259637594223,-0.152276024222374,-0.0442596450448036,-0.152276039123535,-0.108485102653503,0.21590818464756,-0.044259637594223,-0.152276024222374,0.370615750551224,0.413986027240753
10.4896001815796,0.370553493499756,0.413960546255112,-0.0442691035568714,-0.152264967560768,-0.108395837247372,0.215938374400139,-0.0442691035568714,-0.152264967560768,-0.0442691035568714,-0.152264967560768,0.370551228523254,0.413960456848145,-0.0442690998315811,-0.152264952659607,-0.108393773436546,0.215938374400139,-0.108395837247372,0.215938374400139,-0.0442690998315811,-0.152264952659607,0.370553493499756,0.413960546255112,-0.0442690998315811,-0.152264952659607,-0.0442691035568714,-0.152264967560768,-0.108393773436546,0.215938374400139,-0.0442690998315811,-0.152264952659607,0.370551198720932,0.413960427045822
10.4899997711182,0.370489001274109,0.413934946060181,-0.0442785657942295,-0.152253910899162,-0.108304485678673,0.215968519449234,-0.0442785695195198,-0.152253910899162,-0.0442785657942295,-0.152253910899162,0.370486736297607,0.413934856653214,-0.0442785620689392,-0.15225388109684,-0.108302421867847,0.215968519449234,-0.108304485678673,0.215968519449234,-0.0442785620689392,-0.15225388109684,0.370489031076431,0.413935005664825,-0.0442785620689392,-0.15225388109684,-0.0442785695195198,-0.152253910899162,-0.108302421867847,0.215968519449234,-0.0442785620689392,-0.15225388109684,0.370486736297607,0.413934856653214
10.4904003143311,0.370424509048462,0.413909375667572,-0.044288020581007,-0.152242839336395,-0.108213119208813,0.215998589992523,-0.0442880243062973,-0.152242854237556,-0.044288020581007,-0.152242839336395,0.370422154664993,0.41390934586525,-0.0442880168557167,-0.152242824435234,-0.108211055397987,0.215998589992523,-0.108213119208813,0.215998589992523,-0.0442880168557167,-0.152242824435234,0.370424538850784,0.413909465074539,-0.0442880168557167,-0.152242824435234,-0.0442880243062973,-0.152242854237556,-0.108211055397987,0.215998589992523,-0.0442880168557167,-0.152242824435234,0.370422154664993,0.41390934586525
10.4907999038696,0.370359987020493,0.413883984088898,-0.0442974790930748,-0.152231782674789,-0.108121745288372,0.21602863073349,-0.0442974828183651,-0.152231782674789,-0.0442974790930748,-0.152231782674789,0.370357632637024,0.413883864879608,-0.0442974753677845,-0.152231752872467,-0.108119681477547,0.216028615832329,-0.108121745288372,0.21602863073349,-0.0442974753677845,-0.152231752872467,0.370359987020493,0.413883984088898,-0.0442974753677845,-0.152231752872467,-0.0442974828183651,-0.152231782674789,-0.108119681477547,0.216028615832329,-0.0442974753677845,-0.152231752872467,0.370357632637024,0.413883864879608
10.4912004470825,0.370295435190201,0.413858503103256,-0.044306930154562,-0.152220711112022,-0.10803034901619,0.216058596968651,-0.044306930154562,-0.152220711112022,-0.044306930154562,-0.152220711112022,0.370293140411377,0.413858473300934,-0.0443069264292717,-0.152220696210861,-0.108028285205364,0.21605858206749,-0.10803034901619,0.216058596968651,-0.0443069264292717,-0.152220696210861,0.370295464992523,0.413858532905579,-0.0443069264292717,-0.152220696210861,-0.044306930154562,-0.152220711112022,-0.108028285205364,0.21605858206749,-0.0443069264292717,-0.152220696210861,0.370293080806732,0.413858413696289
10.4916000366211,0.370230853557587,0.413833171129227,-0.0443163812160492,-0.152209624648094,-0.107938840985298,0.216088578104973,-0.0443163849413395,-0.152209624648094,-0.0443163812160492,-0.152209624648094,0.370228499174118,0.413833111524582,-0.0443163737654686,-0.152209594845772,-0.107936881482601,0.216088503599167,-0.107938840985298,0.216088578104973,-0.0443163737654686,-0.152209594845772,0.370230853557587,0.413833200931549,-0.0443163737654686,-0.152209609746933,-0.0443163849413395,-0.152209624648094,-0.107936881482601,0.216088503599167,-0.0443163737654686,-0.152209609746933,0.370228499174118,0.41383308172226
10.4919996261597,0.370166271924973,0.413807839155197,-0.0443258322775364,-0.152198538184166,-0.107847422361374,0.216118440032005,-0.0443258360028267,-0.152198553085327,-0.0443258322775364,-0.152198538184166,0.370163828134537,0.413807809352875,-0.0443258248269558,-0.152198523283005,-0.107845358550549,0.216118425130844,-0.107847422361374,0.216118440032005,-0.0443258248269558,-0.152198523283005,0.370166182518005,0.413807898759842,-0.0443258248269558,-0.152198523283005,-0.0443258360028267,-0.152198553085327,-0.107845358550549,0.216118425130844,-0.0443258248269558,-0.152198523283005,0.370163828134537,0.413807809352875
10.4924001693726,0.370101630687714,0.413782596588135,-0.044335275888443,-0.152187451720238,-0.107755988836288,0.216148257255554,-0.0443352796137333,-0.152187451720238,-0.044335275888443,-0.152187451720238,0.370099246501923,0.413782507181168,-0.0443352721631527,-0.152187436819077,-0.107753828167915,0.216148316860199,-0.107755988836288,0.216148257255554,-0.0443352721631527,-0.152187436819077,0.370101511478424,0.413782596588135,-0.0443352721631527,-0.152187436819077,-0.0443352796137333,-0.152187451720238,-0.107753828167915,0.216148316860199,-0.0443352721631527,-0.152187436819077,0.370099246501923,0.413782507181168
10.4927997589111,0.370036989450455,0.413757413625717,-0.0443446822464466,-0.15217636525631,-0.107664428651333,0.216178074479103,-0.0443447232246399,-0.15217636525631,-0.0443446822464466,-0.15217636525631,0.370034605264664,0.41375732421875,-0.0443447157740593,-0.152176335453987,-0.107662372291088,0.216178044676781,-0.107664436101913,0.216178089380264,-0.0443447157740593,-0.152176335453987,0.370036870241165,0.41375744342804,-0.0443446785211563,-0.152176350355148,-0.0443447232246399,-0.15217636525631,-0.107662372291088,0.216178044676781,-0.0443446785211563,-0.152176350355148,0.370034605264664,0.41375732421875
10.493200302124,0.369972258806229,0.4137322306633,-0.0443541295826435,-0.15216526389122,-0.107572883367538,0.216207832098007,-0.0443541631102562,-0.15216526389122,-0.0443541295826435,-0.15216526389122,0.369969934225082,0.413732200860977,-0.0443541593849659,-0.152165248990059,-0.107570916414261,0.216207787394524,-0.107572883367538,0.216207832098007,-0.0443541593849659,-0.152165248990059,0.369972258806229,0.413732260465622,-0.0443541593849659,-0.152165248990059,-0.0443541631102562,-0.15216526389122,-0.107570916414261,0.216207787394524,-0.0443541593849659,-0.152165248990059,0.369969934225082,0.413732200860977
10.4935998916626,0.369907557964325,0.413707107305527,-0.0443635657429695,-0.152154177427292,-0.10748129338026,0.216237530112267,-0.0443635694682598,-0.152154192328453,-0.0443635657429695,-0.152154177427292,0.369905203580856,0.413707047700882,-0.0443635620176792,-0.152154162526131,-0.107479333877563,0.216237500309944,-0.10748129338026,0.216237530112267,-0.0443635620176792,-0.152154162526131,0.369907587766647,0.413707196712494,-0.0443635620176792,-0.152154162526131,-0.0443635694682598,-0.152154192328453,-0.107479333877563,0.216237500309944,-0.0443635620176792,-0.152154162526131,0.369905203580856,0.413707047700882
10.4940004348755,0.369842886924744,0.413682073354721,-0.0443729646503925,-0.152143076062202,-0.107389703392982,0.216267183423042,-0.0443729683756828,-0.152143090963364,-0.0443729646503925,-0.152143076062202,0.369840502738953,0.413681983947754,-0.0443729609251022,-0.152143061161041,-0.107387743890285,0.216267138719559,-0.107389703392982,0.216267183423042,-0.0443729609251022,-0.152143061161041,0.369842827320099,0.413682162761688,-0.0443729609251022,-0.152143061161041,-0.0443729683756828,-0.152143090963364,-0.107387743890285,0.216267138719559,-0.0443729609251022,-0.152143061161041,0.369840502738953,0.413681983947754
10.4944000244141,0.369778037071228,0.41365709900856,-0.0443824008107185,-0.152131974697113,-0.107298091053963,0.216296762228012,-0.0443824045360088,-0.152131989598274,-0.0443824008107185,-0.152131974697113,0.369775801897049,0.413657039403915,-0.0443824343383312,-0.152131959795952,-0.107296027243137,0.216296762228012,-0.107298091053963,0.216296762228012,-0.0443824343383312,-0.152131959795952,0.369778037071228,0.413657128810883,-0.0443823970854282,-0.152131959795952,-0.0443824008107185,-0.152131974697113,-0.107296027243137,0.216296762228012,-0.0443823970854282,-0.152131959795952,0.369775801897049,0.413657039403915
10.4947996139526,0.369713336229324,0.413632154464722,-0.0443918332457542,-0.152120888233185,-0.107206463813782,0.216326311230659,-0.0443918332457542,-0.152120888233185,-0.0443918332457542,-0.152120888233185,0.369710981845856,0.413632094860077,-0.0443918295204639,-0.152120858430862,-0.107204400002956,0.216326296329498,-0.107206463813782,0.216326311230659,-0.0443918295204639,-0.152120858430862,0.369713336229324,0.413632184267044,-0.0443918295204639,-0.152120873332024,-0.0443918332457542,-0.152120888233185,-0.107204400002956,0.216326296329498,-0.0443918295204639,-0.152120873332024,0.369710981845856,0.413632094860077
10.4952001571655,0.369648516178131,0.413607269525528,-0.0444012619554996,-0.152109757065773,-0.10711482167244,0.216355830430984,-0.0444012656807899,-0.152109771966934,-0.0444012619554996,-0.152109757065773,0.369646161794662,0.413607209920883,-0.0444012582302094,-0.152109742164612,-0.107112765312195,0.216355815529823,-0.10711482167244,0.216355830430984,-0.0444012582302094,-0.152109742164612,0.369648545980453,0.413607329130173,-0.0444012582302094,-0.152109742164612,-0.0444012656807899,-0.152109771966934,-0.107112765312195,0.216355815529823,-0.0444012582302094,-0.152109742164612,0.369646161794662,0.413607209920883
10.4955997467041,0.36958372592926,0.413582473993301,-0.0444106869399548,-0.152098640799522,-0.107023067772388,0.216385290026665,-0.0444106906652451,-0.152098655700684,-0.0444106869399548,-0.152098640799522,0.369581371545792,0.413582414388657,-0.0444106832146645,-0.152098625898361,-0.107021003961563,0.216385260224342,-0.107023067772388,0.216385290026665,-0.0444106832146645,-0.152098625898361,0.369583785533905,0.413582533597946,-0.0444106832146645,-0.152098625898361,-0.0444106906652451,-0.152098655700684,-0.107021003961563,0.216385260224342,-0.0444106832146645,-0.152098625898361,0.369581371545792,0.413582414388657
10.496000289917,0.369518846273422,0.413557678461075,-0.0444200746715069,-0.152087539434433,-0.106931403279305,0.216414704918861,-0.0444201156497002,-0.152087524533272,-0.0444200746715069,-0.152087539434433,0.369516551494598,0.413557648658752,-0.0444201081991196,-0.152087494730949,-0.106929332017899,0.216414660215378,-0.106931403279305,0.216414704918861,-0.0444201081991196,-0.152087494730949,0.369518905878067,0.41355773806572,-0.0444200709462166,-0.152087524533272,-0.0444201156497002,-0.152087524533272,-0.106929332017899,0.216414660215378,-0.0444200709462166,-0.152087524533272,0.369516551494598,0.413557648658752
10.4963998794556,0.369454026222229,0.413532942533493,-0.044429499655962,-0.152076408267021,-0.10683961212635,0.216444045305252,-0.044429536908865,-0.152076408267021,-0.044429499655962,-0.152076408267021,0.36945167183876,0.413532853126526,-0.0444295331835747,-0.15207639336586,-0.106837555766106,0.216444030404091,-0.10683961212635,0.216444045305252,-0.0444295331835747,-0.15207639336586,0.369454085826874,0.413533002138138,-0.0444294959306717,-0.15207639336586,-0.044429536908865,-0.152076408267021,-0.106837555766106,0.216444030404091,-0.0444294959306717,-0.15207639336586,0.36945167183876,0.413532853126526
10.4968004226685,0.369389176368713,0.413508325815201,-0.0444388799369335,-0.152065277099609,-0.106747925281525,0.216473340988159,-0.0444388836622238,-0.152065292000771,-0.0444388799369335,-0.152065277099609,0.369386821985245,0.413508266210556,-0.0444389134645462,-0.152065262198448,-0.106745854020119,0.216473296284676,-0.106747925281525,0.216473340988159,-0.0444389134645462,-0.152065262198448,0.369389176368713,0.413508325815201,-0.0444388762116432,-0.152065262198448,-0.0444388836622238,-0.152065292000771,-0.106745854020119,0.216473296284676,-0.0444388762116432,-0.152065262198448,0.369386821985245,0.413508266210556
10.497200012207,0.369324266910553,0.413483679294586,-0.0444483049213886,-0.152054160833359,-0.106656111776829,0.216502606868744,-0.0444483049213886,-0.152054160833359,-0.0444483049213886,-0.152054160833359,0.369321942329407,0.413483649492264,-0.0444483309984207,-0.152054145932198,-0.106654040515423,0.216502577066422,-0.106656111776829,0.216502606868744,-0.0444483309984207,-0.152054145932198,0.369324296712875,0.413483738899231,-0.044448297470808,-0.152054145932198,-0.0444483049213886,-0.152054160833359,-0.106654040515423,0.216502577066422,-0.044448297470808,-0.152054145932198,0.369321912527084,0.413483589887619
10.4975996017456,0.369259387254715,0.413459092378616,-0.0444577150046825,-0.152043029665947,-0.106564283370972,0.216531828045845,-0.0444577150046825,-0.152043029665947,-0.0444577150046825,-0.152043029665947,0.369257062673569,0.413459062576294,-0.0444577112793922,-0.152043014764786,-0.106562219560146,0.216531798243523,-0.106564283370972,0.216531828045845,-0.0444577112793922,-0.152043014764786,0.36925932765007,0.413459151983261,-0.0444577112793922,-0.152043014764786,-0.0444577150046825,-0.152043029665947,-0.106562219560146,0.216531798243523,-0.0444577112793922,-0.152043014764786,0.369257062673569,0.413459062576294
10.4980001449585,0.369194477796555,0.413434594869614,-0.0444671325385571,-0.152031883597374,-0.106472440063953,0.21656097471714,-0.0444671325385571,-0.152031883597374,-0.0444671325385571,-0.152031883597374,0.369192093610764,0.413434535264969,-0.0444671288132668,-0.152031868696213,-0.106470376253128,0.216560944914818,-0.106472440063953,0.21656097471714,-0.0444671288132668,-0.152031868696213,0.369194507598877,0.413434684276581,-0.0444671288132668,-0.152031868696213,-0.0444671325385571,-0.152031883597374,-0.106470376253128,0.216560944914818,-0.0444671288132668,-0.152031868696213,0.369192093610764,0.413434535264969
10.4983997344971,0.369129449129105,0.413410156965256,-0.0444765388965607,-0.152020737528801,-0.106380484998226,0.216590106487274,-0.044476542621851,-0.152020752429962,-0.0444765388965607,-0.152020737528801,0.369127213954926,0.413410127162933,-0.0444765351712704,-0.15202072262764,-0.106378421187401,0.216590091586113,-0.106380484998226,0.216590106487274,-0.0444765351712704,-0.15202072262764,0.369129478931427,0.413410216569901,-0.0444765351712704,-0.15202072262764,-0.044476542621851,-0.152020752429962,-0.106378421187401,0.216590091586113,-0.0444765351712704,-0.15202072262764,0.369127184152603,0.413410097360611
10.49880027771,0.369064450263977,0.41338574886322,-0.0444858744740486,-0.15200962126255,-0.106288619339466,0.216619193553925,-0.0444859154522419,-0.152009606361389,-0.0444858744740486,-0.15200962126255,0.369062215089798,0.413385689258575,-0.0444859080016613,-0.152009606361389,-0.10628654807806,0.21661913394928,-0.106288619339466,0.216619193553925,-0.0444859080016613,-0.152009606361389,0.369064450263977,0.413385778665543,-0.0444859080016613,-0.152009606361389,-0.0444859154522419,-0.152009606361389,-0.10628654807806,0.21661913394928,-0.0444859080016613,-0.152009606361389,0.369062215089798,0.413385689258575
10.4991998672485,0.368999451398849,0.413361430168152,-0.0444952808320522,-0.151998475193977,-0.106196627020836,0.21664822101593,-0.0444952808320522,-0.151998475193977,-0.0444952808320522,-0.151998475193977,0.368997126817703,0.413361340761185,-0.0444953143596649,-0.151998445391655,-0.106194667518139,0.216648146510124,-0.106196627020836,0.21664822101593,-0.0444953143596649,-0.151998445391655,0.368999511003494,0.413361489772797,-0.0444952771067619,-0.151998460292816,-0.0444952808320522,-0.151998475193977,-0.106194667518139,0.216648146510124,-0.0444952771067619,-0.151998460292816,0.368997126817703,0.413361340761185
10.4996004104614,0.368934512138367,0.413337111473083,-0.0445046834647655,-0.151987329125404,-0.106104731559753,0.216677188873291,-0.0445046834647655,-0.151987329125404,-0.0445046834647655,-0.151987329125404,0.368932068347931,0.413337081670761,-0.0445046797394753,-0.151987314224243,-0.106102667748928,0.216677129268646,-0.106104731559753,0.216677188873291,-0.0445046797394753,-0.151987314224243,0.368934452533722,0.413337171077728,-0.0445046797394753,-0.151987314224243,-0.0445046834647655,-0.151987329125404,-0.106102667748928,0.216677129268646,-0.0445046797394753,-0.151987314224243,0.368932217359543,0.413337081670761
10.5,0.36886939406395,0.413312822580338,-0.0445140488445759,-0.151976183056831,-0.106012724339962,0.216706097126007,-0.0445140898227692,-0.15197616815567,-0.0445140488445759,-0.151976183056831,0.368867069482803,0.41331285238266,-0.0445140823721886,-0.151976153254509,-0.106010653078556,0.216706037521362,-0.106012724339962,0.216706097126007,-0.0445140823721886,-0.151976153254509,0.368869423866272,0.413312941789627,-0.0445140786468983,-0.151976138353348,-0.0445140898227692,-0.15197616815567,-0.106010653078556,0.216706037521362,-0.0445140823721886,-0.151976153254509,0.368867069482803,0.41331285238266
10.5003995895386,0.368804395198822,0.413288712501526,-0.0445234477519989,-0.151965007185936,-0.105920791625977,0.216734945774078,-0.0445234514772892,-0.151965022087097,-0.0445234477519989,-0.151965007185936,0.368802040815353,0.413288652896881,-0.0445234812796116,-0.151964992284775,-0.105918727815151,0.216734915971756,-0.105920791625977,0.216734945774078,-0.0445234812796116,-0.151964992284775,0.3688043653965,0.413288772106171,-0.0445234403014183,-0.151964992284775,-0.0445234514772892,-0.151965022087097,-0.105918727815151,0.216734915971756,-0.0445234403014183,-0.151964992284775,0.368802040815353,0.413288652896881
10.5008001327515,0.36873933672905,0.413264572620392,-0.0445328019559383,-0.151953846216202,-0.105828657746315,0.216763809323311,-0.0445328056812286,-0.151953861117363,-0.0445328019559383,-0.151953846216202,0.368736982345581,0.413264513015747,-0.044532798230648,-0.151953831315041,-0.105826683342457,0.216763734817505,-0.105828657746315,0.216763809323311,-0.044532798230648,-0.151953831315041,0.368739247322083,0.413264632225037,-0.044532798230648,-0.151953831315041,-0.0445328056812286,-0.151953861117363,-0.105826683342457,0.216763734817505,-0.044532798230648,-0.151953831315041,0.368736982345581,0.413264513015747
10.50119972229,0.36867418885231,0.413240492343903,-0.0445421971380711,-0.151942685246468,-0.105736702680588,0.216792553663254,-0.0445422008633614,-0.151942700147629,-0.0445421971380711,-0.151942685246468,0.368671864271164,0.413240492343903,-0.0445421934127808,-0.151942655444145,-0.105734631419182,0.21679250895977,-0.105736702680588,0.216792553663254,-0.0445421934127808,-0.151942655444145,0.368674218654633,0.413240551948547,-0.0445421934127808,-0.151942670345306,-0.0445422008633614,-0.151942700147629,-0.105734631419182,0.21679250895977,-0.0445421934127808,-0.151942670345306,0.368671834468842,0.413240402936935
10.5016002655029,0.368609040975571,0.413216471672058,-0.0445515885949135,-0.151931524276733,-0.105644628405571,0.216821283102036,-0.0445515923202038,-0.151931539177895,-0.0445515885949135,-0.151931524276733,0.368606716394424,0.413216441869736,-0.0445515848696232,-0.151931509375572,-0.105642557144165,0.216821238398552,-0.105644628405571,0.216821283102036,-0.0445515848696232,-0.151931509375572,0.368609070777893,0.413216531276703,-0.0445515848696232,-0.151931509375572,-0.0445515923202038,-0.151931539177895,-0.105642557144165,0.216821238398552,-0.0445515848696232,-0.151931509375572,0.368606716394424,0.413216441869736
10.5019998550415,0.368543922901154,0.413192510604858,-0.0445609092712402,-0.151920348405838,-0.105552449822426,0.216849982738495,-0.0445609092712402,-0.151920348405838,-0.0445609092712402,-0.151920348405838,0.368541598320007,0.413192451000214,-0.0445609390735626,-0.151920333504677,-0.105550371110439,0.21684992313385,-0.105552449822426,0.216849982738495,-0.0445609390735626,-0.151920333504677,0.368543952703476,0.413192540407181,-0.0445609055459499,-0.151920333504677,-0.0445609092712402,-0.151920348405838,-0.105550371110439,0.21684992313385,-0.0445609055459499,-0.151920333504677,0.368541598320007,0.413192451000214
10.5024003982544,0.368478745222092,0.413168609142303,-0.0445702932775021,-0.151909172534943,-0.105460345745087,0.216878592967987,-0.0445703007280827,-0.151909187436104,-0.0445702932775021,-0.151909172534943,0.368476450443268,0.413168549537659,-0.0445702895522118,-0.151909157633781,-0.105458281934261,0.216878533363342,-0.105460345745087,0.216878592967987,-0.0445702895522118,-0.151909157633781,0.368478804826736,0.413168638944626,-0.0445702895522118,-0.151909157633781,-0.0445703007280827,-0.151909187436104,-0.105458281934261,0.216878533363342,-0.0445702895522118,-0.151909157633781,0.368476450443268,0.413168549537659
10.502799987793,0.368413507938385,0.413144767284393,-0.0445796735584736,-0.151897996664047,-0.105368129909039,0.216907173395157,-0.0445796772837639,-0.151898011565208,-0.0445796735584736,-0.151897996664047,0.368411153554916,0.413144677877426,-0.0445796698331833,-0.151897981762886,-0.105366066098213,0.216907143592834,-0.105368129909039,0.216907173395157,-0.0445796698331833,-0.151897981762886,0.368413507938385,0.413144767284393,-0.0445796698331833,-0.151897981762886,-0.0445796772837639,-0.151898011565208,-0.105366066098213,0.216907143592834,-0.0445796698331833,-0.151897981762886,0.368411153554916,0.413144677877426
10.5031995773315,0.368348360061646,0.413120925426483,-0.0445889867842197,-0.151886820793152,-0.105276010930538,0.216935694217682,-0.0445890240371227,-0.151886835694313,-0.0445889867842197,-0.151886820793152,0.368346035480499,0.413120925426483,-0.0445890165865421,-0.151886805891991,-0.105273939669132,0.216935634613037,-0.105276010930538,0.216935694217682,-0.0445890165865421,-0.151886805891991,0.368348300457001,0.413120955228806,-0.0445890165865421,-0.151886805891991,-0.0445890240371227,-0.151886835694313,-0.105273939669132,0.216935634613037,-0.0445890165865421,-0.151886805891991,0.368346035480499,0.413120925426483
10.5036001205444,0.368283063173294,0.413097232580185,-0.044598363339901,-0.151875630021095,-0.105183772742748,0.216964185237885,-0.0445983707904816,-0.151875644922256,-0.044598363339901,-0.151875630021095,0.368280738592148,0.413097143173218,-0.0445983596146107,-0.151875615119934,-0.105181694030762,0.216964140534401,-0.105183772742748,0.216964185237885,-0.0445983596146107,-0.151875615119934,0.368283063173294,0.413097262382507,-0.0445983596146107,-0.151875615119934,-0.0445983707904816,-0.151875644922256,-0.105181694030762,0.216964140534401,-0.0445983596146107,-0.151875615119934,0.368280738592148,0.413097143173218
10.503999710083,0.36821785569191,0.413073480129242,-0.0446077473461628,-0.1518644541502,-0.105091519653797,0.216992646455765,-0.0446077473461628,-0.1518644541502,-0.0446077473461628,-0.1518644541502,0.368215441703796,0.413073480129242,-0.0446077398955822,-0.151864439249039,-0.105089545249939,0.216992542147636,-0.105091519653797,0.216992646455765,-0.0446077398955822,-0.151864439249039,0.368217885494232,0.413073539733887,-0.0446077398955822,-0.151864439249039,-0.0446077473461628,-0.1518644541502,-0.105089545249939,0.216992542147636,-0.0446077398955822,-0.151864439249039,0.368215441703796,0.413073480129242
10.5044002532959,0.368152588605881,0.413049876689911,-0.0446170456707478,-0.151853263378143,-0.104999348521233,0.217021003365517,-0.0446170829236507,-0.151853248476982,-0.0446170456707478,-0.151853263378143,0.368150264024734,0.413049787282944,-0.0446170791983604,-0.151853248476982,-0.104997284710407,0.217020928859711,-0.104999348521233,0.217021003365517,-0.0446170791983604,-0.151853248476982,0.368152588605881,0.413049876689911,-0.0446170419454575,-0.151853248476982,-0.0446170829236507,-0.151853248476982,-0.104997284710407,0.217020928859711,-0.0446170419454575,-0.151853248476982,0.368150264024734,0.413049787282944
10.5047998428345,0.368087261915207,0.41302627325058,-0.0446264185011387,-0.151842072606087,-0.10490707308054,0.217049330472946,-0.0446264185011387,-0.151842057704926,-0.0446264185011387,-0.151842072606087,0.368084937334061,0.413026213645935,-0.0446264147758484,-0.151842042803764,-0.104905001819134,0.217049270868301,-0.10490707308054,0.217049330472946,-0.0446264147758484,-0.151842042803764,0.368087291717529,0.413026303052902,-0.0446264147758484,-0.151842042803764,-0.0446264185011387,-0.151842057704926,-0.104905001819134,0.217049270868301,-0.0446264147758484,-0.151842042803764,0.368084937334061,0.413026213645935
10.5052003860474,0.368021965026855,0.413002759218216,-0.0446357876062393,-0.151830866932869,-0.104814775288105,0.217077612876892,-0.0446357876062393,-0.151830866932869,-0.0446357876062393,-0.151830866932869,0.368019640445709,0.413002729415894,-0.044635783880949,-0.151830852031708,-0.104812696576118,0.217077553272247,-0.104814775288105,0.217077627778053,-0.044635783880949,-0.151830852031708,0.368021965026855,0.413002759218216,-0.044635783880949,-0.151830852031708,-0.0446357876062393,-0.151830866932869,-0.104812696576118,0.217077553272247,-0.044635783880949,-0.151830852031708,0.368019640445709,0.413002699613571
10.5055999755859,0.367956668138504,0.41297921538353,-0.044645082205534,-0.151819661259651,-0.104722358286381,0.217105850577354,-0.0446450859308243,-0.151819676160812,-0.044645082205534,-0.151819661259651,0.367954343557358,0.41297921538353,-0.0446450784802437,-0.15181964635849,-0.104720294475555,0.217105805873871,-0.104722358286381,0.217105850577354,-0.0446450784802437,-0.15181964635849,0.367956608533859,0.412979334592819,-0.0446450784802437,-0.15181964635849,-0.0446450859308243,-0.151819676160812,-0.104720294475555,0.217105805873871,-0.0446450784802437,-0.15181964635849,0.367954343557358,0.41297921538353
10.5059995651245,0.367891281843185,0.412955820560455,-0.0446544513106346,-0.151808470487595,-0.104630038142204,0.217134028673172,-0.0446544513106346,-0.151808470487595,-0.0446544513106346,-0.151808470487595,0.367888957262039,0.412955820560455,-0.0446544475853443,-0.151808455586433,-0.104627966880798,0.217133969068527,-0.104630038142204,0.217134028673172,-0.0446544475853443,-0.151808455586433,0.367891222238541,0.412955850362778,-0.0446544475853443,-0.151808455586433,-0.0446544513106346,-0.151808470487595,-0.104627966880798,0.217133969068527,-0.0446544475853443,-0.151808455586433,0.367888957262039,0.412955820560455
10.5064001083374,0.367825865745544,0.412932455539703,-0.044663742184639,-0.151797264814377,-0.104537695646286,0.217162176966667,-0.044663742184639,-0.151797264814377,-0.044663742184639,-0.151797264814377,0.367823541164398,0.412932455539703,-0.0446637719869614,-0.151797249913216,-0.104535631835461,0.217162117362022,-0.104537695646286,0.217162176966667,-0.0446637719869614,-0.151797249913216,0.367825895547867,0.412932515144348,-0.0446637384593487,-0.151797249913216,-0.044663742184639,-0.151797264814377,-0.104535631835461,0.217162117362022,-0.0446637384593487,-0.151797249913216,0.367823511362076,0.412932395935059
10.506799697876,0.367760539054871,0.412909150123596,-0.0446731001138687,-0.151786029338837,-0.104445248842239,0.217190265655518,-0.0446731001138687,-0.151786029338837,-0.0446731001138687,-0.151786029338837,0.367758125066757,0.412909150123596,-0.0446730963885784,-0.151786014437675,-0.104443177580833,0.217190191149712,-0.104445248842239,0.217190265655518,-0.0446730963885784,-0.151786014437675,0.367760479450226,0.412909209728241,-0.0446730963885784,-0.151786014437675,-0.0446731001138687,-0.151786029338837,-0.104443177580833,0.217190191149712,-0.0446730963885784,-0.151786014437675,0.367758125066757,0.412909150123596
10.5072002410889,0.367695033550262,0.412885904312134,-0.0446824207901955,-0.15177483856678,-0.104352779686451,0.217218324542046,-0.0446824207901955,-0.15177483856678,-0.0446824207901955,-0.15177483856678,0.367692679166794,0.412885814905167,-0.0446824543178082,-0.151774808764458,-0.104350715875626,0.21721825003624,-0.104352779686451,0.217218324542046,-0.0446824543178082,-0.151774808764458,0.367695033550262,0.412885904312134,-0.0446824133396149,-0.151774808764458,-0.0446824207901955,-0.15177483856678,-0.104350715875626,0.21721825003624,-0.0446824170649052,-0.151774823665619,0.367692679166794,0.412885814905167
10.5075998306274,0.367629557847977,0.412862688302994,-0.0446917414665222,-0.151763617992401,-0.104260414838791,0.217246308922768,-0.0446917451918125,-0.151763632893562,-0.0446917414665222,-0.151763617992401,0.36762723326683,0.412862658500671,-0.0446917377412319,-0.151763588190079,-0.104258336126804,0.217246234416962,-0.104260414838791,0.217246308922768,-0.0446917377412319,-0.151763588190079,0.367629557847977,0.412862688302994,-0.0446917377412319,-0.15176360309124,-0.0446917451918125,-0.151763632893562,-0.104258336126804,0.217246234416962,-0.0446917377412319,-0.15176360309124,0.36762723326683,0.412862658500671
10.5080003738403,0.367564111948013,0.412839531898499,-0.0447010546922684,-0.151752382516861,-0.10416791588068,0.217274248600006,-0.0447010584175587,-0.151752397418022,-0.0447010546922684,-0.151752382516861,0.367561787366867,0.412839502096176,-0.0447010509669781,-0.1517523676157,-0.104165844619274,0.2172741740942,-0.10416791588068,0.217274248600006,-0.0447010509669781,-0.1517523676157,0.367564141750336,0.412839561700821,-0.0447010509669781,-0.1517523676157,-0.0447010584175587,-0.151752397418022,-0.104165844619274,0.2172741740942,-0.0447010509669781,-0.1517523676157,0.367561787366867,0.412839502096176
10.5083999633789,0.36749866604805,0.412816375494003,-0.0447103679180145,-0.151741161942482,-0.104075409471989,0.2173021286726,-0.0447103716433048,-0.151741176843643,-0.0447103679180145,-0.151741161942482,0.367496252059937,0.412816405296326,-0.0447103641927242,-0.151741147041321,-0.104073330760002,0.217302069067955,-0.104075409471989,0.2173021286726,-0.0447103641927242,-0.151741147041321,0.367498725652695,0.41281646490097,-0.0447103641927242,-0.151741147041321,-0.0447103716433048,-0.151741176843643,-0.104073330760002,0.217302069067955,-0.0447103641927242,-0.151741147041321,0.367496371269226,0.412816405296326
10.5087995529175,0.367433190345764,0.412793397903442,-0.0447197183966637,-0.151729926466942,-0.103982888162136,0.217329978942871,-0.044719722121954,-0.151729941368103,-0.0447197183966637,-0.151729926466942,0.367430865764618,0.41279336810112,-0.0447197146713734,-0.151729911565781,-0.10398081690073,0.217329904437065,-0.103982888162136,0.217329978942871,-0.0447197146713734,-0.151729911565781,0.367433249950409,0.412793427705765,-0.0447197146713734,-0.151729911565781,-0.044719722121954,-0.151729941368103,-0.10398081690073,0.217329904437065,-0.0447197146713734,-0.151729911565781,0.367430865764618,0.41279336810112
10.5092000961304,0.367367625236511,0.412770420312881,-0.0447289943695068,-0.151718690991402,-0.103890359401703,0.217357754707336,-0.0447289943695068,-0.151718690991402,-0.0447289943695068,-0.151718690991402,0.367365300655365,0.412770420312881,-0.0447289906442165,-0.15171867609024,-0.103888288140297,0.21735768020153,-0.103890359401703,0.217357754707336,-0.0447289906442165,-0.15171867609024,0.367367655038834,0.412770450115204,-0.0447289906442165,-0.15171867609024,-0.0447289943695068,-0.151718690991402,-0.103888288140297,0.21735768020153,-0.0447289906442165,-0.15171867609024,0.367365300655365,0.412770420312881
10.5095996856689,0.367302179336548,0.412747472524643,-0.0447383373975754,-0.151707455515862,-0.10379771143198,0.217385500669479,-0.0447383411228657,-0.151707470417023,-0.0447383373975754,-0.151707455515862,0.367299735546112,0.412747442722321,-0.0447383336722851,-0.1517074406147,-0.103795640170574,0.217385426163673,-0.10379771143198,0.217385500669479,-0.0447383336722851,-0.1517074406147,0.367302089929581,0.412747502326965,-0.0447383336722851,-0.1517074406147,-0.0447383411228657,-0.151707470417023,-0.103795640170574,0.217385426163673,-0.0447383336722851,-0.1517074406147,0.367299735546112,0.412747442722321
10.5100002288818,0.36723655462265,0.412724614143372,-0.0447476021945477,-0.15169620513916,-0.103705145418644,0.217413172125816,-0.0447476096451283,-0.151696220040321,-0.0447476021945477,-0.15169620513916,0.367234200239182,0.412724554538727,-0.0447476357221603,-0.151696190237999,-0.103703081607819,0.217413112521172,-0.103705145418644,0.217413172125816,-0.0447476357221603,-0.151696190237999,0.36723655462265,0.412724614143372,-0.0447475984692574,-0.151696190237999,-0.0447476096451283,-0.151696220040321,-0.103703081607819,0.217413112521172,-0.0447475984692574,-0.151696190237999,0.367234200239182,0.412724524736404
10.5103998184204,0.367170929908752,0.4127017557621,-0.0447569452226162,-0.15168496966362,-0.103612475097179,0.217440843582153,-0.0447569489479065,-0.151684984564781,-0.0447569452226162,-0.15168496966362,0.367168605327606,0.4127017557621,-0.0447569414973259,-0.151684954762459,-0.103610403835773,0.217440754175186,-0.103612475097179,0.217440843582153,-0.0447569414973259,-0.151684954762459,0.367170959711075,0.412701845169067,-0.0447569414973259,-0.151684954762459,-0.0447569489479065,-0.151684984564781,-0.103610403835773,0.217440754175186,-0.0447569414973259,-0.151684954762459,0.367168605327606,0.4127017557621
10.5108003616333,0.3671053647995,0.412678956985474,-0.0447662062942982,-0.151673719286919,-0.103519894182682,0.217468440532684,-0.0447662137448788,-0.15167373418808,-0.0447662062942982,-0.151673719286919,0.367103040218353,0.412678986787796,-0.0447662025690079,-0.151673719286919,-0.103517815470695,0.217468336224556,-0.103519894182682,0.217468440532684,-0.0447662025690079,-0.151673719286919,0.367105394601822,0.412679046392441,-0.0447662025690079,-0.151673719286919,-0.0447662137448788,-0.15167373418808,-0.103517815470695,0.217468336224556,-0.0447662025690079,-0.151673719286919,0.367103040218353,0.412678986787796
10.5111999511719,0.367039740085602,0.412656277418137,-0.0447755455970764,-0.151662483811378,-0.103427186608315,0.217495962977409,-0.0447755455970764,-0.151662483811378,-0.0447755418717861,-0.151662468910217,0.367037415504456,0.412656307220459,-0.0447755381464958,-0.151662454009056,-0.103425115346909,0.217495873570442,-0.103427186608315,0.217495962977409,-0.0447755418717861,-0.151662468910217,0.367039740085602,0.412656307220459,-0.0447755381464958,-0.151662454009056,-0.0447755455970764,-0.151662483811378,-0.103425115346909,0.217495873570442,-0.0447755381464958,-0.151662454009056,0.367037385702133,0.412656247615814
10.5115995407104,0.366974115371704,0.412633657455444,-0.0447848029434681,-0.151651218533516,-0.103334471583366,0.217523470520973,-0.0447848029434681,-0.151651218533516,-0.0447848029434681,-0.151651218533516,0.366971790790558,0.412633627653122,-0.0447847992181778,-0.151651203632355,-0.10333240032196,0.217523381114006,-0.103334471583366,0.217523470520973,-0.0447847992181778,-0.151651203632355,0.366974145174026,0.412633717060089,-0.0447847992181778,-0.151651203632355,-0.0447848029434681,-0.151651218533516,-0.10333240032196,0.217523381114006,-0.0447847992181778,-0.151651203632355,0.366971760988235,0.412633568048477
10.5120000839233,0.366908401250839,0.412611037492752,-0.0447940975427628,-0.151639968156815,-0.103241749107838,0.217550918459892,-0.0447941310703754,-0.151639968156815,-0.0447940975427628,-0.151639968156815,0.366906076669693,0.412610977888107,-0.0447941236197948,-0.151639953255653,-0.103239670395851,0.217550829052925,-0.103241749107838,0.217550918459892,-0.0447941236197948,-0.151639953255653,0.366908431053162,0.412611067295074,-0.0447940938174725,-0.151639953255653,-0.0447941310703754,-0.151639968156815,-0.103239670395851,0.217550829052925,-0.0447940938174725,-0.151639953255653,0.366906076669693,0.412610977888107
10.5123996734619,0.366842776536942,0.412588447332382,-0.0448033884167671,-0.151628717780113,-0.103149004280567,0.217578306794167,-0.0448033884167671,-0.151628717780113,-0.0448033884167671,-0.151628717780113,0.366840392351151,0.412588447332382,-0.0448033846914768,-0.151628702878952,-0.103146933019161,0.217578217387199,-0.103149004280567,0.217578306794167,-0.0448033846914768,-0.151628702878952,0.366842716932297,0.412588506937027,-0.0448033846914768,-0.151628702878952,-0.0448033884167671,-0.151628717780113,-0.103146933019161,0.217578217387199,-0.0448033846914768,-0.151628702878952,0.366840392351151,0.412588447332382
10.5128002166748,0.366777062416077,0.412565976381302,-0.0448126383125782,-0.151617437601089,-0.103056252002716,0.217605635523796,-0.0448127128183842,-0.151617452502251,-0.0448126383125782,-0.151617437601089,0.366774648427963,0.412565976381302,-0.0448127053678036,-0.151617422699928,-0.10305418074131,0.217605546116829,-0.103056252002716,0.217605635523796,-0.0448127053678036,-0.151617422699928,0.366777092218399,0.412566035985947,-0.0448126345872879,-0.151617437601089,-0.0448127128183842,-0.151617452502251,-0.10305418074131,0.217605546116829,-0.0448126345872879,-0.151617437601089,0.366774648427963,0.412565976381302
10.5131998062134,0.366711348295212,0.412543565034866,-0.0448219627141953,-0.151606172323227,-0.102963492274284,0.217632964253426,-0.0448219627141953,-0.151606172323227,-0.0448219627141953,-0.151606172323227,0.366708934307098,0.412543535232544,-0.0448219552636147,-0.151606157422066,-0.102961413562298,0.217632845044136,-0.102963492274284,0.217632964253426,-0.0448219552636147,-0.151606157422066,0.366711378097534,0.412543594837189,-0.0448219552636147,-0.151606157422066,-0.0448219627141953,-0.151606172323227,-0.102961413562298,0.217632845044136,-0.0448219552636147,-0.151606157422066,0.366708934307098,0.412543535232544
10.5136003494263,0.366645663976669,0.412521183490753,-0.044831208884716,-0.151594892144203,-0.102870605885983,0.217660188674927,-0.044831208884716,-0.151594892144203,-0.044831208884716,-0.151594892144203,0.366643220186234,0.412521183490753,-0.0448312424123287,-0.151594892144203,-0.102868534624577,0.217660114169121,-0.102870605885983,0.217660188674927,-0.0448312424123287,-0.151594892144203,0.366645574569702,0.412521183490753,-0.0448312051594257,-0.151594892144203,-0.044831208884716,-0.151594892144203,-0.102868534624577,0.217660114169121,-0.0448312051594257,-0.151594892144203,0.366643220186234,0.412521183490753
10.5139999389648,0.366579860448837,0.412498831748962,-0.0448404848575592,-0.151583626866341,-0.102777816355228,0.217687398195267,-0.0448405258357525,-0.151583626866341,-0.0448404848575592,-0.151583626866341,0.366577416658401,0.41249880194664,-0.0448405183851719,-0.151583611965179,-0.102775730192661,0.217687264084816,-0.102777816355228,0.217687398195267,-0.0448405183851719,-0.151583611965179,0.36657977104187,0.412498891353607,-0.0448405183851719,-0.151583611965179,-0.0448405258357525,-0.151583626866341,-0.102775730192661,0.217687264084816,-0.0448405183851719,-0.151583611965179,0.366577416658401,0.41249880194664
10.5143995285034,0.36651399731636,0.412476539611816,-0.0448497645556927,-0.151572346687317,-0.102684907615185,0.217714533209801,-0.044849768280983,-0.151572361588478,-0.0448497645556927,-0.151572346687317,0.366511672735214,0.412476569414139,-0.0448497608304024,-0.151572331786156,-0.102682828903198,0.217714443802834,-0.102684907615185,0.217714533209801,-0.0448497608304024,-0.151572331786156,0.366514027118683,0.412476629018784,-0.0448497608304024,-0.151572331786156,-0.044849768280983,-0.151572361588478,-0.102682828903198,0.217714443802834,-0.0448497608304024,-0.151572331786156,0.366511672735214,0.412476569414139
10.5148000717163,0.366448253393173,0.412454336881638,-0.0448590070009232,-0.151561066508293,-0.10259198397398,0.217741638422012,-0.0448590107262135,-0.151561081409454,-0.0448590070009232,-0.151561066508293,0.36644583940506,0.412454336881638,-0.0448590740561485,-0.151561051607132,-0.102590017020702,0.217741534113884,-0.102592080831528,0.21774160861969,-0.0448590740561485,-0.151561051607132,0.366448193788528,0.412454396486282,-0.0448590032756329,-0.151561051607132,-0.0448590107262135,-0.151561081409454,-0.102590017020702,0.217741534113884,-0.0448590032756329,-0.151561051607132,0.36644583940506,0.412454336881638
10.5151996612549,0.366382479667664,0.412432193756104,-0.044868316501379,-0.151549771428108,-0.102499149739742,0.217768669128418,-0.0448683202266693,-0.151549786329269,-0.044868316501379,-0.151549771428108,0.36638006567955,0.412432163953781,-0.0448683127760887,-0.151549756526947,-0.102497078478336,0.217768579721451,-0.102499149739742,0.217768669128418,-0.0448683127760887,-0.151549756526947,0.366382390260696,0.412432223558426,-0.0448683127760887,-0.151549756526947,-0.0448683202266693,-0.151549786329269,-0.102497078478336,0.217768579721451,-0.0448683127760887,-0.151549756526947,0.366380035877228,0.412432134151459
10.5156002044678,0.366316497325897,0.412410080432892,-0.0448775477707386,-0.151538491249084,-0.102406203746796,0.21779565513134,-0.0448775514960289,-0.151538506150246,-0.0448775477707386,-0.151538491249084,0.366314172744751,0.412410080432892,-0.0448775440454483,-0.151538476347923,-0.102404117584229,0.217795565724373,-0.102406203746796,0.21779565513134,-0.0448775440454483,-0.151538476347923,0.366316497325897,0.412410110235214,-0.0448775440454483,-0.151538476347923,-0.0448775514960289,-0.151538506150246,-0.102404117584229,0.217795565724373,-0.0448775440454483,-0.151538476347923,0.366314172744751,0.412410080432892
10.5159997940063,0.366250723600388,0.412387996912003,-0.0448868200182915,-0.1515271961689,-0.102313242852688,0.21782261133194,-0.0448868274688721,-0.151527211070061,-0.0448868200182915,-0.1515271961689,0.366248309612274,0.412387996912003,-0.0448868162930012,-0.151527181267738,-0.102311171591282,0.217822521924973,-0.102313242852688,0.217822596430779,-0.0448868162930012,-0.151527181267738,0.366250663995743,0.41238808631897,-0.0448868162930012,-0.151527181267738,-0.0448868274688721,-0.151527211070061,-0.102311171591282,0.217822521924973,-0.0448868162930012,-0.151527181267738,0.366248309612274,0.412387996912003
10.5164003372192,0.366184830665588,0.412366032600403,-0.044896088540554,-0.151515915989876,-0.102220274507999,0.217849507927895,-0.044896088540554,-0.151515915989876,-0.044896088540554,-0.151515915989876,0.36618235707283,0.412366032600403,-0.0448960848152637,-0.151515901088715,-0.102218188345432,0.217849403619766,-0.102220274507999,0.217849507927895,-0.0448960848152637,-0.151515901088715,0.366184830665588,0.412366032600403,-0.0448960848152637,-0.151515901088715,-0.044896088540554,-0.151515915989876,-0.102218188345432,0.217849403619766,-0.0448960848152637,-0.151515901088715,0.36618235707283,0.412366032600403
10.5167999267578,0.366118907928467,0.412344068288803,-0.044905312359333,-0.15150460600853,-0.102127186954021,0.217876374721527,-0.0449053160846233,-0.151504620909691,-0.044905312359333,-0.15150460600853,0.366116613149643,0.412344068288803,-0.0449053458869457,-0.151504576206207,-0.102125205099583,0.217876225709915,-0.102127186954021,0.217876374721527,-0.0449053458869457,-0.151504576206207,0.366118967533112,0.41234415769577,-0.0449053086340427,-0.15150460600853,-0.0449053160846233,-0.151504620909691,-0.102125205099583,0.217876225709915,-0.0449053086340427,-0.15150460600853,0.366116613149643,0.412344068288803
10.5172004699707,0.366053014993668,0.412322163581848,-0.044914573431015,-0.151493296027184,-0.102034188807011,0.217903137207031,-0.0449145771563053,-0.151493310928345,-0.044914573431015,-0.151493296027184,0.366050601005554,0.412322163581848,-0.0449146069586277,-0.151493281126022,-0.102032110095024,0.217903032898903,-0.102034188807011,0.217903137207031,-0.0449146069586277,-0.151493281126022,0.366052955389023,0.412322252988815,-0.0449145697057247,-0.151493281126022,-0.0449145771563053,-0.151493310928345,-0.102032110095024,0.217903032898903,-0.0449145697057247,-0.151493281126022,0.366050601005554,0.412322163581848
10.5176000595093,0.365986973047256,0.412300378084183,-0.044923834502697,-0.151482000946999,-0.101941175758839,0.217929884791374,-0.0449238382279873,-0.15148201584816,-0.044923834502697,-0.151482000946999,0.365984678268433,0.412300378084183,-0.0449238270521164,-0.151481956243515,-0.101939097046852,0.217929780483246,-0.101941175758839,0.217929884791374,-0.0449238270521164,-0.151481956243515,0.365986973047256,0.412300378084183,-0.0449238270521164,-0.151481986045837,-0.0449238382279873,-0.15148201584816,-0.101939097046852,0.217929780483246,-0.0449238270521164,-0.151481986045837,0.365984678268433,0.412300378084183
10.5179996490479,0.365921050310135,0.412278592586517,-0.044933058321476,-0.151470690965652,-0.101848043501377,0.217956572771072,-0.0449330620467663,-0.151470705866814,-0.044933058321476,-0.151470690965652,0.365918755531311,0.412278562784195,-0.0449330545961857,-0.15147066116333,-0.101845964789391,0.217956468462944,-0.101848043501377,0.217956572771072,-0.0449330545961857,-0.15147066116333,0.365921080112457,0.412278652191162,-0.0449330545961857,-0.151470676064491,-0.0449330620467663,-0.151470705866814,-0.101845964789391,0.217956468462944,-0.0449330545961857,-0.151470676064491,0.365918755531311,0.412278562784195
10.5184001922607,0.365855187177658,0.412256866693497,-0.0449422784149647,-0.151459380984306,-0.101754911243916,0.217983245849609,-0.0449422784149647,-0.151459380984306,-0.0449422746896744,-0.151459366083145,0.365852773189545,0.412256896495819,-0.0449423082172871,-0.151459351181984,-0.101752929389477,0.217983096837997,-0.101754911243916,0.217983245849609,-0.0449423082172871,-0.151459351181984,0.365855187177658,0.412256866693497,-0.0449422672390938,-0.151459351181984,-0.0449422784149647,-0.151459380984306,-0.101752929389477,0.217983096837997,-0.0449422672390938,-0.151459351181984,0.3658527135849,0.412256866693497
10.5187997817993,0.365789085626602,0.412235200405121,-0.0449515283107758,-0.151448056101799,-0.101661860942841,0.218009829521179,-0.0449515283107758,-0.151448056101799,-0.0449515283107758,-0.151448056101799,0.365786790847778,0.412235200405121,-0.0449515618383884,-0.151448056101799,-0.101659782230854,0.21800971031189,-0.101661860942841,0.218009829521179,-0.0449515618383884,-0.151448056101799,0.365789085626602,0.412235230207443,-0.0449515245854855,-0.151448056101799,-0.0449515283107758,-0.151448056101799,-0.101659782230854,0.21800971031189,-0.0449515245854855,-0.151448056101799,0.365786790847778,0.412235200405121
10.5192003250122,0.365723103284836,0.412213534116745,-0.0449607782065868,-0.151436746120453,-0.101568698883057,0.218036383390427,-0.0449607782065868,-0.151436746120453,-0.0449607782065868,-0.151436746120453,0.365720689296722,0.412213563919067,-0.0449607744812965,-0.151436731219292,-0.10156662017107,0.218036264181137,-0.101568698883057,0.218036383390427,-0.0449607744812965,-0.151436731219292,0.365723043680191,0.412213653326035,-0.0449607744812965,-0.151436731219292,-0.0449607782065868,-0.151436746120453,-0.10156662017107,0.218036264181137,-0.0449607744812965,-0.151436731219292,0.365720689296722,0.412213563919067
10.5195999145508,0.365657120943069,0.412192046642303,-0.0449699908494949,-0.151425421237946,-0.101475521922112,0.218062862753868,-0.0449699908494949,-0.151425421237946,-0.0449699908494949,-0.151425421237946,0.365654706954956,0.412192076444626,-0.0449699871242046,-0.151425406336784,-0.101473443210125,0.218062743544579,-0.101475521922112,0.218062862753868,-0.0449699871242046,-0.151425406336784,0.365657120943069,0.412192046642303,-0.0449699871242046,-0.151425406336784,-0.0449699908494949,-0.151425421237946,-0.101473443210125,0.218062743544579,-0.0449699871242046,-0.151425406336784,0.365654706954956,0.412192076444626
10.5200004577637,0.365590989589691,0.41217052936554,-0.0449792332947254,-0.151414081454277,-0.101382330060005,0.218089297413826,-0.0449792370200157,-0.151414081454277,-0.0449792332947254,-0.151414081454277,0.365588575601578,0.41217052936554,-0.0449792295694351,-0.151414066553116,-0.101380251348019,0.218089193105698,-0.101382330060005,0.218089297413826,-0.0449792295694351,-0.151414066553116,0.365591019392014,0.412170588970184,-0.0449792295694351,-0.151414066553116,-0.0449792370200157,-0.151414081454277,-0.101380251348019,0.218089193105698,-0.0449792295694351,-0.151414066553116,0.365588575601578,0.41217052936554
10.5204000473022,0.36552494764328,0.412149101495743,-0.0449884384870529,-0.15140275657177,-0.101289130747318,0.2181156873703,-0.0449884757399559,-0.15140275657177,-0.0449884384870529,-0.15140275657177,0.365522533655167,0.412149131298065,-0.0449884720146656,-0.151402741670609,-0.101286947727203,0.218115597963333,-0.101289130747318,0.2181156873703,-0.0449884720146656,-0.151402741670609,0.36552494764328,0.412149101495743,-0.0449884347617626,-0.151402741670609,-0.0449884757399559,-0.15140275657177,-0.101286947727203,0.218115597963333,-0.0449884347617626,-0.151402741670609,0.365522533655167,0.412149131298065
10.5207996368408,0.365458846092224,0.412127673625946,-0.0449976809322834,-0.151391431689262,-0.101195819675922,0.218142047524452,-0.0449976809322834,-0.151391431689262,-0.0449976809322834,-0.151391431689262,0.365456461906433,0.412127703428268,-0.0449976772069931,-0.15139140188694,-0.101193733513355,0.218141928315163,-0.101195819675922,0.218142047524452,-0.0449976772069931,-0.15139140188694,0.365458786487579,0.412127763032913,-0.0449976772069931,-0.151391416788101,-0.0449976809322834,-0.151391431689262,-0.101193733513355,0.218141928315163,-0.0449976772069931,-0.151391416788101,0.365456461906433,0.412127673625946
10.5212001800537,0.365392655134201,0.412106335163116,-0.0450068823993206,-0.151380091905594,-0.101102583110332,0.218168348073959,-0.0450068823993206,-0.151380091905594,-0.0450068823993206,-0.151380091905594,0.365390360355377,0.412106394767761,-0.0450068786740303,-0.151380077004433,-0.101100504398346,0.21816822886467,-0.101102583110332,0.218168348073959,-0.0450068786740303,-0.151380077004433,0.365392655134201,0.412106394767761,-0.0450068786740303,-0.151380077004433,-0.0450068823993206,-0.151380091905594,-0.101100504398346,0.21816822886467,-0.0450068786740303,-0.151380077004433,0.365390360355377,0.412106364965439
10.5215997695923,0.365326583385468,0.412085115909576,-0.0450160838663578,-0.151368752121925,-0.101009249687195,0.218194589018822,-0.0450160838663578,-0.151368752121925,-0.0450160838663578,-0.151368752121925,0.365324258804321,0.412085145711899,-0.0450160801410675,-0.151368737220764,-0.101007163524628,0.218194454908371,-0.101009249687195,0.218194589018822,-0.0450160801410675,-0.151368737220764,0.365326583385468,0.412085115909576,-0.0450160764157772,-0.151368722319603,-0.0450160838663578,-0.151368752121925,-0.101007163524628,0.218194454908371,-0.0450160801410675,-0.151368737220764,0.365324229001999,0.412085086107254
10.5220003128052,0.365260392427444,0.412063896656036,-0.0450252778828144,-0.151357412338257,-0.100915990769863,0.218220770359039,-0.0450252816081047,-0.151357427239418,-0.0450252778828144,-0.151357412338257,0.365258097648621,0.412063896656036,-0.0450253076851368,-0.151357382535934,-0.100913919508457,0.218220636248589,-0.100915990769863,0.218220770359039,-0.0450253076851368,-0.151357382535934,0.365260392427444,0.412063896656036,-0.0450252741575241,-0.151357397437096,-0.0450252816081047,-0.151357427239418,-0.100913919508457,0.218220636248589,-0.0450252741575241,-0.151357397437096,0.365258097648621,0.412063866853714
10.5223999023438,0.365194231271744,0.412042707204819,-0.0450345054268837,-0.151346057653427,-0.100822627544403,0.218246892094612,-0.045034509152174,-0.151346072554588,-0.0450345054268837,-0.151346057653427,0.36519193649292,0.412042707204819,-0.0450345017015934,-0.151346042752266,-0.100820548832417,0.218246787786484,-0.100822627544403,0.218246892094612,-0.0450345017015934,-0.151346042752266,0.365194231271744,0.412042707204819,-0.0450345017015934,-0.151346042752266,-0.045034509152174,-0.151346072554588,-0.100820548832417,0.218246787786484,-0.0450345017015934,-0.151346042752266,0.36519193649292,0.412042707204819
10.5228004455566,0.365128010511398,0.412021577358246,-0.0450437366962433,-0.151334717869759,-0.100729249417782,0.218272998929024,-0.0450437366962433,-0.151334717869759,-0.045043732970953,-0.151334702968597,0.365125715732574,0.412021607160568,-0.0450437292456627,-0.151334688067436,-0.100727170705795,0.218272864818573,-0.100729249417782,0.218272998929024,-0.045043732970953,-0.151334702968597,0.365128040313721,0.412021666765213,-0.0450437292456627,-0.151334688067436,-0.0450437366962433,-0.151334717869759,-0.100727170705795,0.218272864818573,-0.0450437292456627,-0.151334688067436,0.365125715732574,0.412021607160568
10.5232000350952,0.365061819553375,0.41200053691864,-0.0450529232621193,-0.151323333382607,-0.10063586384058,0.218299046158791,-0.0450529307126999,-0.151323348283768,-0.0450529232621193,-0.151323333382607,0.365059524774551,0.41200053691864,-0.045052919536829,-0.151323318481445,-0.100633777678013,0.21829891204834,-0.10063586384058,0.218299046158791,-0.045052919536829,-0.151323318481445,0.36506187915802,0.412000566720963,-0.045052919536829,-0.151323318481445,-0.0450529307126999,-0.151323348283768,-0.100633777678013,0.21829891204834,-0.045052919536829,-0.151323318481445,0.365059524774551,0.41200053691864
10.5235996246338,0.364995658397675,0.411979526281357,-0.0450621098279953,-0.151311993598938,-0.100542455911636,0.21832500398159,-0.0450621135532856,-0.151312008500099,-0.0450621098279953,-0.151311993598938,0.364993274211884,0.411979585886002,-0.045062106102705,-0.151311963796616,-0.100540369749069,0.218324884772301,-0.100542455911636,0.21832500398159,-0.045062106102705,-0.151311963796616,0.36499559879303,0.411979556083679,-0.045062106102705,-0.151311978697777,-0.0450621135532856,-0.151312008500099,-0.100540369749069,0.218324884772301,-0.045062106102705,-0.151311978697777,0.364993244409561,0.411979496479034
10.5240001678467,0.364929407835007,0.411958545446396,-0.0450712963938713,-0.151300638914108,-0.100449040532112,0.218350976705551,-0.0450713001191616,-0.151300653815269,-0.0450712963938713,-0.151300638914108,0.364927023649216,0.411958664655685,-0.045071292668581,-0.151300624012947,-0.100446954369545,0.2183508425951,-0.100449040532112,0.218350976705551,-0.045071292668581,-0.151300624012947,0.364929348230362,0.411958634853363,-0.045071292668581,-0.151300624012947,-0.0450713001191616,-0.151300653815269,-0.100446954369545,0.2183508425951,-0.045071292668581,-0.151300624012947,0.364926993846893,0.411958605051041
10.5243997573853,0.364863127470016,0.411937713623047,-0.045080479234457,-0.151289269328117,-0.100355610251427,0.218376830220222,-0.045080479234457,-0.151289269328117,-0.045080479234457,-0.151289269328117,0.364860713481903,0.411937713623047,-0.0450804755091667,-0.151289269328117,-0.10035353153944,0.218376711010933,-0.100355610251427,0.218376845121384,-0.0450804755091667,-0.151289269328117,0.364863127470016,0.411937743425369,-0.0450804755091667,-0.151289269328117,-0.045080479234457,-0.151289269328117,-0.10035353153944,0.218376711010933,-0.0450804755091667,-0.151289269328117,0.364860713481903,0.411937713623047
10.5248003005981,0.364796817302704,0.411916881799698,-0.0450896620750427,-0.151277914643288,-0.100262068212032,0.218402683734894,-0.0450896956026554,-0.151277914643288,-0.0450896620750427,-0.151277914643288,0.36479440331459,0.411916881799698,-0.0450896918773651,-0.151277899742126,-0.100259982049465,0.218402549624443,-0.100262068212032,0.218402683734894,-0.0450896918773651,-0.151277899742126,0.364796847105026,0.411916941404343,-0.0450896546244621,-0.151277884840965,-0.0450896956026554,-0.151277914643288,-0.100259982049465,0.218402549624443,-0.0450896583497524,-0.151277899742126,0.36479440331459,0.411916881799698
10.5251998901367,0.364730536937714,0.411896079778671,-0.0450988747179508,-0.151266530156136,-0.100168615579605,0.21842847764492,-0.0450988784432411,-0.151266545057297,-0.0450988747179508,-0.151266530156136,0.364728182554245,0.411896139383316,-0.0450988709926605,-0.151266515254974,-0.100166536867619,0.218428328633308,-0.100168615579605,0.21842847764492,-0.0450988709926605,-0.151266515254974,0.364730477333069,0.411896109580994,-0.0450988709926605,-0.151266515254974,-0.0450988784432411,-0.151266545057297,-0.100166536867619,0.218428328633308,-0.0450988709926605,-0.151266515254974,0.3647281229496,0.411896079778671
10.5256004333496,0.364664226770401,0.411875396966934,-0.0451080501079559,-0.151255160570145,-0.100075051188469,0.218454211950302,-0.0451080501079559,-0.151255160570145,-0.0451080501079559,-0.151255160570145,0.364661812782288,0.411875426769257,-0.0451080463826656,-0.151255145668983,-0.100072972476482,0.21845406293869,-0.100075051188469,0.218454211950302,-0.0451080463826656,-0.151255145668983,0.364664107561111,0.411875426769257,-0.0451080463826656,-0.151255145668983,-0.0451080501079559,-0.151255160570145,-0.100072972476482,0.21845406293869,-0.0451080463826656,-0.151255145668983,0.364661812782288,0.411875426769257
10.5260000228882,0.364597797393799,0.411854684352875,-0.0451172180473804,-0.151243776082993,-0.0999815165996552,0.218479886651039,-0.045117225497961,-0.151243790984154,-0.0451172180473804,-0.151243776082993,0.364595502614975,0.41185474395752,-0.0451172515749931,-0.151243761181831,-0.0999794974923134,0.218479752540588,-0.0999815240502357,0.2184799015522,-0.0451172515749931,-0.151243761181831,0.364597856998444,0.41185474395752,-0.0451172143220901,-0.151243761181831,-0.045117225497961,-0.151243790984154,-0.0999794974923134,0.218479752540588,-0.0451172143220901,-0.151243761181831,0.364595502614975,0.41185474395752
10.5263996124268,0.364531487226486,0.411834090948105,-0.0451263897120953,-0.15123239159584,-0.0998879820108414,0.218505546450615,-0.0451264306902885,-0.151232406497002,-0.0451263897120953,-0.15123239159584,0.364529132843018,0.41183415055275,-0.0451264232397079,-0.151232376694679,-0.0998859032988548,0.218505382537842,-0.0998879820108414,0.218505546450615,-0.0451264232397079,-0.151232376694679,0.364531546831131,0.411834120750427,-0.045126385986805,-0.151232376694679,-0.0451264306902885,-0.151232406497002,-0.0998859032988548,0.218505382537842,-0.045126385986805,-0.151232376694679,0.364529103040695,0.411834090948105
10.5268001556396,0.364465057849884,0.411813527345657,-0.0451355576515198,-0.151221007108688,-0.0997943803668022,0.218531101942062,-0.0451355986297131,-0.15122102200985,-0.0451355576515198,-0.151221007108688,0.364462733268738,0.411813586950302,-0.0451355911791325,-0.151220992207527,-0.0997922942042351,0.21853095293045,-0.0997943803668022,0.218531101942062,-0.0451355911791325,-0.151220992207527,0.364465087652206,0.41181355714798,-0.0451355911791325,-0.151220992207527,-0.0451355986297131,-0.15122102200985,-0.0997922942042351,0.21853095293045,-0.0451355911791325,-0.151220992207527,0.364462733268738,0.411813586950302
10.5271997451782,0.364398688077927,0.411793023347855,-0.0451447628438473,-0.151209622621536,-0.0997007712721825,0.218556627631187,-0.0451447628438473,-0.151209622621536,-0.0451447628438473,-0.151209622621536,0.364396333694458,0.411793082952499,-0.0451447553932667,-0.151209607720375,-0.0996986851096153,0.218556493520737,-0.0997007712721825,0.218556627631187,-0.0451447553932667,-0.151209607720375,0.364398628473282,0.411793112754822,-0.0451447553932667,-0.151209607720375,-0.0451447628438473,-0.151209622621536,-0.0996986851096153,0.218556493520737,-0.0451447553932667,-0.151209607720375,0.364396333694458,0.411793082952499
10.5276002883911,0.364332228899002,0.411772638559341,-0.0451539233326912,-0.151198223233223,-0.0996071398258209,0.21858212351799,-0.0451539270579815,-0.151198238134384,-0.0451539233326912,-0.151198223233223,0.364329934120178,0.411772608757019,-0.0451539196074009,-0.151198208332062,-0.0996050611138344,0.218581959605217,-0.0996071398258209,0.21858212351799,-0.0451539196074009,-0.151198208332062,0.364332258701324,0.411772668361664,-0.0451539196074009,-0.151198208332062,-0.0451539270579815,-0.151198238134384,-0.0996050536632538,0.218581959605217,-0.0451539196074009,-0.151198208332062,0.364329934120178,0.411772608757019
10.5279998779297,0.364265829324722,0.411752194166183,-0.0451630875468254,-0.151186838746071,-0.0995135009288788,0.218607529997826,-0.0451630875468254,-0.151186838746071,-0.0451630875468254,-0.151186838746071,0.364263474941254,0.411752253770828,-0.0451630800962448,-0.151186808943748,-0.0995113626122475,0.218607395887375,-0.0995135009288788,0.218607544898987,-0.0451630838215351,-0.15118682384491,0.364265859127045,0.411752283573151,-0.0451630800962448,-0.151186808943748,-0.0451630875468254,-0.151186838746071,-0.0995113626122475,0.218607395887375,-0.0451630838215351,-0.15118682384491,0.364263415336609,0.411752223968506
10.5284004211426,0.364199370145798,0.411731868982315,-0.045172244310379,-0.151175439357758,-0.0994197502732277,0.218632936477661,-0.045172244310379,-0.151175439357758,-0.045172244310379,-0.151175439357758,0.364197075366974,0.411731898784637,-0.0451722368597984,-0.151175409555435,-0.0994176641106606,0.218632772564888,-0.0994197502732277,0.218632936477661,-0.0451722405850887,-0.151175424456596,0.36419939994812,0.41173192858696,-0.0451722368597984,-0.151175409555435,-0.045172244310379,-0.151175439357758,-0.0994177162647247,0.218632772564888,-0.0451722405850887,-0.151175424456596,0.364197075366974,0.411731898784637
10.5288000106812,0.364132970571518,0.411711633205414,-0.0451814010739326,-0.151164025068283,-0.0993260890245438,0.218658268451691,-0.0451814047992229,-0.151164039969444,-0.0451814010739326,-0.151164025068283,0.364130556583405,0.411711663007736,-0.0451813936233521,-0.151164010167122,-0.0993240028619766,0.218658104538918,-0.0993260890245438,0.218658268451691,-0.0451813936233521,-0.151164010167122,0.364132970571518,0.411711663007736,-0.0451813936233521,-0.151164010167122,-0.0451814047992229,-0.151164039969444,-0.0993240028619766,0.218658104538918,-0.0451813936233521,-0.151164010167122,0.364130556583405,0.411711633205414
10.5291996002197,0.364066421985626,0.41169136762619,-0.0451905503869057,-0.151152640581131,-0.0992323085665703,0.218683540821075,-0.0451905503869057,-0.15115262567997,-0.0451905503869057,-0.15115262567997,0.364064067602158,0.41169148683548,-0.0451905466616154,-0.151152610778809,-0.0992302745580673,0.218683376908302,-0.0992323085665703,0.218683540821075,-0.0451905466616154,-0.151152610778809,0.364066481590271,0.411691427230835,-0.0451905466616154,-0.151152610778809,-0.0451905503869057,-0.15115262567997,-0.0992302745580673,0.218683362007141,-0.0451905466616154,-0.151152610778809,0.364064067602158,0.411691457033157
10.5296001434326,0.363999962806702,0.411671221256256,-0.045199703425169,-0.151141211390495,-0.099138617515564,0.218708768486977,-0.0451997071504593,-0.151141226291656,-0.045199703425169,-0.151141211390495,0.363997578620911,0.411671251058578,-0.0451996959745884,-0.151141196489334,-0.0991365388035774,0.218708604574203,-0.099138617515564,0.218708768486977,-0.0451996959745884,-0.151141196489334,0.363999933004379,0.411671310663223,-0.0451996959745884,-0.151141196489334,-0.0451997071504593,-0.151141226291656,-0.0991365388035774,0.218708604574203,-0.0451996959745884,-0.151141196489334,0.363997578620911,0.411671251058578
10.5299997329712,0.363933444023132,0.411651134490967,-0.045208852738142,-0.151129797101021,-0.0990448221564293,0.218733936548233,-0.0452088564634323,-0.151129812002182,-0.045208852738142,-0.151129797101021,0.363931030035019,0.411651164293289,-0.0452088490128517,-0.15112978219986,-0.0990427359938622,0.218733787536621,-0.0990448221564293,0.218733936548233,-0.0452088490128517,-0.15112978219986,0.363933384418488,0.411651194095612,-0.0452088490128517,-0.15112978219986,-0.0452088564634323,-0.151129812002182,-0.0990427359938622,0.218733787536621,-0.0452088490128517,-0.15112978219986,0.363931030035019,0.411651164293289
10.5304002761841,0.363866895437241,0.411631077528,-0.0452179946005344,-0.151118382811546,-0.0989510118961334,0.218759059906006,-0.0452179983258247,-0.151118397712708,-0.0452179946005344,-0.151118382811546,0.363864541053772,0.411631137132645,-0.0452179908752441,-0.151118367910385,-0.0989489257335663,0.218758895993233,-0.0989510118961334,0.218759059906006,-0.0452179908752441,-0.151118367910385,0.363866835832596,0.411631107330322,-0.0452179908752441,-0.151118367910385,-0.0452179983258247,-0.151118397712708,-0.0989489257335663,0.218758895993233,-0.0452179908752441,-0.151118367910385,0.363864541053772,0.411631137132645
10.5307998657227,0.363800346851349,0.411611139774323,-0.0452271439135075,-0.151106968522072,-0.0988571792840958,0.218784138560295,-0.0452271439135075,-0.151106968522072,-0.0452271439135075,-0.151106968522072,0.363797932863235,0.411611139774323,-0.0452271401882172,-0.151106953620911,-0.0988551005721092,0.218783974647522,-0.0988571792840958,0.218784138560295,-0.0452271401882172,-0.151106953620911,0.363800346851349,0.411611139774323,-0.0452271401882172,-0.151106953620911,-0.0452271476387978,-0.151106983423233,-0.0988551005721092,0.218783974647522,-0.0452271401882172,-0.151106953620911,0.363797932863235,0.411611139774323
10.5312004089355,0.36373370885849,0.411591142416,-0.0452362485229969,-0.151095554232597,-0.0987633541226387,0.21880915760994,-0.0452362857758999,-0.151095554232597,-0.0452362783253193,-0.151095539331436,0.363731354475021,0.411591231822968,-0.045236274600029,-0.151095524430275,-0.0987612679600716,0.218808993697166,-0.0987633541226387,0.21880915760994,-0.045236274600029,-0.151095524430275,0.363733768463135,0.411591202020645,-0.045236274600029,-0.151095524430275,-0.0452362857758999,-0.151095554232597,-0.0987612679600716,0.218808993697166,-0.045236274600029,-0.151095524430275,0.363731324672699,0.411591172218323
10.5315999984741,0.363667070865631,0.411571264266968,-0.045245386660099,-0.151084125041962,-0.0986695066094398,0.2188341319561,-0.045245386660099,-0.151084125041962,-0.045245386660099,-0.151084125041962,0.36366480588913,0.411571323871613,-0.0452454201877117,-0.1510841101408,-0.0986674204468727,0.218833968043327,-0.0986695066094398,0.2188341319561,-0.0452454201877117,-0.1510841101408,0.363667130470276,0.411571323871613,-0.0452453829348087,-0.1510841101408,-0.045245386660099,-0.151084125041962,-0.0986674204468727,0.218833968043327,-0.0452453829348087,-0.1510841101408,0.36366480588913,0.411571323871613
10.5319995880127,0.363600492477417,0.41155144572258,-0.0452545210719109,-0.151072695851326,-0.0985756441950798,0.218859031796455,-0.0452545210719109,-0.151072695851326,-0.0452545210719109,-0.151072695851326,0.363598138093948,0.411551535129547,-0.0452545173466206,-0.151072680950165,-0.0985735580325127,0.218858882784843,-0.0985756441950798,0.218859031796455,-0.0452545173466206,-0.151072680950165,0.363600522279739,0.411551535129547,-0.0452545173466206,-0.151072680950165,-0.0452545210719109,-0.151072695851326,-0.0985735580325127,0.218858882784843,-0.0452545173466206,-0.151072680950165,0.363598078489304,0.411551475524902
10.5324001312256,0.363533854484558,0.411531656980515,-0.04526362195611,-0.15106126666069,-0.098481722176075,0.218883916735649,-0.045263659209013,-0.15106126666069,-0.0452636182308197,-0.151061251759529,0.363531500101089,0.411531746387482,-0.0452636517584324,-0.151061236858368,-0.0984796360135078,0.218883737921715,-0.098481722176075,0.218883916735649,-0.0452636554837227,-0.151061251759529,0.363533794879913,0.411531776189804,-0.0452636517584324,-0.151061236858368,-0.045263659209013,-0.15106126666069,-0.0984796360135078,0.218883737921715,-0.0452636517584324,-0.151061236858368,0.363531500101089,0.411531716585159
10.5327997207642,0.363467127084732,0.411511987447739,-0.0452727489173412,-0.151049807667732,-0.098387785255909,0.218908727169037,-0.0452727563679218,-0.151049822568893,-0.0452727489173412,-0.151049807667732,0.363464862108231,0.411512017250061,-0.0452727824449539,-0.151049792766571,-0.0983857065439224,0.218908548355103,-0.098387785255909,0.218908727169037,-0.0452727824449539,-0.151049792766571,0.363467156887054,0.411512047052383,-0.0452727451920509,-0.151049792766571,-0.0452727563679218,-0.151049822568893,-0.0983857065439224,0.218908548355103,-0.0452727451920509,-0.151049792766571,0.363464862108231,0.411512017250061
10.5332002639771,0.363400518894196,0.411492347717285,-0.0452818870544434,-0.151038393378258,-0.098293848335743,0.218933492898941,-0.0452818870544434,-0.151038393378258,-0.0452818833291531,-0.151038378477097,0.363398134708405,0.411492347717285,-0.0452818758785725,-0.151038363575935,-0.0982917100191116,0.218933328986168,-0.098293848335743,0.218933492898941,-0.0452818758785725,-0.151038363575935,0.363400518894196,0.411492347717285,-0.0452818758785725,-0.151038363575935,-0.0452818870544434,-0.151038393378258,-0.0982917100191116,0.218933328986168,-0.0452818758785725,-0.151038363575935,0.363398134708405,0.411492347717285
10.5335998535156,0.363333910703659,0.411472737789154,-0.0452910102903843,-0.1510269343853,-0.0981998890638351,0.2189581990242,-0.0452910102903843,-0.1510269343853,-0.0452910102903843,-0.1510269343853,0.363331496715546,0.411472767591476,-0.045291006565094,-0.151026919484138,-0.098197802901268,0.218958035111427,-0.0981998890638351,0.2189581990242,-0.045291006565094,-0.151026919484138,0.363333910703659,0.411472767591476,-0.045291006565094,-0.151026919484138,-0.0452910102903843,-0.1510269343853,-0.098197802901268,0.218958035111427,-0.045291006565094,-0.151026919484138,0.363331496715546,0.411472767591476
10.5340003967285,0.363267093896866,0.411453157663345,-0.0453001372516155,-0.151015505194664,-0.0981058701872826,0.218982860445976,-0.0453001372516155,-0.151015505194664,-0.0453001372516155,-0.151015505194664,0.363264739513397,0.411453247070313,-0.0453001260757446,-0.151015475392342,-0.0981037840247154,0.218982681632042,-0.0981058701872826,0.218982860445976,-0.0453001335263252,-0.151015490293503,0.363267123699188,0.41145321726799,-0.0453001260757446,-0.151015475392342,-0.0453001372516155,-0.151015505194664,-0.0981037840247154,0.218982681632042,-0.0453001335263252,-0.151015490293503,0.363264739513397,0.411453247070313
10.5343999862671,0.36320036649704,0.411433666944504,-0.0453092530369759,-0.151004031300545,-0.0980118364095688,0.219007477164268,-0.0453092604875565,-0.151004046201706,-0.0453092530369759,-0.151004031300545,0.363198012113571,0.411433786153793,-0.0453092493116856,-0.151004016399384,-0.0980097502470016,0.219007298350334,-0.0980118364095688,0.219007477164268,-0.0453092493116856,-0.151004016399384,0.363200396299362,0.411433726549149,-0.0453092493116856,-0.151004016399384,-0.0453092604875565,-0.151004046201706,-0.0980097502470016,0.219007298350334,-0.0453092493116856,-0.151004016399384,0.363198101520538,0.411433756351471
10.5347995758057,0.363133639097214,0.411414265632629,-0.0453183390200138,-0.150992587208748,-0.097917802631855,0.219032034277916,-0.0453183762729168,-0.150992587208748,-0.0453183390200138,-0.150992587208748,0.363131254911423,0.411414295434952,-0.0453183725476265,-0.150992572307587,-0.0979157164692879,0.219031870365143,-0.097917802631855,0.219032034277916,-0.0453183725476265,-0.150992572307587,0.363133639097214,0.411414295434952,-0.0453183352947235,-0.150992572307587,-0.0453183762729168,-0.150992587208748,-0.0979157090187073,0.21903184056282,-0.0453183352947235,-0.150992572307587,0.363131254911423,0.411414295434952
10.5352001190186,0.363066911697388,0.411394864320755,-0.0453274548053741,-0.15098112821579,-0.0978237390518188,0.21905654668808,-0.0453274585306644,-0.150981143116951,-0.0453274548053741,-0.15098112821579,0.363064557313919,0.411394983530045,-0.0453274510800838,-0.150981113314629,-0.0978216528892517,0.219056367874146,-0.0978237390518188,0.21905654668808,-0.0453274510800838,-0.150981113314629,0.363066971302032,0.411394953727722,-0.0453274510800838,-0.150981113314629,-0.0453274585306644,-0.150981143116951,-0.0978216528892517,0.219056367874146,-0.0453274510800838,-0.150981113314629,0.363064527511597,0.411394953727722
10.5355997085571,0.363000184297562,0.41137558221817,-0.0453365333378315,-0.150969669222832,-0.0977296754717827,0.219080999493599,-0.0453365370631218,-0.150969684123993,-0.0453365333378315,-0.150969669222832,0.362997800111771,0.411375612020493,-0.0453365296125412,-0.150969654321671,-0.0977275893092155,0.219080805778503,-0.0977296829223633,0.21908101439476,-0.0453365296125412,-0.150969654321671,0.363000094890594,0.411375612020493,-0.0453365296125412,-0.150969654321671,-0.0453365370631218,-0.150969684123993,-0.0977275893092155,0.219080805778503,-0.0453365296125412,-0.150969654321671,0.362997800111771,0.411375612020493
10.53600025177,0.362933337688446,0.411356329917908,-0.0453456416726112,-0.150958195328712,-0.0976355522871017,0.219105407595634,-0.0453456453979015,-0.150958210229874,-0.0453456416726112,-0.150958195328712,0.362930983304977,0.411356419324875,-0.0453456379473209,-0.150958180427551,-0.097633458673954,0.219105213880539,-0.0976355522871017,0.219105407595634,-0.0453456379473209,-0.150958180427551,0.362933367490768,0.41135635972023,-0.0453456379473209,-0.150958180427551,-0.0453456453979015,-0.150958210229874,-0.097633458673954,0.219105213880539,-0.0453456379473209,-0.150958180427551,0.3629310131073,0.411356329917908
10.5363998413086,0.362866520881653,0.41133713722229,-0.0453546792268753,-0.150946751236916,-0.0975414142012596,0.219129756093025,-0.0453546792268753,-0.150946751236916,-0.0453546792268753,-0.150946751236916,0.362864106893539,0.411337167024612,-0.045354675501585,-0.150946736335754,-0.0975393280386925,0.21912956237793,-0.0975414142012596,0.219129756093025,-0.045354675501585,-0.150946736335754,0.362866520881653,0.41133713722229,-0.0453546717762947,-0.150946721434593,-0.0453546792268753,-0.150946751236916,-0.0975393280386925,0.21912956237793,-0.045354675501585,-0.150946736335754,0.362864226102829,0.41133713722229
10.5368003845215,0.36279970407486,0.411317944526672,-0.045363787561655,-0.150935277342796,-0.0974472612142563,0.219154059886932,-0.0453637912869453,-0.150935292243958,-0.045363787561655,-0.150935277342796,0.362797349691391,0.41131803393364,-0.0453637838363647,-0.150935262441635,-0.0974452272057533,0.219153866171837,-0.0974473133683205,0.219154059886932,-0.0453637838363647,-0.150935262441635,0.362799733877182,0.41131803393364,-0.0453637838363647,-0.150935262441635,-0.0453637912869453,-0.150935292243958,-0.0974452272057533,0.219153866171837,-0.0453637838363647,-0.150935262441635,0.362797349691391,0.41131803393364
10.5371999740601,0.362732827663422,0.411298841238022,-0.0453728921711445,-0.150923803448677,-0.0973531007766724,0.219178318977356,-0.0453728958964348,-0.150923818349838,-0.0453728921711445,-0.150923803448677,0.362730473279953,0.411298990249634,-0.0453728884458542,-0.150923788547516,-0.0973510146141052,0.21917812526226,-0.0973531007766724,0.219178304076195,-0.0453728884458542,-0.150923788547516,0.362732887268066,0.411298930644989,-0.0453728884458542,-0.150923788547516,-0.0453728958964348,-0.150923818349838,-0.0973510146141052,0.21917812526226,-0.0453728884458542,-0.150923788547516,0.362730473279953,0.411298960447311
10.5375995635986,0.362666040658951,0.411279886960983,-0.0453819930553436,-0.150912314653397,-0.0972589254379272,0.219202488660812,-0.0453819967806339,-0.150912329554558,-0.0453819930553436,-0.150912314653397,0.362663626670837,0.411279916763306,-0.0453819893300533,-0.150912299752235,-0.0972568467259407,0.219202324748039,-0.0972589254379272,0.219202488660812,-0.0453819893300533,-0.150912299752235,0.362665921449661,0.411279886960983,-0.0453819893300533,-0.150912299752235,-0.0453819967806339,-0.150912329554558,-0.0972568467259407,0.219202324748039,-0.0453819893300533,-0.150912299752235,0.362663626670837,0.411279916763306
10.5380001068115,0.362599104642868,0.4112608730793,-0.0453910268843174,-0.150900855660439,-0.0971646904945374,0.219226658344269,-0.0453910976648331,-0.150900825858116,-0.0453910268843174,-0.150900855660439,0.362596720457077,0.411260932683945,-0.0453910939395428,-0.150900810956955,-0.0971626043319702,0.219226449728012,-0.0971646904945374,0.219226658344269,-0.0453910939395428,-0.150900810956955,0.362599104642868,0.4112608730793,-0.0453910231590271,-0.150900840759277,-0.0453911013901234,-0.150900840759277,-0.0971626043319702,0.219226449728012,-0.0453910231590271,-0.150900840759277,0.362596720457077,0.411260932683945
10.5383996963501,0.36253222823143,0.411241918802261,-0.0454001240432262,-0.150889366865158,-0.097070500254631,0.219250738620758,-0.0454001948237419,-0.150889351963997,-0.0454001203179359,-0.150889351963997,0.362529844045639,0.411242008209229,-0.0454001873731613,-0.150889322161674,-0.0970684140920639,0.219250544905663,-0.097070500254631,0.219250738620758,-0.0454001873731613,-0.150889322161674,0.362532258033752,0.411241978406906,-0.0454001165926456,-0.150889351963997,-0.0454001948237419,-0.150889351963997,-0.0970684140920639,0.219250544905663,-0.0454001165926456,-0.150889351963997,0.362529844045639,0.411242008209229
10.538800239563,0.362465292215347,0.411223083734512,-0.0454092174768448,-0.150877863168716,-0.0969762429594994,0.219274774193764,-0.0454092174768448,-0.150877863168716,-0.0454092174768448,-0.150877863168716,0.362462908029556,0.411223173141479,-0.0454092100262642,-0.150877848267555,-0.096974104642868,0.219274610280991,-0.0969762429594994,0.219274789094925,-0.0454092100262642,-0.150877848267555,0.362465292215347,0.411223113536835,-0.0454092100262642,-0.150877848267555,-0.0454092174768448,-0.150877863168716,-0.096974104642868,0.219274610280991,-0.0454092100262642,-0.150877848267555,0.362462908029556,0.411223173141479
10.5391998291016,0.362398326396942,0.411204248666763,-0.0454182364046574,-0.150866404175758,-0.0968819260597229,0.219298765063286,-0.0454182364046574,-0.150866404175758,-0.0454182364046574,-0.150866404175758,0.362395972013474,0.41120433807373,-0.045418307185173,-0.150866359472275,-0.0968798398971558,0.21929857134819,-0.0968819260597229,0.219298765063286,-0.045418307185173,-0.150866359472275,0.362398356199265,0.41120433807373,-0.0454182326793671,-0.150866389274597,-0.0454182364046574,-0.150866404175758,-0.0968798846006393,0.219298556447029,-0.0454182326793671,-0.150866389274597,0.362395972013474,0.41120433807373
10.5396003723145,0.362331449985504,0.411185503005981,-0.0454273298382759,-0.150854900479317,-0.09678765386343,0.219322711229324,-0.0454273298382759,-0.150854900479317,-0.0454273298382759,-0.150854900479317,0.362329095602036,0.411185622215271,-0.0454273261129856,-0.150854885578156,-0.0967855080962181,0.219322517514229,-0.09678765386343,0.219322711229324,-0.0454273261129856,-0.150854885578156,0.362331360578537,0.411185592412949,-0.0454273261129856,-0.150854885578156,-0.0454273298382759,-0.150854900479317,-0.0967855080962181,0.219322517514229,-0.0454273261129856,-0.150854885578156,0.362329065799713,0.411185562610626
10.539999961853,0.362264484167099,0.411166876554489,-0.0454364195466042,-0.150843396782875,-0.0966933071613312,0.219346612691879,-0.0454364195466042,-0.150843396782875,-0.0454364158213139,-0.150843381881714,0.36226212978363,0.411166965961456,-0.0454364120960236,-0.150843366980553,-0.096691220998764,0.219346404075623,-0.0966933071613312,0.219346612691879,-0.0454364120960236,-0.150843366980553,0.362264484167099,0.411166876554489,-0.0454364120960236,-0.150843366980553,-0.0454364195466042,-0.150843396782875,-0.096691220998764,0.219346404075623,-0.0454364120960236,-0.150843366980553,0.362262099981308,0.411166906356812
10.5403995513916,0.362197428941727,0.411148220300674,-0.0454455018043518,-0.150831893086433,-0.0965989530086517,0.219370439648628,-0.0454455018043518,-0.150831893086433,-0.0454455018043518,-0.150831893086433,0.362195074558258,0.411148309707642,-0.0454454980790615,-0.150831878185272,-0.0965969115495682,0.219370231032372,-0.0965989530086517,0.219370439648628,-0.0454454980790615,-0.150831878185272,0.362197458744049,0.411148250102997,-0.0454454980790615,-0.150831878185272,-0.0454455018043518,-0.150831893086433,-0.0965969115495682,0.219370231032372,-0.0454454980790615,-0.150831878185272,0.362195074558258,0.411148309707642
10.5408000946045,0.362130403518677,0.411129593849182,-0.0454545132815838,-0.150820389389992,-0.0965045914053917,0.219394221901894,-0.0454545170068741,-0.150820404291153,-0.0454545132815838,-0.150820389389992,0.362128049135208,0.411129713058472,-0.0454545095562935,-0.150820374488831,-0.0965025052428246,0.219394013285637,-0.0965045914053917,0.219394221901894,-0.0454545095562935,-0.150820374488831,0.362130463123322,0.411129713058472,-0.0454545095562935,-0.150820374488831,-0.0454545170068741,-0.150820404291153,-0.0965025052428246,0.219394013285637,-0.0454545095562935,-0.150820374488831,0.362128049135208,0.411129713058472
10.5411996841431,0.362063437700272,0.411111116409302,-0.0454635955393314,-0.15080888569355,-0.0964102149009705,0.219417944550514,-0.0454635992646217,-0.150808900594711,-0.0454635955393314,-0.15080888569355,0.362061053514481,0.411111205816269,-0.0454635880887508,-0.150808870792389,-0.0964081212878227,0.219417750835419,-0.0964102149009705,0.219417959451675,-0.0454635880887508,-0.150808870792389,0.362063467502594,0.411111146211624,-0.0454635880887508,-0.150808870792389,-0.0454635992646217,-0.150808900594711,-0.0964081212878227,0.219417750835419,-0.0454635880887508,-0.150808870792389,0.362061053514481,0.411111205816269
10.541600227356,0.361996382474899,0.411092638969421,-0.0454726740717888,-0.150797367095947,-0.096315823495388,0.219441637396812,-0.0454726740717888,-0.150797367095947,-0.0454726740717888,-0.150797367095947,0.361994028091431,0.411092758178711,-0.0454726703464985,-0.150797352194786,-0.0963137373328209,0.219441413879395,-0.096315823495388,0.219441637396812,-0.0454726703464985,-0.150797352194786,0.361996412277222,0.411092698574066,-0.0454726703464985,-0.150797352194786,-0.0454726740717888,-0.150797367095947,-0.0963137373328209,0.219441413879395,-0.0454726703464985,-0.150797352194786,0.361994028091431,0.411092758178711
10.5419998168945,0.361929327249527,0.411074221134186,-0.0454816818237305,-0.150785863399506,-0.0962213799357414,0.219465255737305,-0.0454817526042461,-0.150785848498344,-0.0454816780984402,-0.150785863399506,0.361926972866058,0.411074340343475,-0.0454817414283752,-0.150785818696022,-0.0962192937731743,0.219465062022209,-0.0962213799357414,0.219465255737305,-0.0454817451536655,-0.150785833597183,0.361929386854172,0.411074250936508,-0.0454817414283752,-0.150785818696022,-0.0454817526042461,-0.150785848498344,-0.0962192937731743,0.219465062022209,-0.0454817414283752,-0.150785818696022,0.361926972866058,0.411074340343475
10.5424003601074,0.361862242221832,0.411055862903595,-0.0454907529056072,-0.150774329900742,-0.0961269214749336,0.219488829374313,-0.0454907529056072,-0.150774329900742,-0.0454907529056072,-0.150774329900742,0.361859887838364,0.411055952310562,-0.0454907491803169,-0.150774329900742,-0.0961248353123665,0.219488620758057,-0.0961269214749336,0.219488829374313,-0.0454907491803169,-0.150774329900742,0.361862272024155,0.41105592250824,-0.0454907491803169,-0.150774329900742,-0.0454907529056072,-0.150774329900742,-0.0961248353123665,0.219488620758057,-0.0454907491803169,-0.150774329900742,0.361859887838364,0.411055952310562
10.542799949646,0.361795157194138,0.411037564277649,-0.0454998202621937,-0.150762811303139,-0.0960324481129646,0.219512358307838,-0.045499823987484,-0.150762811303139,-0.0454998202621937,-0.150762811303139,0.361792802810669,0.411037653684616,-0.0454998165369034,-0.150762796401978,-0.0960303694009781,0.219512149691582,-0.0960324481129646,0.219512358307838,-0.0454998165369034,-0.150762796401978,0.36179518699646,0.411037623882294,-0.0454998165369034,-0.150762796401978,-0.045499823987484,-0.150762811303139,-0.0960303694009781,0.219512149691582,-0.0454998165369034,-0.150762796401978,0.361792802810669,0.411037653684616
10.5431995391846,0.361728131771088,0.41101935505867,-0.0455088205635548,-0.150751292705536,-0.0959379747509956,0.219535827636719,-0.0455088205635548,-0.150751292705536,-0.0455088205635548,-0.150751292705536,0.361725777387619,0.411019444465637,-0.0455088131129742,-0.150751277804375,-0.0959358885884285,0.219535619020462,-0.0959379747509956,0.219535827636719,-0.0455088131129742,-0.150751277804375,0.361728131771088,0.41101935505867,-0.0455088131129742,-0.150751277804375,-0.0455088242888451,-0.150751307606697,-0.0959358885884285,0.219535619020462,-0.0455088131129742,-0.150751277804375,0.361725777387619,0.411019444465637
10.5436000823975,0.361660987138748,0.411001175642014,-0.0455178879201412,-0.150739759206772,-0.0958434864878654,0.219559237360954,-0.0455178879201412,-0.150739759206772,-0.0455178879201412,-0.150739759206772,0.36165863275528,0.411001265048981,-0.0455178841948509,-0.150739744305611,-0.0958413481712341,0.219559028744698,-0.0958434864878654,0.219559237360954,-0.0455178841948509,-0.150739744305611,0.361661046743393,0.411001235246658,-0.0455178841948509,-0.150739744305611,-0.0455178879201412,-0.150739759206772,-0.0958413481712341,0.219559028744698,-0.0455178841948509,-0.150739744305611,0.36165863275528,0.411001265048981
10.543999671936,0.361593812704086,0.410983085632324,-0.0455268770456314,-0.150728240609169,-0.0957489386200905,0.219582602381706,-0.0455268807709217,-0.15072825551033,-0.0455268770456314,-0.150728240609169,0.361591428518295,0.410983115434647,-0.0455269403755665,-0.150728210806847,-0.0957467928528786,0.21958239376545,-0.0957489386200905,0.219582602381706,-0.0455269403755665,-0.150728210806847,0.361593812704086,0.410983085632324,-0.0455268733203411,-0.150728225708008,-0.0455268807709217,-0.15072825551033,-0.0957467928528786,0.21958239376545,-0.0455268733203411,-0.150728225708008,0.361591428518295,0.410983115434647
10.5444002151489,0.361526668071747,0.410964995622635,-0.0455359369516373,-0.150716677308083,-0.0956543684005737,0.219605922698975,-0.0455359406769276,-0.150716692209244,-0.0455359369516373,-0.150716677308083,0.361524283885956,0.410965085029602,-0.045535933226347,-0.150716662406921,-0.0956522822380066,0.219605714082718,-0.0956543684005737,0.219605922698975,-0.045535933226347,-0.150716662406921,0.361526668071747,0.410965025424957,-0.045535933226347,-0.150716662406921,-0.0455359406769276,-0.150716692209244,-0.0956522822380066,0.219605714082718,-0.045535933226347,-0.150716662406921,0.361524283885956,0.410965085029602
10.5447998046875,0.361459523439407,0.410946995019913,-0.0455449968576431,-0.15070515871048,-0.0955597907304764,0.219629168510437,-0.0455449968576431,-0.15070515871048,-0.0455449931323528,-0.150705143809319,0.361457049846649,0.410947114229202,-0.0455449894070625,-0.150705128908157,-0.0955576524138451,0.219628974795341,-0.0955597907304764,0.219629168510437,-0.0455449894070625,-0.150705128908157,0.361459523439407,0.410946995019913,-0.0455449894070625,-0.150705128908157,-0.0455449968576431,-0.15070515871048,-0.0955577045679092,0.21962895989418,-0.0455449894070625,-0.150705128908157,0.361457109451294,0.410947024822235
10.5452003479004,0.361392289400101,0.410929024219513,-0.0455539785325527,-0.150693610310555,-0.095465213060379,0.219652384519577,-0.045553982257843,-0.150693625211716,-0.0455539785325527,-0.150693610310555,0.361389935016632,0.41092911362648,-0.0455539748072624,-0.150693595409393,-0.0954631194472313,0.21965217590332,-0.095465213060379,0.219652384519577,-0.0455539748072624,-0.150693595409393,0.361392319202423,0.41092911362648,-0.0455539748072624,-0.150693595409393,-0.045553982257843,-0.150693625211716,-0.0954631194472313,0.21965217590332,-0.0455539748072624,-0.150693595409393,0.361389935016632,0.41092911362648
10.545599937439,0.361325114965439,0.410911113023758,-0.0455630384385586,-0.150682061910629,-0.0953705608844757,0.219675540924072,-0.0455630384385586,-0.150682061910629,-0.0455630384385586,-0.150682061910629,0.361322671175003,0.410911232233047,-0.045563030987978,-0.150682047009468,-0.0953684747219086,0.219675332307816,-0.0953705608844757,0.219675540924072,-0.045563030987978,-0.150682047009468,0.361325144767761,0.410911172628403,-0.045563030987978,-0.150682047009468,-0.0455630384385586,-0.150682061910629,-0.0953684747219086,0.219675332307816,-0.045563030987978,-0.150682047009468,0.36132276058197,0.410911202430725
10.5459995269775,0.361257880926132,0.41089329123497,-0.0455720163881779,-0.150670528411865,-0.0952759087085724,0.219698667526245,-0.0455720201134682,-0.150670543313026,-0.0455720163881779,-0.150670528411865,0.361255526542664,0.41089341044426,-0.0455720089375973,-0.150670513510704,-0.0952738150954247,0.219698429107666,-0.0952759087085724,0.219698667526245,-0.0455720089375973,-0.150670513510704,0.361257880926132,0.410893321037292,-0.0455720089375973,-0.150670513510704,-0.0455720201134682,-0.150670543313026,-0.0952738150954247,0.219698429107666,-0.0455720089375973,-0.150670513510704,0.361255496740341,0.410893350839615
10.5464000701904,0.361190646886826,0.410875499248505,-0.0455809943377972,-0.150658994913101,-0.0951812416315079,0.219721719622612,-0.0455809943377972,-0.150658994913101,-0.0455809906125069,-0.15065898001194,0.361188322305679,0.410875618457794,-0.0455809868872166,-0.150658965110779,-0.0951791554689407,0.219721481204033,-0.0951812416315079,0.219721719622612,-0.0455809906125069,-0.15065898001194,0.361190646886826,0.410875529050827,-0.0455809868872166,-0.150658965110779,-0.0455809943377972,-0.150658994913101,-0.0951791554689407,0.219721481204033,-0.0455809906125069,-0.15065898001194,0.361188322305679,0.410875618457794
10.546799659729,0.361123442649841,0.410857766866684,-0.0455900393426418,-0.150647431612015,-0.0950865596532822,0.219744712114334,-0.0455900393426418,-0.150647431612015,-0.0455900356173515,-0.150647416710854,0.361120998859406,0.410857915878296,-0.0455900318920612,-0.150647401809692,-0.095084473490715,0.219744488596916,-0.0950865596532822,0.219744712114334,-0.0455900356173515,-0.150647416710854,0.361123383045197,0.410857826471329,-0.0455900318920612,-0.150647401809692,-0.0455900393426418,-0.150647431612015,-0.095084473490715,0.219744488596916,-0.0455900318920612,-0.150647401809692,0.361120969057083,0.410857886075974
10.5472002029419,0.361056178808212,0.41084012389183,-0.0455990098416805,-0.150635868310928,-0.0949918776750565,0.219767659902573,-0.0455990135669708,-0.15063588321209,-0.0455990098416805,-0.150635868310928,0.361053735017776,0.41084024310112,-0.0455990806221962,-0.150635838508606,-0.0949897915124893,0.219767421483994,-0.0949918776750565,0.219767659902573,-0.0455990806221962,-0.150635838508606,0.361056089401245,0.410840153694153,-0.0455990061163902,-0.150635853409767,-0.0455990135669708,-0.15063588321209,-0.0949897915124893,0.219767421483994,-0.0455990061163902,-0.150635853409767,0.361053735017776,0.41084024310112
10.5475997924805,0.360988855361938,0.410822510719299,-0.0456080548465252,-0.150624319911003,-0.094897173345089,0.219790562987328,-0.0456080548465252,-0.150624319911003,-0.0456080548465252,-0.150624319911003,0.36098650097847,0.410822629928589,-0.0456080511212349,-0.150624305009842,-0.0948950871825218,0.219790324568748,-0.094897173345089,0.219790548086166,-0.0456080511212349,-0.150624305009842,0.360988855361938,0.410822540521622,-0.0456080511212349,-0.150624305009842,-0.0456080548465252,-0.150624319911003,-0.0948950871825218,0.219790324568748,-0.0456080511212349,-0.150624305009842,0.36098650097847,0.410822629928589
10.5480003356934,0.360921502113342,0.410804927349091,-0.0456170216202736,-0.150612756609917,-0.0948024690151215,0.219813391566277,-0.0456170253455639,-0.150612771511078,-0.0456170216202736,-0.150612756609917,0.360919177532196,0.41080504655838,-0.045617088675499,-0.150612711906433,-0.0948003306984901,0.219813168048859,-0.0948024690151215,0.219813391566277,-0.045617088675499,-0.150612711906433,0.360921561717987,0.410805016756058,-0.0456170178949833,-0.150612741708755,-0.0456170253455639,-0.150612771511078,-0.0948003306984901,0.219813168048859,-0.0456170178949833,-0.150612741708755,0.360919177532196,0.41080504655838
10.5483999252319,0.360854148864746,0.410787463188171,-0.0456260591745377,-0.150601178407669,-0.094707652926445,0.219836190342903,-0.045626062899828,-0.150601178407669,-0.0456260591745377,-0.150601178407669,0.360851794481277,0.410787582397461,-0.0456260517239571,-0.150601163506508,-0.0947055593132973,0.219835951924324,-0.094707652926445,0.219836190342903,-0.0456260517239571,-0.150601163506508,0.360854178667068,0.410787492990494,-0.0456260517239571,-0.150601163506508,-0.045626062899828,-0.150601178407669,-0.0947055593132973,0.219835951924324,-0.0456260517239571,-0.150601163506508,0.360851794481277,0.410787582397461
10.5488004684448,0.360786885023117,0.410770028829575,-0.0456350222229958,-0.150589615106583,-0.0946128740906715,0.219858929514885,-0.0456350259482861,-0.150589630007744,-0.0456350222229958,-0.150589615106583,0.360784530639648,0.410770088434219,-0.0456350892782211,-0.150589570403099,-0.0946107730269432,0.219858691096306,-0.0946128740906715,0.219858929514885,-0.0456350892782211,-0.150589570403099,0.360786825418472,0.410770088434219,-0.0456350184977055,-0.150589600205421,-0.0456350259482861,-0.150589630007744,-0.0946107730269432,0.219858691096306,-0.0456350184977055,-0.150589600205421,0.360784530639648,0.410770088434219
10.5492000579834,0.360719591379166,0.410752654075623,-0.0456440560519695,-0.150578036904335,-0.0945180803537369,0.219881609082222,-0.0456440560519695,-0.150578036904335,-0.0456440560519695,-0.150578036904335,0.360717117786407,0.41075274348259,-0.0456440523266792,-0.150578022003174,-0.0945159941911697,0.219881400465965,-0.0945180803537369,0.219881609082222,-0.0456440523266792,-0.150578022003174,0.360719531774521,0.410752683877945,-0.0456440523266792,-0.150578022003174,-0.0456440560519695,-0.150578036904335,-0.0945159941911697,0.219881400465965,-0.0456440523266792,-0.150578022003174,0.360717117786407,0.410752713680267
10.549599647522,0.360652178525925,0.410735309123993,-0.0456530079245567,-0.150566443800926,-0.0944232195615768,0.219904229044914,-0.0456530153751373,-0.150566458702087,-0.0456530079245567,-0.150566443800926,0.360649824142456,0.410735458135605,-0.0456530041992664,-0.150566428899765,-0.0944211333990097,0.219904020428658,-0.0944232195615768,0.219904229044914,-0.0456530041992664,-0.150566428899765,0.360652208328247,0.410735368728638,-0.0456530041992664,-0.150566428899765,-0.0456530153751373,-0.150566458702087,-0.0944211333990097,0.219904020428658,-0.0456530041992664,-0.150566428899765,0.360649824142456,0.410735428333282
10.5500001907349,0.360584735870361,0.410718113183975,-0.0456620417535305,-0.150554865598679,-0.0943283662199974,0.219926834106445,-0.0456620417535305,-0.150554865598679,-0.0456620380282402,-0.150554850697517,0.360582381486893,0.41071817278862,-0.0456620343029499,-0.150554835796356,-0.0943263247609138,0.219926580786705,-0.0943283662199974,0.219926834106445,-0.0456620343029499,-0.150554835796356,0.360584735870361,0.410718113183975,-0.0456620343029499,-0.150554835796356,-0.0456620417535305,-0.150554865598679,-0.0943263247609138,0.219926565885544,-0.0456620343029499,-0.150554835796356,0.360582381486893,0.41071817278862
10.5503997802734,0.360517382621765,0.410700887441635,-0.045670997351408,-0.150543287396431,-0.0942334905266762,0.21994936466217,-0.045670997351408,-0.150543287396431,-0.0456709936261177,-0.15054327249527,0.360515028238297,0.410700976848602,-0.0456709899008274,-0.15054327249527,-0.0942314565181732,0.21994911134243,-0.0942334905266762,0.21994936466217,-0.0456709899008274,-0.15054327249527,0.360517382621765,0.410700887441635,-0.0456709899008274,-0.15054327249527,-0.045670997351408,-0.150543287396431,-0.0942314565181732,0.21994911134243,-0.0456709899008274,-0.15054327249527,0.360515028238297,0.410700976848602
10.5508003234863,0.360449969768524,0.410683691501617,-0.0456799417734146,-0.150531709194183,-0.0941386520862579,0.219971835613251,-0.0456799454987049,-0.150531724095345,-0.0456799417734146,-0.150531709194183,0.360447615385056,0.410683840513229,-0.04568000882864,-0.1505316644907,-0.0941365212202072,0.219971597194672,-0.0941386520862579,0.219971835613251,-0.04568000882864,-0.1505316644907,0.360449999570847,0.410683751106262,-0.0456799380481243,-0.150531694293022,-0.0456799454987049,-0.150531724095345,-0.0941365212202072,0.219971597194672,-0.0456799380481243,-0.150531694293022,0.360447585582733,0.410683810710907
10.5511999130249,0.360382527112961,0.410666644573212,-0.0456889644265175,-0.150520101189613,-0.0940437167882919,0.219994246959686,-0.0456889644265175,-0.150520101189613,-0.0456889644265175,-0.150520101189613,0.36038014292717,0.410666733980179,-0.0456889607012272,-0.150520086288452,-0.0940416157245636,0.219994008541107,-0.0940437167882919,0.219994246959686,-0.0456889607012272,-0.150520086288452,0.360382527112961,0.410666644573212,-0.0456889607012272,-0.150520086288452,-0.0456889644265175,-0.150520101189613,-0.0940416157245636,0.219994008541107,-0.0456889607012272,-0.150520086288452,0.36038014292717,0.410666733980179
10.5516004562378,0.360315173864365,0.410649627447128,-0.0456979088485241,-0.150508522987366,-0.0939488112926483,0.220016613602638,-0.0456979125738144,-0.150508537888527,-0.0456979088485241,-0.150508522987366,0.360312700271606,0.410649746656418,-0.0456979051232338,-0.150508508086205,-0.0939467176795006,0.220016375184059,-0.0939488112926483,0.220016613602638,-0.0456979051232338,-0.150508508086205,0.360315173864365,0.410649627447128,-0.0456979051232338,-0.150508508086205,-0.0456979125738144,-0.150508537888527,-0.0939467176795006,0.220016375184059,-0.0456979051232338,-0.150508508086205,0.360312700271606,0.410649746656418
10.5520000457764,0.360247611999512,0.410632610321045,-0.0457068495452404,-0.150496914982796,-0.0938538983464241,0.220038950443268,-0.0457068532705307,-0.150496929883957,-0.0457068495452404,-0.150496914982796,0.360245257616043,0.410632729530334,-0.0457069203257561,-0.150496885180473,-0.0938517525792122,0.220038682222366,-0.0938538983464241,0.220038950443268,-0.0457069203257561,-0.150496885180473,0.360247641801834,0.410632699728012,-0.0457068458199501,-0.150496914982796,-0.0457068532705307,-0.150496929883957,-0.0938517525792122,0.220038682222366,-0.0457068458199501,-0.150496914982796,0.360245257616043,0.410632699728012
10.5523996353149,0.360180109739304,0.410615712404251,-0.0457158647477627,-0.150485306978226,-0.0937588736414909,0.22006119787693,-0.045715868473053,-0.150485321879387,-0.0457158647477627,-0.150485306978226,0.360177755355835,0.410615831613541,-0.0457158610224724,-0.150485292077065,-0.0937567800283432,0.22006094455719,-0.0937588736414909,0.22006119787693,-0.0457158610224724,-0.150485292077065,0.360180139541626,0.410615772008896,-0.0457158610224724,-0.150485292077065,-0.045715868473053,-0.150485321879387,-0.0937567800283432,0.22006094455719,-0.0457158610224724,-0.150485292077065,0.360177755355835,0.410615801811218
10.5528001785278,0.36011266708374,0.41059884428978,-0.045724805444479,-0.150473713874817,-0.0936639383435249,0.22008341550827,-0.0457248091697693,-0.150473728775978,-0.045724805444479,-0.150473713874817,0.360110312700272,0.410598963499069,-0.0457248017191887,-0.150473698973656,-0.0936618000268936,0.22008316218853,-0.0936639383435249,0.22008341550827,-0.0457248017191887,-0.150473698973656,0.36011266708374,0.41059884428978,-0.0457248017191887,-0.150473698973656,-0.0457248091697693,-0.150473728775978,-0.0936618000268936,0.22008316218853,-0.0457248017191887,-0.150473698973656,0.360110312700272,0.410598963499069
10.5531997680664,0.36004513502121,0.410582035779953,-0.045733742415905,-0.150462120771408,-0.0935688987374306,0.220105573534966,-0.045733742415905,-0.150462120771408,-0.045733742415905,-0.150462120771408,0.360042780637741,0.410582154989243,-0.0457337349653244,-0.150462090969086,-0.0935667976737022,0.220105320215225,-0.0935688987374306,0.220105573534966,-0.0457337386906147,-0.150462105870247,0.360045164823532,0.41058212518692,-0.0457337349653244,-0.150462090969086,-0.045733742415905,-0.150462120771408,-0.0935667976737022,0.220105320215225,-0.0457337386906147,-0.150462105870247,0.360042780637741,0.410582154989243
10.5536003112793,0.359977632761002,0.410565316677094,-0.0457426756620407,-0.150450512766838,-0.0934738963842392,0.220127686858177,-0.0457426756620407,-0.150450512766838,-0.0457426756620407,-0.150450512766838,0.359975278377533,0.410565406084061,-0.0457427389919758,-0.150450482964516,-0.0934717506170273,0.220127433538437,-0.0934738963842392,0.220127686858177,-0.0457427389919758,-0.150450482964516,0.359977632761002,0.410565316677094,-0.0457426719367504,-0.150450497865677,-0.0457426756620407,-0.150450512766838,-0.0934717506170273,0.220127433538437,-0.0457426719367504,-0.150450497865677,0.359975278377533,0.410565406084061
10.5539999008179,0.359910011291504,0.410548597574234,-0.0457516759634018,-0.150438874959946,-0.0933788791298866,0.220149725675583,-0.0457516759634018,-0.150438874959946,-0.0457516759634018,-0.150438874959946,0.35990771651268,0.410548746585846,-0.0457516722381115,-0.150438860058784,-0.0933767333626747,0.220149472355843,-0.0933788791298866,0.220149725675583,-0.0457516722381115,-0.150438860058784,0.359910041093826,0.410548657178879,-0.0457516722381115,-0.150438860058784,-0.0457516796886921,-0.150438889861107,-0.0933767333626747,0.220149472355843,-0.0457516722381115,-0.150438860058784,0.359907656908035,0.410548716783524
10.5544004440308,0.359842479228973,0.410531938076019,-0.0457606054842472,-0.150427266955376,-0.0932837501168251,0.220171734690666,-0.0457606054842472,-0.150427266955376,-0.0457606054842472,-0.150427266955376,0.359840154647827,0.410532116889954,-0.0457606017589569,-0.150427252054214,-0.0932816565036774,0.220171466469765,-0.0932837501168251,0.220171734690666,-0.0457606017589569,-0.150427252054214,0.359842509031296,0.410531997680664,-0.0457606017589569,-0.150427252054214,-0.0457606054842472,-0.150427266955376,-0.0932816565036774,0.220171466469765,-0.0457606017589569,-0.150427252054214,0.359840154647827,0.410532116889954
10.5548000335693,0.359774947166443,0.410515367984772,-0.0457696057856083,-0.150415644049644,-0.0931886583566666,0.220193684101105,-0.0457696057856083,-0.150415644049644,-0.045769602060318,-0.150415629148483,0.359772592782974,0.410515516996384,-0.0457695946097374,-0.150415614247322,-0.0931865200400352,0.220193430781364,-0.0931886583566666,0.220193684101105,-0.0457695946097374,-0.150415614247322,0.359774976968765,0.410515457391739,-0.0457695946097374,-0.150415614247322,-0.0457696057856083,-0.150415644049644,-0.0931865721940994,0.220193415880203,-0.0457695946097374,-0.150415614247322,0.359772592782974,0.410515516996384
10.5551996231079,0.359707355499268,0.410498857498169,-0.0457785278558731,-0.150404006242752,-0.0930935740470886,0.220215573906898,-0.0457785278558731,-0.150404006242752,-0.0457785278558731,-0.150404006242752,0.359704971313477,0.410499036312103,-0.0457785241305828,-0.150403991341591,-0.0930914282798767,0.220215320587158,-0.0930935740470886,0.220215573906898,-0.0457785241305828,-0.150403991341591,0.359707415103912,0.410498946905136,-0.0457785241305828,-0.150403991341591,-0.0457785278558731,-0.150404006242752,-0.0930914282798767,0.220215320587158,-0.0457785241305828,-0.150403991341591,0.359704971313477,0.410499036312103
10.5556001663208,0.359639793634415,0.410482406616211,-0.0457874499261379,-0.150392383337021,-0.0929984152317047,0.22023743391037,-0.0457874536514282,-0.150392398238182,-0.0457874499261379,-0.150392383337021,0.359637379646301,0.410482585430145,-0.0457874462008476,-0.15039236843586,-0.092996321618557,0.220237150788307,-0.0929984673857689,0.220237404108047,-0.0457874462008476,-0.15039236843586,0.35963973402977,0.410482496023178,-0.0457874462008476,-0.15039236843586,-0.0457874536514282,-0.150392398238182,-0.092996321618557,0.220237150788307,-0.0457874462008476,-0.15039236843586,0.359637349843979,0.410482555627823
10.5559997558594,0.359572201967239,0.41046604514122,-0.0457963719964027,-0.15038076043129,-0.0929033011198044,0.220259204506874,-0.045796375721693,-0.150380775332451,-0.0457963719964027,-0.15038076043129,0.359569728374481,0.41046616435051,-0.0457963645458221,-0.150380745530128,-0.0929012075066566,0.220258936285973,-0.0929033011198044,0.220259204506874,-0.0457963645458221,-0.150380745530128,0.359572201967239,0.41046604514122,-0.0457963645458221,-0.150380745530128,-0.045796375721693,-0.150380775332451,-0.0929012075066566,0.220258936285973,-0.0457963645458221,-0.150380745530128,0.359569728374481,0.41046616435051
10.5564002990723,0.359504491090775,0.410449713468552,-0.045805286616087,-0.150369137525558,-0.0928081199526787,0.220280930399895,-0.045805286616087,-0.150369137525558,-0.045805286616087,-0.150369137525558,0.359502136707306,0.410449832677841,-0.0458053536713123,-0.150369107723236,-0.0928059816360474,0.220280691981316,-0.0928081199526787,0.220280930399895,-0.0458053536713123,-0.150369107723236,0.359504491090775,0.410449713468552,-0.0458052791655064,-0.150369122624397,-0.045805286616087,-0.150369137525558,-0.0928059816360474,0.220280691981316,-0.0458052791655064,-0.150369122624397,0.359502136707306,0.410449802875519
10.5567998886108,0.359436929225922,0.410433411598206,-0.0458142012357712,-0.150357499718666,-0.092712938785553,0.220302626490593,-0.0458142012357712,-0.150357499718666,-0.0458141975104809,-0.150357484817505,0.359434485435486,0.410433530807495,-0.0458142645657063,-0.150357455015182,-0.0927108451724052,0.220302358269691,-0.092712938785553,0.220302626490593,-0.0458142645657063,-0.150357455015182,0.359436810016632,0.410433411598206,-0.0458141937851906,-0.150357484817505,-0.0458142012357712,-0.150357499718666,-0.0927108451724052,0.220302358269691,-0.0458141937851906,-0.150357484817505,0.359434485435486,0.410433530807495
10.5572004318237,0.359369248151779,0.410417199134827,-0.0458231866359711,-0.150345847010612,-0.0926177427172661,0.220324248075485,-0.0458231866359711,-0.150345847010612,-0.0458231866359711,-0.150345847010612,0.359366804361343,0.410417288541794,-0.0458231829106808,-0.150345832109451,-0.0926156044006348,0.220323979854584,-0.0926177427172661,0.220324248075485,-0.0458231829106808,-0.150345832109451,0.359369188547134,0.410417258739471,-0.0458231829106808,-0.150345832109451,-0.0458231866359711,-0.150345847010612,-0.0926156044006348,0.220323979854584,-0.0458231829106808,-0.150345832109451,0.359366804361343,0.410417288541794
10.5576000213623,0.359301537275314,0.41040101647377,-0.0458320938050747,-0.150334194302559,-0.092522494494915,0.220345839858055,-0.0458320938050747,-0.150334194302559,-0.0458320938050747,-0.150334194302559,0.359299093484879,0.41040113568306,-0.0458320863544941,-0.150334179401398,-0.0925203412771225,0.220345571637154,-0.092522494494915,0.220345839858055,-0.0458320863544941,-0.150334179401398,0.359301537275314,0.410401046276093,-0.0458320863544941,-0.150334179401398,-0.045832097530365,-0.15033420920372,-0.0925204455852509,0.220345541834831,-0.0458320863544941,-0.150334179401398,0.359299093484879,0.41040113568306
10.5579996109009,0.359233826398849,0.410384893417358,-0.045840997248888,-0.150322571396828,-0.0924272760748863,0.220367342233658,-0.045840997248888,-0.150322571396828,-0.045840997248888,-0.150322571396828,0.359231442213058,0.410385072231293,-0.0458410680294037,-0.150322526693344,-0.0924251824617386,0.220367074012756,-0.0924272760748863,0.220367342233658,-0.0458410680294037,-0.150322526693344,0.359233886003494,0.410384923219681,-0.0458409935235977,-0.150322556495667,-0.045840997248888,-0.150322571396828,-0.0924251824617386,0.220367074012756,-0.0458409935235977,-0.150322556495667,0.359231442213058,0.410385072231293
10.5584001541138,0.359166115522385,0.410368889570236,-0.0458499081432819,-0.150310918688774,-0.0923319980502129,0.220388814806938,-0.0458499081432819,-0.150310918688774,-0.0458499081432819,-0.150310918688774,0.359163671731949,0.410369008779526,-0.0458499677479267,-0.150310873985291,-0.0923299118876457,0.220388546586037,-0.0923319980502129,0.220388814806938,-0.045849971473217,-0.150310888886452,0.359166115522385,0.410368889570236,-0.045849896967411,-0.150310888886452,-0.0458499081432819,-0.150310918688774,-0.0923299118876457,0.220388546586037,-0.0458499006927013,-0.150310903787613,0.359163671731949,0.410369008779526
10.5587997436523,0.359098345041275,0.410352826118469,-0.0458588041365147,-0.150299265980721,-0.0922367200255394,0.220410242676735,-0.045858807861805,-0.150299280881882,-0.0458588041365147,-0.150299265980721,0.359096050262451,0.410353004932404,-0.0458588004112244,-0.150299251079559,-0.0922346264123917,0.220409959554672,-0.0922367200255394,0.220410242676735,-0.0458588004112244,-0.150299251079559,0.35909840464592,0.410352915525436,-0.0458588004112244,-0.150299251079559,-0.045858807861805,-0.150299280881882,-0.0922346264123917,0.220409959554672,-0.0458588004112244,-0.150299251079559,0.359096050262451,0.410353004932404
10.5592002868652,0.359030693769455,0.410336911678314,-0.0458677038550377,-0.150287598371506,-0.0921414196491241,0.220431581139565,-0.045867707580328,-0.150287613272667,-0.0458677038550377,-0.150287598371506,0.359028249979019,0.410337060689926,-0.0458676964044571,-0.150287583470345,-0.0921393260359764,0.220431312918663,-0.0921414196491241,0.220431581139565,-0.0458676964044571,-0.150287583470345,0.359030604362488,0.410336941480637,-0.0458676964044571,-0.150287583470345,-0.045867707580328,-0.150287613272667,-0.0921393260359764,0.220431312918663,-0.0458676964044571,-0.150287583470345,0.359028249979019,0.410337060689926
10.5595998764038,0.358962893486023,0.410321056842804,-0.0458766743540764,-0.15027591586113,-0.0920460745692253,0.220452904701233,-0.0458766780793667,-0.150275930762291,-0.0458766743540764,-0.15027591586113,0.358960449695587,0.410321205854416,-0.0458766706287861,-0.150275900959969,-0.0920439809560776,0.220452636480331,-0.0920460745692253,0.220452904701233,-0.0458766706287861,-0.150275900959969,0.358962893486023,0.410321056842804,-0.0458766706287861,-0.150275900959969,-0.0458766780793667,-0.150275930762291,-0.0920439809560776,0.220452636480331,-0.0458766706287861,-0.150275900959969,0.358960449695587,0.410321176052094
10.5600004196167,0.358895033597946,0.410305231809616,-0.0458855666220188,-0.150264263153076,-0.0919507071375847,0.220474153757095,-0.0458855740725994,-0.150264278054237,-0.0458855666220188,-0.150264263153076,0.358892738819122,0.410305380821228,-0.0458855628967285,-0.150264248251915,-0.091948613524437,0.220473900437355,-0.0919507071375847,0.220474153757095,-0.0458855628967285,-0.150264248251915,0.358895093202591,0.410305261611938,-0.0458855628967285,-0.150264248251915,-0.0458855740725994,-0.150264278054237,-0.091948613524437,0.220473900437355,-0.0458855628967285,-0.150264248251915,0.358892738819122,0.410305380821228
10.5604000091553,0.358827382326126,0.410289496183395,-0.0458944626152515,-0.150252595543861,-0.0918553844094276,0.220495358109474,-0.0458944626152515,-0.150252595543861,-0.0458944626152515,-0.150252595543861,0.35882493853569,0.410289615392685,-0.0458944588899612,-0.150252595543861,-0.0918532907962799,0.220495074987411,-0.0918553844094276,0.220495358109474,-0.0458944588899612,-0.150252595543861,0.358827382326126,0.410289496183395,-0.0458944588899612,-0.150252595543861,-0.0458944626152515,-0.150252595543861,-0.0918532907962799,0.220495074987411,-0.0458944588899612,-0.150252595543861,0.35882493853569,0.410289615392685
10.5607995986938,0.358759582042694,0.410273790359497,-0.0459033511579037,-0.150240927934647,-0.0917600020766258,0.220516502857208,-0.045903354883194,-0.150240942835808,-0.0459033511579037,-0.150240927934647,0.358757138252258,0.410273939371109,-0.0459033437073231,-0.150240913033485,-0.0917578563094139,0.220516219735146,-0.0917600020766258,0.220516502857208,-0.0459033437073231,-0.150240913033485,0.358759492635727,0.410273790359497,-0.0459033437073231,-0.150240913033485,-0.045903354883194,-0.150240942835808,-0.0917578563094139,0.220516219735146,-0.0459033437073231,-0.150240913033485,0.358757138252258,0.410273909568787
10.5612001419067,0.358691722154617,0.410258144140244,-0.0459122397005558,-0.150229275226593,-0.0916646122932434,0.22053761780262,-0.0459122397005558,-0.150229275226593,-0.0459122359752655,-0.150229260325432,0.358689337968826,0.410258293151855,-0.0459122322499752,-0.150229245424271,-0.0916625186800957,0.220537304878235,-0.0916646122932434,0.220537602901459,-0.0459122359752655,-0.150229260325432,0.358691781759262,0.410258173942566,-0.0459122322499752,-0.150229245424271,-0.0459122397005558,-0.150229275226593,-0.0916625186800957,0.220537304878235,-0.0459122322499752,-0.150229245424271,0.358689337968826,0.410258293151855
10.5615997314453,0.358623892068863,0.41024249792099,-0.0459211245179176,-0.150217592716217,-0.0915691554546356,0.220558643341064,-0.0459211245179176,-0.150217592716217,-0.0459211207926273,-0.150217577815056,0.35862147808075,0.410242736339569,-0.0459211878478527,-0.150217548012733,-0.0915670618414879,0.220558375120163,-0.0915691554546356,0.220558643341064,-0.0459211878478527,-0.150217548012733,0.358623921871185,0.410242587327957,-0.045921117067337,-0.150217562913895,-0.0459211245179176,-0.150217592716217,-0.0915670618414879,0.220558375120163,-0.045921117067337,-0.150217562913895,0.35862147808075,0.410242676734924
10.5620002746582,0.358556032180786,0.410227030515671,-0.0459300056099892,-0.150205910205841,-0.0914736986160278,0.220579639077187,-0.0459300093352795,-0.150205925107002,-0.0459300056099892,-0.150205910205841,0.35855370759964,0.410227179527283,-0.0459300018846989,-0.15020589530468,-0.0914716050028801,0.220579355955124,-0.091473750770092,0.220579639077187,-0.0459300018846989,-0.15020589530468,0.358556061983109,0.410227060317993,-0.0459300018846989,-0.15020589530468,-0.0459300093352795,-0.150205925107002,-0.0914716050028801,0.220579355955124,-0.0459300018846989,-0.15020589530468,0.35855370759964,0.410227179527283
10.5623998641968,0.358488142490387,0.410211533308029,-0.0459388829767704,-0.150194227695465,-0.091378279030323,0.220600575208664,-0.0459388829767704,-0.150194227695465,-0.0459388829767704,-0.150194227695465,0.358485847711563,0.410211682319641,-0.0459388792514801,-0.150194212794304,-0.0913761332631111,0.220600306987762,-0.091378279030323,0.220600575208664,-0.0459388792514801,-0.150194212794304,0.358488202095032,0.410211563110352,-0.0459388792514801,-0.150194212794304,-0.0459388829767704,-0.150194227695465,-0.0913761332631111,0.220600306987762,-0.0459388792514801,-0.150194212794304,0.358485847711563,0.410211682319641
10.5628004074097,0.358420312404633,0.410196125507355,-0.0459477603435516,-0.150182530283928,-0.0912827998399734,0.220621466636658,-0.0459477677941322,-0.150182545185089,-0.0459477603435516,-0.150182530283928,0.358417898416519,0.410196304321289,-0.0459477566182613,-0.150182530283928,-0.0912806540727615,0.220621168613434,-0.0912827998399734,0.220621466636658,-0.0459477566182613,-0.150182530283928,0.358420342206955,0.410196155309677,-0.0459477566182613,-0.150182530283928,-0.0459477677941322,-0.150182545185089,-0.0912806540727615,0.220621168613434,-0.0459477566182613,-0.150182530283928,0.358418017625809,0.410196274518967
10.5631999969482,0.358352422714233,0.410180807113647,-0.0459566377103329,-0.150170847773552,-0.0911873057484627,0.220642268657684,-0.0459566414356232,-0.150170862674713,-0.0459566377103329,-0.150170847773552,0.35835000872612,0.410180956125259,-0.0459566339850426,-0.150170832872391,-0.0911851599812508,0.220641985535622,-0.0911873131990433,0.220642283558846,-0.0459566339850426,-0.150170832872391,0.358352452516556,0.41018083691597,-0.0459566339850426,-0.150170832872391,-0.0459566414356232,-0.150170862674713,-0.0911851599812508,0.220641985535622,-0.0459566339850426,-0.150170832872391,0.35835000872612,0.410180956125259
10.5635995864868,0.358284533023834,0.41016548871994,-0.0459655076265335,-0.150159165263176,-0.0910917595028877,0.22066305577755,-0.0459655113518238,-0.150159165263176,-0.0459655076265335,-0.150159165263176,0.358282148838043,0.410165637731552,-0.0459655039012432,-0.150159150362015,-0.09108966588974,0.220662772655487,-0.0910917595028877,0.22066305577755,-0.0459655039012432,-0.150159150362015,0.358284592628479,0.410165518522263,-0.0459655039012432,-0.150159150362015,-0.0459655113518238,-0.150159165263176,-0.09108966588974,0.220662757754326,-0.0459655039012432,-0.150159150362015,0.358282148838043,0.410165637731552
10.5640001296997,0.358216613531113,0.410150229930878,-0.0459743812680244,-0.150147452950478,-0.0909962505102158,0.22068378329277,-0.0459743812680244,-0.150147452950478,-0.0459743812680244,-0.150147452950478,0.358214199542999,0.410150408744812,-0.0459743775427341,-0.150147452950478,-0.0909941643476486,0.220683485269547,-0.0909962505102158,0.220683768391609,-0.0459743775427341,-0.150147452950478,0.358216643333435,0.410150319337845,-0.0459743775427341,-0.150147452950478,-0.0459743812680244,-0.150147452950478,-0.0909941643476486,0.220683485269547,-0.0459743775427341,-0.150147452950478,0.358214199542999,0.410150408744812
10.5643997192383,0.358148723840714,0.410135090351105,-0.0459832437336445,-0.150135740637779,-0.0909006893634796,0.220704436302185,-0.0459832511842251,-0.15013575553894,-0.0459832437336445,-0.150135740637779,0.3581463098526,0.410135269165039,-0.0459832400083542,-0.150135740637779,-0.0908985435962677,0.220704168081284,-0.0909006893634796,0.220704436302185,-0.0459832400083542,-0.150135740637779,0.358148723840714,0.410135090351105,-0.0459832400083542,-0.150135740637779,-0.0459832511842251,-0.15013575553894,-0.0908985435962677,0.220704168081284,-0.0459832400083542,-0.150135740637779,0.358146280050278,0.410135239362717
10.5648002624512,0.358080744743347,0.410119980573654,-0.0459921173751354,-0.150124058127403,-0.0908051058650017,0.220725044608116,-0.0459921173751354,-0.150124058127403,-0.0459921173751354,-0.150124058127403,0.358078330755234,0.410120159387589,-0.0459921061992645,-0.150124028325081,-0.0908030122518539,0.220724776387215,-0.0908051058650017,0.220725044608116,-0.0459921136498451,-0.150124043226242,0.35808077454567,0.410120010375977,-0.0459921061992645,-0.150124028325081,-0.0459921173751354,-0.150124058127403,-0.0908030122518539,0.220724776387215,-0.0459921136498451,-0.150124043226242,0.358078420162201,0.410120129585266
10.5651998519897,0.358012795448303,0.410104900598526,-0.0460009761154652,-0.150112360715866,-0.0907095223665237,0.220745623111725,-0.0460009761154652,-0.150112360715866,-0.0460009761154652,-0.150112360715866,0.358010411262512,0.41010507941246,-0.0460009686648846,-0.150112330913544,-0.0907074362039566,0.220745325088501,-0.0907095223665237,0.220745623111725,-0.0460009723901749,-0.150112345814705,0.358012795448303,0.410104930400848,-0.0460009723901749,-0.150112345814705,-0.0460009761154652,-0.150112360715866,-0.090707428753376,0.22074531018734,-0.0460009723901749,-0.150112345814705,0.358010470867157,0.410104990005493
10.5656003952026,0.357944786548615,0.410089910030365,-0.0460098423063755,-0.150100633502007,-0.0906139314174652,0.220766127109528,-0.0460098423063755,-0.150100633502007,-0.0460098385810852,-0.150100618600845,0.357942342758179,0.410090088844299,-0.0460098348557949,-0.150100603699684,-0.0906118378043175,0.220765829086304,-0.0906139314174652,0.220766112208366,-0.0460098385810852,-0.150100618600845,0.357944816350937,0.410089939832687,-0.0460098348557949,-0.150100603699684,-0.0460098423063755,-0.150100633502007,-0.0906118378043175,0.220765829086304,-0.0460098385810852,-0.150100618600845,0.357942432165146,0.410090059041977
10.5659999847412,0.357876747846603,0.410074919462204,-0.0460186973214149,-0.150088921189308,-0.0905182734131813,0.220786571502686,-0.0460187010467052,-0.150088936090469,-0.0460186973214149,-0.150088921189308,0.35787445306778,0.410075128078461,-0.0460186898708344,-0.150088906288147,-0.0905161872506142,0.220786273479462,-0.0905182734131813,0.220786571502686,-0.0460186898708344,-0.150088906288147,0.357876807451248,0.410075008869171,-0.0460186898708344,-0.150088906288147,-0.0460187010467052,-0.150088936090469,-0.0905161872506142,0.220786273479462,-0.0460186898708344,-0.150088906288147,0.35787445306778,0.410075128078461
10.5663995742798,0.357808828353882,0.410060077905655,-0.0460275523364544,-0.150077223777771,-0.0904226154088974,0.220806986093521,-0.0460275523364544,-0.150077223777771,-0.0460275486111641,-0.15007720887661,0.357806414365768,0.410060226917267,-0.0460275448858738,-0.150077193975449,-0.0904205143451691,0.220806688070297,-0.0904226154088974,0.220806986093521,-0.0460275486111641,-0.15007720887661,0.357808858156204,0.4100601375103,-0.0460275448858738,-0.150077193975449,-0.0460275523364544,-0.150077223777771,-0.0904205143451691,0.220806688070297,-0.0460275486111641,-0.15007720887661,0.357806414365768,0.410060226917267
10.5668001174927,0.357740759849548,0.410045206546783,-0.0460364036262035,-0.15006548166275,-0.0903269499540329,0.220827341079712,-0.0460364036262035,-0.15006548166275,-0.0460364036262035,-0.15006548166275,0.357738375663757,0.410045385360718,-0.0460363999009132,-0.150065466761589,-0.0903248488903046,0.220827013254166,-0.0903269946575165,0.220827326178551,-0.0460363999009132,-0.150065466761589,0.357740819454193,0.410045266151428,-0.0460363999009132,-0.150065466761589,-0.0460364036262035,-0.15006548166275,-0.0903248488903046,0.220827013254166,-0.0460363999009132,-0.150065466761589,0.357738375663757,0.410045385360718
10.5671997070313,0.357672780752182,0.410030424594879,-0.0460452549159527,-0.150053769350052,-0.0902312621474266,0.220847621560097,-0.0460452549159527,-0.150053769350052,-0.0460452549159527,-0.150053769350052,0.357670396566391,0.410030633211136,-0.0460452511906624,-0.150053754448891,-0.0902291685342789,0.220847323536873,-0.0902312621474266,0.220847621560097,-0.0460452511906624,-0.150053754448891,0.357672721147537,0.410030543804169,-0.0460452511906624,-0.150053754448891,-0.0460452549159527,-0.150053769350052,-0.0902291610836983,0.220847308635712,-0.0460452511906624,-0.150053754448891,0.357670396566391,0.410030633211136
10.5676002502441,0.357604712247849,0.410015732049942,-0.0460541024804115,-0.150042042136192,-0.0901355743408203,0.220867857336998,-0.0460541024804115,-0.150042042136192,-0.0460540987551212,-0.150042027235031,0.357602328062057,0.410015940666199,-0.0460540950298309,-0.15004201233387,-0.0901334807276726,0.220867529511452,-0.0901355743408203,0.220867857336998,-0.0460540987551212,-0.150042027235031,0.357604771852493,0.410015821456909,-0.0460540950298309,-0.15004201233387,-0.0460541024804115,-0.150042042136192,-0.0901334807276726,0.220867529511452,-0.0460540987551212,-0.150042027235031,0.357602328062057,0.410015940666199
10.5679998397827,0.357536673545837,0.410001069307327,-0.0460628755390644,-0.150030314922333,-0.0900398790836334,0.220888063311577,-0.046062882989645,-0.150030329823494,-0.0460628755390644,-0.150030314922333,0.357534259557724,0.410001277923584,-0.0460628718137741,-0.150030300021172,-0.0900377780199051,0.220887735486031,-0.0900398790836334,0.220888033509254,-0.0460628718137741,-0.150030300021172,0.357536643743515,0.410001188516617,-0.0460628718137741,-0.150030300021172,-0.046062882989645,-0.150030329823494,-0.0900377780199051,0.220887735486031,-0.0460628718137741,-0.150030300021172,0.357534259557724,0.410001277923584
10.5684003829956,0.357468575239182,0.40998649597168,-0.046071719378233,-0.150018587708473,-0.0899441689252853,0.220908150076866,-0.0460717938840389,-0.150018587708473,-0.046071719378233,-0.150018587708473,0.357466161251068,0.409986674785614,-0.0460717864334583,-0.150018557906151,-0.0899420231580734,0.220907852053642,-0.0899441689252853,0.220908150076866,-0.0460717864334583,-0.150018557906151,0.357468634843826,0.409986585378647,-0.0460717156529427,-0.150018572807312,-0.0460717938840389,-0.150018587708473,-0.0899420231580734,0.220907852053642,-0.0460717156529427,-0.150018572807312,0.357466161251068,0.409986674785614
10.5687999725342,0.35740053653717,0.409971982240677,-0.0460805632174015,-0.150006860494614,-0.0898483544588089,0.220928251743317,-0.0460805632174015,-0.150006860494614,-0.0460805594921112,-0.150006845593452,0.357398092746735,0.409972131252289,-0.0460805557668209,-0.150006830692291,-0.0898462608456612,0.220927938818932,-0.0898483544588089,0.220928251743317,-0.0460805594921112,-0.150006845593452,0.35740053653717,0.409971982240677,-0.0460805557668209,-0.150006830692291,-0.0460805632174015,-0.150006860494614,-0.0898462608456612,0.220927938818932,-0.0460805594921112,-0.150006845593452,0.357398092746735,0.409972131252289
10.5691995620728,0.357332557439804,0.409957438707352,-0.0460894070565701,-0.149995118379593,-0.0897525101900101,0.220948278903961,-0.0460894070565701,-0.149995103478432,-0.0460894033312798,-0.149995103478432,0.357330083847046,0.409957736730576,-0.0460893996059895,-0.149995073676109,-0.0897504165768623,0.220947951078415,-0.0897525101900101,0.220948278903961,-0.0460893996059895,-0.149995073676109,0.357332557439804,0.409957438707352,-0.0460893996059895,-0.149995088577271,-0.0460894070565701,-0.149995103478432,-0.0897504165768623,0.220947951078415,-0.0460893996059895,-0.149995073676109,0.357330083847046,0.409957736730576
10.5696001052856,0.357264369726181,0.409943133592606,-0.0460982397198677,-0.149983361363411,-0.0896567851305008,0.220968216657639,-0.046098243445158,-0.149983376264572,-0.0460982397198677,-0.149983361363411,0.357262045145035,0.409943222999573,-0.0460982322692871,-0.149983331561089,-0.0896545872092247,0.220967963337898,-0.0896567925810814,0.2209682315588,-0.0460982322692871,-0.149983331561089,0.357264369726181,0.409943133592606,-0.0460982322692871,-0.14998334646225,-0.046098243445158,-0.149983376264572,-0.0896545872092247,0.220967948436737,-0.0460982322692871,-0.14998334646225,0.357262015342712,0.40994319319725
10.5699996948242,0.357196360826492,0.409928649663925,-0.0461070761084557,-0.14997161924839,-0.089560940861702,0.220988139510155,-0.0461070761084557,-0.14997161924839,-0.0461070761084557,-0.14997161924839,0.357193857431412,0.409928917884827,-0.0461070649325848,-0.149971589446068,-0.0895588472485542,0.220987841486931,-0.089560940861702,0.220988139510155,-0.0461070723831654,-0.149971604347229,0.35719621181488,0.409928858280182,-0.0461070649325848,-0.149971589446068,-0.0461070761084557,-0.14997161924839,-0.0895588472485542,0.22098782658577,-0.0461070723831654,-0.149971604347229,0.357193857431412,0.409928917884827
10.5704002380371,0.357128202915192,0.409914344549179,-0.04611586779356,-0.149959877133369,-0.0894650891423225,0.221008017659187,-0.0461159087717533,-0.149959862232208,-0.0461159087717533,-0.149959862232208,0.357125699520111,0.409914612770081,-0.0461159013211727,-0.149959847331047,-0.0894629880785942,0.22100767493248,-0.0894650891423225,0.221008017659187,-0.0461159013211727,-0.149959847331047,0.357128232717514,0.409914374351501,-0.0461159013211727,-0.149959847331047,-0.0461159087717533,-0.149959862232208,-0.0894629880785942,0.22100767493248,-0.0461159013211727,-0.149959847331047,0.357125699520111,0.409914612770081
10.5707998275757,0.357059866189957,0.40990024805069,-0.0461246632039547,-0.149948120117188,-0.0893692225217819,0.221027836203575,-0.0461246632039547,-0.149948120117188,-0.0461246632039547,-0.149948120117188,0.357057571411133,0.409900367259979,-0.0461247265338898,-0.149948090314865,-0.0893671289086342,0.221027508378029,-0.0893692225217819,0.221027836203575,-0.0461247265338898,-0.149948090314865,0.357059895992279,0.409900307655334,-0.0461246594786644,-0.149948105216026,-0.046124666929245,-0.149948135018349,-0.0893671289086342,0.221027508378029,-0.0461246594786644,-0.149948105216026,0.357057571411133,0.409900367259979
10.5712003707886,0.356991767883301,0.409885972738266,-0.0461334921419621,-0.149936363101006,-0.0892733559012413,0.221047580242157,-0.0461334921419621,-0.149936363101006,-0.0461334921419621,-0.149936363101006,0.35698926448822,0.40988627076149,-0.0461334884166718,-0.149936348199844,-0.0892712622880936,0.221047267317772,-0.0892733559012413,0.221047580242157,-0.0461334884166718,-0.149936348199844,0.356991797685623,0.409886032342911,-0.0461334884166718,-0.149936348199844,-0.0461334921419621,-0.149936363101006,-0.0892712622880936,0.221047252416611,-0.0461334884166718,-0.149936348199844,0.35698926448822,0.40988627076149
10.5715999603271,0.356923520565033,0.409871906042099,-0.0461423136293888,-0.149924606084824,-0.0891775861382484,0.221067234873772,-0.0461423136293888,-0.149924606084824,-0.0461423099040985,-0.149924591183662,0.356921225786209,0.409872025251389,-0.0461423061788082,-0.149924576282501,-0.0891753882169724,0.221066936850548,-0.0891775861382484,0.221067234873772,-0.0461423061788082,-0.149924576282501,0.356923550367355,0.409871965646744,-0.0461423061788082,-0.149924576282501,-0.0461423136293888,-0.149924606084824,-0.0891753882169724,0.221066936850548,-0.0461423061788082,-0.149924576282501,0.356921225786209,0.409872025251389
10.5719995498657,0.356855511665344,0.409857720136642,-0.0461511313915253,-0.14991283416748,-0.0890815928578377,0.221086904406548,-0.0461511313915253,-0.14991283416748,-0.0461511313915253,-0.14991283416748,0.356852978467941,0.409858018159866,-0.046151127666235,-0.149912819266319,-0.0890794992446899,0.221086576581001,-0.0890815928578377,0.221086904406548,-0.046151127666235,-0.149912819266319,0.356855541467667,0.409857779741287,-0.046151127666235,-0.149912819266319,-0.0461511313915253,-0.14991283416748,-0.0890794992446899,0.221086576581001,-0.046151127666235,-0.149912819266319,0.356852978467941,0.409858018159866
10.5724000930786,0.356787264347076,0.40984371304512,-0.046159915626049,-0.149901062250137,-0.0889856964349747,0.221106499433517,-0.0461599193513393,-0.149901077151299,-0.046159915626049,-0.149901062250137,0.356784820556641,0.409844040870667,-0.0461599119007587,-0.149901047348976,-0.0889836102724075,0.22110615670681,-0.0889856964349747,0.221106499433517,-0.0461599119007587,-0.149901047348976,0.356787323951721,0.409843772649765,-0.0461599119007587,-0.149901047348976,-0.0461599193513393,-0.149901077151299,-0.0889836102724075,0.22110615670681,-0.0461599119007587,-0.149901047348976,0.356784790754318,0.409844011068344
10.5727996826172,0.356719106435776,0.409829705953598,-0.0461686961352825,-0.149889320135117,-0.0888896957039833,0.221126064658165,-0.0461687035858631,-0.149889320135117,-0.0461686961352825,-0.149889320135117,0.356716632843018,0.409830033779144,-0.0461686924099922,-0.149889290332794,-0.088887594640255,0.221125707030296,-0.0888898000121117,0.22112600505352,-0.0461686924099922,-0.149889290332794,0.356719166040421,0.409829765558243,-0.0461686924099922,-0.149889305233955,-0.0461687035858631,-0.149889320135117,-0.0888877063989639,0.221125677227974,-0.0461686924099922,-0.149889305233955,0.356716603040695,0.409830003976822
10.5732002258301,0.356650590896606,0.409816086292267,-0.0461775101721287,-0.149877533316612,-0.0887937769293785,0.221145510673523,-0.0461775101721287,-0.149877533316612,-0.0461775101721287,-0.149877533316612,0.356648474931717,0.409816056489944,-0.0461775064468384,-0.149877518415451,-0.0887916907668114,0.221145182847977,-0.0887937769293785,0.221145510673523,-0.0461775064468384,-0.149877518415451,0.356650620698929,0.409816116094589,-0.0461775064468384,-0.149877518415451,-0.0461775101721287,-0.149877533316612,-0.0887916833162308,0.221145167946815,-0.0461775064468384,-0.149877518415451,0.356648474931717,0.409816056489944
10.5735998153687,0.356582462787628,0.409802109003067,-0.0461862869560719,-0.149865761399269,-0.0886978656053543,0.221164897084236,-0.0461862906813622,-0.14986577630043,-0.0461862869560719,-0.149865761399269,0.35657998919487,0.409802436828613,-0.0461862832307816,-0.149865746498108,-0.0886957719922066,0.22116456925869,-0.0886978656053543,0.221164897084236,-0.0461862832307816,-0.149865746498108,0.356582492589951,0.409802168607712,-0.0461862832307816,-0.149865746498108,-0.0461862906813622,-0.14986577630043,-0.0886957719922066,0.22116456925869,-0.0461862832307816,-0.149865746498108,0.356579959392548,0.409802407026291
10.5740003585815,0.356514185667038,0.409788399934769,-0.0461950600147247,-0.149853989481926,-0.0886018350720406,0.221184283494949,-0.0461950600147247,-0.149853989481926,-0.0461950600147247,-0.149853989481926,0.35651171207428,0.409788727760315,-0.0461950898170471,-0.149853959679604,-0.0885997414588928,0.221183955669403,-0.0886018350720406,0.221184283494949,-0.0461950935423374,-0.149853974580765,0.35651421546936,0.409788429737091,-0.0461950562894344,-0.149853974580765,-0.0461950600147247,-0.149853989481926,-0.0885997414588928,0.221183955669403,-0.0461950562894344,-0.149853974580765,0.356511682271957,0.40978866815567
10.5743999481201,0.35644593834877,0.409774661064148,-0.0462038666009903,-0.149842202663422,-0.0885057970881462,0.221203625202179,-0.0462038666009903,-0.149842202663422,-0.0462038666009903,-0.149842202663422,0.35644343495369,0.409774959087372,-0.0462038628757,-0.14984218776226,-0.0885037034749985,0.22120326757431,-0.0885057970881462,0.221203625202179,-0.0462038628757,-0.14984218776226,0.356445968151093,0.409774720668793,-0.0462038628757,-0.149842202663422,-0.0462038666009903,-0.149842202663422,-0.0885037034749985,0.22120326757431,-0.0462038628757,-0.149842202663422,0.35644343495369,0.409774959087372
10.5747995376587,0.356377720832825,0.40976095199585,-0.0462125986814499,-0.149830430746078,-0.0884097516536713,0.221222907304764,-0.0462126694619656,-0.149830400943756,-0.0462125986814499,-0.149830430746078,0.356375247240067,0.409761250019073,-0.0462126657366753,-0.149830400943756,-0.0884076505899429,0.221222549676895,-0.0884097516536713,0.221222907304764,-0.0462126657366753,-0.149830400943756,0.356377750635147,0.409760981798172,-0.0462125949561596,-0.149830415844917,-0.0462126694619656,-0.149830400943756,-0.0884076505899429,0.221222549676895,-0.0462126657366753,-0.149830400943756,0.356375217437744,0.409761220216751
10.5752000808716,0.356309145689011,0.409747570753098,-0.0462214052677155,-0.149818643927574,-0.0883136987686157,0.221242114901543,-0.0462214052677155,-0.149818643927574,-0.0462213978171349,-0.149818629026413,0.356307059526443,0.409747540950775,-0.0462213940918446,-0.149818614125252,-0.0883115977048874,0.221241757273674,-0.0883136987686157,0.221242114901543,-0.0462213978171349,-0.149818629026413,0.356309175491333,0.409747630357742,-0.0462213940918446,-0.149818614125252,-0.0462214052677155,-0.149818643927574,-0.0883115977048874,0.221241757273674,-0.0462213978171349,-0.149818629026413,0.356307029724121,0.40974748134613
10.5755996704102,0.35624098777771,0.409733921289444,-0.0462302006781101,-0.149806842207909,-0.088217630982399,0.221261262893677,-0.0462302044034004,-0.14980685710907,-0.0462302006781101,-0.149806842207909,0.356238514184952,0.409734189510345,-0.0462301969528198,-0.149806827306747,-0.0882155373692513,0.221260905265808,-0.088217630982399,0.221261262893677,-0.0462301969528198,-0.149806827306747,0.356241047382355,0.409733980894089,-0.0462301969528198,-0.149806827306747,-0.0462302044034004,-0.14980685710907,-0.0882155373692513,0.221260905265808,-0.0462301969528198,-0.149806827306747,0.356238514184952,0.409734189510345
10.576000213623,0.356172680854797,0.409720420837402,-0.0462389588356018,-0.149795040488243,-0.0881215631961823,0.221280366182327,-0.0462389625608921,-0.149795055389404,-0.0462389588356018,-0.149795040488243,0.356170177459717,0.409720718860626,-0.0462389551103115,-0.149795025587082,-0.0881194695830345,0.22128002345562,-0.0881215631961823,0.221280366182327,-0.0462389551103115,-0.149795025587082,0.35617271065712,0.409720480442047,-0.0462389551103115,-0.149795025587082,-0.0462389625608921,-0.149795055389404,-0.0881194695830345,0.22128002345562,-0.0462389551103115,-0.149795025587082,0.356170177459717,0.409720718860626
10.5763998031616,0.356104403734207,0.409706979990005,-0.0462477169930935,-0.149783253669739,-0.0880254879593849,0.221299409866333,-0.0462477207183838,-0.1497832685709,-0.0462477169930935,-0.149783253669739,0.356101900339127,0.409707248210907,-0.0462477132678032,-0.149783238768578,-0.0880233868956566,0.221299052238464,-0.0880254879593849,0.221299409866333,-0.0462477132678032,-0.149783238768578,0.35610443353653,0.409707009792328,-0.0462477132678032,-0.149783238768578,-0.0462477207183838,-0.1497832685709,-0.0880233868956566,0.221299052238464,-0.0462477132678032,-0.149783238768578,0.356101900339127,0.409707248210907
10.5768003463745,0.356035947799683,0.409693717956543,-0.0462564751505852,-0.149771451950073,-0.0879293978214264,0.221318364143372,-0.0462565161287785,-0.149771451950073,-0.0462564751505852,-0.149771451950073,0.356033444404602,0.409693986177444,-0.0462565049529076,-0.149771422147751,-0.0879271924495697,0.221318066120148,-0.0879293978214264,0.221318364143372,-0.0462565049529076,-0.149771422147751,0.356035947799683,0.409693717956543,-0.0462564677000046,-0.149771437048912,-0.0462565161287785,-0.149771451950073,-0.0879271924495697,0.221318066120148,-0.0462565049529076,-0.149771422147751,0.356033444404602,0.409693986177444
10.5771999359131,0.355967700481415,0.409680306911469,-0.0462652295827866,-0.149759650230408,-0.0878332033753395,0.221337333321571,-0.0462652295827866,-0.149759650230408,-0.0462652295827866,-0.149759650230408,0.355965197086334,0.40968057513237,-0.046265222132206,-0.149759635329247,-0.0878311097621918,0.221336975693703,-0.0878332033753395,0.221337333321571,-0.046265222132206,-0.149759635329247,0.355967730283737,0.409680336713791,-0.046265222132206,-0.149759635329247,-0.0462652295827866,-0.149759650230408,-0.0878311023116112,0.221336975693703,-0.046265222132206,-0.149759635329247,0.355965197086334,0.40968057513237
10.5775995254517,0.355899125337601,0.40966722369194,-0.0462740138173103,-0.149747833609581,-0.0877371057868004,0.221356198191643,-0.0462740212678909,-0.149747848510742,-0.0462740138173103,-0.149747833609581,0.355896800756454,0.40966734290123,-0.04627401009202,-0.14974781870842,-0.0877350121736526,0.221355855464935,-0.0877371057868004,0.221356198191643,-0.04627401009202,-0.14974781870842,0.355899155139923,0.409667283296585,-0.04627401009202,-0.14974781870842,-0.0462740212678909,-0.149747848510742,-0.0877350047230721,0.221355840563774,-0.04627401009202,-0.14974781870842,0.355896800756454,0.40966734290123
10.5780000686646,0.355830729007721,0.409654021263123,-0.0462827309966087,-0.149736031889915,-0.0876408815383911,0.221375048160553,-0.0462827309966087,-0.149736031889915,-0.0462827272713184,-0.149736016988754,0.355828464031219,0.409654170274734,-0.0462827198207378,-0.149736002087593,-0.0876387879252434,0.221374690532684,-0.0876408889889717,0.221375063061714,-0.0462827272713184,-0.149736016988754,0.355830758810043,0.409654051065445,-0.0462827198207378,-0.149736002087593,-0.0462827309966087,-0.149736031889915,-0.0876387879252434,0.221374690532684,-0.0462827272713184,-0.149736016988754,0.355828464031219,0.409654170274734
10.5783996582031,0.355762451887131,0.40964087843895,-0.0462915152311325,-0.149724215269089,-0.0875447690486908,0.221393793821335,-0.0462915152311325,-0.149724215269089,-0.0462915115058422,-0.149724200367928,0.355760097503662,0.409640997648239,-0.0462915040552616,-0.149724185466766,-0.0875425711274147,0.22139348089695,-0.0875447690486908,0.221393793821335,-0.0462915115058422,-0.149724200367928,0.355762451887131,0.40964087843895,-0.0462915040552616,-0.149724185466766,-0.0462915152311325,-0.149724215269089,-0.0875425711274147,0.22139348089695,-0.0462915115058422,-0.149724200367928,0.355760097503662,0.409640997648239
10.578800201416,0.355693936347961,0.409627884626389,-0.0463002175092697,-0.149712398648262,-0.0874485448002815,0.221412509679794,-0.046300258487463,-0.149712413549423,-0.0463002175092697,-0.149712398648262,0.355691611766815,0.409628003835678,-0.0463002510368824,-0.149712383747101,-0.0874463394284248,0.221412196755409,-0.0874485448002815,0.221412524580956,-0.0463002510368824,-0.149712383747101,0.355693936347961,0.409627884626389,-0.0463002137839794,-0.149712383747101,-0.046300258487463,-0.149712413549423,-0.0874463394284248,0.221412196755409,-0.0463002137839794,-0.149712383747101,0.355691611766815,0.409628003835678
10.5791997909546,0.355625629425049,0.409614741802216,-0.0463089942932129,-0.149700596928596,-0.0873523056507111,0.221431195735931,-0.0463089942932129,-0.149700596928596,-0.0463089942932129,-0.149700596928596,0.355623185634613,0.409615039825439,-0.0463089905679226,-0.149700582027435,-0.0873501002788544,0.221430867910385,-0.0873523056507111,0.221431195735931,-0.0463089905679226,-0.149700582027435,0.355625659227371,0.409614771604538,-0.0463089905679226,-0.149700582027435,-0.0463089980185032,-0.149700611829758,-0.0873501002788544,0.221430867910385,-0.0463089905679226,-0.149700582027435,0.355623126029968,0.409615010023117
10.5796003341675,0.355557024478912,0.409601986408234,-0.0463177338242531,-0.149688750505447,-0.0872560665011406,0.221449807286263,-0.0463177375495434,-0.149688765406609,-0.0463177338242531,-0.149688750505447,0.355554729700089,0.409602075815201,-0.0463177300989628,-0.149688735604286,-0.0872539654374123,0.221449434757233,-0.0872560665011406,0.221449807286263,-0.0463177300989628,-0.149688735604286,0.355557024478912,0.409601986408234,-0.0463177300989628,-0.149688735604286,-0.0463177375495434,-0.149688765406609,-0.0872539654374123,0.221449434757233,-0.0463177300989628,-0.149688735604286,0.355554729700089,0.409602075815201
10.5799999237061,0.355488777160645,0.409588843584061,-0.0463264770805836,-0.149676948785782,-0.0871598124504089,0.221468344330788,-0.0463264770805836,-0.149676948785782,-0.046326469630003,-0.149676933884621,0.355486333370209,0.409589141607285,-0.0463264659047127,-0.149676904082298,-0.0871577188372612,0.221467986702919,-0.0871598124504089,0.221468344330788,-0.0463264659047127,-0.149676904082298,0.355488806962967,0.409588873386383,-0.0463264659047127,-0.149676918983459,-0.0463264770805836,-0.149676948785782,-0.0871577188372612,0.221467986702919,-0.0463264659047127,-0.149676918983459,0.355486333370209,0.409589141607285
10.5804004669189,0.35542020201683,0.409576117992401,-0.0463352017104626,-0.149665087461472,-0.0870635509490967,0.22148685157299,-0.0463352054357529,-0.149665102362633,-0.0463352017104626,-0.149665087461472,0.355417728424072,0.409576386213303,-0.0463351979851723,-0.14966507256031,-0.0870614498853683,0.221486464142799,-0.0870635509490967,0.22148685157299,-0.0463351979851723,-0.14966507256031,0.355420261621475,0.409576177597046,-0.0463351979851723,-0.14966507256031,-0.0463352054357529,-0.149665102362633,-0.0870614498853683,0.221486464142799,-0.0463351979851723,-0.14966507256031,0.355417728424072,0.409576386213303
10.5808000564575,0.355351865291595,0.40956324338913,-0.0463439375162125,-0.149653270840645,-0.0869671776890755,0.221505329012871,-0.0463439412415028,-0.149653285741806,-0.0463439375162125,-0.149653270840645,0.35534942150116,0.409563571214676,-0.0463439337909222,-0.149653255939484,-0.0869650915265083,0.22150494158268,-0.0869671776890755,0.221505329012871,-0.0463439337909222,-0.149653255939484,0.355351895093918,0.409563273191452,-0.0463439337909222,-0.149653255939484,-0.0463439412415028,-0.149653285741806,-0.0869650840759277,0.22150494158268,-0.0463439337909222,-0.149653255939484,0.35534942150116,0.409563571214676
10.5811996459961,0.355283170938492,0.409550726413727,-0.0463526323437691,-0.149641454219818,-0.0868709087371826,0.221523702144623,-0.0463526323437691,-0.149641439318657,-0.0463526323437691,-0.149641439318657,0.35528090596199,0.409550845623016,-0.0463526248931885,-0.149641409516335,-0.0868688151240349,0.221523344516754,-0.0868709087371826,0.221523702144623,-0.0463526286184788,-0.149641424417496,0.355283200740814,0.409550756216049,-0.0463526248931885,-0.149641424417496,-0.0463526323437691,-0.149641439318657,-0.0868688151240349,0.221523344516754,-0.0463526286184788,-0.149641424417496,0.35528090596199,0.409550845623016
10.581600189209,0.355214715003967,0.409538060426712,-0.0463613942265511,-0.149629607796669,-0.0867746248841286,0.221542030572891,-0.0463613979518414,-0.14962962269783,-0.0463613942265511,-0.149629607796669,0.355212390422821,0.409538179636002,-0.0463613905012608,-0.149629592895508,-0.0867725312709808,0.2215416431427,-0.0867746248841286,0.221542030572891,-0.0463613905012608,-0.149629592895508,0.35521474480629,0.409538090229034,-0.0463613905012608,-0.149629592895508,-0.0463613979518414,-0.14962962269783,-0.0867725312709808,0.2215416431427,-0.0463613905012608,-0.149629592895508,0.355212390422821,0.409538179636002
10.5819997787476,0.35514622926712,0.409525394439697,-0.0463700778782368,-0.14961776137352,-0.0866782367229462,0.221560329198837,-0.0463700853288174,-0.149617776274681,-0.0463700778782368,-0.14961776137352,0.355143755674362,0.409525722265244,-0.0463700741529465,-0.149617731571198,-0.0866761356592178,0.221559941768646,-0.0866782367229462,0.221560329198837,-0.0463700741529465,-0.149617731571198,0.355146259069443,0.409525454044342,-0.0463700741529465,-0.149617746472359,-0.0463700853288174,-0.149617776274681,-0.0866761356592178,0.221559941768646,-0.0463700741529465,-0.149617746472359,0.355143755674362,0.409525722265244
10.5824003219604,0.355077624320984,0.409512966871262,-0.0463788062334061,-0.149605914950371,-0.0865819379687309,0.221578508615494,-0.0463788360357285,-0.149605914950371,-0.0463788062334061,-0.149605914950371,0.355075150728226,0.409513264894485,-0.0463788323104382,-0.14960590004921,-0.0865797400474548,0.221578180789948,-0.0865819379687309,0.221578508615494,-0.0463788323104382,-0.14960590004921,0.355077654123306,0.409512996673584,-0.0463787987828255,-0.14960590004921,-0.0463788434863091,-0.149605929851532,-0.0865798369050026,0.221578136086464,-0.0463787987828255,-0.14960590004921,0.355075150728226,0.409513264894485
10.582799911499,0.355009019374847,0.409500539302826,-0.0463875234127045,-0.149594068527222,-0.0864855349063873,0.221596702933311,-0.0463875234127045,-0.149594068527222,-0.0463875196874142,-0.14959405362606,0.355006724596024,0.409500628709793,-0.0463875159621239,-0.149594038724899,-0.086483433842659,0.221596345305443,-0.0864855349063873,0.221596702933311,-0.0463875196874142,-0.14959405362606,0.355009078979492,0.409500569105148,-0.0463875159621239,-0.149594038724899,-0.0463875234127045,-0.149594068527222,-0.086483433842659,0.221596330404282,-0.0463875196874142,-0.14959405362606,0.355006724596024,0.409500628709793
10.5832004547119,0.354940682649612,0.409487932920456,-0.0463961996138096,-0.149582207202911,-0.0863891094923019,0.221614822745323,-0.0463962033390999,-0.149582222104073,-0.0463961996138096,-0.149582207202911,0.354938209056854,0.40948823094368,-0.0463961958885193,-0.14958219230175,-0.0863870233297348,0.221614450216293,-0.0863891094923019,0.221614822745323,-0.0463961958885193,-0.14958219230175,0.354940712451935,0.409487962722778,-0.0463961958885193,-0.14958219230175,-0.0463962033390999,-0.149582222104073,-0.0863870233297348,0.221614435315132,-0.0463961958885193,-0.14958219230175,0.354938209056854,0.40948823094368
10.5836000442505,0.354871958494186,0.409475713968277,-0.0464049503207207,-0.149570345878601,-0.0862926915287971,0.22163288295269,-0.046404954046011,-0.149570360779762,-0.0464049503207207,-0.149570345878601,0.354869693517685,0.409475862979889,-0.0464049465954304,-0.14957033097744,-0.0862905979156494,0.221632495522499,-0.0862926915287971,0.22163288295269,-0.0464049465954304,-0.14957033097744,0.354871988296509,0.409475743770599,-0.0464049465954304,-0.14957033097744,-0.046404954046011,-0.149570360779762,-0.0862905979156494,0.221632495522499,-0.0464049465954304,-0.14957033097744,0.354869693517685,0.409475862979889
10.5839996337891,0.354803472757339,0.409463375806808,-0.0464136302471161,-0.149558499455452,-0.0861962735652924,0.221650898456573,-0.0464136339724064,-0.149558514356613,-0.0464136302471161,-0.149558499455452,0.354801028966904,0.409463673830032,-0.0464136227965355,-0.14955846965313,-0.086194172501564,0.221650511026382,-0.0861962735652924,0.221650898456573,-0.0464136227965355,-0.14955846965313,0.354803502559662,0.409463435411453,-0.0464136227965355,-0.149558484554291,-0.0464136339724064,-0.149558514356613,-0.086194172501564,0.221650511026382,-0.0464136227965355,-0.149558484554291,0.354800969362259,0.409463614225388
10.584400177002,0.354734778404236,0.409451186656952,-0.0464223027229309,-0.149546638131142,-0.0860998257994652,0.221668854355812,-0.0464223064482212,-0.149546638131142,-0.0464223027229309,-0.149546638131142,0.354732543230057,0.409451335668564,-0.0464223362505436,-0.14954662322998,-0.086097739636898,0.221668466925621,-0.0860998257994652,0.221668854355812,-0.0464223362505436,-0.14954662322998,0.354734838008881,0.409451216459274,-0.0464222989976406,-0.14954662322998,-0.0464223064482212,-0.149546638131142,-0.086097739636898,0.221668466925621,-0.0464222989976406,-0.14954662322998,0.354732543230057,0.409451335668564
10.5847997665405,0.354666143655777,0.409438967704773,-0.0464310497045517,-0.14953476190567,-0.0860033854842186,0.221686735749245,-0.0464310497045517,-0.14953476190567,-0.0464310497045517,-0.14953476190567,0.354663819074631,0.409439235925674,-0.0464310422539711,-0.149534747004509,-0.0860012844204903,0.221686348319054,-0.0860033854842186,0.221686735749245,-0.0464310422539711,-0.149534747004509,0.354666203260422,0.409439027309418,-0.0464310422539711,-0.149534747004509,-0.0464310497045517,-0.14953476190567,-0.0860012844204903,0.221686348319054,-0.0464310422539711,-0.149534747004509,0.354663819074631,0.409439206123352
10.5852003097534,0.354597568511963,0.409426838159561,-0.0464397147297859,-0.149522915482521,-0.0859069377183914,0.221704572439194,-0.0464397184550762,-0.149522930383682,-0.0464397147297859,-0.149522915482521,0.354595124721527,0.409427136182785,-0.0464397110044956,-0.149522870779037,-0.0859048441052437,0.221704170107841,-0.0859069377183914,0.221704572439194,-0.0464397110044956,-0.149522870779037,0.354597598314285,0.409426957368851,-0.0464397110044956,-0.14952290058136,-0.0464397184550762,-0.149522930383682,-0.0859048441052437,0.221704170107841,-0.0464397110044956,-0.14952290058136,0.354595214128494,0.409427106380463
10.585599899292,0.354528933763504,0.409414857625961,-0.0464483834803104,-0.149511054158211,-0.0858104825019836,0.221722349524498,-0.0464483834803104,-0.149511054158211,-0.0464483797550201,-0.14951103925705,0.354526549577713,0.409415066242218,-0.0464483723044395,-0.149511024355888,-0.085808277130127,0.221721991896629,-0.0858104825019836,0.221722349524498,-0.0464483723044395,-0.149511024355888,0.354528933763504,0.409414857625961,-0.0464483723044395,-0.149511024355888,-0.0464483834803104,-0.149511054158211,-0.085808277130127,0.221721991896629,-0.0464483723044395,-0.149511024355888,0.354526549577713,0.409415036439896
10.5860004425049,0.354460299015045,0.409402817487717,-0.0464571192860603,-0.149499177932739,-0.0857139080762863,0.22174009680748,-0.0464571192860603,-0.149499177932739,-0.04645711556077,-0.149499163031578,0.354457914829254,0.409403055906296,-0.0464571118354797,-0.149499148130417,-0.0857118219137192,0.221739709377289,-0.0857140123844147,0.221740052103996,-0.0464571118354797,-0.149499148130417,0.354460299015045,0.409402847290039,-0.0464571118354797,-0.149499148130417,-0.0464571192860603,-0.149499177932739,-0.0857118219137192,0.221739709377289,-0.0464571118354797,-0.149499148130417,0.354457914829254,0.409403055906296
10.5864000320435,0.354391694068909,0.409390866756439,-0.046465776860714,-0.149487286806107,-0.0856174379587173,0.221757739782333,-0.0464657805860043,-0.149487301707268,-0.046465776860714,-0.149487286806107,0.354389250278473,0.409391134977341,-0.0464657731354237,-0.149487271904945,-0.0856153443455696,0.221757352352142,-0.0856174379587173,0.221757739782333,-0.0464657731354237,-0.149487271904945,0.354391634464264,0.409390926361084,-0.0464657731354237,-0.149487271904945,-0.0464657805860043,-0.149487301707268,-0.0856153443455696,0.221757352352142,-0.0464657731354237,-0.149487271904945,0.354389250278473,0.409391134977341
10.586799621582,0.354322969913483,0.409379005432129,-0.0464744381606579,-0.149475410580635,-0.0855208560824394,0.221775382757187,-0.0464744381606579,-0.149475410580635,-0.0464744381606579,-0.149475410580635,0.354320585727692,0.409379303455353,-0.0464744307100773,-0.149475380778313,-0.0855187624692917,0.221774995326996,-0.0855208560824394,0.221775382757187,-0.0464744344353676,-0.149475395679474,0.354322999715805,0.409379094839096,-0.0464744344353676,-0.149475395679474,-0.0464744381606579,-0.149475410580635,-0.0855187624692917,0.221774995326996,-0.0464744344353676,-0.149475395679474,0.354320585727692,0.409379303455353
10.5872001647949,0.354254305362701,0.409367203712463,-0.0464831255376339,-0.149463519454002,-0.0854243785142899,0.221792921423912,-0.0464831292629242,-0.149463534355164,-0.0464831255376339,-0.149463519454002,0.354251950979233,0.409367442131042,-0.0464831590652466,-0.149463504552841,-0.0854221731424332,0.221792578697205,-0.0854243785142899,0.221792921423912,-0.0464831590652466,-0.149463504552841,0.354254335165024,0.409367263317108,-0.0464831218123436,-0.149463504552841,-0.0464831292629242,-0.149463534355164,-0.0854222774505615,0.22179251909256,-0.0464831218123436,-0.149463504552841,0.354251950979233,0.409367442131042
10.5875997543335,0.354185611009598,0.409355461597443,-0.0464918166399002,-0.14945162832737,-0.0853277742862701,0.221810445189476,-0.0464918203651905,-0.149451643228531,-0.0464918166399002,-0.14945162832737,0.354183226823807,0.409355729818344,-0.0464918129146099,-0.149451613426208,-0.085325576364994,0.221810087561607,-0.0853277817368507,0.221810460090637,-0.0464918129146099,-0.149451613426208,0.354185670614243,0.40935555100441,-0.0464918129146099,-0.149451613426208,-0.0464918203651905,-0.149451643228531,-0.085325576364994,0.221810087561607,-0.0464918129146099,-0.149451613426208,0.354183226823807,0.409355729818344
10.5880002975464,0.354116946458817,0.409343779087067,-0.0465004704892635,-0.149439737200737,-0.085231177508831,0.221827909350395,-0.0465004742145538,-0.149439752101898,-0.0465004704892635,-0.149439737200737,0.354114472866058,0.409344017505646,-0.0465004667639732,-0.149439722299576,-0.0852290764451027,0.221827492117882,-0.085231177508831,0.221827909350395,-0.0465004667639732,-0.149439722299576,0.354116946458817,0.409343808889389,-0.0465004667639732,-0.149439722299576,-0.0465004742145538,-0.149439752101898,-0.0852290764451027,0.221827492117882,-0.0465004667639732,-0.149439722299576,0.354114562273026,0.409343987703323
10.588399887085,0.354048192501068,0.409332156181335,-0.0465091206133366,-0.149427860975266,-0.0851345583796501,0.22184531390667,-0.0465091206133366,-0.149427860975266,-0.0465091206133366,-0.149427860975266,0.354045838117599,0.409332394599915,-0.0465091168880463,-0.149427846074104,-0.0851324647665024,0.221844911575317,-0.0851345583796501,0.22184531390667,-0.0465091168880463,-0.149427846074104,0.354048222303391,0.40933221578598,-0.0465091168880463,-0.149427846074104,-0.0465091243386269,-0.149427860975266,-0.0851324647665024,0.221844911575317,-0.0465091168880463,-0.149427846074104,0.354045808315277,0.409332364797592
10.5888004302979,0.353979527950287,0.409320592880249,-0.046517763286829,-0.149415954947472,-0.0850379467010498,0.221862658858299,-0.0465178042650223,-0.149415954947472,-0.046517800539732,-0.14941594004631,0.353977143764496,0.409320861101151,-0.0465177968144417,-0.149415925145149,-0.0850357413291931,0.221862286329269,-0.0850379467010498,0.221862658858299,-0.0465177968144417,-0.149415925145149,0.353979557752609,0.409320652484894,-0.0465177558362484,-0.14941594004631,-0.0465178042650223,-0.149415954947472,-0.0850357413291931,0.221862286329269,-0.0465177968144417,-0.149415925145149,0.353977113962173,0.409320801496506
10.5892000198364,0.353910863399506,0.409309089183807,-0.0465264469385147,-0.149404063820839,-0.0849413201212883,0.221879929304123,-0.0465264469385147,-0.149404063820839,-0.0465264432132244,-0.149404048919678,0.353908360004425,0.409309327602386,-0.0465264394879341,-0.149404034018517,-0.0849391222000122,0.221879571676254,-0.0849413275718689,0.221879944205284,-0.0465264432132244,-0.149404048919678,0.353910863399506,0.409309089183807,-0.0465264394879341,-0.149404034018517,-0.0465264469385147,-0.149404063820839,-0.0849391222000122,0.221879571676254,-0.0465264432132244,-0.149404048919678,0.353908360004425,0.409309327602386
10.589599609375,0.353841990232468,0.409297615289688,-0.0465350858867168,-0.149392157793045,-0.0848445892333984,0.221897199749947,-0.0465351231396198,-0.149392157793045,-0.0465350858867168,-0.149392157793045,0.353839665651321,0.40929788351059,-0.0465351156890392,-0.149392127990723,-0.0848424881696701,0.221896797418594,-0.0848445892333984,0.221897199749947,-0.0465351194143295,-0.149392142891884,0.353842049837112,0.409297674894333,-0.0465350821614265,-0.149392142891884,-0.0465351231396198,-0.149392157793045,-0.0848424881696701,0.221896797418594,-0.0465350821614265,-0.149392142891884,0.353839665651321,0.409297853708267
10.5900001525879,0.353773295879364,0.409286230802536,-0.0465437658131123,-0.149380251765251,-0.0847479477524757,0.221914365887642,-0.0465437658131123,-0.149380251765251,-0.046543762087822,-0.14938023686409,0.353770941495895,0.409286499023438,-0.0465437583625317,-0.149380221962929,-0.084745854139328,0.221913948655128,-0.0847479477524757,0.221914365887642,-0.046543762087822,-0.14938023686409,0.353773325681686,0.409286290407181,-0.0465437583625317,-0.149380221962929,-0.0465437658131123,-0.149380251765251,-0.084745854139328,0.221913948655128,-0.046543762087822,-0.14938023686409,0.353770941495895,0.409286439418793
10.5903997421265,0.353704541921616,0.409274876117706,-0.0465523973107338,-0.149368330836296,-0.084651306271553,0.221931472420692,-0.0465524010360241,-0.149368345737457,-0.0465523973107338,-0.149368330836296,0.353702157735825,0.40927517414093,-0.0465523935854435,-0.149368315935135,-0.0846492126584053,0.22193107008934,-0.084651306271553,0.221931472420692,-0.0465523935854435,-0.149368315935135,0.353704541921616,0.409274905920029,-0.0465523935854435,-0.149368315935135,-0.0465524010360241,-0.149368345737457,-0.0846492126584053,0.22193107008934,-0.0465523935854435,-0.149368315935135,0.353702127933502,0.409275084733963
10.5908002853394,0.3536356985569,0.409263640642166,-0.0465610362589359,-0.149356424808502,-0.0845545530319214,0.221948564052582,-0.0465610362589359,-0.149356424808502,-0.0465610362589359,-0.149356424808502,0.353633314371109,0.409263849258423,-0.0465610288083553,-0.149356409907341,-0.0845524594187737,0.22194816172123,-0.0845545530319214,0.221948564052582,-0.0465610325336456,-0.149356409907341,0.353635728359222,0.409263670444489,-0.0465610325336456,-0.149356409907341,-0.0465610362589359,-0.149356424808502,-0.0845524594187737,0.22194816172123,-0.0465610325336456,-0.149356409907341,0.353633314371109,0.409263849258423
10.5911998748779,0.353566944599152,0.409252375364304,-0.0465697012841702,-0.149344503879547,-0.0844579041004181,0.221965536475182,-0.0465697050094604,-0.149344518780708,-0.0465697012841702,-0.149344503879547,0.353564500808716,0.409252643585205,-0.0465696975588799,-0.149344488978386,-0.0844556987285614,0.221965178847313,-0.0844579041004181,0.221965536475182,-0.0465696975588799,-0.149344488978386,0.353566974401474,0.409252434968948,-0.0465696975588799,-0.149344488978386,-0.0465697050094604,-0.149344518780708,-0.0844556987285614,0.221965178847313,-0.0465696975588799,-0.149344488978386,0.353564500808716,0.409252643585205
10.5916004180908,0.353498190641403,0.409241229295731,-0.0465783290565014,-0.149332582950592,-0.0843611359596252,0.221982523798943,-0.0465783327817917,-0.149332597851753,-0.0465783290565014,-0.149332582950592,0.353495746850967,0.409241527318954,-0.0465783253312111,-0.149332568049431,-0.0843590348958969,0.221982106566429,-0.0843611359596252,0.221982523798943,-0.0465783253312111,-0.149332568049431,0.353498131036758,0.409241318702698,-0.0465783253312111,-0.149332568049431,-0.0465783327817917,-0.149332597851753,-0.0843590348958969,0.221982091665268,-0.0465783253312111,-0.149332568049431,0.353495746850967,0.409241497516632
10.5920000076294,0.353429347276688,0.409230172634125,-0.0465869568288326,-0.149320676922798,-0.0842643603682518,0.221999436616898,-0.0465869568288326,-0.149320676922798,-0.0465869568288326,-0.149320676922798,0.353426903486252,0.409230440855026,-0.0465869456529617,-0.149320647120476,-0.0842622667551041,0.221999019384384,-0.0842644721269608,0.221999391913414,-0.0465869903564453,-0.149320662021637,0.353429347276688,0.409230202436447,-0.0465869531035423,-0.149320662021637,-0.0465869605541229,-0.149320691823959,-0.0842622667551041,0.221999004483223,-0.0465869531035423,-0.149320662021637,0.353426963090897,0.409230381250381
10.592399597168,0.353360533714294,0.409219115972519,-0.0465955846011639,-0.149308755993843,-0.0841675773262978,0.222016274929047,-0.0465955846011639,-0.149308755993843,-0.0465955808758736,-0.149308741092682,0.353358209133148,0.409219354391098,-0.046595610678196,-0.149308726191521,-0.08416548371315,0.222015857696533,-0.0841675847768784,0.222016289830208,-0.0465956144034863,-0.149308741092682,0.353360593318939,0.409219145774841,-0.0465955771505833,-0.149308726191521,-0.0465955846011639,-0.149308755993843,-0.08416548371315,0.222015857696533,-0.0465955771505833,-0.149308726191521,0.353358209133148,0.409219354391098
10.5928001403809,0.353291660547256,0.409208178520203,-0.0466042049229145,-0.149296835064888,-0.0840708985924721,0.222033023834229,-0.0466042049229145,-0.149296835064888,-0.0466042049229145,-0.149296835064888,0.353289306163788,0.409208387136459,-0.0466042272746563,-0.149296790361404,-0.0840688049793243,0.222032621502876,-0.0840708985924721,0.222033023834229,-0.0466042347252369,-0.149296805262566,0.353291690349579,0.409208208322525,-0.0466042011976242,-0.149296820163727,-0.0466042086482048,-0.149296849966049,-0.0840688049793243,0.222032621502876,-0.0466042011976242,-0.149296820163727,0.353289306163788,0.409208387136459
10.5931997299194,0.353222817182541,0.409197211265564,-0.0466128550469875,-0.149284884333611,-0.0839740037918091,0.222049802541733,-0.0466128587722778,-0.149284899234772,-0.0466128550469875,-0.149284884333611,0.353220462799072,0.409197509288788,-0.0466128513216972,-0.149284869432449,-0.0839719027280807,0.222049385309219,-0.0839740037918091,0.222049802541733,-0.0466128513216972,-0.149284869432449,0.353222846984863,0.409197270870209,-0.0466128513216972,-0.149284869432449,-0.0466128587722778,-0.149284899234772,-0.0839719027280807,0.222049385309219,-0.0466128513216972,-0.149284869432449,0.35322043299675,0.409197479486465
10.5936002731323,0.353154003620148,0.409186393022537,-0.0466214790940285,-0.149272963404655,-0.0838773101568222,0.222066447138786,-0.0466214828193188,-0.149272978305817,-0.0466214790940285,-0.149272963404655,0.35315153002739,0.409186661243439,-0.0466214716434479,-0.149272933602333,-0.0838752090930939,0.222066015005112,-0.0838773101568222,0.222066447138786,-0.0466214716434479,-0.149272933602333,0.353154063224792,0.40918642282486,-0.0466214716434479,-0.149272948503494,-0.0466214828193188,-0.149272978305817,-0.0838752090930939,0.222066015005112,-0.0466214716434479,-0.149272948503494,0.35315153002739,0.409186631441116
10.5939998626709,0.35308513045311,0.40917557477951,-0.0466300919651985,-0.149261027574539,-0.0837803930044174,0.222083106637001,-0.0466300919651985,-0.149261027574539,-0.0466300919651985,-0.149261027574539,0.353082686662674,0.409175872802734,-0.0466300845146179,-0.149260997772217,-0.0837782993912697,0.222082674503326,-0.0837803930044174,0.222083106637001,-0.0466300882399082,-0.149261012673378,0.353085160255432,0.409175634384155,-0.0466300882399082,-0.149261012673378,-0.0466300919651985,-0.149261027574539,-0.0837782993912697,0.222082674503326,-0.0466300882399082,-0.149261012673378,0.353082686662674,0.409175872802734
10.5944004058838,0.353016287088394,0.409164845943451,-0.0466387011110783,-0.149249076843262,-0.0836835876107216,0.222099646925926,-0.0466387085616589,-0.149249091744423,-0.0466387011110783,-0.149249076843262,0.353013843297958,0.409165173768997,-0.046638697385788,-0.149249061942101,-0.0836814865469933,0.222099229693413,-0.0836835876107216,0.222099646925926,-0.046638697385788,-0.149249061942101,0.353016287088394,0.409164875745773,-0.046638697385788,-0.149249061942101,-0.0466387085616589,-0.149249091744423,-0.0836814865469933,0.222099229693413,-0.046638697385788,-0.149249061942101,0.353013843297958,0.40916508436203
10.5947999954224,0.352947354316711,0.409154176712036,-0.046647310256958,-0.149237141013145,-0.0835867673158646,0.222116142511368,-0.046647310256958,-0.149237141013145,-0.0466473065316677,-0.149237126111984,0.352944910526276,0.409154444932938,-0.0466473028063774,-0.149237111210823,-0.0835845693945885,0.222115755081177,-0.0835867673158646,0.222116142511368,-0.0466473065316677,-0.149237126111984,0.352947413921356,0.409154236316681,-0.0466473028063774,-0.149237111210823,-0.046647310256958,-0.149237141013145,-0.0835846737027168,0.222115725278854,-0.0466473065316677,-0.149237126111984,0.352944999933243,0.409154415130615
10.5951995849609,0.352878481149673,0.409143537282944,-0.0466559194028378,-0.149225190281868,-0.0834898427128792,0.222132638096809,-0.0466559194028378,-0.149225190281868,-0.0466559194028378,-0.149225190281868,0.352876037359238,0.40914386510849,-0.0466559082269669,-0.149225160479546,-0.0834877416491508,0.222132205963135,-0.0834898427128792,0.222132638096809,-0.0466559156775475,-0.149225175380707,0.352878510951996,0.409143567085266,-0.0466559156775475,-0.149225175380707,-0.0466559231281281,-0.149225205183029,-0.0834877416491508,0.222132191061974,-0.0466559156775475,-0.149225175380707,0.352876007556915,0.409143805503845
10.5956001281738,0.352809518575668,0.409132987260818,-0.0466645248234272,-0.149213239550591,-0.083393007516861,0.222149014472961,-0.0466645248234272,-0.149213239550591,-0.0466645248234272,-0.149213239550591,0.352807074785233,0.409133285284042,-0.0466645173728466,-0.149213209748268,-0.0833909213542938,0.222148582339287,-0.083393007516861,0.222149014472961,-0.0466645210981369,-0.149213224649429,0.352809548377991,0.409133046865463,-0.0466645210981369,-0.149213224649429,-0.0466645248234272,-0.149213239550591,-0.0833909139037132,0.222148567438126,-0.0466645210981369,-0.149213224649429,0.3528071641922,0.40913325548172
10.5959997177124,0.352740615606308,0.409122496843338,-0.0466731302440166,-0.149201288819313,-0.0832960680127144,0.222165375947952,-0.0466731302440166,-0.149201288819313,-0.0466731265187263,-0.149201273918152,0.352738291025162,0.409122794866562,-0.0466731190681458,-0.149201259016991,-0.0832939669489861,0.222164943814278,-0.0832960680127144,0.222165375947952,-0.0466731265187263,-0.149201273918152,0.352740675210953,0.409122586250305,-0.0466731190681458,-0.149201259016991,-0.0466731302440166,-0.149201288819313,-0.0832939669489861,0.222164943814278,-0.0466731265187263,-0.149201273918152,0.352738291025162,0.409122794866562
10.5964002609253,0.35267174243927,0.409112095832825,-0.0466817244887352,-0.149189323186874,-0.0831991210579872,0.222181662917137,-0.0466817282140255,-0.149189338088036,-0.0466817244887352,-0.149189323186874,0.352669268846512,0.409112364053726,-0.0466817207634449,-0.149189323186874,-0.0831970274448395,0.222181245684624,-0.0831992328166962,0.222181633114815,-0.0466817207634449,-0.149189323186874,0.352671772241592,0.409112155437469,-0.0466817207634449,-0.149189323186874,-0.0466817282140255,-0.149189338088036,-0.0831970274448395,0.222181245684624,-0.0466817207634449,-0.149189323186874,0.352669268846512,0.409112334251404
10.5967998504639,0.352602779865265,0.409101665019989,-0.0466902852058411,-0.149177372455597,-0.08310217410326,0.222197920084,-0.0466902889311314,-0.149177387356758,-0.0466902852058411,-0.149177372455597,0.352600365877151,0.409101992845535,-0.0466903150081635,-0.149177342653275,-0.0831000730395317,0.222197473049164,-0.0831022784113884,0.222197875380516,-0.0466903150081635,-0.149177342653275,0.35260272026062,0.409101754426956,-0.0466902777552605,-0.149177357554436,-0.0466902889311314,-0.149177387356758,-0.0831000730395317,0.222197473049164,-0.0466902777552605,-0.149177357554436,0.352600336074829,0.409101963043213
10.5972003936768,0.352533787488937,0.409091413021088,-0.0466989167034626,-0.149165406823158,-0.0830052122473717,0.222214102745056,-0.0466989204287529,-0.149165421724319,-0.0466989167034626,-0.149165406823158,0.352531433105469,0.409091651439667,-0.0466989129781723,-0.149165391921997,-0.0830031186342239,0.22221365571022,-0.0830053165555,0.222214072942734,-0.0466989129781723,-0.149165391921997,0.352533847093582,0.409091472625732,-0.0466989129781723,-0.149165391921997,-0.0466989204287529,-0.149165421724319,-0.0830031186342239,0.22221365571022,-0.0466989129781723,-0.149165391921997,0.352531433105469,0.409091651439667
10.5975999832153,0.352464914321899,0.409081190824509,-0.0467074774205685,-0.14915344119072,-0.0829083546996117,0.222230181097984,-0.0467074811458588,-0.149153456091881,-0.0467074774205685,-0.14915344119072,0.352462470531464,0.40908145904541,-0.0467075034976006,-0.149153411388397,-0.082906149327755,0.222229793667793,-0.0829083546996117,0.222230181097984,-0.0467075034976006,-0.149153411388397,0.352464914321899,0.409081190824509,-0.0467074699699879,-0.149153426289558,-0.0467074811458588,-0.149153456091881,-0.082906149327755,0.222229793667793,-0.0467074699699879,-0.149153426289558,0.352462470531464,0.409081399440765
10.5979995727539,0.352395951747894,0.40907096862793,-0.0467160642147064,-0.149141475558281,-0.0828113779425621,0.222246244549751,-0.0467160642147064,-0.149141475558281,-0.0467160642147064,-0.149141475558281,0.352393507957458,0.409071236848831,-0.0467160567641258,-0.149141445755959,-0.0828092843294144,0.222245797514915,-0.0828113853931427,0.222246259450912,-0.0467160604894161,-0.14914146065712,0.352395862340927,0.40907096862793,-0.0467160604894161,-0.14914146065712,-0.0467160679399967,-0.149141490459442,-0.0828092843294144,0.222245782613754,-0.0467160604894161,-0.14914146065712,0.352393507957458,0.409071236848831
10.5984001159668,0.352326959371567,0.409060835838318,-0.046724621206522,-0.149129509925842,-0.0827142968773842,0.222262293100357,-0.046724621206522,-0.149129509925842,-0.0467246174812317,-0.149129495024681,0.352324515581131,0.409061104059219,-0.0467246100306511,-0.14912948012352,-0.0827122032642365,0.22226183116436,-0.0827142968773842,0.222262293100357,-0.0467246100306511,-0.14912948012352,0.352326840162277,0.409060835838318,-0.0467246100306511,-0.14912948012352,-0.046724621206522,-0.149129509925842,-0.0827122032642365,0.22226183116436,-0.0467246100306511,-0.14912948012352,0.352324515581131,0.409061104059219
10.5987997055054,0.352257937192917,0.409050762653351,-0.0467332042753696,-0.149117529392242,-0.0826173201203346,0.222278222441673,-0.0467332042753696,-0.149117529392242,-0.046733196824789,-0.149117514491081,0.352255523204803,0.409051090478897,-0.0467331930994987,-0.14911749958992,-0.0826152190566063,0.222277775406837,-0.082617424428463,0.222278192639351,-0.046733196824789,-0.149117514491081,0.352257966995239,0.409050792455673,-0.0467331930994987,-0.14911749958992,-0.0467332042753696,-0.149117529392242,-0.0826152190566063,0.222277775406837,-0.046733196824789,-0.149117514491081,0.352255493402481,0.40905100107193
10.5992002487183,0.352188915014267,0.409040778875351,-0.046741783618927,-0.149105548858643,-0.0825203284621239,0.222294121980667,-0.046741783618927,-0.149105548858643,-0.0467417798936367,-0.149105533957481,0.352186471223831,0.409041047096252,-0.0467417761683464,-0.14910551905632,-0.0825181305408478,0.222293704748154,-0.0825203284621239,0.222294121980667,-0.0467417798936367,-0.149105533957481,0.352188915014267,0.409040808677673,-0.0467417761683464,-0.14910551905632,-0.046741783618927,-0.149105548858643,-0.0825181305408478,0.222293704748154,-0.0467417798936367,-0.149105533957481,0.352186471223831,0.409041047096252
10.5995998382568,0.352119892835617,0.409030824899673,-0.0467503666877747,-0.149093568325043,-0.0824233442544937,0.222309947013855,-0.0467503666877747,-0.149093568325043,-0.0467503629624844,-0.149093553423882,0.352117449045181,0.409031063318253,-0.0467503592371941,-0.14909353852272,-0.082421138882637,0.222309544682503,-0.0824233442544937,0.222309947013855,-0.0467503629624844,-0.149093553423882,0.352119952440262,0.409030854701996,-0.0467503592371941,-0.14909353852272,-0.0467503666877747,-0.149093568325043,-0.082421138882637,0.222309544682503,-0.0467503629624844,-0.149093553423882,0.352117568254471,0.409031063318253
10.6000003814697,0.352050930261612,0.409020930528641,-0.0467589423060417,-0.149081587791443,-0.0823262333869934,0.22232574224472,-0.046758946031332,-0.149081602692604,-0.0467589423060417,-0.149081587791443,0.352048456668854,0.409021228551865,-0.0467589385807514,-0.149081572890282,-0.0823241397738457,0.222325295209885,-0.082326240837574,0.222325757145882,-0.0467589385807514,-0.149081572890282,0.352050930261612,0.409020930528641,-0.0467589385807514,-0.149081572890282,-0.046758946031332,-0.149081602692604,-0.0823241397738457,0.222325295209885,-0.0467589385807514,-0.149081572890282,0.352048456668854,0.409021228551865
